daytime	weekday	isweekend	homework	cost	weather	country	city	context_id
5041	5046	5053	5055	5058	5060	5069	5149	0
5041	5047	5053	5056	5058	5065	5095	5149	1
5040	5050	5054	5055	5058	5060	5069	5207	2
5045	5051	5054	5055	5058	5061	5073	5149	3
5040	5049	5054	5055	5058	5060	5086	5211	4
5041	5049	5054	5056	5058	5061	5075	5149	5
5043	5049	5054	5055	5058	5061	5069	5172	6
5040	5048	5054	5055	5058	5060	5069	5252	7
5040	5051	5054	5055	5058	5062	5069	5149	8
5039	5047	5053	5055	5058	5061	5076	5149	9
5040	5046	5053	5055	5058	5061	5069	5149	10
5041	5047	5053	5055	5058	5061	5070	5243	11
5039	5052	5054	5055	5058	5061	5105	5149	12
5043	5050	5054	5055	5058	5061	5099	5215	13
5039	5051	5054	5055	5058	5062	5074	5149	14
5041	5050	5054	5056	5058	5062	5069	5149	15
5039	5046	5053	5056	5059	5063	5073	5156	16
5040	5046	5053	5055	5058	5060	5069	5149	17
5040	5051	5054	5055	5058	5061	5073	5156	18
5040	5052	5054	5055	5058	5064	5110	5149	19
5043	5050	5054	5055	5058	5061	5069	5162	20
5040	5051	5054	5055	5059	5062	5074	5149	21
5039	5047	5053	5055	5058	5066	5095	5149	22
5043	5051	5054	5056	5058	5060	5102	5149	23
5045	5047	5053	5056	5058	5064	5069	5235	24
5039	5047	5053	5057	5058	5064	5069	5162	25
5041	5048	5054	5055	5058	5061	5075	5159	26
5039	5046	5053	5055	5059	5061	5087	5222	27
5043	5047	5053	5056	5058	5062	5090	5149	28
5040	5050	5054	5055	5058	5063	5069	5149	29
5039	5050	5054	5055	5058	5065	5090	5149	30
5044	5047	5053	5055	5059	5064	5073	5156	31
5044	5047	5053	5055	5058	5063	5070	5243	32
5041	5047	5053	5055	5058	5061	5087	5149	33
5041	5048	5054	5055	5059	5060	5070	5173	34
5043	5052	5054	5057	5058	5060	5069	5179	35
5041	5046	5053	5056	5058	5061	5075	5149	36
5043	5050	5054	5055	5058	5061	5069	5149	37
5041	5046	5053	5055	5058	5060	5100	5192	38
5039	5047	5053	5056	5058	5062	5090	5149	39
5041	5048	5054	5055	5058	5061	5069	5185	40
5040	5046	5053	5055	5058	5063	5077	5155	41
5042	5050	5054	5056	5058	5060	5087	5149	42
5040	5049	5054	5055	5058	5065	5069	5149	43
5039	5047	5053	5056	5058	5061	5098	5186	44
5045	5049	5054	5055	5058	5061	5079	5149	45
5039	5048	5054	5056	5058	5061	5070	5150	46
5041	5048	5054	5055	5058	5060	5090	5149	47
5039	5046	5053	5055	5059	5061	5069	5149	48
5040	5050	5054	5055	5058	5062	5074	5149	49
5042	5048	5054	5055	5058	5061	5085	5202	50
5043	5049	5054	5055	5058	5063	5077	5155	51
5039	5049	5054	5056	5058	5061	5069	5149	52
5043	5046	5053	5055	5058	5061	5069	5206	53
5039	5049	5054	5055	5058	5061	5087	5237	54
5039	5052	5054	5055	5058	5061	5075	5159	55
5044	5049	5054	5055	5058	5060	5069	5149	56
5043	5048	5054	5055	5059	5061	5085	5230	57
5040	5049	5054	5055	5058	5060	5078	5165	58
5044	5047	5053	5055	5058	5061	5075	5149	59
5039	5049	5054	5056	5058	5061	5088	5190	60
5039	5048	5054	5055	5058	5061	5120	5280	61
5041	5051	5054	5055	5058	5060	5102	5149	62
5040	5049	5054	5055	5059	5062	5074	5149	63
5043	5048	5054	5055	5059	5061	5077	5155	64
5041	5051	5054	5055	5058	5061	5093	5177	65
5041	5052	5053	5055	5058	5061	5070	5149	66
5041	5052	5053	5055	5058	5060	5087	5200	67
5040	5046	5053	5055	5058	5060	5085	5220	68
5040	5050	5054	5055	5058	5062	5099	5215	69
5039	5052	5054	5055	5058	5065	5069	5207	70
5043	5049	5054	5056	5058	5061	5075	5159	71
5040	5051	5054	5055	5058	5063	5077	5155	72
5039	5049	5054	5055	5058	5060	5080	5174	73
5044	5048	5054	5056	5058	5060	5090	5149	74
5040	5046	5053	5055	5058	5062	5074	5149	75
5041	5048	5054	5055	5058	5064	5075	5159	76
5040	5052	5054	5055	5058	5064	5069	5149	77
5039	5048	5054	5055	5058	5061	5069	5149	78
5045	5049	5054	5055	5058	5061	5069	5149	79
5040	5052	5054	5055	5058	5062	5072	5294	80
5039	5047	5053	5055	5058	5062	5074	5149	81
5042	5049	5054	5055	5058	5060	5073	5183	82
5042	5052	5053	5055	5058	5062	5074	5149	83
5039	5052	5054	5055	5058	5060	5069	5149	84
5040	5049	5054	5055	5058	5061	5069	5149	85
5039	5051	5054	5055	5058	5061	5070	5150	86
5040	5048	5054	5055	5058	5061	5070	5166	87
5045	5049	5054	5055	5058	5063	5069	5149	88
5039	5050	5054	5056	5058	5061	5070	5150	89
5039	5048	5054	5057	5058	5061	5069	5162	90
5042	5049	5054	5055	5058	5062	5074	5149	91
5042	5051	5054	5056	5058	5065	5073	5157	92
5041	5047	5053	5056	5058	5060	5087	5222	93
5040	5047	5053	5055	5058	5062	5074	5149	94
5041	5052	5053	5055	5058	5061	5069	5149	95
5039	5051	5054	5055	5058	5063	5069	5149	96
5042	5052	5053	5055	5058	5060	5075	5203	97
5044	5049	5054	5055	5058	5061	5072	5244	98
5044	5047	5053	5055	5058	5065	5095	5149	99
5043	5047	5053	5055	5058	5061	5094	5272	100
5043	5052	5054	5055	5058	5062	5085	5169	101
5044	5046	5053	5055	5058	5060	5069	5149	102
5044	5048	5054	5055	5058	5063	5077	5155	103
5039	5049	5054	5055	5058	5061	5069	5252	104
5041	5047	5053	5055	5058	5065	5072	5309	105
5041	5049	5054	5055	5058	5060	5080	5174	106
5039	5047	5053	5056	5058	5061	5070	5164	107
5040	5051	5054	5055	5058	5060	5069	5149	108
5039	5048	5054	5056	5059	5061	5070	5150	109
5040	5047	5053	5055	5058	5060	5087	5259	110
5039	5051	5054	5057	5058	5061	5070	5150	111
5043	5052	5054	5055	5058	5061	5069	5149	112
5044	5049	5054	5056	5058	5060	5080	5174	113
5040	5047	5053	5055	5058	5060	5069	5149	114
5039	5052	5054	5056	5058	5065	5075	5149	115
5040	5052	5054	5055	5058	5060	5085	5202	116
5040	5048	5054	5055	5058	5060	5069	5149	117
5039	5051	5054	5055	5058	5061	5070	5149	118
5043	5047	5053	5056	5058	5064	5088	5190	119
5043	5052	5054	5055	5058	5061	5084	5160	120
5043	5050	5054	5055	5058	5061	5070	5149	121
5041	5050	5054	5056	5058	5061	5070	5150	122
5040	5049	5054	5055	5058	5060	5069	5149	123
5040	5047	5053	5056	5059	5061	5073	5156	124
5039	5048	5054	5055	5058	5062	5074	5149	125
5040	5050	5054	5055	5058	5061	5069	5149	126
5044	5047	5053	5055	5058	5062	5070	5173	127
5039	5052	5054	5055	5058	5061	5085	5230	128
5042	5052	5053	5055	5058	5064	5069	5179	129
5041	5052	5053	5055	5058	5064	5069	5179	130
5043	5047	5053	5056	5059	5063	5086	5216	131
5039	5050	5054	5055	5058	5061	5069	5179	132
5039	5050	5054	5055	5058	5061	5095	5149	133
5041	5048	5054	5055	5058	5062	5070	5166	134
5043	5048	5054	5055	5058	5063	5077	5155	135
5040	5051	5054	5055	5058	5060	5077	5256	136
5041	5049	5054	5055	5058	5061	5077	5155	137
5042	5048	5054	5055	5058	5062	5075	5167	138
5041	5047	5053	5055	5058	5061	5070	5150	139
5045	5048	5054	5055	5058	5060	5069	5149	140
5041	5047	5053	5056	5058	5061	5099	5188	141
5042	5052	5053	5055	5059	5060	5069	5182	142
5045	5051	5054	5056	5058	5063	5073	5183	143
5039	5047	5053	5055	5058	5062	5075	5159	144
5040	5052	5054	5057	5058	5062	5087	5191	145
5044	5048	5054	5055	5058	5063	5084	5160	146
5041	5050	5054	5055	5058	5061	5088	5168	147
5040	5048	5054	5055	5058	5060	5078	5165	148
5039	5047	5053	5055	5058	5061	5069	5149	149
5045	5050	5054	5055	5058	5061	5077	5155	150
5042	5049	5054	5055	5058	5060	5086	5149	151
5044	5046	5053	5055	5058	5060	5124	5275	152
5040	5051	5054	5055	5058	5064	5069	5149	153
5043	5046	5053	5056	5058	5061	5070	5150	154
5040	5050	5054	5055	5058	5063	5093	5177	155
5041	5046	5053	5055	5058	5060	5077	5149	156
5044	5050	5054	5055	5058	5061	5092	5149	157
5043	5048	5054	5056	5058	5062	5069	5149	158
5041	5051	5054	5056	5058	5061	5069	5149	159
5041	5051	5054	5055	5058	5061	5070	5149	160
5041	5049	5054	5055	5058	5061	5069	5158	161
5044	5046	5053	5057	5058	5061	5069	5162	162
5041	5052	5053	5055	5058	5060	5085	5228	163
5039	5046	5053	5055	5058	5060	5069	5206	164
5039	5046	5053	5055	5058	5061	5080	5174	165
5043	5047	5053	5055	5058	5060	5069	5149	166
5045	5049	5054	5055	5058	5062	5074	5149	167
5039	5049	5054	5056	5058	5060	5069	5151	168
5043	5046	5053	5055	5058	5061	5075	5159	169
5044	5047	5053	5055	5058	5060	5073	5149	170
5044	5048	5054	5055	5058	5060	5084	5160	171
5039	5048	5054	5055	5058	5061	5075	5149	172
5040	5048	5054	5055	5058	5060	5075	5149	173
5040	5052	5054	5055	5058	5060	5073	5157	174
5039	5049	5054	5056	5058	5063	5070	5149	175
5040	5051	5054	5055	5058	5062	5074	5149	176
5041	5049	5054	5055	5058	5060	5069	5180	177
5043	5046	5053	5055	5058	5060	5070	5149	178
5041	5050	5054	5055	5058	5062	5074	5149	179
5040	5052	5054	5055	5059	5061	5070	5149	180
5039	5046	5053	5055	5059	5061	5069	5252	181
5043	5052	5054	5055	5058	5061	5106	5212	182
5040	5046	5053	5055	5058	5061	5087	5259	183
5040	5046	5053	5055	5058	5060	5077	5256	184
5044	5052	5054	5055	5058	5060	5116	5234	185
5043	5048	5054	5057	5058	5061	5069	5149	186
5042	5046	5053	5055	5058	5062	5074	5149	187
5039	5052	5054	5055	5058	5061	5077	5155	188
5042	5051	5054	5055	5058	5061	5075	5149	189
5043	5051	5054	5055	5058	5060	5077	5256	190
5039	5052	5054	5055	5058	5062	5074	5149	191
5043	5047	5053	5055	5058	5065	5075	5159	192
5039	5050	5054	5055	5058	5060	5143	5360	193
5044	5050	5054	5056	5058	5060	5069	5149	194
5044	5050	5054	5055	5058	5061	5070	5150	195
5040	5046	5053	5056	5058	5061	5073	5175	196
5041	5050	5054	5055	5058	5061	5108	5214	197
5040	5046	5053	5055	5058	5062	5077	5155	198
5042	5050	5054	5055	5058	5060	5090	5149	199
5040	5047	5053	5055	5058	5061	5107	5213	200
5040	5046	5053	5055	5058	5061	5070	5150	201
5041	5050	5054	5055	5058	5061	5121	5255	202
5040	5047	5053	5055	5058	5061	5118	5149	203
5042	5049	5054	5056	5058	5061	5069	5172	204
5045	5049	5054	5055	5058	5060	5085	5220	205
5040	5048	5054	5055	5058	5061	5078	5149	206
5045	5051	5054	5056	5058	5061	5070	5149	207
5042	5049	5054	5055	5058	5061	5075	5159	208
5040	5052	5054	5055	5058	5062	5074	5149	209
5041	5052	5053	5055	5058	5061	5088	5190	210
5041	5048	5054	5055	5059	5060	5085	5169	211
5043	5046	5053	5055	5058	5060	5069	5149	212
5041	5049	5054	5055	5058	5062	5080	5149	213
5041	5046	5053	5055	5058	5062	5070	5149	214
5045	5047	5053	5055	5058	5061	5069	5149	215
5044	5048	5054	5055	5059	5061	5069	5235	216
5040	5049	5054	5055	5058	5061	5069	5151	217
5041	5046	5053	5055	5058	5061	5085	5149	218
5041	5046	5053	5056	5058	5061	5069	5240	219
5043	5050	5054	5056	5058	5063	5075	5149	220
5045	5049	5054	5056	5058	5064	5073	5149	221
5044	5047	5053	5055	5058	5062	5074	5149	222
5041	5048	5054	5055	5058	5060	5075	5159	223
5042	5049	5054	5055	5058	5063	5069	5149	224
5041	5050	5054	5055	5059	5061	5075	5159	225
5040	5049	5054	5056	5058	5064	5069	5151	226
5043	5050	5054	5055	5058	5061	5086	5216	227
5042	5050	5054	5055	5059	5064	5095	5198	228
5040	5049	5054	5056	5058	5061	5069	5149	229
5043	5051	5054	5056	5058	5061	5069	5149	230
5039	5052	5054	5055	5058	5060	5085	5201	231
5043	5052	5054	5056	5058	5064	5069	5149	232
5042	5047	5053	5055	5058	5061	5070	5150	233
5044	5050	5054	5055	5058	5060	5075	5149	234
5041	5046	5053	5056	5058	5061	5070	5150	235
5043	5049	5054	5055	5058	5060	5077	5155	236
5041	5049	5054	5055	5058	5061	5075	5199	237
5045	5052	5054	5057	5058	5061	5070	5149	238
5040	5049	5054	5056	5058	5060	5069	5149	239
5044	5048	5054	5055	5058	5061	5073	5157	240
5043	5051	5054	5055	5058	5063	5077	5155	241
5039	5052	5054	5055	5058	5064	5075	5149	242
5041	5048	5054	5055	5058	5061	5070	5149	243
5044	5048	5054	5055	5058	5060	5087	5259	244
5040	5051	5054	5055	5058	5060	5069	5207	245
5045	5050	5054	5056	5058	5063	5069	5149	246
5041	5046	5053	5055	5058	5061	5086	5211	247
5041	5049	5054	5056	5058	5061	5069	5149	248
5040	5052	5054	5055	5058	5060	5087	5149	249
5045	5049	5054	5056	5058	5063	5070	5149	250
5041	5048	5054	5055	5058	5060	5069	5149	251
5041	5052	5053	5055	5058	5064	5092	5224	252
5043	5046	5053	5055	5058	5064	5069	5149	253
5041	5047	5053	5055	5058	5061	5083	5149	254
5044	5052	5054	5055	5058	5061	5070	5150	255
5039	5051	5054	5055	5058	5060	5069	5149	256
5041	5046	5053	5055	5058	5062	5074	5149	257
5040	5051	5054	5057	5058	5060	5070	5150	258
5040	5049	5054	5057	5058	5061	5069	5149	259
5042	5046	5053	5055	5058	5064	5099	5196	260
5039	5049	5054	5055	5059	5060	5077	5155	261
5039	5046	5053	5055	5058	5061	5116	5234	262
5039	5050	5054	5055	5059	5061	5069	5149	263
5041	5050	5054	5055	5058	5062	5069	5149	264
5045	5051	5054	5056	5058	5060	5102	5149	265
5043	5048	5054	5055	5059	5060	5070	5173	266
5044	5050	5054	5055	5058	5065	5106	5212	267
5044	5052	5054	5055	5058	5062	5074	5149	268
5040	5047	5053	5055	5058	5061	5069	5149	269
5039	5050	5054	5055	5058	5060	5069	5149	270
5039	5052	5054	5055	5058	5061	5087	5237	271
5040	5050	5054	5055	5059	5062	5074	5149	272
5040	5046	5053	5055	5058	5061	5077	5155	273
5041	5048	5054	5056	5058	5060	5087	5149	274
5041	5050	5054	5055	5059	5060	5070	5150	275
5041	5047	5053	5055	5059	5061	5087	5222	276
5042	5052	5053	5057	5058	5060	5070	5150	277
5041	5048	5054	5055	5058	5065	5069	5149	278
5040	5050	5054	5056	5058	5061	5070	5149	279
5041	5050	5054	5055	5058	5060	5084	5232	280
5042	5048	5054	5055	5058	5060	5080	5174	281
5040	5047	5053	5055	5058	5062	5070	5154	282
5039	5051	5054	5055	5058	5061	5084	5160	283
5040	5047	5053	5055	5058	5060	5075	5159	284
5041	5047	5053	5057	5058	5061	5071	5152	285
5041	5046	5053	5055	5058	5061	5077	5155	286
5040	5048	5054	5055	5058	5062	5074	5149	287
5040	5051	5054	5055	5058	5061	5078	5149	288
5039	5047	5053	5056	5058	5060	5102	5149	289
5041	5047	5053	5055	5058	5061	5069	5185	290
5041	5049	5054	5055	5058	5061	5073	5161	291
5043	5052	5054	5056	5058	5061	5070	5150	292
5043	5047	5053	5055	5058	5061	5108	5214	293
5042	5050	5054	5055	5058	5062	5074	5149	294
5039	5047	5053	5055	5058	5061	5075	5149	295
5041	5051	5054	5055	5058	5061	5069	5149	296
5041	5046	5053	5055	5059	5060	5069	5149	297
5039	5051	5054	5055	5058	5061	5077	5155	298
5043	5048	5054	5056	5058	5061	5075	5149	299
5039	5050	5054	5055	5058	5062	5074	5149	300
5040	5051	5054	5056	5058	5061	5070	5149	301
5045	5048	5054	5055	5058	5060	5078	5165	302
5044	5050	5054	5055	5058	5061	5069	5149	303
5041	5050	5054	5057	5058	5065	5071	5152	304
5041	5050	5054	5055	5058	5061	5069	5149	305
5043	5051	5054	5055	5058	5060	5075	5199	306
5042	5046	5053	5055	5058	5060	5076	5149	307
5041	5049	5054	5055	5058	5060	5084	5160	308
5042	5052	5053	5057	5058	5064	5121	5255	309
5040	5051	5054	5055	5058	5061	5070	5150	310
5043	5048	5054	5055	5058	5061	5077	5155	311
5039	5048	5054	5055	5058	5061	5077	5155	312
5039	5052	5054	5055	5058	5060	5070	5150	313
5043	5047	5053	5055	5059	5060	5097	5221	314
5041	5052	5053	5055	5058	5061	5075	5199	315
5040	5050	5054	5055	5058	5064	5070	5150	316
5042	5051	5054	5057	5058	5067	5071	5152	317
5043	5052	5054	5055	5058	5060	5084	5160	318
5045	5046	5053	5055	5058	5064	5069	5151	319
5042	5048	5054	5055	5058	5060	5098	5186	320
5043	5049	5054	5055	5058	5061	5077	5155	321
5041	5048	5054	5055	5058	5061	5070	5150	322
5039	5049	5054	5055	5058	5061	5095	5149	323
5043	5046	5053	5055	5058	5061	5069	5149	324
5039	5048	5054	5055	5058	5061	5073	5156	325
5044	5052	5054	5055	5058	5062	5085	5169	326
5041	5051	5054	5055	5058	5061	5075	5149	327
5041	5050	5054	5055	5058	5061	5085	5149	328
5041	5048	5054	5055	5058	5061	5075	5149	329
5044	5048	5054	5055	5058	5061	5084	5160	330
5041	5050	5054	5055	5058	5060	5073	5149	331
5043	5046	5053	5055	5058	5060	5080	5174	332
5043	5046	5053	5055	5058	5065	5070	5243	333
5044	5046	5053	5055	5058	5061	5069	5206	334
5039	5052	5054	5055	5058	5060	5075	5149	335
5042	5046	5053	5055	5058	5061	5110	5149	336
5044	5047	5053	5056	5058	5060	5070	5154	337
5041	5052	5053	5055	5058	5061	5075	5242	338
5040	5046	5053	5056	5058	5061	5073	5183	339
5042	5052	5053	5055	5058	5060	5069	5149	340
5041	5050	5054	5055	5058	5061	5070	5150	341
5043	5046	5053	5055	5058	5061	5069	5231	342
5039	5050	5054	5057	5058	5060	5071	5152	343
5040	5050	5054	5055	5058	5060	5070	5149	344
5044	5046	5053	5055	5059	5060	5069	5180	345
5045	5052	5054	5056	5058	5061	5069	5180	346
5040	5047	5053	5055	5059	5061	5132	5149	347
5041	5051	5054	5055	5058	5062	5074	5149	348
5040	5052	5054	5055	5058	5060	5069	5179	349
5045	5052	5054	5055	5058	5061	5086	5149	350
5039	5048	5054	5055	5058	5061	5073	5157	351
5041	5050	5054	5056	5058	5065	5088	5190	352
5040	5046	5053	5055	5058	5061	5069	5158	353
5041	5048	5054	5055	5058	5060	5099	5196	354
5041	5048	5054	5055	5058	5061	5085	5201	355
5040	5052	5054	5057	5058	5060	5069	5149	356
5039	5049	5054	5055	5058	5061	5070	5149	357
5039	5049	5054	5056	5058	5060	5069	5179	358
5041	5049	5054	5056	5058	5064	5069	5163	359
5041	5048	5054	5055	5058	5060	5099	5189	360
5040	5050	5054	5056	5059	5061	5070	5164	361
5044	5051	5054	5055	5058	5061	5069	5149	362
5041	5051	5054	5055	5058	5061	5077	5155	363
5044	5047	5053	5056	5058	5061	5070	5150	364
5043	5049	5054	5055	5058	5061	5075	5159	365
5043	5052	5054	5056	5058	5063	5069	5250	366
5043	5048	5054	5055	5058	5061	5073	5175	367
5042	5052	5053	5055	5058	5061	5069	5209	368
5041	5046	5053	5055	5059	5060	5085	5149	369
5040	5048	5054	5055	5058	5063	5077	5155	370
5045	5051	5054	5055	5058	5061	5069	5162	371
5040	5046	5053	5056	5058	5060	5075	5167	372
5040	5051	5054	5055	5058	5060	5070	5154	373
5041	5051	5054	5055	5059	5061	5070	5149	374
5040	5048	5054	5055	5058	5061	5088	5168	375
5045	5046	5053	5055	5058	5060	5076	5149	376
5040	5047	5053	5056	5058	5060	5070	5149	377
5044	5051	5054	5055	5058	5061	5077	5195	378
5040	5052	5054	5055	5058	5060	5107	5213	379
5044	5049	5054	5055	5058	5064	5099	5189	380
5039	5051	5054	5055	5058	5063	5077	5155	381
5042	5046	5053	5056	5058	5061	5115	5233	382
5039	5052	5054	5055	5058	5062	5107	5213	383
5039	5052	5054	5057	5058	5062	5069	5235	384
5042	5049	5054	5055	5058	5060	5069	5149	385
5039	5052	5054	5055	5058	5063	5077	5155	386
5041	5046	5053	5055	5058	5060	5085	5149	387
5041	5050	5054	5055	5058	5060	5080	5149	388
5045	5049	5054	5055	5058	5064	5116	5234	389
5043	5046	5053	5055	5058	5063	5069	5149	390
5040	5052	5054	5055	5058	5060	5111	5219	391
5042	5048	5054	5055	5059	5061	5073	5156	392
5045	5050	5054	5056	5058	5060	5070	5149	393
5044	5046	5053	5055	5059	5061	5118	5149	394
5045	5049	5054	5056	5058	5063	5069	5163	395
5041	5046	5053	5056	5058	5061	5069	5180	396
5041	5050	5054	5055	5058	5063	5069	5240	397
5044	5048	5054	5055	5058	5060	5121	5255	398
5040	5052	5054	5055	5058	5061	5070	5149	399
5044	5047	5053	5056	5058	5061	5080	5174	400
5042	5052	5053	5055	5058	5064	5095	5149	401
5039	5051	5054	5055	5058	5061	5069	5149	402
5040	5048	5054	5055	5058	5060	5070	5149	403
5043	5051	5054	5055	5058	5061	5069	5209	404
5040	5052	5054	5055	5058	5063	5077	5155	405
5039	5047	5053	5056	5058	5061	5075	5167	406
5040	5049	5054	5055	5058	5063	5078	5165	407
5042	5051	5054	5056	5058	5064	5099	5188	408
5044	5049	5054	5055	5058	5063	5077	5155	409
5039	5049	5054	5055	5059	5063	5077	5155	410
5044	5051	5054	5055	5058	5060	5085	5202	411
5041	5047	5053	5055	5058	5062	5076	5149	412
5043	5047	5053	5055	5058	5060	5069	5180	413
5044	5051	5054	5055	5058	5062	5074	5149	414
5040	5048	5054	5055	5058	5061	5079	5149	415
5044	5050	5054	5055	5058	5062	5075	5159	416
5039	5049	5054	5055	5058	5061	5087	5191	417
5040	5052	5054	5055	5058	5064	5092	5224	418
5042	5052	5053	5055	5058	5061	5069	5149	419
5041	5051	5054	5055	5058	5063	5077	5155	420
5041	5049	5054	5055	5058	5061	5069	5248	421
5044	5052	5054	5055	5058	5061	5079	5149	422
5041	5049	5054	5055	5058	5061	5104	5204	423
5041	5052	5053	5055	5058	5062	5074	5149	424
5044	5046	5053	5055	5058	5061	5069	5149	425
5043	5048	5054	5055	5058	5065	5074	5149	426
5041	5046	5053	5056	5058	5060	5073	5149	427
5044	5052	5054	5055	5058	5063	5069	5149	428
5040	5049	5054	5056	5058	5061	5070	5150	429
5041	5046	5053	5055	5058	5061	5070	5154	430
5041	5047	5053	5055	5058	5060	5069	5262	431
5044	5052	5054	5055	5058	5060	5079	5149	432
5041	5046	5053	5055	5058	5060	5085	5220	433
5041	5050	5054	5055	5058	5060	5070	5149	434
5040	5052	5054	5057	5058	5064	5121	5255	435
5041	5050	5054	5055	5058	5061	5069	5162	436
5041	5048	5054	5055	5058	5060	5070	5166	437
5039	5049	5054	5055	5058	5064	5073	5183	438
5040	5047	5053	5055	5058	5061	5070	5150	439
5043	5051	5054	5055	5058	5060	5087	5191	440
5045	5048	5054	5057	5058	5061	5080	5149	441
5043	5046	5053	5056	5058	5061	5069	5149	442
5042	5047	5053	5055	5058	5061	5077	5155	443
5040	5048	5054	5055	5058	5061	5131	5149	444
5039	5051	5054	5055	5059	5060	5075	5159	445
5045	5052	5054	5055	5058	5063	5069	5149	446
5040	5047	5053	5056	5058	5061	5075	5203	447
5044	5048	5054	5056	5058	5060	5070	5150	448
5041	5046	5053	5055	5058	5060	5087	5149	449
5043	5052	5054	5055	5058	5062	5077	5195	450
5042	5046	5053	5055	5058	5062	5085	5169	451
5044	5048	5054	5055	5059	5061	5070	5150	452
5043	5049	5054	5055	5058	5064	5093	5177	453
5041	5048	5054	5056	5058	5061	5075	5159	454
5041	5049	5054	5055	5058	5061	5070	5150	455
5039	5051	5054	5055	5058	5060	5087	5149	456
5039	5047	5053	5056	5058	5060	5069	5149	457
5041	5051	5054	5055	5058	5061	5075	5242	458
5041	5049	5054	5055	5059	5063	5077	5155	459
5039	5049	5054	5055	5058	5062	5069	5149	460
5041	5051	5054	5055	5058	5061	5075	5159	461
5041	5047	5053	5055	5058	5062	5069	5149	462
5044	5051	5054	5055	5058	5061	5104	5204	463
5043	5049	5054	5056	5058	5060	5075	5149	464
5044	5048	5054	5055	5058	5064	5069	5149	465
5044	5048	5054	5055	5058	5061	5069	5149	466
5039	5049	5054	5055	5058	5060	5087	5237	467
5040	5049	5054	5055	5058	5063	5077	5155	468
5041	5048	5054	5055	5058	5060	5100	5149	469
5045	5049	5054	5055	5058	5061	5078	5165	470
5045	5049	5054	5055	5058	5063	5085	5169	471
5039	5046	5053	5055	5058	5060	5080	5149	472
5041	5048	5054	5057	5058	5063	5073	5183	473
5045	5049	5054	5055	5058	5063	5069	5179	474
5044	5047	5053	5056	5058	5062	5090	5149	475
5045	5052	5054	5055	5058	5062	5069	5180	476
5043	5051	5054	5056	5058	5061	5098	5186	477
5039	5047	5053	5055	5058	5065	5075	5159	478
5039	5047	5053	5055	5058	5061	5094	5272	479
5040	5052	5054	5055	5058	5060	5069	5149	480
5040	5052	5054	5056	5058	5061	5080	5149	481
5045	5048	5054	5055	5058	5063	5077	5155	482
5043	5046	5053	5056	5058	5060	5069	5149	483
5043	5051	5054	5055	5058	5060	5069	5149	484
5041	5048	5054	5055	5058	5062	5075	5149	485
5040	5047	5053	5055	5058	5061	5070	5149	486
5045	5050	5054	5055	5058	5062	5073	5149	487
5040	5048	5054	5055	5058	5060	5070	5166	488
5041	5048	5054	5055	5058	5064	5078	5149	489
5043	5049	5054	5055	5058	5061	5069	5149	490
5039	5047	5053	5055	5058	5064	5069	5158	491
5041	5050	5054	5055	5058	5061	5073	5149	492
5041	5050	5054	5055	5058	5060	5100	5192	493
5041	5047	5053	5055	5058	5060	5070	5150	494
5043	5048	5054	5055	5058	5063	5069	5149	495
5040	5050	5054	5055	5058	5061	5069	5278	496
5041	5046	5053	5056	5058	5062	5081	5149	497
5045	5049	5054	5055	5058	5061	5069	5180	498
5043	5052	5054	5057	5058	5062	5070	5150	499
5044	5047	5053	5055	5058	5061	5069	5151	500
5045	5052	5054	5056	5058	5064	5079	5176	501
5040	5050	5054	5055	5058	5060	5073	5161	502
5043	5049	5054	5055	5058	5066	5086	5149	503
5041	5052	5053	5055	5058	5061	5073	5249	504
5040	5052	5054	5057	5058	5064	5069	5162	505
5040	5046	5053	5055	5058	5064	5075	5203	506
5045	5048	5054	5055	5059	5061	5097	5184	507
5044	5049	5054	5055	5058	5061	5084	5160	508
5041	5046	5053	5056	5058	5060	5087	5149	509
5041	5051	5054	5055	5058	5060	5073	5157	510
5043	5047	5053	5055	5058	5062	5095	5149	511
5041	5046	5053	5055	5058	5062	5079	5149	512
5041	5047	5053	5055	5059	5060	5069	5172	513
5042	5050	5054	5055	5058	5066	5073	5149	514
5042	5050	5054	5055	5058	5061	5125	5149	515
5041	5050	5054	5055	5058	5060	5078	5165	516
5043	5046	5053	5056	5058	5064	5088	5190	517
5040	5050	5054	5055	5058	5062	5069	5149	518
5042	5052	5053	5055	5058	5061	5105	5149	519
5041	5049	5054	5055	5058	5060	5069	5172	520
5045	5049	5054	5055	5058	5061	5069	5337	521
5041	5047	5053	5055	5058	5063	5069	5149	522
5040	5048	5054	5056	5058	5061	5069	5149	523
5039	5050	5054	5055	5058	5061	5075	5159	524
5042	5047	5053	5055	5058	5060	5115	5233	525
5039	5048	5054	5055	5058	5064	5073	5157	526
5042	5049	5054	5055	5058	5061	5069	5158	527
5040	5046	5053	5055	5058	5064	5073	5157	528
5044	5052	5054	5056	5058	5060	5075	5149	529
5044	5047	5053	5056	5058	5061	5073	5249	530
5044	5050	5054	5056	5058	5061	5070	5164	531
5043	5049	5054	5055	5058	5060	5069	5209	532
5041	5052	5053	5055	5058	5061	5073	5183	533
5039	5050	5054	5055	5058	5062	5069	5149	534
5040	5051	5054	5055	5058	5060	5115	5233	535
5042	5049	5054	5056	5058	5061	5098	5186	536
5041	5052	5053	5056	5058	5061	5070	5150	537
5039	5049	5054	5057	5058	5064	5069	5149	538
5044	5050	5054	5055	5058	5061	5069	5337	539
5044	5046	5053	5055	5058	5064	5069	5158	540
5044	5051	5054	5055	5058	5060	5085	5169	541
5042	5046	5053	5055	5058	5061	5108	5214	542
5041	5052	5053	5056	5058	5061	5075	5149	543
5045	5050	5054	5055	5058	5062	5074	5149	544
5042	5047	5053	5055	5058	5060	5070	5149	545
5044	5049	5054	5055	5058	5064	5069	5162	546
5039	5047	5053	5056	5058	5061	5069	5149	547
5039	5048	5054	5057	5058	5060	5069	5179	548
5040	5047	5053	5056	5058	5060	5099	5188	549
5043	5052	5054	5056	5058	5062	5070	5150	550
5041	5050	5054	5055	5058	5061	5070	5149	551
5043	5052	5054	5055	5058	5060	5085	5169	552
5040	5046	5053	5055	5059	5061	5077	5155	553
5040	5048	5054	5055	5059	5061	5085	5201	554
5041	5050	5054	5055	5058	5061	5088	5149	555
5041	5052	5053	5055	5058	5061	5087	5191	556
5043	5048	5054	5055	5058	5062	5104	5204	557
5045	5051	5054	5055	5059	5062	5074	5149	558
5043	5046	5053	5056	5058	5060	5070	5149	559
5040	5046	5053	5055	5058	5061	5088	5149	560
5041	5046	5053	5055	5058	5064	5099	5196	561
5039	5047	5053	5056	5058	5061	5070	5150	562
5041	5048	5054	5055	5058	5061	5077	5155	563
5041	5047	5053	5055	5058	5064	5106	5212	564
5044	5049	5054	5057	5058	5061	5069	5179	565
5041	5052	5053	5055	5058	5064	5069	5149	566
5041	5050	5054	5055	5058	5060	5069	5149	567
5043	5051	5054	5056	5059	5060	5102	5149	568
5041	5046	5053	5055	5058	5063	5077	5155	569
5039	5048	5054	5055	5058	5061	5105	5149	570
5045	5046	5053	5055	5058	5061	5112	5265	571
5039	5047	5053	5056	5058	5061	5070	5149	572
5045	5048	5054	5055	5058	5060	5085	5169	573
5045	5049	5054	5056	5058	5061	5073	5183	574
5040	5050	5054	5055	5059	5061	5121	5255	575
5040	5052	5054	5055	5058	5061	5069	5149	576
5044	5046	5053	5056	5058	5061	5088	5190	577
5040	5047	5053	5055	5058	5061	5087	5259	578
5039	5046	5053	5056	5058	5061	5075	5149	579
5041	5047	5053	5055	5058	5064	5095	5149	580
5041	5046	5053	5055	5059	5061	5086	5216	581
5039	5052	5054	5055	5058	5061	5070	5149	582
5044	5052	5054	5055	5058	5060	5069	5149	583
5041	5048	5054	5055	5058	5061	5069	5149	584
5041	5047	5053	5055	5058	5062	5107	5213	585
5041	5052	5053	5055	5058	5060	5069	5149	586
5044	5052	5054	5056	5058	5060	5070	5150	587
5041	5046	5053	5055	5058	5065	5071	5152	588
5040	5049	5054	5055	5058	5062	5074	5149	589
5041	5047	5053	5055	5058	5061	5097	5149	590
5041	5049	5054	5056	5058	5065	5073	5218	591
5044	5052	5054	5055	5058	5060	5069	5246	592
5040	5050	5054	5055	5058	5061	5080	5174	593
5041	5048	5054	5056	5058	5061	5070	5149	594
5044	5049	5054	5055	5058	5060	5069	5182	595
5039	5048	5054	5055	5058	5061	5070	5243	596
5040	5052	5054	5056	5058	5060	5069	5151	597
5043	5047	5053	5055	5058	5061	5070	5150	598
5043	5046	5053	5055	5058	5061	5122	5289	599
5042	5048	5054	5055	5058	5061	5070	5150	600
5040	5047	5053	5055	5058	5061	5075	5149	601
5042	5051	5054	5055	5058	5060	5070	5166	602
5039	5049	5054	5055	5059	5061	5070	5150	603
5044	5047	5053	5055	5058	5061	5070	5150	604
5041	5048	5054	5055	5058	5062	5074	5149	605
5041	5048	5054	5055	5058	5061	5073	5161	606
5041	5051	5054	5055	5058	5061	5088	5149	607
5042	5049	5054	5055	5058	5060	5113	5149	608
5041	5048	5054	5056	5058	5060	5098	5186	609
5043	5048	5054	5055	5058	5061	5069	5149	610
5043	5049	5054	5056	5058	5061	5069	5163	611
5042	5049	5054	5055	5058	5060	5069	5180	612
5044	5046	5053	5055	5058	5061	5070	5150	613
5040	5051	5054	5055	5058	5060	5087	5222	614
5042	5051	5054	5055	5059	5061	5069	5149	615
5042	5048	5054	5055	5058	5063	5077	5155	616
5041	5048	5054	5056	5058	5065	5106	5212	617
5041	5052	5053	5055	5058	5061	5075	5149	618
5040	5052	5054	5055	5058	5060	5069	5182	619
5044	5052	5054	5055	5058	5062	5075	5149	620
5039	5046	5053	5055	5058	5061	5069	5149	621
5044	5051	5054	5055	5059	5063	5077	5195	622
5041	5050	5054	5055	5058	5061	5070	5166	623
5039	5050	5054	5055	5058	5060	5088	5149	624
5039	5048	5054	5055	5058	5062	5069	5207	625
5043	5046	5053	5055	5058	5061	5070	5149	626
5043	5049	5054	5056	5058	5062	5069	5149	627
5041	5048	5054	5055	5058	5063	5077	5155	628
5043	5051	5054	5055	5058	5064	5075	5159	629
5044	5049	5054	5056	5058	5060	5075	5159	630
5041	5051	5054	5056	5058	5065	5071	5152	631
5040	5050	5054	5055	5058	5061	5070	5149	632
5041	5052	5053	5055	5058	5064	5069	5158	633
5039	5049	5054	5055	5058	5060	5069	5149	634
5040	5046	5053	5055	5058	5061	5070	5149	635
5040	5050	5054	5055	5058	5063	5077	5155	636
5039	5049	5054	5056	5059	5061	5070	5154	637
5041	5046	5053	5055	5059	5061	5077	5155	638
5041	5047	5053	5055	5059	5061	5070	5173	639
5043	5052	5054	5056	5058	5060	5070	5150	640
5041	5048	5054	5056	5058	5060	5080	5174	641
5041	5047	5053	5056	5058	5061	5070	5150	642
5039	5049	5054	5055	5058	5060	5070	5243	643
5040	5052	5054	5055	5058	5062	5096	5181	644
5044	5046	5053	5055	5058	5061	5075	5149	645
5043	5048	5054	5055	5058	5062	5074	5149	646
5043	5050	5054	5055	5058	5060	5069	5149	647
5044	5047	5053	5055	5058	5061	5087	5259	648
5041	5047	5053	5055	5058	5060	5076	5149	649
5044	5052	5054	5055	5058	5061	5072	5153	650
5045	5052	5054	5055	5058	5061	5072	5244	651
5041	5047	5053	5055	5058	5061	5099	5189	652
5045	5052	5054	5055	5058	5061	5077	5155	653
5039	5049	5054	5055	5058	5061	5116	5234	654
5041	5052	5053	5055	5058	5061	5069	5185	655
5039	5047	5053	5055	5058	5060	5075	5159	656
5039	5052	5054	5055	5058	5061	5085	5169	657
5042	5050	5054	5056	5058	5060	5080	5174	658
5041	5050	5054	5055	5058	5061	5069	5231	659
5040	5052	5054	5056	5058	5060	5070	5154	660
5044	5047	5053	5056	5058	5061	5070	5154	661
5040	5047	5053	5055	5058	5060	5078	5165	662
5043	5046	5053	5055	5058	5064	5069	5162	663
5039	5047	5053	5055	5058	5060	5070	5150	664
5040	5047	5053	5055	5058	5063	5107	5213	665
5039	5047	5053	5055	5059	5060	5069	5180	666
5040	5048	5054	5055	5058	5063	5075	5149	667
5044	5051	5054	5055	5058	5063	5077	5195	668
5041	5046	5053	5055	5058	5063	5077	5195	669
5041	5047	5053	5055	5058	5061	5073	5149	670
5041	5047	5053	5055	5058	5063	5078	5165	671
5040	5049	5054	5055	5058	5061	5070	5149	672
5041	5047	5053	5056	5058	5061	5080	5174	673
5044	5050	5054	5055	5058	5061	5121	5255	674
5042	5052	5053	5055	5058	5061	5070	5150	675
5039	5052	5054	5055	5058	5063	5069	5149	676
5039	5052	5054	5055	5058	5060	5070	5154	677
5041	5051	5054	5055	5058	5060	5086	5211	678
5041	5049	5054	5055	5058	5062	5074	5149	679
5042	5046	5053	5055	5058	5063	5095	5149	680
5043	5049	5054	5055	5059	5060	5085	5230	681
5042	5046	5053	5056	5058	5061	5070	5150	682
5039	5046	5053	5055	5059	5061	5072	5153	683
5041	5050	5054	5055	5058	5061	5085	5230	684
5040	5052	5054	5057	5058	5061	5115	5233	685
5041	5050	5054	5056	5058	5060	5087	5149	686
5041	5049	5054	5055	5058	5063	5069	5248	687
5044	5052	5054	5055	5058	5061	5069	5149	688
5044	5046	5053	5055	5058	5061	5110	5149	689
5039	5051	5054	5055	5058	5064	5069	5246	690
5041	5050	5054	5055	5058	5060	5073	5161	691
5040	5049	5054	5055	5058	5061	5120	5253	692
5044	5050	5054	5055	5058	5061	5069	5207	693
5044	5049	5054	5055	5058	5061	5080	5149	694
5041	5050	5054	5056	5058	5063	5069	5149	695
5042	5051	5054	5055	5058	5061	5075	5242	696
5039	5046	5053	5056	5058	5060	5069	5149	697
5043	5046	5053	5055	5058	5064	5070	5150	698
5039	5050	5054	5056	5058	5060	5069	5180	699
5042	5048	5054	5055	5058	5061	5087	5259	700
5039	5050	5054	5055	5058	5061	5116	5234	701
5042	5051	5054	5055	5058	5061	5075	5167	702
5044	5052	5054	5055	5058	5061	5069	5207	703
5043	5049	5054	5056	5058	5063	5073	5149	704
5039	5050	5054	5055	5058	5063	5075	5203	705
5040	5047	5053	5055	5058	5060	5087	5191	706
5039	5048	5054	5055	5058	5061	5079	5176	707
5044	5050	5054	5055	5058	5063	5075	5167	708
5042	5050	5054	5055	5058	5061	5121	5255	709
5040	5049	5054	5055	5058	5061	5075	5159	710
5042	5048	5054	5055	5058	5061	5077	5195	711
5039	5050	5054	5056	5058	5064	5071	5152	712
5042	5050	5054	5055	5058	5060	5070	5243	713
5042	5046	5053	5055	5059	5063	5085	5169	714
5039	5049	5054	5055	5058	5063	5077	5155	715
5041	5050	5054	5055	5058	5061	5085	5273	716
5041	5049	5054	5055	5058	5061	5116	5234	717
5040	5046	5053	5056	5058	5061	5069	5149	718
5041	5046	5053	5056	5058	5060	5070	5150	719
5040	5046	5053	5056	5058	5060	5070	5150	720
5039	5048	5054	5055	5059	5065	5069	5149	721
5040	5050	5054	5055	5058	5061	5075	5159	722
5040	5050	5054	5055	5058	5060	5069	5149	723
5041	5046	5053	5055	5058	5064	5069	5149	724
5045	5050	5054	5056	5058	5060	5069	5149	725
5044	5052	5054	5055	5058	5060	5086	5216	726
5040	5047	5053	5057	5059	5061	5070	5149	727
5043	5048	5054	5055	5058	5065	5070	5149	728
5045	5048	5054	5055	5058	5061	5069	5246	729
5040	5048	5054	5055	5058	5061	5077	5155	730
5040	5049	5054	5055	5058	5063	5069	5162	731
5042	5052	5053	5055	5058	5060	5087	5237	732
5042	5048	5054	5055	5058	5064	5075	5238	733
5039	5046	5053	5055	5058	5061	5086	5216	734
5040	5049	5054	5055	5058	5061	5069	5185	735
5041	5048	5054	5055	5058	5061	5080	5149	736
5042	5049	5054	5055	5058	5061	5070	5154	737
5043	5049	5054	5055	5058	5060	5104	5204	738
5039	5051	5054	5055	5058	5064	5069	5149	739
5045	5052	5054	5055	5058	5060	5107	5213	740
5044	5050	5054	5055	5058	5064	5088	5149	741
5044	5048	5054	5055	5059	5063	5084	5160	742
5039	5049	5054	5055	5059	5061	5077	5155	743
5040	5052	5054	5055	5058	5061	5077	5155	744
5045	5048	5054	5056	5058	5060	5080	5149	745
5045	5049	5054	5055	5058	5060	5070	5150	746
5043	5052	5054	5055	5058	5063	5069	5149	747
5040	5046	5053	5056	5058	5061	5086	5216	748
5044	5052	5054	5055	5058	5062	5070	5150	749
5041	5051	5054	5056	5058	5060	5069	5149	750
5041	5052	5053	5056	5058	5061	5073	5175	751
5040	5046	5053	5055	5058	5061	5133	5149	752
5040	5052	5054	5055	5058	5062	5075	5199	753
5041	5048	5054	5056	5058	5061	5069	5149	754
5041	5052	5053	5055	5058	5062	5073	5149	755
5040	5047	5053	5057	5058	5061	5069	5149	756
5039	5051	5054	5055	5058	5062	5070	5149	757
5045	5048	5054	5055	5058	5061	5077	5155	758
5041	5051	5054	5055	5058	5061	5079	5149	759
5039	5049	5054	5055	5058	5060	5069	5151	760
5040	5051	5054	5055	5058	5061	5118	5149	761
5042	5052	5053	5055	5059	5063	5073	5156	762
5044	5051	5054	5055	5058	5061	5079	5149	763
5040	5046	5053	5056	5058	5060	5070	5154	764
5043	5051	5054	5055	5058	5060	5100	5192	765
5039	5050	5054	5055	5058	5061	5069	5149	766
5040	5048	5054	5055	5058	5064	5093	5177	767
5041	5050	5054	5055	5058	5060	5069	5151	768
5040	5049	5054	5055	5058	5061	5072	5264	769
5043	5049	5054	5056	5058	5061	5069	5149	770
5041	5048	5054	5056	5058	5060	5069	5172	771
5040	5046	5053	5055	5058	5060	5077	5155	772
5041	5047	5053	5055	5058	5061	5087	5191	773
5040	5047	5053	5055	5058	5061	5069	5185	774
5045	5049	5054	5055	5058	5061	5075	5149	775
5039	5050	5054	5057	5058	5061	5069	5179	776
5042	5047	5053	5055	5058	5061	5073	5156	777
5044	5049	5054	5055	5058	5061	5075	5149	778
5039	5049	5054	5055	5058	5062	5074	5149	779
5040	5046	5053	5055	5058	5061	5087	5191	780
5043	5048	5054	5056	5058	5061	5075	5159	781
5041	5051	5054	5055	5058	5061	5070	5150	782
5039	5049	5054	5055	5058	5062	5073	5183	783
5044	5052	5054	5057	5058	5061	5070	5150	784
5041	5046	5053	5055	5058	5061	5120	5253	785
5039	5049	5054	5055	5059	5061	5072	5153	786
5039	5048	5054	5056	5058	5064	5098	5186	787
5042	5049	5054	5056	5058	5060	5069	5149	788
5040	5049	5054	5055	5058	5061	5075	5149	789
5039	5052	5054	5055	5058	5061	5069	5151	790
5040	5048	5054	5055	5058	5060	5077	5149	791
5040	5052	5054	5055	5058	5065	5075	5159	792
5039	5047	5053	5055	5058	5061	5072	5294	793
5044	5047	5053	5055	5058	5062	5070	5150	794
5044	5047	5053	5055	5058	5061	5075	5279	795
5041	5052	5053	5055	5058	5065	5104	5204	796
5039	5052	5054	5055	5058	5061	5073	5149	797
5041	5048	5054	5057	5058	5061	5070	5150	798
5042	5047	5053	5055	5058	5063	5073	5149	799
5043	5050	5054	5055	5058	5061	5112	5225	800
5042	5048	5054	5055	5058	5060	5085	5230	801
5041	5049	5054	5055	5058	5062	5069	5149	802
5044	5049	5054	5056	5058	5060	5069	5149	803
5039	5046	5053	5055	5058	5060	5069	5149	804
5041	5051	5054	5055	5058	5062	5079	5149	805
5045	5052	5054	5055	5058	5061	5073	5157	806
5043	5046	5053	5055	5058	5060	5085	5169	807
5045	5049	5054	5055	5058	5060	5069	5149	808
5041	5048	5054	5055	5058	5061	5085	5169	809
5044	5052	5054	5055	5058	5061	5087	5237	810
5043	5052	5054	5055	5058	5060	5086	5211	811
5040	5051	5054	5056	5058	5060	5070	5150	812
5044	5052	5054	5055	5058	5062	5086	5211	813
5041	5049	5054	5055	5058	5061	5069	5252	814
5042	5048	5054	5055	5058	5060	5079	5149	815
5042	5048	5054	5055	5058	5061	5104	5204	816
5044	5052	5054	5055	5058	5061	5073	5149	817
5039	5048	5054	5055	5058	5060	5087	5200	818
5041	5052	5053	5055	5058	5061	5069	5162	819
5039	5048	5054	5055	5058	5061	5106	5212	820
5045	5048	5054	5055	5058	5060	5079	5149	821
5040	5051	5054	5055	5058	5060	5070	5149	822
5041	5052	5053	5055	5058	5060	5070	5150	823
5041	5049	5054	5055	5058	5060	5083	5149	824
5041	5049	5054	5055	5058	5060	5087	5149	825
5042	5051	5054	5056	5058	5061	5069	5149	826
5043	5049	5054	5055	5058	5062	5074	5149	827
5041	5048	5054	5055	5059	5061	5075	5159	828
5044	5049	5054	5055	5058	5062	5074	5149	829
5041	5052	5053	5055	5058	5061	5097	5221	830
5039	5051	5054	5055	5058	5062	5069	5149	831
5040	5050	5054	5055	5059	5061	5100	5192	832
5039	5049	5054	5055	5058	5061	5121	5255	833
5040	5049	5054	5055	5058	5060	5073	5161	834
5044	5051	5054	5055	5058	5061	5077	5155	835
5041	5051	5054	5055	5058	5064	5073	5149	836
5043	5047	5053	5055	5058	5060	5073	5161	837
5043	5052	5054	5055	5058	5062	5074	5149	838
5040	5050	5054	5055	5058	5061	5070	5150	839
5042	5046	5053	5055	5058	5063	5075	5149	840
5043	5048	5054	5055	5058	5060	5090	5149	841
5039	5051	5054	5056	5058	5061	5070	5149	842
5040	5049	5054	5055	5058	5060	5116	5234	843
5039	5047	5053	5055	5058	5060	5075	5223	844
5044	5047	5053	5055	5058	5061	5086	5211	845
5044	5048	5054	5055	5058	5061	5099	5189	846
5043	5048	5054	5055	5058	5064	5095	5149	847
5040	5048	5054	5055	5058	5063	5093	5177	848
5043	5048	5054	5056	5058	5061	5080	5174	849
5041	5046	5053	5056	5058	5060	5073	5218	850
5041	5052	5053	5055	5058	5061	5069	5248	851
5044	5046	5053	5055	5058	5061	5082	5149	852
5042	5052	5053	5055	5058	5061	5081	5210	853
5040	5047	5053	5056	5058	5061	5070	5149	854
5042	5048	5054	5057	5058	5065	5075	5159	855
5039	5048	5054	5056	5058	5061	5069	5187	856
5041	5052	5053	5056	5058	5061	5091	5171	857
5041	5051	5054	5056	5058	5061	5075	5159	858
5040	5050	5054	5055	5058	5061	5069	5281	859
5044	5052	5054	5055	5058	5063	5070	5149	860
5044	5051	5054	5056	5058	5060	5069	5149	861
5039	5047	5053	5055	5058	5060	5079	5149	862
5042	5046	5053	5055	5058	5061	5070	5150	863
5041	5050	5054	5055	5058	5061	5069	5278	864
5041	5052	5053	5055	5058	5061	5088	5149	865
5040	5048	5054	5055	5058	5062	5104	5204	866
5039	5050	5054	5055	5058	5063	5069	5149	867
5040	5052	5054	5057	5058	5064	5073	5183	868
5041	5052	5053	5056	5058	5064	5073	5249	869
5041	5046	5053	5055	5059	5064	5085	5169	870
5040	5047	5053	5055	5058	5061	5121	5149	871
5044	5046	5053	5056	5058	5061	5075	5167	872
5044	5052	5054	5056	5058	5065	5075	5159	873
5044	5051	5054	5057	5058	5061	5069	5149	874
5040	5049	5054	5055	5058	5062	5099	5189	875
5039	5047	5053	5055	5058	5061	5070	5154	876
5039	5049	5054	5055	5058	5061	5085	5201	877
5044	5050	5054	5057	5058	5062	5069	5179	878
5039	5049	5054	5055	5058	5060	5088	5268	879
5044	5047	5053	5055	5058	5061	5069	5266	880
5042	5048	5054	5055	5058	5064	5116	5234	881
5041	5046	5053	5055	5058	5061	5073	5161	882
5039	5049	5054	5056	5058	5065	5071	5152	883
5041	5048	5054	5055	5058	5061	5097	5221	884
5042	5048	5054	5055	5058	5060	5070	5154	885
5040	5051	5054	5055	5058	5064	5088	5149	886
5039	5048	5054	5055	5058	5061	5070	5150	887
5043	5052	5054	5055	5059	5060	5084	5160	888
5041	5046	5053	5055	5059	5061	5070	5150	889
5041	5049	5054	5055	5058	5061	5118	5149	890
5039	5046	5053	5055	5058	5061	5075	5159	891
5039	5049	5054	5057	5058	5060	5070	5149	892
5040	5049	5054	5055	5058	5060	5086	5216	893
5043	5046	5053	5055	5058	5060	5075	5149	894
5040	5046	5053	5055	5058	5061	5075	5149	895
5045	5052	5054	5055	5058	5061	5075	5149	896
5039	5047	5053	5055	5058	5060	5107	5213	897
5041	5049	5054	5055	5058	5060	5088	5168	898
5045	5050	5054	5057	5058	5062	5069	5162	899
5044	5050	5054	5055	5058	5060	5079	5149	900
5042	5049	5054	5055	5058	5061	5108	5214	901
5041	5048	5054	5055	5059	5060	5087	5191	902
5039	5049	5054	5055	5058	5061	5070	5243	903
5041	5048	5054	5055	5058	5060	5080	5174	904
5039	5050	5054	5055	5058	5060	5070	5150	905
5040	5048	5054	5055	5059	5061	5075	5149	906
5044	5046	5053	5056	5058	5061	5069	5172	907
5041	5049	5054	5056	5058	5060	5069	5149	908
5041	5046	5053	5055	5058	5060	5072	5153	909
5041	5050	5054	5055	5058	5062	5075	5159	910
5039	5046	5053	5055	5058	5060	5085	5220	911
5041	5047	5053	5056	5058	5061	5069	5149	912
5040	5050	5054	5055	5058	5060	5102	5274	913
5043	5048	5054	5055	5058	5061	5075	5159	914
5041	5049	5054	5055	5058	5060	5085	5333	915
5044	5048	5054	5055	5058	5065	5069	5149	916
5040	5047	5053	5055	5059	5063	5069	5149	917
5044	5049	5054	5055	5058	5062	5075	5149	918
5041	5049	5054	5056	5058	5060	5070	5154	919
5039	5048	5054	5055	5058	5060	5078	5165	920
5042	5047	5053	5056	5058	5061	5075	5238	921
5043	5047	5053	5055	5058	5062	5074	5149	922
5043	5046	5053	5055	5058	5060	5135	5327	923
5041	5046	5053	5055	5058	5060	5087	5200	924
5040	5049	5054	5057	5058	5061	5070	5149	925
5041	5050	5054	5055	5058	5061	5132	5149	926
5042	5051	5054	5055	5058	5060	5097	5221	927
5040	5047	5053	5055	5058	5060	5070	5150	928
5041	5050	5054	5055	5058	5062	5069	5240	929
5039	5051	5054	5055	5058	5060	5075	5159	930
5040	5051	5054	5055	5058	5061	5069	5179	931
5039	5052	5054	5055	5058	5060	5097	5221	932
5039	5048	5054	5056	5058	5061	5075	5159	933
5039	5052	5054	5057	5058	5061	5069	5162	934
5039	5049	5054	5057	5058	5063	5069	5162	935
5040	5046	5053	5055	5058	5061	5078	5165	936
5044	5047	5053	5055	5058	5061	5073	5149	937
5041	5051	5054	5055	5058	5061	5099	5215	938
5045	5051	5054	5055	5058	5060	5073	5157	939
5041	5052	5053	5056	5058	5064	5075	5159	940
5042	5049	5054	5056	5058	5061	5070	5150	941
5039	5049	5054	5055	5058	5061	5069	5149	942
5039	5048	5054	5057	5058	5061	5080	5174	943
5039	5049	5054	5055	5058	5063	5084	5160	944
5043	5048	5054	5055	5059	5061	5081	5210	945
5040	5046	5053	5056	5058	5061	5075	5149	946
5042	5052	5053	5055	5058	5060	5073	5157	947
5040	5048	5054	5055	5058	5060	5088	5328	948
5041	5051	5054	5055	5058	5062	5070	5149	949
5039	5051	5054	5055	5058	5060	5080	5174	950
5039	5048	5054	5055	5058	5064	5075	5149	951
5040	5047	5053	5055	5058	5061	5099	5189	952
5044	5046	5053	5055	5058	5062	5070	5149	953
5042	5048	5054	5055	5058	5060	5115	5149	954
5040	5046	5053	5055	5059	5063	5077	5155	955
5040	5050	5054	5055	5058	5061	5070	5166	956
5041	5047	5053	5055	5058	5060	5091	5171	957
5039	5049	5054	5056	5058	5061	5075	5238	958
5040	5050	5054	5056	5058	5061	5069	5172	959
5043	5049	5054	5056	5058	5061	5086	5149	960
5039	5052	5054	5055	5058	5061	5069	5149	961
5039	5048	5054	5055	5058	5060	5070	5150	962
5044	5047	5053	5055	5058	5061	5069	5235	963
5043	5050	5054	5055	5058	5062	5074	5149	964
5045	5051	5054	5056	5059	5061	5070	5150	965
5040	5051	5054	5056	5058	5060	5069	5172	966
5043	5046	5053	5056	5058	5063	5069	5149	967
5044	5046	5053	5055	5058	5060	5110	5149	968
5040	5052	5054	5055	5058	5061	5070	5166	969
5039	5051	5054	5055	5058	5061	5073	5183	970
5039	5050	5054	5055	5058	5061	5075	5149	971
5042	5050	5054	5055	5058	5064	5069	5151	972
5041	5046	5053	5055	5058	5061	5069	5149	973
5040	5047	5053	5056	5058	5064	5069	5235	974
5040	5052	5054	5055	5058	5062	5069	5158	975
5040	5052	5054	5055	5058	5061	5075	5203	976
5039	5047	5053	5055	5058	5061	5069	5248	977
5044	5052	5054	5055	5058	5060	5104	5204	978
5044	5051	5054	5055	5058	5061	5130	5296	979
5041	5048	5054	5055	5058	5062	5105	5149	980
5045	5051	5054	5055	5058	5060	5069	5149	981
5045	5051	5054	5055	5058	5062	5074	5149	982
5039	5051	5054	5056	5058	5061	5071	5149	983
5041	5050	5054	5057	5058	5061	5069	5235	984
5044	5051	5054	5056	5058	5061	5069	5149	985
5045	5050	5054	5055	5058	5063	5077	5155	986
5044	5049	5054	5055	5058	5060	5070	5150	987
5042	5046	5053	5055	5058	5060	5085	5220	988
5042	5048	5054	5055	5058	5061	5077	5155	989
5040	5047	5053	5055	5058	5060	5073	5157	990
5041	5052	5053	5055	5058	5064	5069	5235	991
5039	5049	5054	5055	5058	5061	5077	5155	992
5041	5052	5053	5055	5058	5061	5080	5149	993
5041	5048	5054	5056	5058	5061	5086	5149	994
5043	5049	5054	5055	5058	5061	5085	5169	995
5040	5048	5054	5055	5058	5061	5070	5150	996
5042	5050	5054	5056	5058	5062	5069	5149	997
5043	5046	5053	5056	5058	5060	5087	5259	998
5045	5049	5054	5056	5058	5061	5069	5240	999
5040	5050	5054	5055	5058	5063	5069	5151	1000
5041	5052	5053	5055	5058	5061	5070	5150	1001
5044	5049	5054	5055	5058	5060	5069	5209	1002
5040	5050	5054	5055	5058	5061	5070	5154	1003
5044	5049	5054	5055	5058	5061	5087	5149	1004
5043	5046	5053	5055	5058	5061	5070	5150	1005
5039	5048	5054	5057	5058	5061	5070	5150	1006
5041	5049	5054	5056	5058	5060	5069	5172	1007
5039	5049	5054	5057	5058	5061	5069	5162	1008
5040	5048	5054	5055	5058	5063	5069	5149	1009
5041	5051	5054	5056	5058	5061	5070	5150	1010
5040	5049	5054	5055	5058	5062	5072	5244	1011
5040	5046	5053	5056	5058	5060	5102	5149	1012
5040	5048	5054	5055	5058	5061	5069	5149	1013
5042	5047	5053	5055	5058	5064	5070	5154	1014
5040	5047	5053	5056	5059	5060	5070	5150	1015
5041	5052	5053	5056	5058	5061	5075	5159	1016
5041	5049	5054	5055	5058	5060	5069	5149	1017
5039	5047	5053	5055	5058	5061	5088	5168	1018
5043	5051	5054	5055	5058	5060	5084	5160	1019
5044	5046	5053	5055	5058	5061	5080	5149	1020
5043	5048	5054	5055	5058	5061	5070	5149	1021
5039	5052	5054	5055	5058	5060	5112	5265	1022
5039	5047	5053	5055	5058	5064	5075	5149	1023
5040	5047	5053	5055	5058	5063	5075	5149	1024
5043	5051	5054	5055	5058	5061	5070	5166	1025
5041	5048	5054	5055	5058	5060	5079	5149	1026
5039	5049	5054	5055	5058	5063	5124	5149	1027
5039	5051	5054	5057	5058	5061	5073	5183	1028
5040	5050	5054	5056	5058	5061	5070	5150	1029
5044	5049	5054	5055	5058	5061	5069	5182	1030
5043	5046	5053	5055	5058	5061	5069	5179	1031
5039	5051	5054	5055	5058	5060	5093	5177	1032
5040	5052	5054	5055	5058	5060	5083	5149	1033
5044	5052	5054	5055	5058	5064	5069	5149	1034
5039	5048	5054	5055	5058	5065	5078	5149	1035
5043	5049	5054	5055	5058	5061	5083	5149	1036
5044	5052	5054	5055	5058	5063	5069	5209	1037
5044	5052	5054	5057	5058	5063	5073	5183	1038
5040	5050	5054	5055	5058	5060	5069	5246	1039
5039	5046	5053	5056	5058	5061	5070	5150	1040
5041	5046	5053	5055	5058	5063	5075	5149	1041
5041	5052	5053	5055	5058	5061	5086	5216	1042
5045	5050	5054	5056	5058	5063	5070	5149	1043
5041	5048	5054	5057	5058	5060	5080	5174	1044
5039	5046	5053	5055	5058	5063	5106	5212	1045
5039	5049	5054	5055	5058	5060	5120	5261	1046
5044	5050	5054	5055	5058	5062	5074	5149	1047
5040	5050	5054	5057	5058	5061	5070	5150	1048
5039	5046	5053	5055	5058	5061	5072	5153	1049
5039	5048	5054	5056	5058	5061	5070	5149	1050
5039	5052	5054	5056	5058	5061	5092	5149	1051
5041	5049	5054	5055	5058	5066	5095	5149	1052
5040	5049	5054	5057	5058	5061	5073	5183	1053
5044	5048	5054	5055	5058	5064	5084	5160	1054
5041	5047	5053	5055	5058	5062	5074	5149	1055
5039	5047	5053	5055	5059	5061	5069	5180	1056
5040	5047	5053	5055	5058	5061	5072	5294	1057
5042	5051	5054	5055	5058	5062	5074	5149	1058
5041	5048	5054	5055	5058	5061	5070	5166	1059
5039	5048	5054	5056	5058	5062	5088	5190	1060
5039	5051	5054	5055	5058	5061	5072	5153	1061
5040	5052	5054	5056	5058	5061	5081	5149	1062
5041	5052	5053	5055	5058	5063	5075	5159	1063
5039	5052	5054	5057	5058	5060	5088	5268	1064
5043	5047	5053	5055	5058	5062	5069	5149	1065
5040	5051	5054	5055	5058	5064	5099	5196	1066
5040	5047	5053	5055	5058	5061	5075	5159	1067
5041	5047	5053	5055	5059	5063	5075	5149	1068
5044	5048	5054	5055	5058	5061	5080	5174	1069
5039	5050	5054	5055	5058	5061	5073	5183	1070
5041	5050	5054	5055	5058	5060	5088	5149	1071
5043	5047	5053	5055	5058	5065	5071	5152	1072
5040	5052	5054	5055	5058	5061	5075	5159	1073
5043	5048	5054	5055	5058	5061	5078	5149	1074
5040	5052	5054	5055	5058	5061	5073	5325	1075
5044	5047	5053	5055	5058	5061	5094	5272	1076
5044	5052	5054	5055	5058	5062	5069	5151	1077
5040	5051	5054	5055	5058	5061	5069	5185	1078
5042	5047	5053	5055	5058	5064	5069	5158	1079
5039	5047	5053	5055	5058	5060	5069	5179	1080
5041	5047	5053	5055	5058	5064	5069	5149	1081
5040	5050	5054	5055	5058	5060	5086	5211	1082
5041	5047	5053	5055	5058	5061	5069	5246	1083
5043	5046	5053	5055	5058	5062	5074	5149	1084
5043	5048	5054	5055	5058	5061	5079	5149	1085
5040	5050	5054	5055	5059	5063	5069	5149	1086
5039	5052	5054	5055	5058	5064	5069	5151	1087
5044	5050	5054	5056	5058	5060	5069	5172	1088
5041	5046	5053	5056	5058	5061	5073	5249	1089
5043	5046	5053	5055	5058	5061	5082	5149	1090
5039	5051	5054	5055	5058	5061	5099	5189	1091
5040	5048	5054	5055	5058	5061	5118	5149	1092
5042	5047	5053	5055	5058	5062	5074	5149	1093
5045	5051	5054	5055	5058	5061	5070	5150	1094
5040	5049	5054	5055	5058	5062	5077	5155	1095
5045	5048	5054	5055	5058	5061	5128	5292	1096
5044	5046	5053	5055	5058	5064	5069	5149	1097
5041	5051	5054	5055	5058	5061	5080	5149	1098
5042	5046	5053	5055	5058	5063	5085	5169	1099
5045	5047	5053	5055	5058	5063	5069	5149	1100
5042	5049	5054	5055	5058	5061	5087	5191	1101
5041	5052	5053	5055	5058	5063	5073	5156	1102
5043	5050	5054	5056	5058	5060	5069	5149	1103
5044	5046	5053	5056	5058	5060	5090	5149	1104
5044	5046	5053	5055	5058	5066	5095	5149	1105
5043	5047	5053	5055	5058	5064	5075	5159	1106
5044	5047	5053	5056	5058	5061	5073	5183	1107
5041	5048	5054	5055	5058	5061	5087	5222	1108
5041	5049	5054	5055	5058	5060	5070	5150	1109
5043	5051	5054	5055	5058	5063	5088	5149	1110
5040	5050	5054	5055	5058	5061	5073	5156	1111
5040	5049	5054	5055	5058	5061	5070	5150	1112
5041	5052	5053	5056	5058	5060	5073	5183	1113
5043	5051	5054	5055	5058	5061	5075	5159	1114
5041	5048	5054	5056	5058	5061	5130	5296	1115
5041	5050	5054	5055	5058	5063	5069	5149	1116
5042	5047	5053	5055	5058	5061	5070	5166	1117
5043	5051	5054	5055	5058	5061	5069	5149	1118
5043	5047	5053	5055	5058	5064	5073	5161	1119
5044	5050	5054	5055	5058	5061	5080	5174	1120
5041	5051	5054	5055	5058	5060	5080	5174	1121
5044	5050	5054	5055	5058	5061	5075	5149	1122
5043	5050	5054	5055	5058	5063	5077	5155	1123
5040	5049	5054	5055	5058	5061	5085	5201	1124
5039	5052	5054	5055	5058	5061	5088	5149	1125
5044	5050	5054	5057	5058	5063	5070	5149	1126
5043	5052	5054	5055	5058	5064	5069	5149	1127
5041	5047	5053	5056	5058	5061	5075	5238	1128
5039	5049	5054	5056	5058	5061	5106	5212	1129
5039	5050	5054	5056	5059	5062	5073	5156	1130
5042	5051	5054	5057	5058	5060	5078	5165	1131
5040	5052	5054	5055	5058	5060	5073	5149	1132
5041	5050	5054	5055	5058	5060	5072	5374	1133
5040	5048	5054	5055	5058	5060	5070	5150	1134
5043	5048	5054	5055	5058	5062	5069	5149	1135
5040	5047	5053	5055	5058	5063	5069	5149	1136
5040	5046	5053	5055	5058	5064	5070	5149	1137
5042	5051	5054	5055	5058	5060	5090	5149	1138
5045	5046	5053	5055	5058	5061	5085	5169	1139
5044	5049	5054	5055	5058	5061	5088	5271	1140
5044	5047	5053	5056	5058	5060	5090	5149	1141
5039	5048	5054	5055	5058	5061	5079	5149	1142
5041	5047	5053	5057	5059	5062	5088	5149	1143
5044	5050	5054	5055	5058	5064	5069	5149	1144
5041	5048	5054	5055	5058	5061	5080	5174	1145
5041	5050	5054	5056	5058	5060	5069	5149	1146
5040	5050	5054	5055	5058	5061	5118	5149	1147
5041	5048	5054	5055	5058	5061	5073	5249	1148
5041	5051	5054	5055	5058	5061	5072	5153	1149
5044	5049	5054	5055	5058	5067	5078	5165	1150
5044	5050	5054	5055	5058	5061	5077	5155	1151
5044	5052	5054	5055	5058	5064	5126	5346	1152
5043	5050	5054	5055	5058	5062	5077	5155	1153
5039	5050	5054	5056	5058	5061	5123	5277	1154
5039	5050	5054	5055	5058	5061	5077	5155	1155
5041	5052	5053	5055	5058	5060	5087	5222	1156
5042	5051	5054	5055	5058	5064	5075	5159	1157
5041	5051	5054	5055	5058	5060	5079	5149	1158
5039	5048	5054	5055	5059	5060	5070	5150	1159
5045	5048	5054	5055	5058	5062	5074	5149	1160
5041	5047	5053	5055	5058	5060	5080	5149	1161
5043	5052	5054	5055	5058	5063	5085	5169	1162
5041	5049	5054	5055	5058	5060	5073	5161	1163
5042	5050	5054	5055	5058	5060	5070	5150	1164
5045	5051	5054	5056	5058	5060	5073	5183	1165
5040	5052	5054	5055	5058	5061	5069	5209	1166
5042	5046	5053	5055	5058	5061	5073	5156	1167
5041	5052	5053	5055	5058	5062	5077	5155	1168
5043	5046	5053	5056	5058	5061	5075	5149	1169
5039	5048	5054	5056	5058	5060	5090	5149	1170
5040	5050	5054	5056	5058	5061	5069	5149	1171
5043	5047	5053	5055	5058	5061	5070	5166	1172
5040	5050	5054	5057	5058	5064	5071	5152	1173
5039	5052	5054	5055	5058	5061	5112	5265	1174
5041	5049	5054	5055	5058	5061	5075	5149	1175
5042	5048	5054	5055	5058	5063	5085	5201	1176
5039	5047	5053	5056	5058	5060	5070	5150	1177
5041	5052	5053	5055	5058	5064	5070	5243	1178
5040	5051	5054	5055	5058	5060	5099	5196	1179
5039	5048	5054	5055	5058	5061	5075	5167	1180
5040	5046	5053	5056	5058	5060	5099	5188	1181
5044	5046	5053	5056	5058	5060	5069	5149	1182
5042	5050	5054	5055	5058	5060	5121	5255	1183
5044	5047	5053	5055	5058	5062	5075	5149	1184
5044	5050	5054	5055	5058	5061	5122	5339	1185
5040	5050	5054	5055	5058	5065	5090	5149	1186
5039	5047	5053	5055	5058	5061	5070	5150	1187
5039	5048	5054	5055	5058	5061	5125	5149	1188
5039	5047	5053	5055	5058	5060	5070	5149	1189
5039	5048	5054	5055	5058	5060	5073	5149	1190
5044	5050	5054	5055	5058	5063	5069	5149	1191
5039	5052	5054	5055	5058	5061	5069	5185	1192
5041	5048	5054	5056	5059	5060	5075	5149	1193
5044	5046	5053	5055	5058	5062	5069	5149	1194
5042	5048	5054	5056	5058	5064	5069	5149	1195
5044	5046	5053	5055	5058	5061	5085	5230	1196
5045	5047	5053	5055	5058	5060	5075	5149	1197
5043	5049	5054	5056	5059	5065	5088	5190	1198
5045	5051	5054	5055	5058	5060	5075	5203	1199
5044	5049	5054	5055	5058	5062	5070	5150	1200
5043	5047	5053	5055	5058	5061	5075	5159	1201
5042	5049	5054	5055	5058	5064	5075	5149	1202
5039	5051	5054	5055	5058	5060	5073	5183	1203
5039	5052	5054	5055	5058	5061	5070	5150	1204
5043	5047	5053	5055	5058	5066	5099	5196	1205
5039	5049	5054	5055	5058	5060	5104	5204	1206
5039	5048	5054	5055	5058	5060	5097	5221	1207
5040	5049	5054	5055	5058	5060	5069	5179	1208
5039	5050	5054	5055	5058	5060	5143	5369	1209
5041	5047	5053	5055	5058	5061	5075	5159	1210
5041	5048	5054	5056	5058	5060	5073	5183	1211
5043	5051	5054	5055	5058	5061	5073	5156	1212
5043	5046	5053	5055	5058	5061	5069	5281	1213
5042	5046	5053	5055	5058	5061	5121	5255	1214
5041	5052	5053	5055	5058	5064	5069	5248	1215
5040	5048	5054	5055	5058	5060	5085	5149	1216
5044	5048	5054	5055	5058	5060	5099	5189	1217
5044	5052	5054	5055	5058	5063	5112	5225	1218
5044	5052	5054	5055	5058	5061	5070	5243	1219
5039	5051	5054	5055	5058	5061	5110	5149	1220
5044	5052	5054	5055	5058	5061	5075	5159	1221
5043	5049	5054	5056	5058	5061	5069	5250	1222
5044	5050	5054	5055	5058	5061	5093	5177	1223
5040	5050	5054	5055	5058	5060	5084	5160	1224
5043	5048	5054	5056	5058	5060	5102	5149	1225
5039	5048	5054	5055	5058	5060	5069	5206	1226
5039	5050	5054	5055	5058	5060	5078	5165	1227
5041	5049	5054	5056	5058	5061	5071	5152	1228
5042	5051	5054	5055	5058	5061	5077	5155	1229
5043	5050	5054	5055	5058	5060	5112	5225	1230
5040	5047	5053	5055	5058	5060	5087	5222	1231
5043	5047	5053	5055	5058	5063	5069	5149	1232
5043	5052	5054	5056	5058	5061	5092	5149	1233
5039	5047	5053	5055	5058	5061	5079	5149	1234
5039	5047	5053	5055	5058	5060	5088	5149	1235
5041	5051	5054	5055	5058	5061	5084	5232	1236
5039	5049	5054	5055	5058	5061	5069	5281	1237
5043	5052	5054	5055	5058	5066	5073	5157	1238
5041	5046	5053	5057	5058	5061	5115	5233	1239
5040	5047	5053	5055	5058	5061	5069	5172	1240
5042	5047	5053	5055	5058	5060	5069	5149	1241
5040	5052	5054	5055	5058	5060	5099	5196	1242
5041	5051	5054	5055	5058	5063	5085	5201	1243
5043	5051	5054	5055	5058	5065	5074	5149	1244
5039	5052	5054	5055	5058	5061	5090	5149	1245
5045	5049	5054	5057	5058	5061	5088	5149	1246
5041	5047	5053	5055	5058	5061	5080	5174	1247
5043	5051	5054	5056	5058	5061	5073	5183	1248
5041	5048	5054	5055	5058	5063	5085	5201	1249
5044	5052	5054	5055	5058	5060	5087	5237	1250
5041	5052	5053	5055	5058	5061	5087	5237	1251
5043	5051	5054	5055	5058	5061	5097	5221	1252
5041	5048	5054	5055	5058	5065	5075	5159	1253
5041	5048	5054	5055	5058	5060	5078	5165	1254
5043	5050	5054	5056	5058	5066	5095	5149	1255
5041	5046	5053	5055	5058	5061	5070	5150	1256
5042	5051	5054	5055	5058	5061	5070	5150	1257
5044	5048	5054	5056	5058	5061	5069	5149	1258
5040	5050	5054	5055	5058	5061	5069	5172	1259
5043	5048	5054	5055	5058	5060	5093	5177	1260
5040	5048	5054	5055	5058	5061	5073	5183	1261
5044	5052	5054	5055	5058	5063	5081	5210	1262
5041	5049	5054	5055	5058	5060	5097	5221	1263
5039	5046	5053	5055	5058	5066	5095	5149	1264
5040	5049	5054	5055	5058	5060	5070	5154	1265
5044	5051	5054	5055	5058	5060	5079	5149	1266
5044	5050	5054	5055	5058	5060	5069	5151	1267
5041	5048	5054	5055	5058	5061	5085	5251	1268
5040	5047	5053	5056	5058	5060	5075	5159	1269
5041	5051	5054	5055	5059	5061	5070	5150	1270
5039	5050	5054	5056	5058	5060	5073	5149	1271
5039	5050	5054	5055	5058	5061	5073	5218	1272
5041	5047	5053	5055	5058	5061	5069	5179	1273
5044	5050	5054	5055	5058	5060	5080	5174	1274
5039	5047	5053	5056	5058	5061	5075	5159	1275
5044	5050	5054	5055	5058	5065	5093	5177	1276
5041	5050	5054	5055	5058	5061	5077	5155	1277
5045	5052	5054	5055	5058	5060	5069	5149	1278
5040	5046	5053	5055	5058	5064	5093	5177	1279
5040	5048	5054	5055	5058	5061	5080	5149	1280
5039	5052	5054	5056	5058	5064	5075	5149	1281
5044	5051	5054	5055	5058	5060	5121	5255	1282
5040	5049	5054	5055	5058	5064	5099	5189	1283
5040	5049	5054	5055	5058	5063	5069	5149	1284
5041	5051	5054	5055	5058	5060	5099	5196	1285
5039	5048	5054	5055	5058	5060	5069	5149	1286
5039	5050	5054	5055	5058	5061	5075	5238	1287
5044	5048	5054	5055	5058	5062	5078	5165	1288
5039	5050	5054	5055	5058	5061	5070	5154	1289
5042	5048	5054	5055	5058	5061	5086	5211	1290
5044	5047	5053	5057	5058	5065	5073	5175	1291
5040	5049	5054	5056	5058	5062	5070	5150	1292
5041	5052	5053	5055	5058	5060	5099	5189	1293
5039	5048	5054	5055	5058	5061	5121	5260	1294
5041	5052	5053	5055	5059	5060	5087	5222	1295
5042	5051	5054	5055	5058	5060	5100	5192	1296
5042	5049	5054	5055	5058	5064	5069	5149	1297
5043	5052	5054	5056	5058	5061	5069	5149	1298
5044	5047	5053	5056	5058	5060	5069	5149	1299
5043	5046	5053	5055	5058	5060	5069	5172	1300
5040	5052	5054	5055	5058	5065	5074	5149	1301
5044	5048	5054	5055	5058	5061	5070	5150	1302
5039	5052	5054	5055	5058	5061	5080	5174	1303
5041	5049	5054	5055	5058	5064	5099	5189	1304
5041	5048	5054	5055	5058	5064	5075	5238	1305
5042	5048	5054	5055	5058	5060	5069	5149	1306
5044	5051	5054	5055	5058	5061	5069	5162	1307
5043	5046	5053	5055	5058	5061	5069	5158	1308
5044	5052	5054	5055	5058	5062	5080	5149	1309
5043	5052	5054	5055	5059	5061	5069	5149	1310
5045	5051	5054	5055	5058	5061	5097	5221	1311
5039	5050	5054	5055	5058	5063	5077	5155	1312
5044	5048	5054	5055	5058	5060	5087	5222	1313
5039	5046	5053	5055	5058	5060	5087	5222	1314
5042	5050	5054	5055	5058	5064	5095	5198	1315
5042	5048	5054	5055	5058	5062	5074	5149	1316
5045	5051	5054	5055	5059	5061	5070	5150	1317
5040	5049	5054	5055	5058	5061	5069	5313	1318
5040	5048	5054	5055	5058	5061	5075	5159	1319
5043	5052	5054	5055	5058	5061	5076	5205	1320
5041	5046	5053	5056	5058	5064	5069	5172	1321
5039	5048	5054	5055	5058	5067	5069	5149	1322
5041	5048	5054	5055	5058	5061	5069	5162	1323
5040	5047	5053	5055	5058	5063	5077	5149	1324
5044	5048	5054	5055	5058	5061	5075	5149	1325
5041	5048	5054	5055	5059	5064	5088	5149	1326
5040	5051	5054	5055	5058	5061	5079	5149	1327
5041	5049	5054	5055	5058	5063	5069	5252	1328
5040	5052	5054	5057	5059	5060	5087	5259	1329
5044	5052	5054	5055	5058	5063	5069	5207	1330
5041	5051	5054	5055	5058	5060	5084	5160	1331
5042	5049	5054	5056	5058	5060	5075	5149	1332
5040	5047	5053	5055	5058	5067	5075	5159	1333
5039	5046	5053	5055	5058	5065	5069	5149	1334
5040	5046	5053	5055	5058	5060	5077	5149	1335
5041	5046	5053	5055	5058	5061	5080	5174	1336
5043	5048	5054	5056	5058	5060	5069	5180	1337
5042	5052	5053	5057	5058	5061	5088	5149	1338
5041	5046	5053	5055	5058	5064	5093	5177	1339
5040	5051	5054	5056	5058	5063	5069	5149	1340
5039	5049	5054	5055	5058	5060	5083	5318	1341
5045	5048	5054	5055	5059	5065	5075	5159	1342
5039	5046	5053	5057	5058	5062	5088	5149	1343
5040	5052	5054	5056	5058	5063	5073	5156	1344
5043	5046	5053	5056	5058	5060	5069	5172	1345
5039	5050	5054	5055	5058	5060	5080	5149	1346
5041	5047	5053	5055	5058	5061	5097	5221	1347
5040	5052	5054	5057	5058	5060	5080	5149	1348
5042	5046	5053	5055	5058	5060	5093	5177	1349
5040	5050	5054	5057	5058	5060	5069	5149	1350
5041	5048	5054	5055	5058	5063	5069	5149	1351
5039	5048	5054	5055	5058	5061	5075	5199	1352
5044	5049	5054	5055	5058	5061	5116	5234	1353
5044	5052	5054	5055	5058	5060	5075	5159	1354
5042	5046	5053	5055	5059	5061	5077	5155	1355
5039	5051	5054	5055	5058	5061	5075	5159	1356
5039	5052	5054	5055	5058	5061	5078	5165	1357
5040	5049	5054	5055	5058	5060	5070	5150	1358
5040	5051	5054	5056	5058	5060	5069	5149	1359
5040	5049	5054	5055	5058	5061	5069	5158	1360
5041	5047	5053	5056	5058	5063	5073	5175	1361
5040	5052	5054	5055	5059	5061	5069	5149	1362
5042	5049	5054	5055	5058	5061	5069	5149	1363
5040	5052	5054	5056	5058	5061	5070	5150	1364
5041	5047	5053	5055	5058	5060	5111	5219	1365
5039	5052	5054	5056	5058	5061	5075	5149	1366
5043	5046	5053	5055	5058	5062	5069	5149	1367
5041	5046	5053	5055	5058	5061	5085	5230	1368
5039	5050	5054	5055	5058	5060	5085	5149	1369
5044	5046	5053	5056	5058	5061	5075	5149	1370
5045	5046	5053	5055	5058	5060	5070	5150	1371
5045	5051	5054	5055	5058	5060	5070	5154	1372
5043	5048	5054	5055	5058	5067	5069	5149	1373
5045	5052	5054	5056	5058	5061	5069	5149	1374
5042	5046	5053	5055	5058	5064	5075	5149	1375
5040	5046	5053	5055	5058	5060	5070	5150	1376
5041	5046	5053	5055	5058	5060	5069	5179	1377
5043	5052	5054	5056	5058	5064	5099	5188	1378
5039	5050	5054	5055	5058	5063	5075	5159	1379
5040	5047	5053	5056	5058	5060	5070	5150	1380
5042	5046	5053	5055	5058	5061	5069	5149	1381
5040	5046	5053	5056	5058	5060	5098	5186	1382
5039	5052	5054	5055	5058	5061	5086	5149	1383
5043	5051	5054	5055	5058	5061	5077	5155	1384
5045	5052	5054	5056	5058	5062	5069	5149	1385
5040	5049	5054	5055	5059	5061	5070	5150	1386
5041	5048	5054	5055	5058	5063	5075	5159	1387
5041	5051	5054	5056	5058	5061	5070	5154	1388
5040	5050	5054	5057	5058	5061	5070	5149	1389
5041	5051	5054	5055	5058	5060	5103	5149	1390
5040	5047	5053	5055	5058	5061	5132	5149	1391
5041	5049	5054	5055	5058	5060	5088	5268	1392
5040	5051	5054	5055	5058	5064	5081	5149	1393
5041	5049	5054	5055	5058	5063	5084	5160	1394
5045	5051	5054	5055	5058	5062	5069	5149	1395
5040	5047	5053	5055	5058	5061	5073	5156	1396
5045	5047	5053	5055	5058	5061	5075	5199	1397
5040	5048	5054	5055	5058	5060	5087	5222	1398
5044	5049	5054	5055	5058	5061	5099	5189	1399
5040	5046	5053	5056	5058	5061	5070	5150	1400
5042	5052	5053	5057	5058	5061	5091	5171	1401
5042	5052	5053	5055	5058	5063	5077	5155	1402
5042	5049	5054	5055	5058	5061	5075	5149	1403
5044	5048	5054	5055	5058	5061	5086	5149	1404
5039	5051	5054	5055	5059	5061	5069	5241	1405
5044	5048	5054	5057	5058	5065	5071	5152	1406
5041	5046	5053	5056	5058	5060	5098	5186	1407
5041	5048	5054	5056	5058	5061	5073	5175	1408
5041	5046	5053	5055	5058	5061	5069	5235	1409
5039	5050	5054	5055	5058	5061	5070	5150	1410
5040	5050	5054	5057	5058	5065	5071	5152	1411
5041	5052	5053	5055	5058	5061	5105	5149	1412
5044	5049	5054	5055	5059	5061	5070	5150	1413
5041	5048	5054	5057	5058	5062	5080	5174	1414
5045	5050	5054	5056	5058	5062	5069	5163	1415
5041	5052	5053	5055	5058	5060	5072	5244	1416
5043	5050	5054	5056	5058	5061	5069	5149	1417
5042	5048	5054	5055	5058	5061	5073	5161	1418
5039	5049	5054	5055	5058	5061	5110	5149	1419
5041	5048	5054	5055	5058	5060	5115	5316	1420
5044	5049	5054	5055	5058	5062	5077	5155	1421
5043	5047	5053	5055	5058	5060	5094	5272	1422
5039	5051	5054	5055	5058	5060	5072	5153	1423
5040	5050	5054	5055	5058	5064	5075	5199	1424
5040	5052	5054	5055	5058	5061	5087	5237	1425
5039	5051	5054	5055	5058	5061	5069	5241	1426
5039	5049	5054	5055	5058	5060	5086	5149	1427
5041	5046	5053	5056	5058	5060	5113	5229	1428
5041	5048	5054	5055	5058	5060	5115	5149	1429
5044	5052	5054	5055	5058	5061	5077	5155	1430
5044	5051	5054	5055	5058	5065	5071	5152	1431
5042	5047	5053	5055	5058	5061	5079	5149	1432
5042	5046	5053	5055	5058	5061	5077	5155	1433
5040	5052	5054	5055	5058	5062	5069	5149	1434
5040	5048	5054	5055	5058	5062	5069	5149	1435
5039	5048	5054	5056	5059	5060	5069	5149	1436
5041	5048	5054	5055	5058	5064	5070	5149	1437
5045	5050	5054	5055	5058	5061	5069	5149	1438
5040	5049	5054	5055	5059	5060	5069	5149	1439
5039	5046	5053	5056	5058	5061	5085	5201	1440
5040	5047	5053	5055	5058	5063	5090	5149	1441
5044	5047	5053	5055	5058	5064	5095	5149	1442
5039	5052	5054	5056	5058	5061	5069	5149	1443
5043	5046	5053	5055	5058	5060	5124	5275	1444
5041	5051	5054	5055	5058	5061	5087	5222	1445
5039	5048	5054	5055	5058	5061	5085	5201	1446
5040	5047	5053	5055	5058	5064	5075	5159	1447
5043	5046	5053	5055	5058	5062	5070	5150	1448
5042	5047	5053	5055	5058	5061	5070	5243	1449
5039	5051	5054	5055	5058	5061	5090	5149	1450
5041	5049	5054	5055	5058	5060	5088	5149	1451
5039	5051	5054	5057	5058	5065	5069	5149	1452
5043	5046	5053	5055	5058	5064	5095	5149	1453
5043	5050	5054	5055	5058	5064	5069	5149	1454
5044	5052	5054	5055	5058	5061	5069	5172	1455
5043	5047	5053	5056	5058	5060	5069	5149	1456
5044	5046	5053	5056	5059	5061	5073	5156	1457
5044	5047	5053	5056	5058	5060	5080	5174	1458
5045	5052	5054	5055	5058	5062	5075	5223	1459
5039	5048	5054	5055	5058	5061	5097	5184	1460
5041	5052	5053	5055	5058	5064	5107	5213	1461
5041	5049	5054	5055	5058	5061	5071	5152	1462
5044	5049	5054	5055	5058	5061	5073	5249	1463
5039	5050	5054	5055	5058	5060	5080	5174	1464
5041	5048	5054	5055	5058	5060	5100	5192	1465
5041	5048	5054	5055	5058	5062	5070	5150	1466
5041	5047	5053	5055	5058	5061	5116	5234	1467
5039	5050	5054	5055	5058	5065	5069	5149	1468
5043	5049	5054	5055	5058	5060	5087	5222	1469
5040	5051	5054	5056	5058	5064	5069	5151	1470
5043	5048	5054	5056	5058	5060	5069	5172	1471
5044	5046	5053	5055	5058	5060	5069	5206	1472
5042	5048	5054	5055	5058	5060	5103	5149	1473
5041	5052	5053	5055	5058	5062	5095	5149	1474
5041	5051	5054	5055	5058	5060	5069	5149	1475
5043	5046	5053	5055	5058	5060	5070	5150	1476
5039	5048	5054	5055	5058	5061	5099	5189	1477
5044	5047	5053	5055	5058	5060	5086	5149	1478
5043	5047	5053	5056	5058	5061	5086	5216	1479
5041	5051	5054	5056	5058	5060	5070	5149	1480
5041	5047	5053	5056	5058	5061	5098	5186	1481
5044	5046	5053	5055	5058	5060	5114	5149	1482
5045	5052	5054	5056	5058	5060	5087	5149	1483
5039	5046	5053	5055	5058	5062	5074	5149	1484
5044	5052	5054	5055	5058	5061	5108	5214	1485
5040	5051	5054	5055	5058	5060	5079	5149	1486
5043	5046	5053	5057	5058	5061	5115	5233	1487
5041	5048	5054	5055	5058	5061	5104	5204	1488
5041	5049	5054	5055	5058	5064	5087	5191	1489
5040	5048	5054	5055	5058	5060	5069	5321	1490
5044	5046	5053	5055	5058	5060	5070	5150	1491
5039	5049	5054	5055	5058	5063	5072	5244	1492
5040	5046	5053	5055	5058	5060	5073	5149	1493
5039	5051	5054	5055	5058	5063	5073	5183	1494
5041	5050	5054	5055	5059	5060	5069	5149	1495
5043	5050	5054	5055	5058	5061	5085	5149	1496
5039	5051	5054	5055	5058	5060	5070	5150	1497
5041	5048	5054	5055	5059	5061	5104	5204	1498
5040	5050	5054	5055	5059	5062	5069	5149	1499
5040	5051	5054	5055	5058	5061	5069	5266	1500
5039	5050	5054	5055	5058	5061	5073	5157	1501
5039	5046	5053	5055	5058	5060	5069	5151	1502
5044	5051	5054	5055	5059	5061	5130	5296	1503
5044	5052	5054	5055	5059	5062	5074	5149	1504
5042	5047	5053	5055	5058	5061	5106	5212	1505
5043	5052	5054	5055	5058	5062	5069	5149	1506
5043	5049	5054	5056	5058	5060	5069	5149	1507
5044	5051	5054	5055	5058	5061	5075	5149	1508
5039	5049	5054	5056	5058	5061	5069	5240	1509
5041	5052	5053	5055	5058	5065	5088	5297	1510
5039	5049	5054	5055	5058	5061	5075	5159	1511
5039	5050	5054	5055	5058	5060	5114	5149	1512
5045	5050	5054	5055	5058	5061	5080	5174	1513
5039	5049	5054	5055	5058	5064	5069	5266	1514
5040	5052	5054	5055	5058	5060	5070	5166	1515
5039	5047	5053	5056	5058	5061	5069	5172	1516
5042	5047	5053	5056	5058	5061	5088	5190	1517
5039	5046	5053	5055	5058	5060	5070	5150	1518
5041	5049	5054	5056	5058	5061	5095	5149	1519
5043	5047	5053	5055	5058	5062	5075	5167	1520
5044	5046	5053	5055	5058	5062	5120	5149	1521
5040	5052	5054	5057	5058	5061	5070	5150	1522
5040	5048	5054	5057	5058	5061	5070	5154	1523
5041	5046	5053	5055	5058	5061	5085	5169	1524
5041	5050	5054	5055	5058	5061	5080	5174	1525
5041	5047	5053	5055	5058	5060	5078	5165	1526
5045	5047	5053	5055	5058	5061	5070	5150	1527
5041	5050	5054	5055	5058	5061	5075	5159	1528
5042	5046	5053	5055	5058	5066	5099	5196	1529
5044	5051	5054	5055	5058	5065	5075	5159	1530
5040	5050	5054	5055	5058	5060	5121	5255	1531
5040	5052	5054	5055	5058	5061	5090	5149	1532
5043	5049	5054	5056	5058	5061	5070	5150	1533
5044	5047	5053	5055	5058	5066	5099	5196	1534
5041	5046	5053	5055	5058	5060	5075	5159	1535
5045	5048	5054	5055	5058	5063	5069	5149	1536
5041	5047	5053	5057	5058	5060	5069	5240	1537
5041	5046	5053	5055	5059	5062	5074	5149	1538
5043	5051	5054	5055	5058	5061	5073	5249	1539
5041	5049	5054	5055	5058	5063	5075	5159	1540
5040	5046	5053	5055	5058	5060	5086	5211	1541
5044	5049	5054	5055	5058	5061	5106	5212	1542
5042	5046	5053	5056	5058	5060	5070	5149	1543
5041	5046	5053	5055	5058	5060	5075	5149	1544
5044	5052	5054	5055	5058	5061	5070	5154	1545
5040	5052	5054	5055	5058	5061	5083	5149	1546
5039	5047	5053	5056	5059	5061	5088	5190	1547
5042	5048	5054	5055	5058	5065	5074	5149	1548
5039	5047	5053	5055	5058	5060	5118	5149	1549
5039	5046	5053	5055	5058	5061	5077	5155	1550
5044	5048	5054	5055	5058	5062	5074	5149	1551
5044	5047	5053	5056	5058	5061	5098	5186	1552
5039	5050	5054	5055	5058	5064	5080	5174	1553
5039	5046	5053	5055	5058	5061	5073	5156	1554
5039	5052	5054	5055	5058	5062	5075	5149	1555
5041	5050	5054	5055	5059	5061	5108	5214	1556
5041	5050	5054	5055	5058	5061	5095	5149	1557
5040	5049	5054	5057	5058	5061	5073	5175	1558
5044	5046	5053	5055	5058	5061	5069	5162	1559
5041	5048	5054	5055	5058	5061	5085	5230	1560
5041	5050	5054	5055	5058	5066	5073	5149	1561
5039	5050	5054	5055	5058	5060	5073	5183	1562
5040	5048	5054	5056	5058	5060	5080	5174	1563
5043	5047	5053	5055	5058	5061	5073	5157	1564
5040	5046	5053	5055	5058	5063	5093	5177	1565
5043	5049	5054	5056	5058	5060	5078	5165	1566
5041	5046	5053	5056	5058	5062	5088	5190	1567
5044	5050	5054	5055	5058	5060	5069	5337	1568
5041	5046	5053	5055	5058	5061	5088	5149	1569
5045	5052	5054	5055	5058	5062	5074	5149	1570
5040	5048	5054	5055	5058	5062	5075	5149	1571
5042	5052	5053	5055	5058	5061	5075	5149	1572
5039	5052	5054	5056	5058	5064	5069	5149	1573
5044	5049	5054	5055	5058	5060	5070	5243	1574
5039	5052	5054	5057	5058	5060	5070	5149	1575
5041	5052	5053	5056	5058	5063	5069	5149	1576
5044	5052	5054	5057	5058	5060	5070	5154	1577
5041	5047	5053	5056	5058	5061	5088	5149	1578
5040	5050	5054	5055	5059	5065	5069	5149	1579
5040	5046	5053	5055	5058	5061	5085	5323	1580
5042	5051	5054	5055	5058	5060	5078	5165	1581
5041	5046	5053	5055	5058	5064	5075	5149	1582
5043	5052	5054	5055	5058	5060	5104	5204	1583
5043	5051	5054	5055	5058	5060	5075	5149	1584
5044	5047	5053	5056	5058	5061	5069	5172	1585
5044	5051	5054	5055	5058	5060	5087	5149	1586
5044	5046	5053	5055	5058	5061	5085	5220	1587
5040	5048	5054	5055	5058	5061	5070	5243	1588
5042	5046	5053	5056	5058	5061	5069	5149	1589
5044	5052	5054	5055	5058	5061	5087	5222	1590
5041	5050	5054	5055	5058	5061	5093	5177	1591
5039	5051	5054	5055	5058	5060	5085	5169	1592
5041	5050	5054	5055	5058	5061	5069	5281	1593
5044	5048	5054	5055	5058	5060	5069	5149	1594
5039	5049	5054	5055	5058	5061	5078	5165	1595
5041	5052	5053	5055	5058	5060	5096	5181	1596
5043	5052	5054	5055	5058	5063	5077	5155	1597
5041	5052	5053	5055	5058	5063	5094	5272	1598
5041	5047	5053	5055	5058	5061	5086	5211	1599
5039	5050	5054	5055	5058	5065	5106	5212	1600
5039	5046	5053	5055	5058	5061	5070	5150	1601
5041	5049	5054	5055	5058	5061	5070	5149	1602
5041	5046	5053	5055	5058	5063	5069	5149	1603
5039	5052	5054	5055	5058	5064	5095	5149	1604
5041	5051	5054	5056	5058	5061	5073	5249	1605
5040	5046	5053	5055	5058	5062	5082	5149	1606
5039	5052	5054	5057	5058	5061	5115	5233	1607
5040	5050	5054	5055	5058	5060	5093	5177	1608
5045	5048	5054	5055	5058	5061	5089	5170	1609
5040	5050	5054	5055	5058	5060	5069	5180	1610
5041	5049	5054	5056	5058	5063	5073	5249	1611
5040	5046	5053	5055	5058	5060	5075	5149	1612
5044	5048	5054	5055	5058	5064	5073	5161	1613
5039	5046	5053	5055	5059	5063	5072	5153	1614
5039	5050	5054	5055	5058	5064	5075	5159	1615
5039	5052	5054	5055	5058	5062	5069	5180	1616
5039	5052	5054	5056	5058	5061	5070	5150	1617
5039	5048	5054	5055	5058	5060	5070	5149	1618
5043	5046	5053	5055	5058	5061	5088	5149	1619
5039	5050	5054	5055	5058	5061	5144	5149	1620
5041	5048	5054	5056	5058	5061	5073	5161	1621
5043	5049	5054	5055	5058	5061	5093	5177	1622
5042	5052	5053	5055	5058	5061	5073	5149	1623
5040	5048	5054	5055	5058	5061	5075	5167	1624
5040	5047	5053	5055	5058	5061	5075	5279	1625
5043	5051	5054	5055	5058	5060	5075	5159	1626
5039	5046	5053	5055	5058	5061	5075	5223	1627
5042	5052	5053	5055	5058	5061	5085	5230	1628
5039	5051	5054	5055	5058	5064	5090	5149	1629
5041	5046	5053	5056	5058	5064	5069	5235	1630
5039	5052	5054	5055	5059	5064	5081	5149	1631
5042	5047	5053	5055	5058	5061	5080	5149	1632
5044	5050	5054	5055	5058	5061	5104	5204	1633
5043	5052	5054	5055	5059	5060	5069	5180	1634
5041	5049	5054	5055	5058	5062	5083	5149	1635
5044	5048	5054	5055	5058	5060	5076	5205	1636
5044	5052	5054	5055	5058	5061	5075	5149	1637
5044	5048	5054	5055	5058	5060	5100	5192	1638
5039	5049	5054	5055	5058	5065	5069	5149	1639
5040	5049	5054	5055	5058	5060	5080	5174	1640
5040	5049	5054	5055	5059	5061	5077	5155	1641
5041	5047	5053	5055	5058	5061	5070	5149	1642
5041	5049	5054	5056	5058	5060	5070	5149	1643
5042	5048	5054	5055	5058	5061	5069	5149	1644
5039	5051	5054	5055	5058	5061	5073	5175	1645
5043	5048	5054	5055	5058	5061	5070	5150	1646
5040	5046	5053	5055	5058	5060	5069	5172	1647
5042	5049	5054	5055	5058	5060	5072	5264	1648
5044	5050	5054	5055	5058	5063	5085	5149	1649
5039	5046	5053	5055	5059	5061	5070	5173	1650
5041	5051	5054	5055	5058	5061	5085	5230	1651
5041	5048	5054	5055	5058	5061	5079	5149	1652
5041	5046	5053	5055	5058	5060	5078	5165	1653
5040	5048	5054	5055	5058	5061	5084	5232	1654
5041	5046	5053	5055	5058	5061	5080	5149	1655
5039	5050	5054	5057	5058	5061	5069	5162	1656
5043	5046	5053	5055	5058	5061	5088	5168	1657
5042	5052	5053	5055	5058	5061	5088	5149	1658
5043	5052	5054	5055	5058	5061	5077	5155	1659
5041	5050	5054	5055	5058	5061	5085	5169	1660
5041	5047	5053	5055	5058	5061	5069	5286	1661
5040	5051	5054	5055	5058	5064	5088	5190	1662
5040	5049	5054	5055	5058	5064	5075	5199	1663
5041	5050	5054	5055	5058	5064	5075	5149	1664
5039	5052	5054	5056	5058	5061	5075	5159	1665
5042	5047	5053	5055	5058	5060	5079	5149	1666
5044	5050	5054	5057	5058	5060	5070	5149	1667
5041	5052	5053	5055	5058	5061	5087	5200	1668
5039	5049	5054	5055	5058	5060	5100	5192	1669
5040	5051	5054	5055	5058	5065	5075	5159	1670
5040	5046	5053	5055	5058	5066	5070	5149	1671
5039	5052	5054	5056	5058	5060	5086	5216	1672
5044	5052	5054	5056	5058	5060	5075	5159	1673
5041	5051	5054	5055	5058	5064	5088	5149	1674
5041	5050	5054	5055	5058	5061	5069	5227	1675
5042	5049	5054	5055	5058	5061	5070	5150	1676
5045	5046	5053	5055	5058	5061	5069	5149	1677
5039	5049	5054	5056	5058	5060	5080	5174	1678
5041	5052	5053	5055	5058	5064	5073	5161	1679
5040	5048	5054	5055	5058	5061	5073	5157	1680
5042	5047	5053	5055	5058	5064	5088	5149	1681
5041	5048	5054	5055	5058	5061	5075	5199	1682
5041	5047	5053	5055	5058	5065	5069	5246	1683
5040	5050	5054	5056	5058	5063	5073	5183	1684
5043	5048	5054	5055	5058	5061	5121	5255	1685
5044	5046	5053	5055	5058	5061	5070	5149	1686
5044	5051	5054	5056	5058	5061	5099	5188	1687
5042	5051	5054	5056	5058	5061	5070	5150	1688
5039	5052	5054	5057	5059	5060	5070	5150	1689
5039	5052	5054	5056	5058	5064	5075	5159	1690
5041	5050	5054	5055	5058	5060	5087	5259	1691
5040	5046	5053	5055	5058	5062	5075	5149	1692
5040	5051	5054	5055	5058	5064	5069	5151	1693
5041	5049	5054	5055	5058	5061	5085	5220	1694
5042	5046	5053	5055	5058	5064	5075	5159	1695
5039	5050	5054	5055	5058	5061	5075	5203	1696
5043	5046	5053	5055	5058	5061	5070	5173	1697
5039	5052	5054	5055	5058	5062	5069	5158	1698
5039	5047	5053	5055	5059	5061	5069	5162	1699
5041	5052	5053	5055	5058	5061	5077	5155	1700
5041	5048	5054	5055	5058	5061	5075	5203	1701
5044	5046	5053	5057	5059	5065	5088	5149	1702
5039	5048	5054	5055	5058	5061	5075	5203	1703
5039	5051	5054	5055	5058	5065	5095	5149	1704
5043	5048	5054	5055	5058	5060	5075	5199	1705
5040	5049	5054	5057	5058	5063	5073	5175	1706
5045	5052	5054	5055	5058	5060	5121	5255	1707
5041	5051	5054	5056	5058	5060	5075	5159	1708
5045	5049	5054	5056	5058	5063	5069	5149	1709
5044	5050	5054	5055	5058	5061	5069	5151	1710
5039	5049	5054	5055	5058	5061	5075	5238	1711
5044	5047	5053	5055	5058	5060	5105	5149	1712
5040	5050	5054	5055	5058	5064	5069	5149	1713
5041	5052	5053	5056	5058	5060	5069	5149	1714
5041	5049	5054	5056	5058	5061	5070	5149	1715
5040	5049	5054	5055	5058	5060	5069	5180	1716
5040	5047	5053	5055	5059	5061	5070	5150	1717
5042	5046	5053	5055	5058	5061	5075	5159	1718
5042	5046	5053	5055	5058	5061	5075	5149	1719
5040	5051	5054	5055	5058	5061	5069	5149	1720
5039	5048	5054	5056	5058	5060	5075	5159	1721
5044	5047	5053	5055	5058	5061	5069	5180	1722
5039	5048	5054	5056	5058	5061	5075	5149	1723
5041	5047	5053	5055	5058	5061	5078	5165	1724
5040	5048	5054	5055	5058	5060	5084	5232	1725
5040	5051	5054	5055	5058	5064	5122	5339	1726
5042	5049	5054	5055	5058	5063	5077	5155	1727
5041	5050	5054	5056	5058	5065	5075	5149	1728
5041	5052	5053	5056	5058	5062	5080	5149	1729
5044	5047	5053	5055	5059	5061	5075	5149	1730
5045	5048	5054	5055	5058	5060	5070	5150	1731
5044	5050	5054	5055	5058	5063	5077	5155	1732
5041	5051	5054	5055	5058	5061	5116	5234	1733
5040	5047	5053	5055	5058	5062	5107	5213	1734
5042	5050	5054	5055	5058	5060	5080	5174	1735
5044	5052	5054	5057	5058	5061	5071	5152	1736
5040	5046	5053	5057	5058	5061	5115	5233	1737
5040	5046	5053	5055	5058	5062	5077	5256	1738
5040	5047	5053	5056	5058	5061	5098	5186	1739
5040	5050	5054	5055	5059	5061	5069	5149	1740
5040	5052	5054	5055	5058	5061	5080	5149	1741
5039	5051	5054	5055	5059	5062	5074	5149	1742
5043	5049	5054	5055	5058	5064	5069	5149	1743
5039	5051	5054	5056	5058	5061	5070	5150	1744
5041	5050	5054	5055	5058	5061	5075	5149	1745
5039	5047	5053	5055	5058	5061	5087	5200	1746
5044	5052	5054	5055	5058	5063	5069	5151	1747
5043	5046	5053	5056	5058	5061	5080	5174	1748
5040	5051	5054	5057	5058	5061	5082	5149	1749
5041	5048	5054	5055	5058	5060	5124	5275	1750
5044	5046	5053	5055	5058	5062	5069	5206	1751
5039	5048	5054	5056	5058	5060	5087	5191	1752
5043	5047	5053	5055	5058	5061	5097	5221	1753
5039	5049	5054	5055	5058	5062	5085	5201	1754
5045	5050	5054	5057	5058	5061	5088	5149	1755
5039	5048	5054	5055	5058	5061	5078	5165	1756
5043	5048	5054	5055	5059	5064	5069	5149	1757
5041	5051	5054	5055	5058	5064	5072	5149	1758
5044	5046	5053	5055	5058	5060	5085	5273	1759
5043	5049	5054	5056	5058	5061	5075	5238	1760
5043	5051	5054	5055	5058	5065	5093	5177	1761
5039	5049	5054	5057	5058	5062	5070	5149	1762
5041	5050	5054	5057	5058	5062	5069	5235	1763
5043	5052	5054	5055	5058	5063	5084	5160	1764
5041	5046	5053	5056	5058	5060	5102	5149	1765
5044	5047	5053	5055	5058	5060	5070	5150	1766
5045	5047	5053	5056	5058	5060	5069	5149	1767
5041	5050	5054	5055	5058	5060	5070	5166	1768
5039	5047	5053	5056	5058	5061	5069	5187	1769
5041	5049	5054	5056	5058	5061	5106	5212	1770
5039	5050	5054	5055	5058	5061	5069	5187	1771
5041	5047	5053	5055	5058	5064	5070	5150	1772
5040	5047	5053	5055	5058	5061	5073	5149	1773
5045	5051	5054	5055	5058	5061	5069	5179	1774
5040	5049	5054	5055	5058	5064	5095	5149	1775
5039	5050	5054	5057	5058	5060	5070	5154	1776
5043	5052	5054	5056	5058	5060	5069	5149	1777
5040	5047	5053	5056	5058	5060	5069	5149	1778
5040	5048	5054	5055	5058	5060	5115	5149	1779
5039	5052	5054	5055	5059	5060	5069	5149	1780
5041	5051	5054	5055	5058	5063	5069	5149	1781
5043	5048	5054	5055	5059	5063	5077	5155	1782
5039	5049	5054	5055	5058	5063	5069	5149	1783
5043	5049	5054	5055	5058	5060	5085	5169	1784
5039	5048	5054	5055	5058	5060	5114	5149	1785
5040	5046	5053	5055	5058	5061	5085	5201	1786
5040	5050	5054	5057	5058	5063	5073	5175	1787
5043	5052	5054	5056	5058	5062	5075	5159	1788
5041	5049	5054	5055	5058	5061	5069	5149	1789
5044	5047	5053	5055	5058	5061	5069	5149	1790
5043	5047	5053	5056	5058	5060	5070	5164	1791
5043	5046	5053	5055	5058	5061	5070	5243	1792
5039	5050	5054	5056	5058	5061	5082	5149	1793
5039	5046	5053	5055	5058	5061	5070	5149	1794
5043	5051	5054	5055	5058	5062	5085	5273	1795
5041	5048	5054	5055	5058	5060	5069	5179	1796
5039	5047	5053	5055	5058	5060	5069	5149	1797
5039	5046	5053	5055	5058	5063	5069	5179	1798
5040	5052	5054	5057	5058	5063	5073	5183	1799
5039	5051	5054	5055	5058	5060	5080	5149	1800
5039	5046	5053	5055	5058	5061	5085	5230	1801
5040	5052	5054	5055	5059	5060	5124	5275	1802
5044	5050	5054	5055	5058	5064	5073	5183	1803
5044	5052	5054	5055	5058	5063	5077	5155	1804
5039	5052	5054	5055	5058	5064	5107	5213	1805
5039	5048	5054	5055	5058	5060	5100	5149	1806
5040	5047	5053	5055	5058	5063	5091	5171	1807
5041	5049	5054	5055	5059	5061	5086	5211	1808
5040	5048	5054	5055	5058	5061	5069	5235	1809
5041	5048	5054	5055	5058	5060	5070	5150	1810
5039	5047	5053	5055	5058	5061	5099	5351	1811
5044	5050	5054	5057	5058	5064	5071	5152	1812
5039	5047	5053	5055	5058	5062	5070	5149	1813
5041	5050	5054	5055	5058	5060	5073	5157	1814
5040	5048	5054	5055	5058	5060	5072	5341	1815
5039	5050	5054	5055	5058	5060	5069	5180	1816
5043	5048	5054	5055	5058	5064	5070	5154	1817
5043	5047	5053	5055	5058	5065	5095	5149	1818
5041	5049	5054	5056	5058	5062	5070	5149	1819
5043	5047	5053	5055	5058	5064	5070	5149	1820
5043	5052	5054	5055	5058	5061	5094	5272	1821
5043	5048	5054	5055	5058	5060	5080	5174	1822
5041	5052	5053	5055	5058	5061	5086	5211	1823
5042	5050	5054	5055	5058	5064	5075	5159	1824
5039	5050	5054	5055	5058	5060	5069	5151	1825
5042	5049	5054	5055	5058	5061	5073	5183	1826
5040	5049	5054	5055	5058	5064	5116	5234	1827
5042	5049	5054	5055	5058	5060	5075	5159	1828
5040	5051	5054	5055	5058	5063	5084	5160	1829
5044	5050	5054	5055	5058	5061	5070	5154	1830
5043	5046	5053	5056	5059	5062	5070	5150	1831
5041	5047	5053	5055	5058	5061	5112	5265	1832
5039	5046	5053	5055	5058	5061	5075	5149	1833
5041	5052	5053	5055	5058	5064	5073	5156	1834
5041	5047	5053	5056	5058	5061	5070	5154	1835
5040	5051	5054	5055	5058	5063	5069	5149	1836
5040	5046	5053	5055	5059	5061	5085	5323	1837
5040	5047	5053	5056	5058	5061	5070	5150	1838
5044	5047	5053	5055	5058	5063	5069	5149	1839
5043	5046	5053	5055	5058	5060	5073	5183	1840
5041	5049	5054	5055	5058	5061	5087	5191	1841
5045	5050	5054	5056	5058	5060	5113	5229	1842
5040	5047	5053	5055	5058	5063	5077	5155	1843
5044	5051	5054	5055	5058	5064	5075	5159	1844
5039	5050	5054	5056	5058	5060	5075	5149	1845
5039	5047	5053	5055	5058	5061	5130	5296	1846
5045	5048	5054	5055	5058	5060	5075	5203	1847
5041	5047	5053	5055	5058	5060	5070	5315	1848
5041	5047	5053	5056	5058	5061	5070	5164	1849
5045	5052	5054	5055	5058	5061	5073	5156	1850
5040	5052	5054	5056	5058	5060	5069	5149	1851
5042	5052	5053	5055	5058	5063	5085	5201	1852
5039	5052	5054	5055	5058	5064	5069	5149	1853
5042	5052	5053	5056	5058	5060	5079	5176	1854
5044	5050	5054	5055	5058	5061	5100	5192	1855
5041	5046	5053	5055	5058	5061	5070	5149	1856
5041	5050	5054	5055	5058	5063	5075	5159	1857
5041	5051	5054	5055	5058	5061	5073	5156	1858
5040	5049	5054	5055	5058	5060	5069	5162	1859
5043	5049	5054	5056	5058	5061	5086	5216	1860
5040	5050	5054	5055	5058	5061	5087	5191	1861
5039	5050	5054	5055	5058	5060	5102	5149	1862
5039	5052	5054	5055	5058	5060	5107	5213	1863
5045	5049	5054	5055	5058	5060	5084	5160	1864
5039	5047	5053	5055	5058	5064	5069	5162	1865
5041	5052	5053	5055	5058	5063	5072	5244	1866
5041	5046	5053	5057	5058	5060	5069	5162	1867
5043	5046	5053	5055	5058	5064	5075	5159	1868
5042	5049	5054	5055	5059	5060	5069	5179	1869
5041	5052	5053	5056	5059	5060	5070	5154	1870
5045	5052	5054	5056	5058	5065	5075	5159	1871
5041	5049	5054	5055	5058	5062	5087	5222	1872
5044	5052	5054	5055	5058	5061	5086	5211	1873
5043	5049	5054	5055	5058	5060	5069	5149	1874
5041	5051	5054	5055	5058	5060	5118	5149	1875
5040	5051	5054	5055	5058	5065	5078	5149	1876
5039	5048	5054	5055	5058	5060	5076	5205	1877
5043	5051	5054	5055	5058	5062	5074	5149	1878
5042	5052	5053	5055	5058	5062	5107	5213	1879
5040	5048	5054	5055	5058	5061	5069	5185	1880
5039	5051	5054	5056	5058	5061	5073	5183	1881
5039	5052	5054	5055	5058	5063	5073	5149	1882
5041	5049	5054	5057	5058	5061	5071	5152	1883
5039	5050	5054	5055	5058	5065	5075	5149	1884
5040	5047	5053	5055	5058	5064	5069	5158	1885
5044	5050	5054	5056	5058	5063	5069	5149	1886
5039	5048	5054	5055	5058	5061	5080	5174	1887
5040	5047	5053	5056	5058	5061	5071	5152	1888
5040	5051	5054	5055	5059	5062	5073	5161	1889
5044	5052	5054	5055	5058	5062	5069	5149	1890
5044	5047	5053	5055	5058	5063	5075	5159	1891
5039	5052	5054	5055	5058	5066	5095	5149	1892
5039	5046	5053	5055	5058	5061	5080	5149	1893
5042	5050	5054	5056	5058	5061	5073	5157	1894
5041	5049	5054	5056	5058	5063	5073	5149	1895
5041	5048	5054	5055	5058	5060	5097	5221	1896
5039	5048	5054	5055	5058	5060	5070	5154	1897
5043	5046	5053	5055	5058	5061	5073	5161	1898
5040	5049	5054	5055	5059	5063	5075	5159	1899
5044	5046	5053	5055	5058	5060	5069	5180	1900
5045	5048	5054	5055	5058	5065	5093	5177	1901
5043	5047	5053	5056	5058	5061	5070	5149	1902
5039	5046	5053	5055	5058	5060	5078	5165	1903
5040	5046	5053	5055	5058	5062	5099	5189	1904
5045	5048	5054	5055	5058	5061	5069	5162	1905
5040	5049	5054	5055	5058	5061	5099	5189	1906
5040	5049	5054	5057	5058	5060	5070	5149	1907
5041	5048	5054	5055	5058	5062	5075	5159	1908
5043	5048	5054	5055	5058	5061	5085	5169	1909
5043	5050	5054	5055	5058	5060	5075	5203	1910
5044	5052	5054	5057	5058	5063	5069	5149	1911
5042	5049	5054	5055	5058	5061	5101	5197	1912
5045	5046	5053	5055	5058	5061	5069	5246	1913
5043	5047	5053	5055	5058	5061	5088	5168	1914
5041	5052	5053	5055	5058	5060	5070	5154	1915
5042	5047	5053	5055	5058	5060	5072	5282	1916
5040	5046	5053	5055	5058	5061	5078	5149	1917
5041	5047	5053	5056	5058	5060	5069	5151	1918
5041	5050	5054	5055	5058	5060	5085	5230	1919
5039	5050	5054	5056	5058	5061	5073	5156	1920
5041	5050	5054	5055	5058	5063	5072	5153	1921
5041	5049	5054	5056	5058	5061	5075	5159	1922
5041	5049	5054	5055	5058	5065	5073	5149	1923
5040	5047	5053	5056	5058	5061	5080	5149	1924
5040	5048	5054	5055	5058	5064	5070	5149	1925
5040	5046	5053	5055	5058	5062	5095	5149	1926
5040	5046	5053	5055	5058	5064	5069	5149	1927
5041	5047	5053	5055	5059	5060	5085	5230	1928
5041	5049	5054	5055	5058	5060	5071	5152	1929
5040	5051	5054	5057	5058	5061	5069	5179	1930
5039	5047	5053	5055	5058	5060	5073	5161	1931
5041	5047	5053	5055	5058	5060	5069	5180	1932
5043	5047	5053	5055	5058	5061	5085	5201	1933
5039	5046	5053	5055	5058	5064	5069	5149	1934
5040	5052	5054	5055	5058	5061	5069	5187	1935
5043	5046	5053	5055	5058	5060	5073	5249	1936
5039	5048	5054	5056	5058	5060	5069	5149	1937
5039	5050	5054	5057	5058	5064	5069	5235	1938
5039	5048	5054	5055	5058	5061	5073	5175	1939
5040	5052	5054	5055	5058	5063	5069	5240	1940
5039	5047	5053	5055	5058	5065	5069	5246	1941
5039	5050	5054	5055	5058	5067	5079	5176	1942
5044	5051	5054	5055	5058	5061	5099	5189	1943
5039	5051	5054	5057	5058	5061	5070	5149	1944
5039	5050	5054	5056	5058	5061	5070	5154	1945
5044	5048	5054	5055	5058	5060	5070	5149	1946
5042	5049	5054	5055	5058	5065	5075	5159	1947
5044	5052	5054	5057	5058	5060	5070	5150	1948
5041	5046	5053	5055	5058	5062	5069	5172	1949
5040	5051	5054	5056	5058	5061	5073	5249	1950
5041	5046	5053	5056	5058	5060	5071	5152	1951
5041	5046	5053	5056	5058	5061	5088	5190	1952
5040	5048	5054	5056	5058	5061	5075	5149	1953
5040	5048	5054	5057	5058	5061	5069	5179	1954
5043	5048	5054	5055	5058	5060	5069	5149	1955
5041	5047	5053	5056	5058	5060	5073	5249	1956
5039	5046	5053	5055	5058	5060	5111	5219	1957
5039	5049	5054	5055	5059	5060	5085	5201	1958
5039	5052	5054	5056	5058	5061	5070	5154	1959
5040	5050	5054	5055	5058	5062	5069	5258	1960
5043	5049	5054	5055	5058	5061	5069	5158	1961
5040	5049	5054	5055	5058	5061	5076	5149	1962
5040	5049	5054	5055	5058	5061	5085	5202	1963
5043	5048	5054	5056	5058	5061	5088	5190	1964
5045	5047	5053	5055	5059	5061	5069	5149	1965
5042	5049	5054	5055	5058	5060	5069	5158	1966
5044	5047	5053	5056	5058	5060	5070	5150	1967
5041	5049	5054	5055	5058	5061	5090	5149	1968
5044	5052	5054	5055	5058	5061	5069	5246	1969
5041	5051	5054	5056	5058	5060	5070	5154	1970
5041	5047	5053	5055	5058	5061	5069	5180	1971
5041	5050	5054	5056	5058	5060	5080	5174	1972
5043	5049	5054	5056	5058	5063	5073	5183	1973
5042	5049	5054	5056	5058	5061	5079	5176	1974
5042	5047	5053	5056	5058	5061	5071	5152	1975
5041	5046	5053	5055	5059	5061	5070	5173	1976
5041	5051	5054	5055	5058	5060	5112	5265	1977
5039	5050	5054	5056	5058	5060	5070	5150	1978
5040	5052	5054	5056	5058	5060	5079	5176	1979
5041	5052	5053	5057	5058	5061	5075	5149	1980
5039	5050	5054	5055	5058	5062	5070	5149	1981
5041	5046	5053	5055	5058	5064	5069	5179	1982
5043	5052	5054	5055	5058	5064	5075	5149	1983
5045	5050	5054	5055	5058	5064	5069	5149	1984
5040	5047	5053	5055	5058	5064	5090	5149	1985
5042	5050	5054	5055	5058	5060	5085	5202	1986
5039	5047	5053	5056	5058	5060	5098	5186	1987
5044	5048	5054	5057	5058	5063	5070	5149	1988
5044	5046	5053	5055	5058	5060	5070	5154	1989
5040	5047	5053	5055	5058	5060	5072	5153	1990
5040	5052	5054	5055	5058	5060	5069	5158	1991
5041	5049	5054	5055	5058	5060	5085	5201	1992
5042	5050	5054	5055	5058	5061	5077	5155	1993
5039	5051	5054	5055	5058	5063	5093	5177	1994
5040	5049	5054	5055	5058	5060	5069	5151	1995
5044	5047	5053	5055	5058	5064	5069	5235	1996
5042	5050	5054	5055	5058	5063	5077	5195	1997
5041	5052	5053	5057	5058	5061	5070	5149	1998
5045	5052	5054	5057	5058	5061	5070	5150	1999
5040	5050	5054	5057	5058	5063	5070	5149	2000
5043	5047	5053	5055	5058	5061	5073	5249	2001
5041	5047	5053	5055	5058	5060	5118	5149	2002
5043	5046	5053	5055	5058	5060	5110	5149	2003
5044	5051	5054	5055	5058	5062	5070	5150	2004
5039	5052	5054	5056	5058	5060	5069	5149	2005
5043	5051	5054	5055	5058	5061	5079	5149	2006
5039	5051	5054	5055	5058	5061	5069	5151	2007
5040	5049	5054	5055	5058	5064	5075	5159	2008
5039	5046	5053	5055	5058	5063	5075	5149	2009
5039	5051	5054	5055	5058	5060	5103	5149	2010
5043	5050	5054	5055	5058	5060	5073	5149	2011
5039	5048	5054	5056	5058	5060	5069	5172	2012
5039	5047	5053	5055	5058	5060	5080	5149	2013
5041	5051	5054	5055	5058	5060	5069	5151	2014
5039	5049	5054	5055	5058	5061	5070	5154	2015
5039	5048	5054	5056	5058	5061	5108	5149	2016
5041	5049	5054	5056	5058	5061	5070	5150	2017
5039	5048	5054	5055	5058	5060	5087	5237	2018
5039	5048	5054	5055	5058	5062	5078	5165	2019
5042	5049	5054	5056	5058	5061	5106	5212	2020
5039	5049	5054	5055	5058	5061	5069	5179	2021
5039	5050	5054	5055	5058	5066	5095	5149	2022
5040	5046	5053	5055	5058	5061	5069	5206	2023
5039	5050	5054	5055	5058	5060	5069	5172	2024
5039	5050	5054	5055	5058	5060	5070	5243	2025
5039	5052	5054	5055	5058	5061	5075	5149	2026
5043	5052	5054	5056	5058	5064	5092	5149	2027
5041	5052	5053	5055	5058	5060	5069	5248	2028
5039	5048	5054	5055	5058	5060	5080	5174	2029
5042	5048	5054	5056	5058	5061	5087	5149	2030
5041	5047	5053	5055	5058	5062	5069	5246	2031
5043	5047	5053	5055	5058	5061	5112	5225	2032
5044	5046	5053	5055	5058	5062	5074	5149	2033
5041	5050	5054	5056	5058	5061	5087	5149	2034
5040	5051	5054	5055	5058	5063	5075	5149	2035
5043	5052	5054	5055	5058	5060	5070	5154	2036
5039	5052	5054	5055	5058	5062	5089	5170	2037
5040	5050	5054	5055	5058	5060	5069	5209	2038
5043	5048	5054	5055	5058	5061	5073	5161	2039
5042	5046	5053	5055	5058	5060	5070	5150	2040
5040	5048	5054	5055	5058	5061	5092	5149	2041
5043	5047	5053	5057	5058	5060	5099	5196	2042
5040	5049	5054	5057	5058	5065	5071	5152	2043
5041	5050	5054	5055	5058	5064	5069	5149	2044
5041	5052	5053	5055	5058	5062	5070	5150	2045
5044	5048	5054	5055	5059	5061	5100	5192	2046
5045	5048	5054	5056	5058	5061	5073	5175	2047
5044	5052	5054	5056	5058	5061	5073	5183	2048
5043	5051	5054	5056	5058	5062	5069	5149	2049
5039	5052	5054	5055	5058	5064	5073	5157	2050
5040	5048	5054	5056	5058	5060	5069	5149	2051
5044	5048	5054	5055	5058	5060	5080	5149	2052
5044	5049	5054	5055	5058	5061	5120	5253	2053
5039	5050	5054	5055	5058	5061	5085	5312	2054
5040	5052	5054	5056	5058	5060	5087	5200	2055
5040	5051	5054	5055	5058	5061	5073	5161	2056
5045	5052	5054	5055	5059	5060	5069	5149	2057
5041	5051	5054	5055	5058	5061	5070	5154	2058
5041	5046	5053	5055	5058	5062	5077	5155	2059
5043	5049	5054	5056	5058	5060	5102	5149	2060
5039	5046	5053	5055	5058	5065	5106	5212	2061
5039	5048	5054	5055	5058	5063	5077	5155	2062
5039	5052	5054	5055	5058	5060	5073	5161	2063
5043	5046	5053	5055	5058	5061	5075	5199	2064
5044	5048	5054	5057	5058	5061	5088	5149	2065
5042	5049	5054	5055	5058	5061	5070	5243	2066
5040	5047	5053	5055	5058	5060	5114	5149	2067
5043	5052	5054	5055	5058	5061	5075	5159	2068
5044	5049	5054	5057	5058	5065	5069	5163	2069
5039	5047	5053	5055	5058	5061	5085	5230	2070
5043	5048	5054	5055	5058	5064	5093	5177	2071
5039	5048	5054	5055	5058	5064	5075	5238	2072
5040	5046	5053	5055	5058	5065	5075	5159	2073
5042	5051	5054	5055	5058	5061	5073	5218	2074
5041	5047	5053	5055	5058	5060	5075	5149	2075
5044	5052	5054	5055	5058	5061	5070	5149	2076
5042	5050	5054	5055	5058	5061	5090	5149	2077
5045	5047	5053	5055	5058	5061	5069	5179	2078
5045	5052	5054	5055	5058	5061	5070	5150	2079
5044	5050	5054	5055	5059	5061	5075	5159	2080
5044	5047	5053	5055	5058	5061	5073	5156	2081
5039	5046	5053	5057	5059	5060	5069	5162	2082
5041	5046	5053	5055	5059	5060	5100	5192	2083
5043	5049	5054	5055	5058	5060	5086	5149	2084
5040	5050	5054	5055	5058	5061	5085	5230	2085
5040	5049	5054	5055	5059	5060	5070	5154	2086
5040	5048	5054	5055	5059	5063	5069	5149	2087
5040	5047	5053	5056	5058	5060	5075	5149	2088
5041	5052	5053	5057	5058	5060	5115	5233	2089
5040	5050	5054	5055	5058	5061	5079	5149	2090
5042	5049	5054	5055	5058	5060	5080	5174	2091
5040	5049	5054	5055	5058	5061	5087	5191	2092
5044	5049	5054	5055	5058	5061	5070	5150	2093
5041	5047	5053	5056	5058	5061	5091	5171	2094
5040	5052	5054	5055	5058	5063	5069	5248	2095
5040	5048	5054	5055	5058	5061	5070	5149	2096
5043	5051	5054	5055	5058	5061	5117	5236	2097
5040	5050	5054	5055	5058	5061	5085	5201	2098
5040	5046	5053	5055	5058	5061	5090	5149	2099
5039	5049	5054	5055	5058	5061	5101	5197	2100
5039	5049	5054	5055	5058	5060	5102	5274	2101
5041	5047	5053	5055	5058	5061	5069	5262	2102
5041	5047	5053	5056	5058	5060	5099	5188	2103
5040	5051	5054	5055	5058	5064	5078	5149	2104
5043	5051	5054	5055	5058	5060	5070	5154	2105
5045	5049	5054	5055	5058	5061	5077	5155	2106
5043	5049	5054	5055	5058	5061	5105	5149	2107
5043	5052	5054	5055	5058	5060	5069	5149	2108
5039	5048	5054	5056	5058	5061	5087	5149	2109
5039	5047	5053	5055	5058	5060	5096	5181	2110
5045	5052	5054	5056	5058	5061	5086	5216	2111
5040	5047	5053	5055	5058	5061	5126	5149	2112
5043	5047	5053	5056	5058	5060	5087	5149	2113
5040	5051	5054	5055	5058	5061	5070	5149	2114
5040	5050	5054	5055	5058	5062	5112	5225	2115
5040	5047	5053	5055	5058	5062	5118	5149	2116
5042	5050	5054	5055	5058	5061	5087	5237	2117
5041	5046	5053	5055	5058	5060	5080	5174	2118
5041	5047	5053	5055	5058	5060	5069	5149	2119
5040	5050	5054	5055	5058	5061	5077	5155	2120
5041	5046	5053	5055	5058	5060	5075	5203	2121
5044	5046	5053	5055	5059	5063	5075	5149	2122
5042	5047	5053	5055	5059	5060	5096	5181	2123
5042	5048	5054	5055	5058	5061	5069	5179	2124
5040	5047	5053	5056	5058	5061	5081	5149	2125
5040	5050	5054	5057	5058	5062	5070	5150	2126
5041	5048	5054	5056	5058	5061	5088	5190	2127
5042	5048	5054	5055	5058	5061	5075	5203	2128
5042	5047	5053	5055	5058	5062	5079	5149	2129
5041	5046	5053	5055	5058	5061	5100	5192	2130
5041	5046	5053	5055	5058	5061	5073	5149	2131
5043	5046	5053	5055	5058	5064	5086	5216	2132
5044	5048	5054	5056	5059	5061	5070	5164	2133
5042	5048	5054	5055	5058	5061	5073	5175	2134
5041	5049	5054	5055	5058	5060	5069	5151	2135
5042	5052	5053	5056	5058	5064	5075	5159	2136
5040	5047	5053	5056	5058	5060	5090	5149	2137
5042	5048	5054	5055	5058	5064	5073	5157	2138
5044	5049	5054	5056	5058	5061	5069	5149	2139
5041	5048	5054	5055	5058	5060	5070	5154	2140
5041	5048	5054	5055	5058	5060	5115	5233	2141
5039	5051	5054	5055	5058	5061	5097	5221	2142
5045	5051	5054	5055	5058	5060	5088	5268	2143
5041	5050	5054	5055	5058	5062	5104	5204	2144
5044	5052	5054	5055	5058	5060	5070	5150	2145
5042	5048	5054	5055	5058	5060	5125	5305	2146
5040	5047	5053	5055	5058	5063	5075	5167	2147
5041	5048	5054	5056	5058	5060	5069	5151	2148
5044	5048	5054	5055	5058	5060	5077	5149	2149
5040	5052	5054	5055	5058	5067	5069	5281	2150
5043	5047	5053	5055	5058	5060	5069	5248	2151
5040	5047	5053	5056	5058	5061	5086	5149	2152
5040	5051	5054	5055	5058	5060	5069	5182	2153
5041	5050	5054	5055	5058	5061	5105	5149	2154
5041	5050	5054	5056	5059	5061	5069	5149	2155
5041	5048	5054	5055	5058	5061	5085	5149	2156
5044	5047	5053	5055	5058	5061	5108	5214	2157
5042	5049	5054	5055	5058	5060	5070	5150	2158
5040	5051	5054	5057	5058	5065	5071	5152	2159
5043	5047	5053	5055	5058	5060	5070	5150	2160
5039	5049	5054	5055	5058	5061	5088	5190	2161
5040	5048	5054	5055	5058	5060	5087	5191	2162
5040	5048	5054	5055	5058	5060	5078	5149	2163
5040	5049	5054	5055	5058	5061	5087	5237	2164
5040	5047	5053	5055	5058	5061	5079	5149	2165
5039	5046	5053	5055	5058	5061	5089	5170	2166
5043	5052	5054	5055	5058	5062	5108	5214	2167
5039	5047	5053	5055	5058	5060	5078	5165	2168
5044	5050	5054	5055	5058	5061	5110	5149	2169
5041	5048	5054	5055	5058	5064	5121	5260	2170
5043	5046	5053	5056	5059	5061	5075	5149	2171
5045	5048	5054	5055	5058	5061	5080	5149	2172
5039	5049	5054	5055	5058	5061	5070	5150	2173
5042	5052	5053	5055	5058	5061	5069	5185	2174
5044	5051	5054	5055	5058	5064	5069	5149	2175
5043	5048	5054	5055	5058	5061	5080	5174	2176
5044	5048	5054	5057	5058	5061	5070	5150	2177
5039	5052	5054	5055	5058	5060	5069	5209	2178
5041	5047	5053	5057	5058	5061	5073	5175	2179
5045	5050	5054	5056	5059	5061	5070	5150	2180
5040	5048	5054	5055	5058	5062	5100	5192	2181
5041	5047	5053	5055	5058	5060	5070	5154	2182
5041	5050	5054	5056	5058	5061	5069	5149	2183
5040	5049	5054	5055	5058	5064	5069	5158	2184
5039	5050	5054	5057	5058	5061	5098	5186	2185
5040	5049	5054	5055	5058	5064	5069	5149	2186
5041	5050	5054	5055	5058	5061	5073	5161	2187
5044	5048	5054	5057	5058	5060	5069	5179	2188
5043	5051	5054	5055	5058	5061	5075	5149	2189
5041	5047	5053	5055	5058	5061	5085	5230	2190
5039	5048	5054	5057	5058	5060	5073	5183	2191
5045	5047	5053	5055	5058	5062	5075	5167	2192
5040	5046	5053	5055	5058	5060	5073	5157	2193
5042	5047	5053	5055	5058	5060	5086	5149	2194
5039	5050	5054	5057	5058	5062	5069	5149	2195
5039	5049	5054	5057	5058	5061	5069	5163	2196
5040	5051	5054	5056	5058	5061	5079	5176	2197
5039	5049	5054	5056	5058	5060	5075	5159	2198
5041	5050	5054	5055	5058	5060	5118	5149	2199
5041	5047	5053	5055	5058	5062	5087	5149	2200
5044	5051	5054	5055	5058	5060	5103	5149	2201
5040	5048	5054	5057	5058	5064	5069	5162	2202
5042	5052	5053	5056	5058	5061	5069	5235	2203
5042	5051	5054	5055	5058	5061	5073	5161	2204
5044	5049	5054	5055	5059	5064	5075	5159	2205
5040	5048	5054	5055	5058	5060	5090	5149	2206
5044	5046	5053	5055	5058	5060	5079	5149	2207
5044	5050	5054	5055	5059	5063	5069	5149	2208
5044	5049	5054	5056	5058	5061	5099	5188	2209
5041	5047	5053	5055	5058	5061	5070	5154	2210
5042	5049	5054	5055	5058	5060	5070	5154	2211
5040	5048	5054	5055	5058	5061	5086	5211	2212
5041	5047	5053	5056	5058	5060	5087	5200	2213
5041	5050	5054	5055	5058	5060	5070	5154	2214
5041	5049	5054	5055	5058	5060	5085	5220	2215
5041	5050	5054	5056	5058	5061	5070	5154	2216
5041	5052	5053	5056	5058	5061	5080	5149	2217
5045	5052	5054	5055	5058	5062	5116	5234	2218
5043	5052	5054	5056	5058	5060	5070	5154	2219
5041	5052	5053	5055	5058	5063	5075	5149	2220
5040	5050	5054	5056	5058	5064	5078	5165	2221
5045	5047	5053	5055	5058	5062	5074	5149	2222
5044	5048	5054	5056	5058	5060	5073	5183	2223
5041	5050	5054	5056	5058	5061	5070	5149	2224
5042	5051	5054	5055	5058	5061	5085	5201	2225
5042	5050	5054	5056	5058	5061	5069	5149	2226
5044	5050	5054	5055	5058	5061	5083	5149	2227
5045	5047	5053	5055	5058	5062	5075	5149	2228
5040	5051	5054	5055	5058	5060	5075	5159	2229
5044	5047	5053	5055	5058	5061	5078	5149	2230
5040	5049	5054	5055	5058	5061	5077	5155	2231
5043	5047	5053	5055	5058	5060	5097	5221	2232
5040	5050	5054	5055	5058	5061	5110	5149	2233
5040	5052	5054	5057	5058	5060	5070	5150	2234
5041	5046	5053	5055	5058	5060	5079	5149	2235
5040	5051	5054	5055	5058	5061	5088	5149	2236
5040	5050	5054	5055	5058	5061	5100	5192	2237
5041	5047	5053	5055	5058	5060	5072	5282	2238
5040	5047	5053	5055	5058	5061	5069	5151	2239
5043	5047	5053	5056	5058	5060	5070	5154	2240
5041	5047	5053	5055	5058	5062	5095	5149	2241
5039	5048	5054	5055	5058	5063	5078	5165	2242
5040	5050	5054	5055	5058	5061	5073	5149	2243
5039	5046	5053	5055	5058	5063	5072	5153	2244
5043	5049	5054	5055	5058	5060	5069	5162	2245
5045	5048	5054	5055	5058	5060	5070	5154	2246
5040	5047	5053	5055	5058	5061	5073	5157	2247
5039	5049	5054	5056	5059	5061	5071	5149	2248
5043	5050	5054	5056	5058	5060	5069	5172	2249
5040	5051	5054	5055	5058	5061	5108	5214	2250
5043	5046	5053	5055	5058	5061	5071	5152	2251
5043	5051	5054	5056	5058	5062	5098	5186	2252
5044	5047	5053	5055	5058	5064	5069	5162	2253
5041	5046	5053	5056	5058	5061	5069	5149	2254
5041	5052	5053	5055	5058	5061	5079	5149	2255
5043	5049	5054	5056	5058	5060	5070	5149	2256
5044	5050	5054	5055	5058	5061	5069	5179	2257
5042	5049	5054	5056	5058	5062	5070	5149	2258
5040	5052	5054	5057	5058	5061	5085	5201	2259
5042	5050	5054	5055	5058	5060	5069	5149	2260
5044	5048	5054	5055	5058	5061	5077	5155	2261
5039	5048	5054	5056	5058	5061	5098	5186	2262
5043	5052	5054	5055	5058	5061	5080	5149	2263
5041	5048	5054	5056	5058	5060	5069	5149	2264
5045	5052	5054	5055	5058	5061	5069	5149	2265
5039	5052	5054	5055	5058	5063	5080	5174	2266
5039	5048	5054	5055	5058	5061	5116	5234	2267
5040	5049	5054	5055	5058	5062	5069	5149	2268
5045	5051	5054	5056	5059	5061	5075	5159	2269
5043	5052	5054	5056	5058	5061	5069	5180	2270
5039	5050	5054	5056	5058	5061	5075	5159	2271
5039	5052	5054	5055	5058	5060	5114	5149	2272
5039	5049	5054	5055	5058	5061	5072	5153	2273
5042	5047	5053	5055	5058	5060	5073	5161	2274
5041	5049	5054	5055	5058	5060	5070	5149	2275
5041	5051	5054	5055	5058	5061	5075	5199	2276
5040	5052	5054	5056	5058	5061	5073	5183	2277
5040	5051	5054	5055	5058	5060	5080	5174	2278
5042	5051	5054	5057	5058	5060	5075	5203	2279
5043	5052	5054	5056	5058	5060	5087	5149	2280
5043	5046	5053	5056	5058	5061	5081	5149	2281
5040	5046	5053	5055	5058	5063	5069	5149	2282
5041	5046	5053	5055	5058	5061	5078	5165	2283
5044	5050	5054	5055	5059	5061	5069	5149	2284
5041	5046	5053	5055	5058	5064	5075	5203	2285
5044	5047	5053	5055	5058	5064	5073	5156	2286
5042	5048	5054	5055	5059	5061	5069	5149	2287
5043	5052	5054	5055	5058	5062	5107	5213	2288
5039	5052	5054	5056	5059	5060	5069	5149	2289
5039	5047	5053	5056	5058	5061	5080	5174	2290
5041	5052	5053	5055	5058	5060	5080	5174	2291
5042	5046	5053	5055	5058	5061	5069	5185	2292
5039	5050	5054	5055	5058	5060	5070	5149	2293
5043	5050	5054	5057	5058	5060	5115	5233	2294
5041	5048	5054	5055	5058	5064	5088	5149	2295
5040	5047	5053	5056	5058	5063	5069	5151	2296
5043	5046	5053	5055	5058	5060	5070	5166	2297
5044	5051	5054	5055	5058	5061	5069	5207	2298
5041	5048	5054	5055	5059	5060	5070	5149	2299
5040	5051	5054	5056	5058	5061	5069	5254	2300
5040	5047	5053	5055	5058	5064	5112	5149	2301
5043	5050	5054	5056	5058	5063	5069	5149	2302
5044	5046	5053	5057	5058	5064	5069	5179	2303
5040	5050	5054	5055	5058	5060	5100	5192	2304
5040	5048	5054	5055	5058	5065	5075	5159	2305
5044	5051	5054	5055	5058	5065	5095	5149	2306
5043	5049	5054	5055	5058	5060	5085	5230	2307
5041	5049	5054	5055	5058	5061	5080	5174	2308
5043	5046	5053	5056	5058	5061	5075	5159	2309
5044	5052	5054	5055	5059	5061	5070	5150	2310
5043	5048	5054	5056	5059	5061	5070	5150	2311
5042	5049	5054	5055	5058	5063	5072	5244	2312
5039	5049	5054	5056	5058	5060	5070	5154	2313
5043	5050	5054	5055	5058	5065	5112	5225	2314
5043	5049	5054	5056	5058	5060	5069	5163	2315
5043	5046	5053	5056	5058	5060	5102	5149	2316
5041	5046	5053	5056	5058	5065	5073	5157	2317
5040	5046	5053	5055	5058	5061	5073	5161	2318
5043	5048	5054	5055	5058	5063	5093	5177	2319
5040	5050	5054	5057	5058	5060	5069	5179	2320
5044	5051	5054	5055	5058	5060	5093	5177	2321
5043	5047	5053	5056	5058	5061	5069	5149	2322
5044	5049	5054	5056	5058	5060	5088	5190	2323
5040	5046	5053	5055	5059	5060	5069	5149	2324
5039	5047	5053	5055	5058	5061	5085	5149	2325
5041	5046	5053	5055	5058	5061	5072	5153	2326
5043	5052	5054	5056	5058	5061	5099	5188	2327
5041	5052	5053	5055	5058	5061	5116	5234	2328
5045	5052	5054	5057	5058	5061	5069	5235	2329
5044	5049	5054	5055	5058	5061	5070	5154	2330
5041	5052	5053	5055	5058	5060	5073	5161	2331
5041	5049	5054	5056	5058	5061	5075	5203	2332
5039	5051	5054	5055	5058	5061	5073	5157	2333
5041	5049	5054	5055	5058	5065	5093	5177	2334
5043	5052	5054	5057	5058	5061	5080	5149	2335
5044	5048	5054	5056	5058	5063	5073	5175	2336
5042	5046	5053	5055	5059	5061	5085	5169	2337
5041	5050	5054	5055	5058	5062	5073	5149	2338
5040	5046	5053	5055	5058	5065	5070	5243	2339
5042	5052	5053	5056	5058	5061	5088	5190	2340
5045	5051	5054	5056	5058	5061	5075	5149	2341
5040	5046	5053	5055	5058	5061	5069	5180	2342
5043	5051	5054	5055	5058	5061	5070	5150	2343
5040	5049	5054	5055	5058	5061	5100	5192	2344
5042	5046	5053	5055	5058	5061	5078	5165	2345
5041	5052	5053	5055	5058	5063	5077	5195	2346
5043	5051	5054	5055	5058	5062	5085	5149	2347
5044	5048	5054	5056	5058	5060	5069	5172	2348
5044	5048	5054	5055	5058	5061	5085	5201	2349
5040	5049	5054	5055	5058	5062	5090	5149	2350
5045	5048	5054	5055	5058	5061	5069	5149	2351
5039	5049	5054	5056	5058	5061	5075	5159	2352
5044	5050	5054	5055	5058	5062	5083	5149	2353
5040	5048	5054	5055	5058	5060	5069	5207	2354
5041	5046	5053	5055	5058	5060	5073	5183	2355
5043	5048	5054	5055	5058	5061	5085	5149	2356
5044	5047	5053	5055	5058	5063	5077	5195	2357
5041	5052	5053	5055	5058	5062	5107	5213	2358
5043	5052	5054	5055	5058	5060	5069	5180	2359
5043	5051	5054	5055	5058	5061	5069	5179	2360
5043	5050	5054	5056	5058	5061	5098	5186	2361
5044	5047	5053	5056	5058	5061	5070	5149	2362
5041	5051	5054	5055	5058	5064	5112	5225	2363
5039	5046	5053	5055	5058	5061	5073	5183	2364
5045	5051	5054	5055	5058	5060	5087	5191	2365
5040	5052	5054	5055	5058	5061	5073	5149	2366
5039	5052	5054	5056	5058	5060	5069	5180	2367
5041	5049	5054	5055	5058	5061	5075	5159	2368
5041	5048	5054	5055	5058	5062	5085	5220	2369
5042	5048	5054	5055	5059	5061	5070	5154	2370
5041	5049	5054	5055	5058	5065	5087	5259	2371
5039	5048	5054	5056	5058	5060	5072	5320	2372
5039	5050	5054	5055	5058	5061	5071	5152	2373
5043	5051	5054	5056	5058	5061	5069	5287	2374
5040	5051	5054	5056	5058	5061	5070	5150	2375
5043	5046	5053	5056	5058	5062	5090	5149	2376
5041	5050	5054	5057	5058	5061	5070	5150	2377
5040	5052	5054	5055	5058	5060	5076	5205	2378
5041	5046	5053	5055	5058	5060	5076	5149	2379
5041	5049	5054	5055	5058	5061	5070	5154	2380
5040	5046	5053	5055	5058	5061	5075	5290	2381
5042	5049	5054	5055	5058	5064	5076	5205	2382
5043	5050	5054	5055	5058	5061	5104	5204	2383
5039	5052	5054	5055	5058	5061	5088	5190	2384
5043	5052	5054	5055	5058	5060	5095	5149	2385
5039	5052	5054	5055	5058	5061	5120	5253	2386
5043	5049	5054	5056	5058	5060	5115	5233	2387
5044	5049	5054	5055	5058	5060	5100	5192	2388
5041	5052	5053	5055	5058	5064	5069	5162	2389
5040	5051	5054	5055	5058	5062	5077	5155	2390
5040	5048	5054	5057	5058	5061	5073	5183	2391
5044	5047	5053	5056	5058	5061	5079	5176	2392
5039	5051	5054	5055	5058	5062	5077	5155	2393
5041	5048	5054	5055	5058	5060	5069	5180	2394
5044	5049	5054	5055	5059	5060	5069	5342	2395
5039	5047	5053	5055	5059	5060	5087	5149	2396
5039	5050	5054	5057	5058	5060	5069	5149	2397
5043	5049	5054	5055	5058	5061	5069	5187	2398
5040	5049	5054	5055	5058	5061	5073	5161	2399
5044	5048	5054	5057	5058	5062	5069	5149	2400
5041	5052	5053	5055	5058	5060	5089	5170	2401
5041	5052	5053	5055	5058	5064	5075	5149	2402
5043	5046	5053	5055	5058	5061	5076	5205	2403
5039	5051	5054	5055	5058	5061	5069	5207	2404
5040	5048	5054	5055	5058	5061	5070	5154	2405
5042	5050	5054	5055	5058	5061	5075	5159	2406
5041	5051	5054	5056	5058	5060	5102	5149	2407
5041	5050	5054	5055	5058	5064	5132	5149	2408
5042	5046	5053	5055	5058	5060	5073	5149	2409
5039	5051	5054	5055	5058	5060	5088	5168	2410
5042	5047	5053	5055	5058	5062	5075	5159	2411
5044	5050	5054	5056	5058	5061	5069	5149	2412
5044	5049	5054	5055	5058	5061	5079	5149	2413
5043	5046	5053	5055	5058	5061	5097	5149	2414
5044	5046	5053	5055	5058	5061	5071	5152	2415
5040	5052	5054	5055	5058	5060	5069	5180	2416
5040	5050	5054	5055	5058	5063	5077	5195	2417
5044	5049	5054	5055	5058	5060	5075	5159	2418
5045	5049	5054	5055	5058	5063	5077	5155	2419
5041	5052	5053	5055	5058	5062	5075	5199	2420
5043	5052	5054	5056	5058	5060	5102	5149	2421
5039	5047	5053	5055	5058	5064	5069	5172	2422
5040	5049	5054	5057	5058	5061	5070	5150	2423
5039	5051	5054	5055	5058	5062	5075	5238	2424
5044	5046	5053	5056	5058	5064	5090	5149	2425
5041	5049	5054	5056	5058	5060	5079	5176	2426
5044	5052	5054	5055	5058	5060	5080	5174	2427
5040	5050	5054	5056	5058	5061	5075	5159	2428
5044	5046	5053	5055	5058	5063	5077	5155	2429
5041	5052	5053	5055	5059	5060	5087	5149	2430
5041	5046	5053	5055	5058	5061	5073	5156	2431
5043	5052	5054	5056	5058	5061	5095	5149	2432
5044	5050	5054	5057	5058	5061	5070	5150	2433
5041	5046	5053	5055	5058	5062	5073	5156	2434
5039	5050	5054	5055	5058	5061	5069	5301	2435
5041	5048	5054	5055	5058	5060	5103	5149	2436
5044	5046	5053	5055	5058	5060	5079	5176	2437
5044	5052	5054	5056	5058	5063	5075	5149	2438
5044	5047	5053	5055	5059	5060	5069	5149	2439
5045	5046	5053	5055	5058	5060	5075	5149	2440
5042	5050	5054	5056	5058	5061	5075	5245	2441
5041	5049	5054	5056	5058	5062	5079	5176	2442
5040	5050	5054	5055	5058	5060	5085	5230	2443
5041	5050	5054	5057	5058	5061	5088	5149	2444
5042	5048	5054	5056	5058	5060	5069	5149	2445
5044	5048	5054	5056	5058	5060	5073	5157	2446
5044	5052	5054	5055	5058	5065	5107	5213	2447
5043	5052	5054	5056	5058	5064	5069	5151	2448
5042	5046	5053	5055	5058	5060	5098	5186	2449
5043	5050	5054	5055	5058	5061	5069	5248	2450
5040	5052	5054	5055	5058	5060	5070	5150	2451
5043	5049	5054	5057	5058	5061	5115	5233	2452
5040	5046	5053	5055	5058	5062	5093	5177	2453
5044	5052	5054	5057	5058	5060	5088	5268	2454
5040	5047	5053	5055	5058	5060	5070	5149	2455
5041	5052	5053	5055	5058	5061	5085	5201	2456
5043	5047	5053	5056	5058	5060	5090	5149	2457
5041	5047	5053	5056	5058	5062	5073	5183	2458
5040	5046	5053	5056	5058	5061	5070	5149	2459
5043	5049	5054	5056	5058	5064	5071	5152	2460
5039	5048	5054	5055	5058	5065	5069	5149	2461
5040	5046	5053	5055	5058	5060	5114	5149	2462
5040	5052	5054	5055	5058	5060	5085	5230	2463
5040	5048	5054	5055	5058	5061	5088	5190	2464
5042	5049	5054	5056	5058	5065	5073	5149	2465
5041	5052	5053	5055	5058	5060	5078	5165	2466
5043	5052	5054	5057	5058	5064	5069	5235	2467
5043	5047	5053	5056	5058	5060	5069	5151	2468
5041	5052	5053	5056	5058	5061	5070	5149	2469
5040	5049	5054	5057	5058	5065	5069	5163	2470
5042	5047	5053	5055	5058	5061	5073	5161	2471
5040	5052	5054	5055	5058	5060	5087	5222	2472
5043	5052	5054	5055	5058	5061	5069	5151	2473
5039	5052	5054	5055	5059	5061	5070	5154	2474
5045	5047	5053	5055	5058	5060	5114	5149	2475
5039	5047	5053	5055	5058	5061	5069	5209	2476
5045	5047	5053	5056	5058	5060	5113	5229	2477
5040	5046	5053	5055	5058	5062	5069	5149	2478
5040	5046	5053	5056	5058	5061	5115	5233	2479
5039	5050	5054	5055	5058	5063	5069	5162	2480
5041	5050	5054	5055	5058	5061	5072	5153	2481
5041	5052	5053	5055	5058	5060	5086	5149	2482
5044	5049	5054	5056	5058	5061	5069	5151	2483
5039	5046	5053	5055	5058	5061	5069	5252	2484
5043	5049	5054	5055	5058	5060	5070	5149	2485
5044	5046	5053	5055	5058	5060	5070	5149	2486
5040	5047	5053	5055	5058	5065	5073	5157	2487
5041	5052	5053	5057	5058	5065	5073	5175	2488
5044	5049	5054	5055	5058	5061	5085	5201	2489
5041	5051	5054	5055	5058	5064	5090	5149	2490
5042	5051	5054	5055	5058	5061	5125	5149	2491
5039	5050	5054	5056	5058	5060	5070	5149	2492
5039	5052	5054	5055	5058	5060	5085	5169	2493
5043	5052	5054	5056	5058	5060	5070	5149	2494
5043	5049	5054	5056	5059	5060	5070	5164	2495
5039	5048	5054	5055	5058	5063	5069	5149	2496
5041	5050	5054	5055	5058	5060	5080	5174	2497
5041	5048	5054	5056	5058	5061	5087	5149	2498
5040	5052	5054	5055	5058	5064	5069	5158	2499
5040	5050	5054	5055	5058	5061	5075	5149	2500
5040	5049	5054	5055	5058	5061	5121	5255	2501
5041	5052	5053	5055	5058	5061	5085	5169	2502
5044	5047	5053	5055	5058	5060	5087	5237	2503
5045	5050	5054	5056	5058	5060	5073	5183	2504
5039	5052	5054	5055	5058	5067	5069	5281	2505
5043	5052	5054	5056	5058	5061	5069	5235	2506
5039	5050	5054	5055	5058	5061	5070	5149	2507
5040	5051	5054	5055	5058	5063	5072	5153	2508
5040	5052	5054	5055	5058	5061	5072	5294	2509
5040	5047	5053	5055	5058	5065	5095	5149	2510
5044	5046	5053	5055	5059	5061	5073	5156	2511
5043	5048	5054	5055	5058	5061	5093	5177	2512
5040	5050	5054	5055	5058	5062	5070	5150	2513
5041	5049	5054	5055	5058	5061	5069	5235	2514
5044	5051	5054	5055	5058	5062	5078	5165	2515
5041	5049	5054	5055	5058	5061	5087	5222	2516
5039	5048	5054	5057	5058	5061	5073	5149	2517
5043	5047	5053	5055	5058	5060	5076	5205	2518
5043	5052	5054	5055	5059	5061	5085	5230	2519
5041	5050	5054	5057	5058	5061	5071	5152	2520
5039	5049	5054	5057	5058	5061	5070	5150	2521
5044	5049	5054	5057	5058	5062	5070	5150	2522
5044	5046	5053	5056	5058	5061	5069	5149	2523
5040	5052	5054	5055	5059	5062	5074	5149	2524
5039	5048	5054	5057	5058	5062	5098	5186	2525
5040	5047	5053	5056	5058	5060	5087	5149	2526
5039	5050	5054	5055	5058	5061	5085	5220	2527
5042	5049	5054	5055	5058	5066	5073	5157	2528
5042	5046	5053	5055	5058	5065	5095	5149	2529
5039	5051	5054	5056	5058	5061	5088	5190	2530
5041	5050	5054	5055	5058	5065	5075	5159	2531
5039	5049	5054	5057	5059	5061	5070	5150	2532
5040	5046	5053	5055	5058	5060	5079	5149	2533
5041	5048	5054	5056	5059	5061	5070	5164	2534
5040	5046	5053	5055	5058	5060	5073	5161	2535
5043	5051	5054	5055	5058	5064	5069	5149	2536
5040	5046	5053	5055	5058	5065	5070	5149	2537
5042	5047	5053	5055	5059	5065	5075	5149	2538
5039	5047	5053	5055	5058	5061	5107	5213	2539
5041	5052	5053	5056	5058	5065	5075	5159	2540
5043	5049	5054	5055	5058	5061	5085	5230	2541
5041	5049	5054	5055	5058	5061	5086	5216	2542
5044	5047	5053	5056	5058	5061	5069	5149	2543
5040	5047	5053	5055	5058	5060	5079	5149	2544
5040	5046	5053	5055	5058	5060	5080	5174	2545
5045	5048	5054	5055	5058	5062	5069	5180	2546
5040	5047	5053	5055	5058	5060	5086	5211	2547
5040	5050	5054	5055	5059	5061	5070	5149	2548
5044	5051	5054	5055	5058	5061	5069	5180	2549
5039	5047	5053	5055	5058	5060	5069	5162	2550
5041	5049	5054	5055	5058	5064	5076	5205	2551
5039	5046	5053	5055	5058	5063	5070	5243	2552
5043	5048	5054	5055	5058	5060	5075	5159	2553
5041	5049	5054	5055	5058	5063	5093	5177	2554
5042	5047	5053	5055	5058	5062	5069	5149	2555
5041	5050	5054	5055	5058	5060	5072	5366	2556
5041	5051	5054	5056	5058	5060	5069	5151	2557
5041	5047	5053	5055	5058	5060	5085	5169	2558
5044	5046	5053	5055	5058	5060	5075	5159	2559
5044	5047	5053	5055	5058	5061	5077	5155	2560
5040	5050	5054	5055	5058	5061	5069	5207	2561
5043	5047	5053	5055	5059	5061	5081	5210	2562
5039	5046	5053	5055	5059	5065	5075	5159	2563
5042	5051	5054	5056	5058	5063	5073	5218	2564
5043	5052	5054	5055	5058	5063	5107	5213	2565
5039	5051	5054	5055	5058	5061	5075	5203	2566
5043	5050	5054	5055	5058	5061	5075	5159	2567
5042	5050	5054	5055	5058	5064	5075	5149	2568
5045	5048	5054	5055	5058	5061	5079	5149	2569
5041	5048	5054	5055	5058	5064	5075	5149	2570
5044	5052	5054	5055	5058	5060	5075	5149	2571
5044	5048	5054	5055	5058	5061	5070	5149	2572
5042	5051	5054	5055	5058	5061	5069	5179	2573
5043	5051	5054	5057	5058	5060	5075	5203	2574
5043	5051	5054	5055	5058	5060	5076	5205	2575
5040	5051	5054	5055	5058	5061	5120	5261	2576
5041	5050	5054	5055	5059	5061	5069	5149	2577
5039	5047	5053	5055	5058	5062	5120	5253	2578
5041	5048	5054	5056	5058	5062	5069	5235	2579
5040	5047	5053	5055	5058	5060	5069	5151	2580
5040	5046	5053	5055	5058	5065	5093	5177	2581
5041	5048	5054	5056	5058	5065	5095	5149	2582
5042	5052	5053	5055	5058	5060	5114	5149	2583
5043	5050	5054	5056	5058	5060	5098	5186	2584
5044	5046	5053	5056	5058	5061	5070	5150	2585
5043	5049	5054	5056	5058	5061	5073	5149	2586
5041	5046	5053	5055	5058	5064	5085	5149	2587
5045	5052	5054	5056	5058	5060	5070	5154	2588
5040	5050	5054	5055	5059	5060	5085	5201	2589
5044	5052	5054	5056	5058	5060	5080	5149	2590
5041	5051	5054	5055	5058	5061	5115	5276	2591
5040	5046	5053	5057	5058	5061	5073	5175	2592
5039	5046	5053	5055	5058	5063	5077	5155	2593
5041	5051	5054	5056	5058	5061	5075	5203	2594
5040	5049	5054	5055	5058	5060	5088	5168	2595
5039	5049	5054	5055	5058	5064	5081	5149	2596
5040	5050	5054	5055	5058	5060	5085	5201	2597
5044	5046	5053	5055	5059	5061	5069	5149	2598
5039	5049	5054	5055	5058	5060	5072	5153	2599
5040	5048	5054	5057	5058	5061	5069	5162	2600
5045	5050	5054	5056	5058	5060	5080	5174	2601
5039	5047	5053	5057	5058	5065	5088	5149	2602
5039	5047	5053	5055	5058	5060	5073	5157	2603
5042	5046	5053	5055	5058	5063	5077	5155	2604
5041	5049	5054	5055	5058	5060	5072	5336	2605
5042	5049	5054	5055	5058	5063	5073	5218	2606
5044	5050	5054	5057	5058	5061	5069	5162	2607
5043	5047	5053	5056	5058	5062	5102	5149	2608
5040	5052	5054	5055	5058	5061	5140	5149	2609
5041	5050	5054	5055	5058	5061	5087	5237	2610
5044	5051	5054	5055	5058	5060	5069	5149	2611
5044	5051	5054	5055	5058	5064	5075	5203	2612
5041	5052	5053	5055	5058	5060	5118	5149	2613
5043	5051	5054	5056	5058	5060	5069	5149	2614
5045	5048	5054	5055	5058	5062	5069	5149	2615
5041	5050	5054	5055	5058	5061	5116	5234	2616
5043	5048	5054	5055	5058	5064	5069	5149	2617
5043	5050	5054	5057	5058	5062	5115	5233	2618
5045	5051	5054	5055	5058	5061	5078	5149	2619
5043	5047	5053	5055	5058	5060	5086	5149	2620
5043	5047	5053	5055	5058	5061	5076	5205	2621
5045	5049	5054	5055	5058	5061	5116	5234	2622
5042	5050	5054	5055	5058	5061	5070	5150	2623
5039	5051	5054	5056	5058	5060	5073	5249	2624
5044	5049	5054	5055	5058	5061	5073	5183	2625
5045	5049	5054	5056	5058	5060	5069	5149	2626
5041	5048	5054	5055	5058	5061	5069	5179	2627
5043	5046	5053	5057	5058	5061	5087	5191	2628
5043	5046	5053	5055	5058	5064	5099	5196	2629
5039	5052	5054	5055	5058	5061	5080	5149	2630
5040	5046	5053	5055	5059	5061	5118	5149	2631
5040	5049	5054	5055	5058	5061	5116	5234	2632
5042	5052	5053	5057	5058	5065	5071	5152	2633
5041	5046	5053	5055	5058	5061	5075	5199	2634
5039	5052	5054	5055	5058	5060	5104	5204	2635
5044	5052	5054	5056	5058	5060	5069	5149	2636
5043	5052	5054	5055	5058	5061	5121	5255	2637
5040	5049	5054	5055	5058	5060	5086	5149	2638
5044	5046	5053	5056	5058	5060	5070	5150	2639
5044	5052	5054	5055	5058	5064	5069	5172	2640
5045	5048	5054	5055	5058	5064	5085	5149	2641
5039	5052	5054	5055	5058	5060	5080	5149	2642
5040	5052	5054	5055	5058	5061	5145	5149	2643
5044	5047	5053	5055	5058	5062	5094	5272	2644
5040	5052	5054	5056	5058	5064	5092	5149	2645
5042	5051	5054	5055	5058	5063	5077	5155	2646
5042	5047	5053	5055	5058	5062	5088	5190	2647
5042	5046	5053	5056	5058	5060	5069	5149	2648
5044	5049	5054	5057	5058	5060	5069	5149	2649
5041	5052	5053	5055	5058	5060	5087	5191	2650
5039	5048	5054	5055	5058	5060	5073	5183	2651
5040	5051	5054	5055	5058	5061	5085	5323	2652
5043	5046	5053	5055	5058	5060	5069	5179	2653
5040	5050	5054	5055	5058	5060	5069	5151	2654
5041	5048	5054	5055	5058	5067	5078	5165	2655
5044	5052	5054	5055	5058	5060	5085	5230	2656
5041	5051	5054	5055	5058	5063	5077	5195	2657
5041	5048	5054	5057	5058	5061	5069	5162	2658
5040	5050	5054	5055	5058	5061	5069	5162	2659
5040	5050	5054	5056	5058	5060	5069	5149	2660
5040	5050	5054	5055	5058	5060	5085	5202	2661
5039	5047	5053	5055	5058	5061	5069	5286	2662
5039	5049	5054	5055	5058	5060	5069	5162	2663
5039	5047	5053	5055	5058	5063	5077	5195	2664
5045	5047	5053	5056	5058	5061	5069	5235	2665
5043	5051	5054	5055	5058	5061	5085	5169	2666
5039	5049	5054	5055	5058	5060	5085	5201	2667
5043	5047	5053	5056	5058	5060	5099	5188	2668
5040	5051	5054	5055	5058	5060	5093	5177	2669
5044	5052	5054	5056	5058	5061	5088	5149	2670
5044	5052	5054	5055	5058	5061	5084	5232	2671
5042	5049	5054	5056	5058	5062	5070	5150	2672
5041	5052	5053	5056	5058	5064	5098	5186	2673
5039	5051	5054	5055	5058	5060	5085	5149	2674
5040	5047	5053	5056	5058	5062	5098	5186	2675
5040	5052	5054	5055	5058	5064	5088	5149	2676
5040	5052	5054	5055	5058	5061	5070	5150	2677
5044	5052	5054	5056	5058	5061	5088	5190	2678
5044	5051	5054	5055	5058	5064	5069	5246	2679
5040	5048	5054	5055	5059	5062	5069	5149	2680
5041	5049	5054	5056	5058	5064	5069	5149	2681
5041	5049	5054	5055	5058	5065	5069	5149	2682
5040	5050	5054	5055	5058	5064	5095	5198	2683
5041	5047	5053	5055	5058	5061	5073	5156	2684
5041	5052	5053	5055	5058	5061	5072	5244	2685
5040	5049	5054	5055	5058	5061	5084	5232	2686
5040	5049	5054	5055	5058	5061	5069	5162	2687
5044	5052	5054	5055	5059	5062	5094	5272	2688
5044	5049	5054	5055	5058	5061	5080	5174	2689
5041	5052	5053	5055	5059	5061	5075	5149	2690
5041	5052	5053	5055	5058	5061	5070	5154	2691
5039	5052	5054	5055	5058	5064	5069	5172	2692
5042	5050	5054	5055	5058	5061	5070	5149	2693
5039	5046	5053	5055	5058	5062	5075	5149	2694
5043	5050	5054	5056	5058	5060	5075	5149	2695
5039	5052	5054	5057	5058	5060	5069	5179	2696
5044	5047	5053	5057	5058	5061	5069	5179	2697
5044	5051	5054	5055	5058	5063	5075	5149	2698
5041	5050	5054	5055	5058	5064	5088	5149	2699
5042	5048	5054	5055	5058	5060	5075	5149	2700
5039	5046	5053	5056	5058	5060	5070	5150	2701
5043	5052	5054	5055	5058	5060	5124	5275	2702
5043	5052	5054	5056	5058	5060	5075	5159	2703
5040	5051	5054	5055	5058	5065	5072	5149	2704
5043	5050	5054	5056	5058	5060	5070	5154	2705
5043	5049	5054	5055	5058	5062	5069	5180	2706
5045	5048	5054	5055	5058	5064	5075	5159	2707
5039	5052	5054	5055	5058	5061	5088	5297	2708
5039	5052	5054	5056	5059	5063	5070	5154	2709
5041	5049	5054	5055	5058	5061	5069	5151	2710
5040	5050	5054	5055	5058	5060	5075	5159	2711
5039	5049	5054	5055	5058	5060	5069	5182	2712
5041	5052	5053	5055	5058	5061	5080	5174	2713
5044	5051	5054	5056	5058	5061	5088	5190	2714
5041	5050	5054	5055	5058	5065	5104	5204	2715
5040	5048	5054	5055	5058	5061	5085	5202	2716
5040	5052	5054	5055	5058	5061	5069	5248	2717
5043	5049	5054	5055	5058	5060	5070	5243	2718
5040	5050	5054	5056	5058	5060	5079	5176	2719
5039	5049	5054	5057	5058	5060	5069	5240	2720
5039	5048	5054	5055	5058	5065	5071	5152	2721
5041	5052	5053	5056	5058	5061	5073	5183	2722
5042	5051	5054	5055	5059	5060	5075	5159	2723
5040	5047	5053	5055	5058	5064	5088	5149	2724
5042	5050	5054	5056	5058	5063	5069	5149	2725
5040	5048	5054	5055	5058	5061	5070	5319	2726
5045	5050	5054	5056	5058	5061	5070	5149	2727
5045	5052	5054	5056	5058	5063	5069	5163	2728
5041	5046	5053	5055	5058	5061	5069	5158	2729
5042	5047	5053	5055	5058	5060	5085	5149	2730
5044	5052	5054	5055	5058	5061	5083	5149	2731
5041	5047	5053	5055	5058	5060	5070	5149	2732
5042	5051	5054	5055	5058	5061	5072	5153	2733
5042	5049	5054	5055	5058	5061	5116	5234	2734
5042	5050	5054	5055	5058	5061	5087	5200	2735
5041	5052	5053	5055	5058	5061	5069	5187	2736
5039	5047	5053	5055	5058	5062	5072	5153	2737
5039	5047	5053	5055	5058	5064	5107	5213	2738
5041	5046	5053	5056	5058	5060	5070	5154	2739
5044	5049	5054	5055	5058	5064	5075	5159	2740
5044	5050	5054	5055	5058	5061	5070	5243	2741
5039	5050	5054	5055	5058	5060	5079	5149	2742
5042	5049	5054	5055	5058	5061	5120	5253	2743
5043	5049	5054	5055	5058	5063	5093	5177	2744
5039	5050	5054	5055	5058	5064	5075	5149	2745
5044	5052	5054	5055	5058	5060	5069	5209	2746
5045	5052	5054	5055	5058	5061	5085	5169	2747
5040	5052	5054	5056	5058	5060	5073	5249	2748
5045	5049	5054	5055	5058	5061	5070	5149	2749
5044	5048	5054	5055	5058	5061	5105	5149	2750
5043	5049	5054	5055	5058	5060	5085	5149	2751
5043	5049	5054	5056	5058	5062	5069	5179	2752
5039	5048	5054	5056	5058	5065	5071	5152	2753
5039	5052	5054	5055	5058	5061	5118	5149	2754
5043	5048	5054	5055	5058	5063	5072	5153	2755
5043	5052	5054	5055	5058	5061	5104	5204	2756
5041	5047	5053	5055	5058	5062	5118	5149	2757
5040	5047	5053	5055	5058	5063	5095	5149	2758
5043	5048	5054	5055	5058	5060	5087	5149	2759
5044	5052	5054	5057	5058	5061	5073	5175	2760
5042	5047	5053	5055	5058	5061	5072	5264	2761
5041	5048	5054	5055	5058	5061	5105	5149	2762
5041	5048	5054	5055	5058	5062	5084	5160	2763
5044	5051	5054	5055	5058	5061	5070	5149	2764
5041	5047	5053	5055	5058	5061	5077	5155	2765
5040	5051	5054	5055	5058	5065	5087	5200	2766
5043	5047	5053	5055	5058	5060	5069	5162	2767
5044	5050	5054	5056	5058	5062	5070	5149	2768
5041	5049	5054	5055	5058	5065	5086	5216	2769
5040	5047	5053	5055	5058	5061	5069	5209	2770
5041	5051	5054	5055	5058	5060	5072	5153	2771
5045	5049	5054	5056	5058	5060	5069	5240	2772
5044	5051	5054	5055	5058	5063	5069	5149	2773
5040	5049	5054	5055	5058	5062	5069	5240	2774
5040	5047	5053	5056	5058	5060	5069	5172	2775
5043	5049	5054	5055	5058	5061	5070	5154	2776
5041	5049	5054	5055	5058	5062	5086	5211	2777
5043	5049	5054	5055	5058	5061	5106	5212	2778
5041	5047	5053	5055	5058	5060	5075	5159	2779
5042	5047	5053	5055	5058	5064	5090	5149	2780
5042	5051	5054	5057	5058	5061	5070	5154	2781
5045	5052	5054	5056	5058	5060	5069	5240	2782
5043	5051	5054	5055	5059	5062	5074	5149	2783
5041	5051	5054	5056	5058	5064	5075	5159	2784
5042	5050	5054	5056	5058	5065	5092	5149	2785
5042	5047	5053	5057	5058	5060	5073	5249	2786
5039	5052	5054	5055	5058	5063	5087	5237	2787
5044	5051	5054	5056	5058	5065	5073	5157	2788
5040	5050	5054	5056	5058	5064	5073	5183	2789
5044	5049	5054	5055	5058	5063	5078	5165	2790
5042	5050	5054	5055	5058	5061	5072	5153	2791
5040	5048	5054	5055	5058	5061	5097	5221	2792
5045	5046	5053	5055	5058	5061	5077	5155	2793
5042	5052	5053	5056	5058	5060	5069	5149	2794
5041	5051	5054	5055	5058	5064	5078	5165	2795
5045	5050	5054	5055	5058	5060	5073	5157	2796
5043	5052	5054	5056	5058	5064	5069	5235	2797
5045	5047	5053	5055	5058	5061	5075	5149	2798
5044	5049	5054	5055	5058	5063	5085	5201	2799
5039	5048	5054	5056	5058	5064	5075	5149	2800
5042	5047	5053	5056	5058	5061	5069	5149	2801
5044	5052	5054	5055	5058	5061	5121	5255	2802
5040	5046	5053	5055	5058	5061	5069	5162	2803
5039	5051	5054	5056	5058	5060	5121	5255	2804
5044	5050	5054	5055	5058	5065	5069	5254	2805
5042	5051	5054	5057	5058	5061	5075	5149	2806
5042	5046	5053	5055	5058	5062	5075	5149	2807
5042	5051	5054	5055	5058	5063	5073	5149	2808
5039	5049	5054	5055	5058	5061	5086	5149	2809
5039	5049	5054	5055	5058	5060	5085	5359	2810
5041	5052	5053	5055	5059	5060	5069	5248	2811
5041	5047	5053	5055	5058	5061	5069	5149	2812
5043	5047	5053	5056	5058	5060	5087	5200	2813
5041	5049	5054	5055	5058	5060	5070	5166	2814
5043	5052	5054	5057	5058	5067	5073	5149	2815
5039	5047	5053	5055	5058	5061	5075	5159	2816
5039	5051	5054	5055	5058	5061	5086	5211	2817
5040	5052	5054	5055	5058	5062	5116	5234	2818
5045	5046	5053	5055	5058	5060	5087	5222	2819
5039	5048	5054	5055	5058	5060	5076	5149	2820
5039	5049	5054	5055	5058	5061	5075	5167	2821
5044	5050	5054	5057	5058	5060	5071	5152	2822
5041	5047	5053	5055	5058	5064	5075	5149	2823
5043	5050	5054	5056	5059	5064	5088	5190	2824
5040	5052	5054	5055	5058	5061	5069	5207	2825
5039	5047	5053	5055	5058	5064	5095	5149	2826
5040	5047	5053	5056	5058	5067	5075	5149	2827
5039	5046	5053	5055	5058	5064	5069	5162	2828
5044	5052	5054	5055	5058	5060	5069	5240	2829
5040	5050	5054	5055	5058	5064	5072	5149	2830
5042	5052	5053	5055	5058	5064	5070	5243	2831
5043	5047	5053	5055	5058	5061	5075	5223	2832
5041	5049	5054	5056	5058	5062	5073	5183	2833
5043	5046	5053	5056	5058	5061	5069	5172	2834
5040	5047	5053	5055	5058	5062	5079	5176	2835
5044	5049	5054	5056	5058	5060	5087	5200	2836
5040	5051	5054	5055	5058	5063	5073	5149	2837
5044	5049	5054	5055	5058	5060	5086	5211	2838
5043	5050	5054	5055	5058	5061	5077	5155	2839
5040	5047	5053	5057	5058	5060	5069	5240	2840
5040	5052	5054	5055	5058	5063	5069	5172	2841
5041	5052	5053	5055	5058	5060	5075	5159	2842
5044	5052	5054	5055	5058	5061	5072	5294	2843
5041	5047	5053	5057	5058	5065	5071	5152	2844
5040	5048	5054	5055	5058	5060	5110	5149	2845
5041	5049	5054	5055	5059	5060	5085	5169	2846
5041	5052	5053	5055	5058	5063	5069	5149	2847
5044	5049	5054	5055	5058	5061	5073	5161	2848
5039	5048	5054	5055	5058	5060	5098	5186	2849
5041	5047	5053	5055	5058	5062	5069	5331	2850
5042	5046	5053	5055	5058	5061	5085	5169	2851
5040	5051	5054	5055	5058	5060	5086	5216	2852
5045	5052	5054	5055	5058	5065	5069	5149	2853
5039	5052	5054	5055	5058	5063	5122	5339	2854
5040	5052	5054	5055	5058	5061	5078	5165	2855
5041	5052	5053	5055	5058	5060	5069	5179	2856
5040	5048	5054	5055	5059	5062	5077	5155	2857
5044	5046	5053	5055	5058	5060	5087	5191	2858
5041	5047	5053	5056	5058	5061	5071	5152	2859
5043	5048	5054	5056	5058	5061	5116	5349	2860
5039	5046	5053	5055	5059	5061	5075	5159	2861
5039	5051	5054	5055	5058	5061	5080	5149	2862
5042	5051	5054	5055	5058	5061	5090	5149	2863
5041	5049	5054	5055	5058	5061	5069	5179	2864
5039	5050	5054	5055	5058	5063	5070	5149	2865
5041	5046	5053	5055	5058	5064	5095	5149	2866
5039	5046	5053	5055	5058	5061	5069	5162	2867
5041	5046	5053	5056	5058	5062	5069	5149	2868
5043	5047	5053	5055	5058	5061	5087	5191	2869
5040	5046	5053	5055	5058	5060	5075	5159	2870
5041	5047	5053	5055	5059	5060	5069	5149	2871
5039	5052	5054	5055	5058	5060	5069	5180	2872
5040	5050	5054	5055	5058	5061	5112	5225	2873
5040	5052	5054	5055	5059	5064	5069	5149	2874
5041	5047	5053	5055	5058	5061	5080	5149	2875
5041	5052	5053	5056	5058	5062	5069	5149	2876
5044	5050	5054	5055	5058	5061	5069	5172	2877
5041	5046	5053	5055	5058	5064	5075	5159	2878
5040	5052	5054	5055	5058	5061	5069	5257	2879
5039	5052	5054	5056	5059	5061	5098	5186	2880
5044	5052	5054	5055	5058	5061	5076	5205	2881
5042	5052	5053	5056	5058	5063	5075	5159	2882
5045	5047	5053	5055	5058	5061	5075	5223	2883
5039	5052	5054	5055	5059	5060	5070	5150	2884
5040	5048	5054	5055	5059	5061	5124	5149	2885
5044	5051	5054	5055	5058	5061	5070	5150	2886
5039	5049	5054	5055	5058	5061	5080	5149	2887
5043	5051	5054	5055	5058	5060	5100	5149	2888
5039	5049	5054	5055	5058	5064	5069	5149	2889
5040	5047	5053	5055	5058	5060	5069	5247	2890
5043	5051	5054	5055	5059	5060	5069	5149	2891
5041	5051	5054	5055	5058	5065	5093	5177	2892
5041	5049	5054	5056	5058	5060	5069	5163	2893
5041	5052	5053	5056	5058	5064	5092	5149	2894
5041	5051	5054	5055	5058	5063	5073	5183	2895
5044	5050	5054	5055	5058	5061	5075	5159	2896
5043	5047	5053	5056	5058	5060	5070	5149	2897
5044	5050	5054	5055	5058	5064	5075	5149	2898
5043	5052	5054	5056	5058	5061	5073	5249	2899
5040	5046	5053	5055	5058	5065	5117	5288	2900
5039	5052	5054	5055	5058	5064	5081	5210	2901
5041	5049	5054	5055	5058	5060	5070	5243	2902
5039	5047	5053	5055	5058	5060	5121	5149	2903
5039	5050	5054	5056	5058	5060	5069	5240	2904
5040	5049	5054	5055	5058	5062	5101	5197	2905
5041	5046	5053	5056	5058	5062	5075	5149	2906
5041	5050	5054	5055	5059	5060	5087	5222	2907
5039	5047	5053	5055	5059	5061	5073	5156	2908
5041	5050	5054	5055	5059	5061	5085	5353	2909
5041	5050	5054	5057	5058	5063	5069	5179	2910
5040	5049	5054	5055	5058	5060	5080	5149	2911
5041	5046	5053	5056	5058	5060	5073	5157	2912
5042	5049	5054	5055	5058	5061	5070	5166	2913
5039	5047	5053	5055	5058	5060	5087	5149	2914
5041	5051	5054	5055	5058	5061	5069	5180	2915
5043	5052	5054	5056	5059	5060	5069	5149	2916
5041	5050	5054	5055	5058	5061	5080	5149	2917
5041	5046	5053	5055	5058	5060	5087	5222	2918
5041	5052	5053	5055	5058	5060	5070	5149	2919
5042	5047	5053	5055	5058	5063	5073	5156	2920
5041	5051	5054	5055	5058	5061	5086	5216	2921
5045	5047	5053	5055	5058	5063	5107	5213	2922
5044	5052	5054	5055	5058	5060	5078	5165	2923
5039	5046	5053	5055	5059	5061	5075	5149	2924
5039	5049	5054	5056	5058	5064	5071	5152	2925
5040	5052	5054	5055	5058	5065	5104	5204	2926
5044	5046	5053	5055	5058	5060	5087	5149	2927
5045	5048	5054	5055	5058	5061	5073	5157	2928
5041	5052	5053	5055	5058	5060	5107	5213	2929
5044	5051	5054	5057	5058	5061	5069	5162	2930
5039	5047	5053	5055	5058	5062	5095	5149	2931
5042	5052	5053	5055	5058	5061	5085	5202	2932
5039	5049	5054	5055	5059	5060	5069	5149	2933
5039	5050	5054	5055	5058	5063	5077	5195	2934
5039	5046	5053	5055	5058	5060	5075	5159	2935
5040	5050	5054	5055	5058	5061	5121	5255	2936
5040	5052	5054	5056	5058	5064	5073	5249	2937
5044	5051	5054	5057	5058	5061	5073	5175	2938
5043	5048	5054	5056	5058	5060	5080	5174	2939
5041	5048	5054	5055	5058	5064	5073	5157	2940
5044	5047	5053	5055	5058	5064	5078	5149	2941
5040	5052	5054	5055	5058	5063	5069	5209	2942
5040	5052	5054	5056	5058	5065	5073	5157	2943
5041	5049	5054	5055	5058	5061	5069	5286	2944
5040	5049	5054	5057	5058	5061	5075	5159	2945
5043	5052	5054	5056	5059	5061	5073	5156	2946
5039	5051	5054	5055	5058	5060	5075	5223	2947
5043	5052	5054	5057	5058	5065	5087	5191	2948
5040	5046	5053	5056	5059	5061	5069	5149	2949
5039	5050	5054	5055	5058	5061	5069	5180	2950
5041	5050	5054	5055	5058	5065	5075	5149	2951
5043	5050	5054	5055	5059	5060	5087	5222	2952
5043	5047	5053	5055	5058	5063	5107	5213	2953
5039	5051	5054	5055	5058	5060	5070	5154	2954
5045	5049	5054	5055	5058	5061	5073	5156	2955
5044	5048	5054	5057	5058	5061	5070	5154	2956
5039	5051	5054	5055	5058	5061	5069	5179	2957
5041	5051	5054	5055	5058	5061	5085	5169	2958
5042	5046	5053	5055	5058	5063	5069	5149	2959
5040	5046	5053	5056	5058	5061	5073	5218	2960
5039	5050	5054	5055	5058	5065	5069	5163	2961
5042	5046	5053	5055	5059	5062	5074	5149	2962
5041	5047	5053	5055	5058	5062	5076	5205	2963
5041	5047	5053	5055	5058	5060	5075	5290	2964
5041	5047	5053	5055	5058	5061	5132	5149	2965
5040	5046	5053	5055	5058	5064	5069	5235	2966
5044	5048	5054	5055	5059	5060	5070	5315	2967
5042	5052	5053	5055	5058	5060	5075	5149	2968
5043	5046	5053	5055	5058	5060	5073	5161	2969
5044	5049	5054	5055	5058	5060	5116	5234	2970
5039	5046	5053	5055	5058	5061	5108	5149	2971
5044	5048	5054	5055	5058	5061	5081	5149	2972
5043	5048	5054	5055	5058	5061	5122	5339	2973
5039	5046	5053	5057	5058	5061	5115	5233	2974
5042	5052	5053	5056	5058	5061	5070	5150	2975
5043	5047	5053	5055	5058	5060	5070	5149	2976
5044	5049	5054	5055	5058	5066	5095	5149	2977
5042	5052	5053	5055	5058	5061	5075	5199	2978
5039	5051	5054	5055	5058	5061	5069	5172	2979
5041	5048	5054	5055	5059	5061	5085	5251	2980
5041	5052	5053	5055	5058	5060	5120	5253	2981
5043	5051	5054	5055	5058	5061	5069	5158	2982
5040	5051	5054	5055	5058	5061	5075	5199	2983
5040	5047	5053	5055	5058	5062	5073	5156	2984
5039	5047	5053	5055	5058	5063	5077	5155	2985
5042	5048	5054	5055	5059	5060	5069	5182	2986
5041	5049	5054	5055	5059	5065	5075	5159	2987
5044	5050	5054	5055	5058	5061	5112	5225	2988
5039	5049	5054	5056	5058	5064	5099	5188	2989
5039	5049	5054	5056	5058	5062	5071	5152	2990
5040	5052	5054	5055	5058	5061	5085	5201	2991
5041	5051	5054	5055	5058	5061	5078	5149	2992
5040	5050	5054	5055	5058	5062	5075	5159	2993
5042	5051	5054	5055	5058	5060	5080	5174	2994
5039	5049	5054	5055	5058	5060	5075	5159	2995
5041	5046	5053	5055	5058	5061	5069	5162	2996
5040	5052	5054	5055	5058	5063	5069	5149	2997
5044	5049	5054	5055	5058	5060	5104	5204	2998
5041	5048	5054	5055	5058	5060	5087	5200	2999
5043	5048	5054	5056	5058	5060	5069	5149	3000
5042	5046	5053	5055	5058	5060	5070	5154	3001
5045	5047	5053	5055	5059	5061	5085	5230	3002
5042	5050	5054	5055	5058	5065	5108	5149	3003
5041	5048	5054	5055	5059	5061	5085	5201	3004
5043	5050	5054	5055	5058	5061	5125	5149	3005
5040	5047	5053	5055	5059	5062	5074	5149	3006
5041	5050	5054	5056	5058	5063	5069	5163	3007
5041	5052	5053	5055	5058	5064	5116	5234	3008
5042	5049	5054	5055	5058	5061	5069	5182	3009
5045	5050	5054	5055	5058	5060	5069	5149	3010
5043	5052	5054	5055	5058	5064	5110	5149	3011
5045	5052	5054	5055	5058	5060	5069	5179	3012
5042	5049	5054	5055	5059	5061	5070	5150	3013
5039	5047	5053	5055	5058	5061	5087	5149	3014
5041	5049	5054	5055	5058	5062	5073	5149	3015
5045	5049	5054	5056	5058	5061	5079	5176	3016
5040	5049	5054	5056	5058	5063	5070	5149	3017
5041	5051	5054	5055	5058	5060	5073	5161	3018
5041	5046	5053	5056	5058	5061	5080	5149	3019
5044	5046	5053	5055	5059	5060	5070	5149	3020
5042	5047	5053	5056	5058	5064	5069	5149	3021
5040	5047	5053	5055	5059	5060	5069	5149	3022
5041	5051	5054	5055	5058	5062	5069	5149	3023
5045	5049	5054	5055	5058	5061	5121	5255	3024
5039	5051	5054	5056	5059	5065	5071	5149	3025
5039	5047	5053	5056	5058	5063	5073	5218	3026
5040	5049	5054	5055	5058	5061	5090	5149	3027
5041	5049	5054	5055	5058	5067	5069	5149	3028
5039	5049	5054	5055	5058	5060	5087	5222	3029
5040	5051	5054	5055	5058	5061	5075	5159	3030
5043	5051	5054	5055	5058	5060	5099	5196	3031
5040	5047	5053	5055	5058	5064	5095	5149	3032
5041	5047	5053	5055	5059	5060	5070	5149	3033
5045	5048	5054	5057	5058	5064	5069	5162	3034
5041	5049	5054	5055	5058	5064	5075	5159	3035
5041	5048	5054	5055	5058	5061	5122	5289	3036
5041	5046	5053	5056	5058	5060	5072	5320	3037
5039	5052	5054	5057	5058	5061	5073	5175	3038
5042	5047	5053	5055	5058	5060	5069	5180	3039
5045	5048	5054	5055	5058	5065	5078	5149	3040
5039	5049	5054	5055	5058	5060	5118	5149	3041
5040	5050	5054	5055	5058	5065	5069	5149	3042
5041	5051	5054	5056	5059	5060	5087	5259	3043
5043	5046	5053	5055	5058	5060	5088	5168	3044
5039	5049	5054	5055	5058	5061	5073	5249	3045
5039	5046	5053	5056	5058	5064	5088	5190	3046
5040	5051	5054	5055	5059	5061	5069	5235	3047
5042	5049	5054	5055	5058	5061	5081	5210	3048
5043	5047	5053	5055	5058	5061	5077	5155	3049
5040	5052	5054	5055	5058	5061	5091	5171	3050
5040	5048	5054	5055	5058	5060	5080	5174	3051
5044	5048	5054	5055	5058	5060	5073	5157	3052
5040	5049	5054	5055	5058	5065	5092	5149	3053
5040	5047	5053	5055	5058	5060	5076	5205	3054
5039	5047	5053	5055	5058	5064	5075	5159	3055
5040	5050	5054	5057	5058	5060	5070	5150	3056
5039	5047	5053	5056	5058	5061	5088	5190	3057
5041	5049	5054	5057	5058	5061	5080	5149	3058
5041	5049	5054	5055	5058	5063	5077	5155	3059
5043	5048	5054	5055	5058	5061	5088	5149	3060
5041	5048	5054	5055	5058	5062	5076	5205	3061
5042	5051	5054	5055	5058	5060	5079	5149	3062
5043	5050	5054	5055	5058	5061	5073	5149	3063
5040	5049	5054	5057	5058	5060	5070	5150	3064
5039	5049	5054	5057	5058	5060	5087	5191	3065
5043	5048	5054	5055	5058	5060	5088	5168	3066
5044	5048	5054	5055	5058	5060	5118	5149	3067
5041	5046	5053	5055	5058	5061	5089	5170	3068
5043	5052	5054	5055	5058	5061	5085	5169	3069
5045	5052	5054	5055	5058	5062	5073	5157	3070
5045	5050	5054	5055	5058	5061	5070	5150	3071
5044	5047	5053	5055	5058	5060	5069	5149	3072
5044	5046	5053	5055	5058	5061	5069	5246	3073
5041	5049	5054	5055	5058	5061	5079	5149	3074
5040	5051	5054	5055	5058	5061	5085	5149	3075
5041	5051	5054	5056	5058	5061	5086	5216	3076
5045	5046	5053	5055	5058	5061	5069	5248	3077
5042	5047	5053	5055	5058	5064	5069	5149	3078
5039	5046	5053	5055	5058	5064	5106	5212	3079
5040	5046	5053	5055	5058	5061	5106	5212	3080
5040	5046	5053	5055	5058	5061	5085	5220	3081
5042	5046	5053	5055	5058	5060	5079	5149	3082
5041	5049	5054	5056	5058	5065	5075	5159	3083
5040	5050	5054	5056	5058	5064	5069	5258	3084
5044	5048	5054	5055	5058	5061	5125	5149	3085
5040	5052	5054	5055	5058	5060	5069	5151	3086
5041	5048	5054	5055	5058	5063	5077	5195	3087
5039	5051	5054	5055	5058	5060	5069	5151	3088
5040	5047	5053	5056	5058	5060	5073	5183	3089
5040	5047	5053	5055	5058	5061	5076	5149	3090
5041	5052	5053	5055	5059	5060	5070	5173	3091
5041	5049	5054	5055	5058	5060	5094	5272	3092
5042	5047	5053	5056	5058	5061	5070	5150	3093
5040	5051	5054	5055	5058	5061	5104	5204	3094
5044	5048	5054	5055	5058	5064	5075	5159	3095
5040	5049	5054	5055	5059	5061	5069	5149	3096
5039	5047	5053	5056	5058	5062	5073	5249	3097
5042	5048	5054	5055	5058	5064	5099	5196	3098
5041	5051	5054	5055	5058	5060	5070	5150	3099
5044	5047	5053	5055	5058	5060	5097	5221	3100
5040	5049	5054	5057	5058	5061	5069	5179	3101
5041	5047	5053	5056	5058	5062	5070	5150	3102
5040	5050	5054	5055	5058	5061	5120	5261	3103
5039	5046	5053	5055	5058	5060	5087	5149	3104
5039	5051	5054	5057	5058	5063	5073	5183	3105
5044	5049	5054	5055	5058	5061	5075	5159	3106
5040	5051	5054	5055	5058	5062	5073	5161	3107
5041	5051	5054	5055	5058	5060	5078	5165	3108
5039	5051	5054	5055	5059	5061	5108	5214	3109
5041	5051	5054	5055	5058	5061	5073	5218	3110
5045	5047	5053	5055	5058	5067	5069	5258	3111
5040	5046	5053	5055	5058	5064	5069	5172	3112
5043	5052	5054	5055	5058	5064	5076	5205	3113
5041	5051	5054	5055	5058	5060	5084	5232	3114
5044	5048	5054	5055	5058	5062	5069	5149	3115
5041	5046	5053	5055	5058	5063	5075	5159	3116
5041	5048	5054	5055	5059	5060	5075	5159	3117
5039	5051	5054	5055	5058	5061	5075	5149	3118
5040	5048	5054	5056	5059	5061	5069	5149	3119
5042	5047	5053	5055	5058	5061	5080	5174	3120
5041	5046	5053	5055	5058	5061	5069	5281	3121
5042	5049	5054	5055	5058	5062	5116	5234	3122
5041	5048	5054	5056	5058	5061	5075	5149	3123
5039	5046	5053	5056	5058	5064	5106	5212	3124
5039	5052	5054	5055	5058	5061	5069	5180	3125
5040	5046	5053	5055	5058	5061	5075	5159	3126
5039	5051	5054	5056	5058	5060	5080	5174	3127
5041	5048	5054	5055	5058	5060	5073	5218	3128
5040	5052	5054	5057	5058	5061	5069	5149	3129
5041	5049	5054	5057	5058	5061	5121	5255	3130
5043	5051	5054	5056	5058	5061	5069	5172	3131
5040	5049	5054	5055	5058	5061	5095	5149	3132
5041	5047	5053	5057	5058	5064	5069	5162	3133
5042	5048	5054	5055	5058	5063	5093	5177	3134
5041	5049	5054	5055	5058	5061	5085	5230	3135
5039	5052	5054	5055	5058	5061	5114	5354	3136
5041	5046	5053	5056	5058	5063	5069	5149	3137
5040	5051	5054	5056	5058	5061	5069	5149	3138
5039	5048	5054	5055	5058	5061	5076	5149	3139
5040	5049	5054	5056	5058	5060	5069	5209	3140
5041	5052	5053	5055	5058	5061	5075	5159	3141
5044	5052	5054	5055	5058	5061	5086	5310	3142
5044	5047	5053	5055	5058	5061	5085	5230	3143
5041	5047	5053	5055	5058	5065	5075	5159	3144
5040	5052	5054	5055	5058	5060	5075	5149	3145
5039	5048	5054	5056	5058	5061	5069	5149	3146
5042	5047	5053	5055	5058	5064	5104	5204	3147
5042	5048	5054	5056	5058	5061	5070	5149	3148
5043	5047	5053	5055	5058	5061	5069	5172	3149
5039	5051	5054	5055	5058	5065	5075	5149	3150
5040	5047	5053	5057	5059	5060	5070	5150	3151
5041	5049	5054	5055	5058	5060	5086	5211	3152
5041	5051	5054	5055	5059	5062	5074	5149	3153
5041	5052	5053	5055	5058	5062	5070	5149	3154
5040	5047	5053	5056	5058	5064	5090	5149	3155
5043	5051	5054	5055	5058	5061	5070	5149	3156
5039	5051	5054	5055	5058	5065	5106	5212	3157
5041	5052	5053	5056	5058	5061	5098	5186	3158
5043	5047	5053	5055	5058	5060	5069	5158	3159
5040	5052	5054	5056	5058	5061	5069	5149	3160
5040	5051	5054	5056	5058	5061	5075	5149	3161
5044	5052	5054	5055	5059	5063	5069	5149	3162
5044	5048	5054	5055	5058	5060	5085	5201	3163
5040	5051	5054	5055	5058	5064	5072	5149	3164
5041	5047	5053	5056	5058	5063	5069	5151	3165
5044	5049	5054	5057	5058	5061	5071	5152	3166
5044	5049	5054	5055	5058	5060	5085	5201	3167
5043	5047	5053	5055	5059	5060	5124	5275	3168
5043	5052	5054	5055	5058	5061	5070	5149	3169
5041	5048	5054	5056	5058	5061	5142	5149	3170
5042	5049	5054	5055	5058	5061	5073	5156	3171
5043	5047	5053	5056	5058	5061	5088	5190	3172
5041	5049	5054	5055	5058	5060	5100	5192	3173
5043	5046	5053	5055	5058	5062	5075	5159	3174
5044	5050	5054	5057	5058	5061	5069	5163	3175
5041	5050	5054	5056	5058	5061	5075	5149	3176
5042	5050	5054	5055	5058	5062	5080	5149	3177
5042	5051	5054	5055	5058	5061	5070	5243	3178
5041	5051	5054	5055	5058	5060	5085	5169	3179
5044	5047	5053	5057	5058	5064	5069	5235	3180
5040	5051	5054	5057	5058	5060	5069	5149	3181
5040	5050	5054	5055	5058	5060	5070	5154	3182
5041	5048	5054	5055	5058	5067	5086	5149	3183
5039	5051	5054	5056	5058	5060	5099	5188	3184
5041	5051	5054	5055	5059	5064	5070	5149	3185
5041	5051	5054	5056	5058	5061	5080	5149	3186
5041	5052	5053	5055	5059	5060	5085	5228	3187
5043	5050	5054	5055	5058	5064	5075	5159	3188
5041	5048	5054	5056	5058	5061	5073	5183	3189
5040	5048	5054	5055	5058	5061	5073	5161	3190
5039	5049	5054	5057	5058	5061	5082	5149	3191
5039	5052	5054	5057	5059	5060	5070	5149	3192
5040	5050	5054	5055	5058	5060	5069	5182	3193
5044	5047	5053	5055	5058	5060	5070	5154	3194
5040	5047	5053	5055	5058	5064	5070	5243	3195
5041	5052	5053	5055	5058	5061	5069	5151	3196
5043	5050	5054	5055	5058	5064	5070	5149	3197
5042	5047	5053	5055	5058	5061	5075	5149	3198
5043	5052	5054	5055	5058	5061	5088	5168	3199
5044	5050	5054	5055	5058	5062	5075	5149	3200
5044	5047	5053	5055	5058	5061	5081	5149	3201
5040	5046	5053	5056	5058	5063	5069	5149	3202
5044	5049	5054	5057	5058	5060	5115	5233	3203
5042	5051	5054	5055	5058	5063	5073	5249	3204
5044	5048	5054	5056	5058	5060	5087	5149	3205
5039	5049	5054	5056	5058	5065	5075	5159	3206
5040	5049	5054	5057	5058	5060	5080	5174	3207
5041	5051	5054	5055	5058	5060	5085	5220	3208
5039	5050	5054	5055	5058	5061	5085	5149	3209
5039	5047	5053	5055	5059	5061	5073	5149	3210
5043	5051	5054	5055	5058	5063	5069	5149	3211
5039	5049	5054	5056	5059	5061	5073	5156	3212
5042	5052	5053	5055	5059	5062	5074	5149	3213
5043	5048	5054	5055	5058	5060	5073	5183	3214
5044	5049	5054	5055	5058	5062	5116	5234	3215
5045	5050	5054	5055	5058	5061	5085	5169	3216
5044	5049	5054	5055	5058	5064	5095	5149	3217
5041	5052	5053	5055	5058	5060	5090	5149	3218
5043	5050	5054	5055	5058	5062	5075	5159	3219
5041	5050	5054	5055	5058	5062	5095	5149	3220
5039	5048	5054	5055	5058	5063	5073	5183	3221
5039	5048	5054	5055	5058	5060	5073	5218	3222
5042	5050	5054	5055	5058	5061	5069	5151	3223
5041	5052	5053	5055	5058	5060	5069	5162	3224
5039	5046	5053	5055	5058	5061	5069	5179	3225
5040	5047	5053	5055	5058	5062	5120	5253	3226
5044	5051	5054	5055	5058	5060	5070	5149	3227
5041	5048	5054	5055	5058	5061	5069	5180	3228
5044	5046	5053	5055	5058	5060	5073	5161	3229
5043	5046	5053	5055	5058	5061	5077	5155	3230
5039	5050	5054	5055	5058	5064	5069	5149	3231
5041	5050	5054	5056	5058	5065	5106	5212	3232
5040	5048	5054	5055	5059	5060	5084	5232	3233
5039	5050	5054	5055	5058	5060	5075	5167	3234
5039	5050	5054	5056	5058	5061	5069	5149	3235
5043	5046	5053	5055	5058	5063	5069	5172	3236
5042	5051	5054	5055	5058	5061	5069	5149	3237
5040	5052	5054	5057	5058	5061	5070	5154	3238
5039	5047	5053	5055	5058	5061	5077	5155	3239
5040	5047	5053	5055	5058	5062	5099	5188	3240
5041	5046	5053	5055	5058	5065	5074	5149	3241
5042	5051	5054	5056	5058	5060	5070	5150	3242
5039	5051	5054	5056	5058	5061	5073	5218	3243
5044	5048	5054	5055	5058	5060	5078	5165	3244
5044	5050	5054	5057	5058	5060	5069	5163	3245
5043	5046	5053	5055	5059	5061	5069	5231	3246
5043	5049	5054	5055	5058	5065	5092	5149	3247
5041	5049	5054	5055	5058	5065	5074	5149	3248
5039	5047	5053	5056	5058	5064	5088	5190	3249
5041	5049	5054	5056	5058	5064	5075	5149	3250
5041	5049	5054	5055	5058	5064	5075	5149	3251
5040	5051	5054	5055	5058	5061	5070	5243	3252
5040	5047	5053	5055	5058	5060	5085	5273	3253
5039	5052	5054	5056	5058	5060	5070	5150	3254
5043	5048	5054	5055	5058	5065	5073	5157	3255
5041	5049	5054	5055	5058	5060	5075	5159	3256
5041	5049	5054	5055	5058	5061	5107	5213	3257
5039	5050	5054	5055	5058	5063	5072	5153	3258
5039	5047	5053	5055	5058	5062	5089	5170	3259
5041	5051	5054	5056	5058	5060	5070	5150	3260
5040	5046	5053	5055	5058	5062	5116	5234	3261
5041	5046	5053	5056	5058	5061	5069	5172	3262
5042	5047	5053	5056	5058	5061	5099	5188	3263
5039	5050	5054	5056	5058	5065	5071	5152	3264
5041	5048	5054	5056	5058	5064	5073	5157	3265
5044	5051	5054	5055	5058	5061	5085	5202	3266
5042	5051	5054	5055	5058	5064	5112	5225	3267
5040	5047	5053	5055	5058	5061	5075	5223	3268
5044	5047	5053	5055	5058	5061	5091	5171	3269
5044	5049	5054	5055	5058	5064	5116	5234	3270
5040	5052	5054	5055	5058	5065	5069	5149	3271
5044	5046	5053	5055	5058	5061	5070	5154	3272
5039	5047	5053	5055	5058	5062	5073	5149	3273
5043	5048	5054	5055	5058	5061	5070	5154	3274
5040	5046	5053	5055	5058	5061	5080	5149	3275
5041	5050	5054	5055	5059	5062	5074	5149	3276
5041	5050	5054	5055	5058	5061	5073	5175	3277
5039	5051	5054	5055	5058	5065	5093	5177	3278
5044	5049	5054	5055	5058	5064	5079	5176	3279
5042	5051	5054	5056	5058	5064	5069	5149	3280
5040	5047	5053	5056	5058	5064	5070	5149	3281
5044	5051	5054	5056	5058	5061	5073	5249	3282
5040	5049	5054	5055	5058	5061	5072	5244	3283
5039	5050	5054	5056	5058	5060	5069	5151	3284
5043	5048	5054	5055	5058	5061	5092	5149	3285
5040	5050	5054	5056	5058	5061	5069	5151	3286
5041	5047	5053	5055	5058	5061	5108	5214	3287
5039	5046	5053	5057	5059	5061	5087	5149	3288
5042	5051	5054	5055	5058	5061	5117	5149	3289
5043	5047	5053	5055	5058	5060	5112	5225	3290
5039	5052	5054	5055	5058	5060	5070	5149	3291
5045	5047	5053	5055	5058	5060	5085	5220	3292
5041	5047	5053	5055	5058	5061	5106	5212	3293
5039	5052	5054	5055	5058	5061	5073	5161	3294
5043	5052	5054	5055	5058	5065	5074	5149	3295
5039	5049	5054	5057	5058	5064	5071	5152	3296
5040	5050	5054	5055	5058	5061	5069	5158	3297
5042	5051	5054	5056	5058	5060	5069	5149	3298
5042	5047	5053	5056	5058	5060	5099	5188	3299
5041	5052	5053	5055	5058	5061	5107	5213	3300
5043	5048	5054	5056	5058	5060	5070	5150	3301
5040	5051	5054	5055	5058	5060	5087	5191	3302
5042	5052	5053	5055	5058	5060	5073	5149	3303
5039	5050	5054	5056	5058	5061	5073	5218	3304
5040	5052	5054	5056	5058	5060	5075	5149	3305
5043	5051	5054	5055	5059	5063	5077	5155	3306
5045	5049	5054	5055	5058	5060	5085	5169	3307
5043	5049	5054	5056	5058	5061	5069	5287	3308
5040	5048	5054	5055	5058	5060	5126	5284	3309
5044	5052	5054	5055	5058	5060	5088	5168	3310
5044	5047	5053	5056	5058	5062	5070	5154	3311
5043	5049	5054	5055	5058	5061	5069	5179	3312
5041	5050	5054	5055	5058	5061	5069	5158	3313
5044	5047	5053	5056	5058	5064	5088	5190	3314
5043	5049	5054	5056	5058	5060	5072	5149	3315
5040	5047	5053	5056	5058	5064	5088	5190	3316
5039	5049	5054	5055	5058	5060	5075	5149	3317
5040	5047	5053	5055	5058	5062	5069	5180	3318
5043	5046	5053	5056	5058	5061	5099	5188	3319
5043	5052	5054	5055	5058	5060	5073	5161	3320
5040	5050	5054	5055	5058	5060	5070	5150	3321
5044	5048	5054	5055	5058	5061	5108	5214	3322
5039	5048	5054	5057	5058	5064	5069	5162	3323
5039	5050	5054	5055	5058	5061	5069	5151	3324
5041	5049	5054	5055	5058	5063	5085	5201	3325
5042	5048	5054	5055	5058	5062	5077	5155	3326
5039	5047	5053	5055	5058	5060	5069	5151	3327
5044	5046	5053	5056	5058	5062	5070	5150	3328
5042	5052	5053	5055	5058	5065	5073	5157	3329
5040	5048	5054	5056	5058	5064	5090	5149	3330
5041	5050	5054	5055	5058	5060	5069	5180	3331
5042	5049	5054	5055	5058	5065	5074	5149	3332
5042	5049	5054	5055	5058	5060	5069	5151	3333
5044	5051	5054	5055	5058	5064	5069	5286	3334
5042	5050	5054	5055	5058	5060	5069	5227	3335
5044	5048	5054	5055	5058	5061	5075	5238	3336
5044	5051	5054	5055	5058	5063	5077	5155	3337
5041	5050	5054	5056	5058	5061	5080	5149	3338
5041	5046	5053	5055	5058	5062	5069	5149	3339
5045	5052	5054	5057	5058	5061	5087	5191	3340
5039	5051	5054	5055	5058	5061	5117	5236	3341
5044	5047	5053	5055	5058	5061	5069	5248	3342
5045	5051	5054	5056	5058	5060	5070	5150	3343
5043	5046	5053	5055	5058	5066	5095	5149	3344
5040	5050	5054	5057	5058	5061	5069	5187	3345
5040	5048	5054	5055	5058	5065	5073	5218	3346
5044	5051	5054	5055	5058	5061	5100	5192	3347
5039	5046	5053	5055	5059	5060	5069	5149	3348
5040	5049	5054	5055	5058	5061	5080	5174	3349
5044	5050	5054	5055	5058	5061	5069	5180	3350
5040	5050	5054	5057	5059	5061	5069	5240	3351
5039	5049	5054	5056	5058	5061	5070	5150	3352
5041	5046	5053	5056	5058	5063	5073	5175	3353
5039	5050	5054	5055	5058	5061	5090	5149	3354
5040	5046	5053	5055	5058	5060	5070	5149	3355
5039	5046	5053	5055	5058	5061	5073	5157	3356
5040	5052	5054	5055	5058	5062	5075	5149	3357
5041	5050	5054	5055	5058	5060	5075	5159	3358
5040	5051	5054	5055	5058	5062	5099	5196	3359
5044	5048	5054	5055	5058	5061	5116	5234	3360
5043	5048	5054	5057	5058	5060	5073	5249	3361
5041	5046	5053	5055	5058	5060	5078	5149	3362
5043	5048	5054	5055	5058	5061	5069	5185	3363
5044	5052	5054	5055	5058	5060	5099	5196	3364
5039	5052	5054	5056	5058	5061	5069	5172	3365
5045	5050	5054	5055	5058	5060	5070	5150	3366
5039	5047	5053	5056	5058	5065	5073	5218	3367
5041	5046	5053	5056	5058	5060	5090	5149	3368
5039	5050	5054	5057	5058	5061	5070	5150	3369
5039	5051	5054	5055	5059	5063	5077	5155	3370
5040	5052	5054	5056	5058	5062	5070	5150	3371
5043	5046	5053	5055	5058	5062	5080	5174	3372
5040	5047	5053	5056	5058	5061	5099	5188	3373
5039	5047	5053	5055	5058	5061	5071	5152	3374
5043	5046	5053	5056	5058	5062	5087	5149	3375
5043	5047	5053	5055	5058	5061	5069	5179	3376
5041	5049	5054	5055	5058	5061	5083	5149	3377
5042	5048	5054	5055	5059	5061	5104	5204	3378
5040	5048	5054	5055	5058	5061	5075	5203	3379
5039	5047	5053	5055	5058	5063	5069	5149	3380
5040	5047	5053	5055	5058	5061	5120	5253	3381
5041	5052	5053	5055	5058	5061	5073	5156	3382
5039	5048	5054	5055	5058	5060	5075	5149	3383
5039	5048	5054	5055	5058	5060	5085	5201	3384
5043	5050	5054	5055	5058	5061	5087	5237	3385
5043	5051	5054	5055	5058	5066	5073	5157	3386
5041	5047	5053	5055	5058	5060	5097	5221	3387
5040	5047	5053	5055	5058	5061	5069	5246	3388
5044	5047	5053	5055	5058	5061	5070	5149	3389
5041	5051	5054	5056	5058	5061	5070	5149	3390
5044	5048	5054	5055	5058	5061	5073	5175	3391
5040	5049	5054	5055	5058	5061	5113	5229	3392
5044	5047	5053	5055	5058	5063	5073	5156	3393
5043	5046	5053	5055	5058	5063	5070	5149	3394
5039	5046	5053	5056	5058	5061	5081	5149	3395
5045	5051	5054	5056	5058	5061	5073	5183	3396
5041	5048	5054	5055	5058	5062	5104	5204	3397
5040	5047	5053	5055	5058	5060	5121	5149	3398
5044	5052	5054	5055	5058	5061	5080	5149	3399
5043	5051	5054	5056	5059	5064	5075	5159	3400
5040	5052	5054	5056	5058	5061	5069	5172	3401
5041	5046	5053	5055	5058	5060	5073	5149	3402
5042	5051	5054	5055	5058	5060	5087	5237	3403
5041	5046	5053	5056	5058	5060	5080	5149	3404
5044	5046	5053	5055	5058	5062	5073	5161	3405
5041	5049	5054	5055	5059	5061	5075	5149	3406
5039	5047	5053	5055	5058	5061	5116	5234	3407
5039	5048	5054	5055	5058	5061	5070	5149	3408
5044	5052	5054	5055	5058	5060	5075	5223	3409
5040	5047	5053	5055	5058	5062	5077	5155	3410
5041	5049	5054	5055	5058	5064	5069	5158	3411
5042	5050	5054	5056	5058	5061	5069	5235	3412
5043	5052	5054	5055	5058	5060	5100	5192	3413
5040	5046	5053	5055	5058	5066	5099	5196	3414
5045	5051	5054	5056	5058	5060	5075	5159	3415
5041	5049	5054	5056	5058	5063	5073	5183	3416
5039	5047	5053	5055	5058	5060	5087	5259	3417
5039	5049	5054	5055	5058	5065	5075	5159	3418
5042	5048	5054	5055	5058	5061	5070	5149	3419
5040	5051	5054	5055	5058	5060	5087	5149	3420
5040	5047	5053	5055	5058	5060	5073	5161	3421
5041	5048	5054	5055	5058	5060	5069	5252	3422
5044	5052	5054	5055	5058	5061	5069	5235	3423
5043	5047	5053	5056	5058	5060	5121	5255	3424
5041	5046	5053	5057	5059	5061	5086	5216	3425
5042	5050	5054	5057	5058	5061	5080	5149	3426
5040	5052	5054	5055	5058	5060	5086	5149	3427
5040	5046	5053	5055	5059	5061	5073	5156	3428
5039	5046	5053	5055	5058	5065	5070	5243	3429
5043	5052	5054	5055	5058	5061	5095	5149	3430
5042	5052	5053	5055	5058	5060	5070	5150	3431
5045	5052	5054	5055	5058	5061	5073	5175	3432
5043	5050	5054	5056	5058	5060	5079	5176	3433
5040	5046	5053	5056	5058	5064	5090	5149	3434
5040	5052	5054	5055	5058	5060	5069	5172	3435
5041	5047	5053	5055	5058	5061	5118	5149	3436
5041	5046	5053	5055	5058	5063	5088	5302	3437
5040	5048	5054	5055	5058	5061	5075	5149	3438
5040	5050	5054	5055	5058	5060	5080	5174	3439
5042	5052	5053	5056	5058	5061	5079	5176	3440
5041	5050	5054	5055	5058	5065	5092	5149	3441
5041	5050	5054	5057	5058	5061	5073	5175	3442
5044	5051	5054	5055	5058	5063	5085	5169	3443
5044	5052	5054	5056	5058	5060	5073	5183	3444
5042	5046	5053	5055	5058	5061	5070	5149	3445
5041	5052	5053	5055	5058	5061	5108	5214	3446
5041	5050	5054	5055	5058	5061	5079	5149	3447
5039	5049	5054	5055	5058	5061	5090	5149	3448
5042	5052	5053	5056	5058	5065	5073	5218	3449
5040	5046	5053	5055	5058	5064	5069	5179	3450
5045	5049	5054	5057	5058	5061	5070	5150	3451
5041	5051	5054	5056	5058	5067	5071	5152	3452
5045	5049	5054	5055	5058	5061	5070	5150	3453
5040	5046	5053	5056	5058	5063	5073	5175	3454
5041	5046	5053	5055	5058	5062	5075	5203	3455
5041	5052	5053	5055	5058	5063	5077	5155	3456
5041	5046	5053	5055	5058	5065	5073	5157	3457
5041	5047	5053	5056	5058	5061	5086	5149	3458
5041	5050	5054	5055	5058	5064	5075	5159	3459
5043	5048	5054	5055	5058	5064	5078	5149	3460
5040	5048	5054	5056	5058	5061	5069	5172	3461
5043	5052	5054	5056	5058	5061	5073	5161	3462
5042	5048	5054	5057	5058	5061	5075	5159	3463
5041	5051	5054	5055	5058	5064	5075	5159	3464
5043	5047	5053	5055	5058	5063	5104	5204	3465
5040	5052	5054	5055	5058	5061	5069	5246	3466
5045	5046	5053	5056	5058	5060	5069	5149	3467
5040	5049	5054	5055	5059	5060	5069	5180	3468
5041	5052	5053	5055	5058	5061	5073	5161	3469
5041	5050	5054	5055	5058	5064	5075	5199	3470
5045	5050	5054	5055	5058	5060	5070	5154	3471
5042	5047	5053	5055	5058	5060	5075	5149	3472
5044	5048	5054	5056	5058	5064	5099	5188	3473
5041	5046	5053	5056	5058	5061	5087	5149	3474
5040	5050	5054	5055	5058	5060	5069	5158	3475
5040	5051	5054	5055	5058	5061	5069	5252	3476
5039	5047	5053	5056	5058	5061	5080	5149	3477
5044	5048	5054	5056	5058	5061	5070	5150	3478
5042	5052	5053	5055	5058	5063	5070	5243	3479
5042	5047	5053	5055	5058	5060	5088	5300	3480
5042	5050	5054	5056	5058	5064	5073	5149	3481
5039	5046	5053	5055	5058	5061	5075	5279	3482
5043	5046	5053	5055	5058	5060	5121	5260	3483
5045	5050	5054	5057	5058	5062	5070	5149	3484
5039	5046	5053	5055	5058	5060	5072	5153	3485
5039	5047	5053	5056	5058	5062	5069	5172	3486
5039	5047	5053	5055	5058	5066	5099	5196	3487
5041	5049	5054	5055	5058	5064	5069	5248	3488
5043	5047	5053	5055	5058	5063	5085	5169	3489
5042	5052	5053	5055	5058	5064	5107	5213	3490
5040	5051	5054	5055	5058	5061	5077	5155	3491
5043	5048	5054	5055	5058	5060	5087	5191	3492
5041	5049	5054	5055	5058	5060	5080	5149	3493
5041	5047	5053	5055	5058	5063	5069	5180	3494
5043	5047	5053	5055	5058	5060	5078	5165	3495
5043	5049	5054	5056	5058	5062	5070	5149	3496
5039	5051	5054	5055	5058	5060	5079	5176	3497
5042	5051	5054	5056	5058	5061	5099	5188	3498
5040	5050	5054	5055	5059	5060	5115	5304	3499
5041	5048	5054	5056	5058	5061	5075	5238	3500
5044	5052	5054	5055	5058	5060	5075	5203	3501
5039	5050	5054	5055	5059	5063	5069	5149	3502
5039	5048	5054	5055	5059	5060	5069	5149	3503
5040	5052	5054	5055	5058	5062	5069	5194	3504
5041	5049	5054	5056	5058	5060	5080	5174	3505
5041	5051	5054	5055	5058	5061	5086	5149	3506
5043	5050	5054	5055	5058	5061	5115	5276	3507
5042	5051	5054	5055	5058	5060	5069	5149	3508
5043	5052	5054	5055	5058	5061	5070	5150	3509
5043	5049	5054	5055	5058	5061	5092	5149	3510
5041	5049	5054	5055	5058	5061	5112	5225	3511
5039	5047	5053	5056	5058	5061	5073	5183	3512
5044	5052	5054	5056	5058	5061	5069	5149	3513
5041	5049	5054	5057	5058	5062	5070	5149	3514
5042	5052	5053	5056	5058	5063	5073	5175	3515
5043	5049	5054	5055	5058	5061	5070	5150	3516
5039	5052	5054	5055	5058	5062	5087	5237	3517
5040	5052	5054	5055	5058	5061	5085	5230	3518
5043	5052	5054	5055	5059	5060	5085	5230	3519
5041	5051	5054	5055	5058	5061	5086	5211	3520
5043	5050	5054	5056	5058	5061	5099	5188	3521
5039	5046	5053	5055	5058	5061	5073	5175	3522
5044	5052	5054	5055	5058	5065	5070	5243	3523
5041	5051	5054	5055	5058	5061	5069	5158	3524
5039	5049	5054	5055	5058	5061	5069	5235	3525
5044	5049	5054	5055	5058	5064	5073	5183	3526
5042	5049	5054	5055	5058	5061	5069	5162	3527
5041	5052	5053	5055	5058	5061	5069	5180	3528
5040	5047	5053	5055	5058	5061	5104	5204	3529
5043	5050	5054	5056	5058	5063	5069	5163	3530
5039	5049	5054	5055	5058	5060	5070	5154	3531
5043	5047	5053	5055	5058	5060	5104	5204	3532
5039	5050	5054	5056	5058	5065	5106	5212	3533
5041	5046	5053	5055	5058	5060	5070	5149	3534
5042	5047	5053	5055	5058	5061	5099	5283	3535
5039	5051	5054	5055	5059	5061	5085	5169	3536
5041	5050	5054	5056	5058	5060	5069	5180	3537
5044	5052	5054	5055	5058	5061	5069	5194	3538
5041	5051	5054	5055	5058	5061	5077	5195	3539
5040	5048	5054	5055	5058	5060	5070	5154	3540
5041	5049	5054	5055	5058	5060	5121	5255	3541
5040	5046	5053	5056	5058	5061	5106	5212	3542
5041	5048	5054	5055	5058	5060	5070	5149	3543
5039	5048	5054	5055	5058	5065	5073	5218	3544
5042	5048	5054	5055	5058	5061	5088	5149	3545
5041	5046	5053	5055	5058	5061	5075	5159	3546
5040	5049	5054	5055	5058	5064	5093	5177	3547
5041	5050	5054	5055	5058	5060	5072	5153	3548
5042	5051	5054	5055	5058	5060	5069	5185	3549
5043	5047	5053	5055	5058	5064	5076	5205	3550
5039	5046	5053	5056	5058	5061	5088	5149	3551
5039	5046	5053	5055	5058	5061	5075	5242	3552
5040	5049	5054	5055	5058	5064	5075	5149	3553
5041	5048	5054	5055	5058	5060	5069	5158	3554
5044	5049	5054	5055	5058	5060	5069	5180	3555
5039	5047	5053	5055	5058	5061	5075	5203	3556
5039	5048	5054	5055	5058	5062	5069	5149	3557
5041	5051	5054	5056	5058	5061	5088	5190	3558
5044	5048	5054	5055	5058	5060	5080	5174	3559
5041	5052	5053	5056	5058	5062	5069	5180	3560
5040	5046	5053	5055	5058	5061	5075	5167	3561
5043	5052	5054	5055	5058	5062	5070	5149	3562
5040	5046	5053	5055	5058	5061	5085	5169	3563
5040	5051	5054	5055	5058	5063	5069	5246	3564
5039	5049	5054	5056	5058	5060	5115	5233	3565
5039	5052	5054	5055	5058	5061	5069	5209	3566
5041	5052	5053	5055	5058	5061	5085	5220	3567
5039	5049	5054	5056	5058	5061	5073	5249	3568
5039	5052	5054	5055	5058	5061	5116	5234	3569
5042	5049	5054	5055	5058	5061	5085	5169	3570
5040	5052	5054	5055	5058	5065	5107	5213	3571
5041	5050	5054	5056	5058	5062	5073	5149	3572
5043	5049	5054	5056	5058	5061	5088	5190	3573
5040	5051	5054	5055	5058	5060	5088	5226	3574
5041	5051	5054	5055	5058	5062	5099	5196	3575
5041	5050	5054	5057	5058	5060	5069	5149	3576
5045	5047	5053	5055	5058	5061	5118	5149	3577
5045	5051	5054	5056	5058	5061	5070	5150	3578
5043	5049	5054	5055	5058	5061	5085	5220	3579
5039	5048	5054	5055	5058	5061	5075	5208	3580
5039	5052	5054	5057	5059	5061	5086	5216	3581
5040	5047	5053	5055	5058	5061	5085	5273	3582
5043	5049	5054	5056	5058	5060	5087	5149	3583
5040	5049	5054	5055	5058	5061	5084	5160	3584
5044	5051	5054	5055	5058	5060	5100	5192	3585
5041	5051	5054	5055	5059	5061	5069	5149	3586
5040	5047	5053	5056	5058	5060	5079	5176	3587
5039	5047	5053	5055	5058	5061	5122	5263	3588
5040	5048	5054	5057	5058	5064	5098	5186	3589
5045	5048	5054	5055	5059	5061	5085	5230	3590
5043	5049	5054	5056	5058	5061	5069	5235	3591
5041	5052	5053	5055	5058	5065	5075	5159	3592
5042	5049	5054	5055	5058	5060	5114	5149	3593
5044	5049	5054	5056	5058	5061	5075	5159	3594
5043	5050	5054	5055	5059	5060	5100	5149	3595
5042	5049	5054	5055	5058	5061	5093	5177	3596
5044	5048	5054	5055	5058	5062	5088	5149	3597
5040	5048	5054	5055	5058	5061	5106	5212	3598
5044	5046	5053	5055	5058	5062	5080	5174	3599
5042	5049	5054	5055	5058	5060	5085	5273	3600
5042	5047	5053	5055	5058	5063	5077	5195	3601
5043	5046	5053	5055	5058	5067	5070	5243	3602
5044	5048	5054	5055	5058	5060	5070	5150	3603
5041	5052	5053	5055	5058	5061	5094	5272	3604
5039	5049	5054	5055	5058	5064	5070	5154	3605
5040	5050	5054	5056	5058	5065	5088	5190	3606
5041	5046	5053	5055	5059	5061	5088	5190	3607
5041	5048	5054	5055	5058	5060	5069	5295	3608
5040	5052	5054	5055	5059	5061	5087	5222	3609
5040	5049	5054	5055	5058	5060	5069	5240	3610
5043	5051	5054	5056	5058	5063	5073	5183	3611
5040	5050	5054	5055	5058	5064	5069	5235	3612
5043	5048	5054	5056	5058	5061	5070	5150	3613
5044	5051	5054	5055	5058	5061	5075	5159	3614
5044	5048	5054	5056	5058	5061	5073	5218	3615
5040	5051	5054	5055	5058	5061	5080	5174	3616
5041	5049	5054	5055	5058	5061	5075	5167	3617
5043	5049	5054	5055	5059	5061	5085	5230	3618
5039	5049	5054	5055	5058	5061	5092	5149	3619
5042	5048	5054	5055	5058	5061	5070	5243	3620
5044	5048	5054	5057	5058	5061	5086	5216	3621
5039	5052	5054	5055	5058	5061	5069	5257	3622
5041	5049	5054	5055	5058	5062	5079	5149	3623
5043	5046	5053	5055	5058	5064	5112	5225	3624
5041	5049	5054	5055	5058	5062	5107	5213	3625
5040	5052	5054	5056	5058	5061	5075	5149	3626
5041	5047	5053	5055	5058	5061	5072	5294	3627
5042	5050	5054	5055	5058	5062	5070	5150	3628
5040	5046	5053	5055	5058	5061	5069	5187	3629
5042	5049	5054	5055	5058	5060	5075	5203	3630
5043	5047	5053	5055	5058	5061	5070	5243	3631
5039	5049	5054	5055	5058	5064	5108	5214	3632
5040	5046	5053	5055	5058	5061	5092	5149	3633
5039	5047	5053	5055	5058	5061	5088	5271	3634
5044	5048	5054	5057	5058	5060	5080	5174	3635
5044	5052	5054	5055	5058	5060	5073	5218	3636
5039	5047	5053	5055	5058	5063	5073	5156	3637
5040	5046	5053	5055	5058	5060	5075	5167	3638
5042	5051	5054	5055	5058	5061	5070	5149	3639
5039	5051	5054	5055	5058	5063	5075	5149	3640
5041	5047	5053	5055	5058	5066	5095	5149	3641
5044	5046	5053	5055	5058	5061	5087	5222	3642
5043	5046	5053	5055	5058	5060	5086	5149	3643
5040	5050	5054	5055	5059	5067	5069	5149	3644
5043	5047	5053	5055	5058	5060	5096	5181	3645
5044	5049	5054	5055	5058	5061	5069	5207	3646
5039	5047	5053	5056	5058	5063	5069	5149	3647
5039	5048	5054	5055	5058	5063	5077	5195	3648
5045	5046	5053	5056	5058	5063	5073	5183	3649
5039	5049	5054	5056	5058	5060	5073	5218	3650
5044	5047	5053	5055	5058	5061	5130	5296	3651
5043	5051	5054	5056	5058	5064	5095	5149	3652
5043	5049	5054	5055	5058	5061	5086	5149	3653
5044	5050	5054	5056	5058	5064	5088	5190	3654
5040	5047	5053	5055	5058	5061	5077	5155	3655
5040	5047	5053	5057	5058	5061	5070	5149	3656
5043	5052	5054	5056	5059	5062	5070	5150	3657
5040	5047	5053	5056	5058	5062	5069	5172	3658
5041	5048	5054	5055	5058	5062	5099	5196	3659
5041	5050	5054	5056	5059	5061	5088	5190	3660
5042	5052	5053	5055	5058	5060	5087	5191	3661
5044	5047	5053	5055	5058	5060	5090	5149	3662
5040	5047	5053	5055	5058	5061	5086	5211	3663
5040	5051	5054	5056	5058	5061	5088	5190	3664
5041	5050	5054	5055	5058	5064	5069	5179	3665
5041	5049	5054	5057	5058	5065	5071	5152	3666
5040	5051	5054	5055	5058	5061	5075	5167	3667
5043	5047	5053	5056	5058	5060	5081	5149	3668
5040	5046	5053	5055	5058	5061	5069	5252	3669
5040	5048	5054	5056	5058	5061	5073	5175	3670
5044	5051	5054	5056	5058	5061	5075	5149	3671
5044	5052	5054	5056	5058	5061	5070	5164	3672
5044	5051	5054	5056	5058	5061	5073	5218	3673
5040	5050	5054	5055	5058	5063	5073	5149	3674
5041	5052	5053	5056	5059	5061	5075	5149	3675
5039	5052	5054	5055	5058	5061	5070	5243	3676
5044	5048	5054	5057	5058	5060	5070	5154	3677
5042	5051	5054	5055	5058	5063	5085	5201	3678
5041	5047	5053	5055	5058	5065	5089	5170	3679
5044	5049	5054	5055	5058	5060	5115	5149	3680
5041	5052	5053	5055	5058	5060	5085	5201	3681
5039	5050	5054	5055	5058	5064	5069	5266	3682
5043	5048	5054	5056	5058	5066	5112	5362	3683
5044	5052	5054	5056	5058	5060	5142	5149	3684
5043	5052	5054	5055	5058	5060	5107	5213	3685
5042	5047	5053	5055	5058	5061	5070	5149	3686
5039	5048	5054	5055	5058	5061	5121	5255	3687
5039	5048	5054	5056	5059	5061	5075	5149	3688
5045	5052	5054	5055	5058	5064	5095	5149	3689
5039	5052	5054	5055	5058	5064	5075	5159	3690
5041	5047	5053	5055	5058	5064	5069	5151	3691
5040	5046	5053	5055	5058	5066	5095	5149	3692
5042	5047	5053	5055	5058	5060	5085	5169	3693
5041	5049	5054	5055	5058	5061	5086	5211	3694
5040	5048	5054	5055	5058	5060	5139	5149	3695
5041	5047	5053	5055	5059	5061	5132	5149	3696
5042	5049	5054	5055	5058	5060	5069	5162	3697
5040	5047	5053	5055	5058	5065	5071	5152	3698
5040	5048	5054	5056	5058	5064	5069	5149	3699
5043	5046	5053	5055	5059	5062	5074	5149	3700
5041	5046	5053	5055	5058	5064	5075	5238	3701
5041	5047	5053	5056	5058	5061	5088	5190	3702
5040	5047	5053	5055	5059	5060	5087	5149	3703
5039	5052	5054	5055	5058	5062	5079	5176	3704
5042	5051	5054	5056	5058	5061	5081	5149	3705
5040	5047	5053	5056	5058	5062	5073	5156	3706
5040	5052	5054	5055	5058	5060	5075	5159	3707
5041	5051	5054	5055	5058	5060	5070	5154	3708
5041	5047	5053	5056	5058	5060	5069	5172	3709
5043	5048	5054	5055	5058	5063	5077	5195	3710
5040	5046	5053	5055	5058	5060	5069	5179	3711
5039	5050	5054	5057	5058	5060	5069	5235	3712
5041	5047	5053	5055	5058	5060	5089	5170	3713
5041	5051	5054	5056	5058	5061	5075	5149	3714
5043	5048	5054	5055	5058	5060	5073	5157	3715
5039	5047	5053	5056	5059	5061	5075	5149	3716
5041	5047	5053	5057	5058	5061	5115	5233	3717
5040	5047	5053	5055	5058	5060	5069	5182	3718
5041	5046	5053	5056	5058	5061	5073	5183	3719
5040	5047	5053	5055	5058	5062	5069	5149	3720
5039	5051	5054	5055	5058	5064	5099	5189	3721
5043	5046	5053	5055	5058	5062	5075	5149	3722
5041	5049	5054	5055	5058	5061	5100	5192	3723
5039	5052	5054	5055	5058	5065	5087	5191	3724
5045	5050	5054	5056	5058	5061	5073	5183	3725
5041	5049	5054	5055	5058	5061	5073	5249	3726
5041	5052	5053	5055	5058	5061	5122	5339	3727
5045	5050	5054	5055	5058	5061	5078	5149	3728
5044	5050	5054	5056	5058	5060	5102	5149	3729
5045	5046	5053	5057	5058	5061	5080	5149	3730
5043	5049	5054	5055	5058	5062	5084	5160	3731
5044	5048	5054	5055	5058	5061	5103	5149	3732
5039	5050	5054	5057	5058	5065	5069	5149	3733
5040	5047	5053	5056	5059	5060	5078	5165	3734
5041	5052	5053	5057	5058	5061	5115	5233	3735
5045	5050	5054	5055	5058	5064	5075	5149	3736
5042	5046	5053	5055	5058	5061	5087	5149	3737
5041	5049	5054	5056	5058	5067	5069	5248	3738
5042	5047	5053	5056	5058	5061	5073	5249	3739
5041	5047	5053	5055	5058	5061	5120	5253	3740
5039	5051	5054	5055	5058	5060	5070	5173	3741
5041	5046	5053	5055	5058	5065	5078	5149	3742
5045	5047	5053	5055	5058	5062	5078	5165	3743
5041	5048	5054	5056	5058	5060	5070	5154	3744
5044	5048	5054	5056	5058	5063	5069	5149	3745
5045	5047	5053	5055	5058	5064	5069	5149	3746
5042	5052	5053	5055	5058	5060	5069	5182	3747
5041	5052	5053	5055	5058	5063	5107	5213	3748
5040	5050	5054	5055	5058	5063	5084	5160	3749
5039	5050	5054	5055	5058	5062	5069	5162	3750
5041	5051	5054	5055	5058	5064	5088	5190	3751
5040	5048	5054	5055	5058	5061	5104	5204	3752
5040	5047	5053	5055	5058	5061	5085	5230	3753
5039	5050	5054	5057	5058	5061	5070	5149	3754
5042	5050	5054	5056	5058	5060	5069	5149	3755
5041	5050	5054	5056	5058	5060	5078	5165	3756
5044	5049	5054	5055	5058	5063	5093	5177	3757
5039	5048	5054	5055	5058	5062	5079	5149	3758
5041	5051	5054	5055	5058	5061	5072	5264	3759
5042	5050	5054	5055	5058	5061	5085	5230	3760
5039	5049	5054	5055	5058	5060	5116	5234	3761
5044	5051	5054	5055	5058	5064	5099	5189	3762
5041	5048	5054	5056	5058	5062	5070	5154	3763
5043	5050	5054	5055	5058	5063	5084	5160	3764
5039	5049	5054	5055	5059	5062	5072	5153	3765
5042	5050	5054	5055	5058	5061	5069	5149	3766
5043	5051	5054	5056	5058	5061	5070	5150	3767
5040	5050	5054	5055	5058	5060	5087	5259	3768
5039	5049	5054	5055	5058	5061	5073	5149	3769
5040	5048	5054	5055	5058	5060	5069	5206	3770
5044	5052	5054	5055	5059	5060	5070	5150	3771
5039	5052	5054	5055	5058	5062	5078	5165	3772
5040	5049	5054	5055	5058	5064	5069	5179	3773
5040	5049	5054	5056	5058	5061	5092	5149	3774
5039	5051	5054	5055	5058	5061	5073	5156	3775
5044	5050	5054	5057	5058	5067	5073	5149	3776
5041	5046	5053	5055	5058	5061	5075	5149	3777
5040	5047	5053	5057	5058	5060	5070	5150	3778
5040	5048	5054	5055	5058	5061	5086	5216	3779
5044	5046	5053	5056	5058	5065	5073	5249	3780
5039	5049	5054	5057	5058	5065	5069	5163	3781
5040	5050	5054	5057	5058	5061	5069	5149	3782
5041	5049	5054	5056	5058	5062	5069	5151	3783
5044	5052	5054	5056	5058	5061	5070	5150	3784
5044	5049	5054	5055	5059	5061	5075	5159	3785
5039	5049	5054	5055	5059	5062	5081	5210	3786
5040	5046	5053	5055	5059	5062	5093	5177	3787
5041	5047	5053	5055	5058	5061	5105	5149	3788
5043	5047	5053	5055	5058	5060	5071	5152	3789
5045	5051	5054	5055	5058	5063	5075	5149	3790
5039	5046	5053	5055	5058	5062	5069	5149	3791
5041	5046	5053	5055	5059	5063	5077	5195	3792
5044	5051	5054	5055	5058	5061	5073	5149	3793
5039	5048	5054	5057	5058	5063	5070	5149	3794
5045	5052	5054	5055	5058	5063	5077	5155	3795
5041	5048	5054	5055	5058	5064	5069	5179	3796
5040	5051	5054	5055	5058	5061	5069	5306	3797
5044	5052	5054	5055	5058	5060	5085	5201	3798
5040	5046	5053	5055	5058	5061	5083	5149	3799
5041	5048	5054	5055	5059	5060	5087	5149	3800
5041	5049	5054	5057	5058	5060	5080	5174	3801
5040	5048	5054	5055	5058	5063	5075	5159	3802
5039	5049	5054	5055	5058	5061	5084	5232	3803
5039	5052	5054	5055	5058	5060	5070	5243	3804
5040	5050	5054	5055	5058	5060	5069	5231	3805
5044	5052	5054	5055	5058	5060	5088	5268	3806
5039	5046	5053	5055	5058	5060	5070	5166	3807
5041	5046	5053	5055	5058	5061	5099	5189	3808
5039	5051	5054	5055	5058	5063	5069	5252	3809
5043	5051	5054	5055	5059	5063	5088	5149	3810
5042	5052	5053	5056	5058	5064	5073	5249	3811
5042	5051	5054	5055	5058	5062	5072	5153	3812
5044	5048	5054	5055	5058	5061	5073	5149	3813
5045	5047	5053	5055	5058	5061	5069	5266	3814
5040	5051	5054	5055	5058	5061	5095	5149	3815
5039	5049	5054	5055	5058	5062	5070	5150	3816
5044	5047	5053	5056	5058	5063	5069	5149	3817
5040	5052	5054	5057	5058	5061	5087	5191	3818
5042	5050	5054	5055	5058	5062	5069	5149	3819
5044	5048	5054	5055	5058	5060	5075	5149	3820
5044	5052	5054	5055	5058	5064	5106	5212	3821
5044	5047	5053	5055	5058	5060	5075	5149	3822
5045	5047	5053	5055	5058	5061	5073	5149	3823
5045	5049	5054	5056	5058	5060	5069	5163	3824
5043	5052	5054	5055	5058	5065	5069	5149	3825
5043	5050	5054	5055	5058	5060	5077	5256	3826
5039	5047	5053	5056	5058	5064	5069	5149	3827
5041	5049	5054	5056	5058	5061	5121	5255	3828
5043	5047	5053	5055	5058	5061	5079	5149	3829
5040	5046	5053	5055	5058	5061	5079	5149	3830
5041	5047	5053	5055	5058	5061	5075	5149	3831
5039	5049	5054	5055	5059	5061	5086	5211	3832
5043	5052	5054	5056	5058	5060	5073	5183	3833
5043	5052	5054	5055	5058	5066	5095	5149	3834
5039	5047	5053	5055	5058	5061	5088	5149	3835
5040	5046	5053	5055	5059	5060	5093	5177	3836
5040	5046	5053	5056	5058	5060	5075	5149	3837
5039	5052	5054	5055	5059	5061	5069	5149	3838
5045	5050	5054	5055	5058	5061	5069	5287	3839
5041	5048	5054	5055	5059	5061	5087	5222	3840
5040	5048	5054	5055	5058	5060	5075	5159	3841
5043	5049	5054	5056	5058	5061	5069	5240	3842
5040	5047	5053	5055	5058	5063	5069	5182	3843
5039	5046	5053	5056	5058	5061	5099	5188	3844
5044	5048	5054	5056	5058	5061	5075	5159	3845
5040	5050	5054	5055	5058	5060	5115	5334	3846
5041	5046	5053	5055	5058	5063	5085	5169	3847
5041	5052	5053	5057	5058	5061	5080	5149	3848
5039	5046	5053	5055	5058	5063	5073	5149	3849
5040	5051	5054	5055	5058	5065	5090	5149	3850
5039	5050	5054	5056	5058	5060	5069	5149	3851
5041	5050	5054	5055	5058	5061	5069	5252	3852
5039	5047	5053	5055	5058	5061	5075	5167	3853
5039	5052	5054	5057	5058	5061	5070	5150	3854
5039	5049	5054	5055	5058	5061	5073	5161	3855
5039	5052	5054	5056	5058	5062	5071	5152	3856
5042	5052	5053	5055	5058	5061	5069	5179	3857
5043	5048	5054	5056	5058	5064	5099	5188	3858
5043	5052	5054	5055	5059	5061	5084	5160	3859
5045	5050	5054	5057	5058	5061	5073	5175	3860
5040	5049	5054	5055	5058	5061	5069	5235	3861
5040	5046	5053	5055	5058	5061	5120	5280	3862
5044	5047	5053	5056	5058	5061	5106	5212	3863
5041	5048	5054	5056	5058	5061	5070	5154	3864
5041	5048	5054	5055	5058	5064	5069	5149	3865
5041	5050	5054	5055	5058	5061	5084	5160	3866
5042	5051	5054	5056	5058	5064	5070	5150	3867
5042	5052	5053	5055	5058	5061	5087	5237	3868
5042	5046	5053	5055	5058	5061	5080	5174	3869
5043	5046	5053	5055	5058	5060	5075	5159	3870
5041	5047	5053	5056	5058	5061	5069	5235	3871
5039	5052	5054	5055	5058	5061	5073	5156	3872
5041	5048	5054	5055	5058	5060	5085	5230	3873
5042	5050	5054	5055	5058	5060	5075	5159	3874
5042	5049	5054	5055	5058	5060	5085	5202	3875
5040	5049	5054	5057	5058	5063	5069	5149	3876
5039	5052	5054	5057	5058	5061	5070	5149	3877
5044	5049	5054	5055	5058	5065	5069	5149	3878
5042	5047	5053	5056	5058	5060	5070	5150	3879
5045	5050	5054	5055	5058	5060	5112	5225	3880
5041	5047	5053	5055	5058	5065	5095	5149	3881
5042	5048	5054	5057	5059	5064	5075	5159	3882
5043	5046	5053	5055	5059	5060	5070	5149	3883
5043	5049	5054	5055	5058	5061	5121	5255	3884
5041	5049	5054	5055	5058	5061	5069	5240	3885
5043	5047	5053	5055	5058	5061	5070	5149	3886
5040	5047	5053	5055	5058	5062	5079	5149	3887
5039	5046	5053	5055	5058	5065	5095	5149	3888
5039	5049	5054	5055	5058	5060	5088	5149	3889
5039	5047	5053	5056	5058	5062	5069	5235	3890
5041	5047	5053	5056	5058	5064	5095	5149	3891
5044	5049	5054	5055	5058	5061	5102	5239	3892
5041	5052	5053	5055	5058	5060	5075	5149	3893
5043	5050	5054	5056	5058	5060	5069	5240	3894
5040	5047	5053	5055	5058	5060	5070	5166	3895
5043	5052	5054	5055	5058	5061	5088	5190	3896
5041	5052	5053	5056	5058	5060	5070	5164	3897
5040	5047	5053	5055	5058	5061	5124	5285	3898
5040	5046	5053	5055	5058	5061	5080	5174	3899
5039	5049	5054	5055	5058	5064	5113	5229	3900
5043	5047	5053	5056	5058	5063	5069	5149	3901
5043	5050	5054	5056	5058	5061	5071	5152	3902
5043	5052	5054	5055	5058	5061	5140	5149	3903
5041	5052	5053	5055	5058	5061	5072	5294	3904
5040	5049	5054	5055	5058	5061	5075	5167	3905
5041	5050	5054	5055	5058	5061	5069	5248	3906
5039	5052	5054	5055	5058	5062	5069	5172	3907
5039	5047	5053	5055	5058	5061	5087	5222	3908
5040	5048	5054	5055	5058	5062	5070	5166	3909
5043	5052	5054	5056	5058	5061	5088	5149	3910
5039	5046	5053	5055	5058	5061	5108	5214	3911
5042	5050	5054	5057	5058	5060	5070	5150	3912
5039	5047	5053	5056	5058	5060	5113	5229	3913
5043	5049	5054	5056	5058	5062	5079	5176	3914
5043	5048	5054	5055	5058	5060	5070	5154	3915
5041	5052	5053	5055	5058	5064	5095	5149	3916
5039	5048	5054	5055	5058	5060	5075	5167	3917
5040	5050	5054	5057	5058	5061	5071	5152	3918
5041	5052	5053	5056	5058	5064	5099	5188	3919
5040	5052	5054	5055	5058	5064	5069	5179	3920
5045	5052	5054	5055	5058	5061	5087	5191	3921
5042	5052	5053	5055	5059	5062	5096	5181	3922
5043	5051	5054	5056	5058	5061	5070	5154	3923
5039	5047	5053	5055	5058	5060	5104	5204	3924
5043	5050	5054	5056	5058	5062	5069	5149	3925
5041	5052	5053	5057	5058	5064	5069	5235	3926
5040	5052	5054	5057	5058	5062	5070	5150	3927
5042	5051	5054	5055	5058	5061	5075	5238	3928
5041	5046	5053	5055	5058	5063	5072	5153	3929
5043	5047	5053	5056	5058	5063	5073	5183	3930
5043	5051	5054	5055	5058	5064	5075	5238	3931
5039	5051	5054	5055	5058	5061	5095	5149	3932
5039	5052	5054	5056	5058	5061	5073	5156	3933
5045	5047	5053	5055	5058	5061	5069	5185	3934
5039	5050	5054	5057	5058	5061	5071	5152	3935
5039	5052	5054	5055	5058	5061	5121	5149	3936
5039	5046	5053	5055	5058	5064	5069	5151	3937
5040	5048	5054	5055	5058	5064	5078	5149	3938
5045	5052	5054	5055	5058	5063	5107	5213	3939
5041	5046	5053	5055	5058	5063	5095	5149	3940
5040	5049	5054	5055	5058	5061	5087	5149	3941
5043	5047	5053	5055	5058	5060	5085	5230	3942
5040	5050	5054	5056	5059	5061	5070	5150	3943
5039	5048	5054	5056	5058	5061	5088	5190	3944
5042	5050	5054	5055	5058	5061	5070	5154	3945
5040	5050	5054	5057	5058	5060	5080	5174	3946
5045	5050	5054	5055	5058	5065	5069	5149	3947
5040	5052	5054	5055	5058	5060	5069	5209	3948
5040	5049	5054	5055	5058	5062	5075	5159	3949
5043	5046	5053	5055	5058	5064	5088	5149	3950
5040	5048	5054	5055	5059	5060	5078	5165	3951
5044	5052	5054	5055	5058	5061	5069	5158	3952
5039	5046	5053	5055	5058	5064	5069	5235	3953
5041	5050	5054	5055	5058	5060	5090	5149	3954
5042	5052	5053	5055	5058	5060	5069	5172	3955
5044	5046	5053	5056	5058	5062	5088	5190	3956
5041	5049	5054	5055	5058	5060	5075	5149	3957
5042	5049	5054	5055	5058	5065	5069	5149	3958
5044	5046	5053	5055	5058	5061	5073	5161	3959
5041	5050	5054	5055	5059	5061	5070	5150	3960
5042	5050	5054	5056	5059	5061	5070	5164	3961
5045	5052	5054	5055	5058	5063	5069	5252	3962
5041	5049	5054	5055	5058	5061	5121	5255	3963
5040	5052	5054	5055	5058	5061	5069	5158	3964
5039	5047	5053	5056	5058	5063	5069	5278	3965
5042	5047	5053	5055	5058	5061	5070	5173	3966
5045	5049	5054	5055	5058	5061	5085	5169	3967
5039	5046	5053	5055	5058	5061	5085	5169	3968
5041	5049	5054	5055	5058	5061	5078	5165	3969
5044	5050	5054	5056	5058	5061	5086	5216	3970
5041	5049	5054	5055	5058	5062	5108	5214	3971
5044	5047	5053	5055	5058	5061	5075	5167	3972
5041	5047	5053	5057	5058	5060	5070	5150	3973
5044	5050	5054	5056	5058	5061	5075	5159	3974
5043	5050	5054	5055	5058	5060	5069	5151	3975
5041	5050	5054	5056	5058	5063	5069	5240	3976
5044	5047	5053	5057	5058	5061	5075	5149	3977
5040	5047	5053	5057	5058	5061	5073	5175	3978
5040	5052	5054	5056	5058	5061	5070	5154	3979
5043	5048	5054	5056	5058	5064	5090	5149	3980
5042	5047	5053	5055	5058	5060	5075	5159	3981
5042	5046	5053	5055	5058	5061	5116	5234	3982
5044	5050	5054	5055	5058	5063	5084	5160	3983
5039	5052	5054	5057	5058	5061	5073	5183	3984
5044	5048	5054	5055	5059	5060	5100	5192	3985
5042	5047	5053	5055	5058	5061	5121	5255	3986
5044	5050	5054	5055	5058	5065	5069	5149	3987
5040	5046	5053	5055	5058	5065	5071	5152	3988
5042	5052	5053	5055	5058	5065	5069	5149	3989
5039	5052	5054	5056	5058	5062	5075	5149	3990
5039	5046	5053	5055	5058	5062	5080	5149	3991
5044	5049	5054	5055	5058	5060	5099	5189	3992
5040	5048	5054	5056	5058	5061	5070	5150	3993
5045	5050	5054	5056	5059	5060	5070	5150	3994
5042	5049	5054	5055	5058	5061	5075	5203	3995
5039	5047	5053	5055	5058	5061	5070	5149	3996
5042	5051	5054	5055	5059	5062	5070	5150	3997
5040	5050	5054	5056	5058	5060	5070	5149	3998
5045	5051	5054	5056	5058	5064	5069	5235	3999
5041	5050	5054	5056	5059	5061	5070	5149	4000
5043	5052	5054	5055	5058	5061	5075	5223	4001
5044	5049	5054	5056	5058	5062	5069	5149	4002
5043	5049	5054	5055	5058	5060	5102	5274	4003
5044	5048	5054	5056	5058	5060	5072	5320	4004
5042	5051	5054	5056	5058	5061	5075	5203	4005
5043	5047	5053	5056	5058	5061	5070	5150	4006
5041	5050	5054	5055	5058	5061	5087	5149	4007
5043	5048	5054	5055	5058	5061	5108	5214	4008
5041	5048	5054	5056	5058	5060	5099	5188	4009
5040	5049	5054	5056	5059	5061	5071	5149	4010
5042	5048	5054	5056	5058	5064	5098	5186	4011
5044	5050	5054	5056	5058	5060	5075	5149	4012
5041	5047	5053	5055	5058	5061	5107	5213	4013
5041	5052	5053	5055	5058	5061	5071	5152	4014
5041	5052	5053	5055	5058	5066	5095	5149	4015
5042	5050	5054	5056	5059	5061	5069	5149	4016
5040	5052	5054	5055	5058	5060	5087	5200	4017
5045	5049	5054	5056	5058	5061	5070	5154	4018
5044	5052	5054	5055	5058	5061	5075	5223	4019
5039	5049	5054	5057	5058	5061	5069	5179	4020
5039	5052	5054	5057	5058	5060	5098	5186	4021
5039	5050	5054	5055	5059	5063	5075	5159	4022
5039	5049	5054	5057	5058	5060	5069	5179	4023
5040	5048	5054	5055	5058	5062	5078	5165	4024
5045	5048	5054	5055	5059	5062	5070	5173	4025
5040	5052	5054	5055	5058	5061	5087	5222	4026
5045	5052	5054	5055	5058	5061	5075	5223	4027
5042	5052	5053	5055	5058	5061	5107	5213	4028
5039	5050	5054	5055	5058	5061	5085	5169	4029
5041	5050	5054	5055	5058	5061	5070	5243	4030
5043	5048	5054	5055	5058	5061	5075	5167	4031
5044	5046	5053	5055	5058	5064	5090	5149	4032
5039	5048	5054	5055	5058	5060	5079	5176	4033
5041	5048	5054	5055	5059	5060	5070	5166	4034
5039	5052	5054	5055	5058	5062	5085	5201	4035
5040	5052	5054	5055	5059	5062	5069	5180	4036
5040	5047	5053	5055	5058	5064	5069	5149	4037
5040	5049	5054	5055	5058	5066	5073	5157	4038
5041	5046	5053	5055	5058	5060	5075	5199	4039
5043	5050	5054	5055	5058	5060	5069	5180	4040
5039	5051	5054	5055	5058	5061	5088	5168	4041
5041	5049	5054	5055	5058	5061	5094	5272	4042
5044	5051	5054	5055	5058	5063	5075	5203	4043
5041	5050	5054	5055	5058	5063	5077	5155	4044
5039	5051	5054	5056	5058	5060	5075	5159	4045
5040	5049	5054	5055	5058	5065	5088	5190	4046
5041	5050	5054	5055	5058	5065	5084	5160	4047
5044	5051	5054	5055	5058	5061	5075	5223	4048
5040	5049	5054	5056	5058	5061	5081	5149	4049
5042	5052	5053	5056	5058	5065	5075	5159	4050
5040	5046	5053	5056	5058	5060	5069	5149	4051
5040	5052	5054	5055	5058	5060	5086	5211	4052
5042	5046	5053	5055	5058	5063	5075	5159	4053
5044	5047	5053	5055	5058	5062	5070	5149	4054
5040	5050	5054	5056	5058	5061	5073	5157	4055
5043	5052	5054	5056	5058	5063	5073	5156	4056
5041	5052	5053	5056	5058	5061	5086	5216	4057
5039	5049	5054	5056	5058	5064	5075	5159	4058
5042	5050	5054	5056	5058	5061	5075	5159	4059
5042	5046	5053	5055	5059	5061	5075	5159	4060
5043	5049	5054	5055	5058	5061	5070	5149	4061
5044	5051	5054	5055	5058	5063	5072	5153	4062
5045	5051	5054	5056	5058	5061	5069	5235	4063
5040	5052	5054	5056	5059	5061	5073	5156	4064
5040	5050	5054	5055	5058	5061	5092	5149	4065
5040	5048	5054	5057	5058	5065	5071	5152	4066
5041	5046	5053	5055	5058	5064	5069	5158	4067
5041	5050	5054	5057	5058	5064	5071	5152	4068
5040	5051	5054	5055	5058	5064	5075	5203	4069
5041	5050	5054	5055	5058	5063	5072	5244	4070
5040	5052	5054	5055	5058	5061	5086	5216	4071
5042	5049	5054	5055	5058	5060	5085	5169	4072
5040	5049	5054	5057	5058	5060	5069	5179	4073
5043	5047	5053	5057	5058	5061	5075	5167	4074
5040	5048	5054	5055	5058	5061	5122	5289	4075
5039	5046	5053	5055	5058	5062	5085	5169	4076
5041	5052	5053	5055	5059	5061	5069	5149	4077
5044	5049	5054	5055	5058	5064	5069	5163	4078
5039	5047	5053	5055	5058	5063	5075	5149	4079
5040	5046	5053	5055	5058	5060	5075	5223	4080
5043	5050	5054	5055	5058	5065	5106	5212	4081
5042	5048	5054	5055	5058	5062	5069	5158	4082
5039	5048	5054	5056	5058	5062	5090	5149	4083
5041	5048	5054	5055	5058	5060	5085	5169	4084
5040	5052	5054	5057	5058	5060	5070	5149	4085
5039	5048	5054	5056	5058	5061	5073	5218	4086
5044	5049	5054	5057	5058	5060	5070	5149	4087
5039	5049	5054	5055	5058	5062	5072	5153	4088
5043	5052	5054	5056	5058	5060	5070	5164	4089
5039	5052	5054	5055	5058	5061	5094	5272	4090
5043	5051	5054	5055	5059	5064	5088	5149	4091
5039	5048	5054	5055	5058	5060	5069	5172	4092
5040	5051	5054	5055	5058	5062	5079	5149	4093
5040	5048	5054	5055	5058	5064	5069	5149	4094
5043	5052	5054	5055	5058	5060	5086	5149	4095
5039	5051	5054	5055	5058	5061	5087	5259	4096
5041	5052	5053	5055	5058	5064	5075	5159	4097
5040	5048	5054	5055	5058	5060	5088	5149	4098
5041	5049	5054	5055	5058	5061	5080	5149	4099
5045	5047	5053	5055	5058	5060	5107	5213	4100
5044	5047	5053	5055	5059	5061	5112	5225	4101
5039	5051	5054	5055	5058	5061	5084	5232	4102
5041	5052	5053	5055	5058	5061	5072	5153	4103
5042	5052	5053	5055	5058	5060	5070	5149	4104
5039	5051	5054	5056	5058	5064	5099	5188	4105
5041	5052	5053	5056	5058	5060	5087	5149	4106
5043	5050	5054	5056	5058	5062	5081	5149	4107
5040	5047	5053	5056	5058	5061	5088	5190	4108
5039	5046	5053	5055	5058	5060	5069	5180	4109
5039	5052	5054	5055	5058	5065	5073	5149	4110
5039	5048	5054	5055	5058	5061	5108	5214	4111
5041	5049	5054	5055	5058	5062	5069	5158	4112
5041	5047	5053	5055	5058	5061	5072	5309	4113
5044	5048	5054	5055	5058	5060	5112	5225	4114
5042	5046	5053	5055	5058	5061	5086	5211	4115
5039	5052	5054	5055	5058	5064	5070	5149	4116
5045	5048	5054	5055	5058	5060	5073	5157	4117
5043	5048	5054	5055	5058	5061	5087	5191	4118
5040	5052	5054	5055	5058	5064	5093	5177	4119
5044	5047	5053	5055	5059	5060	5096	5181	4120
5044	5048	5054	5057	5058	5061	5069	5162	4121
5043	5047	5053	5056	5058	5061	5069	5258	4122
5039	5048	5054	5055	5059	5061	5088	5190	4123
5039	5050	5054	5055	5058	5060	5075	5149	4124
5042	5046	5053	5055	5058	5064	5085	5169	4125
5045	5049	5054	5056	5058	5064	5069	5163	4126
5040	5050	5054	5057	5059	5060	5069	5240	4127
5039	5048	5054	5055	5058	5061	5070	5154	4128
5039	5047	5053	5057	5058	5061	5073	5175	4129
5040	5047	5053	5055	5058	5060	5087	5200	4130
5040	5046	5053	5055	5058	5062	5075	5159	4131
5040	5052	5054	5055	5058	5063	5075	5159	4132
5042	5048	5054	5056	5058	5064	5073	5157	4133
5044	5049	5054	5055	5058	5062	5075	5159	4134
5043	5047	5053	5055	5059	5060	5069	5179	4135
5043	5046	5053	5056	5058	5060	5070	5150	4136
5041	5049	5054	5056	5058	5061	5069	5240	4137
5044	5047	5053	5055	5058	5061	5112	5225	4138
5039	5049	5054	5055	5058	5063	5072	5153	4139
5041	5047	5053	5056	5058	5065	5073	5157	4140
5039	5049	5054	5055	5059	5060	5075	5159	4141
5041	5046	5053	5055	5058	5065	5070	5149	4142
5042	5047	5053	5057	5058	5061	5070	5149	4143
5040	5052	5054	5055	5058	5062	5085	5169	4144
5041	5047	5053	5055	5059	5061	5069	5235	4145
5044	5047	5053	5055	5058	5064	5069	5151	4146
5044	5049	5054	5056	5058	5061	5073	5249	4147
5040	5048	5054	5055	5058	5062	5069	5158	4148
5044	5048	5054	5057	5058	5060	5070	5150	4149
5040	5051	5054	5055	5058	5061	5085	5307	4150
5040	5048	5054	5056	5058	5061	5079	5176	4151
5044	5046	5053	5055	5058	5061	5075	5203	4152
5042	5050	5054	5055	5058	5061	5075	5149	4153
5041	5049	5054	5055	5058	5060	5087	5222	4154
5040	5047	5053	5055	5058	5061	5086	5216	4155
5043	5052	5054	5056	5058	5062	5069	5209	4156
5040	5050	5054	5057	5058	5064	5082	5149	4157
5044	5049	5054	5055	5058	5063	5069	5163	4158
5042	5052	5053	5055	5058	5061	5099	5189	4159
5045	5052	5054	5055	5058	5062	5095	5149	4160
5044	5052	5054	5056	5058	5061	5092	5149	4161
5039	5048	5054	5055	5058	5062	5070	5149	4162
5043	5048	5054	5055	5058	5064	5075	5159	4163
5042	5050	5054	5056	5059	5061	5069	5235	4164
5043	5046	5053	5056	5058	5062	5069	5172	4165
5045	5048	5054	5055	5058	5061	5075	5159	4166
5039	5047	5053	5055	5058	5060	5069	5180	4167
5040	5046	5053	5056	5058	5065	5073	5249	4168
5043	5047	5053	5056	5058	5062	5075	5238	4169
5040	5052	5054	5055	5058	5061	5069	5162	4170
5039	5047	5053	5055	5058	5061	5069	5158	4171
5045	5050	5054	5055	5058	5064	5075	5159	4172
5041	5052	5053	5055	5058	5062	5075	5149	4173
5042	5046	5053	5055	5058	5064	5069	5149	4174
5040	5049	5054	5055	5058	5061	5070	5243	4175
5039	5047	5053	5055	5059	5061	5108	5214	4176
5040	5047	5053	5055	5058	5062	5069	5172	4177
5041	5047	5053	5055	5058	5064	5069	5158	4178
5042	5050	5054	5055	5059	5065	5075	5159	4179
5040	5051	5054	5055	5058	5067	5141	5149	4180
5041	5046	5053	5055	5058	5066	5099	5196	4181
5042	5047	5053	5057	5058	5061	5071	5152	4182
5039	5050	5054	5055	5058	5060	5075	5159	4183
5041	5050	5054	5055	5058	5065	5069	5149	4184
5039	5052	5054	5055	5058	5061	5084	5160	4185
5045	5051	5054	5055	5058	5060	5079	5149	4186
5043	5047	5053	5055	5059	5062	5074	5149	4187
5040	5049	5054	5055	5058	5062	5083	5149	4188
5043	5047	5053	5055	5058	5061	5073	5161	4189
5040	5050	5054	5055	5058	5061	5099	5189	4190
5041	5051	5054	5055	5058	5061	5108	5149	4191
5044	5047	5053	5056	5059	5061	5088	5190	4192
5041	5047	5053	5055	5058	5060	5080	5174	4193
5040	5052	5054	5055	5058	5063	5070	5149	4194
5042	5047	5053	5055	5058	5061	5077	5195	4195
5041	5049	5054	5057	5058	5061	5073	5175	4196
5039	5047	5053	5055	5059	5062	5074	5149	4197
5043	5052	5054	5055	5058	5064	5107	5213	4198
5039	5052	5054	5055	5058	5060	5069	5331	4199
5039	5050	5054	5055	5058	5061	5079	5149	4200
5044	5047	5053	5055	5058	5060	5088	5149	4201
5041	5046	5053	5055	5058	5060	5070	5154	4202
5041	5049	5054	5055	5058	5066	5073	5157	4203
5039	5051	5054	5055	5058	5060	5079	5149	4204
5041	5048	5054	5055	5058	5060	5069	5151	4205
5040	5050	5054	5056	5059	5060	5069	5149	4206
5042	5052	5053	5055	5058	5061	5085	5169	4207
5040	5046	5053	5055	5058	5061	5075	5242	4208
5042	5050	5054	5056	5058	5060	5075	5149	4209
5040	5050	5054	5055	5059	5061	5085	5230	4210
5040	5047	5053	5055	5059	5060	5138	5149	4211
5044	5046	5053	5055	5058	5061	5077	5155	4212
5040	5050	5054	5055	5058	5061	5073	5249	4213
5041	5047	5053	5055	5058	5061	5076	5149	4214
5042	5051	5054	5056	5058	5061	5079	5176	4215
5041	5052	5053	5055	5058	5060	5080	5149	4216
5044	5047	5053	5055	5058	5061	5085	5149	4217
5039	5052	5054	5055	5058	5064	5081	5149	4218
5041	5047	5053	5055	5058	5062	5077	5155	4219
5040	5046	5053	5055	5058	5061	5073	5157	4220
5040	5048	5054	5055	5058	5061	5122	5344	4221
5039	5047	5053	5055	5058	5060	5070	5154	4222
5043	5050	5054	5055	5059	5064	5088	5190	4223
5041	5046	5053	5055	5058	5061	5097	5184	4224
5040	5050	5054	5055	5058	5061	5075	5290	4225
5041	5046	5053	5055	5058	5061	5078	5149	4226
5043	5047	5053	5055	5058	5061	5069	5180	4227
5040	5048	5054	5056	5058	5060	5102	5149	4228
5040	5052	5054	5056	5058	5062	5073	5156	4229
5041	5048	5054	5055	5058	5065	5070	5154	4230
5043	5046	5053	5055	5059	5060	5070	5173	4231
5041	5051	5054	5055	5058	5061	5112	5265	4232
5044	5049	5054	5055	5058	5060	5080	5174	4233
5044	5047	5053	5057	5058	5061	5080	5149	4234
5044	5051	5054	5055	5058	5061	5088	5149	4235
5043	5048	5054	5056	5059	5061	5069	5287	4236
5040	5052	5054	5057	5058	5060	5115	5233	4237
5041	5046	5053	5056	5058	5060	5069	5149	4238
5044	5046	5053	5056	5058	5060	5073	5218	4239
5041	5052	5053	5055	5058	5061	5088	5168	4240
5039	5049	5054	5055	5058	5064	5069	5151	4241
5041	5052	5053	5056	5058	5061	5069	5240	4242
5041	5049	5054	5055	5058	5060	5069	5162	4243
5041	5046	5053	5055	5059	5060	5085	5230	4244
5040	5047	5053	5055	5058	5064	5069	5172	4245
5040	5048	5054	5055	5058	5060	5079	5149	4246
5039	5047	5053	5055	5058	5061	5069	5151	4247
5041	5047	5053	5055	5058	5060	5073	5161	4248
5039	5052	5054	5056	5058	5064	5123	5277	4249
5043	5046	5053	5056	5059	5064	5088	5190	4250
5040	5052	5054	5055	5058	5061	5075	5149	4251
5042	5051	5054	5056	5058	5060	5102	5149	4252
5041	5052	5053	5056	5058	5061	5073	5149	4253
5043	5051	5054	5055	5058	5061	5088	5149	4254
5042	5047	5053	5055	5059	5061	5070	5173	4255
5043	5050	5054	5056	5058	5061	5073	5183	4256
5039	5047	5053	5055	5058	5061	5080	5174	4257
5045	5050	5054	5055	5058	5060	5069	5180	4258
5040	5049	5054	5055	5058	5062	5075	5149	4259
5040	5046	5053	5056	5058	5065	5073	5157	4260
5041	5047	5053	5056	5058	5060	5098	5186	4261
5042	5046	5053	5055	5058	5060	5087	5149	4262
5039	5051	5054	5055	5059	5061	5070	5150	4263
5044	5050	5054	5055	5058	5063	5073	5183	4264
5045	5052	5054	5055	5058	5060	5069	5185	4265
5040	5048	5054	5055	5058	5060	5085	5202	4266
5043	5052	5054	5056	5058	5063	5070	5149	4267
5041	5051	5054	5055	5058	5061	5100	5192	4268
5044	5049	5054	5055	5058	5061	5077	5155	4269
5043	5052	5054	5056	5058	5060	5090	5149	4270
5042	5048	5054	5055	5058	5061	5069	5172	4271
5040	5047	5053	5055	5058	5062	5075	5159	4272
5041	5049	5054	5055	5058	5061	5072	5244	4273
5039	5052	5054	5057	5058	5060	5069	5151	4274
5043	5048	5054	5055	5058	5066	5112	5362	4275
5040	5048	5054	5057	5058	5061	5075	5149	4276
5044	5052	5054	5055	5058	5067	5069	5281	4277
5045	5052	5054	5055	5058	5060	5079	5176	4278
5043	5049	5054	5055	5058	5061	5073	5161	4279
5043	5047	5053	5056	5058	5061	5069	5163	4280
5044	5052	5054	5055	5058	5065	5069	5149	4281
5040	5046	5053	5055	5059	5060	5075	5149	4282
5040	5052	5054	5056	5058	5061	5070	5149	4283
5039	5048	5054	5055	5058	5060	5102	5274	4284
5045	5052	5054	5056	5058	5064	5069	5149	4285
5040	5050	5054	5055	5058	5063	5073	5183	4286
5041	5052	5053	5055	5058	5063	5069	5172	4287
5041	5046	5053	5055	5058	5061	5082	5149	4288
5041	5048	5054	5055	5058	5061	5118	5149	4289
5042	5049	5054	5055	5058	5061	5118	5149	4290
5041	5048	5054	5055	5059	5060	5100	5149	4291
5039	5049	5054	5055	5058	5060	5073	5157	4292
5040	5052	5054	5055	5058	5061	5069	5287	4293
5040	5047	5053	5055	5058	5061	5081	5210	4294
5039	5048	5054	5055	5058	5061	5070	5173	4295
5039	5046	5053	5055	5058	5061	5118	5149	4296
5042	5046	5053	5055	5058	5062	5080	5174	4297
5041	5048	5054	5056	5058	5061	5069	5235	4298
5039	5049	5054	5055	5058	5062	5083	5318	4299
5041	5049	5054	5055	5058	5060	5075	5199	4300
5039	5050	5054	5056	5058	5061	5075	5149	4301
5040	5051	5054	5055	5058	5063	5075	5159	4302
5039	5050	5054	5056	5058	5061	5075	5203	4303
5041	5046	5053	5056	5058	5065	5073	5249	4304
5044	5049	5054	5055	5058	5061	5069	5149	4305
5044	5051	5054	5057	5058	5061	5070	5150	4306
5040	5052	5054	5055	5058	5061	5069	5172	4307
5039	5052	5054	5055	5058	5061	5089	5170	4308
5044	5052	5054	5055	5058	5060	5070	5154	4309
5041	5048	5054	5056	5058	5064	5069	5235	4310
5040	5052	5054	5056	5058	5061	5115	5233	4311
5045	5049	5054	5055	5058	5061	5075	5159	4312
5042	5046	5053	5055	5058	5060	5086	5211	4313
5039	5051	5054	5057	5058	5061	5069	5162	4314
5041	5050	5054	5056	5058	5060	5075	5159	4315
5041	5051	5054	5055	5058	5060	5093	5177	4316
5039	5046	5053	5056	5058	5061	5070	5149	4317
5041	5050	5054	5056	5058	5060	5113	5229	4318
5042	5051	5054	5055	5058	5065	5074	5149	4319
5039	5051	5054	5055	5058	5061	5108	5214	4320
5041	5049	5054	5055	5058	5061	5069	5180	4321
5042	5051	5054	5056	5058	5060	5070	5149	4322
5041	5047	5053	5055	5058	5061	5069	5158	4323
5039	5049	5054	5055	5058	5060	5069	5180	4324
5039	5051	5054	5055	5058	5064	5099	5196	4325
5041	5052	5053	5055	5058	5060	5079	5149	4326
5042	5049	5054	5056	5058	5061	5069	5149	4327
5039	5052	5054	5055	5058	5061	5092	5149	4328
5041	5047	5053	5055	5059	5061	5072	5343	4329
5042	5049	5054	5055	5058	5061	5077	5155	4330
5041	5048	5054	5056	5058	5061	5069	5179	4331
5040	5052	5054	5055	5058	5061	5085	5169	4332
5041	5046	5053	5055	5058	5061	5076	5149	4333
5041	5049	5054	5055	5058	5061	5101	5197	4334
5039	5049	5054	5055	5058	5063	5069	5163	4335
5043	5052	5054	5055	5058	5065	5107	5213	4336
5044	5050	5054	5055	5058	5061	5084	5160	4337
5044	5052	5054	5055	5058	5061	5126	5284	4338
5039	5046	5053	5056	5058	5060	5069	5172	4339
5043	5052	5054	5056	5059	5060	5070	5150	4340
5044	5048	5054	5056	5058	5061	5099	5188	4341
5045	5051	5054	5055	5058	5060	5075	5149	4342
5041	5052	5053	5055	5058	5061	5112	5265	4343
5040	5050	5054	5055	5058	5064	5073	5183	4344
5043	5047	5053	5055	5058	5060	5087	5149	4345
5041	5046	5053	5055	5058	5061	5077	5195	4346
5040	5050	5054	5055	5058	5060	5088	5149	4347
5045	5051	5054	5055	5058	5061	5087	5191	4348
5041	5049	5054	5057	5058	5061	5070	5150	4349
5040	5051	5054	5055	5058	5060	5076	5205	4350
5041	5047	5053	5055	5058	5061	5081	5210	4351
5040	5051	5054	5055	5058	5061	5125	5149	4352
5041	5048	5054	5055	5058	5061	5073	5183	4353
5042	5048	5054	5057	5058	5061	5069	5235	4354
5039	5048	5054	5055	5058	5060	5080	5149	4355
5042	5046	5053	5055	5059	5064	5085	5169	4356
5043	5048	5054	5056	5058	5061	5069	5149	4357
5040	5050	5054	5055	5058	5063	5069	5182	4358
5040	5048	5054	5057	5058	5061	5075	5159	4359
5041	5050	5054	5055	5058	5062	5069	5151	4360
5040	5047	5053	5055	5058	5061	5069	5162	4361
5042	5052	5053	5055	5058	5064	5069	5149	4362
5044	5047	5053	5056	5059	5063	5073	5156	4363
5039	5047	5053	5055	5058	5060	5071	5152	4364
5040	5049	5054	5056	5058	5061	5088	5190	4365
5040	5052	5054	5055	5058	5061	5104	5204	4366
5040	5046	5053	5056	5058	5061	5088	5190	4367
5039	5052	5054	5055	5058	5062	5072	5244	4368
5039	5050	5054	5056	5058	5061	5073	5249	4369
5039	5049	5054	5057	5058	5063	5073	5183	4370
5045	5048	5054	5056	5058	5060	5087	5149	4371
5042	5048	5054	5055	5059	5062	5074	5149	4372
5040	5048	5054	5055	5058	5066	5073	5149	4373
5041	5049	5054	5056	5058	5064	5099	5188	4374
5043	5048	5054	5055	5058	5062	5077	5256	4375
5043	5050	5054	5055	5058	5063	5087	5149	4376
5044	5048	5054	5056	5058	5060	5075	5149	4377
5040	5052	5054	5055	5058	5065	5073	5157	4378
5040	5052	5054	5056	5058	5061	5069	5185	4379
5041	5047	5053	5055	5059	5061	5086	5211	4380
5039	5046	5053	5055	5058	5060	5097	5221	4381
5042	5047	5053	5055	5058	5060	5097	5221	4382
5044	5046	5053	5055	5058	5060	5121	5260	4383
5041	5052	5053	5055	5058	5060	5094	5272	4384
5039	5051	5054	5055	5058	5060	5069	5342	4385
5039	5051	5054	5055	5058	5061	5122	5263	4386
5044	5051	5054	5055	5058	5060	5088	5168	4387
5042	5049	5054	5055	5058	5061	5090	5149	4388
5040	5050	5054	5055	5058	5061	5085	5202	4389
5045	5051	5054	5055	5058	5063	5077	5155	4390
5042	5047	5053	5055	5058	5063	5077	5155	4391
5043	5046	5053	5055	5059	5061	5108	5214	4392
5039	5051	5054	5056	5058	5067	5069	5258	4393
5041	5048	5054	5055	5058	5065	5099	5196	4394
5043	5049	5054	5055	5058	5061	5104	5204	4395
5044	5052	5054	5055	5059	5060	5087	5222	4396
5039	5049	5054	5055	5058	5060	5077	5155	4397
5041	5049	5054	5055	5058	5061	5093	5177	4398
5043	5048	5054	5055	5059	5061	5070	5149	4399
5040	5047	5053	5055	5058	5065	5069	5149	4400
5041	5052	5053	5055	5058	5061	5069	5227	4401
5043	5048	5054	5056	5058	5064	5069	5149	4402
5044	5046	5053	5055	5058	5060	5118	5149	4403
5044	5051	5054	5055	5058	5064	5112	5149	4404
5040	5050	5054	5055	5058	5061	5116	5234	4405
5039	5048	5054	5055	5058	5065	5104	5204	4406
5042	5048	5054	5055	5058	5064	5078	5149	4407
5041	5047	5053	5055	5058	5062	5070	5154	4408
5040	5050	5054	5056	5058	5064	5069	5163	4409
5045	5051	5054	5055	5058	5061	5079	5149	4410
5039	5049	5054	5056	5058	5060	5102	5149	4411
5044	5046	5053	5055	5058	5061	5118	5149	4412
5044	5047	5053	5055	5058	5060	5078	5165	4413
5039	5049	5054	5055	5058	5060	5084	5160	4414
5039	5050	5054	5055	5058	5060	5072	5153	4415
5040	5049	5054	5055	5058	5064	5073	5183	4416
5044	5047	5053	5056	5058	5064	5069	5172	4417
5043	5051	5054	5055	5058	5063	5093	5177	4418
5042	5052	5053	5055	5058	5061	5075	5159	4419
5045	5051	5054	5055	5058	5063	5079	5149	4420
5039	5049	5054	5055	5059	5061	5075	5149	4421
5043	5052	5054	5056	5058	5061	5088	5190	4422
5039	5046	5053	5055	5058	5061	5069	5187	4423
5043	5052	5054	5055	5058	5063	5095	5149	4424
5043	5050	5054	5055	5058	5061	5069	5182	4425
5040	5052	5054	5055	5059	5060	5085	5201	4426
5041	5052	5053	5055	5058	5061	5092	5224	4427
5042	5052	5053	5055	5058	5063	5107	5213	4428
5040	5049	5054	5056	5058	5064	5075	5149	4429
5044	5048	5054	5055	5058	5060	5075	5167	4430
5039	5052	5054	5057	5058	5063	5069	5149	4431
5039	5050	5054	5055	5058	5061	5085	5273	4432
5042	5052	5053	5055	5058	5060	5075	5159	4433
5039	5049	5054	5056	5058	5060	5069	5240	4434
5039	5052	5054	5055	5058	5061	5069	5179	4435
5043	5051	5054	5055	5058	5061	5118	5149	4436
5040	5049	5054	5056	5058	5065	5075	5149	4437
5045	5052	5054	5055	5058	5063	5072	5149	4438
5040	5047	5053	5056	5058	5061	5073	5175	4439
5043	5052	5054	5055	5058	5061	5069	5187	4440
5040	5050	5054	5057	5059	5064	5070	5149	4441
5039	5052	5054	5055	5058	5063	5095	5149	4442
5041	5051	5054	5055	5058	5061	5118	5149	4443
5039	5052	5054	5056	5058	5061	5080	5149	4444
5039	5048	5054	5055	5058	5061	5073	5183	4445
5042	5047	5053	5055	5058	5060	5087	5191	4446
5039	5050	5054	5056	5058	5060	5079	5176	4447
5041	5048	5054	5055	5058	5060	5088	5268	4448
5039	5046	5053	5055	5058	5061	5073	5161	4449
5041	5047	5053	5055	5058	5061	5085	5323	4450
5040	5051	5054	5055	5059	5062	5070	5149	4451
5042	5047	5053	5055	5058	5060	5070	5166	4452
5045	5052	5054	5056	5058	5060	5070	5150	4453
5039	5047	5053	5055	5058	5065	5095	5149	4454
5041	5046	5053	5055	5059	5061	5077	5195	4455
5043	5046	5053	5055	5058	5061	5126	5346	4456
5040	5051	5054	5055	5058	5061	5085	5169	4457
5040	5052	5054	5057	5058	5064	5069	5149	4458
5039	5048	5054	5055	5058	5062	5104	5204	4459
5041	5048	5054	5055	5058	5060	5086	5211	4460
5039	5049	5054	5055	5058	5060	5073	5183	4461
5040	5052	5054	5055	5058	5060	5097	5221	4462
5040	5052	5054	5055	5058	5061	5069	5258	4463
5040	5046	5053	5055	5059	5060	5077	5149	4464
5044	5049	5054	5057	5058	5063	5070	5149	4465
5044	5050	5054	5055	5058	5060	5069	5149	4466
5040	5049	5054	5055	5058	5061	5069	5179	4467
5041	5048	5054	5055	5059	5063	5077	5155	4468
5041	5051	5054	5055	5058	5060	5100	5192	4469
5041	5052	5053	5055	5058	5061	5069	5194	4470
5044	5050	5054	5057	5058	5061	5070	5154	4471
5043	5051	5054	5055	5058	5060	5087	5237	4472
5044	5051	5054	5057	5058	5060	5070	5150	4473
5045	5052	5054	5055	5058	5064	5069	5149	4474
5043	5046	5053	5055	5058	5061	5073	5156	4475
5040	5048	5054	5055	5059	5062	5074	5149	4476
5040	5051	5054	5056	5059	5060	5070	5150	4477
5041	5048	5054	5055	5058	5061	5072	5149	4478
5041	5047	5053	5055	5058	5060	5112	5265	4479
5040	5048	5054	5055	5058	5060	5069	5158	4480
5039	5052	5054	5055	5059	5061	5075	5149	4481
5044	5047	5053	5055	5058	5061	5120	5253	4482
5039	5052	5054	5055	5058	5062	5075	5159	4483
5045	5048	5054	5055	5058	5064	5078	5149	4484
5039	5048	5054	5055	5058	5061	5075	5159	4485
5040	5052	5054	5055	5058	5060	5069	5207	4486
5042	5047	5053	5055	5058	5061	5086	5216	4487
5041	5049	5054	5055	5059	5061	5108	5214	4488
5041	5046	5053	5055	5058	5062	5070	5154	4489
5044	5049	5054	5055	5058	5061	5121	5255	4490
5044	5046	5053	5055	5058	5063	5078	5165	4491
5041	5052	5053	5057	5058	5060	5073	5249	4492
5042	5048	5054	5056	5058	5061	5070	5150	4493
5042	5048	5054	5055	5058	5060	5100	5192	4494
5039	5050	5054	5055	5058	5061	5069	5254	4495
5040	5047	5053	5056	5058	5061	5073	5183	4496
5039	5049	5054	5055	5058	5062	5120	5261	4497
5039	5046	5053	5055	5059	5060	5111	5219	4498
5044	5052	5054	5055	5058	5062	5116	5234	4499
5040	5051	5054	5055	5058	5064	5112	5149	4500
5044	5051	5054	5056	5058	5061	5073	5156	4501
5041	5049	5054	5056	5058	5061	5073	5183	4502
5044	5048	5054	5055	5058	5063	5069	5149	4503
5043	5051	5054	5056	5059	5061	5070	5150	4504
5040	5048	5054	5057	5058	5060	5071	5152	4505
5040	5051	5054	5055	5058	5061	5100	5192	4506
5044	5049	5054	5055	5058	5063	5077	5195	4507
5041	5051	5054	5055	5058	5061	5088	5190	4508
5039	5052	5054	5055	5058	5060	5069	5240	4509
5040	5047	5053	5056	5059	5063	5073	5156	4510
5042	5052	5053	5056	5058	5060	5070	5149	4511
5044	5051	5054	5055	5058	5061	5084	5160	4512
5039	5051	5054	5055	5058	5064	5078	5149	4513
5045	5051	5054	5055	5058	5061	5075	5149	4514
5040	5052	5054	5055	5058	5060	5087	5237	4515
5040	5049	5054	5055	5058	5061	5107	5213	4516
5040	5051	5054	5055	5058	5064	5086	5216	4517
5040	5050	5054	5055	5058	5065	5069	5207	4518
5041	5050	5054	5055	5058	5061	5085	5201	4519
5043	5051	5054	5055	5058	5063	5070	5149	4520
5041	5052	5053	5055	5058	5062	5069	5149	4521
5040	5046	5053	5055	5058	5061	5116	5234	4522
5041	5050	5054	5055	5058	5063	5069	5151	4523
5039	5050	5054	5055	5058	5067	5069	5286	4524
5041	5052	5053	5055	5059	5060	5070	5150	4525
5044	5052	5054	5055	5058	5061	5073	5249	4526
5040	5046	5053	5056	5059	5061	5070	5150	4527
5040	5049	5054	5055	5058	5061	5073	5183	4528
5040	5052	5054	5055	5058	5061	5069	5180	4529
5044	5049	5054	5055	5058	5060	5069	5163	4530
5039	5047	5053	5055	5058	5060	5086	5211	4531
5042	5046	5053	5055	5058	5061	5099	5189	4532
5043	5049	5054	5056	5058	5060	5071	5152	4533
5039	5048	5054	5056	5059	5061	5070	5164	4534
5039	5047	5053	5055	5058	5060	5069	5248	4535
5042	5046	5053	5055	5058	5061	5069	5158	4536
5043	5046	5053	5055	5059	5061	5070	5173	4537
5045	5049	5054	5055	5058	5060	5116	5234	4538
5042	5049	5054	5057	5058	5064	5071	5152	4539
5041	5047	5053	5056	5058	5061	5073	5249	4540
5039	5051	5054	5055	5058	5065	5078	5149	4541
5039	5048	5054	5055	5058	5062	5075	5238	4542
5040	5050	5054	5057	5058	5062	5071	5152	4543
5039	5052	5054	5055	5058	5060	5073	5157	4544
5039	5051	5054	5055	5058	5065	5069	5207	4545
5040	5049	5054	5056	5058	5061	5069	5209	4546
5044	5052	5054	5055	5058	5060	5087	5191	4547
5039	5049	5054	5055	5058	5061	5086	5216	4548
5042	5052	5053	5055	5058	5064	5075	5203	4549
5041	5046	5053	5055	5058	5061	5116	5234	4550
5040	5051	5054	5055	5058	5061	5070	5166	4551
5039	5052	5054	5055	5059	5062	5074	5149	4552
5040	5052	5054	5056	5058	5062	5092	5149	4553
5044	5052	5054	5055	5058	5063	5107	5213	4554
5040	5046	5053	5055	5058	5061	5069	5179	4555
5041	5049	5054	5056	5058	5064	5070	5150	4556
5041	5051	5054	5055	5058	5060	5115	5276	4557
5044	5046	5053	5055	5058	5061	5069	5179	4558
5040	5046	5053	5056	5058	5060	5075	5203	4559
5041	5052	5053	5056	5058	5060	5099	5188	4560
5045	5052	5054	5056	5058	5064	5069	5163	4561
5039	5048	5054	5055	5059	5061	5073	5156	4562
5043	5050	5054	5055	5059	5060	5069	5149	4563
5042	5049	5054	5055	5058	5061	5140	5149	4564
5040	5046	5053	5055	5058	5060	5078	5149	4565
5041	5046	5053	5055	5058	5061	5069	5240	4566
5044	5052	5054	5055	5058	5063	5072	5244	4567
5045	5048	5054	5056	5058	5061	5070	5149	4568
5040	5050	5054	5055	5059	5064	5095	5198	4569
5039	5047	5053	5055	5058	5062	5076	5149	4570
5044	5051	5054	5057	5058	5063	5073	5183	4571
5039	5048	5054	5055	5058	5061	5083	5149	4572
5039	5052	5054	5057	5058	5061	5069	5185	4573
5043	5046	5053	5055	5058	5060	5097	5149	4574
5042	5050	5054	5057	5058	5065	5071	5152	4575
5039	5051	5054	5055	5058	5061	5085	5169	4576
5045	5050	5054	5055	5059	5062	5074	5149	4577
5042	5046	5053	5055	5058	5060	5077	5149	4578
5040	5052	5054	5057	5058	5061	5080	5149	4579
5041	5051	5054	5056	5058	5060	5080	5174	4580
5041	5047	5053	5055	5058	5065	5069	5149	4581
5039	5049	5054	5055	5059	5060	5072	5153	4582
5043	5052	5054	5055	5058	5060	5097	5221	4583
5045	5052	5054	5055	5058	5060	5075	5203	4584
5039	5046	5053	5056	5058	5062	5075	5149	4585
5042	5052	5053	5056	5058	5061	5073	5249	4586
5043	5048	5054	5055	5058	5063	5112	5225	4587
5040	5046	5053	5055	5059	5062	5070	5173	4588
5039	5052	5054	5055	5058	5063	5075	5203	4589
5043	5049	5054	5056	5058	5061	5073	5183	4590
5039	5048	5054	5055	5058	5065	5117	5288	4591
5040	5052	5054	5056	5058	5061	5070	5164	4592
5040	5046	5053	5055	5058	5060	5069	5180	4593
5043	5048	5054	5056	5058	5061	5071	5152	4594
5044	5052	5054	5057	5058	5060	5080	5149	4595
5044	5047	5053	5056	5058	5061	5075	5149	4596
5040	5047	5053	5057	5058	5064	5079	5176	4597
5039	5052	5054	5057	5058	5064	5069	5149	4598
5040	5052	5054	5056	5058	5064	5069	5149	4599
5040	5050	5054	5055	5059	5061	5085	5201	4600
5042	5049	5054	5055	5058	5062	5069	5158	4601
5045	5047	5053	5055	5058	5061	5088	5271	4602
5041	5050	5054	5055	5058	5061	5077	5195	4603
5041	5051	5054	5055	5058	5063	5085	5169	4604
5039	5047	5053	5055	5058	5065	5075	5149	4605
5040	5051	5054	5055	5058	5061	5092	5149	4606
5042	5046	5053	5055	5058	5060	5075	5159	4607
5044	5051	5054	5055	5058	5061	5085	5169	4608
5040	5046	5053	5055	5058	5061	5073	5149	4609
5040	5046	5053	5056	5059	5061	5075	5149	4610
5039	5050	5054	5055	5058	5061	5108	5214	4611
5039	5046	5053	5055	5058	5061	5077	5195	4612
5041	5047	5053	5055	5058	5062	5070	5150	4613
5040	5046	5053	5055	5058	5061	5120	5253	4614
5041	5047	5053	5055	5058	5063	5075	5159	4615
5039	5046	5053	5056	5058	5060	5080	5149	4616
5041	5049	5054	5055	5058	5065	5075	5149	4617
5041	5049	5054	5055	5058	5064	5093	5177	4618
5045	5047	5053	5056	5058	5063	5073	5183	4619
5040	5049	5054	5055	5058	5060	5100	5192	4620
5043	5047	5053	5055	5058	5061	5086	5211	4621
5040	5052	5054	5057	5058	5061	5082	5149	4622
5040	5046	5053	5055	5058	5062	5070	5150	4623
5041	5048	5054	5056	5058	5061	5070	5150	4624
5040	5049	5054	5055	5058	5065	5069	5207	4625
5039	5046	5053	5056	5058	5061	5088	5190	4626
5039	5048	5054	5057	5058	5061	5073	5183	4627
5042	5048	5054	5055	5058	5064	5075	5159	4628
5040	5052	5054	5055	5058	5061	5075	5223	4629
5039	5046	5053	5056	5058	5060	5073	5149	4630
5042	5050	5054	5056	5058	5065	5090	5149	4631
5040	5048	5054	5055	5058	5061	5085	5201	4632
5039	5050	5054	5055	5058	5061	5086	5216	4633
5041	5050	5054	5056	5059	5060	5069	5149	4634
5041	5051	5054	5055	5058	5063	5112	5225	4635
5045	5050	5054	5055	5058	5061	5085	5220	4636
5044	5046	5053	5055	5059	5063	5069	5149	4637
5041	5050	5054	5055	5058	5061	5075	5238	4638
5040	5049	5054	5055	5058	5062	5070	5150	4639
5040	5049	5054	5055	5058	5060	5069	5342	4640
5040	5052	5054	5055	5058	5060	5114	5149	4641
5041	5051	5054	5056	5058	5060	5075	5149	4642
5039	5051	5054	5055	5058	5061	5080	5174	4643
5039	5050	5054	5055	5058	5061	5070	5243	4644
5041	5049	5054	5055	5058	5063	5073	5249	4645
5039	5047	5053	5055	5058	5060	5086	5149	4646
5045	5050	5054	5055	5058	5061	5090	5149	4647
5039	5049	5054	5055	5058	5062	5087	5259	4648
5039	5048	5054	5055	5058	5061	5080	5149	4649
5043	5046	5053	5055	5058	5062	5073	5161	4650
5039	5049	5054	5056	5058	5060	5069	5149	4651
5041	5052	5053	5055	5058	5060	5075	5203	4652
5043	5052	5054	5056	5059	5060	5069	5287	4653
5043	5047	5053	5055	5058	5061	5069	5149	4654
5045	5050	5054	5055	5058	5061	5070	5243	4655
5041	5049	5054	5055	5058	5061	5108	5214	4656
5041	5046	5053	5055	5058	5061	5075	5203	4657
5040	5046	5053	5055	5058	5060	5076	5149	4658
5042	5049	5054	5056	5058	5060	5079	5176	4659
5041	5048	5054	5055	5058	5063	5075	5203	4660
5040	5052	5054	5055	5058	5062	5085	5201	4661
5043	5050	5054	5055	5058	5060	5084	5160	4662
5043	5046	5053	5055	5058	5061	5075	5223	4663
5039	5048	5054	5055	5058	5065	5074	5149	4664
5044	5050	5054	5057	5058	5061	5070	5149	4665
5043	5052	5054	5055	5058	5061	5108	5214	4666
5041	5052	5053	5057	5058	5060	5070	5154	4667
5041	5052	5053	5055	5059	5062	5069	5172	4668
5043	5050	5054	5055	5058	5061	5070	5150	4669
5042	5049	5054	5056	5058	5064	5075	5149	4670
5042	5052	5053	5055	5058	5060	5073	5161	4671
5043	5049	5054	5055	5058	5061	5110	5149	4672
5041	5046	5053	5055	5059	5062	5085	5230	4673
5044	5048	5054	5055	5058	5061	5085	5149	4674
5041	5052	5053	5055	5058	5061	5069	5172	4675
5041	5051	5054	5055	5058	5063	5072	5153	4676
5039	5051	5054	5056	5058	5067	5088	5226	4677
5044	5047	5053	5055	5059	5062	5074	5149	4678
5044	5048	5054	5056	5058	5064	5090	5149	4679
5039	5046	5053	5055	5058	5065	5073	5175	4680
5044	5047	5053	5055	5058	5061	5075	5159	4681
5039	5047	5053	5055	5058	5062	5069	5158	4682
5040	5047	5053	5055	5058	5061	5080	5174	4683
5043	5048	5054	5055	5058	5061	5069	5179	4684
5041	5046	5053	5055	5058	5060	5070	5150	4685
5043	5051	5054	5055	5058	5060	5090	5149	4686
5043	5049	5054	5056	5059	5061	5073	5156	4687
5041	5052	5053	5056	5058	5063	5075	5159	4688
5041	5047	5053	5055	5059	5061	5069	5149	4689
5040	5050	5054	5055	5058	5061	5095	5345	4690
5040	5049	5054	5055	5058	5060	5084	5160	4691
5043	5046	5053	5056	5058	5062	5088	5190	4692
5041	5052	5053	5055	5058	5064	5075	5203	4693
5039	5048	5054	5055	5058	5060	5069	5162	4694
5040	5052	5054	5057	5058	5061	5073	5175	4695
5039	5047	5053	5055	5058	5060	5075	5167	4696
5041	5051	5054	5056	5058	5060	5080	5149	4697
5041	5049	5054	5055	5058	5061	5086	5149	4698
5040	5052	5054	5056	5058	5061	5079	5176	4699
5040	5051	5054	5057	5058	5063	5073	5183	4700
5041	5052	5053	5057	5058	5061	5069	5179	4701
5039	5052	5054	5055	5058	5065	5087	5259	4702
5044	5051	5054	5055	5058	5060	5087	5259	4703
5040	5052	5054	5055	5059	5060	5087	5222	4704
5039	5046	5053	5055	5058	5060	5086	5211	4705
5040	5046	5053	5055	5059	5064	5093	5177	4706
5039	5046	5053	5056	5058	5061	5075	5238	4707
5040	5048	5054	5055	5058	5062	5077	5155	4708
5043	5049	5054	5055	5059	5063	5077	5155	4709
5042	5049	5054	5056	5059	5064	5075	5149	4710
5039	5048	5054	5056	5058	5062	5069	5172	4711
5041	5052	5053	5055	5058	5063	5069	5248	4712
5045	5047	5053	5056	5058	5064	5073	5183	4713
5041	5049	5054	5055	5058	5062	5093	5177	4714
5039	5052	5054	5055	5058	5060	5113	5149	4715
5042	5051	5054	5057	5058	5063	5073	5183	4716
5040	5050	5054	5057	5058	5061	5069	5240	4717
5039	5050	5054	5055	5058	5061	5078	5149	4718
5042	5047	5053	5055	5058	5060	5070	5154	4719
5044	5052	5054	5057	5058	5061	5070	5149	4720
5042	5046	5053	5055	5058	5065	5075	5159	4721
5040	5051	5054	5055	5058	5061	5075	5149	4722
5040	5048	5054	5055	5058	5060	5069	5179	4723
5040	5049	5054	5055	5058	5060	5093	5177	4724
5040	5052	5054	5055	5058	5064	5069	5151	4725
5042	5048	5054	5055	5058	5064	5069	5179	4726
5044	5049	5054	5055	5058	5061	5070	5149	4727
5040	5049	5054	5057	5058	5061	5086	5216	4728
5041	5047	5053	5056	5058	5062	5099	5188	4729
5039	5046	5053	5055	5058	5060	5069	5162	4730
5044	5046	5053	5055	5058	5061	5080	5174	4731
5042	5049	5054	5055	5058	5063	5093	5177	4732
5045	5048	5054	5055	5058	5060	5114	5149	4733
5040	5049	5054	5055	5059	5063	5069	5149	4734
5040	5049	5054	5055	5058	5065	5112	5225	4735
5042	5049	5054	5056	5059	5062	5075	5149	4736
5044	5046	5053	5056	5058	5061	5079	5176	4737
5042	5052	5053	5056	5058	5060	5070	5154	4738
5043	5050	5054	5055	5058	5062	5073	5149	4739
5043	5048	5054	5055	5058	5064	5112	5225	4740
5043	5048	5054	5055	5058	5064	5073	5161	4741
5041	5049	5054	5055	5058	5062	5070	5150	4742
5039	5046	5053	5055	5058	5060	5072	5264	4743
5045	5051	5054	5055	5058	5061	5069	5158	4744
5045	5052	5054	5055	5058	5060	5085	5220	4745
5039	5049	5054	5055	5058	5067	5075	5149	4746
5039	5051	5054	5056	5058	5061	5073	5156	4747
5042	5051	5054	5055	5058	5061	5073	5156	4748
5041	5052	5053	5055	5058	5062	5096	5181	4749
5044	5052	5054	5055	5058	5061	5081	5210	4750
5041	5047	5053	5055	5058	5064	5069	5162	4751
5041	5052	5053	5056	5058	5064	5069	5172	4752
5043	5050	5054	5056	5058	5061	5069	5179	4753
5040	5052	5054	5057	5058	5062	5069	5162	4754
5040	5048	5054	5056	5058	5060	5072	5320	4755
5044	5047	5053	5056	5058	5064	5098	5186	4756
5041	5046	5053	5056	5059	5061	5070	5150	4757
5043	5052	5054	5055	5059	5061	5077	5155	4758
5041	5050	5054	5055	5058	5061	5103	5149	4759
5040	5052	5054	5055	5058	5063	5094	5272	4760
5044	5048	5054	5055	5059	5061	5084	5160	4761
5041	5050	5054	5055	5058	5061	5076	5205	4762
5044	5047	5053	5055	5058	5061	5072	5264	4763
5042	5048	5054	5055	5058	5060	5121	5260	4764
5039	5046	5053	5055	5058	5060	5077	5256	4765
5039	5050	5054	5055	5058	5061	5101	5197	4766
5043	5047	5053	5055	5058	5061	5080	5149	4767
5043	5047	5053	5055	5058	5061	5075	5149	4768
5040	5052	5054	5057	5058	5060	5071	5152	4769
5043	5048	5054	5055	5059	5060	5073	5183	4770
5040	5049	5054	5055	5058	5060	5069	5163	4771
5040	5046	5053	5055	5058	5060	5087	5149	4772
5041	5046	5053	5055	5058	5061	5092	5149	4773
5043	5050	5054	5057	5058	5060	5075	5203	4774
5040	5047	5053	5055	5058	5060	5073	5149	4775
5039	5050	5054	5056	5058	5062	5071	5152	4776
5041	5052	5053	5056	5058	5061	5069	5163	4777
5042	5051	5054	5055	5058	5060	5084	5160	4778
5039	5047	5053	5055	5058	5062	5075	5199	4779
5041	5048	5054	5056	5059	5061	5087	5149	4780
5043	5049	5054	5056	5058	5060	5080	5174	4781
5043	5049	5054	5056	5058	5065	5088	5190	4782
5043	5048	5054	5055	5058	5061	5088	5190	4783
5039	5046	5053	5056	5058	5064	5069	5235	4784
5041	5047	5053	5055	5058	5062	5073	5183	4785
5039	5050	5054	5055	5058	5061	5098	5186	4786
5044	5046	5053	5056	5058	5064	5079	5176	4787
5039	5051	5054	5055	5058	5061	5075	5223	4788
5041	5049	5054	5056	5058	5064	5079	5176	4789
5043	5048	5054	5055	5058	5061	5073	5149	4790
5044	5051	5054	5055	5058	5061	5073	5161	4791
5042	5051	5054	5055	5059	5062	5085	5230	4792
5041	5049	5054	5055	5058	5064	5069	5162	4793
5043	5049	5054	5055	5058	5063	5087	5149	4794
5041	5049	5054	5055	5058	5060	5104	5204	4795
5039	5052	5054	5057	5058	5060	5070	5150	4796
5043	5048	5054	5055	5058	5061	5075	5203	4797
5039	5048	5054	5055	5058	5065	5073	5157	4798
5041	5049	5054	5057	5058	5061	5069	5235	4799
5045	5052	5054	5056	5058	5060	5080	5174	4800
5041	5051	5054	5055	5058	5065	5099	5196	4801
5042	5048	5054	5055	5058	5061	5088	5168	4802
5044	5048	5054	5055	5058	5061	5073	5161	4803
5040	5048	5054	5055	5058	5065	5078	5149	4804
5040	5046	5053	5056	5058	5061	5079	5176	4805
5043	5052	5054	5056	5058	5060	5069	5151	4806
5041	5051	5054	5055	5058	5064	5070	5149	4807
5039	5051	5054	5055	5058	5062	5080	5174	4808
5041	5051	5054	5055	5058	5060	5102	5239	4809
5044	5050	5054	5055	5058	5061	5069	5278	4810
5045	5050	5054	5056	5058	5061	5116	5349	4811
5041	5047	5053	5056	5058	5064	5069	5149	4812
5043	5050	5054	5056	5059	5061	5070	5150	4813
5040	5051	5054	5057	5058	5061	5098	5186	4814
5040	5049	5054	5055	5058	5060	5069	5248	4815
5041	5050	5054	5056	5058	5061	5086	5149	4816
5041	5051	5054	5055	5058	5061	5080	5174	4817
5041	5049	5054	5055	5058	5060	5073	5149	4818
5039	5050	5054	5055	5058	5062	5075	5149	4819
5039	5049	5054	5055	5058	5061	5073	5218	4820
5043	5048	5054	5055	5058	5060	5103	5149	4821
5042	5052	5053	5056	5058	5064	5069	5235	4822
5041	5049	5054	5056	5058	5060	5078	5165	4823
5043	5052	5054	5055	5058	5060	5070	5150	4824
5040	5046	5053	5055	5058	5064	5099	5189	4825
5041	5050	5054	5056	5058	5060	5069	5240	4826
5040	5047	5053	5055	5058	5061	5075	5203	4827
5044	5046	5053	5055	5058	5064	5075	5159	4828
5045	5050	5054	5055	5058	5063	5069	5149	4829
5039	5049	5054	5055	5058	5061	5075	5149	4830
5041	5047	5053	5055	5058	5061	5077	5195	4831
5041	5050	5054	5055	5058	5064	5108	5214	4832
5044	5052	5054	5055	5058	5060	5087	5222	4833
5042	5047	5053	5055	5058	5060	5085	5230	4834
5039	5051	5054	5055	5058	5061	5099	5196	4835
5043	5052	5054	5055	5058	5062	5076	5205	4836
5044	5052	5054	5055	5058	5061	5075	5199	4837
5040	5047	5053	5056	5058	5060	5075	5238	4838
5039	5049	5054	5056	5058	5062	5069	5258	4839
5040	5050	5054	5055	5059	5061	5070	5150	4840
5039	5046	5053	5055	5058	5060	5080	5174	4841
5039	5052	5054	5055	5058	5060	5078	5165	4842
5044	5050	5054	5056	5058	5063	5075	5149	4843
5040	5048	5054	5055	5058	5060	5069	5172	4844
5039	5049	5054	5055	5058	5061	5080	5174	4845
5041	5049	5054	5055	5058	5063	5069	5182	4846
5043	5047	5053	5055	5058	5060	5118	5149	4847
5043	5050	5054	5055	5058	5063	5093	5177	4848
5044	5052	5054	5057	5058	5060	5070	5149	4849
5043	5050	5054	5056	5058	5063	5073	5183	4850
5039	5051	5054	5055	5058	5064	5075	5149	4851
5042	5046	5053	5055	5058	5061	5069	5206	4852
5039	5052	5054	5056	5058	5061	5073	5183	4853
5039	5046	5053	5055	5058	5061	5088	5149	4854
5044	5049	5054	5055	5058	5065	5087	5259	4855
5042	5049	5054	5055	5058	5063	5069	5248	4856
5043	5047	5053	5056	5058	5064	5070	5149	4857
5041	5051	5054	5055	5058	5065	5075	5159	4858
5045	5048	5054	5055	5058	5061	5110	5149	4859
5039	5052	5054	5055	5058	5060	5087	5237	4860
5041	5049	5054	5055	5058	5061	5095	5149	4861
5044	5046	5053	5055	5058	5060	5075	5167	4862
5041	5048	5054	5055	5058	5061	5087	5191	4863
5042	5049	5054	5056	5058	5060	5115	5233	4864
5041	5048	5054	5055	5058	5064	5093	5177	4865
5043	5047	5053	5055	5058	5064	5090	5149	4866
5039	5052	5054	5055	5058	5060	5072	5341	4867
5044	5052	5054	5055	5058	5062	5069	5240	4868
5043	5047	5053	5055	5058	5063	5095	5149	4869
5042	5050	5054	5055	5058	5061	5116	5234	4870
5041	5048	5054	5055	5058	5062	5069	5149	4871
5041	5050	5054	5056	5058	5061	5099	5188	4872
5042	5048	5054	5055	5058	5060	5069	5182	4873
5041	5047	5053	5055	5058	5061	5072	5343	4874
5043	5046	5053	5055	5058	5061	5120	5253	4875
5039	5052	5054	5055	5058	5060	5069	5179	4876
5042	5046	5053	5055	5058	5065	5078	5149	4877
5042	5049	5054	5057	5058	5061	5071	5152	4878
5041	5052	5053	5055	5058	5060	5073	5157	4879
5039	5052	5054	5055	5058	5063	5107	5213	4880
5039	5051	5054	5055	5058	5060	5069	5241	4881
5040	5047	5053	5055	5058	5060	5069	5179	4882
5041	5049	5054	5056	5058	5062	5070	5150	4883
5041	5048	5054	5055	5058	5060	5094	5314	4884
5040	5050	5054	5055	5058	5062	5084	5160	4885
5042	5049	5054	5055	5058	5060	5090	5356	4886
5043	5047	5053	5056	5059	5061	5088	5190	4887
5045	5052	5054	5055	5058	5061	5080	5174	4888
5039	5048	5054	5055	5058	5061	5086	5211	4889
5042	5049	5054	5055	5058	5060	5069	5185	4890
5039	5050	5054	5055	5058	5061	5086	5211	4891
5040	5047	5053	5055	5058	5061	5077	5149	4892
5044	5047	5053	5055	5058	5062	5120	5253	4893
5041	5048	5054	5055	5058	5064	5073	5161	4894
5040	5047	5053	5055	5058	5061	5069	5247	4895
5041	5051	5054	5055	5058	5060	5077	5256	4896
5043	5050	5054	5055	5058	5063	5069	5180	4897
5041	5052	5053	5056	5058	5061	5080	5174	4898
5041	5047	5053	5055	5058	5063	5075	5149	4899
5043	5049	5054	5055	5058	5065	5093	5177	4900
5041	5051	5054	5055	5058	5064	5075	5167	4901
5041	5049	5054	5055	5058	5060	5087	5237	4902
5044	5048	5054	5055	5058	5061	5073	5156	4903
5040	5051	5054	5055	5058	5060	5070	5150	4904
5041	5050	5054	5055	5058	5061	5072	5244	4905
5039	5049	5054	5055	5059	5061	5108	5214	4906
5044	5050	5054	5055	5058	5061	5081	5149	4907
5041	5052	5053	5056	5058	5064	5069	5149	4908
5040	5046	5053	5056	5058	5060	5069	5151	4909
5043	5051	5054	5055	5058	5060	5069	5185	4910
5043	5052	5054	5056	5058	5061	5070	5149	4911
5041	5047	5053	5056	5058	5061	5075	5149	4912
5044	5052	5054	5055	5058	5060	5089	5170	4913
5040	5050	5054	5055	5058	5061	5069	5182	4914
5044	5048	5054	5055	5058	5064	5075	5238	4915
5045	5051	5054	5055	5058	5062	5077	5155	4916
5039	5050	5054	5055	5058	5061	5104	5204	4917
5040	5052	5054	5055	5058	5064	5095	5149	4918
5040	5047	5053	5055	5058	5060	5096	5181	4919
5041	5048	5054	5055	5058	5060	5070	5173	4920
5042	5049	5054	5055	5058	5060	5087	5222	4921
5041	5048	5054	5055	5058	5061	5069	5235	4922
5040	5052	5054	5056	5058	5060	5075	5238	4923
5041	5049	5054	5057	5058	5064	5070	5149	4924
5039	5046	5053	5056	5058	5062	5069	5149	4925
5042	5046	5053	5055	5058	5064	5069	5252	4926
5043	5046	5053	5055	5059	5063	5075	5159	4927
5040	5050	5054	5055	5058	5061	5069	5185	4928
5041	5052	5053	5055	5058	5064	5121	5149	4929
5045	5048	5054	5055	5058	5060	5085	5230	4930
5039	5047	5053	5055	5058	5064	5099	5189	4931
5040	5052	5054	5055	5058	5060	5104	5204	4932
5040	5052	5054	5055	5058	5061	5087	5149	4933
5039	5046	5053	5056	5058	5061	5098	5186	4934
5043	5046	5053	5055	5058	5064	5070	5154	4935
5042	5048	5054	5055	5058	5062	5085	5201	4936
5045	5049	5054	5055	5058	5064	5075	5149	4937
5043	5049	5054	5056	5058	5060	5070	5164	4938
5041	5051	5054	5056	5058	5063	5073	5249	4939
5044	5050	5054	5055	5058	5061	5084	5232	4940
5039	5049	5054	5055	5058	5061	5076	5205	4941
5041	5052	5053	5055	5058	5065	5073	5157	4942
5045	5052	5054	5055	5058	5060	5080	5149	4943
5041	5046	5053	5055	5058	5060	5098	5186	4944
5041	5049	5054	5055	5058	5060	5073	5218	4945
5043	5051	5054	5056	5058	5061	5080	5174	4946
5042	5049	5054	5055	5058	5062	5085	5169	4947
5043	5047	5053	5056	5058	5062	5069	5149	4948
5044	5046	5053	5056	5058	5062	5069	5149	4949
5039	5052	5054	5055	5058	5061	5069	5248	4950
5044	5050	5054	5055	5058	5063	5069	5179	4951
5041	5052	5053	5055	5058	5061	5070	5166	4952
5041	5048	5054	5056	5058	5063	5073	5175	4953
5043	5052	5054	5056	5058	5061	5071	5152	4954
5041	5050	5054	5056	5058	5064	5075	5149	4955
5045	5047	5053	5055	5058	5063	5075	5149	4956
5040	5050	5054	5055	5058	5064	5088	5149	4957
5039	5050	5054	5055	5058	5061	5105	5149	4958
5040	5048	5054	5055	5058	5060	5098	5186	4959
5041	5046	5053	5055	5058	5060	5069	5151	4960
5042	5047	5053	5055	5058	5061	5075	5159	4961
5039	5050	5054	5055	5058	5061	5100	5192	4962
5043	5050	5054	5056	5058	5061	5070	5164	4963
5041	5050	5054	5055	5059	5061	5070	5243	4964
5041	5052	5053	5056	5058	5061	5069	5149	4965
5040	5048	5054	5055	5058	5063	5084	5160	4966
5043	5049	5054	5055	5058	5060	5069	5250	4967
5040	5052	5054	5055	5058	5062	5069	5240	4968
5039	5052	5054	5056	5058	5060	5080	5149	4969
5040	5049	5054	5055	5058	5064	5088	5149	4970
5042	5048	5054	5057	5058	5061	5073	5183	4971
5041	5047	5053	5055	5058	5061	5073	5157	4972
5040	5047	5053	5055	5058	5064	5079	5176	4973
5041	5050	5054	5055	5058	5060	5085	5169	4974
5041	5052	5053	5055	5058	5062	5073	5156	4975
5039	5048	5054	5055	5058	5065	5093	5177	4976
5044	5047	5053	5057	5058	5061	5069	5235	4977
5040	5052	5054	5055	5058	5061	5072	5264	4978
5039	5046	5053	5055	5058	5064	5089	5170	4979
5039	5049	5054	5055	5058	5061	5073	5183	4980
5044	5046	5053	5055	5058	5065	5075	5159	4981
5043	5052	5054	5056	5058	5064	5071	5152	4982
5043	5050	5054	5055	5058	5060	5073	5161	4983
5043	5048	5054	5056	5058	5061	5073	5157	4984
5045	5050	5054	5055	5059	5060	5087	5222	4985
5045	5049	5054	5055	5058	5060	5072	5244	4986
5043	5049	5054	5055	5058	5062	5070	5150	4987
5041	5047	5053	5055	5058	5064	5112	5149	4988
5040	5049	5054	5056	5058	5064	5079	5176	4989
5041	5049	5054	5056	5058	5061	5080	5174	4990
5039	5048	5054	5055	5058	5060	5087	5191	4991
5039	5051	5054	5055	5058	5061	5070	5243	4992
5039	5052	5054	5055	5058	5064	5093	5177	4993
5039	5051	5054	5055	5058	5062	5075	5223	4994
5043	5052	5054	5057	5058	5060	5069	5235	4995
5042	5046	5053	5055	5058	5061	5069	5179	4996
5039	5050	5054	5055	5058	5061	5092	5149	4997
5041	5052	5053	5055	5058	5061	5099	5189	4998
5040	5049	5054	5056	5058	5063	5069	5149	4999
5043	5052	5054	5055	5058	5063	5075	5203	5000
5043	5051	5054	5056	5058	5060	5121	5255	5001
5044	5047	5053	5055	5058	5064	5089	5170	5002
5041	5052	5053	5056	5058	5060	5121	5255	5003
5044	5047	5053	5055	5058	5062	5069	5149	5004
5042	5047	5053	5055	5058	5060	5107	5213	5005
5041	5046	5053	5055	5058	5061	5110	5149	5006
5041	5050	5054	5056	5058	5061	5071	5152	5007
5040	5049	5054	5055	5058	5060	5085	5230	5008
5043	5052	5054	5055	5058	5060	5087	5222	5009
5045	5052	5054	5056	5058	5062	5073	5175	5010
5041	5049	5054	5055	5058	5060	5107	5213	5011
5043	5047	5053	5055	5058	5064	5070	5243	5012
5044	5052	5054	5055	5058	5060	5075	5199	5013
5042	5049	5054	5055	5058	5064	5088	5190	5014
5040	5052	5054	5055	5058	5061	5075	5290	5015
5044	5052	5054	5055	5058	5064	5069	5179	5016
5040	5048	5054	5056	5058	5061	5088	5190	5017
5043	5046	5053	5055	5058	5061	5077	5195	5018
5041	5049	5054	5056	5058	5060	5073	5149	5019
5039	5050	5054	5055	5058	5061	5122	5350	5020
5039	5050	5054	5056	5058	5061	5088	5190	5021
5040	5052	5054	5055	5058	5062	5094	5272	5022
5040	5050	5054	5055	5059	5060	5100	5192	5023
5040	5047	5053	5056	5058	5063	5073	5183	5024
5039	5051	5054	5056	5058	5063	5069	5149	5025
5044	5051	5054	5056	5058	5060	5069	5151	5026
5041	5048	5054	5055	5058	5060	5077	5149	5027
5041	5049	5054	5055	5058	5067	5075	5149	5028
5041	5050	5054	5056	5058	5060	5075	5149	5029
5042	5050	5054	5055	5058	5062	5121	5255	5030
5043	5051	5054	5055	5058	5060	5088	5168	5031
5040	5050	5054	5055	5058	5063	5072	5244	5032
5043	5046	5053	5055	5058	5065	5071	5152	5033
5040	5048	5054	5055	5058	5061	5089	5170	5034
5043	5050	5054	5056	5058	5060	5115	5233	5035
5043	5048	5054	5055	5058	5065	5078	5149	5036
5039	5051	5054	5055	5058	5061	5073	5161	5037
5041	5048	5054	5055	5058	5060	5087	5237	5038
5039	5051	5054	5055	5058	5060	5081	5149	5039
5043	5048	5054	5055	5058	5060	5079	5149	5040
5041	5051	5054	5055	5058	5064	5099	5196	5041
5041	5046	5053	5055	5059	5064	5069	5149	5042
5043	5052	5054	5055	5058	5061	5107	5213	5043
5041	5049	5054	5055	5058	5061	5069	5187	5044
5041	5050	5054	5057	5058	5061	5069	5240	5045
5043	5047	5053	5055	5058	5065	5073	5249	5046
5044	5046	5053	5055	5058	5064	5121	5255	5047
5044	5049	5054	5055	5058	5061	5079	5176	5048
5044	5048	5054	5055	5058	5061	5070	5243	5049
5040	5050	5054	5055	5058	5061	5069	5151	5050
5040	5052	5054	5055	5058	5061	5075	5199	5051
5041	5046	5053	5055	5058	5064	5090	5149	5052
5043	5046	5053	5055	5058	5060	5073	5149	5053
5039	5052	5054	5057	5058	5063	5073	5183	5054
5044	5047	5053	5055	5058	5061	5073	5183	5055
5039	5048	5054	5055	5058	5060	5070	5173	5056
5042	5046	5053	5055	5058	5060	5075	5238	5057
5044	5046	5053	5055	5058	5064	5070	5149	5058
5041	5051	5054	5057	5058	5061	5073	5175	5059
5044	5047	5053	5056	5058	5064	5073	5156	5060
5041	5049	5054	5055	5058	5060	5085	5169	5061
5041	5051	5054	5055	5058	5065	5069	5254	5062
5041	5052	5053	5057	5058	5061	5069	5235	5063
5039	5049	5054	5056	5058	5062	5069	5149	5064
5039	5047	5053	5055	5058	5060	5087	5222	5065
5040	5050	5054	5055	5058	5065	5074	5149	5066
5045	5049	5054	5056	5058	5060	5080	5174	5067
5044	5049	5054	5056	5058	5061	5070	5150	5068
5045	5050	5054	5055	5058	5061	5079	5149	5069
5042	5050	5054	5055	5058	5065	5069	5149	5070
5040	5048	5054	5055	5058	5061	5073	5156	5071
5040	5051	5054	5056	5058	5065	5087	5200	5072
5044	5049	5054	5056	5058	5061	5081	5149	5073
5041	5052	5053	5055	5058	5062	5120	5253	5074
5041	5051	5054	5055	5059	5061	5085	5230	5075
5040	5046	5053	5056	5058	5061	5070	5164	5076
5040	5047	5053	5055	5058	5064	5073	5161	5077
5039	5050	5054	5057	5058	5064	5071	5152	5078
5039	5050	5054	5055	5058	5062	5079	5176	5079
5044	5051	5054	5055	5058	5061	5069	5185	5080
5043	5048	5054	5055	5058	5067	5069	5252	5081
5039	5047	5053	5055	5058	5060	5072	5153	5082
5039	5050	5054	5055	5058	5061	5084	5160	5083
5040	5047	5053	5055	5058	5063	5075	5199	5084
5042	5052	5053	5055	5058	5063	5069	5172	5085
5043	5046	5053	5055	5058	5063	5077	5155	5086
5040	5048	5054	5055	5058	5060	5070	5315	5087
5041	5046	5053	5055	5059	5061	5100	5192	5088
5044	5051	5054	5055	5058	5060	5070	5154	5089
5042	5047	5053	5055	5058	5061	5088	5300	5090
5043	5050	5054	5055	5058	5061	5085	5169	5091
5045	5052	5054	5056	5058	5060	5113	5229	5092
5041	5051	5054	5056	5058	5061	5080	5174	5093
5044	5047	5053	5055	5058	5061	5086	5216	5094
5041	5050	5054	5055	5058	5064	5069	5248	5095
5039	5050	5054	5055	5058	5061	5087	5222	5096
5040	5047	5053	5056	5058	5060	5069	5185	5097
5043	5049	5054	5056	5058	5061	5075	5149	5098
5041	5046	5053	5055	5058	5060	5114	5149	5099
5040	5049	5054	5056	5058	5064	5069	5149	5100
5040	5046	5053	5055	5058	5061	5073	5183	5101
5042	5052	5053	5055	5058	5064	5099	5189	5102
5041	5051	5054	5055	5058	5065	5074	5149	5103
5042	5050	5054	5055	5058	5064	5072	5244	5104
5045	5052	5054	5056	5058	5061	5075	5149	5105
5040	5051	5054	5055	5059	5060	5085	5230	5106
5040	5047	5053	5055	5058	5060	5118	5149	5107
5042	5049	5054	5056	5058	5061	5070	5149	5108
5041	5051	5054	5056	5058	5065	5075	5159	5109
5039	5046	5053	5055	5058	5061	5106	5212	5110
5039	5046	5053	5055	5058	5061	5087	5200	5111
5040	5051	5054	5055	5058	5065	5073	5218	5112
5039	5051	5054	5055	5058	5061	5073	5149	5113
5043	5050	5054	5055	5059	5062	5074	5149	5114
5041	5052	5053	5056	5058	5061	5070	5164	5115
5040	5049	5054	5056	5058	5061	5120	5280	5116
5043	5050	5054	5056	5059	5060	5073	5149	5117
5042	5051	5054	5055	5058	5064	5069	5149	5118
5040	5049	5054	5056	5058	5063	5075	5149	5119
5039	5048	5054	5055	5058	5063	5075	5203	5120
5041	5048	5054	5056	5058	5060	5113	5229	5121
5041	5046	5053	5055	5058	5061	5121	5255	5122
5040	5050	5054	5057	5058	5064	5069	5163	5123
5039	5047	5053	5056	5058	5062	5075	5149	5124
5040	5047	5053	5055	5058	5063	5073	5156	5125
5043	5048	5054	5055	5058	5060	5078	5149	5126
5043	5047	5053	5055	5059	5060	5085	5169	5127
5044	5047	5053	5056	5059	5064	5088	5190	5128
5044	5047	5053	5056	5059	5060	5069	5149	5129
5043	5050	5054	5055	5058	5061	5100	5192	5130
5041	5050	5054	5056	5058	5060	5070	5154	5131
5040	5047	5053	5055	5058	5060	5075	5149	5132
5041	5049	5054	5055	5058	5064	5107	5213	5133
5042	5047	5053	5055	5058	5063	5069	5149	5134
5040	5048	5054	5055	5058	5064	5084	5160	5135
5043	5051	5054	5056	5058	5060	5099	5188	5136
5043	5048	5054	5056	5058	5060	5099	5196	5137
5039	5052	5054	5055	5058	5062	5070	5154	5138
5041	5052	5053	5057	5058	5064	5069	5162	5139
5045	5048	5054	5056	5058	5061	5075	5149	5140
5040	5047	5053	5055	5058	5064	5070	5149	5141
5045	5051	5054	5056	5058	5064	5075	5149	5142
5041	5052	5053	5055	5058	5064	5071	5152	5143
5040	5048	5054	5055	5059	5061	5073	5156	5144
5041	5051	5054	5055	5058	5061	5069	5185	5145
5042	5050	5054	5057	5059	5060	5070	5150	5146
5040	5050	5054	5055	5058	5060	5080	5149	5147
5039	5051	5054	5055	5058	5062	5084	5232	5148
5044	5048	5054	5055	5058	5060	5077	5256	5149
5043	5047	5053	5055	5058	5064	5107	5213	5150
5043	5049	5054	5056	5058	5060	5070	5150	5151
5043	5049	5054	5055	5058	5061	5069	5182	5152
5040	5050	5054	5055	5058	5065	5093	5177	5153
5040	5052	5054	5055	5058	5064	5107	5213	5154
5043	5047	5053	5055	5058	5060	5079	5149	5155
5041	5052	5053	5055	5058	5060	5071	5152	5156
5040	5046	5053	5055	5058	5062	5113	5149	5157
5043	5050	5054	5055	5058	5061	5093	5177	5158
5042	5047	5053	5055	5058	5062	5089	5170	5159
5041	5051	5054	5056	5058	5061	5086	5149	5160
5042	5051	5054	5055	5058	5061	5072	5264	5161
5039	5049	5054	5055	5058	5064	5095	5149	5162
5042	5049	5054	5055	5058	5061	5069	5278	5163
5039	5050	5054	5055	5058	5060	5077	5256	5164
5040	5052	5054	5056	5058	5061	5080	5174	5165
5041	5052	5053	5056	5058	5062	5069	5172	5166
5045	5052	5054	5055	5058	5060	5086	5216	5167
5044	5050	5054	5055	5058	5061	5075	5238	5168
5044	5052	5054	5055	5059	5060	5124	5275	5169
5039	5049	5054	5055	5058	5060	5070	5150	5170
5040	5048	5054	5056	5058	5060	5079	5176	5171
5040	5046	5053	5055	5058	5060	5085	5273	5172
5041	5052	5053	5055	5058	5064	5069	5151	5173
5044	5050	5054	5055	5058	5061	5073	5157	5174
5039	5047	5053	5055	5058	5060	5073	5249	5175
5043	5050	5054	5055	5058	5064	5088	5190	5176
5044	5046	5053	5056	5058	5064	5069	5250	5177
5045	5046	5053	5056	5058	5060	5075	5167	5178
5044	5047	5053	5056	5058	5061	5080	5149	5179
5044	5049	5054	5055	5058	5065	5075	5159	5180
5044	5049	5054	5055	5058	5065	5069	5163	5181
5043	5052	5054	5055	5058	5061	5085	5230	5182
5042	5048	5054	5055	5058	5067	5069	5149	5183
5043	5049	5054	5056	5058	5061	5099	5188	5184
5041	5049	5054	5057	5058	5062	5087	5191	5185
5043	5051	5054	5055	5058	5061	5085	5149	5186
5040	5050	5054	5055	5058	5060	5099	5189	5187
5042	5046	5053	5055	5058	5060	5069	5149	5188
5045	5050	5054	5056	5058	5061	5069	5149	5189
5043	5049	5054	5055	5058	5061	5073	5149	5190
5039	5051	5054	5055	5058	5060	5097	5221	5191
5041	5047	5053	5055	5058	5061	5089	5170	5192
5041	5050	5054	5056	5058	5061	5075	5159	5193
5044	5048	5054	5055	5058	5060	5069	5206	5194
5039	5048	5054	5055	5058	5062	5070	5150	5195
5043	5048	5054	5055	5058	5060	5069	5179	5196
5039	5050	5054	5055	5058	5061	5069	5207	5197
5042	5049	5054	5055	5058	5060	5121	5255	5198
5044	5051	5054	5055	5058	5062	5077	5155	5199
5039	5048	5054	5055	5058	5060	5086	5211	5200
5044	5049	5054	5055	5058	5060	5087	5237	5201
5042	5048	5054	5056	5058	5061	5069	5172	5202
5043	5051	5054	5056	5058	5061	5088	5190	5203
5041	5048	5054	5056	5058	5062	5069	5172	5204
5041	5052	5053	5055	5058	5060	5087	5237	5205
5041	5046	5053	5056	5058	5064	5121	5255	5206
5041	5050	5054	5056	5059	5062	5069	5149	5207
5044	5047	5053	5055	5058	5060	5075	5290	5208
5041	5052	5053	5055	5058	5061	5069	5179	5209
5040	5052	5054	5057	5058	5061	5073	5183	5210
5043	5051	5054	5055	5058	5063	5069	5182	5211
5041	5047	5053	5055	5058	5060	5087	5149	5212
5040	5050	5054	5055	5058	5061	5072	5244	5213
5042	5047	5053	5055	5058	5064	5112	5149	5214
5039	5050	5054	5055	5059	5064	5075	5159	5215
5041	5050	5054	5057	5058	5064	5069	5235	5216
5041	5050	5054	5055	5058	5064	5073	5149	5217
5043	5052	5054	5056	5058	5060	5069	5287	5218
5039	5052	5054	5055	5058	5060	5116	5234	5219
5045	5051	5054	5057	5058	5060	5075	5203	5220
5044	5047	5053	5055	5058	5060	5070	5149	5221
5044	5050	5054	5055	5058	5064	5072	5244	5222
5040	5050	5054	5055	5058	5061	5075	5203	5223
5039	5046	5053	5055	5058	5060	5073	5161	5224
5039	5047	5053	5055	5058	5065	5069	5149	5225
5043	5049	5054	5055	5058	5060	5075	5159	5226
5044	5052	5054	5055	5058	5062	5069	5207	5227
5044	5046	5053	5055	5058	5061	5069	5185	5228
5042	5051	5054	5055	5058	5064	5075	5167	5229
5039	5047	5053	5057	5058	5061	5070	5150	5230
5040	5048	5054	5055	5058	5062	5077	5256	5231
5045	5052	5054	5056	5058	5060	5069	5151	5232
5039	5051	5054	5055	5058	5061	5104	5204	5233
5044	5047	5053	5056	5058	5064	5079	5176	5234
5040	5049	5054	5055	5058	5067	5073	5156	5235
5045	5052	5054	5055	5058	5060	5070	5150	5236
5039	5048	5054	5056	5058	5060	5099	5188	5237
5039	5051	5054	5056	5058	5060	5070	5150	5238
5044	5052	5054	5055	5058	5065	5070	5154	5239
5042	5049	5054	5055	5058	5064	5073	5183	5240
5040	5046	5053	5055	5058	5061	5118	5149	5241
5043	5048	5054	5055	5058	5061	5100	5192	5242
5040	5049	5054	5056	5058	5060	5087	5149	5243
5043	5050	5054	5056	5058	5061	5087	5149	5244
5039	5046	5053	5055	5058	5065	5073	5183	5245
5039	5046	5053	5056	5058	5061	5073	5183	5246
5044	5051	5054	5055	5058	5065	5074	5149	5247
5045	5052	5054	5055	5058	5064	5069	5162	5248
5040	5050	5054	5056	5058	5061	5087	5149	5249
5040	5047	5053	5055	5059	5067	5075	5159	5250
5043	5049	5054	5055	5058	5061	5069	5329	5251
5041	5047	5053	5056	5058	5060	5073	5149	5252
5041	5050	5054	5056	5058	5061	5081	5210	5253
5041	5052	5053	5055	5058	5060	5076	5205	5254
5041	5051	5054	5055	5058	5061	5085	5149	5255
5044	5051	5054	5055	5058	5061	5087	5222	5256
5041	5049	5054	5055	5058	5063	5075	5203	5257
5040	5047	5053	5055	5058	5061	5075	5238	5258
5042	5050	5054	5057	5058	5061	5071	5152	5259
5040	5050	5054	5056	5058	5060	5099	5188	5260
5045	5049	5054	5055	5058	5064	5093	5177	5261
5043	5052	5054	5055	5058	5061	5075	5279	5262
5041	5046	5053	5055	5058	5060	5071	5152	5263
5043	5047	5053	5055	5058	5060	5075	5149	5264
5043	5049	5054	5055	5058	5061	5078	5165	5265
5043	5051	5054	5056	5058	5064	5090	5149	5266
5043	5047	5053	5056	5059	5061	5075	5149	5267
5044	5049	5054	5057	5058	5063	5073	5175	5268
5040	5046	5053	5055	5059	5065	5093	5177	5269
5041	5051	5054	5055	5058	5061	5088	5268	5270
5040	5047	5053	5057	5058	5061	5121	5255	5271
5042	5050	5054	5057	5058	5061	5070	5149	5272
5041	5049	5054	5055	5058	5061	5098	5186	5273
5040	5050	5054	5055	5058	5061	5122	5339	5274
5041	5052	5053	5055	5058	5062	5073	5249	5275
5040	5050	5054	5055	5058	5061	5070	5243	5276
5044	5052	5054	5055	5058	5064	5079	5176	5277
5039	5048	5054	5055	5058	5061	5089	5170	5278
5041	5049	5054	5056	5058	5061	5073	5149	5279
5043	5051	5054	5055	5058	5065	5069	5149	5280
5040	5052	5054	5055	5058	5060	5093	5177	5281
5043	5047	5053	5055	5059	5061	5085	5169	5282
5043	5047	5053	5055	5058	5064	5069	5172	5283
5043	5050	5054	5057	5058	5060	5070	5150	5284
5041	5050	5054	5056	5058	5063	5075	5149	5285
5040	5046	5053	5055	5058	5063	5069	5182	5286
5041	5052	5053	5055	5058	5060	5069	5246	5287
5044	5046	5053	5055	5058	5062	5070	5173	5288
5040	5049	5054	5055	5058	5062	5069	5158	5289
5043	5051	5054	5055	5059	5061	5070	5150	5290
5040	5050	5054	5055	5058	5064	5072	5244	5291
5045	5052	5054	5055	5058	5061	5087	5222	5292
5040	5052	5054	5056	5059	5061	5070	5164	5293
5044	5048	5054	5055	5058	5060	5075	5159	5294
5044	5047	5053	5057	5058	5061	5073	5175	5295
5039	5052	5054	5057	5058	5061	5080	5149	5296
5041	5051	5054	5056	5058	5066	5095	5149	5297
5039	5048	5054	5056	5058	5060	5070	5149	5298
5042	5047	5053	5055	5058	5064	5075	5159	5299
5043	5047	5053	5055	5058	5061	5087	5200	5300
5043	5050	5054	5056	5058	5061	5086	5149	5301
5039	5048	5054	5055	5059	5060	5070	5149	5302
5039	5050	5054	5056	5059	5061	5073	5156	5303
5042	5048	5054	5055	5058	5061	5075	5167	5304
5042	5050	5054	5056	5058	5064	5069	5149	5305
5041	5046	5053	5055	5058	5061	5093	5177	5306
5042	5052	5053	5055	5058	5060	5069	5194	5307
5040	5049	5054	5057	5058	5060	5071	5152	5308
5044	5049	5054	5055	5058	5065	5093	5177	5309
5041	5047	5053	5055	5058	5060	5085	5230	5310
5042	5048	5054	5055	5058	5062	5099	5196	5311
5040	5050	5054	5055	5058	5060	5075	5149	5312
5041	5049	5054	5055	5058	5060	5069	5158	5313
5043	5052	5054	5055	5058	5061	5094	5178	5314
5044	5052	5054	5055	5058	5066	5095	5149	5315
5044	5048	5054	5057	5058	5061	5069	5235	5316
5039	5052	5054	5055	5058	5065	5107	5213	5317
5039	5048	5054	5055	5058	5060	5072	5153	5318
5044	5051	5054	5055	5058	5061	5080	5174	5319
5043	5047	5053	5055	5058	5063	5069	5158	5320
5039	5046	5053	5056	5058	5060	5102	5149	5321
5039	5047	5053	5055	5058	5067	5070	5243	5322
5040	5046	5053	5055	5058	5061	5093	5177	5323
5045	5048	5054	5057	5058	5061	5086	5216	5324
5039	5046	5053	5055	5058	5067	5078	5165	5325
5042	5049	5054	5055	5058	5061	5087	5222	5326
5039	5047	5053	5055	5058	5062	5075	5149	5327
5045	5052	5054	5056	5058	5064	5092	5149	5328
5043	5052	5054	5056	5058	5064	5075	5159	5329
5043	5051	5054	5056	5058	5064	5073	5157	5330
5039	5049	5054	5056	5058	5060	5087	5149	5331
5040	5046	5053	5055	5058	5063	5073	5183	5332
5039	5046	5053	5055	5058	5061	5075	5203	5333
5039	5047	5053	5055	5058	5061	5073	5157	5334
5044	5046	5053	5057	5058	5061	5073	5175	5335
5043	5047	5053	5055	5058	5061	5069	5281	5336
5042	5048	5054	5055	5058	5060	5070	5149	5337
5045	5047	5053	5055	5058	5060	5069	5149	5338
5043	5050	5054	5056	5058	5060	5073	5149	5339
5040	5052	5054	5057	5058	5061	5070	5149	5340
5039	5049	5054	5056	5058	5063	5070	5150	5341
5044	5049	5054	5055	5058	5060	5084	5232	5342
5040	5049	5054	5055	5058	5060	5088	5149	5343
5040	5052	5054	5055	5058	5061	5073	5157	5344
5039	5046	5053	5055	5058	5065	5089	5170	5345
5039	5048	5054	5055	5058	5061	5123	5277	5346
5043	5049	5054	5055	5058	5060	5084	5160	5347
5040	5046	5053	5056	5058	5060	5085	5307	5348
5042	5050	5054	5057	5058	5060	5070	5154	5349
5041	5050	5054	5056	5058	5064	5112	5362	5350
5041	5052	5053	5055	5058	5063	5070	5149	5351
5044	5049	5054	5055	5058	5061	5078	5165	5352
5039	5052	5054	5056	5058	5063	5073	5156	5353
5040	5046	5053	5055	5058	5064	5069	5162	5354
5043	5051	5054	5055	5058	5062	5078	5165	5355
5044	5046	5053	5056	5058	5060	5069	5172	5356
5039	5049	5054	5055	5058	5060	5072	5244	5357
5043	5046	5053	5055	5058	5061	5073	5175	5358
5039	5046	5053	5056	5058	5060	5087	5149	5359
5039	5052	5054	5055	5058	5061	5104	5204	5360
5040	5048	5054	5055	5059	5061	5085	5202	5361
5045	5049	5054	5056	5058	5061	5070	5150	5362
5042	5049	5054	5056	5058	5060	5075	5159	5363
5041	5046	5053	5055	5058	5065	5093	5177	5364
5041	5051	5054	5055	5058	5065	5069	5149	5365
5044	5047	5053	5056	5058	5061	5088	5190	5366
5041	5048	5054	5055	5059	5063	5072	5153	5367
5043	5046	5053	5055	5058	5061	5081	5210	5368
5039	5052	5054	5055	5058	5061	5086	5216	5369
5040	5049	5054	5055	5058	5061	5093	5177	5370
5039	5050	5054	5055	5058	5065	5074	5149	5371
5040	5051	5054	5055	5058	5061	5077	5195	5372
5040	5048	5054	5055	5058	5060	5136	5149	5373
5041	5049	5054	5055	5058	5061	5085	5273	5374
5043	5049	5054	5055	5058	5061	5088	5271	5375
5044	5048	5054	5057	5058	5063	5069	5149	5376
5040	5046	5053	5055	5058	5061	5085	5230	5377
5040	5051	5054	5055	5058	5060	5100	5192	5378
5043	5048	5054	5056	5058	5063	5070	5149	5379
5044	5049	5054	5057	5058	5061	5070	5150	5380
5041	5050	5054	5056	5058	5060	5071	5152	5381
5042	5047	5053	5055	5058	5060	5076	5205	5382
5039	5052	5054	5055	5058	5063	5072	5244	5383
5039	5046	5053	5056	5058	5061	5069	5149	5384
5044	5046	5053	5055	5058	5061	5073	5156	5385
5044	5049	5054	5055	5058	5060	5088	5268	5386
5040	5048	5054	5055	5058	5064	5072	5149	5387
5041	5047	5053	5055	5058	5060	5086	5211	5388
5042	5052	5053	5057	5058	5062	5071	5152	5389
5041	5046	5053	5056	5058	5061	5069	5235	5390
5039	5046	5053	5056	5058	5060	5079	5176	5391
5040	5052	5054	5055	5058	5061	5107	5213	5392
5041	5048	5054	5055	5059	5061	5108	5214	5393
5039	5052	5054	5055	5058	5060	5096	5181	5394
5044	5049	5054	5055	5058	5063	5124	5149	5395
5042	5048	5054	5055	5058	5061	5075	5149	5396
5040	5049	5054	5055	5058	5062	5116	5234	5397
5045	5050	5054	5055	5058	5061	5089	5170	5398
5043	5052	5054	5055	5058	5060	5076	5205	5399
5042	5047	5053	5055	5058	5061	5069	5149	5400
5043	5046	5053	5056	5058	5062	5102	5149	5401
5039	5048	5054	5055	5058	5061	5069	5185	5402
5045	5050	5054	5055	5059	5062	5087	5222	5403
5040	5049	5054	5055	5058	5063	5073	5149	5404
5041	5049	5054	5056	5059	5061	5075	5159	5405
5042	5051	5054	5055	5058	5061	5075	5159	5406
5042	5052	5053	5056	5058	5061	5073	5218	5407
5041	5047	5053	5055	5058	5061	5069	5182	5408
5040	5051	5054	5055	5058	5064	5090	5149	5409
5043	5052	5054	5055	5058	5062	5086	5211	5410
5039	5046	5053	5055	5058	5060	5070	5149	5411
5044	5052	5054	5057	5059	5060	5098	5186	5412
5041	5050	5054	5055	5058	5061	5086	5216	5413
5045	5048	5054	5055	5058	5061	5086	5211	5414
5044	5047	5053	5056	5058	5063	5073	5249	5415
5041	5047	5053	5056	5058	5061	5075	5203	5416
5040	5050	5054	5055	5058	5062	5075	5149	5417
5045	5052	5054	5055	5058	5061	5121	5260	5418
5041	5050	5054	5056	5058	5065	5112	5362	5419
5041	5048	5054	5055	5058	5061	5120	5280	5420
5039	5048	5054	5056	5058	5063	5069	5151	5421
5041	5049	5054	5055	5058	5063	5072	5244	5422
5041	5048	5054	5055	5058	5060	5098	5186	5423
5041	5049	5054	5056	5058	5062	5069	5149	5424
5044	5048	5054	5055	5058	5062	5070	5150	5425
5039	5052	5054	5055	5058	5062	5075	5223	5426
5039	5050	5054	5055	5058	5062	5085	5202	5427
5041	5047	5053	5055	5059	5064	5088	5190	5428
5039	5047	5053	5055	5058	5061	5085	5169	5429
5042	5052	5053	5055	5058	5061	5077	5155	5430
5043	5052	5054	5055	5058	5061	5087	5222	5431
5041	5050	5054	5055	5058	5061	5086	5211	5432
5044	5047	5053	5055	5058	5061	5071	5152	5433
5045	5051	5054	5055	5059	5061	5069	5149	5434
5039	5052	5054	5056	5058	5061	5069	5151	5435
5044	5049	5054	5056	5058	5061	5069	5209	5436
5044	5047	5053	5055	5059	5061	5073	5156	5437
5044	5049	5054	5055	5058	5061	5088	5317	5438
5044	5050	5054	5055	5059	5062	5074	5149	5439
5039	5047	5053	5056	5058	5063	5073	5183	5440
5040	5049	5054	5055	5058	5065	5087	5259	5441
5042	5050	5054	5055	5058	5064	5069	5227	5442
5039	5051	5054	5055	5058	5061	5093	5177	5443
5040	5051	5054	5055	5058	5060	5085	5149	5444
5043	5046	5053	5055	5058	5061	5075	5167	5445
5039	5046	5053	5055	5058	5060	5116	5234	5446
5041	5051	5054	5056	5058	5061	5081	5149	5447
5043	5046	5053	5056	5059	5063	5073	5156	5448
5042	5047	5053	5056	5058	5061	5075	5149	5449
5044	5049	5054	5055	5058	5061	5070	5166	5450
5039	5049	5054	5055	5058	5062	5073	5149	5451
5040	5051	5054	5055	5058	5060	5075	5149	5452
5045	5048	5054	5055	5059	5060	5070	5150	5453
5041	5049	5054	5055	5058	5061	5081	5149	5454
5042	5050	5054	5055	5058	5061	5072	5294	5455
5045	5051	5054	5056	5058	5061	5079	5176	5456
5039	5051	5054	5055	5058	5064	5075	5159	5457
5044	5048	5054	5055	5058	5061	5070	5154	5458
5043	5048	5054	5055	5058	5063	5069	5172	5459
5040	5050	5054	5057	5059	5061	5070	5150	5460
5039	5047	5053	5056	5058	5061	5075	5238	5461
5041	5049	5054	5055	5059	5060	5087	5149	5462
5043	5046	5053	5055	5058	5061	5116	5234	5463
5041	5049	5054	5055	5058	5062	5070	5154	5464
5041	5050	5054	5055	5058	5060	5069	5162	5465
5042	5049	5054	5055	5058	5060	5069	5179	5466
5041	5046	5053	5056	5058	5062	5070	5150	5467
5045	5051	5054	5055	5058	5061	5069	5209	5468
5040	5046	5053	5055	5059	5061	5069	5179	5469
5041	5048	5054	5055	5058	5060	5121	5260	5470
5041	5052	5053	5055	5059	5061	5108	5214	5471
5041	5047	5053	5055	5059	5061	5077	5155	5472
5044	5050	5054	5055	5058	5062	5073	5183	5473
5041	5046	5053	5056	5058	5061	5070	5154	5474
5044	5049	5054	5055	5059	5061	5077	5155	5475
5042	5048	5054	5055	5058	5060	5075	5159	5476
5039	5047	5053	5055	5058	5062	5069	5180	5477
5039	5046	5053	5055	5058	5060	5079	5149	5478
5043	5049	5054	5055	5058	5067	5069	5281	5479
5039	5047	5053	5056	5058	5061	5070	5154	5480
5044	5048	5054	5055	5058	5065	5078	5149	5481
5045	5049	5054	5056	5058	5062	5070	5154	5482
5043	5047	5053	5055	5058	5065	5107	5213	5483
5043	5049	5054	5056	5058	5064	5075	5159	5484
5041	5052	5053	5055	5058	5061	5070	5243	5485
5044	5052	5054	5055	5058	5060	5070	5149	5486
5040	5049	5054	5055	5058	5060	5087	5222	5487
5042	5046	5053	5055	5058	5062	5070	5150	5488
5040	5049	5054	5055	5058	5063	5073	5249	5489
5039	5050	5054	5056	5058	5060	5115	5233	5490
5039	5052	5054	5055	5058	5060	5120	5253	5491
5044	5050	5054	5055	5058	5064	5070	5154	5492
5041	5050	5054	5055	5058	5061	5118	5149	5493
5040	5049	5054	5055	5058	5061	5078	5165	5494
5040	5051	5054	5055	5058	5060	5075	5167	5495
5043	5047	5053	5055	5058	5064	5112	5149	5496
5045	5046	5053	5055	5058	5060	5070	5154	5497
5040	5050	5054	5055	5058	5060	5069	5247	5498
5045	5047	5053	5055	5058	5061	5069	5246	5499
5044	5050	5054	5055	5058	5061	5088	5149	5500
5040	5046	5053	5057	5058	5060	5069	5179	5501
5044	5047	5053	5055	5059	5065	5106	5212	5502
5043	5050	5054	5055	5058	5063	5073	5175	5503
5044	5048	5054	5057	5058	5064	5069	5149	5504
5044	5052	5054	5055	5058	5060	5079	5176	5505
5040	5050	5054	5055	5058	5061	5093	5177	5506
5044	5049	5054	5055	5058	5064	5069	5179	5507
5041	5048	5054	5056	5058	5061	5072	5149	5508
5042	5050	5054	5055	5058	5062	5081	5149	5509
5039	5050	5054	5056	5058	5061	5069	5240	5510
5040	5047	5053	5055	5058	5064	5069	5151	5511
5039	5052	5054	5055	5058	5061	5072	5294	5512
5044	5049	5054	5055	5059	5061	5070	5149	5513
5041	5050	5054	5055	5058	5060	5123	5277	5514
5040	5047	5053	5055	5059	5062	5070	5173	5515
5044	5049	5054	5055	5058	5060	5069	5179	5516
5040	5048	5054	5055	5059	5060	5077	5149	5517
5040	5050	5054	5055	5058	5060	5090	5149	5518
5039	5049	5054	5055	5058	5061	5072	5244	5519
5040	5052	5054	5055	5058	5065	5087	5191	5520
5039	5052	5054	5055	5058	5061	5084	5232	5521
5041	5051	5054	5055	5058	5061	5089	5170	5522
5044	5049	5054	5056	5058	5063	5069	5209	5523
5039	5047	5053	5056	5058	5064	5069	5172	5524
5040	5052	5054	5055	5059	5061	5073	5156	5525
5040	5051	5054	5057	5058	5061	5070	5150	5526
5040	5052	5054	5056	5058	5062	5069	5149	5527
5041	5048	5054	5056	5058	5060	5070	5150	5528
5041	5049	5054	5055	5058	5062	5102	5149	5529
5040	5048	5054	5056	5058	5065	5073	5218	5530
5041	5052	5053	5055	5059	5061	5070	5154	5531
5042	5048	5054	5057	5058	5060	5073	5183	5532
5039	5050	5054	5057	5058	5061	5069	5240	5533
5041	5047	5053	5055	5058	5063	5075	5203	5534
5041	5051	5054	5055	5058	5060	5069	5185	5535
5039	5052	5054	5055	5058	5062	5108	5214	5536
5039	5049	5054	5055	5058	5064	5072	5244	5537
5041	5050	5054	5055	5059	5061	5075	5149	5538
5039	5050	5054	5055	5058	5061	5080	5149	5539
5041	5050	5054	5056	5058	5061	5070	5164	5540
5044	5046	5053	5055	5058	5064	5069	5179	5541
5040	5048	5054	5055	5058	5061	5090	5149	5542
5041	5052	5053	5056	5058	5063	5073	5175	5543
5039	5049	5054	5055	5058	5061	5069	5207	5544
5042	5047	5053	5055	5059	5061	5073	5156	5545
5039	5050	5054	5056	5058	5060	5087	5149	5546
5044	5052	5054	5056	5058	5064	5092	5149	5547
5042	5047	5053	5055	5058	5062	5097	5221	5548
5042	5052	5053	5056	5058	5061	5070	5149	5549
5040	5050	5054	5055	5058	5065	5075	5149	5550
5040	5048	5054	5055	5059	5067	5088	5299	5551
5040	5051	5054	5056	5058	5060	5099	5188	5552
5041	5046	5053	5055	5058	5061	5086	5149	5553
5043	5049	5054	5055	5058	5060	5093	5177	5554
5043	5052	5054	5055	5058	5060	5069	5172	5555
5044	5048	5054	5057	5058	5061	5073	5183	5556
5045	5046	5053	5056	5058	5062	5090	5149	5557
5039	5051	5054	5055	5058	5060	5069	5247	5558
5039	5052	5054	5055	5058	5061	5069	5162	5559
5039	5050	5054	5055	5058	5060	5121	5255	5560
5040	5047	5053	5055	5058	5064	5107	5213	5561
5041	5049	5054	5055	5058	5060	5093	5177	5562
5040	5050	5054	5056	5058	5064	5099	5188	5563
5042	5050	5054	5055	5059	5066	5073	5149	5564
5040	5052	5054	5055	5058	5062	5120	5253	5565
5041	5046	5053	5055	5058	5062	5070	5150	5566
5039	5048	5054	5055	5058	5063	5085	5201	5567
5043	5046	5053	5056	5059	5062	5088	5190	5568
5041	5046	5053	5055	5058	5062	5075	5149	5569
5042	5050	5054	5055	5058	5061	5080	5174	5570
5042	5052	5053	5056	5058	5064	5070	5149	5571
5043	5049	5054	5055	5058	5061	5095	5149	5572
5043	5050	5054	5055	5058	5062	5069	5162	5573
5045	5052	5054	5055	5058	5066	5095	5149	5574
5043	5048	5054	5057	5058	5061	5116	5349	5575
5043	5047	5053	5055	5058	5061	5070	5154	5576
5040	5047	5053	5055	5058	5061	5069	5158	5577
5039	5049	5054	5055	5058	5061	5079	5149	5578
5040	5052	5054	5055	5058	5062	5070	5150	5579
5041	5046	5053	5055	5059	5063	5077	5155	5580
5043	5050	5054	5055	5058	5060	5073	5157	5581
5043	5050	5054	5055	5058	5061	5069	5185	5582
5042	5050	5054	5055	5058	5062	5075	5149	5583
5040	5047	5053	5056	5058	5061	5075	5149	5584
5040	5050	5054	5055	5058	5063	5069	5207	5585
5040	5050	5054	5057	5058	5060	5071	5152	5586
5041	5049	5054	5055	5058	5060	5118	5149	5587
5041	5049	5054	5055	5058	5061	5092	5149	5588
5043	5052	5054	5055	5059	5063	5084	5160	5589
5040	5046	5053	5055	5059	5060	5077	5155	5590
5039	5050	5054	5055	5058	5062	5080	5174	5591
5044	5052	5054	5055	5058	5062	5070	5154	5592
5041	5047	5053	5056	5058	5061	5070	5149	5593
5042	5046	5053	5055	5058	5061	5070	5166	5594
5041	5050	5054	5055	5058	5062	5087	5237	5595
5044	5050	5054	5055	5058	5060	5075	5159	5596
5039	5049	5054	5057	5058	5061	5086	5216	5597
5040	5050	5054	5055	5058	5064	5069	5227	5598
5043	5052	5054	5055	5058	5061	5069	5185	5599
5039	5049	5054	5057	5058	5065	5087	5191	5600
5041	5050	5054	5056	5058	5063	5070	5149	5601
5041	5051	5054	5055	5058	5061	5085	5220	5602
5044	5049	5054	5055	5058	5061	5104	5204	5603
5039	5046	5053	5055	5058	5064	5078	5149	5604
5040	5052	5054	5055	5058	5063	5073	5149	5605
5041	5052	5053	5055	5058	5061	5069	5158	5606
5041	5047	5053	5056	5058	5060	5069	5149	5607
5041	5046	5053	5055	5058	5064	5070	5149	5608
5044	5048	5054	5055	5058	5060	5069	5207	5609
5041	5050	5054	5055	5058	5064	5093	5177	5610
5040	5049	5054	5057	5058	5064	5071	5152	5611
5040	5052	5054	5055	5058	5063	5078	5165	5612
5040	5047	5053	5055	5058	5060	5083	5149	5613
5043	5046	5053	5056	5058	5060	5073	5183	5614
5039	5049	5054	5055	5058	5061	5085	5149	5615
5040	5049	5054	5057	5058	5060	5069	5149	5616
5040	5049	5054	5055	5058	5061	5075	5203	5617
5044	5048	5054	5057	5059	5061	5070	5150	5618
5040	5051	5054	5056	5058	5060	5087	5149	5619
5042	5048	5054	5056	5058	5061	5088	5190	5620
5044	5052	5054	5056	5058	5060	5073	5149	5621
5039	5048	5054	5055	5058	5061	5090	5149	5622
5041	5050	5054	5057	5058	5062	5087	5191	5623
5045	5049	5054	5055	5058	5063	5079	5149	5624
5042	5052	5053	5055	5058	5061	5086	5211	5625
5043	5046	5053	5055	5058	5061	5075	5290	5626
5044	5050	5054	5057	5058	5061	5071	5152	5627
5041	5050	5054	5057	5058	5060	5080	5174	5628
5040	5050	5054	5055	5058	5061	5084	5232	5629
5043	5046	5053	5055	5058	5061	5106	5212	5630
5039	5049	5054	5055	5058	5061	5069	5162	5631
5045	5046	5053	5055	5058	5060	5110	5149	5632
5045	5050	5054	5055	5058	5060	5088	5168	5633
5042	5047	5053	5056	5058	5060	5079	5176	5634
5039	5048	5054	5056	5058	5060	5124	5149	5635
5041	5046	5053	5055	5058	5061	5086	5216	5636
5040	5051	5054	5056	5058	5060	5079	5176	5637
5043	5047	5053	5055	5059	5061	5069	5179	5638
5041	5051	5054	5055	5058	5063	5075	5149	5639
5040	5050	5054	5055	5058	5064	5075	5149	5640
5043	5050	5054	5055	5058	5060	5100	5149	5641
5040	5047	5053	5055	5058	5060	5085	5220	5642
5041	5048	5054	5055	5059	5066	5069	5149	5643
5041	5046	5053	5055	5058	5060	5069	5162	5644
5039	5049	5054	5055	5058	5060	5085	5230	5645
5043	5051	5054	5056	5058	5061	5073	5156	5646
5039	5049	5054	5055	5058	5062	5090	5149	5647
5043	5048	5054	5055	5058	5060	5100	5149	5648
5040	5051	5054	5055	5058	5062	5075	5203	5649
5039	5052	5054	5055	5058	5062	5069	5179	5650
5042	5047	5053	5055	5058	5065	5073	5149	5651
5041	5050	5054	5055	5058	5060	5083	5149	5652
5041	5047	5053	5056	5058	5060	5091	5171	5653
5044	5046	5053	5055	5058	5060	5073	5157	5654
5042	5051	5054	5055	5058	5061	5085	5149	5655
5039	5048	5054	5055	5058	5062	5120	5280	5656
5042	5046	5053	5055	5059	5061	5086	5211	5657
5039	5051	5054	5055	5058	5061	5100	5192	5658
5043	5051	5054	5056	5058	5060	5090	5149	5659
5044	5046	5053	5055	5058	5061	5108	5214	5660
5045	5048	5054	5055	5058	5061	5075	5199	5661
5039	5051	5054	5057	5058	5061	5080	5174	5662
5043	5052	5054	5055	5058	5060	5111	5219	5663
5040	5047	5053	5055	5058	5060	5080	5149	5664
5041	5050	5054	5056	5058	5061	5069	5235	5665
5044	5051	5054	5055	5058	5061	5075	5238	5666
5044	5052	5054	5055	5058	5061	5085	5169	5667
5043	5051	5054	5056	5059	5062	5075	5159	5668
5039	5052	5054	5055	5058	5061	5085	5202	5669
5040	5050	5054	5055	5058	5065	5092	5149	5670
5039	5048	5054	5057	5058	5064	5075	5159	5671
5044	5051	5054	5056	5058	5061	5069	5172	5672
5044	5048	5054	5055	5058	5060	5070	5154	5673
5039	5048	5054	5055	5059	5060	5085	5201	5674
5043	5052	5054	5055	5059	5062	5074	5149	5675
5039	5052	5054	5057	5058	5061	5069	5149	5676
5044	5052	5054	5055	5058	5061	5089	5170	5677
5040	5049	5054	5057	5058	5064	5069	5179	5678
5040	5049	5054	5056	5058	5061	5069	5172	5679
5044	5052	5054	5055	5058	5061	5088	5226	5680
5041	5050	5054	5056	5058	5060	5069	5163	5681
5044	5050	5054	5055	5058	5060	5073	5157	5682
5045	5052	5054	5056	5058	5062	5086	5216	5683
5040	5046	5053	5055	5058	5060	5070	5154	5684
5040	5052	5054	5055	5058	5065	5070	5154	5685
5040	5050	5054	5055	5058	5062	5080	5149	5686
5039	5050	5054	5055	5058	5061	5069	5185	5687
5043	5046	5053	5055	5058	5062	5073	5157	5688
5039	5050	5054	5055	5058	5062	5071	5152	5689
5044	5046	5053	5056	5058	5065	5073	5175	5690
5044	5048	5054	5056	5058	5061	5069	5172	5691
5041	5052	5053	5055	5058	5062	5078	5165	5692
5041	5048	5054	5055	5058	5061	5073	5157	5693
5041	5050	5054	5056	5058	5062	5069	5163	5694
5044	5046	5053	5055	5058	5061	5075	5159	5695
5041	5050	5054	5056	5058	5061	5069	5172	5696
5040	5048	5054	5055	5058	5061	5073	5149	5697
5041	5048	5054	5055	5058	5061	5069	5278	5698
5043	5047	5053	5055	5058	5061	5070	5173	5699
5042	5052	5053	5055	5058	5061	5069	5151	5700
5044	5052	5054	5055	5058	5060	5073	5149	5701
5045	5052	5054	5055	5058	5063	5072	5244	5702
5042	5052	5053	5055	5058	5061	5069	5172	5703
5041	5048	5054	5055	5058	5061	5085	5220	5704
5041	5049	5054	5055	5058	5060	5085	5273	5705
5043	5046	5053	5055	5058	5061	5127	5370	5706
5041	5046	5053	5055	5058	5060	5124	5275	5707
5040	5046	5053	5055	5059	5065	5117	5288	5708
5039	5049	5054	5055	5058	5060	5070	5149	5709
5045	5047	5053	5055	5058	5060	5076	5205	5710
5039	5046	5053	5055	5058	5061	5078	5165	5711
5044	5049	5054	5057	5058	5061	5080	5174	5712
5042	5050	5054	5055	5058	5061	5069	5281	5713
5041	5049	5054	5055	5059	5061	5077	5155	5714
5043	5050	5054	5055	5058	5061	5108	5214	5715
5044	5050	5054	5055	5058	5061	5073	5249	5716
5039	5052	5054	5057	5058	5060	5069	5235	5717
5044	5051	5054	5055	5058	5061	5072	5153	5718
5039	5050	5054	5055	5058	5061	5084	5232	5719
5040	5052	5054	5055	5059	5062	5069	5149	5720
5039	5046	5053	5055	5058	5060	5089	5170	5721
5041	5051	5054	5055	5058	5060	5075	5159	5722
5040	5047	5053	5055	5058	5060	5097	5221	5723
5045	5047	5053	5055	5058	5060	5078	5165	5724
5042	5048	5054	5055	5058	5061	5097	5221	5725
5040	5046	5053	5056	5058	5064	5069	5149	5726
5039	5052	5054	5056	5059	5061	5075	5149	5727
5040	5049	5054	5055	5058	5060	5075	5159	5728
5042	5052	5053	5055	5058	5060	5087	5200	5729
5041	5051	5054	5055	5058	5060	5100	5149	5730
5044	5052	5054	5055	5058	5060	5142	5149	5731
5044	5046	5053	5057	5058	5061	5087	5191	5732
5041	5046	5053	5055	5058	5061	5075	5238	5733
5040	5052	5054	5055	5058	5061	5073	5183	5734
5045	5052	5054	5055	5058	5063	5087	5237	5735
5044	5052	5054	5056	5058	5061	5075	5149	5736
5041	5048	5054	5056	5058	5061	5080	5149	5737
5041	5050	5054	5055	5058	5064	5112	5265	5738
5040	5047	5053	5056	5058	5060	5073	5149	5739
5043	5049	5054	5055	5058	5063	5085	5169	5740
5041	5050	5054	5056	5058	5061	5069	5240	5741
5041	5051	5054	5055	5058	5060	5085	5149	5742
5042	5048	5054	5055	5058	5060	5077	5149	5743
5039	5050	5054	5055	5058	5065	5104	5204	5744
5040	5051	5054	5055	5058	5060	5114	5149	5745
5041	5047	5053	5055	5058	5065	5070	5154	5746
5042	5052	5053	5055	5058	5060	5107	5213	5747
5043	5051	5054	5056	5058	5062	5081	5149	5748
5044	5048	5054	5055	5058	5061	5088	5149	5749
5043	5047	5053	5055	5058	5061	5069	5240	5750
5041	5046	5053	5055	5058	5061	5105	5149	5751
5042	5047	5053	5055	5058	5065	5073	5175	5752
5041	5048	5054	5056	5058	5061	5071	5149	5753
5039	5047	5053	5055	5058	5061	5086	5216	5754
5039	5049	5054	5057	5058	5062	5087	5191	5755
5039	5048	5054	5057	5058	5067	5071	5152	5756
5045	5049	5054	5055	5058	5060	5121	5255	5757
5044	5050	5054	5055	5058	5061	5075	5223	5758
5043	5049	5054	5056	5058	5063	5069	5149	5759
5039	5047	5053	5055	5058	5065	5072	5309	5760
5041	5052	5053	5056	5058	5060	5069	5151	5761
5041	5048	5054	5055	5059	5060	5081	5149	5762
5040	5052	5054	5056	5058	5062	5102	5149	5763
5044	5052	5054	5055	5058	5062	5073	5156	5764
5040	5050	5054	5055	5058	5063	5087	5191	5765
5043	5046	5053	5055	5058	5060	5078	5165	5766
5039	5049	5054	5055	5058	5066	5086	5149	5767
5040	5050	5054	5057	5058	5061	5073	5183	5768
5040	5049	5054	5055	5058	5060	5085	5149	5769
5039	5048	5054	5057	5058	5065	5098	5186	5770
5044	5051	5054	5056	5058	5060	5087	5149	5771
5039	5050	5054	5057	5058	5061	5073	5149	5772
5044	5047	5053	5056	5059	5062	5070	5150	5773
5044	5049	5054	5056	5058	5063	5069	5149	5774
5039	5052	5054	5055	5058	5062	5104	5204	5775
5044	5050	5054	5056	5058	5061	5069	5278	5776
5039	5052	5054	5057	5058	5062	5070	5150	5777
5041	5050	5054	5055	5058	5060	5085	5273	5778
5040	5052	5054	5056	5059	5062	5073	5156	5779
5043	5046	5053	5055	5058	5060	5073	5218	5780
5040	5047	5053	5055	5058	5062	5069	5158	5781
5039	5052	5054	5056	5059	5063	5073	5156	5782
5043	5047	5053	5055	5058	5060	5107	5213	5783
5044	5051	5054	5055	5058	5060	5089	5170	5784
5039	5050	5054	5055	5059	5060	5069	5149	5785
5043	5047	5053	5056	5058	5064	5069	5149	5786
5044	5047	5053	5055	5058	5060	5080	5174	5787
5045	5048	5054	5056	5058	5061	5080	5174	5788
5041	5046	5053	5055	5058	5061	5116	5349	5789
5040	5050	5054	5055	5059	5061	5075	5290	5790
5042	5047	5053	5055	5058	5060	5091	5171	5791
5041	5049	5054	5056	5058	5061	5088	5190	5792
5045	5050	5054	5056	5058	5061	5069	5250	5793
5043	5047	5053	5055	5058	5061	5087	5149	5794
5045	5047	5053	5055	5058	5061	5077	5155	5795
5040	5052	5054	5055	5058	5061	5080	5174	5796
5041	5050	5054	5055	5058	5064	5069	5162	5797
5045	5046	5053	5056	5058	5064	5069	5235	5798
5040	5050	5054	5056	5059	5063	5069	5149	5799
5039	5047	5053	5055	5058	5064	5069	5151	5800
5043	5050	5054	5055	5058	5060	5096	5181	5801
5045	5046	5053	5055	5058	5060	5080	5149	5802
5041	5049	5054	5057	5058	5062	5071	5152	5803
5041	5048	5054	5055	5058	5064	5099	5196	5804
5040	5050	5054	5056	5058	5063	5069	5163	5805
5041	5052	5053	5055	5058	5060	5088	5168	5806
5039	5050	5054	5057	5058	5062	5071	5152	5807
5041	5051	5054	5055	5059	5062	5085	5230	5808
5044	5046	5053	5056	5059	5064	5088	5190	5809
5040	5052	5054	5055	5058	5060	5070	5149	5810
5044	5052	5054	5056	5058	5064	5073	5161	5811
5042	5048	5054	5055	5058	5065	5073	5218	5812
5043	5050	5054	5056	5058	5060	5069	5180	5813
5041	5048	5054	5055	5058	5061	5097	5184	5814
5044	5052	5054	5055	5058	5061	5073	5325	5815
5040	5046	5053	5055	5059	5060	5077	5256	5816
5044	5052	5054	5055	5058	5061	5088	5149	5817
5041	5048	5054	5055	5058	5064	5095	5149	5818
5044	5046	5053	5055	5058	5065	5069	5149	5819
5040	5047	5053	5055	5058	5061	5069	5281	5820
5044	5051	5054	5055	5059	5063	5077	5155	5821
5044	5048	5054	5055	5058	5061	5078	5149	5822
5041	5048	5054	5056	5058	5065	5071	5152	5823
5045	5050	5054	5056	5058	5061	5070	5150	5824
5043	5047	5053	5056	5058	5060	5115	5233	5825
5043	5047	5053	5056	5058	5060	5073	5149	5826
5042	5049	5054	5055	5058	5063	5078	5165	5827
5042	5051	5054	5055	5058	5060	5103	5149	5828
5040	5049	5054	5056	5058	5060	5073	5218	5829
5039	5050	5054	5055	5058	5065	5075	5159	5830
5039	5051	5054	5055	5058	5060	5069	5207	5831
5040	5046	5053	5055	5058	5060	5069	5151	5832
5039	5050	5054	5056	5058	5061	5098	5186	5833
5044	5047	5053	5055	5058	5064	5072	5149	5834
5044	5049	5054	5056	5058	5062	5081	5149	5835
5043	5052	5054	5056	5059	5060	5069	5240	5836
5040	5051	5054	5056	5058	5061	5080	5149	5837
5044	5046	5053	5055	5059	5064	5075	5149	5838
5042	5046	5053	5055	5058	5064	5070	5154	5839
5040	5052	5054	5056	5058	5064	5075	5238	5840
5041	5051	5054	5055	5058	5060	5075	5149	5841
5044	5047	5053	5055	5058	5064	5075	5149	5842
5039	5052	5054	5056	5058	5063	5069	5149	5843
5039	5050	5054	5057	5058	5060	5069	5185	5844
5041	5052	5053	5056	5058	5060	5070	5150	5845
5039	5051	5054	5055	5058	5061	5088	5149	5846
5040	5050	5054	5055	5058	5061	5140	5347	5847
5040	5049	5054	5055	5058	5060	5079	5176	5848
5040	5049	5054	5055	5058	5060	5069	5158	5849
5041	5048	5054	5056	5058	5062	5087	5149	5850
5044	5049	5054	5056	5058	5065	5088	5190	5851
5043	5047	5053	5055	5058	5060	5069	5172	5852
5041	5050	5054	5055	5058	5060	5070	5150	5853
5041	5046	5053	5055	5059	5060	5069	5179	5854
5043	5048	5054	5055	5059	5060	5121	5260	5855
5043	5050	5054	5055	5058	5061	5075	5203	5856
5039	5052	5054	5055	5058	5065	5095	5149	5857
5039	5046	5053	5055	5058	5061	5070	5243	5858
5041	5052	5053	5055	5058	5062	5079	5149	5859
5040	5052	5054	5056	5058	5061	5073	5249	5860
5044	5047	5053	5055	5058	5060	5073	5157	5861
5041	5046	5053	5055	5058	5061	5108	5214	5862
5040	5048	5054	5055	5058	5060	5073	5218	5863
5041	5048	5054	5056	5058	5064	5069	5149	5864
5042	5046	5053	5055	5058	5061	5069	5252	5865
5039	5049	5054	5055	5058	5065	5073	5149	5866
5043	5046	5053	5056	5058	5061	5088	5149	5867
5039	5048	5054	5055	5058	5060	5087	5149	5868
5043	5051	5054	5055	5058	5062	5077	5155	5869
5041	5046	5053	5057	5058	5061	5073	5175	5870
5041	5046	5053	5056	5059	5064	5069	5235	5871
5044	5048	5054	5055	5059	5061	5108	5214	5872
5040	5047	5053	5056	5058	5065	5073	5157	5873
5039	5046	5053	5055	5058	5063	5069	5149	5874
5044	5046	5053	5055	5058	5062	5090	5149	5875
5042	5050	5054	5055	5058	5060	5088	5149	5876
5041	5049	5054	5055	5058	5061	5069	5162	5877
5041	5047	5053	5056	5058	5061	5073	5183	5878
5043	5046	5053	5056	5058	5061	5086	5149	5879
5041	5052	5053	5055	5058	5060	5073	5149	5880
5039	5052	5054	5056	5058	5061	5116	5234	5881
5045	5051	5054	5055	5058	5061	5077	5155	5882
5042	5050	5054	5055	5058	5061	5070	5243	5883
5040	5052	5054	5056	5058	5060	5080	5149	5884
5045	5051	5054	5055	5058	5061	5088	5149	5885
5040	5049	5054	5057	5058	5062	5115	5233	5886
5045	5048	5054	5055	5058	5062	5078	5149	5887
5044	5047	5053	5056	5059	5066	5075	5245	5888
5041	5047	5053	5055	5058	5060	5073	5157	5889
5045	5050	5054	5055	5058	5063	5069	5180	5890
5039	5047	5053	5055	5058	5063	5070	5243	5891
5040	5046	5053	5055	5058	5060	5093	5177	5892
5041	5052	5053	5056	5058	5062	5070	5150	5893
5044	5052	5054	5056	5058	5061	5070	5149	5894
5041	5049	5054	5055	5058	5063	5107	5213	5895
5041	5048	5054	5055	5058	5060	5069	5172	5896
5044	5047	5053	5055	5058	5060	5080	5149	5897
5045	5052	5054	5055	5058	5064	5107	5213	5898
5044	5047	5053	5056	5058	5060	5069	5172	5899
5044	5048	5054	5055	5058	5062	5070	5149	5900
5041	5050	5054	5055	5059	5064	5135	5149	5901
5040	5050	5054	5055	5059	5060	5069	5231	5902
5040	5052	5054	5055	5058	5061	5086	5211	5903
5045	5051	5054	5055	5058	5061	5069	5252	5904
5043	5050	5054	5055	5058	5060	5076	5205	5905
5045	5051	5054	5055	5058	5061	5069	5149	5906
5042	5050	5054	5057	5058	5060	5085	5201	5907
5041	5049	5054	5055	5058	5061	5070	5243	5908
5041	5048	5054	5056	5059	5061	5075	5149	5909
5040	5051	5054	5057	5058	5063	5070	5150	5910
5040	5051	5054	5055	5058	5060	5113	5229	5911
5040	5050	5054	5055	5058	5064	5093	5177	5912
5043	5051	5054	5055	5059	5060	5070	5166	5913
5040	5050	5054	5055	5059	5060	5069	5149	5914
5044	5048	5054	5057	5059	5061	5086	5216	5915
5044	5048	5054	5055	5058	5061	5069	5151	5916
5044	5048	5054	5057	5058	5060	5070	5149	5917
5044	5046	5053	5055	5058	5061	5069	5172	5918
5045	5050	5054	5055	5058	5060	5087	5222	5919
5040	5046	5053	5055	5058	5061	5069	5240	5920
5040	5049	5054	5055	5058	5060	5073	5157	5921
5044	5047	5053	5055	5059	5064	5075	5199	5922
5041	5049	5054	5055	5058	5060	5076	5205	5923
5040	5052	5054	5056	5058	5060	5115	5233	5924
5041	5050	5054	5056	5058	5060	5080	5149	5925
5040	5051	5054	5055	5058	5061	5090	5149	5926
5043	5046	5053	5057	5058	5065	5073	5175	5927
5044	5048	5054	5055	5058	5063	5073	5149	5928
5044	5052	5054	5055	5058	5064	5107	5213	5929
5041	5047	5053	5055	5058	5061	5121	5255	5930
5044	5048	5054	5055	5058	5060	5075	5203	5931
5042	5049	5054	5055	5058	5060	5069	5342	5932
5041	5050	5054	5056	5058	5060	5099	5188	5933
5045	5052	5054	5055	5058	5060	5070	5154	5934
5042	5047	5053	5056	5058	5061	5079	5176	5935
5041	5050	5054	5055	5058	5060	5069	5248	5936
5039	5046	5053	5055	5058	5061	5070	5166	5937
5039	5051	5054	5055	5058	5061	5069	5185	5938
5039	5051	5054	5055	5058	5061	5069	5162	5939
5040	5046	5053	5055	5059	5061	5070	5149	5940
5041	5046	5053	5055	5058	5061	5090	5149	5941
5044	5049	5054	5055	5058	5065	5074	5149	5942
5039	5046	5053	5055	5059	5060	5072	5153	5943
5039	5051	5054	5055	5058	5060	5069	5252	5944
5044	5049	5054	5055	5058	5061	5085	5230	5945
5040	5050	5054	5055	5058	5064	5112	5225	5946
5043	5049	5054	5056	5058	5061	5073	5249	5947
5045	5052	5054	5056	5058	5060	5069	5149	5948
5039	5052	5054	5055	5058	5061	5107	5213	5949
5042	5052	5053	5056	5058	5060	5069	5172	5950
5043	5048	5054	5055	5058	5061	5112	5225	5951
5045	5046	5053	5057	5058	5060	5080	5149	5952
5044	5051	5054	5055	5058	5063	5079	5149	5953
5039	5049	5054	5055	5058	5063	5069	5151	5954
5040	5047	5053	5055	5058	5060	5075	5203	5955
5045	5048	5054	5055	5058	5061	5078	5149	5956
5043	5050	5054	5055	5058	5062	5112	5225	5957
5041	5049	5054	5055	5058	5061	5069	5306	5958
5044	5050	5054	5057	5058	5061	5088	5149	5959
5041	5046	5053	5055	5058	5060	5089	5170	5960
5042	5047	5053	5055	5058	5061	5120	5253	5961
5041	5046	5053	5056	5058	5061	5069	5179	5962
5041	5052	5053	5055	5059	5063	5073	5156	5963
5040	5047	5053	5055	5058	5060	5085	5149	5964
5044	5047	5053	5055	5058	5060	5076	5205	5965
5045	5052	5054	5055	5058	5061	5075	5159	5966
5044	5049	5054	5055	5059	5060	5070	5154	5967
5040	5050	5054	5055	5058	5061	5075	5238	5968
5039	5050	5054	5055	5058	5061	5093	5177	5969
5041	5052	5053	5056	5058	5061	5069	5235	5970
5039	5048	5054	5056	5058	5060	5075	5149	5971
5040	5050	5054	5055	5058	5065	5112	5225	5972
5043	5050	5054	5056	5059	5060	5069	5149	5973
5041	5049	5054	5056	5058	5064	5075	5159	5974
5040	5049	5054	5055	5058	5061	5069	5207	5975
5042	5051	5054	5055	5058	5061	5100	5192	5976
5039	5047	5053	5055	5058	5064	5069	5149	5977
5043	5051	5054	5055	5058	5061	5084	5160	5978
5043	5047	5053	5056	5058	5061	5070	5154	5979
5041	5050	5054	5056	5058	5066	5075	5149	5980
5039	5049	5054	5057	5058	5061	5078	5165	5981
5042	5050	5054	5055	5058	5064	5116	5234	5982
5042	5048	5054	5056	5058	5060	5073	5149	5983
5044	5051	5054	5055	5058	5061	5093	5177	5984
5041	5047	5053	5056	5058	5060	5070	5150	5985
5044	5050	5054	5056	5058	5061	5070	5149	5986
5040	5050	5054	5055	5058	5061	5104	5204	5987
5039	5046	5053	5055	5058	5061	5069	5246	5988
5041	5048	5054	5055	5058	5060	5121	5255	5989
5041	5046	5053	5055	5058	5060	5073	5161	5990
5042	5046	5053	5055	5058	5060	5073	5157	5991
5040	5048	5054	5057	5058	5061	5070	5149	5992
5043	5049	5054	5055	5059	5060	5086	5149	5993
5040	5049	5054	5055	5058	5060	5097	5221	5994
5039	5047	5053	5056	5058	5060	5073	5183	5995
5044	5047	5053	5055	5058	5061	5087	5222	5996
5042	5051	5054	5057	5058	5061	5069	5162	5997
5044	5049	5054	5056	5058	5064	5069	5149	5998
5043	5046	5053	5055	5058	5060	5069	5151	5999
5042	5051	5054	5055	5058	5060	5077	5256	6000
5042	5052	5053	5056	5058	5061	5080	5149	6001
5040	5052	5054	5055	5058	5060	5088	5270	6002
5043	5049	5054	5056	5059	5060	5087	5259	6003
5041	5046	5053	5055	5058	5066	5070	5149	6004
5040	5049	5054	5055	5059	5061	5075	5159	6005
5040	5046	5053	5055	5058	5060	5085	5323	6006
5044	5052	5054	5055	5058	5062	5120	5253	6007
5043	5049	5054	5055	5058	5063	5069	5149	6008
5042	5051	5054	5055	5058	5061	5085	5323	6009
5045	5048	5054	5056	5058	5061	5069	5149	6010
5040	5048	5054	5055	5058	5061	5073	5249	6011
5044	5052	5054	5055	5058	5060	5086	5211	6012
5042	5049	5054	5055	5058	5062	5090	5149	6013
5045	5046	5053	5055	5058	5060	5075	5223	6014
5044	5046	5053	5056	5058	5063	5073	5175	6015
5039	5052	5054	5057	5058	5061	5075	5149	6016
5044	5052	5054	5055	5058	5061	5080	5174	6017
5041	5051	5054	5055	5058	5066	5095	5149	6018
5039	5051	5054	5057	5058	5061	5069	5149	6019
5044	5050	5054	5055	5058	5062	5121	5255	6020
5040	5051	5054	5055	5058	5060	5069	5172	6021
5040	5052	5054	5055	5058	5060	5073	5161	6022
5043	5052	5054	5056	5058	5063	5081	5149	6023
5040	5049	5054	5055	5058	5063	5107	5213	6024
5040	5046	5053	5055	5058	5060	5075	5238	6025
5040	5052	5054	5055	5058	5061	5069	5235	6026
5043	5048	5054	5055	5058	5062	5085	5169	6027
5041	5051	5054	5055	5058	5061	5070	5243	6028
5041	5050	5054	5055	5058	5061	5090	5149	6029
5040	5046	5053	5056	5058	5060	5090	5149	6030
5044	5046	5053	5055	5058	5061	5095	5345	6031
5039	5050	5054	5056	5058	5061	5073	5157	6032
5040	5047	5053	5055	5058	5060	5088	5168	6033
5039	5047	5053	5056	5058	5060	5070	5149	6034
5045	5051	5054	5055	5058	5060	5069	5252	6035
5040	5050	5054	5055	5058	5060	5084	5232	6036
5040	5051	5054	5055	5058	5060	5084	5232	6037
5044	5049	5054	5057	5058	5061	5069	5240	6038
5042	5046	5053	5055	5058	5064	5073	5157	6039
5041	5049	5054	5055	5058	5061	5099	5189	6040
5044	5051	5054	5055	5059	5061	5069	5149	6041
5040	5048	5054	5055	5058	5060	5084	5160	6042
5041	5049	5054	5055	5058	5064	5073	5183	6043
5043	5046	5053	5056	5058	5061	5075	5238	6044
5039	5052	5054	5056	5059	5061	5073	5156	6045
5040	5049	5054	5055	5058	5061	5112	5225	6046
5044	5048	5054	5055	5058	5061	5080	5149	6047
5039	5048	5054	5055	5058	5063	5075	5149	6048
5040	5048	5054	5056	5058	5060	5115	5233	6049
5043	5046	5053	5056	5058	5060	5073	5149	6050
5040	5047	5053	5056	5058	5061	5080	5174	6051
5039	5047	5053	5055	5059	5060	5085	5169	6052
5043	5052	5054	5055	5058	5061	5075	5199	6053
5040	5049	5054	5056	5058	5061	5106	5212	6054
5041	5050	5054	5056	5058	5064	5069	5149	6055
5042	5049	5054	5055	5058	5061	5107	5213	6056
5039	5051	5054	5056	5058	5061	5069	5149	6057
5043	5051	5054	5056	5058	5065	5073	5218	6058
5039	5052	5054	5055	5058	5061	5099	5189	6059
5041	5047	5053	5055	5058	5061	5078	5149	6060
5041	5046	5053	5055	5058	5061	5070	5166	6061
5040	5052	5054	5056	5058	5064	5069	5172	6062
5040	5051	5054	5055	5058	5060	5070	5166	6063
5040	5052	5054	5057	5058	5061	5098	5186	6064
5041	5046	5053	5056	5058	5064	5069	5149	6065
5040	5052	5054	5055	5058	5063	5087	5200	6066
5040	5050	5054	5055	5058	5060	5072	5153	6067
5040	5052	5054	5057	5058	5060	5075	5159	6068
5039	5049	5054	5057	5058	5061	5071	5152	6069
5044	5047	5053	5055	5058	5061	5089	5170	6070
5040	5049	5054	5055	5058	5060	5102	5274	6071
5040	5051	5054	5055	5058	5061	5085	5230	6072
5040	5050	5054	5057	5059	5061	5069	5235	6073
5039	5051	5054	5055	5058	5064	5069	5151	6074
5041	5046	5053	5055	5058	5061	5073	5249	6075
5040	5050	5054	5056	5058	5061	5073	5183	6076
5044	5051	5054	5055	5058	5060	5075	5159	6077
5041	5051	5054	5055	5058	5060	5106	5212	6078
5044	5050	5054	5057	5058	5060	5070	5150	6079
5044	5046	5053	5055	5058	5062	5083	5149	6080
5041	5047	5053	5055	5058	5060	5073	5149	6081
5042	5050	5054	5055	5058	5060	5103	5149	6082
5044	5049	5054	5055	5058	5062	5080	5149	6083
5042	5048	5054	5056	5058	5060	5069	5172	6084
5042	5046	5053	5055	5058	5064	5093	5177	6085
5040	5047	5053	5056	5058	5062	5070	5149	6086
5043	5052	5054	5055	5059	5060	5069	5149	6087
5045	5046	5053	5055	5058	5063	5077	5155	6088
5044	5051	5054	5057	5058	5065	5069	5149	6089
5040	5052	5054	5055	5058	5062	5076	5205	6090
5039	5046	5053	5056	5058	5061	5073	5249	6091
5041	5049	5054	5055	5058	5060	5124	5275	6092
5040	5050	5054	5055	5058	5061	5073	5161	6093
5044	5049	5054	5055	5058	5061	5069	5162	6094
5044	5046	5053	5055	5058	5061	5069	5180	6095
5044	5047	5053	5056	5058	5063	5073	5183	6096
5041	5052	5053	5055	5058	5062	5069	5151	6097
5044	5052	5054	5055	5058	5060	5096	5181	6098
5040	5049	5054	5055	5058	5061	5079	5149	6099
5040	5048	5054	5057	5058	5061	5070	5150	6100
5040	5048	5054	5055	5058	5061	5085	5149	6101
5039	5052	5054	5055	5058	5061	5072	5244	6102
5044	5048	5054	5055	5058	5061	5085	5202	6103
5039	5048	5054	5057	5058	5064	5069	5179	6104
5043	5050	5054	5055	5058	5061	5105	5149	6105
5042	5046	5053	5055	5058	5063	5075	5203	6106
5043	5052	5054	5055	5058	5063	5069	5248	6107
5041	5046	5053	5055	5058	5061	5073	5175	6108
5043	5047	5053	5056	5059	5061	5069	5149	6109
5041	5046	5053	5055	5058	5067	5078	5149	6110
5044	5047	5053	5055	5058	5063	5075	5149	6111
5043	5052	5054	5056	5058	5061	5098	5186	6112
5043	5051	5054	5055	5059	5061	5117	5236	6113
5041	5049	5054	5055	5058	5060	5069	5240	6114
5039	5046	5053	5055	5058	5061	5069	5206	6115
5044	5051	5054	5056	5058	5063	5069	5149	6116
5044	5052	5054	5055	5058	5061	5086	5216	6117
5044	5047	5053	5055	5059	5061	5097	5221	6118
5042	5050	5054	5055	5058	5060	5072	5244	6119
5041	5047	5053	5055	5058	5061	5086	5216	6120
5040	5047	5053	5055	5059	5062	5069	5149	6121
5041	5052	5053	5055	5058	5060	5086	5211	6122
5040	5048	5054	5056	5058	5062	5070	5150	6123
5044	5047	5053	5055	5058	5061	5088	5190	6124
5041	5052	5053	5055	5059	5061	5075	5199	6125
5039	5050	5054	5057	5058	5063	5069	5163	6126
5040	5050	5054	5055	5058	5060	5072	5244	6127
5043	5049	5054	5055	5059	5063	5085	5307	6128
5042	5049	5054	5055	5058	5063	5073	5183	6129
5039	5048	5054	5056	5058	5063	5073	5175	6130
5040	5052	5054	5056	5058	5060	5069	5172	6131
5040	5052	5054	5055	5058	5061	5073	5156	6132
5044	5051	5054	5057	5058	5061	5098	5186	6133
5040	5049	5054	5057	5059	5061	5080	5174	6134
5041	5049	5054	5055	5058	5061	5069	5185	6135
5045	5046	5053	5055	5058	5061	5076	5149	6136
5039	5048	5054	5056	5059	5060	5075	5149	6137
5042	5051	5054	5055	5059	5062	5074	5149	6138
5044	5046	5053	5055	5058	5063	5069	5254	6139
5040	5048	5054	5055	5058	5060	5077	5256	6140
5041	5047	5053	5055	5058	5060	5076	5205	6141
5043	5052	5054	5055	5059	5064	5081	5210	6142
5045	5052	5054	5057	5058	5060	5069	5149	6143
5039	5048	5054	5055	5059	5061	5070	5154	6144
5040	5048	5054	5055	5058	5060	5121	5255	6145
5040	5049	5054	5057	5058	5062	5071	5152	6146
5041	5051	5054	5055	5058	5067	5088	5268	6147
5041	5049	5054	5056	5059	5067	5069	5149	6148
5041	5051	5054	5055	5058	5061	5075	5208	6149
5039	5047	5053	5055	5058	5061	5108	5214	6150
5040	5046	5053	5055	5058	5061	5122	5289	6151
5044	5051	5054	5056	5059	5061	5088	5190	6152
5040	5047	5053	5055	5058	5064	5121	5255	6153
5041	5051	5054	5055	5058	5060	5073	5149	6154
5039	5048	5054	5055	5059	5061	5086	5216	6155
5044	5049	5054	5055	5058	5060	5085	5230	6156
5042	5050	5054	5056	5058	5061	5073	5183	6157
5041	5049	5054	5056	5058	5060	5075	5159	6158
5040	5052	5054	5055	5059	5060	5096	5181	6159
5042	5052	5053	5055	5058	5064	5112	5225	6160
5040	5047	5053	5055	5058	5060	5069	5235	6161
5043	5050	5054	5055	5058	5061	5085	5220	6162
5043	5050	5054	5055	5058	5060	5075	5159	6163
5041	5048	5054	5055	5058	5061	5073	5156	6164
5040	5046	5053	5055	5059	5062	5074	5149	6165
5040	5050	5054	5055	5058	5061	5105	5149	6166
5040	5047	5053	5055	5058	5060	5085	5169	6167
5039	5051	5054	5056	5058	5061	5069	5172	6168
5045	5048	5054	5055	5058	5061	5085	5169	6169
5045	5051	5054	5055	5058	5060	5085	5169	6170
5043	5046	5053	5055	5058	5060	5072	5282	6171
5042	5046	5053	5056	5058	5060	5080	5149	6172
5041	5049	5054	5056	5058	5064	5095	5149	6173
5039	5048	5054	5057	5058	5065	5071	5152	6174
5041	5046	5053	5055	5058	5061	5125	5149	6175
5043	5049	5054	5056	5058	5062	5069	5240	6176
5040	5049	5054	5055	5059	5065	5075	5159	6177
5042	5052	5053	5057	5058	5062	5073	5183	6178
5042	5047	5053	5055	5058	5065	5073	5157	6179
5041	5048	5054	5055	5058	5062	5075	5199	6180
5044	5049	5054	5055	5059	5065	5075	5159	6181
5043	5049	5054	5055	5058	5061	5069	5162	6182
5043	5046	5053	5055	5058	5061	5069	5252	6183
5041	5047	5053	5055	5058	5063	5077	5155	6184
5045	5048	5054	5055	5058	5061	5069	5235	6185
5041	5048	5054	5055	5058	5061	5116	5234	6186
5039	5048	5054	5055	5058	5064	5073	5161	6187
5043	5052	5054	5056	5058	5063	5075	5159	6188
5040	5047	5053	5055	5058	5062	5099	5196	6189
5039	5052	5054	5055	5058	5064	5069	5162	6190
5041	5051	5054	5055	5058	5061	5121	5255	6191
5041	5047	5053	5055	5059	5061	5088	5190	6192
5041	5052	5053	5055	5059	5061	5073	5156	6193
5042	5050	5054	5055	5058	5061	5069	5227	6194
5040	5049	5054	5055	5058	5060	5112	5265	6195
5042	5048	5054	5056	5058	5063	5069	5149	6196
5042	5047	5053	5055	5058	5060	5087	5222	6197
5045	5052	5054	5055	5058	5061	5080	5149	6198
5040	5051	5054	5057	5058	5060	5075	5203	6199
5041	5048	5054	5055	5058	5060	5084	5232	6200
5043	5052	5054	5055	5058	5063	5077	5195	6201
5043	5052	5054	5055	5058	5064	5075	5159	6202
5041	5048	5054	5055	5058	5061	5084	5232	6203
5041	5047	5053	5056	5058	5060	5099	5196	6204
5040	5052	5054	5055	5058	5061	5072	5244	6205
5043	5049	5054	5055	5058	5062	5092	5149	6206
5041	5047	5053	5055	5058	5061	5091	5171	6207
5045	5049	5054	5056	5058	5064	5069	5149	6208
5045	5047	5053	5056	5059	5064	5075	5149	6209
5044	5050	5054	5055	5058	5060	5097	5221	6210
5039	5052	5054	5056	5058	5061	5073	5175	6211
5044	5051	5054	5055	5058	5064	5075	5238	6212
5040	5048	5054	5055	5058	5061	5077	5195	6213
5040	5047	5053	5055	5058	5063	5069	5180	6214
5044	5049	5054	5057	5058	5060	5071	5152	6215
5041	5047	5053	5055	5058	5060	5069	5158	6216
5042	5050	5054	5056	5058	5061	5070	5150	6217
5039	5049	5054	5055	5058	5062	5069	5151	6218
5041	5051	5054	5055	5058	5060	5087	5222	6219
5041	5048	5054	5056	5058	5064	5095	5149	6220
5039	5051	5054	5055	5058	5060	5118	5149	6221
5040	5046	5053	5056	5058	5062	5090	5149	6222
5041	5049	5054	5055	5058	5066	5075	5149	6223
5040	5050	5054	5055	5058	5062	5069	5207	6224
5040	5051	5054	5055	5058	5062	5070	5154	6225
5040	5048	5054	5055	5058	5061	5069	5172	6226
5040	5046	5053	5056	5058	5062	5098	5186	6227
5041	5047	5053	5056	5058	5060	5087	5149	6228
5043	5052	5054	5056	5059	5063	5070	5154	6229
5039	5051	5054	5056	5058	5061	5073	5157	6230
5041	5050	5054	5057	5058	5061	5080	5149	6231
5041	5052	5053	5055	5058	5061	5075	5167	6232
5042	5047	5053	5055	5059	5060	5129	5149	6233
5039	5050	5054	5055	5058	5064	5069	5235	6234
5039	5052	5054	5056	5058	5063	5088	5226	6235
5041	5050	5054	5055	5058	5064	5116	5234	6236
5041	5046	5053	5055	5058	5065	5089	5170	6237
5042	5048	5054	5055	5059	5061	5085	5201	6238
5044	5049	5054	5056	5058	5061	5075	5149	6239
5043	5052	5054	5055	5058	5061	5079	5149	6240
5040	5048	5054	5057	5058	5060	5069	5149	6241
5039	5047	5053	5056	5058	5064	5079	5176	6242
5039	5051	5054	5055	5058	5063	5072	5153	6243
5044	5052	5054	5055	5058	5061	5116	5234	6244
5044	5047	5053	5055	5058	5061	5085	5220	6245
5040	5048	5054	5055	5058	5060	5087	5149	6246
5043	5046	5053	5055	5059	5061	5070	5149	6247
5039	5050	5054	5055	5059	5067	5069	5187	6248
5043	5046	5053	5056	5058	5062	5069	5149	6249
5040	5047	5053	5055	5058	5062	5075	5238	6250
5041	5047	5053	5057	5058	5060	5099	5196	6251
5044	5048	5054	5057	5058	5060	5075	5159	6252
5039	5052	5054	5055	5058	5061	5079	5149	6253
5044	5052	5054	5055	5058	5061	5072	5264	6254
5041	5046	5053	5056	5058	5064	5098	5186	6255
5040	5047	5053	5055	5058	5065	5070	5149	6256
5040	5047	5053	5055	5058	5060	5116	5234	6257
5043	5049	5054	5055	5058	5061	5069	5248	6258
5041	5047	5053	5055	5058	5060	5099	5196	6259
5043	5052	5054	5055	5058	5061	5073	5149	6260
5043	5052	5054	5055	5058	5061	5069	5158	6261
5041	5050	5054	5055	5058	5061	5125	5149	6262
5040	5048	5054	5055	5058	5064	5075	5238	6263
5042	5046	5053	5056	5059	5062	5088	5190	6264
5039	5046	5053	5055	5058	5061	5086	5211	6265
5039	5049	5054	5055	5059	5061	5070	5149	6266
5043	5050	5054	5055	5058	5062	5069	5149	6267
5043	5047	5053	5056	5058	5060	5070	5150	6268
5043	5048	5054	5056	5059	5060	5069	5172	6269
5042	5048	5054	5055	5058	5060	5069	5158	6270
5042	5048	5054	5055	5058	5062	5090	5149	6271
5041	5047	5053	5055	5058	5061	5082	5149	6272
5040	5052	5054	5056	5058	5062	5069	5172	6273
5044	5050	5054	5055	5058	5065	5075	5159	6274
5041	5049	5054	5055	5058	5061	5087	5237	6275
5039	5046	5053	5056	5058	5062	5102	5149	6276
5044	5049	5054	5055	5058	5060	5073	5149	6277
5039	5047	5053	5055	5058	5064	5070	5149	6278
5045	5050	5054	5055	5058	5062	5069	5149	6279
5045	5052	5054	5057	5058	5060	5087	5191	6280
5042	5047	5053	5055	5058	5061	5075	5199	6281
5042	5048	5054	5055	5058	5061	5085	5169	6282
5043	5048	5054	5056	5058	5060	5087	5149	6283
5043	5050	5054	5055	5058	5065	5075	5159	6284
5044	5052	5054	5055	5058	5061	5079	5176	6285
5040	5050	5054	5055	5058	5062	5083	5149	6286
5041	5049	5054	5055	5058	5064	5106	5212	6287
5039	5048	5054	5057	5058	5064	5098	5186	6288
5042	5049	5054	5056	5058	5060	5090	5149	6289
5045	5048	5054	5057	5058	5060	5115	5233	6290
5043	5047	5053	5056	5058	5065	5073	5249	6291
5042	5050	5054	5055	5058	5061	5069	5162	6292
5042	5052	5053	5056	5058	5060	5075	5149	6293
5041	5049	5054	5055	5058	5060	5069	5257	6294
5039	5047	5053	5056	5058	5061	5075	5149	6295
5041	5050	5054	5055	5058	5062	5080	5149	6296
5039	5051	5054	5055	5058	5065	5069	5149	6297
5041	5046	5053	5055	5058	5060	5069	5180	6298
5041	5047	5053	5055	5058	5065	5121	5149	6299
5043	5048	5054	5056	5058	5060	5072	5320	6300
5043	5048	5054	5055	5058	5061	5073	5157	6301
5045	5052	5054	5055	5058	5061	5107	5213	6302
5040	5052	5054	5057	5058	5061	5106	5212	6303
5045	5050	5054	5055	5058	5063	5073	5149	6304
5041	5048	5054	5055	5059	5061	5085	5230	6305
5044	5052	5054	5055	5059	5061	5087	5222	6306
5039	5051	5054	5057	5058	5061	5088	5149	6307
5041	5051	5054	5057	5058	5061	5069	5162	6308
5040	5048	5054	5057	5058	5063	5070	5149	6309
5039	5050	5054	5055	5058	5061	5110	5149	6310
5041	5046	5053	5055	5059	5062	5073	5156	6311
5039	5049	5054	5055	5058	5062	5075	5149	6312
5040	5046	5053	5055	5058	5060	5075	5199	6313
5040	5048	5054	5057	5058	5060	5070	5150	6314
5041	5052	5053	5055	5058	5060	5106	5212	6315
5040	5046	5053	5055	5058	5060	5118	5149	6316
5041	5052	5053	5056	5058	5064	5069	5235	6317
5043	5046	5053	5055	5058	5064	5069	5172	6318
5041	5048	5054	5055	5058	5067	5088	5149	6319
5039	5050	5054	5057	5058	5062	5069	5240	6320
5044	5047	5053	5055	5058	5061	5069	5162	6321
5044	5049	5054	5055	5058	5061	5069	5257	6322
5041	5048	5054	5056	5058	5060	5079	5176	6323
5041	5052	5053	5056	5058	5061	5081	5149	6324
5040	5050	5054	5057	5058	5061	5075	5159	6325
5043	5046	5053	5055	5059	5060	5069	5149	6326
5040	5048	5054	5057	5058	5060	5088	5268	6327
5043	5048	5054	5055	5058	5061	5069	5287	6328
5040	5049	5054	5056	5058	5060	5102	5149	6329
5041	5047	5053	5055	5058	5064	5078	5149	6330
5045	5050	5054	5055	5058	5063	5087	5191	6331
5039	5052	5054	5055	5058	5062	5073	5149	6332
5042	5048	5054	5055	5058	5061	5116	5234	6333
5040	5052	5054	5055	5058	5061	5088	5190	6334
5044	5050	5054	5055	5058	5064	5075	5203	6335
5039	5048	5054	5055	5058	5061	5073	5218	6336
5039	5052	5054	5055	5058	5060	5083	5149	6337
5044	5047	5053	5056	5058	5061	5073	5175	6338
5041	5051	5054	5055	5058	5061	5108	5214	6339
5044	5046	5053	5055	5058	5063	5087	5149	6340
5042	5046	5053	5055	5058	5060	5087	5222	6341
5039	5048	5054	5055	5058	5061	5069	5227	6342
5042	5046	5053	5055	5058	5061	5080	5149	6343
5045	5052	5054	5055	5058	5060	5116	5234	6344
5044	5052	5054	5057	5059	5061	5070	5150	6345
5044	5047	5053	5055	5058	5064	5073	5161	6346
5044	5048	5054	5055	5058	5061	5092	5149	6347
5040	5051	5054	5055	5059	5063	5124	5285	6348
5042	5048	5054	5056	5058	5060	5099	5188	6349
5040	5052	5054	5055	5058	5062	5070	5149	6350
5044	5052	5054	5057	5058	5062	5070	5154	6351
5043	5046	5053	5055	5058	5062	5097	5149	6352
5044	5049	5054	5055	5058	5060	5086	5149	6353
5043	5052	5054	5055	5058	5062	5094	5272	6354
5043	5050	5054	5055	5058	5064	5112	5225	6355
5044	5047	5053	5055	5058	5064	5073	5149	6356
5044	5052	5054	5055	5058	5064	5092	5224	6357
5042	5050	5054	5055	5058	5061	5095	5149	6358
5042	5046	5053	5055	5059	5061	5075	5149	6359
5041	5049	5054	5055	5058	5061	5122	5350	6360
5039	5049	5054	5056	5058	5061	5079	5176	6361
5042	5046	5053	5055	5058	5061	5073	5249	6362
5043	5048	5054	5056	5058	5060	5080	5149	6363
5045	5052	5054	5056	5059	5061	5087	5259	6364
5041	5052	5053	5056	5058	5060	5098	5186	6365
5040	5047	5053	5055	5058	5061	5088	5149	6366
5039	5051	5054	5056	5058	5061	5108	5214	6367
5041	5049	5054	5055	5058	5063	5075	5149	6368
5040	5047	5053	5055	5058	5065	5075	5159	6369
5042	5047	5053	5057	5058	5062	5088	5149	6370
5044	5052	5054	5055	5058	5061	5085	5149	6371
5044	5052	5054	5055	5058	5064	5075	5149	6372
5039	5047	5053	5056	5058	5060	5075	5159	6373
5041	5052	5053	5055	5058	5062	5070	5154	6374
5040	5047	5053	5056	5058	5062	5086	5216	6375
5044	5046	5053	5055	5058	5060	5087	5222	6376
5039	5049	5054	5055	5058	5061	5099	5189	6377
5044	5051	5054	5057	5058	5062	5069	5149	6378
5040	5047	5053	5055	5058	5062	5080	5149	6379
5040	5047	5053	5055	5058	5060	5107	5213	6380
5039	5047	5053	5055	5058	5060	5114	5149	6381
5039	5047	5053	5056	5058	5062	5072	5341	6382
5041	5051	5054	5056	5058	5064	5099	5188	6383
5041	5050	5054	5055	5058	5061	5069	5180	6384
5044	5051	5054	5055	5059	5061	5087	5222	6385
5040	5051	5054	5056	5058	5061	5075	5159	6386
5039	5049	5054	5055	5058	5063	5114	5149	6387
5044	5047	5053	5056	5058	5062	5102	5149	6388
5041	5051	5054	5055	5058	5061	5110	5149	6389
5039	5050	5054	5056	5058	5064	5075	5159	6390
5039	5046	5053	5056	5058	5060	5069	5151	6391
5041	5047	5053	5055	5058	5066	5070	5149	6392
5041	5050	5054	5056	5058	5060	5090	5149	6393
5042	5052	5053	5055	5058	5062	5075	5159	6394
5042	5052	5053	5055	5058	5062	5088	5297	6395
5040	5049	5054	5056	5058	5065	5092	5149	6396
5043	5046	5053	5056	5058	5064	5098	5186	6397
5043	5051	5054	5055	5058	5061	5075	5203	6398
5044	5048	5054	5055	5059	5064	5084	5160	6399
5039	5047	5053	5055	5058	5060	5069	5262	6400
5045	5049	5054	5055	5058	5063	5072	5244	6401
5040	5047	5053	5055	5058	5060	5087	5149	6402
5044	5052	5054	5055	5058	5061	5087	5191	6403
5043	5049	5054	5055	5058	5060	5073	5161	6404
5039	5051	5054	5055	5058	5061	5125	5149	6405
5044	5047	5053	5055	5058	5061	5080	5149	6406
5044	5049	5054	5055	5058	5061	5125	5149	6407
5042	5049	5054	5056	5058	5061	5069	5240	6408
5041	5051	5054	5056	5058	5062	5087	5149	6409
5044	5049	5054	5055	5059	5063	5077	5155	6410
5044	5051	5054	5055	5058	5061	5069	5252	6411
5039	5052	5054	5055	5058	5063	5069	5248	6412
5043	5048	5054	5055	5058	5060	5075	5203	6413
5040	5047	5053	5056	5058	5061	5069	5149	6414
5039	5049	5054	5055	5058	5060	5114	5149	6415
5043	5047	5053	5056	5058	5061	5091	5171	6416
5040	5050	5054	5055	5058	5061	5099	5215	6417
5039	5050	5054	5056	5058	5067	5069	5149	6418
5042	5048	5054	5055	5058	5061	5085	5201	6419
5041	5052	5053	5055	5058	5065	5073	5249	6420
5039	5051	5054	5055	5058	5061	5075	5238	6421
5039	5047	5053	5055	5058	5061	5076	5205	6422
5041	5050	5054	5057	5058	5060	5069	5185	6423
5043	5047	5053	5055	5058	5061	5069	5246	6424
5044	5048	5054	5055	5058	5065	5075	5159	6425
5044	5049	5054	5055	5058	5061	5070	5243	6426
5041	5046	5053	5055	5059	5064	5075	5149	6427
5042	5047	5053	5055	5058	5060	5085	5273	6428
5041	5052	5053	5055	5058	5061	5087	5222	6429
5043	5049	5054	5055	5058	5064	5108	5214	6430
5041	5050	5054	5055	5058	5063	5078	5165	6431
5041	5052	5053	5055	5058	5061	5129	5364	6432
5042	5049	5054	5056	5058	5060	5070	5154	6433
5044	5049	5054	5055	5058	5060	5069	5257	6434
5043	5046	5053	5055	5058	5060	5075	5167	6435
5044	5047	5053	5055	5058	5064	5088	5149	6436
5044	5052	5054	5055	5059	5064	5075	5149	6437
5040	5048	5054	5056	5058	5061	5130	5296	6438
5043	5049	5054	5056	5058	5060	5073	5183	6439
5039	5050	5054	5055	5058	5062	5080	5149	6440
5042	5049	5054	5055	5058	5061	5086	5211	6441
5041	5052	5053	5055	5058	5060	5069	5158	6442
5044	5047	5053	5055	5058	5061	5075	5199	6443
5043	5049	5054	5055	5058	5060	5069	5342	6444
5044	5046	5053	5055	5058	5061	5069	5158	6445
5040	5047	5053	5055	5058	5064	5075	5238	6446
5044	5052	5054	5055	5058	5060	5070	5243	6447
5039	5051	5054	5056	5058	5062	5069	5172	6448
5043	5052	5054	5055	5058	5061	5098	5186	6449
5044	5047	5053	5055	5058	5062	5069	5172	6450
5041	5050	5054	5055	5058	5061	5069	5185	6451
5041	5050	5054	5055	5058	5061	5078	5165	6452
5040	5047	5053	5055	5059	5061	5071	5152	6453
5040	5047	5053	5055	5058	5063	5075	5159	6454
5043	5052	5054	5055	5059	5061	5085	5169	6455
5044	5046	5053	5055	5058	5061	5081	5210	6456
5040	5047	5053	5056	5058	5060	5069	5151	6457
5039	5052	5054	5056	5058	5060	5121	5255	6458
5044	5047	5053	5056	5058	5062	5069	5172	6459
5040	5050	5054	5055	5058	5060	5077	5256	6460
5040	5052	5054	5057	5058	5062	5070	5154	6461
5041	5047	5053	5055	5058	5060	5087	5259	6462
5040	5052	5054	5057	5058	5061	5075	5159	6463
5043	5046	5053	5055	5058	5060	5090	5149	6464
5042	5046	5053	5055	5059	5060	5070	5173	6465
5040	5051	5054	5055	5058	5061	5099	5196	6466
5045	5048	5054	5055	5058	5061	5070	5149	6467
5043	5051	5054	5056	5058	5060	5070	5150	6468
5040	5052	5054	5055	5059	5060	5069	5149	6469
5039	5048	5054	5055	5058	5060	5075	5203	6470
5041	5051	5054	5055	5058	5061	5101	5197	6471
5044	5049	5054	5055	5058	5061	5069	5179	6472
5041	5047	5053	5056	5058	5063	5073	5183	6473
5041	5052	5053	5056	5058	5061	5073	5249	6474
5040	5047	5053	5056	5058	5060	5071	5152	6475
5044	5047	5053	5055	5058	5064	5081	5210	6476
5041	5052	5053	5056	5058	5060	5087	5200	6477
5043	5052	5054	5055	5058	5061	5110	5149	6478
5043	5049	5054	5055	5058	5060	5088	5168	6479
5045	5050	5054	5055	5058	5060	5085	5149	6480
5039	5051	5054	5055	5058	5061	5132	5149	6481
5043	5048	5054	5055	5059	5061	5069	5287	6482
5042	5048	5054	5057	5058	5061	5069	5162	6483
5042	5048	5054	5055	5058	5061	5070	5166	6484
5043	5052	5054	5055	5058	5061	5075	5149	6485
5045	5051	5054	5055	5058	5060	5078	5165	6486
5044	5050	5054	5055	5059	5061	5070	5150	6487
5039	5052	5054	5055	5058	5063	5135	5327	6488
5041	5049	5054	5055	5058	5060	5102	5149	6489
5039	5052	5054	5055	5058	5060	5088	5149	6490
5041	5049	5054	5055	5058	5060	5113	5149	6491
5040	5046	5053	5055	5058	5060	5075	5203	6492
5041	5046	5053	5055	5058	5061	5106	5212	6493
5044	5051	5054	5055	5058	5061	5085	5201	6494
5041	5050	5054	5055	5058	5060	5077	5256	6495
5044	5047	5053	5055	5058	5064	5107	5213	6496
5040	5050	5054	5057	5058	5061	5082	5149	6497
5040	5052	5054	5055	5058	5061	5087	5259	6498
5043	5047	5053	5056	5058	5061	5075	5149	6499
5043	5052	5054	5055	5058	5061	5086	5211	6500
5039	5049	5054	5057	5058	5060	5115	5233	6501
5044	5049	5054	5056	5058	5065	5075	5159	6502
5040	5047	5053	5055	5059	5064	5069	5149	6503
5042	5047	5053	5055	5058	5060	5123	5277	6504
5042	5052	5053	5056	5058	5061	5092	5149	6505
5041	5048	5054	5055	5058	5062	5070	5149	6506
5042	5051	5054	5055	5058	5061	5115	5276	6507
5043	5052	5054	5055	5058	5060	5087	5149	6508
5043	5050	5054	5055	5058	5061	5075	5149	6509
5043	5049	5054	5057	5058	5061	5088	5149	6510
5040	5051	5054	5056	5058	5060	5102	5149	6511
5042	5051	5054	5055	5058	5060	5087	5191	6512
5040	5046	5053	5055	5058	5064	5075	5149	6513
5041	5047	5053	5055	5058	5061	5069	5172	6514
5041	5047	5053	5055	5058	5061	5085	5169	6515
5041	5052	5053	5055	5058	5061	5094	5178	6516
5042	5049	5054	5055	5058	5060	5116	5234	6517
5042	5051	5054	5055	5058	5060	5088	5268	6518
5039	5052	5054	5055	5058	5065	5069	5149	6519
5040	5048	5054	5055	5059	5061	5073	5183	6520
5040	5046	5053	5056	5058	5065	5098	5186	6521
5044	5047	5053	5055	5058	5061	5085	5169	6522
5039	5051	5054	5056	5058	5061	5075	5149	6523
5040	5046	5053	5055	5058	5062	5070	5149	6524
5042	5047	5053	5055	5058	5061	5107	5213	6525
5040	5046	5053	5056	5058	5061	5075	5238	6526
5043	5052	5054	5056	5058	5061	5075	5149	6527
5039	5051	5054	5055	5058	5060	5087	5191	6528
5039	5051	5054	5055	5058	5061	5069	5306	6529
5039	5050	5054	5057	5058	5061	5123	5277	6530
5044	5047	5053	5056	5058	5061	5099	5188	6531
5044	5046	5053	5055	5059	5060	5069	5151	6532
5040	5052	5054	5056	5058	5062	5075	5149	6533
5045	5052	5054	5055	5058	5060	5089	5170	6534
5041	5050	5054	5055	5058	5063	5069	5162	6535
5041	5046	5053	5055	5058	5060	5073	5157	6536
5042	5048	5054	5056	5058	5061	5073	5249	6537
5041	5048	5054	5055	5058	5061	5086	5216	6538
5042	5046	5053	5055	5058	5062	5075	5238	6539
5040	5047	5053	5055	5058	5061	5078	5165	6540
5040	5049	5054	5055	5058	5060	5073	5249	6541
5041	5051	5054	5055	5058	5060	5072	5149	6542
5042	5052	5053	5055	5058	5061	5069	5240	6543
5040	5051	5054	5055	5058	5060	5085	5169	6544
5040	5051	5054	5055	5058	5061	5087	5191	6545
5041	5048	5054	5055	5058	5064	5069	5162	6546
5039	5052	5054	5056	5058	5060	5080	5174	6547
5041	5046	5053	5056	5058	5064	5090	5149	6548
5040	5052	5054	5055	5058	5064	5106	5212	6549
5041	5050	5054	5055	5058	5061	5070	5154	6550
5043	5052	5054	5056	5058	5063	5069	5163	6551
5041	5049	5054	5056	5058	5065	5073	5149	6552
5040	5047	5053	5055	5058	5061	5085	5220	6553
5042	5050	5054	5055	5058	5061	5101	5197	6554
5040	5051	5054	5055	5058	5061	5105	5149	6555
5041	5049	5054	5056	5058	5061	5069	5172	6556
5045	5050	5054	5055	5058	5064	5090	5149	6557
5040	5051	5054	5056	5058	5060	5069	5187	6558
5039	5051	5054	5056	5058	5065	5073	5218	6559
5044	5052	5054	5056	5058	5061	5115	5233	6560
5039	5048	5054	5055	5058	5060	5087	5222	6561
5045	5049	5054	5056	5058	5060	5069	5179	6562
5041	5049	5054	5056	5058	5062	5102	5149	6563
5043	5049	5054	5055	5059	5061	5077	5155	6564
5039	5051	5054	5056	5058	5064	5073	5157	6565
5043	5051	5054	5055	5058	5064	5075	5149	6566
5044	5046	5053	5055	5058	5062	5085	5169	6567
5042	5047	5053	5056	5058	5061	5073	5175	6568
5039	5049	5054	5055	5058	5061	5072	5264	6569
5042	5051	5054	5055	5059	5061	5087	5222	6570
5040	5051	5054	5055	5058	5061	5078	5165	6571
5040	5052	5054	5055	5058	5062	5090	5149	6572
5041	5049	5054	5055	5058	5061	5085	5169	6573
5041	5049	5054	5055	5058	5061	5069	5172	6574
5040	5048	5054	5055	5059	5061	5069	5149	6575
5039	5048	5054	5055	5059	5061	5077	5155	6576
5040	5048	5054	5055	5058	5061	5116	5234	6577
5041	5047	5053	5055	5058	5061	5088	5300	6578
5043	5048	5054	5056	5058	5062	5069	5179	6579
5043	5051	5054	5056	5058	5060	5075	5149	6580
5041	5048	5054	5055	5059	5064	5075	5159	6581
5042	5048	5054	5055	5058	5060	5114	5149	6582
5041	5046	5053	5057	5058	5061	5086	5216	6583
5041	5050	5054	5055	5058	5061	5140	5347	6584
5039	5048	5054	5056	5058	5060	5070	5150	6585
5043	5046	5053	5055	5058	5061	5069	5185	6586
5039	5049	5054	5057	5058	5064	5070	5149	6587
5039	5050	5054	5056	5058	5063	5069	5149	6588
5042	5046	5053	5055	5058	5064	5070	5149	6589
5039	5048	5054	5057	5058	5060	5075	5159	6590
5039	5049	5054	5056	5058	5060	5070	5150	6591
5042	5051	5054	5055	5058	5064	5087	5149	6592
5042	5047	5053	5055	5058	5063	5075	5199	6593
5043	5048	5054	5056	5058	5062	5069	5180	6594
5039	5051	5054	5055	5058	5060	5087	5222	6595
5041	5047	5053	5057	5058	5060	5080	5149	6596
5043	5046	5053	5055	5059	5064	5075	5159	6597
5042	5052	5053	5055	5058	5060	5085	5202	6598
5043	5047	5053	5055	5058	5060	5088	5168	6599
5041	5051	5054	5055	5058	5061	5073	5149	6600
5042	5047	5053	5055	5058	5061	5076	5149	6601
5041	5048	5054	5055	5058	5060	5075	5290	6602
5040	5047	5053	5055	5058	5062	5083	5149	6603
5039	5050	5054	5057	5058	5060	5070	5150	6604
5042	5047	5053	5055	5059	5060	5070	5149	6605
5039	5051	5054	5055	5058	5062	5070	5150	6606
5039	5051	5054	5055	5058	5061	5120	5261	6607
5044	5046	5053	5055	5059	5060	5086	5211	6608
5040	5049	5054	5056	5058	5062	5069	5149	6609
5041	5052	5053	5055	5058	5062	5094	5272	6610
5039	5049	5054	5057	5058	5064	5069	5179	6611
5041	5051	5054	5055	5058	5061	5117	5149	6612
5041	5049	5054	5055	5058	5060	5086	5149	6613
5039	5046	5053	5056	5058	5060	5090	5149	6614
5044	5048	5054	5055	5058	5061	5100	5192	6615
5043	5052	5054	5055	5058	5061	5069	5252	6616
5044	5047	5053	5056	5058	5060	5099	5196	6617
5040	5050	5054	5055	5059	5064	5070	5149	6618
5042	5051	5054	5056	5058	5061	5098	5186	6619
5043	5049	5054	5055	5058	5060	5084	5232	6620
5042	5052	5053	5055	5058	5061	5116	5234	6621
5040	5051	5054	5055	5058	5064	5075	5238	6622
5042	5049	5054	5055	5058	5061	5079	5149	6623
5040	5051	5054	5055	5058	5062	5089	5170	6624
5043	5048	5054	5055	5058	5060	5073	5149	6625
5044	5052	5054	5057	5058	5061	5069	5162	6626
5039	5050	5054	5055	5058	5060	5097	5221	6627
5043	5047	5053	5055	5058	5063	5069	5248	6628
5042	5052	5053	5055	5058	5060	5112	5225	6629
5045	5052	5054	5055	5058	5061	5069	5180	6630
5044	5048	5054	5055	5058	5060	5070	5315	6631
5042	5046	5053	5055	5058	5062	5070	5154	6632
5041	5052	5053	5055	5059	5063	5069	5248	6633
5041	5050	5054	5055	5058	5061	5073	5218	6634
5040	5047	5053	5055	5058	5064	5073	5156	6635
5041	5048	5054	5055	5058	5060	5077	5256	6636
5039	5050	5054	5055	5058	5064	5090	5149	6637
5043	5046	5053	5055	5058	5061	5069	5278	6638
5044	5051	5054	5055	5058	5061	5078	5149	6639
5041	5052	5053	5056	5059	5061	5069	5235	6640
5040	5050	5054	5055	5058	5061	5069	5235	6641
5041	5048	5054	5055	5058	5061	5070	5243	6642
5039	5047	5053	5055	5058	5061	5105	5149	6643
5039	5049	5054	5055	5058	5061	5104	5204	6644
5044	5046	5053	5055	5058	5061	5079	5149	6645
5042	5050	5054	5055	5058	5060	5080	5149	6646
5039	5049	5054	5055	5058	5060	5080	5149	6647
5044	5049	5054	5055	5058	5060	5072	5244	6648
5043	5051	5054	5055	5058	5061	5089	5170	6649
5040	5051	5054	5055	5059	5063	5077	5155	6650
5041	5047	5053	5055	5058	5061	5088	5149	6651
5044	5048	5054	5055	5058	5060	5103	5149	6652
5042	5046	5053	5056	5058	5062	5073	5183	6653
5044	5050	5054	5056	5058	5061	5073	5183	6654
5041	5049	5054	5055	5058	5060	5069	5182	6655
5042	5051	5054	5055	5058	5065	5070	5154	6656
5039	5050	5054	5055	5058	5064	5093	5177	6657
5043	5050	5054	5055	5059	5060	5079	5149	6658
5043	5047	5053	5056	5058	5062	5098	5186	6659
5040	5049	5054	5056	5058	5060	5069	5163	6660
5041	5048	5054	5055	5058	5061	5072	5153	6661
5042	5046	5053	5055	5058	5061	5075	5203	6662
5040	5047	5053	5055	5058	5062	5078	5165	6663
5040	5048	5054	5055	5058	5062	5085	5201	6664
5039	5052	5054	5056	5058	5060	5087	5149	6665
5041	5049	5054	5055	5058	5063	5073	5218	6666
5042	5051	5054	5057	5058	5061	5070	5150	6667
5044	5052	5054	5056	5058	5062	5069	5149	6668
5040	5052	5054	5055	5059	5060	5094	5272	6669
5041	5050	5054	5055	5058	5061	5104	5204	6670
5039	5049	5054	5055	5058	5064	5073	5149	6671
5043	5047	5053	5055	5058	5061	5107	5213	6672
5040	5048	5054	5056	5058	5064	5075	5149	6673
5040	5049	5054	5056	5058	5065	5088	5190	6674
5042	5052	5053	5055	5058	5062	5069	5149	6675
5039	5046	5053	5057	5058	5061	5073	5175	6676
5040	5048	5054	5055	5058	5061	5075	5199	6677
5042	5048	5054	5055	5058	5064	5098	5186	6678
5039	5046	5053	5056	5058	5060	5113	5229	6679
5039	5046	5053	5055	5058	5061	5069	5158	6680
5040	5047	5053	5055	5058	5061	5073	5183	6681
5040	5046	5053	5056	5058	5060	5080	5149	6682
5039	5047	5053	5055	5058	5060	5089	5170	6683
5039	5049	5054	5055	5058	5064	5070	5149	6684
5041	5050	5054	5055	5058	5064	5070	5149	6685
5043	5046	5053	5055	5058	5061	5069	5172	6686
5041	5049	5054	5056	5058	5063	5069	5149	6687
5039	5046	5053	5055	5058	5061	5069	5235	6688
5043	5046	5053	5055	5058	5064	5075	5203	6689
5042	5047	5053	5056	5058	5060	5075	5238	6690
5041	5052	5053	5057	5058	5061	5069	5240	6691
5040	5046	5053	5055	5058	5061	5075	5238	6692
5040	5048	5054	5055	5058	5062	5069	5172	6693
5040	5050	5054	5055	5058	5061	5087	5259	6694
5045	5051	5054	5056	5058	5062	5070	5150	6695
5039	5049	5054	5056	5058	5061	5071	5149	6696
5039	5047	5053	5056	5058	5061	5086	5149	6697
5040	5048	5054	5056	5059	5061	5070	5150	6698
5041	5051	5054	5055	5058	5063	5084	5160	6699
5044	5048	5054	5055	5058	5062	5070	5154	6700
5044	5049	5054	5055	5058	5060	5070	5166	6701
5039	5047	5053	5055	5058	5060	5069	5246	6702
5043	5046	5053	5055	5058	5060	5070	5154	6703
5039	5047	5053	5055	5058	5061	5069	5227	6704
5039	5052	5054	5056	5058	5060	5075	5159	6705
5043	5047	5053	5055	5058	5063	5070	5243	6706
5039	5048	5054	5055	5058	5061	5088	5149	6707
5043	5047	5053	5055	5058	5064	5069	5162	6708
5040	5051	5054	5056	5058	5060	5087	5200	6709
5043	5047	5053	5056	5058	5061	5073	5183	6710
5041	5050	5054	5055	5058	5062	5069	5179	6711
5041	5046	5053	5055	5058	5060	5077	5256	6712
5044	5052	5054	5055	5058	5064	5069	5151	6713
5040	5049	5054	5055	5058	5060	5073	5149	6714
5041	5051	5054	5056	5058	5060	5098	5186	6715
5041	5049	5054	5057	5058	5061	5070	5149	6716
5045	5046	5053	5055	5058	5061	5069	5158	6717
5039	5047	5053	5055	5058	5065	5122	5289	6718
5041	5052	5053	5056	5058	5061	5115	5233	6719
5039	5047	5053	5055	5059	5061	5087	5222	6720
5040	5050	5054	5055	5058	5061	5069	5227	6721
5044	5046	5053	5056	5058	5062	5102	5149	6722
5042	5047	5053	5055	5059	5060	5069	5149	6723
5039	5052	5054	5056	5058	5065	5073	5218	6724
5039	5052	5054	5055	5058	5063	5072	5149	6725
5039	5049	5054	5055	5058	5061	5088	5271	6726
5043	5050	5054	5056	5058	5061	5080	5149	6727
5043	5048	5054	5055	5059	5061	5073	5156	6728
5042	5046	5053	5055	5058	5061	5075	5242	6729
5044	5050	5054	5055	5058	5061	5085	5201	6730
5041	5051	5054	5056	5058	5060	5069	5172	6731
5043	5048	5054	5055	5058	5062	5070	5173	6732
5041	5051	5054	5055	5059	5061	5088	5190	6733
5044	5047	5053	5055	5059	5061	5069	5254	6734
5043	5051	5054	5055	5058	5061	5069	5182	6735
5040	5051	5054	5055	5058	5061	5121	5255	6736
5040	5050	5054	5056	5058	5062	5069	5149	6737
5045	5049	5054	5055	5058	5060	5069	5180	6738
5039	5049	5054	5057	5058	5063	5069	5163	6739
5041	5049	5054	5055	5058	5061	5077	5195	6740
5040	5052	5054	5055	5058	5060	5070	5154	6741
5041	5050	5054	5055	5058	5065	5074	5149	6742
5040	5048	5054	5055	5058	5061	5069	5162	6743
5040	5052	5054	5055	5058	5061	5088	5149	6744
5042	5048	5054	5057	5058	5061	5082	5149	6745
5043	5050	5054	5055	5058	5061	5088	5149	6746
5044	5046	5053	5055	5058	5062	5070	5150	6747
5040	5049	5054	5055	5058	5060	5085	5169	6748
5042	5046	5053	5055	5059	5064	5075	5149	6749
5039	5050	5054	5055	5058	5060	5069	5162	6750
5041	5050	5054	5055	5058	5060	5075	5203	6751
5040	5052	5054	5055	5058	5061	5073	5249	6752
5039	5052	5054	5056	5058	5061	5075	5238	6753
5045	5052	5054	5055	5059	5063	5069	5149	6754
5043	5047	5053	5056	5058	5060	5075	5238	6755
5045	5052	5054	5055	5058	5065	5107	5213	6756
5039	5050	5054	5055	5058	5060	5070	5154	6757
5040	5048	5054	5055	5058	5060	5073	5157	6758
5042	5048	5054	5055	5058	5061	5075	5159	6759
5043	5050	5054	5055	5058	5063	5085	5169	6760
5040	5047	5053	5055	5058	5061	5071	5152	6761
5043	5047	5053	5055	5058	5062	5075	5149	6762
5039	5052	5054	5055	5058	5060	5099	5196	6763
5043	5048	5054	5056	5058	5061	5087	5149	6764
5045	5050	5054	5055	5058	5060	5087	5191	6765
5041	5048	5054	5055	5058	5061	5069	5172	6766
5041	5047	5053	5055	5058	5063	5077	5195	6767
5039	5048	5054	5055	5058	5061	5069	5258	6768
5045	5047	5053	5055	5059	5061	5069	5301	6769
5040	5050	5054	5056	5058	5060	5075	5149	6770
5039	5048	5054	5057	5058	5061	5081	5210	6771
5041	5046	5053	5056	5058	5061	5098	5186	6772
5044	5047	5053	5055	5058	5060	5075	5159	6773
5040	5047	5053	5055	5058	5061	5069	5180	6774
5040	5052	5054	5057	5058	5064	5075	5149	6775
5040	5050	5054	5055	5059	5060	5087	5149	6776
5042	5047	5053	5056	5058	5064	5075	5238	6777
5039	5049	5054	5055	5058	5062	5085	5202	6778
5040	5048	5054	5056	5058	5061	5087	5149	6779
5042	5051	5054	5055	5058	5060	5084	5232	6780
5040	5047	5053	5055	5058	5063	5088	5149	6781
5042	5048	5054	5055	5058	5064	5093	5177	6782
5039	5050	5054	5055	5058	5060	5078	5149	6783
5043	5051	5054	5056	5059	5060	5069	5149	6784
5041	5047	5053	5055	5058	5062	5069	5179	6785
5041	5050	5054	5057	5058	5060	5069	5235	6786
5043	5051	5054	5055	5058	5061	5085	5220	6787
5044	5052	5054	5055	5058	5060	5085	5202	6788
5044	5047	5053	5056	5058	5062	5069	5149	6789
5039	5048	5054	5055	5058	5063	5072	5153	6790
5041	5050	5054	5055	5058	5067	5078	5165	6791
5040	5047	5053	5055	5058	5061	5075	5167	6792
5039	5048	5054	5055	5058	5060	5075	5159	6793
5041	5048	5054	5057	5058	5064	5121	5255	6794
5039	5046	5053	5055	5058	5061	5075	5199	6795
5041	5050	5054	5055	5058	5062	5085	5230	6796
5042	5052	5053	5056	5058	5062	5069	5149	6797
5043	5047	5053	5055	5058	5060	5087	5200	6798
5043	5047	5053	5055	5058	5064	5081	5210	6799
5039	5047	5053	5055	5058	5063	5085	5307	6800
5041	5049	5054	5055	5058	5063	5069	5149	6801
5041	5051	5054	5055	5058	5060	5114	5149	6802
5040	5047	5053	5055	5058	5062	5073	5161	6803
5039	5047	5053	5055	5058	5060	5073	5149	6804
5039	5052	5054	5057	5058	5061	5075	5203	6805
5039	5046	5053	5056	5058	5064	5099	5188	6806
5041	5048	5054	5055	5058	5060	5093	5177	6807
5040	5048	5054	5055	5058	5060	5085	5201	6808
5042	5049	5054	5055	5058	5061	5088	5271	6809
5042	5048	5054	5055	5058	5064	5069	5151	6810
5045	5050	5054	5055	5058	5061	5075	5238	6811
5039	5048	5054	5056	5059	5063	5087	5149	6812
5044	5051	5054	5056	5058	5061	5070	5150	6813
5039	5047	5053	5055	5058	5060	5069	5254	6814
5040	5051	5054	5055	5058	5060	5069	5151	6815
5039	5048	5054	5055	5058	5060	5113	5229	6816
5043	5050	5054	5056	5058	5065	5095	5149	6817
5040	5047	5053	5056	5058	5062	5102	5149	6818
5043	5050	5054	5055	5058	5063	5069	5149	6819
5039	5048	5054	5055	5058	5062	5069	5185	6820
5041	5047	5053	5056	5058	5062	5088	5190	6821
5045	5046	5053	5055	5058	5060	5085	5169	6822
5045	5048	5054	5055	5058	5061	5069	5172	6823
5040	5050	5054	5055	5058	5061	5080	5149	6824
5040	5049	5054	5055	5058	5061	5094	5178	6825
5045	5051	5054	5055	5058	5062	5093	5177	6826
5042	5046	5053	5055	5058	5066	5070	5149	6827
5039	5050	5054	5057	5058	5064	5069	5163	6828
5040	5050	5054	5055	5058	5065	5104	5204	6829
5043	5048	5054	5055	5058	5060	5069	5180	6830
5045	5052	5054	5055	5058	5061	5094	5272	6831
5040	5050	5054	5055	5058	5061	5078	5165	6832
5039	5051	5054	5056	5058	5060	5069	5149	6833
5039	5050	5054	5057	5058	5061	5070	5154	6834
5040	5046	5053	5055	5058	5060	5113	5149	6835
5043	5048	5054	5055	5058	5061	5088	5168	6836
5041	5051	5054	5055	5058	5060	5088	5168	6837
5045	5046	5053	5056	5058	5062	5087	5149	6838
5040	5046	5053	5055	5058	5062	5078	5149	6839
5044	5050	5054	5055	5058	5062	5069	5149	6840
5043	5046	5053	5056	5058	5060	5075	5159	6841
5039	5046	5053	5055	5059	5061	5069	5162	6842
5044	5050	5054	5055	5059	5062	5069	5149	6843
5040	5052	5054	5057	5058	5062	5075	5149	6844
5041	5048	5054	5056	5058	5063	5070	5149	6845
5039	5052	5054	5056	5058	5061	5099	5188	6846
5043	5046	5053	5055	5059	5061	5069	5180	6847
5041	5051	5054	5055	5059	5062	5069	5149	6848
5042	5052	5053	5055	5058	5061	5069	5162	6849
5042	5046	5053	5055	5058	5060	5070	5149	6850
5041	5050	5054	5057	5058	5061	5073	5218	6851
5043	5051	5054	5055	5059	5061	5085	5230	6852
5043	5052	5054	5055	5059	5065	5069	5149	6853
5040	5046	5053	5055	5058	5067	5078	5165	6854
5041	5046	5053	5055	5058	5060	5076	5205	6855
5040	5052	5054	5055	5058	5060	5096	5181	6856
5042	5048	5054	5055	5058	5061	5090	5149	6857
5041	5048	5054	5056	5058	5064	5075	5149	6858
5045	5052	5054	5057	5058	5063	5069	5149	6859
5044	5046	5053	5057	5058	5061	5069	5179	6860
5039	5047	5053	5056	5058	5062	5069	5149	6861
5045	5049	5054	5055	5058	5061	5093	5177	6862
5039	5052	5054	5056	5058	5064	5073	5183	6863
5042	5052	5053	5056	5058	5064	5075	5149	6864
5043	5047	5053	5056	5059	5064	5073	5156	6865
5041	5052	5053	5056	5058	5062	5069	5151	6866
5044	5051	5054	5055	5058	5061	5069	5158	6867
5043	5048	5054	5055	5058	5061	5087	5149	6868
5039	5052	5054	5056	5058	5060	5073	5249	6869
5039	5050	5054	5055	5058	5061	5121	5255	6870
5040	5048	5054	5055	5058	5063	5073	5149	6871
5044	5052	5054	5055	5058	5061	5075	5203	6872
5042	5046	5053	5055	5058	5061	5120	5253	6873
5040	5049	5054	5055	5058	5061	5140	5149	6874
5040	5050	5054	5055	5058	5060	5079	5149	6875
5043	5049	5054	5055	5058	5061	5086	5216	6876
5039	5050	5054	5055	5058	5061	5080	5174	6877
5044	5049	5054	5055	5059	5060	5069	5180	6878
5044	5050	5054	5057	5058	5065	5071	5152	6879
5040	5049	5054	5057	5058	5063	5073	5183	6880
5041	5052	5053	5055	5058	5061	5069	5287	6881
5041	5048	5054	5055	5058	5061	5070	5173	6882
5041	5052	5053	5055	5058	5060	5072	5153	6883
5043	5047	5053	5056	5058	5060	5075	5159	6884
5041	5049	5054	5055	5058	5061	5085	5201	6885
5039	5051	5054	5057	5058	5065	5071	5152	6886
5044	5046	5053	5055	5058	5064	5075	5149	6887
5042	5046	5053	5055	5058	5060	5085	5169	6888
5041	5048	5054	5055	5058	5063	5072	5244	6889
5039	5048	5054	5056	5059	5061	5079	5176	6890
5039	5047	5053	5056	5058	5061	5069	5163	6891
5040	5051	5054	5055	5058	5062	5085	5230	6892
5040	5047	5053	5055	5058	5064	5073	5157	6893
5040	5051	5054	5055	5058	5066	5095	5149	6894
5043	5051	5054	5055	5059	5061	5069	5149	6895
5044	5051	5054	5055	5058	5060	5085	5201	6896
5042	5049	5054	5055	5058	5061	5073	5161	6897
5040	5046	5053	5056	5058	5062	5069	5172	6898
5040	5047	5053	5056	5058	5063	5073	5156	6899
5041	5046	5053	5055	5058	5061	5069	5179	6900
5043	5051	5054	5056	5059	5060	5069	5172	6901
5043	5052	5054	5056	5059	5064	5069	5235	6902
5041	5049	5054	5055	5058	5060	5116	5234	6903
5042	5051	5054	5055	5058	5061	5086	5216	6904
5041	5048	5054	5055	5058	5060	5118	5149	6905
5039	5047	5053	5056	5058	5063	5075	5159	6906
5041	5048	5054	5055	5058	5060	5069	5182	6907
5040	5048	5054	5055	5058	5061	5069	5252	6908
5041	5052	5053	5055	5058	5064	5073	5249	6909
5044	5052	5054	5055	5058	5060	5107	5213	6910
5044	5048	5054	5057	5058	5061	5075	5159	6911
5043	5050	5054	5055	5058	5064	5069	5235	6912
5041	5048	5054	5055	5059	5061	5073	5156	6913
5039	5052	5054	5055	5058	5063	5070	5243	6914
5044	5047	5053	5056	5058	5060	5099	5188	6915
5040	5046	5053	5055	5058	5060	5110	5149	6916
5043	5049	5054	5056	5058	5064	5069	5149	6917
5043	5052	5054	5055	5058	5061	5092	5149	6918
5042	5052	5053	5055	5058	5064	5075	5149	6919
5040	5049	5054	5055	5058	5063	5084	5160	6920
5041	5047	5053	5055	5058	5061	5108	5149	6921
5040	5050	5054	5056	5059	5061	5086	5216	6922
5041	5046	5053	5055	5058	5062	5097	5221	6923
5041	5047	5053	5055	5058	5060	5085	5220	6924
5042	5048	5054	5055	5058	5061	5084	5232	6925
5044	5049	5054	5055	5058	5061	5077	5195	6926
5041	5047	5053	5055	5058	5065	5112	5225	6927
5042	5050	5054	5055	5058	5060	5069	5180	6928
5044	5046	5053	5055	5059	5062	5069	5149	6929
5044	5049	5054	5055	5058	5063	5075	5159	6930
5044	5051	5054	5055	5058	5061	5073	5218	6931
5044	5049	5054	5057	5058	5060	5069	5163	6932
5043	5046	5053	5056	5058	5060	5081	5149	6933
5044	5052	5054	5057	5058	5061	5075	5159	6934
5040	5051	5054	5055	5058	5063	5070	5150	6935
5045	5050	5054	5055	5058	5061	5075	5149	6936
5045	5052	5054	5055	5058	5061	5089	5170	6937
5039	5052	5054	5056	5058	5061	5088	5190	6938
5044	5049	5054	5057	5058	5065	5071	5152	6939
5044	5050	5054	5055	5058	5061	5070	5149	6940
5042	5052	5053	5055	5058	5063	5075	5149	6941
5041	5049	5054	5056	5058	5061	5107	5149	6942
5041	5052	5053	5055	5058	5062	5076	5205	6943
5039	5050	5054	5057	5058	5061	5069	5185	6944
5039	5050	5054	5055	5058	5061	5075	5167	6945
5043	5051	5054	5056	5058	5061	5080	5149	6946
5041	5046	5053	5056	5058	5061	5081	5149	6947
5041	5048	5054	5055	5059	5061	5075	5149	6948
5040	5047	5053	5055	5058	5064	5086	5149	6949
5043	5047	5053	5055	5058	5063	5077	5155	6950
5043	5049	5054	5056	5058	5061	5069	5172	6951
5043	5048	5054	5055	5058	5061	5069	5235	6952
5040	5052	5054	5055	5058	5060	5070	5243	6953
5039	5049	5054	5056	5058	5061	5069	5172	6954
5040	5051	5054	5055	5058	5061	5086	5211	6955
5040	5051	5054	5056	5058	5061	5069	5172	6956
5041	5049	5054	5056	5058	5060	5070	5150	6957
5043	5047	5053	5055	5058	5064	5069	5149	6958
5041	5051	5054	5056	5058	5061	5073	5218	6959
5039	5048	5054	5055	5058	5065	5075	5159	6960
5041	5048	5054	5055	5058	5063	5072	5153	6961
5042	5048	5054	5056	5058	5061	5075	5149	6962
5039	5051	5054	5055	5059	5061	5077	5155	6963
5041	5048	5054	5055	5059	5060	5085	5230	6964
5043	5051	5054	5055	5058	5064	5070	5149	6965
5039	5047	5053	5055	5058	5062	5073	5157	6966
5043	5047	5053	5055	5059	5060	5069	5262	6967
5041	5049	5054	5055	5059	5062	5085	5230	6968
5039	5048	5054	5057	5058	5061	5070	5154	6969
5045	5046	5053	5055	5058	5062	5074	5149	6970
5042	5047	5053	5055	5058	5063	5077	5149	6971
5044	5048	5054	5055	5058	5064	5078	5149	6972
5041	5052	5053	5055	5059	5060	5097	5149	6973
5041	5048	5054	5055	5059	5062	5074	5149	6974
5041	5049	5054	5057	5058	5061	5088	5149	6975
5044	5049	5054	5057	5058	5064	5071	5152	6976
5045	5049	5054	5055	5058	5060	5088	5149	6977
5043	5049	5054	5055	5059	5066	5086	5149	6978
5044	5048	5054	5055	5058	5060	5085	5202	6979
5044	5050	5054	5057	5058	5062	5071	5152	6980
5041	5051	5054	5055	5058	5060	5070	5149	6981
5039	5047	5053	5055	5058	5061	5082	5149	6982
5043	5049	5054	5056	5058	5060	5075	5159	6983
5041	5046	5053	5055	5058	5064	5070	5154	6984
5045	5049	5054	5055	5058	5061	5086	5216	6985
5044	5052	5054	5056	5058	5060	5088	5190	6986
5039	5046	5053	5055	5058	5064	5075	5159	6987
5039	5049	5054	5055	5058	5060	5069	5240	6988
5041	5047	5053	5055	5058	5062	5097	5221	6989
5040	5052	5054	5055	5058	5060	5080	5149	6990
5045	5050	5054	5055	5058	5060	5075	5159	6991
5040	5051	5054	5056	5058	5061	5075	5203	6992
5040	5046	5053	5055	5058	5064	5095	5149	6993
5041	5050	5054	5055	5059	5063	5085	5169	6994
5044	5049	5054	5055	5058	5062	5073	5149	6995
5042	5052	5053	5057	5058	5061	5069	5162	6996
5043	5051	5054	5055	5058	5060	5097	5221	6997
5043	5049	5054	5056	5058	5063	5069	5240	6998
5040	5047	5053	5055	5058	5062	5070	5149	6999
5043	5048	5054	5056	5058	5061	5107	5213	7000
5044	5052	5054	5055	5058	5061	5070	5166	7001
5042	5046	5053	5056	5058	5061	5075	5149	7002
5039	5049	5054	5057	5058	5061	5069	5235	7003
5041	5052	5053	5055	5058	5061	5083	5149	7004
5040	5051	5054	5055	5058	5063	5069	5151	7005
5042	5050	5054	5055	5058	5063	5087	5191	7006
5041	5051	5054	5055	5058	5060	5069	5158	7007
5043	5049	5054	5055	5058	5063	5073	5149	7008
5042	5051	5054	5055	5058	5063	5093	5177	7009
5042	5051	5054	5056	5058	5061	5075	5159	7010
5039	5050	5054	5057	5058	5060	5069	5240	7011
5042	5050	5054	5057	5058	5063	5073	5175	7012
5042	5048	5054	5055	5058	5061	5076	5205	7013
5040	5046	5053	5055	5058	5062	5085	5201	7014
5039	5049	5054	5055	5058	5063	5075	5203	7015
5043	5050	5054	5055	5058	5061	5144	5149	7016
5043	5048	5054	5055	5058	5061	5097	5184	7017
5043	5047	5053	5055	5058	5063	5094	5272	7018
5042	5047	5053	5055	5058	5060	5080	5149	7019
5040	5051	5054	5055	5058	5061	5085	5201	7020
5040	5052	5054	5056	5058	5062	5088	5190	7021
5044	5052	5054	5057	5058	5061	5069	5149	7022
5043	5048	5054	5055	5058	5061	5075	5199	7023
5039	5048	5054	5057	5058	5065	5075	5159	7024
5044	5046	5053	5056	5058	5060	5069	5306	7025
5040	5046	5053	5055	5058	5060	5069	5162	7026
5043	5048	5054	5055	5058	5061	5078	5165	7027
5044	5047	5053	5055	5058	5061	5085	5273	7028
5045	5052	5054	5055	5058	5061	5069	5162	7029
5040	5048	5054	5055	5058	5060	5114	5149	7030
5044	5047	5053	5055	5059	5062	5075	5149	7031
5041	5052	5053	5056	5058	5060	5090	5149	7032
5042	5050	5054	5055	5058	5061	5105	5149	7033
5039	5048	5054	5056	5058	5060	5098	5186	7034
5040	5047	5053	5055	5059	5060	5087	5200	7035
5044	5047	5053	5055	5058	5061	5075	5238	7036
5041	5051	5054	5055	5058	5061	5069	5248	7037
5041	5050	5054	5056	5058	5064	5069	5163	7038
5039	5049	5054	5055	5058	5062	5077	5155	7039
5042	5052	5053	5055	5058	5061	5070	5149	7040
5042	5049	5054	5055	5058	5061	5078	5165	7041
5044	5051	5054	5056	5058	5061	5073	5183	7042
5042	5048	5054	5055	5058	5060	5084	5232	7043
5041	5048	5054	5057	5058	5061	5069	5179	7044
5041	5050	5054	5057	5058	5065	5087	5191	7045
5040	5048	5054	5055	5059	5061	5070	5150	7046
5044	5050	5054	5055	5058	5061	5087	5222	7047
5044	5051	5054	5055	5058	5060	5069	5151	7048
5042	5050	5054	5056	5058	5061	5070	5149	7049
5040	5051	5054	5055	5058	5064	5069	5162	7050
5041	5051	5054	5057	5058	5060	5115	5233	7051
5039	5047	5053	5055	5059	5064	5075	5149	7052
5042	5046	5053	5055	5058	5064	5075	5238	7053
5045	5048	5054	5055	5058	5063	5069	5172	7054
5043	5050	5054	5055	5058	5060	5088	5226	7055
5043	5048	5054	5055	5058	5061	5122	5289	7056
5039	5046	5053	5055	5059	5063	5075	5199	7057
5043	5046	5053	5055	5058	5061	5080	5174	7058
5043	5050	5054	5055	5058	5061	5092	5149	7059
5043	5048	5054	5056	5058	5061	5108	5149	7060
5044	5047	5053	5056	5058	5061	5073	5218	7061
5042	5046	5053	5055	5058	5061	5069	5162	7062
5043	5047	5053	5055	5058	5060	5070	5154	7063
5039	5050	5054	5055	5058	5063	5087	5191	7064
5042	5051	5054	5055	5058	5065	5093	5177	7065
5039	5051	5054	5056	5058	5061	5086	5216	7066
5039	5046	5053	5055	5058	5064	5075	5149	7067
5044	5046	5053	5055	5058	5061	5075	5223	7068
5045	5046	5053	5055	5058	5062	5075	5149	7069
5040	5047	5053	5057	5058	5060	5073	5249	7070
5039	5047	5053	5056	5058	5062	5070	5150	7071
5041	5050	5054	5055	5058	5064	5081	5149	7072
5039	5046	5053	5056	5058	5060	5099	5188	7073
5042	5048	5054	5056	5058	5061	5080	5149	7074
5040	5052	5054	5055	5058	5060	5116	5234	7075
5040	5052	5054	5055	5058	5060	5072	5244	7076
5040	5048	5054	5055	5058	5065	5093	5177	7077
5041	5049	5054	5057	5058	5061	5075	5159	7078
5043	5048	5054	5055	5058	5064	5073	5157	7079
5040	5052	5054	5056	5058	5063	5069	5151	7080
5043	5050	5054	5055	5058	5060	5075	5199	7081
5040	5047	5053	5055	5058	5065	5112	5225	7082
5039	5050	5054	5056	5058	5061	5070	5164	7083
5040	5051	5054	5055	5058	5065	5069	5149	7084
5039	5049	5054	5055	5058	5065	5088	5149	7085
5041	5048	5054	5056	5059	5061	5079	5176	7086
5042	5051	5054	5057	5058	5061	5080	5174	7087
5041	5049	5054	5055	5059	5060	5085	5230	7088
5043	5048	5054	5056	5058	5060	5070	5149	7089
5039	5047	5053	5055	5058	5061	5085	5220	7090
5043	5051	5054	5055	5058	5061	5073	5157	7091
5041	5052	5053	5055	5058	5060	5087	5149	7092
5044	5049	5054	5055	5058	5061	5095	5149	7093
5040	5051	5054	5055	5058	5061	5073	5249	7094
5045	5048	5054	5055	5059	5060	5087	5149	7095
5041	5046	5053	5055	5059	5061	5097	5184	7096
5040	5046	5053	5055	5058	5061	5069	5182	7097
5042	5049	5054	5055	5058	5063	5107	5213	7098
5039	5051	5054	5055	5058	5061	5103	5149	7099
5040	5051	5054	5055	5058	5060	5069	5321	7100
5039	5047	5053	5056	5058	5062	5088	5190	7101
5041	5052	5053	5055	5058	5061	5104	5204	7102
5039	5046	5053	5055	5058	5060	5085	5169	7103
5044	5047	5053	5055	5058	5065	5069	5149	7104
5041	5052	5053	5056	5058	5063	5073	5249	7105
5040	5047	5053	5055	5058	5061	5094	5272	7106
5044	5051	5054	5055	5058	5062	5104	5204	7107
5041	5050	5054	5056	5058	5061	5073	5149	7108
5045	5049	5054	5056	5059	5061	5069	5240	7109
5045	5048	5054	5056	5059	5061	5070	5150	7110
5039	5051	5054	5055	5058	5061	5073	5218	7111
5043	5051	5054	5057	5058	5061	5069	5149	7112
5041	5051	5054	5055	5058	5062	5070	5150	7113
5044	5050	5054	5056	5058	5061	5075	5149	7114
5042	5048	5054	5055	5058	5064	5110	5149	7115
5040	5047	5053	5055	5058	5064	5069	5179	7116
5039	5048	5054	5056	5058	5064	5099	5188	7117
5041	5048	5054	5055	5058	5065	5071	5152	7118
5039	5050	5054	5057	5059	5060	5071	5152	7119
5041	5048	5054	5055	5058	5060	5087	5222	7120
5041	5051	5054	5057	5058	5061	5080	5174	7121
5039	5051	5054	5055	5058	5060	5099	5189	7122
5039	5046	5053	5055	5059	5064	5075	5149	7123
5041	5046	5053	5055	5058	5060	5085	5230	7124
5045	5046	5053	5055	5058	5063	5072	5153	7125
5043	5049	5054	5056	5058	5060	5069	5240	7126
5043	5048	5054	5055	5059	5061	5087	5191	7127
5044	5047	5053	5056	5059	5061	5070	5150	7128
5041	5051	5054	5055	5058	5061	5087	5267	7129
5042	5046	5053	5056	5059	5061	5070	5150	7130
5039	5048	5054	5055	5058	5060	5088	5226	7131
5044	5049	5054	5055	5058	5061	5069	5258	7132
5043	5047	5053	5055	5059	5060	5085	5228	7133
5039	5051	5054	5055	5059	5060	5087	5149	7134
5042	5047	5053	5055	5058	5061	5085	5169	7135
5042	5051	5054	5055	5058	5060	5085	5201	7136
5040	5047	5053	5055	5058	5065	5078	5149	7137
5039	5046	5053	5055	5058	5062	5075	5199	7138
5040	5052	5054	5057	5058	5061	5075	5149	7139
5041	5051	5054	5055	5058	5061	5084	5160	7140
5041	5052	5053	5055	5058	5060	5116	5234	7141
5044	5052	5054	5055	5058	5061	5069	5209	7142
5044	5052	5054	5056	5059	5061	5075	5159	7143
5042	5047	5053	5055	5058	5061	5069	5185	7144
5039	5051	5054	5057	5058	5062	5070	5150	7145
5041	5049	5054	5055	5058	5060	5069	5342	7146
5039	5052	5054	5055	5058	5062	5069	5151	7147
5039	5047	5053	5056	5058	5064	5075	5238	7148
5039	5046	5053	5055	5058	5061	5097	5221	7149
5044	5047	5053	5055	5058	5063	5095	5149	7150
5039	5049	5054	5055	5058	5061	5069	5240	7151
5043	5046	5053	5056	5058	5061	5088	5190	7152
5041	5050	5054	5055	5058	5060	5102	5239	7153
5041	5052	5053	5056	5058	5061	5069	5258	7154
5040	5052	5054	5057	5058	5061	5086	5216	7155
5044	5046	5053	5057	5058	5065	5088	5149	7156
5043	5051	5054	5055	5058	5061	5075	5238	7157
5043	5051	5054	5055	5058	5061	5110	5149	7158
5042	5050	5054	5055	5058	5061	5092	5149	7159
5039	5048	5054	5057	5058	5063	5069	5149	7160
5041	5050	5054	5057	5059	5061	5086	5216	7161
5039	5050	5054	5057	5058	5061	5082	5149	7162
5043	5050	5054	5055	5058	5060	5070	5154	7163
5039	5048	5054	5055	5058	5061	5100	5192	7164
5040	5051	5054	5055	5058	5063	5069	5182	7165
5041	5046	5053	5055	5058	5061	5069	5206	7166
5042	5046	5053	5056	5058	5061	5105	5149	7167
5045	5046	5053	5055	5058	5060	5096	5181	7168
5043	5048	5054	5056	5058	5060	5090	5149	7169
5044	5049	5054	5055	5058	5063	5069	5207	7170
5041	5052	5053	5055	5058	5064	5073	5183	7171
5040	5050	5054	5055	5058	5060	5087	5222	7172
5044	5046	5053	5055	5058	5061	5069	5281	7173
5040	5049	5054	5055	5058	5061	5081	5210	7174
5042	5047	5053	5055	5058	5060	5088	5149	7175
5041	5046	5053	5055	5058	5065	5117	5288	7176
5041	5052	5053	5056	5058	5062	5098	5186	7177
5039	5047	5053	5056	5058	5061	5069	5235	7178
5044	5047	5053	5055	5058	5064	5090	5149	7179
5044	5049	5054	5057	5058	5061	5069	5162	7180
5041	5046	5053	5055	5058	5065	5069	5149	7181
5040	5047	5053	5055	5058	5060	5069	5248	7182
5040	5052	5054	5055	5058	5062	5069	5209	7183
5039	5047	5053	5055	5058	5062	5075	5167	7184
5040	5050	5054	5055	5058	5065	5071	5152	7185
5044	5052	5054	5055	5058	5061	5069	5151	7186
5043	5052	5054	5055	5058	5061	5112	5265	7187
5041	5046	5053	5056	5058	5062	5098	5186	7188
5039	5049	5054	5055	5058	5064	5075	5199	7189
5042	5049	5054	5055	5058	5066	5095	5149	7190
5041	5049	5054	5055	5058	5064	5088	5226	7191
5043	5051	5054	5056	5058	5060	5069	5172	7192
5042	5049	5054	5055	5058	5063	5069	5151	7193
5045	5049	5054	5055	5059	5063	5077	5155	7194
5041	5051	5054	5055	5058	5060	5069	5306	7195
5039	5052	5054	5056	5058	5061	5123	5277	7196
5041	5049	5054	5057	5058	5060	5069	5240	7197
5039	5047	5053	5056	5059	5064	5069	5235	7198
5039	5049	5054	5055	5058	5062	5069	5163	7199
5040	5052	5054	5055	5058	5064	5069	5172	7200
5044	5050	5054	5055	5058	5064	5075	5159	7201
5041	5052	5053	5056	5058	5061	5069	5321	7202
5040	5050	5054	5055	5058	5061	5087	5237	7203
5041	5050	5054	5055	5058	5063	5077	5195	7204
5041	5047	5053	5056	5058	5061	5087	5149	7205
5041	5051	5054	5055	5058	5065	5071	5152	7206
5041	5052	5053	5055	5058	5060	5114	5149	7207
5041	5049	5054	5055	5059	5061	5087	5191	7208
5039	5052	5054	5055	5058	5067	5071	5152	7209
5039	5050	5054	5055	5058	5061	5077	5195	7210
5040	5046	5053	5056	5058	5062	5069	5149	7211
5041	5048	5054	5056	5058	5063	5069	5149	7212
5043	5049	5054	5056	5058	5065	5081	5210	7213
5042	5048	5054	5055	5058	5063	5069	5149	7214
5041	5051	5054	5055	5058	5061	5073	5157	7215
5041	5046	5053	5056	5058	5061	5099	5188	7216
5045	5049	5054	5055	5058	5062	5083	5318	7217
5044	5051	5054	5055	5058	5060	5069	5207	7218
5044	5046	5053	5055	5058	5062	5075	5159	7219
5040	5047	5053	5055	5058	5061	5099	5188	7220
5040	5047	5053	5055	5059	5062	5070	5150	7221
5042	5049	5054	5056	5058	5063	5075	5149	7222
5041	5051	5054	5055	5059	5062	5069	5151	7223
5043	5049	5054	5056	5058	5061	5069	5151	7224
5040	5051	5054	5056	5058	5063	5070	5150	7225
5044	5051	5054	5055	5058	5066	5095	5149	7226
5039	5049	5054	5055	5059	5061	5069	5151	7227
5041	5046	5053	5055	5059	5062	5085	5169	7228
5041	5050	5054	5055	5058	5060	5085	5220	7229
5044	5050	5054	5057	5058	5062	5070	5149	7230
5041	5047	5053	5055	5058	5061	5075	5203	7231
5044	5051	5054	5055	5058	5061	5086	5216	7232
5041	5052	5053	5055	5059	5065	5069	5172	7233
5041	5046	5053	5056	5058	5060	5069	5151	7234
5039	5052	5054	5057	5059	5061	5075	5149	7235
5042	5049	5054	5056	5058	5060	5070	5150	7236
5045	5049	5054	5055	5058	5062	5075	5149	7237
5039	5048	5054	5055	5058	5061	5069	5151	7238
5039	5052	5054	5055	5059	5063	5069	5149	7239
5039	5050	5054	5057	5058	5062	5115	5233	7240
5040	5047	5053	5055	5058	5061	5081	5149	7241
5045	5048	5054	5055	5059	5060	5085	5169	7242
5040	5048	5054	5055	5059	5060	5069	5149	7243
5039	5049	5054	5057	5058	5061	5098	5186	7244
5045	5049	5054	5055	5058	5061	5070	5243	7245
5043	5046	5053	5055	5058	5065	5075	5159	7246
5040	5050	5054	5055	5058	5060	5070	5166	7247
5040	5049	5054	5055	5058	5060	5085	5202	7248
5040	5052	5054	5056	5058	5062	5079	5176	7249
5041	5048	5054	5056	5058	5060	5075	5159	7250
5045	5048	5054	5055	5058	5062	5080	5149	7251
5039	5050	5054	5055	5058	5063	5085	5201	7252
5040	5052	5054	5055	5058	5060	5072	5336	7253
5040	5048	5054	5055	5058	5061	5069	5151	7254
5044	5046	5053	5056	5058	5061	5075	5238	7255
5042	5049	5054	5055	5058	5060	5069	5248	7256
5042	5047	5053	5055	5058	5067	5070	5243	7257
5044	5049	5054	5057	5058	5061	5087	5259	7258
5040	5050	5054	5055	5058	5060	5112	5225	7259
5043	5046	5053	5055	5059	5061	5097	5149	7260
5044	5048	5054	5055	5059	5061	5079	5176	7261
5041	5048	5054	5055	5058	5064	5069	5151	7262
5045	5046	5053	5056	5058	5062	5102	5149	7263
5039	5052	5054	5055	5058	5064	5069	5248	7264
5039	5046	5053	5057	5058	5065	5073	5175	7265
5039	5049	5054	5055	5058	5063	5085	5201	7266
5042	5052	5053	5055	5058	5060	5097	5149	7267
5042	5051	5054	5055	5059	5062	5081	5149	7268
5043	5050	5054	5055	5058	5061	5085	5230	7269
5040	5049	5054	5055	5058	5060	5087	5149	7270
5045	5046	5053	5056	5058	5061	5075	5149	7271
5039	5049	5054	5055	5058	5060	5085	5149	7272
5043	5046	5053	5055	5058	5061	5070	5154	7273
5040	5047	5053	5055	5058	5061	5121	5255	7274
5044	5047	5053	5055	5058	5065	5074	5149	7275
5044	5048	5054	5055	5058	5060	5098	5186	7276
5040	5052	5054	5055	5058	5061	5088	5297	7277
5043	5048	5054	5055	5058	5064	5099	5196	7278
5044	5050	5054	5055	5058	5064	5110	5149	7279
5041	5050	5054	5055	5058	5060	5084	5160	7280
5039	5050	5054	5055	5058	5060	5100	5192	7281
5041	5047	5053	5056	5058	5061	5081	5149	7282
5045	5049	5054	5056	5058	5061	5075	5238	7283
5044	5049	5054	5056	5058	5061	5121	5255	7284
5040	5049	5054	5055	5058	5062	5073	5149	7285
5041	5047	5053	5056	5058	5061	5115	5233	7286
5041	5048	5054	5055	5058	5060	5085	5220	7287
5039	5050	5054	5055	5058	5060	5073	5218	7288
5041	5048	5054	5055	5058	5061	5085	5273	7289
5040	5052	5054	5055	5059	5061	5077	5155	7290
5044	5052	5054	5055	5058	5061	5069	5179	7291
5044	5049	5054	5055	5058	5065	5069	5207	7292
5041	5047	5053	5056	5058	5060	5080	5149	7293
5041	5050	5054	5055	5059	5060	5070	5166	7294
5041	5049	5054	5055	5058	5064	5116	5234	7295
5040	5046	5053	5055	5058	5061	5108	5214	7296
5041	5047	5053	5055	5058	5061	5123	5277	7297
5043	5046	5053	5055	5058	5060	5115	5233	7298
5039	5048	5054	5056	5058	5062	5075	5159	7299
5039	5047	5053	5055	5058	5060	5069	5235	7300
5042	5046	5053	5055	5058	5061	5069	5240	7301
5040	5047	5053	5055	5058	5060	5070	5154	7302
5041	5046	5053	5055	5059	5061	5088	5149	7303
5039	5046	5053	5056	5058	5060	5073	5183	7304
5043	5051	5054	5055	5058	5060	5093	5177	7305
5041	5049	5054	5055	5059	5060	5075	5159	7306
5039	5050	5054	5055	5058	5060	5073	5161	7307
5040	5052	5054	5055	5058	5064	5075	5238	7308
5043	5046	5053	5055	5059	5064	5070	5150	7309
5039	5050	5054	5055	5058	5061	5072	5153	7310
5040	5047	5053	5057	5058	5061	5071	5152	7311
5040	5052	5054	5055	5058	5060	5085	5169	7312
5039	5048	5054	5056	5058	5065	5073	5249	7313
5042	5052	5053	5056	5058	5062	5098	5186	7314
5042	5052	5053	5057	5058	5060	5113	5229	7315
5042	5047	5053	5055	5058	5060	5069	5151	7316
5041	5048	5054	5055	5058	5067	5069	5258	7317
5040	5049	5054	5055	5058	5060	5087	5191	7318
5041	5051	5054	5055	5059	5064	5073	5149	7319
5040	5046	5053	5055	5059	5060	5086	5310	7320
5045	5046	5053	5055	5058	5061	5075	5149	7321
5040	5049	5054	5055	5058	5064	5069	5151	7322
5043	5052	5054	5056	5058	5062	5073	5183	7323
5043	5047	5053	5055	5058	5061	5094	5178	7324
5041	5052	5053	5055	5058	5065	5107	5213	7325
5045	5049	5054	5055	5058	5060	5070	5154	7326
5039	5050	5054	5055	5059	5062	5074	5149	7327
5040	5052	5054	5055	5058	5063	5072	5244	7328
5043	5047	5053	5056	5058	5064	5073	5183	7329
5039	5051	5054	5056	5058	5061	5098	5186	7330
5040	5052	5054	5055	5058	5066	5095	5149	7331
5041	5049	5054	5055	5058	5061	5094	5178	7332
5043	5052	5054	5055	5059	5061	5108	5214	7333
5040	5052	5054	5055	5059	5060	5111	5219	7334
5041	5052	5053	5055	5058	5062	5085	5201	7335
5043	5051	5054	5055	5058	5062	5070	5149	7336
5042	5048	5054	5056	5058	5061	5086	5149	7337
5039	5050	5054	5055	5058	5062	5075	5167	7338
5042	5049	5054	5056	5058	5062	5079	5176	7339
5040	5049	5054	5056	5058	5061	5069	5151	7340
5041	5048	5054	5055	5058	5062	5077	5195	7341
5040	5049	5054	5056	5058	5061	5069	5258	7342
5041	5047	5053	5055	5058	5064	5075	5159	7343
5042	5049	5054	5055	5058	5061	5073	5249	7344
5044	5052	5054	5055	5058	5060	5097	5221	7345
5039	5048	5054	5055	5058	5067	5078	5165	7346
5043	5052	5054	5055	5058	5064	5069	5151	7347
5041	5047	5053	5056	5058	5060	5090	5149	7348
5044	5052	5054	5055	5058	5063	5073	5218	7349
5039	5052	5054	5056	5058	5061	5069	5235	7350
5040	5050	5054	5055	5059	5065	5088	5268	7351
5039	5050	5054	5055	5058	5061	5088	5168	7352
5039	5052	5054	5055	5058	5063	5069	5331	7353
5043	5046	5053	5055	5058	5064	5070	5243	7354
5039	5048	5054	5056	5058	5061	5073	5249	7355
5039	5046	5053	5055	5059	5060	5075	5159	7356
5039	5052	5054	5055	5058	5060	5087	5149	7357
5039	5047	5053	5055	5058	5061	5075	5199	7358
5039	5052	5054	5055	5058	5063	5070	5149	7359
5041	5051	5054	5057	5058	5061	5070	5150	7360
5044	5047	5053	5055	5058	5060	5114	5149	7361
5042	5052	5053	5055	5058	5061	5112	5225	7362
5041	5048	5054	5056	5058	5061	5069	5180	7363
5039	5052	5054	5056	5059	5061	5071	5149	7364
5043	5046	5053	5055	5058	5062	5069	5180	7365
5041	5048	5054	5055	5058	5061	5087	5259	7366
5042	5050	5054	5055	5058	5063	5069	5149	7367
5045	5047	5053	5055	5058	5060	5085	5230	7368
5040	5052	5054	5056	5058	5062	5073	5249	7369
5041	5048	5054	5057	5059	5061	5069	5235	7370
5044	5050	5054	5055	5058	5060	5085	5201	7371
5041	5052	5053	5055	5059	5061	5081	5149	7372
5040	5051	5054	5057	5058	5061	5090	5308	7373
5042	5049	5054	5057	5058	5060	5069	5179	7374
5043	5051	5054	5055	5058	5062	5069	5278	7375
5043	5050	5054	5055	5059	5061	5087	5222	7376
5040	5049	5054	5056	5058	5061	5075	5149	7377
5039	5051	5054	5055	5058	5061	5069	5158	7378
5045	5046	5053	5055	5058	5061	5069	5179	7379
5042	5048	5054	5055	5058	5060	5070	5150	7380
5040	5050	5054	5055	5058	5064	5070	5149	7381
5040	5047	5053	5055	5058	5064	5078	5149	7382
5043	5050	5054	5056	5059	5061	5069	5235	7383
5045	5050	5054	5055	5058	5060	5087	5200	7384
5040	5051	5054	5057	5058	5061	5069	5306	7385
5043	5049	5054	5055	5058	5060	5069	5180	7386
5044	5052	5054	5057	5058	5064	5069	5179	7387
5042	5052	5053	5055	5059	5060	5087	5149	7388
5039	5048	5054	5055	5058	5064	5104	5204	7389
5043	5048	5054	5055	5058	5061	5086	5216	7390
5040	5050	5054	5056	5058	5060	5080	5149	7391
5042	5051	5054	5055	5058	5061	5127	5149	7392
5040	5052	5054	5055	5058	5062	5069	5180	7393
5040	5051	5054	5055	5058	5064	5078	5165	7394
5040	5052	5054	5056	5058	5063	5075	5159	7395
5040	5048	5054	5055	5058	5061	5108	5214	7396
5040	5052	5054	5055	5058	5063	5107	5213	7397
5045	5049	5054	5055	5059	5060	5075	5159	7398
5040	5052	5054	5055	5058	5060	5069	5246	7399
5039	5050	5054	5055	5058	5064	5075	5203	7400
5044	5052	5054	5055	5058	5062	5090	5149	7401
5039	5047	5053	5057	5058	5061	5069	5162	7402
5039	5050	5054	5056	5058	5061	5070	5149	7403
5039	5051	5054	5055	5058	5066	5095	5149	7404
5043	5047	5053	5055	5058	5061	5092	5149	7405
5041	5050	5054	5055	5058	5061	5071	5152	7406
5044	5046	5053	5055	5058	5061	5086	5216	7407
5041	5047	5053	5056	5059	5061	5070	5164	7408
5039	5052	5054	5057	5058	5064	5069	5235	7409
5039	5046	5053	5055	5058	5061	5079	5149	7410
5041	5048	5054	5055	5058	5061	5099	5196	7411
5039	5047	5053	5055	5058	5063	5095	5149	7412
5043	5048	5054	5056	5058	5061	5069	5179	7413
5041	5052	5053	5055	5059	5060	5086	5149	7414
5044	5051	5054	5055	5058	5060	5069	5252	7415
5042	5051	5054	5055	5058	5060	5070	5149	7416
5043	5048	5054	5055	5058	5062	5110	5149	7417
5043	5051	5054	5055	5058	5063	5075	5149	7418
5045	5049	5054	5055	5058	5062	5069	5149	7419
5039	5051	5054	5056	5058	5060	5069	5172	7420
5045	5052	5054	5055	5058	5060	5069	5180	7421
5041	5051	5054	5056	5058	5065	5073	5157	7422
5040	5050	5054	5055	5058	5064	5069	5179	7423
5041	5050	5054	5055	5059	5061	5081	5210	7424
5039	5047	5053	5055	5058	5065	5071	5152	7425
5042	5049	5054	5055	5058	5061	5092	5224	7426
5042	5050	5054	5056	5058	5061	5075	5149	7427
5041	5052	5053	5055	5058	5060	5069	5180	7428
5042	5052	5053	5055	5058	5061	5069	5257	7429
5044	5048	5054	5055	5058	5060	5113	5229	7430
5045	5052	5054	5055	5058	5060	5114	5149	7431
5040	5046	5053	5055	5058	5063	5075	5149	7432
5039	5048	5054	5055	5058	5062	5070	5154	7433
5040	5051	5054	5056	5058	5060	5073	5149	7434
5039	5051	5054	5055	5058	5063	5075	5159	7435
5041	5051	5054	5055	5058	5063	5093	5177	7436
5039	5050	5054	5056	5058	5063	5073	5183	7437
5043	5047	5053	5056	5058	5064	5073	5249	7438
5043	5046	5053	5055	5058	5061	5075	5149	7439
5039	5050	5054	5055	5058	5061	5085	5201	7440
5044	5048	5054	5057	5058	5061	5098	5186	7441
5043	5052	5054	5055	5058	5062	5087	5237	7442
5045	5050	5054	5057	5058	5060	5070	5149	7443
5042	5049	5054	5056	5058	5062	5069	5149	7444
5039	5052	5054	5056	5058	5061	5070	5149	7445
5045	5047	5053	5055	5058	5060	5116	5234	7446
5044	5049	5054	5055	5058	5061	5100	5192	7447
5042	5050	5054	5055	5058	5060	5072	5153	7448
5043	5047	5053	5055	5058	5065	5112	5225	7449
5045	5046	5053	5055	5058	5060	5072	5153	7450
5041	5048	5054	5055	5058	5060	5075	5199	7451
5043	5049	5054	5055	5058	5063	5112	5225	7452
5040	5050	5054	5055	5058	5061	5072	5153	7453
5039	5047	5053	5055	5058	5061	5080	5149	7454
5042	5051	5054	5055	5058	5061	5069	5158	7455
5043	5048	5054	5055	5059	5061	5069	5149	7456
5039	5048	5054	5055	5058	5060	5121	5255	7457
5045	5047	5053	5055	5058	5060	5069	5172	7458
5040	5050	5054	5056	5058	5061	5075	5238	7459
5039	5052	5054	5055	5058	5060	5069	5172	7460
5041	5048	5054	5055	5058	5063	5075	5149	7461
5039	5046	5053	5055	5058	5064	5070	5243	7462
5041	5047	5053	5056	5058	5064	5069	5235	7463
5043	5052	5054	5055	5058	5063	5069	5151	7464
5042	5052	5053	5056	5058	5062	5075	5238	7465
5040	5048	5054	5056	5058	5062	5088	5190	7466
5045	5050	5054	5055	5058	5061	5073	5156	7467
5040	5046	5053	5055	5058	5060	5087	5222	7468
5044	5050	5054	5055	5058	5063	5093	5177	7469
5044	5048	5054	5057	5058	5061	5073	5175	7470
5039	5050	5054	5055	5058	5062	5121	5255	7471
5040	5052	5054	5055	5058	5060	5079	5149	7472
5044	5049	5054	5057	5058	5061	5070	5149	7473
5044	5050	5054	5056	5058	5060	5070	5150	7474
5041	5052	5053	5056	5058	5061	5099	5188	7475
5039	5046	5053	5056	5058	5061	5069	5258	7476
5040	5046	5053	5056	5058	5063	5069	5151	7477
5039	5052	5054	5055	5058	5060	5089	5170	7478
5041	5052	5053	5055	5058	5062	5108	5214	7479
5041	5051	5054	5055	5058	5061	5112	5225	7480
5041	5047	5053	5056	5058	5060	5073	5183	7481
5040	5052	5054	5055	5058	5061	5069	5185	7482
5044	5049	5054	5057	5058	5061	5069	5149	7483
5039	5051	5054	5055	5058	5062	5099	5196	7484
5043	5051	5054	5055	5058	5061	5069	5162	7485
5043	5047	5053	5055	5058	5060	5069	5151	7486
5044	5052	5054	5055	5058	5064	5116	5234	7487
5040	5047	5053	5056	5058	5060	5073	5249	7488
5041	5050	5054	5056	5059	5065	5075	5149	7489
5042	5046	5053	5056	5058	5061	5090	5149	7490
5040	5051	5054	5057	5058	5061	5075	5159	7491
5039	5047	5053	5055	5059	5062	5069	5180	7492
5040	5047	5053	5055	5058	5060	5069	5180	7493
5040	5049	5054	5057	5058	5062	5070	5149	7494
5044	5049	5054	5055	5059	5061	5069	5149	7495
5043	5049	5054	5055	5059	5062	5074	5149	7496
5040	5051	5054	5055	5058	5060	5085	5201	7497
5044	5047	5053	5055	5058	5064	5069	5172	7498
5039	5050	5054	5055	5058	5064	5069	5151	7499
5039	5046	5053	5055	5058	5062	5070	5154	7500
5039	5049	5054	5055	5058	5061	5087	5149	7501
5041	5046	5053	5056	5058	5062	5069	5172	7502
5041	5050	5054	5056	5058	5062	5071	5152	7503
5041	5052	5053	5055	5058	5063	5104	5204	7504
5044	5047	5053	5056	5058	5062	5086	5216	7505
5039	5052	5054	5057	5058	5061	5069	5235	7506
5040	5050	5054	5057	5058	5060	5070	5154	7507
5045	5050	5054	5055	5058	5060	5072	5153	7508
5041	5050	5054	5055	5058	5061	5073	5157	7509
5043	5052	5054	5055	5059	5062	5084	5160	7510
5041	5049	5054	5057	5058	5064	5070	5150	7511
5041	5052	5053	5056	5059	5061	5070	5164	7512
5042	5048	5054	5055	5058	5064	5069	5235	7513
5039	5048	5054	5057	5058	5061	5073	5175	7514
5039	5052	5054	5057	5058	5060	5080	5149	7515
5040	5051	5054	5055	5059	5061	5087	5222	7516
5041	5051	5054	5055	5058	5061	5069	5162	7517
5039	5052	5054	5055	5058	5062	5069	5149	7518
5042	5051	5054	5055	5058	5064	5072	5149	7519
5040	5050	5054	5055	5058	5061	5075	5167	7520
5045	5052	5054	5055	5058	5064	5075	5159	7521
5044	5050	5054	5057	5058	5063	5073	5175	7522
5041	5048	5054	5055	5058	5060	5085	5273	7523
5041	5051	5054	5055	5058	5061	5073	5175	7524
5040	5052	5054	5056	5058	5061	5069	5258	7525
5039	5048	5054	5055	5058	5060	5069	5247	7526
5039	5046	5053	5056	5058	5060	5070	5149	7527
5044	5047	5053	5055	5058	5060	5075	5223	7528
5039	5046	5053	5055	5058	5064	5088	5149	7529
5043	5050	5054	5057	5058	5061	5088	5149	7530
5041	5049	5054	5056	5058	5061	5073	5218	7531
5039	5046	5053	5055	5058	5060	5076	5205	7532
5040	5046	5053	5056	5058	5061	5069	5235	7533
5042	5049	5054	5057	5058	5060	5071	5152	7534
5043	5051	5054	5055	5058	5060	5112	5225	7535
5041	5047	5053	5057	5058	5061	5069	5149	7536
5039	5050	5054	5055	5058	5061	5079	5176	7537
5041	5051	5054	5055	5059	5060	5087	5200	7538
5040	5049	5054	5055	5059	5060	5100	5192	7539
5041	5047	5053	5055	5059	5061	5085	5230	7540
5040	5048	5054	5056	5058	5061	5073	5161	7541
5041	5048	5054	5055	5058	5060	5089	5149	7542
5043	5052	5054	5057	5058	5061	5088	5149	7543
5041	5050	5054	5055	5058	5066	5073	5157	7544
5043	5048	5054	5055	5058	5063	5078	5165	7545
5041	5050	5054	5055	5058	5065	5112	5362	7546
5039	5052	5054	5055	5058	5062	5087	5191	7547
5041	5048	5054	5055	5058	5061	5108	5214	7548
5041	5052	5053	5056	5058	5062	5102	5149	7549
5039	5048	5054	5055	5058	5063	5093	5177	7550
5045	5052	5054	5055	5058	5065	5073	5157	7551
5041	5048	5054	5056	5058	5060	5087	5200	7552
5042	5049	5054	5055	5059	5060	5070	5154	7553
5044	5046	5053	5055	5058	5060	5069	5151	7554
5044	5048	5054	5055	5058	5061	5078	5165	7555
5040	5049	5054	5056	5058	5061	5099	5188	7556
5041	5052	5053	5055	5058	5061	5081	5210	7557
5040	5046	5053	5055	5058	5062	5080	5174	7558
5039	5052	5054	5055	5058	5063	5104	5204	7559
5039	5049	5054	5055	5058	5065	5093	5177	7560
5039	5046	5053	5055	5058	5060	5073	5149	7561
5041	5048	5054	5055	5059	5061	5085	5169	7562
5041	5047	5053	5056	5058	5060	5075	5159	7563
5044	5052	5054	5055	5058	5063	5087	5237	7564
5039	5052	5054	5055	5058	5060	5076	5205	7565
5044	5048	5054	5056	5058	5060	5069	5149	7566
5039	5046	5053	5055	5058	5061	5121	5255	7567
5043	5050	5054	5055	5058	5060	5069	5158	7568
5041	5048	5054	5057	5058	5060	5070	5150	7569
5044	5051	5054	5055	5058	5065	5069	5207	7570
5045	5049	5054	5055	5058	5061	5070	5154	7571
5040	5051	5054	5056	5058	5064	5070	5150	7572
5041	5052	5053	5055	5058	5061	5082	5149	7573
5044	5050	5054	5055	5058	5062	5070	5150	7574
5044	5050	5054	5056	5058	5061	5070	5150	7575
5042	5052	5053	5055	5058	5060	5069	5246	7576
5042	5052	5053	5055	5058	5061	5106	5212	7577
5043	5046	5053	5056	5058	5061	5073	5175	7578
5041	5052	5053	5057	5058	5065	5071	5152	7579
5039	5046	5053	5057	5058	5060	5075	5149	7580
5042	5049	5054	5057	5058	5061	5070	5150	7581
5041	5050	5054	5056	5058	5061	5081	5149	7582
5040	5050	5054	5055	5058	5061	5083	5149	7583
5039	5048	5054	5055	5058	5060	5073	5157	7584
5043	5046	5053	5056	5058	5064	5069	5172	7585
5042	5050	5054	5055	5058	5060	5069	5179	7586
5042	5049	5054	5056	5058	5061	5075	5149	7587
5041	5047	5053	5055	5059	5062	5074	5149	7588
5041	5047	5053	5055	5058	5064	5108	5149	7589
5042	5047	5053	5056	5059	5060	5069	5149	7590
5044	5052	5054	5055	5058	5061	5085	5201	7591
5042	5046	5053	5055	5058	5064	5069	5179	7592
5039	5046	5053	5055	5058	5060	5069	5182	7593
5040	5047	5053	5055	5058	5061	5069	5182	7594
5040	5047	5053	5055	5058	5061	5079	5176	7595
5044	5046	5053	5055	5058	5060	5073	5149	7596
5039	5052	5054	5055	5058	5063	5069	5163	7597
5044	5050	5054	5055	5058	5061	5072	5244	7598
5041	5051	5054	5056	5058	5061	5099	5188	7599
5039	5049	5054	5055	5058	5062	5092	5149	7600
5041	5046	5053	5056	5058	5063	5073	5183	7601
5041	5048	5054	5056	5058	5061	5081	5149	7602
5039	5049	5054	5055	5058	5061	5125	5149	7603
5044	5050	5054	5055	5058	5060	5087	5259	7604
5041	5048	5054	5056	5058	5060	5069	5179	7605
5039	5046	5053	5055	5058	5061	5099	5189	7606
5039	5048	5054	5056	5058	5062	5070	5150	7607
5042	5046	5053	5056	5058	5061	5073	5183	7608
5041	5048	5054	5056	5058	5060	5075	5203	7609
5039	5050	5054	5055	5058	5061	5073	5161	7610
5043	5047	5053	5055	5058	5060	5075	5159	7611
5044	5047	5053	5055	5058	5060	5089	5170	7612
5042	5052	5053	5055	5058	5061	5088	5297	7613
5044	5046	5053	5056	5058	5063	5069	5151	7614
5039	5051	5054	5055	5058	5063	5070	5149	7615
5040	5049	5054	5055	5058	5060	5070	5243	7616
5039	5048	5054	5055	5058	5060	5075	5290	7617
5041	5047	5053	5056	5059	5061	5070	5150	7618
5040	5051	5054	5056	5058	5061	5070	5154	7619
5044	5052	5054	5055	5058	5062	5072	5244	7620
5040	5050	5054	5055	5058	5061	5075	5199	7621
5044	5049	5054	5055	5058	5060	5078	5165	7622
5042	5046	5053	5057	5058	5061	5080	5174	7623
5044	5046	5053	5055	5059	5062	5074	5149	7624
5041	5050	5054	5056	5058	5062	5070	5149	7625
5040	5052	5054	5055	5058	5063	5104	5204	7626
5044	5046	5053	5055	5058	5060	5080	5149	7627
5039	5051	5054	5056	5058	5063	5070	5149	7628
5040	5046	5053	5055	5058	5064	5075	5159	7629
5042	5051	5054	5055	5058	5061	5108	5149	7630
5042	5051	5054	5055	5058	5060	5070	5154	7631
5040	5048	5054	5056	5059	5061	5075	5149	7632
5044	5050	5054	5055	5058	5060	5080	5149	7633
5044	5052	5054	5055	5058	5063	5095	5149	7634
5044	5046	5053	5057	5058	5061	5088	5149	7635
5041	5052	5053	5055	5058	5064	5090	5149	7636
5041	5051	5054	5055	5058	5063	5073	5218	7637
5045	5046	5053	5055	5058	5061	5079	5149	7638
5039	5050	5054	5055	5058	5063	5093	5177	7639
5042	5051	5054	5055	5058	5061	5093	5177	7640
5043	5046	5053	5055	5059	5060	5070	5150	7641
5040	5051	5054	5055	5058	5060	5097	5221	7642
5043	5049	5054	5055	5058	5060	5070	5150	7643
5039	5050	5054	5055	5058	5061	5069	5240	7644
5044	5051	5054	5055	5058	5060	5124	5275	7645
5039	5050	5054	5055	5058	5064	5069	5163	7646
5045	5049	5054	5056	5058	5061	5070	5149	7647
5039	5052	5054	5056	5058	5060	5071	5152	7648
5042	5052	5053	5055	5058	5061	5107	5149	7649
5045	5049	5054	5057	5058	5061	5069	5162	7650
5042	5049	5054	5056	5058	5060	5080	5149	7651
5041	5051	5054	5055	5058	5060	5115	5149	7652
5040	5052	5054	5055	5058	5063	5075	5149	7653
5044	5047	5053	5056	5058	5064	5073	5249	7654
5045	5049	5054	5055	5058	5064	5072	5244	7655
5042	5052	5053	5055	5058	5062	5096	5181	7656
5042	5052	5053	5055	5058	5060	5099	5189	7657
5040	5046	5053	5057	5058	5061	5080	5149	7658
5039	5051	5054	5056	5058	5063	5073	5183	7659
5042	5049	5054	5055	5058	5065	5107	5213	7660
5043	5050	5054	5057	5058	5061	5073	5175	7661
5040	5051	5054	5055	5058	5065	5074	5149	7662
5041	5048	5054	5055	5059	5061	5077	5155	7663
5044	5050	5054	5057	5058	5061	5069	5179	7664
5044	5046	5053	5056	5058	5060	5113	5229	7665
5044	5048	5054	5055	5058	5060	5085	5230	7666
5043	5048	5054	5055	5058	5061	5077	5195	7667
5044	5049	5054	5055	5058	5064	5069	5149	7668
5041	5050	5054	5055	5058	5061	5110	5149	7669
5043	5047	5053	5055	5058	5062	5069	5194	7670
5043	5046	5053	5055	5059	5060	5121	5149	7671
5041	5047	5053	5055	5058	5065	5075	5149	7672
5039	5047	5053	5056	5058	5063	5069	5151	7673
5043	5048	5054	5055	5058	5062	5070	5150	7674
5044	5051	5054	5055	5058	5064	5073	5161	7675
5039	5051	5054	5055	5058	5067	5088	5226	7676
5039	5051	5054	5055	5058	5064	5075	5203	7677
5039	5052	5054	5055	5058	5063	5077	5195	7678
5041	5050	5054	5057	5058	5062	5071	5152	7679
5042	5050	5054	5057	5058	5060	5070	5149	7680
5041	5051	5054	5057	5058	5065	5071	5152	7681
5040	5050	5054	5056	5058	5067	5069	5149	7682
5041	5050	5054	5056	5059	5062	5081	5210	7683
5039	5046	5053	5056	5058	5062	5088	5190	7684
5041	5046	5053	5055	5058	5061	5132	5149	7685
5041	5050	5054	5055	5058	5060	5088	5168	7686
5043	5046	5053	5057	5058	5061	5088	5149	7687
5043	5052	5054	5055	5058	5060	5085	5230	7688
5040	5048	5054	5055	5058	5064	5075	5159	7689
5039	5049	5054	5055	5058	5061	5105	5149	7690
5039	5051	5054	5056	5058	5061	5075	5159	7691
5044	5052	5054	5055	5058	5062	5089	5170	7692
5043	5047	5053	5055	5059	5064	5069	5172	7693
5040	5051	5054	5057	5058	5061	5080	5174	7694
5041	5050	5054	5055	5058	5061	5085	5202	7695
5040	5052	5054	5055	5058	5063	5069	5151	7696
5039	5049	5054	5055	5058	5061	5120	5261	7697
5041	5050	5054	5056	5058	5061	5088	5190	7698
5041	5047	5053	5055	5058	5062	5073	5161	7699
5040	5047	5053	5055	5058	5061	5069	5179	7700
5041	5052	5053	5055	5058	5065	5095	5149	7701
5043	5048	5054	5055	5059	5063	5069	5149	7702
5039	5047	5053	5055	5058	5061	5069	5185	7703
5039	5051	5054	5055	5058	5061	5122	5338	7704
5039	5049	5054	5055	5058	5061	5085	5169	7705
5041	5049	5054	5055	5058	5062	5090	5149	7706
5045	5050	5054	5056	5058	5062	5069	5149	7707
5040	5052	5054	5055	5058	5060	5088	5149	7708
5041	5049	5054	5056	5058	5060	5069	5151	7709
5044	5048	5054	5057	5058	5064	5069	5179	7710
5039	5047	5053	5055	5058	5063	5072	5153	7711
5044	5048	5054	5055	5059	5060	5102	5239	7712
5043	5047	5053	5056	5058	5060	5073	5249	7713
5040	5050	5054	5055	5058	5061	5072	5264	7714
5042	5047	5053	5056	5058	5062	5069	5149	7715
5043	5046	5053	5056	5058	5060	5099	5188	7716
5040	5052	5054	5055	5058	5061	5079	5176	7717
5041	5048	5054	5056	5058	5062	5069	5149	7718
5041	5047	5053	5055	5058	5061	5088	5190	7719
5041	5052	5053	5057	5058	5060	5069	5179	7720
5039	5047	5053	5055	5058	5060	5076	5205	7721
5044	5047	5053	5055	5058	5065	5075	5159	7722
5043	5052	5054	5055	5058	5065	5087	5149	7723
5039	5050	5054	5055	5058	5061	5087	5237	7724
5044	5047	5053	5055	5058	5061	5073	5157	7725
5043	5052	5054	5055	5058	5060	5085	5220	7726
5041	5049	5054	5055	5058	5060	5096	5181	7727
5041	5050	5054	5055	5058	5060	5071	5152	7728
5039	5047	5053	5056	5058	5061	5086	5216	7729
5044	5048	5054	5055	5059	5061	5086	5216	7730
5040	5050	5054	5055	5058	5064	5075	5159	7731
5042	5050	5054	5056	5058	5060	5079	5176	7732
5044	5052	5054	5055	5058	5060	5087	5200	7733
5041	5046	5053	5055	5058	5060	5136	5149	7734
5042	5047	5053	5055	5058	5061	5070	5154	7735
5042	5046	5053	5055	5058	5060	5110	5149	7736
5040	5050	5054	5056	5058	5060	5075	5159	7737
5040	5048	5054	5055	5059	5061	5084	5232	7738
5041	5047	5053	5055	5058	5061	5073	5161	7739
5040	5051	5054	5055	5058	5065	5095	5149	7740
5041	5049	5054	5055	5058	5060	5120	5253	7741
5039	5052	5054	5055	5058	5061	5085	5201	7742
5040	5047	5053	5055	5058	5064	5088	5190	7743
5043	5049	5054	5055	5058	5061	5088	5168	7744
5043	5046	5053	5055	5058	5060	5086	5211	7745
5043	5049	5054	5055	5058	5061	5075	5149	7746
5044	5049	5054	5056	5058	5061	5078	5165	7747
5039	5051	5054	5056	5058	5061	5087	5149	7748
5041	5051	5054	5055	5058	5061	5144	5149	7749
5041	5047	5053	5056	5058	5064	5121	5255	7750
5039	5052	5054	5056	5058	5060	5070	5149	7751
5045	5046	5053	5056	5058	5062	5069	5149	7752
5043	5051	5054	5055	5059	5060	5100	5149	7753
5039	5046	5053	5055	5058	5061	5075	5167	7754
5044	5048	5054	5056	5059	5061	5075	5149	7755
5044	5052	5054	5055	5058	5060	5069	5180	7756
5042	5048	5054	5055	5058	5061	5131	5149	7757
5043	5049	5054	5055	5058	5061	5076	5205	7758
5044	5048	5054	5055	5058	5060	5078	5149	7759
5042	5052	5053	5055	5058	5061	5079	5176	7760
5045	5046	5053	5055	5058	5061	5078	5165	7761
5041	5051	5054	5057	5058	5063	5073	5183	7762
5041	5047	5053	5056	5058	5064	5088	5190	7763
5041	5050	5054	5055	5058	5061	5069	5187	7764
5039	5047	5053	5055	5059	5060	5069	5149	7765
5045	5050	5054	5055	5058	5060	5085	5169	7766
5044	5048	5054	5055	5058	5060	5087	5191	7767
5042	5052	5053	5055	5058	5061	5108	5214	7768
5040	5049	5054	5055	5058	5064	5107	5213	7769
5043	5049	5054	5055	5058	5061	5077	5195	7770
5039	5047	5053	5055	5058	5062	5088	5149	7771
5041	5052	5053	5055	5058	5060	5104	5204	7772
5041	5052	5053	5057	5058	5060	5080	5149	7773
5041	5050	5054	5055	5058	5060	5069	5342	7774
5042	5046	5053	5055	5058	5060	5112	5265	7775
5039	5046	5053	5055	5058	5060	5070	5154	7776
5040	5050	5054	5055	5058	5064	5073	5149	7777
5043	5046	5053	5057	5058	5065	5088	5149	7778
5041	5048	5054	5055	5058	5062	5073	5161	7779
5039	5052	5054	5055	5058	5062	5120	5253	7780
5039	5051	5054	5055	5058	5061	5112	5225	7781
5040	5049	5054	5055	5059	5062	5077	5155	7782
5039	5052	5054	5056	5058	5063	5080	5174	7783
5044	5047	5053	5056	5059	5060	5070	5150	7784
5040	5051	5054	5056	5058	5060	5069	5151	7785
5042	5046	5053	5055	5058	5060	5069	5179	7786
5043	5051	5054	5055	5058	5060	5073	5218	7787
5041	5046	5053	5055	5058	5064	5088	5149	7788
5044	5047	5053	5055	5058	5065	5071	5152	7789
5039	5049	5054	5055	5058	5062	5069	5162	7790
5039	5052	5054	5055	5058	5060	5069	5151	7791
5040	5049	5054	5057	5058	5061	5069	5207	7792
5039	5046	5053	5055	5059	5063	5075	5149	7793
5044	5046	5053	5055	5058	5060	5080	5174	7794
5045	5052	5054	5055	5059	5061	5085	5230	7795
5042	5047	5053	5055	5058	5065	5075	5159	7796
5040	5046	5053	5056	5058	5064	5069	5172	7797
5044	5046	5053	5055	5059	5064	5073	5156	7798
5044	5049	5054	5055	5058	5060	5070	5154	7799
5041	5049	5054	5057	5058	5061	5069	5162	7800
5039	5046	5053	5055	5058	5064	5095	5149	7801
5041	5047	5053	5055	5058	5063	5069	5331	7802
5045	5048	5054	5056	5058	5066	5095	5149	7803
5042	5052	5053	5055	5058	5063	5069	5248	7804
5041	5052	5053	5055	5058	5060	5069	5250	7805
5039	5047	5053	5055	5058	5061	5073	5161	7806
5044	5046	5053	5055	5058	5061	5116	5234	7807
5042	5046	5053	5055	5058	5063	5087	5191	7808
5041	5052	5053	5055	5059	5061	5075	5159	7809
5041	5050	5054	5056	5058	5060	5087	5222	7810
5042	5050	5054	5055	5058	5063	5084	5160	7811
5041	5050	5054	5055	5058	5062	5108	5214	7812
5039	5049	5054	5055	5058	5062	5069	5207	7813
5041	5047	5053	5055	5058	5061	5075	5199	7814
5043	5048	5054	5055	5059	5060	5069	5149	7815
5044	5048	5054	5057	5058	5063	5073	5183	7816
5041	5051	5054	5055	5059	5060	5085	5230	7817
5040	5049	5054	5055	5058	5061	5126	5149	7818
5044	5047	5053	5057	5058	5060	5080	5149	7819
5043	5049	5054	5055	5058	5061	5112	5225	7820
5044	5052	5054	5056	5058	5060	5087	5149	7821
5042	5048	5054	5055	5058	5062	5070	5154	7822
5044	5048	5054	5056	5058	5061	5073	5249	7823
5042	5048	5054	5055	5058	5061	5073	5249	7824
5045	5048	5054	5055	5059	5060	5075	5159	7825
5041	5051	5054	5055	5058	5064	5106	5212	7826
5040	5052	5054	5055	5058	5061	5084	5232	7827
5045	5050	5054	5055	5059	5063	5085	5169	7828
5044	5052	5054	5055	5058	5065	5069	5207	7829
5039	5051	5054	5055	5058	5063	5069	5246	7830
5041	5046	5053	5055	5058	5061	5081	5210	7831
5041	5049	5054	5056	5058	5060	5070	5164	7832
5039	5050	5054	5055	5058	5061	5122	5376	7833
5042	5049	5054	5055	5058	5061	5088	5168	7834
5044	5051	5054	5056	5058	5060	5070	5150	7835
5043	5046	5053	5055	5058	5062	5075	5199	7836
5043	5048	5054	5055	5058	5060	5070	5150	7837
5045	5046	5053	5056	5058	5060	5102	5149	7838
5041	5048	5054	5055	5058	5060	5075	5149	7839
5040	5052	5054	5055	5059	5065	5069	5149	7840
5040	5047	5053	5055	5058	5061	5082	5149	7841
5041	5047	5053	5055	5058	5061	5104	5204	7842
5043	5047	5053	5055	5058	5061	5105	5149	7843
5039	5049	5054	5055	5058	5063	5069	5207	7844
5045	5051	5054	5056	5058	5060	5075	5149	7845
5039	5048	5054	5057	5058	5061	5098	5186	7846
5043	5052	5054	5055	5058	5061	5069	5162	7847
5041	5048	5054	5057	5058	5060	5107	5213	7848
5041	5049	5054	5055	5059	5062	5074	5149	7849
5041	5049	5054	5055	5058	5060	5085	5230	7850
5043	5051	5054	5055	5058	5061	5069	5180	7851
5041	5048	5054	5055	5059	5061	5072	5153	7852
5039	5050	5054	5055	5058	5064	5069	5179	7853
5043	5052	5054	5056	5058	5060	5069	5172	7854
5042	5050	5054	5057	5058	5061	5070	5154	7855
5045	5050	5054	5055	5058	5061	5073	5149	7856
5042	5046	5053	5057	5059	5061	5088	5149	7857
5040	5052	5054	5056	5058	5061	5092	5149	7858
5041	5046	5053	5055	5058	5060	5087	5191	7859
5042	5052	5053	5056	5058	5061	5070	5154	7860
5041	5048	5054	5056	5058	5061	5073	5218	7861
5039	5048	5054	5055	5059	5065	5117	5288	7862
5040	5049	5054	5056	5058	5060	5115	5233	7863
5043	5052	5054	5055	5058	5062	5073	5149	7864
5041	5048	5054	5055	5058	5061	5090	5149	7865
5039	5048	5054	5055	5058	5067	5075	5159	7866
5041	5049	5054	5055	5058	5062	5075	5149	7867
5044	5052	5054	5057	5058	5061	5070	5154	7868
5044	5051	5054	5055	5058	5062	5084	5232	7869
5041	5052	5053	5055	5058	5061	5140	5149	7870
5041	5051	5054	5055	5059	5065	5075	5159	7871
5042	5051	5054	5055	5058	5060	5115	5233	7872
5040	5048	5054	5056	5058	5061	5073	5183	7873
5043	5049	5054	5055	5058	5061	5084	5232	7874
5041	5046	5053	5055	5058	5061	5069	5246	7875
5044	5046	5053	5055	5058	5064	5088	5149	7876
5040	5047	5053	5056	5059	5067	5075	5290	7877
5042	5052	5053	5057	5058	5061	5073	5183	7878
5044	5052	5054	5055	5058	5064	5112	5225	7879
5039	5049	5054	5055	5058	5062	5072	5244	7880
5041	5046	5053	5055	5058	5061	5072	5264	7881
5041	5051	5054	5055	5058	5061	5090	5149	7882
5041	5046	5053	5055	5058	5060	5093	5177	7883
5042	5052	5053	5055	5058	5063	5069	5149	7884
5042	5051	5054	5055	5059	5061	5079	5149	7885
5040	5052	5054	5055	5058	5061	5069	5194	7886
5044	5046	5053	5055	5058	5061	5069	5252	7887
5042	5050	5054	5055	5058	5063	5077	5155	7888
5039	5048	5054	5057	5058	5063	5073	5183	7889
5039	5050	5054	5055	5058	5061	5075	5199	7890
5039	5052	5054	5055	5058	5060	5100	5192	7891
5039	5047	5053	5055	5058	5061	5118	5149	7892
5043	5047	5053	5055	5058	5060	5085	5169	7893
5041	5052	5053	5057	5058	5064	5081	5210	7894
5039	5048	5054	5055	5058	5062	5085	5169	7895
5040	5050	5054	5057	5059	5060	5070	5150	7896
5039	5048	5054	5057	5058	5060	5069	5149	7897
5043	5050	5054	5055	5058	5061	5073	5157	7898
5042	5049	5054	5055	5059	5060	5070	5150	7899
5040	5049	5054	5055	5058	5060	5115	5276	7900
5043	5046	5053	5055	5058	5060	5088	5149	7901
5042	5050	5054	5057	5058	5065	5069	5149	7902
5039	5049	5054	5056	5058	5061	5099	5188	7903
5044	5046	5053	5056	5058	5061	5070	5164	7904
5040	5048	5054	5057	5058	5061	5069	5149	7905
5045	5048	5054	5055	5059	5061	5070	5150	7906
5043	5052	5054	5056	5059	5062	5073	5156	7907
5040	5046	5053	5055	5058	5061	5134	5324	7908
5041	5046	5053	5055	5058	5060	5088	5190	7909
5044	5051	5054	5056	5059	5060	5069	5149	7910
5041	5051	5054	5055	5059	5060	5069	5149	7911
5041	5049	5054	5056	5058	5060	5069	5180	7912
5039	5048	5054	5055	5059	5061	5097	5184	7913
5045	5049	5054	5056	5058	5060	5070	5154	7914
5039	5050	5054	5057	5058	5060	5069	5163	7915
5039	5050	5054	5055	5058	5065	5071	5152	7916
5042	5050	5054	5055	5058	5061	5075	5290	7917
5040	5046	5053	5056	5058	5061	5069	5258	7918
5041	5047	5053	5055	5058	5061	5073	5183	7919
5042	5046	5053	5056	5058	5064	5073	5157	7920
5040	5046	5053	5055	5058	5061	5099	5189	7921
5040	5048	5054	5057	5058	5062	5073	5183	7922
5040	5047	5053	5055	5059	5061	5069	5149	7923
5043	5046	5053	5056	5058	5062	5070	5150	7924
5045	5047	5053	5055	5058	5061	5087	5149	7925
5043	5049	5054	5056	5058	5061	5095	5149	7926
5040	5052	5054	5055	5059	5062	5108	5214	7927
5040	5049	5054	5056	5059	5061	5070	5150	7928
5040	5052	5054	5056	5058	5064	5073	5161	7929
5044	5050	5054	5055	5058	5060	5102	5274	7930
5044	5048	5054	5057	5058	5060	5069	5162	7931
5040	5046	5053	5056	5058	5060	5073	5149	7932
5042	5052	5053	5056	5058	5061	5075	5149	7933
5041	5051	5054	5055	5058	5061	5089	5149	7934
5042	5051	5054	5055	5058	5060	5088	5328	7935
5042	5047	5053	5056	5058	5060	5069	5149	7936
5040	5048	5054	5055	5058	5061	5136	5149	7937
5041	5050	5054	5055	5059	5060	5088	5149	7938
5040	5050	5054	5055	5058	5060	5114	5149	7939
5042	5048	5054	5056	5058	5061	5075	5159	7940
5041	5047	5053	5056	5058	5063	5073	5249	7941
5039	5048	5054	5055	5058	5060	5093	5177	7942
5041	5047	5053	5055	5058	5060	5069	5151	7943
5043	5049	5054	5055	5058	5061	5070	5166	7944
5041	5050	5054	5055	5058	5062	5083	5149	7945
5039	5050	5054	5055	5058	5060	5084	5232	7946
5040	5047	5053	5056	5058	5061	5069	5235	7947
5044	5050	5054	5055	5058	5060	5070	5149	7948
5041	5046	5053	5055	5058	5061	5123	5277	7949
5042	5049	5054	5056	5058	5064	5079	5176	7950
5040	5047	5053	5055	5058	5061	5069	5240	7951
5042	5051	5054	5055	5058	5060	5072	5153	7952
5045	5049	5054	5056	5058	5061	5075	5149	7953
5039	5046	5053	5056	5058	5064	5121	5255	7954
5040	5051	5054	5055	5058	5060	5086	5211	7955
5039	5050	5054	5055	5058	5060	5087	5259	7956
5044	5048	5054	5055	5058	5061	5069	5179	7957
5040	5048	5054	5055	5058	5064	5069	5179	7958
5043	5050	5054	5056	5058	5061	5090	5149	7959
5041	5047	5053	5055	5058	5061	5073	5249	7960
5045	5047	5053	5055	5058	5061	5107	5213	7961
5039	5046	5053	5056	5058	5061	5069	5172	7962
5045	5049	5054	5056	5058	5061	5069	5149	7963
5039	5048	5054	5055	5059	5062	5074	5149	7964
5043	5049	5054	5055	5058	5061	5088	5149	7965
5042	5046	5053	5055	5058	5061	5085	5201	7966
5044	5050	5054	5055	5058	5060	5070	5150	7967
5041	5052	5053	5057	5058	5062	5071	5152	7968
5039	5048	5054	5055	5059	5061	5070	5243	7969
5039	5051	5054	5055	5058	5060	5069	5206	7970
5041	5050	5054	5055	5058	5061	5087	5191	7971
5040	5049	5054	5057	5058	5062	5070	5154	7972
5043	5050	5054	5056	5058	5060	5099	5188	7973
5039	5046	5053	5057	5058	5061	5069	5162	7974
5042	5046	5053	5055	5059	5063	5075	5149	7975
5045	5049	5054	5055	5058	5061	5069	5187	7976
5042	5046	5053	5056	5059	5061	5088	5190	7977
5040	5050	5054	5055	5058	5063	5075	5203	7978
5040	5050	5054	5055	5058	5060	5073	5149	7979
5039	5048	5054	5055	5058	5063	5069	5182	7980
5042	5049	5054	5055	5059	5063	5077	5155	7981
5040	5052	5054	5055	5058	5061	5126	5284	7982
5044	5046	5053	5056	5058	5063	5073	5156	7983
5044	5047	5053	5056	5058	5060	5075	5149	7984
5043	5051	5054	5055	5058	5061	5092	5149	7985
5040	5049	5054	5055	5058	5063	5072	5244	7986
5041	5047	5053	5055	5058	5060	5097	5149	7987
5040	5046	5053	5055	5058	5060	5097	5149	7988
5043	5051	5054	5056	5059	5061	5069	5149	7989
5041	5047	5053	5055	5058	5061	5069	5162	7990
5042	5052	5053	5055	5058	5063	5070	5149	7991
5042	5046	5053	5055	5058	5063	5093	5177	7992
5042	5046	5053	5055	5059	5062	5085	5169	7993
5042	5048	5054	5055	5058	5060	5088	5149	7994
5041	5046	5053	5055	5058	5062	5085	5230	7995
5045	5049	5054	5056	5058	5063	5073	5183	7996
5040	5050	5054	5056	5058	5061	5087	5191	7997
5040	5049	5054	5055	5058	5062	5073	5249	7998
5040	5051	5054	5055	5058	5064	5075	5159	7999
5044	5051	5054	5055	5058	5060	5069	5321	8000
5039	5048	5054	5055	5058	5060	5079	5149	8001
5044	5046	5053	5056	5058	5060	5075	5238	8002
5042	5049	5054	5055	5058	5065	5087	5191	8003
5041	5050	5054	5055	5058	5060	5087	5149	8004
5043	5047	5053	5055	5058	5061	5112	5311	8005
5041	5052	5053	5056	5058	5061	5070	5154	8006
5040	5051	5054	5055	5058	5061	5093	5177	8007
5040	5052	5054	5055	5059	5061	5132	5149	8008
5040	5047	5053	5055	5058	5061	5073	5161	8009
5042	5048	5054	5056	5058	5060	5073	5157	8010
5041	5047	5053	5055	5058	5060	5114	5149	8011
5041	5049	5054	5056	5058	5063	5075	5159	8012
5040	5051	5054	5055	5058	5060	5078	5149	8013
5044	5047	5053	5055	5058	5065	5070	5149	8014
5043	5051	5054	5056	5058	5061	5120	5253	8015
5040	5052	5054	5055	5058	5062	5069	5248	8016
5041	5052	5053	5056	5058	5063	5069	5151	8017
5044	5048	5054	5055	5058	5060	5075	5290	8018
5041	5048	5054	5056	5058	5060	5070	5149	8019
5041	5050	5054	5055	5058	5061	5084	5232	8020
5040	5052	5054	5055	5058	5060	5085	5201	8021
5041	5051	5054	5056	5058	5065	5070	5149	8022
5039	5051	5054	5055	5058	5061	5069	5180	8023
5039	5047	5053	5055	5058	5060	5097	5221	8024
5039	5051	5054	5055	5058	5060	5084	5160	8025
5039	5047	5053	5055	5058	5062	5070	5154	8026
5039	5048	5054	5056	5058	5061	5099	5188	8027
5044	5048	5054	5055	5058	5061	5120	5280	8028
5044	5052	5054	5055	5058	5061	5107	5213	8029
5043	5046	5053	5055	5058	5061	5069	5235	8030
5042	5047	5053	5055	5058	5065	5106	5212	8031
5041	5051	5054	5055	5059	5062	5075	5159	8032
5042	5052	5053	5055	5058	5060	5097	5221	8033
5039	5049	5054	5056	5059	5063	5069	5149	8034
5040	5048	5054	5055	5058	5061	5100	5192	8035
5043	5050	5054	5056	5059	5063	5069	5149	8036
5039	5049	5054	5055	5059	5060	5070	5150	8037
5043	5052	5054	5055	5059	5060	5070	5150	8038
5041	5047	5053	5056	5058	5061	5075	5159	8039
5039	5047	5053	5055	5058	5062	5069	5149	8040
5041	5049	5054	5055	5058	5061	5076	5205	8041
5040	5052	5054	5056	5058	5063	5069	5149	8042
5043	5046	5053	5055	5058	5060	5112	5311	8043
5041	5052	5053	5055	5058	5062	5086	5211	8044
5041	5047	5053	5056	5058	5062	5086	5216	8045
5039	5049	5054	5055	5058	5061	5069	5172	8046
5040	5047	5053	5056	5058	5062	5070	5150	8047
5043	5048	5054	5055	5058	5061	5070	5173	8048
5042	5050	5054	5055	5058	5063	5069	5151	8049
5039	5046	5053	5055	5059	5060	5069	5180	8050
5040	5048	5054	5055	5058	5064	5075	5149	8051
5043	5052	5054	5055	5058	5067	5069	5187	8052
5045	5046	5053	5055	5059	5060	5069	5149	8053
5041	5052	5053	5055	5058	5060	5112	5265	8054
5040	5051	5054	5056	5058	5064	5099	5188	8055
5041	5046	5053	5055	5058	5061	5088	5190	8056
5040	5048	5054	5056	5059	5063	5087	5149	8057
5040	5046	5053	5055	5058	5064	5069	5158	8058
5041	5050	5054	5056	5058	5060	5070	5150	8059
5044	5050	5054	5055	5058	5064	5073	5149	8060
5041	5047	5053	5055	5058	5061	5094	5348	8061
5040	5051	5054	5055	5058	5060	5073	5157	8062
5040	5051	5054	5055	5058	5061	5075	5203	8063
5039	5047	5053	5055	5058	5062	5116	5234	8064
5040	5051	5054	5055	5058	5060	5110	5149	8065
5040	5047	5053	5056	5058	5061	5086	5216	8066
5041	5050	5054	5057	5058	5060	5069	5179	8067
5044	5048	5054	5055	5059	5067	5088	5299	8068
5041	5052	5053	5055	5058	5061	5085	5230	8069
5042	5047	5053	5055	5059	5060	5070	5150	8070
5041	5051	5054	5056	5058	5061	5090	5149	8071
5040	5046	5053	5055	5058	5061	5120	5149	8072
5041	5051	5054	5055	5058	5060	5075	5167	8073
5042	5048	5054	5055	5058	5061	5118	5149	8074
5041	5047	5053	5055	5058	5062	5073	5157	8075
5045	5048	5054	5056	5058	5064	5069	5235	8076
5040	5048	5054	5057	5058	5062	5070	5154	8077
5039	5047	5053	5055	5058	5061	5075	5223	8078
5040	5049	5054	5057	5058	5061	5069	5163	8079
5041	5049	5054	5056	5058	5061	5069	5278	8080
5043	5050	5054	5055	5059	5063	5085	5169	8081
5042	5052	5053	5055	5058	5060	5069	5180	8082
5039	5051	5054	5055	5058	5060	5087	5259	8083
5044	5046	5053	5055	5058	5064	5110	5149	8084
5040	5047	5053	5056	5059	5061	5080	5174	8085
5041	5051	5054	5055	5059	5060	5087	5149	8086
5039	5048	5054	5055	5058	5064	5075	5159	8087
5041	5052	5053	5055	5058	5061	5078	5149	8088
5041	5048	5054	5055	5059	5062	5070	5150	8089
5039	5050	5054	5056	5058	5061	5087	5149	8090
5039	5046	5053	5056	5058	5062	5070	5150	8091
5041	5050	5054	5055	5058	5063	5073	5149	8092
5041	5051	5054	5056	5058	5061	5079	5176	8093
5041	5049	5054	5055	5058	5060	5070	5154	8094
5041	5051	5054	5055	5058	5062	5078	5165	8095
5044	5048	5054	5055	5058	5061	5075	5159	8096
5044	5047	5053	5056	5058	5065	5073	5249	8097
5041	5049	5054	5055	5058	5062	5076	5205	8098
5044	5052	5054	5055	5058	5061	5081	5149	8099
5039	5052	5054	5055	5058	5061	5070	5166	8100
5040	5050	5054	5055	5058	5064	5081	5149	8101
5043	5052	5054	5056	5058	5064	5073	5183	8102
5039	5047	5053	5055	5058	5064	5089	5170	8103
5041	5052	5053	5055	5058	5061	5079	5176	8104
5040	5051	5054	5055	5059	5060	5075	5159	8105
5040	5048	5054	5055	5058	5061	5080	5174	8106
5039	5048	5054	5055	5058	5060	5106	5212	8107
5040	5047	5053	5055	5058	5063	5073	5183	8108
5040	5046	5053	5055	5058	5061	5086	5211	8109
5041	5046	5053	5055	5058	5064	5069	5162	8110
5045	5051	5054	5055	5058	5061	5095	5149	8111
5044	5047	5053	5055	5058	5063	5069	5182	8112
5045	5052	5054	5057	5059	5061	5121	5255	8113
5041	5050	5054	5055	5059	5061	5085	5230	8114
5045	5048	5054	5055	5058	5060	5088	5268	8115
5040	5048	5054	5055	5058	5060	5075	5203	8116
5039	5048	5054	5055	5058	5060	5069	5207	8117
5041	5050	5054	5055	5058	5060	5069	5247	8118
5041	5048	5054	5055	5059	5061	5069	5185	8119
5042	5050	5054	5055	5058	5061	5072	5264	8120
5045	5048	5054	5055	5058	5061	5077	5195	8121
5043	5048	5054	5055	5059	5060	5069	5180	8122
5040	5048	5054	5055	5058	5060	5069	5182	8123
5041	5052	5053	5056	5058	5062	5075	5238	8124
5041	5048	5054	5055	5058	5063	5070	5149	8125
5041	5051	5054	5056	5058	5061	5098	5186	8126
5043	5046	5053	5056	5058	5062	5073	5161	8127
5043	5049	5054	5056	5059	5065	5081	5210	8128
5041	5047	5053	5055	5058	5064	5070	5154	8129
5041	5051	5054	5055	5058	5061	5070	5166	8130
5041	5052	5053	5055	5058	5060	5085	5169	8131
5043	5049	5054	5057	5058	5063	5073	5175	8132
5039	5046	5053	5055	5059	5060	5087	5222	8133
5045	5046	5053	5055	5058	5062	5069	5246	8134
5041	5049	5054	5055	5058	5061	5069	5254	8135
5039	5051	5054	5055	5059	5061	5087	5222	8136
5040	5046	5053	5055	5058	5060	5090	5149	8137
5040	5048	5054	5057	5058	5060	5073	5183	8138
5042	5048	5054	5055	5058	5062	5104	5204	8139
5042	5052	5053	5055	5059	5061	5070	5150	8140
5041	5050	5054	5055	5059	5061	5087	5191	8141
5044	5048	5054	5056	5058	5062	5070	5154	8142
5039	5047	5053	5056	5058	5061	5079	5176	8143
5040	5047	5053	5056	5058	5061	5070	5154	8144
5043	5046	5053	5055	5058	5061	5076	5149	8145
5043	5048	5054	5056	5059	5061	5075	5149	8146
5045	5051	5054	5056	5059	5060	5075	5149	8147
5042	5046	5053	5056	5058	5064	5069	5149	8148
5043	5047	5053	5055	5058	5061	5069	5151	8149
5039	5046	5053	5055	5058	5060	5121	5149	8150
5043	5052	5054	5055	5058	5060	5069	5151	8151
5039	5051	5054	5055	5058	5061	5085	5149	8152
5045	5051	5054	5057	5058	5061	5088	5149	8153
5040	5046	5053	5055	5058	5064	5090	5149	8154
5041	5046	5053	5055	5058	5060	5104	5204	8155
5042	5051	5054	5055	5058	5065	5069	5254	8156
5043	5050	5054	5055	5058	5061	5069	5180	8157
5039	5052	5054	5056	5059	5061	5070	5154	8158
5039	5048	5054	5056	5058	5064	5090	5149	8159
5039	5052	5054	5055	5058	5060	5069	5185	8160
5042	5052	5053	5055	5058	5062	5087	5222	8161
5043	5047	5053	5055	5058	5061	5069	5162	8162
5043	5052	5054	5055	5058	5065	5112	5225	8163
5045	5049	5054	5055	5058	5060	5075	5159	8164
5040	5051	5054	5055	5058	5067	5069	5149	8165
5039	5051	5054	5056	5058	5067	5073	5156	8166
5041	5047	5053	5056	5059	5064	5069	5235	8167
5043	5046	5053	5055	5058	5061	5112	5225	8168
5041	5047	5053	5055	5058	5061	5085	5149	8169
5040	5051	5054	5055	5058	5061	5087	5259	8170
5042	5050	5054	5055	5058	5064	5099	5189	8171
5042	5047	5053	5055	5058	5061	5069	5246	8172
5041	5051	5054	5055	5058	5060	5069	5172	8173
5040	5050	5054	5056	5058	5060	5073	5183	8174
5039	5050	5054	5055	5058	5061	5123	5277	8175
5043	5050	5054	5056	5058	5061	5070	5149	8176
5044	5048	5054	5055	5058	5060	5126	5284	8177
5039	5046	5053	5055	5058	5065	5069	5246	8178
5043	5046	5053	5056	5059	5064	5073	5156	8179
5039	5046	5053	5055	5058	5061	5087	5222	8180
5039	5046	5053	5056	5058	5063	5081	5149	8181
5040	5046	5053	5055	5058	5061	5112	5225	8182
5039	5047	5053	5055	5058	5064	5090	5149	8183
5041	5052	5053	5056	5059	5060	5087	5259	8184
5044	5052	5054	5055	5058	5061	5094	5272	8185
5041	5047	5053	5055	5058	5061	5069	5252	8186
5042	5049	5054	5057	5058	5064	5069	5179	8187
5043	5048	5054	5055	5059	5062	5074	5149	8188
5042	5052	5053	5055	5058	5061	5087	5191	8189
5039	5047	5053	5056	5058	5061	5099	5188	8190
5039	5047	5053	5056	5058	5065	5075	5159	8191
5040	5051	5054	5055	5058	5063	5085	5169	8192
5044	5051	5054	5056	5059	5063	5069	5149	8193
5045	5052	5054	5056	5058	5060	5070	5149	8194
5041	5049	5054	5056	5059	5064	5075	5149	8195
5039	5048	5054	5056	5058	5062	5073	5175	8196
5045	5047	5053	5056	5058	5062	5069	5149	8197
5044	5052	5054	5055	5059	5060	5069	5180	8198
5039	5047	5053	5055	5058	5060	5088	5168	8199
5043	5050	5054	5055	5058	5065	5069	5149	8200
5043	5050	5054	5056	5058	5061	5070	5150	8201
5039	5047	5053	5055	5058	5061	5120	5253	8202
5039	5052	5054	5055	5058	5062	5070	5150	8203
5040	5052	5054	5056	5058	5061	5099	5188	8204
5042	5052	5053	5055	5059	5065	5069	5149	8205
5044	5051	5054	5055	5058	5061	5120	5261	8206
5044	5050	5054	5055	5058	5061	5080	5149	8207
5045	5050	5054	5055	5058	5060	5075	5199	8208
5041	5047	5053	5055	5059	5062	5069	5180	8209
5044	5052	5054	5056	5058	5060	5075	5167	8210
5042	5049	5054	5056	5058	5061	5075	5238	8211
5044	5047	5053	5055	5058	5064	5079	5176	8212
5041	5052	5053	5055	5058	5061	5127	5149	8213
5041	5050	5054	5056	5058	5065	5090	5149	8214
5039	5051	5054	5057	5058	5060	5069	5149	8215
5044	5048	5054	5056	5058	5062	5070	5150	8216
5039	5049	5054	5055	5059	5060	5069	5180	8217
5041	5051	5054	5056	5059	5063	5069	5149	8218
5043	5046	5053	5055	5058	5063	5105	5149	8219
5041	5047	5053	5055	5058	5062	5069	5172	8220
5039	5050	5054	5056	5058	5064	5088	5190	8221
5039	5047	5053	5055	5059	5063	5073	5156	8222
5040	5046	5053	5056	5058	5064	5099	5188	8223
5044	5049	5054	5056	5058	5065	5092	5149	8224
5042	5052	5053	5055	5058	5060	5113	5229	8225
5039	5046	5053	5055	5059	5060	5070	5150	8226
5042	5049	5054	5056	5058	5062	5075	5149	8227
5043	5046	5053	5055	5058	5060	5123	5277	8228
5039	5048	5054	5055	5058	5060	5073	5161	8229
5044	5050	5054	5055	5058	5065	5092	5149	8230
5041	5051	5054	5056	5058	5061	5069	5179	8231
5043	5049	5054	5055	5058	5061	5101	5197	8232
5043	5052	5054	5056	5058	5062	5075	5149	8233
5040	5048	5054	5055	5058	5061	5087	5259	8234
5041	5052	5053	5055	5058	5064	5076	5205	8235
5043	5048	5054	5056	5058	5064	5073	5157	8236
5041	5052	5053	5056	5058	5065	5071	5152	8237
5043	5049	5054	5055	5058	5061	5100	5192	8238
5042	5052	5053	5055	5058	5061	5085	5201	8239
5044	5048	5054	5055	5058	5064	5070	5149	8240
5041	5046	5053	5055	5058	5061	5126	5346	8241
5042	5050	5054	5055	5058	5061	5078	5149	8242
5041	5052	5053	5056	5059	5060	5069	5149	8243
5041	5049	5054	5055	5058	5065	5073	5157	8244
5040	5046	5053	5056	5059	5061	5088	5190	8245
5042	5049	5054	5056	5059	5060	5075	5149	8246
5043	5050	5054	5055	5058	5061	5069	5235	8247
5045	5050	5054	5055	5058	5061	5073	5218	8248
5044	5051	5054	5055	5058	5060	5079	5176	8249
5044	5049	5054	5055	5058	5060	5118	5149	8250
5040	5050	5054	5057	5059	5062	5075	5149	8251
5040	5050	5054	5055	5058	5060	5075	5203	8252
5039	5048	5054	5055	5058	5060	5069	5180	8253
5040	5047	5053	5055	5058	5061	5087	5191	8254
5040	5049	5054	5055	5058	5060	5083	5149	8255
5044	5050	5054	5055	5058	5060	5069	5207	8256
5040	5047	5053	5055	5059	5062	5069	5172	8257
5040	5047	5053	5057	5058	5061	5080	5149	8258
5043	5047	5053	5055	5059	5062	5069	5172	8259
5044	5046	5053	5055	5058	5060	5085	5201	8260
5041	5052	5053	5055	5058	5064	5089	5170	8261
5044	5047	5053	5055	5058	5060	5085	5169	8262
5043	5046	5053	5055	5058	5065	5069	5246	8263
5044	5046	5053	5055	5058	5062	5097	5221	8264
5044	5049	5054	5056	5058	5060	5073	5149	8265
5039	5047	5053	5057	5058	5061	5069	5179	8266
5045	5048	5054	5056	5058	5060	5102	5149	8267
5041	5049	5054	5056	5058	5061	5087	5259	8268
5043	5050	5054	5055	5058	5060	5085	5169	8269
5039	5051	5054	5055	5058	5061	5079	5149	8270
5041	5052	5053	5055	5059	5060	5085	5230	8271
5045	5047	5053	5056	5058	5061	5070	5149	8272
5039	5047	5053	5055	5058	5061	5069	5180	8273
5039	5048	5054	5055	5058	5061	5073	5161	8274
5039	5049	5054	5055	5058	5060	5075	5203	8275
5041	5049	5054	5056	5059	5061	5075	5149	8276
5045	5046	5053	5055	5058	5060	5069	5149	8277
5041	5047	5053	5055	5058	5060	5088	5168	8278
5041	5052	5053	5055	5058	5063	5073	5149	8279
5043	5047	5053	5055	5058	5063	5075	5203	8280
5040	5047	5053	5056	5058	5060	5078	5165	8281
5042	5052	5053	5055	5058	5061	5070	5166	8282
5044	5047	5053	5055	5058	5061	5073	5161	8283
5041	5048	5054	5057	5058	5061	5080	5174	8284
5044	5052	5054	5055	5058	5065	5087	5191	8285
5039	5048	5054	5055	5058	5061	5077	5195	8286
5045	5052	5054	5055	5058	5060	5069	5301	8287
5041	5050	5054	5055	5058	5063	5085	5169	8288
5044	5051	5054	5055	5058	5060	5072	5153	8289
5044	5050	5054	5055	5058	5064	5099	5189	8290
5040	5046	5053	5056	5058	5060	5121	5255	8291
5042	5052	5053	5056	5058	5062	5069	5172	8292
5044	5050	5054	5056	5058	5065	5095	5149	8293
5041	5051	5054	5055	5058	5064	5075	5149	8294
5040	5047	5053	5056	5058	5064	5069	5149	8295
5045	5050	5054	5055	5058	5061	5075	5159	8296
5044	5048	5054	5056	5058	5060	5069	5293	8297
5040	5046	5053	5055	5058	5061	5087	5149	8298
5041	5050	5054	5055	5059	5062	5070	5150	8299
5039	5052	5054	5055	5058	5064	5073	5161	8300
5044	5050	5054	5055	5058	5063	5075	5159	8301
5040	5046	5053	5055	5058	5064	5073	5156	8302
5039	5052	5054	5055	5059	5061	5088	5149	8303
5039	5050	5054	5056	5058	5061	5069	5163	8304
5043	5050	5054	5056	5058	5060	5070	5149	8305
5041	5049	5054	5055	5058	5062	5075	5167	8306
5039	5052	5054	5057	5059	5061	5070	5150	8307
5043	5047	5053	5055	5058	5061	5085	5149	8308
5042	5052	5053	5055	5059	5061	5073	5156	8309
5040	5047	5053	5056	5058	5061	5079	5176	8310
5040	5049	5054	5055	5058	5061	5077	5195	8311
5041	5050	5054	5056	5058	5064	5071	5152	8312
5039	5048	5054	5055	5058	5061	5087	5222	8313
5039	5048	5054	5055	5058	5064	5075	5203	8314
5042	5048	5054	5056	5058	5061	5069	5149	8315
5040	5052	5054	5055	5058	5062	5107	5213	8316
5044	5051	5054	5055	5058	5060	5112	5265	8317
5044	5049	5054	5055	5058	5064	5081	5210	8318
5044	5051	5054	5055	5058	5061	5085	5149	8319
5041	5046	5053	5055	5058	5062	5075	5159	8320
5039	5046	5053	5055	5059	5062	5074	5149	8321
5044	5049	5054	5055	5059	5060	5069	5149	8322
5041	5047	5053	5055	5058	5064	5069	5252	8323
5040	5047	5053	5055	5058	5063	5081	5149	8324
5044	5047	5053	5056	5058	5061	5075	5167	8325
5043	5047	5053	5055	5059	5061	5127	5291	8326
5042	5046	5053	5055	5058	5065	5073	5175	8327
5040	5049	5054	5057	5058	5064	5069	5235	8328
5039	5047	5053	5056	5058	5060	5075	5149	8329
5041	5052	5053	5055	5058	5063	5073	5183	8330
5039	5052	5054	5055	5058	5064	5089	5149	8331
5040	5051	5054	5056	5058	5062	5070	5150	8332
5040	5049	5054	5056	5058	5063	5069	5209	8333
5045	5051	5054	5056	5058	5060	5070	5154	8334
5041	5050	5054	5055	5058	5060	5086	5211	8335
5039	5047	5053	5056	5058	5061	5073	5249	8336
5039	5049	5054	5056	5058	5064	5069	5149	8337
5043	5050	5054	5055	5059	5064	5075	5159	8338
5041	5050	5054	5056	5058	5061	5086	5216	8339
5042	5047	5053	5056	5058	5061	5080	5174	8340
5044	5047	5053	5055	5058	5064	5069	5149	8341
5041	5050	5054	5055	5058	5061	5069	5179	8342
5041	5051	5054	5055	5058	5061	5069	5179	8343
5045	5046	5053	5056	5059	5061	5069	5235	8344
5039	5047	5053	5056	5058	5060	5070	5154	8345
5040	5048	5054	5055	5058	5060	5100	5192	8346
5043	5048	5054	5056	5058	5061	5070	5154	8347
5044	5047	5053	5057	5058	5064	5121	5255	8348
5044	5048	5054	5055	5059	5060	5078	5165	8349
5040	5048	5054	5055	5058	5062	5069	5185	8350
5043	5049	5054	5055	5058	5060	5083	5149	8351
5040	5049	5054	5055	5058	5060	5126	5284	8352
5039	5049	5054	5055	5058	5060	5099	5189	8353
5041	5046	5053	5055	5058	5060	5072	5282	8354
5041	5047	5053	5057	5059	5061	5070	5149	8355
5043	5051	5054	5055	5058	5060	5079	5149	8356
5044	5051	5054	5055	5058	5062	5069	5149	8357
5045	5049	5054	5055	5058	5061	5069	5329	8358
5039	5046	5053	5055	5058	5061	5078	5149	8359
5042	5050	5054	5055	5058	5061	5086	5216	8360
5044	5047	5053	5055	5058	5060	5107	5213	8361
5040	5052	5054	5056	5058	5065	5075	5159	8362
5042	5047	5053	5055	5058	5061	5085	5149	8363
5042	5049	5054	5055	5059	5061	5077	5155	8364
5040	5049	5054	5055	5058	5061	5085	5149	8365
5040	5046	5053	5056	5058	5061	5098	5186	8366
5045	5052	5054	5055	5058	5060	5088	5268	8367
5042	5047	5053	5055	5058	5061	5069	5180	8368
5043	5049	5054	5055	5058	5064	5069	5162	8369
5039	5049	5054	5055	5058	5060	5073	5218	8370
5044	5047	5053	5055	5058	5065	5070	5243	8371
5043	5046	5053	5056	5058	5064	5069	5149	8372
5041	5050	5054	5056	5058	5062	5075	5149	8373
5043	5052	5054	5056	5058	5061	5073	5149	8374
5041	5050	5054	5055	5058	5060	5121	5255	8375
5040	5052	5054	5055	5058	5060	5098	5186	8376
5043	5046	5053	5055	5059	5062	5070	5173	8377
5044	5051	5054	5055	5058	5064	5122	5339	8378
5042	5049	5054	5055	5058	5061	5069	5252	8379
5041	5046	5053	5056	5059	5061	5075	5238	8380
5042	5049	5054	5055	5058	5064	5081	5210	8381
5043	5048	5054	5055	5058	5060	5077	5256	8382
5041	5047	5053	5055	5058	5063	5069	5179	8383
5043	5049	5054	5056	5058	5064	5069	5179	8384
5041	5048	5054	5055	5058	5065	5073	5218	8385
5040	5049	5054	5056	5058	5061	5079	5176	8386
5043	5052	5054	5055	5059	5061	5094	5272	8387
5044	5047	5053	5055	5058	5062	5087	5191	8388
5044	5050	5054	5055	5058	5060	5069	5180	8389
5041	5047	5053	5055	5059	5062	5069	5172	8390
5042	5047	5053	5055	5058	5060	5073	5218	8391
5040	5048	5054	5055	5058	5061	5103	5149	8392
5043	5050	5054	5056	5058	5064	5075	5159	8393
5044	5051	5054	5055	5058	5061	5086	5211	8394
5044	5052	5054	5055	5058	5064	5093	5177	8395
5041	5047	5053	5055	5058	5064	5090	5149	8396
5043	5047	5053	5056	5058	5062	5088	5190	8397
5039	5051	5054	5055	5058	5063	5085	5169	8398
5043	5046	5053	5056	5058	5061	5069	5258	8399
5042	5049	5054	5055	5058	5063	5075	5203	8400
5041	5048	5054	5055	5059	5067	5108	5214	8401
5043	5046	5053	5055	5058	5060	5076	5205	8402
5041	5050	5054	5055	5059	5063	5069	5149	8403
5043	5049	5054	5057	5058	5064	5069	5149	8404
5039	5048	5054	5055	5058	5064	5095	5149	8405
5041	5047	5053	5055	5058	5064	5088	5149	8406
5041	5048	5054	5055	5058	5060	5069	5235	8407
5042	5052	5053	5056	5058	5064	5092	5149	8408
5039	5049	5054	5057	5058	5063	5069	5179	8409
5040	5049	5054	5055	5058	5061	5069	5172	8410
5041	5052	5053	5056	5058	5064	5090	5149	8411
5043	5050	5054	5055	5058	5060	5087	5259	8412
5039	5052	5054	5055	5059	5061	5075	5159	8413
5042	5052	5053	5056	5058	5060	5070	5150	8414
5043	5050	5054	5057	5058	5061	5069	5162	8415
5041	5052	5053	5055	5058	5063	5075	5199	8416
5044	5047	5053	5055	5058	5064	5075	5159	8417
5039	5051	5054	5057	5058	5060	5088	5268	8418
5044	5050	5054	5055	5058	5061	5075	5203	8419
5039	5052	5054	5055	5058	5062	5075	5167	8420
5039	5050	5054	5055	5058	5061	5099	5189	8421
5040	5046	5053	5055	5058	5064	5069	5252	8422
5039	5052	5054	5055	5058	5060	5079	5149	8423
5039	5048	5054	5056	5058	5061	5069	5235	8424
5041	5046	5053	5055	5058	5061	5083	5149	8425
5042	5050	5054	5055	5058	5060	5115	5334	8426
5040	5047	5053	5056	5058	5060	5099	5196	8427
5039	5047	5053	5057	5058	5065	5073	5175	8428
5040	5051	5054	5055	5058	5061	5072	5264	8429
5041	5052	5053	5055	5058	5064	5070	5150	8430
5040	5046	5053	5055	5058	5063	5073	5175	8431
5039	5047	5053	5056	5058	5061	5115	5233	8432
5039	5052	5054	5055	5058	5064	5075	5203	8433
5044	5050	5054	5055	5058	5064	5093	5177	8434
5040	5049	5054	5055	5058	5062	5069	5207	8435
5044	5048	5054	5057	5058	5064	5069	5162	8436
5042	5047	5053	5055	5058	5061	5085	5273	8437
5040	5048	5054	5055	5058	5061	5069	5158	8438
5044	5047	5053	5055	5058	5062	5076	5149	8439
5040	5048	5054	5055	5059	5061	5088	5190	8440
5039	5051	5054	5056	5058	5061	5070	5154	8441
5040	5052	5054	5057	5058	5064	5098	5186	8442
5043	5047	5053	5055	5058	5060	5069	5240	8443
5042	5046	5053	5055	5058	5060	5070	5166	8444
5039	5047	5053	5055	5058	5060	5075	5290	8445
5041	5046	5053	5055	5058	5061	5086	5310	8446
5039	5050	5054	5055	5058	5064	5070	5149	8447
5041	5049	5054	5056	5058	5061	5079	5176	8448
5041	5051	5054	5055	5058	5064	5069	5149	8449
5040	5050	5054	5055	5058	5063	5085	5201	8450
5039	5047	5053	5056	5058	5062	5075	5238	8451
5040	5051	5054	5057	5058	5062	5069	5179	8452
5043	5047	5053	5055	5058	5061	5085	5169	8453
5044	5046	5053	5056	5058	5062	5073	5249	8454
5043	5050	5054	5056	5058	5060	5075	5159	8455
5040	5049	5054	5055	5059	5063	5077	5155	8456
5043	5051	5054	5055	5058	5060	5078	5165	8457
5044	5047	5053	5055	5058	5065	5072	5309	8458
5041	5050	5054	5055	5058	5060	5093	5177	8459
5040	5049	5054	5056	5058	5061	5070	5149	8460
5039	5048	5054	5055	5058	5061	5098	5186	8461
5043	5049	5054	5055	5058	5065	5069	5149	8462
5044	5052	5054	5057	5058	5060	5075	5149	8463
5040	5050	5054	5055	5058	5061	5090	5149	8464
5042	5048	5054	5055	5058	5060	5090	5149	8465
5045	5050	5054	5055	5058	5066	5095	5149	8466
5039	5048	5054	5055	5058	5063	5095	5149	8467
5043	5047	5053	5055	5058	5061	5069	5185	8468
5041	5046	5053	5055	5058	5064	5099	5189	8469
5039	5052	5054	5056	5058	5063	5075	5149	8470
5039	5052	5054	5055	5058	5064	5075	5208	8471
5043	5050	5054	5055	5058	5062	5099	5215	8472
5041	5048	5054	5055	5058	5061	5069	5252	8473
5041	5051	5054	5056	5058	5061	5124	5149	8474
5039	5051	5054	5055	5058	5064	5070	5149	8475
5042	5048	5054	5055	5058	5060	5073	5218	8476
5039	5052	5054	5056	5058	5060	5090	5149	8477
5040	5048	5054	5055	5058	5063	5085	5201	8478
5044	5051	5054	5056	5058	5064	5106	5212	8479
5044	5047	5053	5055	5058	5062	5089	5170	8480
5039	5051	5054	5055	5058	5061	5075	5326	8481
5041	5049	5054	5055	5058	5063	5069	5151	8482
5042	5050	5054	5055	5058	5064	5088	5149	8483
5043	5046	5053	5056	5058	5061	5098	5186	8484
5042	5050	5054	5056	5059	5061	5070	5150	8485
5043	5051	5054	5055	5058	5065	5112	5225	8486
5039	5052	5054	5055	5058	5061	5108	5214	8487
5039	5046	5053	5055	5058	5060	5069	5246	8488
5043	5052	5054	5055	5058	5061	5081	5210	8489
5043	5046	5053	5056	5058	5061	5070	5149	8490
5040	5052	5054	5057	5058	5063	5069	5149	8491
5043	5051	5054	5055	5058	5062	5069	5149	8492
5041	5051	5054	5056	5059	5061	5070	5150	8493
5040	5049	5054	5057	5058	5065	5087	5191	8494
5043	5047	5053	5055	5058	5062	5088	5168	8495
5041	5050	5054	5056	5058	5061	5121	5255	8496
5042	5049	5054	5055	5058	5060	5075	5149	8497
5042	5047	5053	5055	5059	5060	5088	5328	8498
5039	5049	5054	5056	5058	5060	5080	5149	8499
5041	5052	5053	5056	5058	5065	5073	5157	8500
5039	5046	5053	5055	5058	5061	5090	5149	8501
5042	5052	5053	5057	5058	5065	5088	5149	8502
5042	5049	5054	5056	5058	5063	5073	5183	8503
5041	5048	5054	5055	5058	5062	5085	5169	8504
5040	5047	5053	5055	5058	5062	5073	5157	8505
5039	5051	5054	5055	5059	5063	5088	5149	8506
5041	5046	5053	5055	5058	5060	5069	5172	8507
5041	5050	5054	5055	5058	5061	5087	5222	8508
5042	5047	5053	5057	5058	5061	5088	5149	8509
5040	5052	5054	5055	5058	5064	5070	5243	8510
5042	5048	5054	5055	5059	5064	5069	5149	8511
5040	5052	5054	5055	5058	5064	5073	5161	8512
5041	5052	5053	5056	5059	5060	5070	5150	8513
5045	5047	5053	5055	5058	5064	5107	5213	8514
5041	5048	5054	5055	5058	5065	5093	5177	8515
5040	5052	5054	5055	5059	5063	5085	5201	8516
5040	5050	5054	5056	5058	5064	5075	5149	8517
5039	5047	5053	5055	5058	5062	5070	5150	8518
5042	5049	5054	5055	5058	5062	5069	5162	8519
5044	5048	5054	5055	5058	5061	5097	5221	8520
5039	5051	5054	5055	5059	5065	5075	5159	8521
5040	5046	5053	5055	5058	5062	5097	5221	8522
5042	5049	5054	5057	5058	5060	5073	5183	8523
5041	5048	5054	5056	5058	5060	5102	5149	8524
5043	5047	5053	5057	5058	5061	5070	5150	8525
5043	5048	5054	5056	5058	5061	5073	5183	8526
5042	5047	5053	5056	5059	5064	5088	5190	8527
5040	5051	5054	5055	5058	5061	5086	5149	8528
5041	5049	5054	5055	5058	5063	5077	5195	8529
5040	5046	5053	5055	5058	5061	5070	5166	8530
5039	5049	5054	5055	5058	5060	5069	5342	8531
5043	5046	5053	5057	5058	5061	5069	5179	8532
5042	5051	5054	5056	5058	5063	5069	5149	8533
5043	5047	5053	5055	5058	5065	5070	5243	8534
5041	5048	5054	5056	5058	5061	5099	5188	8535
5042	5047	5053	5055	5058	5061	5069	5179	8536
5039	5051	5054	5055	5058	5061	5121	5255	8537
5039	5048	5054	5055	5058	5062	5073	5183	8538
5042	5049	5054	5055	5058	5061	5099	5215	8539
5040	5050	5054	5057	5058	5063	5069	5240	8540
5041	5052	5053	5057	5058	5060	5069	5235	8541
5043	5046	5053	5055	5059	5063	5069	5149	8542
5039	5048	5054	5056	5058	5061	5073	5157	8543
5039	5046	5053	5056	5058	5061	5075	5167	8544
5043	5052	5054	5055	5058	5061	5087	5237	8545
5044	5052	5054	5055	5058	5061	5090	5149	8546
5039	5049	5054	5055	5059	5061	5081	5210	8547
5044	5050	5054	5057	5058	5061	5075	5159	8548
5042	5052	5053	5057	5058	5061	5070	5150	8549
5041	5047	5053	5055	5058	5065	5078	5149	8550
5043	5050	5054	5055	5058	5065	5073	5157	8551
5045	5052	5054	5057	5058	5061	5073	5249	8552
5045	5052	5054	5055	5059	5061	5070	5150	8553
5043	5046	5053	5055	5058	5061	5070	5166	8554
5040	5051	5054	5055	5058	5061	5069	5209	8555
5041	5047	5053	5056	5058	5063	5069	5149	8556
5042	5049	5054	5056	5058	5065	5075	5149	8557
5042	5047	5053	5055	5058	5063	5075	5149	8558
5042	5050	5054	5055	5058	5061	5088	5268	8559
5043	5048	5054	5055	5058	5061	5075	5149	8560
5043	5051	5054	5055	5058	5061	5116	5234	8561
5042	5051	5054	5055	5058	5060	5075	5159	8562
5043	5046	5053	5056	5058	5062	5080	5174	8563
5040	5051	5054	5055	5058	5061	5072	5153	8564
5040	5048	5054	5055	5058	5063	5078	5165	8565
5042	5046	5053	5057	5058	5061	5121	5255	8566
5044	5052	5054	5056	5058	5062	5070	5164	8567
5039	5048	5054	5057	5058	5062	5069	5179	8568
5041	5052	5053	5055	5058	5064	5069	5172	8569
5041	5050	5054	5056	5058	5065	5069	5149	8570
5043	5051	5054	5055	5058	5061	5087	5222	8571
5043	5049	5054	5055	5058	5062	5069	5248	8572
5044	5049	5054	5055	5058	5061	5086	5216	8573
5041	5048	5054	5055	5058	5061	5086	5211	8574
5039	5047	5053	5055	5058	5061	5072	5264	8575
5041	5047	5053	5055	5058	5063	5069	5182	8576
5040	5052	5054	5055	5058	5061	5079	5149	8577
5042	5050	5054	5055	5058	5061	5073	5157	8578
5044	5050	5054	5055	5058	5060	5084	5160	8579
5044	5046	5053	5055	5058	5061	5073	5175	8580
5042	5050	5054	5056	5058	5060	5073	5218	8581
5041	5052	5053	5055	5058	5061	5087	5149	8582
5041	5049	5054	5055	5058	5065	5104	5204	8583
5039	5049	5054	5055	5059	5064	5075	5159	8584
5039	5051	5054	5055	5058	5061	5078	5149	8585
5045	5051	5054	5056	5058	5060	5113	5229	8586
5045	5051	5054	5055	5058	5060	5085	5220	8587
5039	5047	5053	5055	5058	5061	5089	5170	8588
5040	5052	5054	5055	5059	5061	5075	5238	8589
5041	5046	5053	5055	5058	5061	5079	5149	8590
5042	5046	5053	5056	5058	5060	5070	5150	8591
5045	5052	5054	5057	5058	5061	5088	5149	8592
5040	5049	5054	5055	5059	5060	5087	5149	8593
5041	5049	5054	5056	5058	5062	5073	5156	8594
5040	5050	5054	5055	5058	5061	5073	5183	8595
5043	5048	5054	5055	5059	5060	5087	5191	8596
5043	5047	5053	5055	5058	5064	5095	5149	8597
5044	5048	5054	5055	5058	5064	5069	5151	8598
5039	5049	5054	5057	5058	5065	5069	5149	8599
5044	5052	5054	5055	5058	5064	5070	5243	8600
5044	5051	5054	5056	5058	5061	5086	5216	8601
5040	5050	5054	5057	5058	5061	5070	5154	8602
5045	5050	5054	5056	5058	5060	5069	5278	8603
5043	5050	5054	5055	5058	5061	5110	5149	8604
5040	5052	5054	5055	5058	5062	5075	5159	8605
5040	5046	5053	5057	5058	5061	5121	5255	8606
5039	5051	5054	5055	5058	5063	5077	5195	8607
5044	5052	5054	5055	5058	5060	5086	5310	8608
5043	5050	5054	5055	5058	5061	5084	5160	8609
5045	5049	5054	5055	5058	5061	5087	5222	8610
5040	5048	5054	5056	5058	5060	5073	5218	8611
5041	5047	5053	5055	5058	5060	5073	5218	8612
5040	5048	5054	5055	5058	5064	5088	5149	8613
5043	5049	5054	5055	5058	5062	5069	5149	8614
5039	5047	5053	5055	5058	5062	5069	5162	8615
5040	5049	5054	5055	5058	5061	5098	5186	8616
5043	5050	5054	5055	5058	5060	5069	5235	8617
5040	5047	5053	5055	5058	5062	5095	5149	8618
5044	5046	5053	5055	5058	5061	5069	5235	8619
5039	5049	5054	5055	5058	5061	5088	5149	8620
5042	5047	5053	5056	5059	5061	5070	5150	8621
5039	5046	5053	5057	5058	5061	5106	5212	8622
5039	5046	5053	5055	5058	5060	5090	5149	8623
5042	5049	5054	5055	5058	5061	5080	5174	8624
5042	5047	5053	5055	5058	5060	5096	5181	8625
5039	5046	5053	5055	5058	5060	5076	5149	8626
5042	5049	5054	5057	5058	5062	5071	5152	8627
5041	5046	5053	5055	5058	5062	5073	5161	8628
5039	5048	5054	5055	5058	5061	5085	5169	8629
5040	5051	5054	5057	5058	5061	5069	5162	8630
5042	5052	5053	5057	5058	5061	5115	5233	8631
5043	5049	5054	5055	5058	5061	5099	5215	8632
5039	5052	5054	5055	5058	5061	5081	5210	8633
5042	5047	5053	5056	5058	5061	5075	5159	8634
5039	5049	5054	5055	5058	5062	5075	5159	8635
5042	5048	5054	5055	5058	5060	5069	5252	8636
5044	5049	5054	5055	5058	5060	5084	5160	8637
5043	5047	5053	5055	5059	5063	5069	5248	8638
5040	5049	5054	5055	5058	5066	5095	5149	8639
5040	5046	5053	5055	5058	5063	5090	5149	8640
5041	5048	5054	5055	5058	5060	5088	5149	8641
5042	5051	5054	5057	5058	5061	5073	5175	8642
5044	5047	5053	5055	5058	5061	5106	5212	8643
5039	5050	5054	5057	5058	5061	5080	5149	8644
5040	5049	5054	5055	5058	5063	5075	5149	8645
5044	5048	5054	5055	5058	5061	5104	5204	8646
5039	5052	5054	5056	5058	5060	5102	5149	8647
5040	5051	5054	5056	5058	5065	5073	5157	8648
5042	5046	5053	5055	5058	5060	5073	5161	8649
5039	5048	5054	5056	5058	5060	5075	5203	8650
5041	5048	5054	5055	5058	5062	5097	5221	8651
5041	5046	5053	5056	5058	5061	5079	5176	8652
5039	5049	5054	5056	5058	5061	5070	5149	8653
5043	5048	5054	5055	5058	5061	5097	5221	8654
5039	5047	5053	5055	5058	5060	5090	5149	8655
5044	5046	5053	5056	5058	5060	5073	5249	8656
5043	5051	5054	5055	5059	5061	5108	5214	8657
5041	5046	5053	5055	5058	5061	5088	5226	8658
5044	5048	5054	5055	5058	5065	5071	5152	8659
5042	5047	5053	5055	5058	5060	5118	5149	8660
5041	5047	5053	5055	5059	5061	5070	5149	8661
5044	5047	5053	5055	5058	5060	5087	5222	8662
5039	5050	5054	5057	5058	5061	5069	5235	8663
5041	5051	5054	5055	5058	5065	5106	5212	8664
5041	5049	5054	5055	5058	5064	5088	5149	8665
5040	5051	5054	5056	5058	5066	5095	5149	8666
5039	5052	5054	5055	5058	5061	5073	5183	8667
5044	5049	5054	5055	5058	5061	5123	5277	8668
5043	5051	5054	5055	5058	5061	5088	5168	8669
5044	5048	5054	5056	5058	5060	5102	5149	8670
5039	5047	5053	5056	5058	5064	5098	5186	8671
5043	5047	5053	5055	5058	5061	5069	5248	8672
5041	5049	5054	5056	5058	5064	5071	5152	8673
5045	5052	5054	5056	5058	5060	5079	5176	8674
5043	5047	5053	5055	5058	5064	5121	5149	8675
5039	5052	5054	5057	5058	5061	5069	5163	8676
5039	5047	5053	5055	5058	5062	5087	5191	8677
5040	5046	5053	5055	5058	5060	5070	5173	8678
5045	5051	5054	5056	5058	5061	5086	5216	8679
5039	5049	5054	5057	5058	5062	5071	5152	8680
5042	5052	5053	5056	5058	5063	5069	5151	8681
5042	5049	5054	5055	5058	5062	5088	5149	8682
5040	5051	5054	5055	5058	5061	5069	5180	8683
5041	5050	5054	5056	5059	5064	5075	5149	8684
5043	5052	5054	5055	5058	5060	5069	5258	8685
5041	5049	5054	5055	5058	5063	5069	5179	8686
5041	5052	5053	5056	5058	5061	5088	5190	8687
5044	5049	5054	5055	5058	5061	5087	5222	8688
5041	5050	5054	5055	5058	5060	5075	5149	8689
5043	5046	5053	5057	5058	5061	5069	5162	8690
5040	5052	5054	5056	5059	5061	5070	5150	8691
5039	5047	5053	5056	5058	5064	5075	5149	8692
5039	5049	5054	5057	5058	5067	5071	5152	8693
5042	5047	5053	5055	5058	5061	5097	5221	8694
5042	5049	5054	5055	5058	5062	5070	5150	8695
5043	5048	5054	5055	5058	5060	5089	5170	8696
5039	5046	5053	5056	5058	5062	5069	5179	8697
5040	5050	5054	5057	5058	5061	5069	5235	8698
5040	5051	5054	5055	5058	5061	5085	5202	8699
5039	5046	5053	5055	5058	5060	5070	5315	8700
5041	5049	5054	5055	5058	5064	5069	5151	8701
5039	5047	5053	5055	5059	5061	5075	5149	8702
5041	5048	5054	5055	5058	5063	5079	5149	8703
5040	5049	5054	5056	5058	5061	5087	5191	8704
5041	5048	5054	5055	5058	5062	5086	5211	8705
5040	5049	5054	5055	5058	5065	5093	5177	8706
5041	5051	5054	5057	5058	5061	5086	5216	8707
5044	5052	5054	5055	5058	5062	5076	5205	8708
5041	5049	5054	5055	5058	5060	5069	5179	8709
5041	5052	5053	5055	5058	5061	5070	5173	8710
5044	5051	5054	5056	5059	5061	5069	5149	8711
5043	5048	5054	5055	5058	5061	5105	5149	8712
5040	5051	5054	5055	5058	5060	5089	5170	8713
5041	5052	5053	5055	5058	5060	5085	5220	8714
5041	5049	5054	5057	5058	5064	5069	5235	8715
5043	5046	5053	5055	5058	5060	5069	5240	8716
5039	5048	5054	5055	5058	5061	5069	5179	8717
5039	5048	5054	5057	5058	5062	5078	5165	8718
5040	5051	5054	5055	5058	5061	5069	5235	8719
5044	5047	5053	5056	5058	5060	5070	5149	8720
5041	5051	5054	5055	5058	5061	5081	5149	8721
5044	5050	5054	5057	5058	5064	5069	5235	8722
5040	5051	5054	5055	5058	5060	5112	5149	8723
5040	5047	5053	5056	5058	5062	5069	5149	8724
5041	5047	5053	5055	5058	5065	5074	5149	8725
5040	5048	5054	5055	5058	5060	5102	5274	8726
5039	5048	5054	5055	5058	5062	5075	5208	8727
5041	5048	5054	5055	5058	5061	5084	5160	8728
5040	5051	5054	5057	5058	5060	5075	5159	8729
5043	5049	5054	5055	5058	5061	5084	5160	8730
5044	5050	5054	5056	5058	5060	5073	5183	8731
5042	5046	5053	5055	5059	5060	5087	5149	8732
5042	5049	5054	5055	5058	5063	5075	5149	8733
5045	5051	5054	5055	5058	5065	5075	5159	8734
5043	5047	5053	5055	5058	5060	5069	5179	8735
5041	5052	5053	5057	5058	5060	5070	5150	8736
5042	5048	5054	5055	5058	5061	5080	5174	8737
5044	5046	5053	5057	5059	5062	5088	5149	8738
5040	5052	5054	5055	5058	5061	5069	5179	8739
5044	5048	5054	5055	5058	5061	5087	5259	8740
5042	5046	5053	5056	5058	5061	5099	5188	8741
5045	5048	5054	5056	5058	5064	5069	5149	8742
5039	5048	5054	5055	5058	5060	5088	5149	8743
5039	5049	5054	5056	5059	5061	5070	5150	8744
5044	5052	5054	5055	5058	5060	5086	5149	8745
5043	5047	5053	5056	5058	5064	5090	5149	8746
5040	5046	5053	5055	5058	5061	5072	5264	8747
5044	5050	5054	5055	5058	5062	5097	5221	8748
5041	5047	5053	5055	5059	5060	5121	5149	8749
5042	5049	5054	5056	5058	5064	5069	5151	8750
5041	5049	5054	5057	5058	5060	5073	5183	8751
5042	5047	5053	5056	5058	5061	5070	5149	8752
5039	5047	5053	5055	5058	5061	5087	5191	8753
5041	5047	5053	5057	5058	5061	5080	5149	8754
5043	5051	5054	5055	5058	5063	5069	5252	8755
5040	5048	5054	5055	5058	5064	5112	5225	8756
5040	5047	5053	5055	5058	5061	5083	5149	8757
5040	5050	5054	5055	5058	5061	5095	5149	8758
5039	5048	5054	5055	5058	5062	5069	5180	8759
5044	5049	5054	5055	5058	5061	5112	5225	8760
5041	5049	5054	5055	5058	5062	5070	5166	8761
5039	5047	5053	5056	5058	5064	5090	5149	8762
5041	5047	5053	5055	5058	5060	5096	5181	8763
5043	5048	5054	5056	5058	5061	5069	5172	8764
5039	5049	5054	5056	5058	5061	5070	5164	8765
5043	5051	5054	5055	5058	5064	5093	5177	8766
5041	5050	5054	5055	5058	5062	5110	5149	8767
5040	5050	5054	5055	5058	5062	5085	5230	8768
5043	5048	5054	5055	5058	5065	5071	5152	8769
5039	5050	5054	5057	5058	5060	5070	5149	8770
5040	5049	5054	5055	5059	5063	5078	5165	8771
5041	5046	5053	5055	5058	5060	5121	5260	8772
5044	5047	5053	5055	5059	5063	5075	5149	8773
5040	5051	5054	5055	5058	5061	5073	5157	8774
5044	5047	5053	5057	5058	5061	5069	5149	8775
5043	5052	5054	5056	5058	5062	5069	5149	8776
5041	5046	5053	5055	5058	5060	5080	5149	8777
5044	5049	5054	5055	5058	5060	5079	5176	8778
5044	5050	5054	5056	5058	5061	5079	5176	8779
5044	5052	5054	5055	5058	5064	5075	5159	8780
5041	5052	5053	5055	5058	5061	5092	5149	8781
5044	5052	5054	5055	5058	5062	5069	5179	8782
5044	5048	5054	5056	5058	5061	5088	5190	8783
5043	5051	5054	5056	5058	5061	5075	5159	8784
5043	5049	5054	5056	5058	5064	5069	5258	8785
5042	5047	5053	5055	5058	5064	5070	5243	8786
5039	5052	5054	5055	5058	5061	5081	5149	8787
5041	5048	5054	5055	5058	5067	5079	5176	8788
5044	5051	5054	5055	5058	5060	5112	5149	8789
5042	5047	5053	5055	5058	5065	5075	5149	8790
5044	5047	5053	5055	5059	5061	5081	5149	8791
5045	5049	5054	5055	5058	5060	5083	5318	8792
5042	5047	5053	5057	5058	5060	5069	5240	8793
5040	5049	5054	5055	5058	5062	5086	5149	8794
5044	5052	5054	5056	5058	5064	5070	5149	8795
5039	5048	5054	5055	5058	5061	5072	5153	8796
5043	5049	5054	5056	5058	5061	5069	5179	8797
5039	5052	5054	5055	5058	5065	5073	5157	8798
5041	5050	5054	5057	5058	5061	5075	5159	8799
5042	5048	5054	5055	5059	5060	5069	5179	8800
5043	5051	5054	5055	5058	5060	5077	5149	8801
5040	5047	5053	5057	5058	5061	5070	5150	8802
5043	5048	5054	5055	5059	5067	5069	5149	8803
5041	5052	5053	5056	5058	5060	5069	5180	8804
5043	5051	5054	5055	5058	5066	5095	5149	8805
5039	5046	5053	5055	5058	5062	5080	5174	8806
5041	5049	5054	5055	5058	5061	5081	5355	8807
5039	5052	5054	5055	5058	5063	5069	5209	8808
5043	5049	5054	5056	5058	5061	5070	5149	8809
5042	5050	5054	5055	5058	5063	5069	5185	8810
5044	5050	5054	5056	5058	5060	5121	5255	8811
5041	5048	5054	5057	5058	5060	5069	5179	8812
5042	5048	5054	5055	5058	5061	5099	5196	8813
5043	5046	5053	5055	5058	5060	5069	5180	8814
5045	5049	5054	5056	5058	5060	5075	5149	8815
5040	5052	5054	5055	5058	5061	5121	5255	8816
5042	5052	5053	5057	5058	5061	5071	5152	8817
5044	5050	5054	5055	5058	5060	5073	5161	8818
5041	5051	5054	5056	5058	5065	5095	5149	8819
5041	5048	5054	5055	5059	5062	5087	5222	8820
5043	5047	5053	5055	5058	5061	5075	5199	8821
5040	5050	5054	5055	5058	5060	5073	5157	8822
5044	5049	5054	5055	5058	5060	5085	5202	8823
5044	5051	5054	5055	5058	5063	5075	5159	8824
5042	5048	5054	5055	5058	5060	5069	5172	8825
5041	5047	5053	5056	5058	5060	5070	5149	8826
5039	5048	5054	5055	5058	5061	5069	5246	8827
5041	5047	5053	5055	5058	5060	5083	5149	8828
5043	5047	5053	5055	5058	5063	5070	5149	8829
5040	5049	5054	5057	5058	5061	5123	5277	8830
5041	5050	5054	5055	5058	5066	5075	5149	8831
5039	5052	5054	5057	5058	5064	5075	5149	8832
5039	5051	5054	5055	5058	5063	5069	5151	8833
5040	5050	5054	5055	5058	5061	5069	5180	8834
5040	5049	5054	5055	5058	5061	5085	5230	8835
5039	5050	5054	5055	5058	5061	5106	5212	8836
5040	5051	5054	5055	5059	5061	5088	5149	8837
5040	5052	5054	5055	5058	5060	5075	5223	8838
5041	5047	5053	5056	5058	5064	5098	5186	8839
5040	5049	5054	5055	5058	5065	5074	5149	8840
5043	5047	5053	5055	5059	5060	5085	5230	8841
5041	5052	5053	5055	5058	5065	5070	5243	8842
5039	5052	5054	5055	5058	5060	5087	5191	8843
5041	5047	5053	5056	5059	5061	5088	5190	8844
5042	5047	5053	5056	5058	5065	5073	5157	8845
5040	5047	5053	5055	5058	5064	5069	5252	8846
5043	5047	5053	5055	5058	5065	5073	5149	8847
5039	5048	5054	5056	5059	5061	5069	5172	8848
5039	5052	5054	5055	5058	5064	5079	5176	8849
5043	5052	5054	5055	5058	5064	5095	5149	8850
5040	5052	5054	5055	5058	5063	5069	5207	8851
5041	5046	5053	5055	5059	5060	5069	5180	8852
5039	5049	5054	5055	5058	5061	5093	5177	8853
5041	5052	5053	5055	5059	5063	5075	5149	8854
5039	5052	5054	5055	5058	5060	5075	5159	8855
5044	5049	5054	5057	5058	5063	5069	5162	8856
5041	5047	5053	5056	5058	5061	5069	5172	8857
5041	5048	5054	5055	5058	5061	5087	5200	8858
5043	5048	5054	5055	5058	5065	5075	5159	8859
5040	5049	5054	5055	5058	5064	5073	5149	8860
5042	5050	5054	5057	5058	5060	5069	5179	8861
5042	5051	5054	5055	5058	5061	5070	5154	8862
5045	5046	5053	5055	5058	5061	5069	5151	8863
5041	5048	5054	5055	5058	5060	5084	5160	8864
5044	5047	5053	5056	5058	5064	5099	5188	8865
5045	5051	5054	5055	5058	5064	5075	5149	8866
5040	5048	5054	5055	5058	5064	5099	5189	8867
5044	5049	5054	5055	5058	5060	5105	5330	8868
5044	5046	5053	5055	5058	5061	5075	5167	8869
5044	5050	5054	5055	5058	5065	5069	5207	8870
5043	5052	5054	5055	5058	5062	5069	5151	8871
5042	5047	5053	5055	5058	5065	5074	5149	8872
5045	5046	5053	5055	5058	5060	5069	5172	8873
5041	5051	5054	5055	5058	5062	5077	5155	8874
5041	5046	5053	5057	5058	5061	5080	5149	8875
5044	5051	5054	5057	5058	5060	5070	5154	8876
5039	5048	5054	5055	5058	5063	5073	5149	8877
5042	5051	5054	5055	5058	5061	5095	5149	8878
5044	5051	5054	5055	5058	5061	5075	5326	8879
5040	5046	5053	5055	5058	5061	5075	5223	8880
5043	5046	5053	5055	5059	5061	5069	5172	8881
5042	5052	5053	5056	5058	5063	5073	5249	8882
5043	5052	5054	5056	5058	5063	5073	5183	8883
5043	5047	5053	5057	5058	5062	5070	5150	8884
5039	5052	5054	5055	5058	5060	5073	5149	8885
5040	5048	5054	5056	5058	5061	5073	5218	8886
5043	5052	5054	5055	5058	5061	5088	5149	8887
5044	5051	5054	5055	5058	5064	5088	5149	8888
5040	5047	5053	5056	5058	5061	5073	5218	8889
5040	5046	5053	5055	5058	5061	5086	5216	8890
5040	5052	5054	5056	5058	5060	5102	5149	8891
5044	5049	5054	5055	5058	5062	5078	5165	8892
5039	5052	5054	5056	5058	5061	5071	5152	8893
5041	5046	5053	5056	5058	5060	5069	5172	8894
5039	5052	5054	5055	5058	5061	5069	5172	8895
5043	5047	5053	5055	5058	5061	5072	5294	8896
5044	5049	5054	5055	5058	5064	5093	5177	8897
5041	5046	5053	5057	5058	5061	5080	5174	8898
5042	5051	5054	5055	5058	5060	5070	5150	8899
5040	5051	5054	5055	5058	5061	5085	5352	8900
5041	5047	5053	5056	5058	5064	5079	5176	8901
5043	5047	5053	5055	5058	5061	5086	5216	8902
5042	5049	5054	5055	5058	5061	5070	5149	8903
5040	5051	5054	5055	5058	5060	5082	5149	8904
5041	5052	5053	5055	5059	5061	5077	5155	8905
5041	5051	5054	5055	5058	5064	5093	5177	8906
5040	5047	5053	5055	5058	5064	5075	5149	8907
5044	5047	5053	5055	5058	5061	5101	5197	8908
5040	5051	5054	5055	5058	5063	5077	5195	8909
5044	5046	5053	5055	5058	5065	5089	5170	8910
5042	5048	5054	5055	5058	5060	5087	5237	8911
5041	5049	5054	5057	5058	5060	5069	5179	8912
5042	5047	5053	5055	5058	5060	5076	5149	8913
5041	5048	5054	5056	5058	5064	5075	5159	8914
5045	5048	5054	5055	5058	5064	5069	5149	8915
5041	5049	5054	5056	5058	5060	5069	5179	8916
5039	5050	5054	5056	5059	5061	5085	5201	8917
5039	5051	5054	5055	5059	5060	5079	5149	8918
5043	5048	5054	5055	5059	5061	5086	5216	8919
5042	5050	5054	5055	5058	5061	5069	5179	8920
5044	5046	5053	5056	5058	5064	5069	5149	8921
5041	5052	5053	5055	5058	5065	5074	5149	8922
5039	5052	5054	5057	5058	5062	5069	5179	8923
5044	5048	5054	5055	5058	5063	5075	5159	8924
5045	5052	5054	5057	5058	5061	5069	5162	8925
5042	5046	5053	5056	5058	5060	5121	5255	8926
5045	5047	5053	5056	5058	5060	5070	5150	8927
5045	5052	5054	5056	5058	5061	5070	5150	8928
5040	5047	5053	5056	5058	5061	5088	5149	8929
5041	5051	5054	5056	5058	5061	5070	5164	8930
5042	5052	5053	5055	5058	5060	5096	5181	8931
5039	5048	5054	5056	5058	5061	5086	5216	8932
5041	5048	5054	5057	5058	5060	5072	5303	8933
5040	5048	5054	5055	5058	5062	5097	5221	8934
5044	5049	5054	5055	5058	5066	5086	5149	8935
5044	5051	5054	5057	5058	5060	5070	5149	8936
5040	5051	5054	5057	5058	5061	5069	5163	8937
5043	5047	5053	5055	5058	5062	5077	5155	8938
5044	5051	5054	5056	5058	5061	5070	5164	8939
5041	5052	5053	5056	5058	5064	5069	5151	8940
5041	5052	5053	5055	5058	5060	5097	5221	8941
5043	5046	5053	5055	5059	5061	5073	5156	8942
5044	5049	5054	5055	5058	5062	5077	5195	8943
5040	5051	5054	5055	5058	5060	5085	5202	8944
5042	5051	5054	5056	5058	5060	5099	5188	8945
5039	5047	5053	5055	5059	5063	5085	5169	8946
5043	5052	5054	5056	5058	5061	5075	5159	8947
5040	5049	5054	5056	5058	5061	5073	5156	8948
5040	5051	5054	5056	5058	5063	5075	5203	8949
5043	5050	5054	5055	5058	5063	5112	5225	8950
5040	5048	5054	5055	5058	5066	5095	5149	8951
5044	5046	5053	5055	5058	5060	5069	5179	8952
5043	5047	5053	5056	5058	5062	5073	5183	8953
5044	5047	5053	5055	5058	5061	5079	5149	8954
5043	5047	5053	5055	5058	5061	5075	5290	8955
5040	5049	5054	5055	5058	5061	5070	5154	8956
5039	5048	5054	5056	5059	5061	5088	5190	8957
5040	5049	5054	5055	5058	5064	5072	5244	8958
5041	5046	5053	5056	5058	5060	5075	5245	8959
5042	5052	5053	5055	5058	5061	5070	5243	8960
5042	5050	5054	5055	5058	5061	5069	5158	8961
5040	5052	5054	5055	5058	5061	5081	5149	8962
5040	5051	5054	5055	5058	5060	5115	5149	8963
5041	5046	5053	5056	5058	5061	5070	5149	8964
5042	5049	5054	5055	5058	5060	5088	5268	8965
5043	5046	5053	5055	5058	5063	5069	5182	8966
5043	5049	5054	5055	5058	5060	5112	5225	8967
5044	5050	5054	5055	5058	5061	5069	5185	8968
5045	5049	5054	5056	5058	5061	5069	5207	8969
5040	5047	5053	5056	5058	5064	5069	5172	8970
5039	5051	5054	5056	5059	5061	5086	5216	8971
5040	5051	5054	5055	5058	5063	5075	5203	8972
5044	5048	5054	5055	5058	5065	5117	5288	8973
5039	5051	5054	5055	5058	5061	5079	5176	8974
5042	5050	5054	5055	5058	5060	5100	5192	8975
5044	5051	5054	5055	5058	5061	5070	5166	8976
5042	5051	5054	5055	5059	5064	5088	5190	8977
5039	5049	5054	5055	5058	5065	5069	5207	8978
5039	5050	5054	5055	5058	5061	5073	5249	8979
5041	5052	5053	5055	5059	5061	5087	5237	8980
5040	5049	5054	5055	5059	5062	5085	5230	8981
5040	5047	5053	5055	5058	5061	5070	5154	8982
5044	5047	5053	5056	5058	5060	5073	5249	8983
5040	5046	5053	5055	5058	5061	5073	5156	8984
5039	5049	5054	5055	5058	5060	5073	5161	8985
5041	5046	5053	5056	5059	5060	5073	5149	8986
5042	5048	5054	5056	5058	5060	5075	5159	8987
5041	5052	5053	5055	5058	5061	5076	5205	8988
5039	5049	5054	5055	5058	5061	5069	5151	8989
5045	5051	5054	5055	5058	5060	5087	5222	8990
5041	5047	5053	5055	5058	5064	5099	5196	8991
5044	5046	5053	5055	5058	5063	5090	5149	8992
5041	5050	5054	5056	5058	5060	5070	5149	8993
5039	5049	5054	5057	5058	5061	5075	5149	8994
5039	5046	5053	5056	5058	5060	5098	5186	8995
5039	5049	5054	5055	5058	5062	5085	5230	8996
5041	5050	5054	5056	5058	5062	5069	5240	8997
5043	5048	5054	5055	5058	5062	5097	5221	8998
5042	5052	5053	5055	5058	5061	5120	5253	8999
5041	5051	5054	5057	5059	5061	5070	5154	9000
5044	5046	5053	5055	5058	5061	5073	5157	9001
5044	5048	5054	5056	5058	5062	5069	5149	9002
5043	5052	5054	5055	5058	5060	5112	5265	9003
5045	5051	5054	5055	5058	5065	5078	5149	9004
5044	5046	5053	5057	5059	5061	5075	5149	9005
5044	5052	5054	5055	5058	5061	5085	5202	9006
5045	5048	5054	5056	5058	5064	5095	5149	9007
5041	5047	5053	5055	5058	5062	5120	5253	9008
5039	5049	5054	5055	5059	5062	5074	5149	9009
5040	5051	5054	5055	5058	5061	5101	5197	9010
5039	5048	5054	5055	5058	5061	5069	5207	9011
5045	5052	5054	5055	5058	5061	5081	5210	9012
5041	5048	5054	5056	5058	5061	5079	5176	9013
5041	5050	5054	5057	5058	5061	5069	5162	9014
5041	5052	5053	5055	5058	5061	5075	5279	9015
5041	5052	5053	5055	5059	5060	5078	5165	9016
5042	5050	5054	5057	5058	5061	5069	5179	9017
5039	5048	5054	5055	5059	5061	5069	5149	9018
5043	5052	5054	5056	5058	5064	5073	5249	9019
5042	5048	5054	5056	5058	5062	5102	5149	9020
5044	5049	5054	5055	5058	5062	5073	5183	9021
5039	5052	5054	5055	5058	5060	5070	5166	9022
5039	5049	5054	5055	5058	5064	5075	5149	9023
5043	5050	5054	5055	5058	5060	5080	5174	9024
5043	5047	5053	5056	5059	5061	5073	5156	9025
5043	5052	5054	5056	5058	5061	5087	5259	9026
5043	5050	5054	5055	5058	5061	5089	5170	9027
5040	5047	5053	5055	5058	5060	5086	5149	9028
5040	5048	5054	5056	5058	5061	5075	5159	9029
5042	5048	5054	5055	5058	5060	5097	5221	9030
5041	5050	5054	5055	5058	5062	5075	5149	9031
5042	5050	5054	5056	5058	5061	5087	5200	9032
5044	5049	5054	5055	5059	5062	5074	5149	9033
5040	5051	5054	5055	5059	5064	5081	5149	9034
5043	5049	5054	5055	5058	5061	5120	5253	9035
5040	5052	5054	5055	5058	5061	5078	5149	9036
5041	5046	5053	5055	5058	5062	5100	5192	9037
5043	5046	5053	5055	5058	5061	5073	5149	9038
5039	5049	5054	5055	5058	5065	5087	5259	9039
5039	5050	5054	5055	5058	5063	5069	5180	9040
5040	5050	5054	5055	5058	5062	5070	5149	9041
5039	5051	5054	5057	5058	5060	5070	5154	9042
5039	5049	5054	5055	5059	5060	5070	5154	9043
5039	5048	5054	5057	5058	5060	5070	5150	9044
5039	5050	5054	5055	5058	5061	5075	5290	9045
5044	5048	5054	5055	5058	5063	5075	5149	9046
5040	5047	5053	5055	5058	5061	5085	5169	9047
5040	5048	5054	5055	5058	5061	5087	5222	9048
5039	5049	5054	5056	5058	5064	5069	5258	9049
5040	5046	5053	5055	5058	5064	5112	5225	9050
5040	5047	5053	5055	5058	5061	5105	5330	9051
5042	5050	5054	5057	5058	5064	5071	5152	9052
5043	5050	5054	5056	5058	5061	5073	5157	9053
5040	5047	5053	5055	5058	5062	5070	5173	9054
5040	5051	5054	5055	5058	5060	5075	5290	9055
5042	5046	5053	5055	5058	5061	5125	5149	9056
5045	5047	5053	5055	5058	5060	5087	5222	9057
5042	5049	5054	5055	5058	5060	5079	5149	9058
5042	5052	5053	5055	5059	5060	5069	5149	9059
5042	5049	5054	5057	5058	5060	5070	5154	9060
5039	5049	5054	5055	5058	5060	5073	5149	9061
5040	5052	5054	5056	5058	5060	5099	5188	9062
5043	5051	5054	5055	5058	5064	5069	5162	9063
5041	5048	5054	5055	5058	5063	5084	5160	9064
5041	5050	5054	5055	5058	5062	5075	5203	9065
5042	5052	5053	5055	5058	5063	5094	5272	9066
5045	5047	5053	5057	5058	5061	5070	5150	9067
5043	5049	5054	5055	5058	5063	5077	5195	9068
5042	5052	5053	5056	5058	5060	5102	5149	9069
5040	5047	5053	5055	5058	5061	5069	5252	9070
5041	5052	5053	5055	5058	5064	5104	5204	9071
5045	5046	5053	5056	5058	5060	5090	5149	9072
5044	5048	5054	5055	5058	5060	5114	5149	9073
5041	5050	5054	5055	5058	5063	5075	5149	9074
5044	5051	5054	5055	5058	5065	5089	5170	9075
5039	5052	5054	5055	5059	5061	5069	5180	9076
5041	5048	5054	5055	5058	5060	5081	5149	9077
5043	5051	5054	5056	5058	5064	5069	5235	9078
5039	5050	5054	5055	5058	5060	5118	5149	9079
5042	5047	5053	5055	5058	5060	5072	5264	9080
5041	5051	5054	5055	5059	5061	5087	5222	9081
5041	5047	5053	5055	5058	5061	5085	5220	9082
5042	5048	5054	5056	5058	5060	5098	5186	9083
5039	5049	5054	5055	5058	5061	5100	5192	9084
5041	5051	5054	5056	5058	5061	5082	5149	9085
5044	5049	5054	5056	5058	5061	5088	5190	9086
5040	5046	5053	5055	5058	5060	5087	5259	9087
5043	5047	5053	5055	5058	5060	5121	5149	9088
5044	5048	5054	5055	5058	5061	5070	5166	9089
5039	5050	5054	5055	5058	5063	5069	5179	9090
5040	5046	5053	5055	5059	5064	5090	5149	9091
5041	5048	5054	5056	5058	5064	5098	5186	9092
5042	5048	5054	5056	5058	5061	5075	5238	9093
5041	5050	5054	5055	5058	5065	5093	5177	9094
5044	5050	5054	5056	5058	5061	5073	5249	9095
5043	5047	5053	5055	5058	5062	5070	5173	9096
5039	5051	5054	5055	5059	5061	5069	5149	9097
5040	5052	5054	5055	5058	5061	5112	5225	9098
5041	5052	5053	5055	5058	5065	5069	5149	9099
5041	5051	5054	5056	5058	5064	5070	5154	9100
5042	5046	5053	5055	5058	5064	5090	5149	9101
5045	5047	5053	5056	5058	5061	5069	5250	9102
5041	5049	5054	5056	5058	5061	5086	5216	9103
5039	5050	5054	5055	5058	5060	5084	5160	9104
5044	5048	5054	5055	5059	5062	5074	5149	9105
5039	5047	5053	5056	5058	5060	5099	5188	9106
5043	5049	5054	5055	5058	5060	5069	5158	9107
5045	5052	5054	5057	5058	5061	5121	5255	9108
5040	5046	5053	5055	5059	5062	5077	5256	9109
5042	5047	5053	5055	5058	5062	5077	5155	9110
5041	5047	5053	5055	5058	5061	5075	5167	9111
5040	5049	5054	5056	5058	5062	5088	5190	9112
5044	5051	5054	5055	5058	5063	5069	5182	9113
5039	5047	5053	5055	5058	5064	5070	5243	9114
5039	5052	5054	5055	5058	5061	5075	5223	9115
5040	5051	5054	5055	5058	5065	5099	5196	9116
5044	5046	5053	5057	5058	5062	5088	5149	9117
5043	5048	5054	5055	5059	5060	5087	5149	9118
5039	5046	5053	5055	5058	5063	5075	5199	9119
5044	5050	5054	5057	5058	5060	5069	5235	9120
5044	5048	5054	5057	5058	5064	5098	5186	9121
5044	5046	5053	5055	5058	5064	5073	5157	9122
5042	5048	5054	5055	5058	5061	5120	5280	9123
5042	5046	5053	5055	5058	5060	5099	5189	9124
5044	5051	5054	5057	5058	5060	5069	5149	9125
5042	5048	5054	5056	5058	5061	5082	5149	9126
5043	5048	5054	5055	5058	5061	5089	5170	9127
5041	5050	5054	5056	5058	5061	5088	5226	9128
5039	5052	5054	5055	5058	5061	5069	5163	9129
5045	5050	5054	5055	5058	5060	5080	5174	9130
5040	5052	5054	5056	5058	5061	5073	5156	9131
5044	5050	5054	5056	5058	5061	5080	5174	9132
5042	5052	5053	5056	5058	5061	5069	5163	9133
5045	5048	5054	5055	5059	5060	5085	5230	9134
5041	5046	5053	5055	5058	5065	5075	5159	9135
5044	5050	5054	5057	5059	5060	5070	5150	9136
5044	5050	5054	5055	5058	5061	5079	5176	9137
5041	5047	5053	5055	5059	5061	5070	5150	9138
5045	5046	5053	5055	5058	5061	5080	5149	9139
5045	5052	5054	5055	5058	5062	5107	5213	9140
5040	5051	5054	5055	5058	5061	5139	5149	9141
5041	5047	5053	5055	5058	5062	5075	5159	9142
5041	5047	5053	5056	5058	5062	5069	5172	9143
5045	5048	5054	5055	5058	5064	5069	5162	9144
5041	5046	5053	5055	5058	5067	5078	5165	9145
5040	5052	5054	5055	5058	5064	5076	5205	9146
5040	5048	5054	5057	5058	5060	5069	5179	9147
5043	5050	5054	5055	5059	5064	5092	5224	9148
5042	5048	5054	5055	5058	5063	5069	5252	9149
5043	5047	5053	5055	5058	5066	5095	5149	9150
5040	5052	5054	5055	5058	5064	5087	5191	9151
5040	5046	5053	5055	5058	5061	5075	5199	9152
5041	5048	5054	5055	5058	5063	5069	5252	9153
5040	5048	5054	5056	5058	5063	5070	5149	9154
5041	5050	5054	5055	5059	5061	5086	5216	9155
5043	5052	5054	5057	5058	5061	5070	5150	9156
5045	5052	5054	5055	5058	5061	5085	5220	9157
5042	5050	5054	5055	5058	5060	5079	5149	9158
5044	5050	5054	5055	5058	5060	5087	5222	9159
5040	5046	5053	5055	5058	5062	5073	5161	9160
5041	5049	5054	5055	5058	5063	5112	5225	9161
5041	5047	5053	5056	5058	5062	5102	5149	9162
5041	5046	5053	5055	5058	5062	5077	5195	9163
5041	5046	5053	5055	5058	5063	5069	5172	9164
5040	5046	5053	5056	5058	5061	5073	5156	9165
5043	5046	5053	5055	5058	5061	5069	5180	9166
5042	5051	5054	5055	5058	5063	5075	5149	9167
5044	5049	5054	5055	5058	5065	5088	5190	9168
5044	5047	5053	5055	5059	5062	5073	5156	9169
5041	5052	5053	5057	5058	5061	5069	5162	9170
5042	5047	5053	5055	5058	5064	5069	5172	9171
5039	5051	5054	5055	5058	5065	5075	5159	9172
5044	5050	5054	5056	5058	5065	5088	5190	9173
5044	5049	5054	5057	5058	5060	5070	5154	9174
5041	5049	5054	5056	5058	5061	5081	5149	9175
5041	5052	5053	5055	5059	5064	5069	5248	9176
5040	5048	5054	5055	5058	5065	5104	5204	9177
5039	5050	5054	5056	5058	5062	5069	5149	9178
5044	5050	5054	5055	5058	5060	5086	5211	9179
5041	5049	5054	5055	5059	5063	5075	5159	9180
5045	5047	5053	5055	5058	5060	5069	5262	9181
5041	5051	5054	5055	5058	5062	5093	5177	9182
5039	5049	5054	5056	5058	5061	5075	5203	9183
5039	5047	5053	5055	5058	5060	5069	5172	9184
5043	5046	5053	5055	5058	5064	5069	5151	9185
5039	5051	5054	5056	5058	5064	5069	5193	9186
5041	5048	5054	5055	5058	5062	5118	5149	9187
5041	5046	5053	5055	5058	5067	5069	5149	9188
5039	5047	5053	5055	5058	5063	5107	5213	9189
5039	5047	5053	5057	5058	5061	5115	5233	9190
5041	5049	5054	5056	5058	5060	5069	5240	9191
5040	5048	5054	5055	5058	5060	5118	5149	9192
5043	5046	5053	5055	5058	5063	5075	5203	9193
5040	5047	5053	5057	5058	5060	5080	5149	9194
5041	5048	5054	5057	5058	5061	5073	5175	9195
5041	5047	5053	5056	5059	5061	5069	5235	9196
5043	5049	5054	5055	5058	5060	5069	5151	9197
5043	5051	5054	5055	5058	5061	5069	5252	9198
5042	5048	5054	5055	5058	5062	5070	5149	9199
5043	5048	5054	5056	5058	5061	5069	5235	9200
5039	5052	5054	5055	5058	5063	5073	5183	9201
5041	5046	5053	5055	5059	5061	5108	5214	9202
5041	5050	5054	5055	5058	5060	5069	5158	9203
5044	5049	5054	5056	5058	5064	5069	5151	9204
5042	5050	5054	5057	5058	5060	5075	5203	9205
5042	5052	5053	5056	5058	5060	5075	5159	9206
5039	5046	5053	5055	5058	5062	5073	5161	9207
5043	5051	5054	5056	5058	5063	5069	5149	9208
5039	5048	5054	5055	5058	5063	5075	5159	9209
5040	5052	5054	5055	5058	5061	5097	5221	9210
5039	5049	5054	5056	5058	5065	5087	5222	9211
5043	5047	5053	5056	5058	5063	5073	5175	9212
5040	5051	5054	5057	5058	5061	5069	5149	9213
5039	5048	5054	5055	5058	5062	5105	5149	9214
5040	5052	5054	5055	5058	5061	5116	5234	9215
5042	5048	5054	5055	5058	5061	5095	5322	9216
5042	5050	5054	5057	5058	5061	5075	5159	9217
5042	5052	5053	5055	5058	5066	5095	5149	9218
5039	5046	5053	5056	5058	5063	5069	5149	9219
5044	5052	5054	5055	5059	5061	5069	5246	9220
5039	5050	5054	5056	5058	5065	5088	5190	9221
5041	5047	5053	5055	5058	5065	5087	5191	9222
5041	5052	5053	5056	5058	5061	5069	5172	9223
5042	5046	5053	5055	5058	5060	5072	5282	9224
5040	5049	5054	5056	5058	5067	5073	5156	9225
5040	5052	5054	5055	5058	5065	5069	5207	9226
5041	5052	5053	5056	5059	5061	5075	5238	9227
5043	5050	5054	5055	5058	5060	5069	5240	9228
5042	5052	5053	5057	5058	5060	5069	5179	9229
5042	5046	5053	5055	5058	5061	5079	5149	9230
5044	5050	5054	5055	5058	5061	5144	5149	9231
5039	5052	5054	5055	5058	5061	5145	5149	9232
5041	5049	5054	5055	5058	5061	5069	5257	9233
5039	5047	5053	5055	5058	5065	5073	5157	9234
5044	5046	5053	5056	5058	5061	5099	5188	9235
5039	5047	5053	5055	5059	5062	5073	5156	9236
5039	5051	5054	5057	5058	5060	5069	5179	9237
5045	5049	5054	5056	5059	5060	5069	5240	9238
5041	5052	5053	5055	5059	5062	5070	5154	9239
5042	5052	5053	5055	5058	5060	5070	5154	9240
5040	5049	5054	5056	5058	5061	5087	5200	9241
5040	5047	5053	5056	5059	5061	5075	5149	9242
5039	5049	5054	5055	5058	5064	5071	5152	9243
5042	5050	5054	5055	5058	5061	5085	5201	9244
5044	5052	5054	5055	5058	5065	5087	5259	9245
5040	5050	5054	5055	5058	5061	5069	5193	9246
5039	5048	5054	5055	5058	5062	5069	5151	9247
5043	5051	5054	5055	5058	5061	5075	5199	9248
5041	5048	5054	5056	5058	5060	5081	5149	9249
5040	5047	5053	5056	5058	5064	5079	5176	9250
5040	5049	5054	5055	5059	5060	5069	5179	9251
5040	5047	5053	5055	5058	5061	5080	5149	9252
5043	5050	5054	5056	5058	5064	5088	5190	9253
5040	5052	5054	5057	5058	5060	5070	5154	9254
5045	5047	5053	5055	5058	5061	5075	5159	9255
5041	5052	5053	5057	5058	5064	5121	5255	9256
5039	5046	5053	5055	5058	5062	5070	5149	9257
5043	5052	5054	5055	5058	5060	5070	5243	9258
5041	5050	5054	5055	5058	5060	5094	5149	9259
5043	5052	5054	5055	5058	5060	5089	5170	9260
5040	5047	5053	5056	5058	5061	5073	5249	9261
5045	5048	5054	5055	5058	5062	5077	5155	9262
5044	5050	5054	5056	5059	5060	5121	5255	9263
5039	5049	5054	5057	5059	5061	5081	5210	9264
5040	5051	5054	5055	5059	5061	5108	5214	9265
5042	5049	5054	5055	5058	5061	5121	5255	9266
5045	5051	5054	5055	5058	5064	5075	5159	9267
5041	5049	5054	5055	5058	5061	5088	5271	9268
5041	5050	5054	5056	5058	5061	5069	5163	9269
5041	5050	5054	5056	5058	5065	5071	5152	9270
5040	5048	5054	5055	5058	5065	5106	5212	9271
5040	5049	5054	5056	5058	5060	5078	5165	9272
5039	5052	5054	5055	5058	5060	5073	5183	9273
5040	5048	5054	5055	5058	5064	5069	5250	9274
5040	5048	5054	5055	5058	5061	5073	5175	9275
5041	5049	5054	5055	5058	5061	5088	5149	9276
5041	5046	5053	5056	5058	5064	5073	5157	9277
5039	5048	5054	5056	5058	5063	5073	5183	9278
5039	5049	5054	5056	5058	5060	5071	5152	9279
5042	5048	5054	5055	5058	5061	5086	5216	9280
5039	5047	5053	5055	5058	5062	5069	5172	9281
5041	5049	5054	5057	5058	5064	5071	5152	9282
5040	5052	5054	5055	5058	5061	5070	5154	9283
5040	5046	5053	5056	5059	5060	5075	5149	9284
5041	5050	5054	5055	5059	5060	5085	5230	9285
5043	5047	5053	5055	5058	5062	5076	5205	9286
5041	5050	5054	5055	5058	5063	5093	5177	9287
5041	5050	5054	5055	5058	5061	5092	5149	9288
5044	5051	5054	5055	5058	5063	5124	5275	9289
5041	5048	5054	5055	5058	5061	5088	5328	9290
5040	5048	5054	5057	5059	5061	5070	5150	9291
5044	5048	5054	5055	5058	5064	5093	5177	9292
5044	5048	5054	5055	5059	5060	5087	5149	9293
5040	5046	5053	5055	5059	5061	5108	5214	9294
5039	5046	5053	5055	5059	5062	5070	5150	9295
5045	5052	5054	5056	5058	5061	5069	5163	9296
5043	5051	5054	5055	5058	5061	5108	5214	9297
5045	5052	5054	5055	5058	5062	5069	5149	9298
5045	5051	5054	5056	5058	5061	5080	5174	9299
5039	5052	5054	5055	5058	5061	5075	5199	9300
5045	5049	5054	5055	5058	5060	5087	5222	9301
5043	5048	5054	5055	5059	5061	5085	5169	9302
5041	5052	5053	5055	5058	5060	5070	5173	9303
5044	5046	5053	5055	5058	5060	5086	5211	9304
5041	5047	5053	5055	5058	5064	5069	5179	9305
5041	5046	5053	5055	5059	5061	5085	5230	9306
5042	5046	5053	5056	5058	5065	5073	5157	9307
5045	5050	5054	5055	5058	5061	5116	5234	9308
5044	5052	5054	5057	5058	5060	5098	5186	9309
5041	5050	5054	5055	5058	5061	5069	5240	9310
5039	5051	5054	5055	5058	5061	5069	5342	9311
5045	5050	5054	5056	5058	5060	5085	5307	9312
5040	5048	5054	5055	5058	5064	5104	5204	9313
5042	5048	5054	5056	5059	5061	5075	5238	9314
5039	5049	5054	5055	5058	5063	5073	5249	9315
5041	5051	5054	5055	5058	5060	5123	5363	9316
5039	5050	5054	5056	5058	5060	5080	5174	9317
5040	5051	5054	5056	5058	5063	5073	5218	9318
5043	5049	5054	5055	5058	5062	5075	5159	9319
5042	5050	5054	5055	5059	5062	5074	5149	9320
5041	5050	5054	5055	5059	5064	5132	5149	9321
5041	5051	5054	5057	5058	5062	5088	5149	9322
5043	5049	5054	5055	5058	5061	5072	5244	9323
5041	5049	5054	5055	5058	5062	5070	5149	9324
5043	5052	5054	5056	5059	5061	5087	5259	9325
5042	5052	5053	5055	5058	5064	5069	5151	9326
5044	5050	5054	5056	5059	5061	5070	5164	9327
5044	5051	5054	5057	5058	5062	5080	5174	9328
5041	5050	5054	5057	5058	5060	5071	5152	9329
5039	5052	5054	5055	5058	5060	5069	5252	9330
5039	5046	5053	5056	5058	5063	5071	5152	9331
5044	5049	5054	5057	5058	5064	5069	5235	9332
5041	5052	5053	5056	5059	5061	5070	5150	9333
5043	5052	5054	5056	5058	5061	5069	5194	9334
5043	5051	5054	5055	5058	5060	5069	5179	9335
5041	5050	5054	5055	5058	5065	5081	5210	9336
5043	5051	5054	5055	5058	5060	5075	5290	9337
5041	5046	5053	5055	5058	5064	5073	5161	9338
5040	5050	5054	5056	5058	5065	5081	5210	9339
5042	5046	5053	5055	5058	5061	5081	5210	9340
5042	5047	5053	5055	5058	5061	5069	5172	9341
5041	5050	5054	5055	5059	5061	5132	5149	9342
5044	5046	5053	5057	5058	5061	5075	5149	9343
5040	5046	5053	5055	5058	5065	5073	5157	9344
5044	5052	5054	5056	5058	5061	5073	5249	9345
5044	5048	5054	5055	5058	5062	5080	5174	9346
5041	5047	5053	5055	5058	5065	5070	5243	9347
5040	5047	5053	5057	5058	5060	5123	5277	9348
5041	5048	5054	5056	5059	5060	5070	5150	9349
5042	5049	5054	5056	5058	5060	5073	5149	9350
5044	5052	5054	5055	5059	5060	5070	5154	9351
5041	5049	5054	5056	5058	5061	5099	5188	9352
5044	5051	5054	5055	5058	5061	5069	5247	9353
5045	5050	5054	5057	5058	5060	5070	5154	9354
5043	5046	5053	5055	5058	5060	5087	5237	9355
5044	5048	5054	5055	5058	5060	5086	5211	9356
5040	5050	5054	5055	5058	5061	5069	5179	9357
5039	5050	5054	5055	5058	5060	5069	5179	9358
5041	5047	5053	5055	5058	5063	5075	5199	9359
5045	5048	5054	5055	5058	5065	5069	5149	9360
5044	5049	5054	5057	5058	5060	5073	5183	9361
5043	5048	5054	5055	5058	5063	5073	5149	9362
5040	5052	5054	5056	5059	5060	5088	5190	9363
5041	5052	5053	5055	5058	5061	5091	5171	9364
5040	5048	5054	5055	5059	5061	5069	5287	9365
5043	5051	5054	5056	5059	5060	5069	5287	9366
5043	5047	5053	5055	5058	5060	5070	5173	9367
5041	5047	5053	5056	5058	5060	5121	5255	9368
5040	5047	5053	5055	5058	5061	5130	5296	9369
5043	5051	5054	5055	5058	5060	5075	5223	9370
5040	5051	5054	5055	5058	5061	5117	5149	9371
5044	5052	5054	5055	5058	5062	5095	5149	9372
5040	5052	5054	5057	5059	5061	5070	5150	9373
5039	5048	5054	5057	5058	5060	5070	5154	9374
5040	5047	5053	5055	5059	5061	5073	5156	9375
5040	5049	5054	5055	5058	5062	5080	5149	9376
5039	5050	5054	5055	5058	5062	5075	5159	9377
5041	5049	5054	5055	5058	5061	5073	5149	9378
5041	5048	5054	5056	5059	5061	5069	5235	9379
5044	5047	5053	5055	5058	5060	5085	5220	9380
5041	5049	5054	5055	5058	5060	5069	5248	9381
5039	5052	5054	5055	5058	5061	5073	5249	9382
5040	5052	5054	5056	5058	5061	5088	5190	9383
5044	5050	5054	5055	5058	5060	5090	5149	9384
5044	5051	5054	5055	5058	5060	5077	5256	9385
5039	5052	5054	5055	5058	5062	5095	5149	9386
5042	5046	5053	5056	5058	5061	5070	5149	9387
5044	5048	5054	5056	5058	5061	5071	5152	9388
5044	5050	5054	5055	5059	5061	5087	5222	9389
5042	5052	5053	5055	5058	5061	5080	5174	9390
5041	5052	5053	5056	5058	5060	5075	5149	9391
5040	5050	5054	5056	5058	5061	5073	5161	9392
5041	5050	5054	5055	5058	5063	5075	5203	9393
5041	5047	5053	5056	5058	5065	5071	5152	9394
5039	5048	5054	5055	5058	5062	5100	5192	9395
5039	5050	5054	5055	5058	5061	5125	5149	9396
5040	5048	5054	5055	5058	5060	5075	5167	9397
5039	5046	5053	5056	5058	5064	5079	5176	9398
5045	5047	5053	5055	5058	5061	5085	5169	9399
5042	5052	5053	5056	5058	5063	5070	5149	9400
5040	5048	5054	5056	5058	5061	5073	5249	9401
5042	5051	5054	5056	5058	5060	5113	5229	9402
5044	5048	5054	5057	5058	5061	5069	5149	9403
5044	5046	5053	5057	5058	5061	5069	5250	9404
5040	5049	5054	5056	5059	5061	5069	5149	9405
5041	5047	5053	5056	5058	5062	5080	5149	9406
5039	5049	5054	5055	5058	5062	5121	5255	9407
5039	5048	5054	5055	5058	5061	5088	5190	9408
5044	5050	5054	5056	5058	5062	5079	5176	9409
5043	5048	5054	5055	5058	5060	5075	5167	9410
5039	5052	5054	5055	5059	5064	5075	5159	9411
5041	5047	5053	5055	5058	5064	5075	5208	9412
5043	5051	5054	5055	5058	5061	5105	5149	9413
5039	5046	5053	5055	5058	5061	5104	5204	9414
5040	5052	5054	5055	5058	5064	5075	5159	9415
5040	5051	5054	5055	5058	5060	5078	5165	9416
5039	5047	5053	5055	5058	5062	5069	5151	9417
5039	5050	5054	5056	5058	5060	5075	5159	9418
5041	5051	5054	5056	5059	5061	5069	5149	9419
5043	5052	5054	5056	5058	5065	5075	5159	9420
5044	5047	5053	5055	5059	5065	5069	5149	9421
5039	5048	5054	5057	5058	5061	5070	5149	9422
5045	5049	5054	5056	5058	5061	5080	5149	9423
5041	5048	5054	5055	5058	5062	5078	5165	9424
5040	5051	5054	5055	5059	5061	5075	5159	9425
5040	5050	5054	5055	5058	5060	5083	5149	9426
5039	5051	5054	5055	5058	5060	5098	5186	9427
5041	5052	5053	5055	5058	5061	5077	5195	9428
5045	5052	5054	5057	5058	5064	5069	5235	9429
5045	5051	5054	5055	5058	5060	5076	5205	9430
5041	5048	5054	5056	5058	5064	5069	5179	9431
5040	5050	5054	5055	5058	5062	5116	5234	9432
5044	5050	5054	5055	5058	5061	5105	5149	9433
5045	5049	5054	5056	5058	5061	5075	5159	9434
5043	5048	5054	5055	5058	5060	5070	5149	9435
5043	5049	5054	5056	5058	5061	5081	5149	9436
5040	5046	5053	5055	5058	5061	5097	5149	9437
5041	5046	5053	5055	5058	5060	5085	5169	9438
5045	5049	5054	5055	5058	5067	5073	5149	9439
5045	5051	5054	5055	5059	5064	5069	5149	9440
5045	5050	5054	5055	5058	5064	5072	5149	9441
5044	5048	5054	5055	5058	5065	5073	5218	9442
5042	5051	5054	5056	5058	5064	5075	5149	9443
5045	5046	5053	5056	5058	5060	5070	5149	9444
5045	5048	5054	5056	5058	5061	5088	5190	9445
5042	5048	5054	5055	5058	5063	5069	5182	9446
5040	5047	5053	5055	5058	5061	5070	5243	9447
5043	5051	5054	5056	5058	5061	5073	5175	9448
5044	5047	5053	5056	5058	5061	5088	5149	9449
5040	5049	5054	5056	5058	5060	5080	5149	9450
5042	5051	5054	5055	5059	5060	5085	5230	9451
5041	5050	5054	5055	5059	5061	5081	5149	9452
5039	5048	5054	5055	5058	5062	5073	5157	9453
5043	5051	5054	5056	5059	5061	5073	5156	9454
5039	5049	5054	5055	5058	5060	5087	5149	9455
5041	5052	5053	5056	5058	5060	5115	5233	9456
5040	5050	5054	5057	5058	5061	5069	5162	9457
5039	5048	5054	5056	5058	5064	5095	5149	9458
5044	5047	5053	5055	5058	5061	5087	5149	9459
5043	5049	5054	5057	5058	5061	5070	5150	9460
5043	5046	5053	5056	5058	5062	5098	5186	9461
5045	5047	5053	5055	5058	5061	5069	5240	9462
5043	5051	5054	5055	5059	5063	5112	5225	9463
5041	5046	5053	5055	5059	5061	5070	5166	9464
5045	5047	5053	5056	5058	5061	5075	5167	9465
5043	5046	5053	5056	5058	5060	5075	5149	9466
5043	5052	5054	5055	5058	5060	5087	5237	9467
5040	5047	5053	5055	5058	5061	5088	5300	9468
5041	5048	5054	5056	5058	5062	5088	5190	9469
5040	5051	5054	5055	5058	5061	5073	5218	9470
5042	5050	5054	5056	5058	5060	5070	5149	9471
5040	5047	5053	5055	5058	5060	5123	5277	9472
5042	5050	5054	5055	5059	5063	5069	5149	9473
5044	5046	5053	5055	5058	5061	5087	5149	9474
5042	5048	5054	5057	5058	5060	5070	5154	9475
5042	5046	5053	5056	5058	5064	5069	5235	9476
5043	5050	5054	5055	5058	5061	5118	5149	9477
5041	5050	5054	5055	5058	5062	5116	5234	9478
5040	5050	5054	5055	5058	5064	5078	5165	9479
5044	5049	5054	5055	5058	5060	5080	5149	9480
5042	5048	5054	5055	5058	5064	5073	5161	9481
5044	5051	5054	5057	5058	5065	5071	5152	9482
5040	5048	5054	5055	5058	5060	5093	5177	9483
5044	5047	5053	5055	5058	5060	5079	5176	9484
5042	5049	5054	5057	5058	5060	5080	5174	9485
5039	5051	5054	5057	5058	5061	5069	5179	9486
5041	5052	5053	5056	5058	5061	5088	5149	9487
5042	5049	5054	5055	5058	5062	5069	5149	9488
5041	5050	5054	5055	5059	5064	5075	5149	9489
5041	5048	5054	5055	5058	5063	5069	5331	9490
5042	5052	5053	5056	5058	5062	5070	5154	9491
5041	5048	5054	5055	5058	5066	5095	5149	9492
5039	5050	5054	5056	5058	5064	5099	5188	9493
5041	5050	5054	5055	5059	5064	5073	5149	9494
5039	5048	5054	5055	5058	5062	5075	5159	9495
5045	5046	5053	5055	5058	5061	5075	5199	9496
5039	5052	5054	5055	5058	5061	5098	5186	9497
5039	5050	5054	5055	5058	5061	5069	5163	9498
5043	5050	5054	5055	5058	5060	5075	5290	9499
5041	5048	5054	5056	5058	5061	5069	5240	9500
5044	5047	5053	5055	5058	5060	5071	5152	9501
5043	5050	5054	5055	5058	5060	5121	5255	9502
5041	5052	5053	5055	5058	5060	5087	5259	9503
5040	5048	5054	5056	5058	5063	5073	5175	9504
5041	5051	5054	5056	5059	5061	5070	5164	9505
5040	5049	5054	5055	5058	5065	5073	5249	9506
5040	5052	5054	5056	5058	5064	5075	5159	9507
5042	5050	5054	5055	5058	5061	5088	5149	9508
5041	5048	5054	5056	5058	5061	5073	5249	9509
5044	5052	5054	5055	5058	5062	5096	5181	9510
5045	5049	5054	5055	5058	5061	5069	5227	9511
5039	5048	5054	5055	5058	5062	5085	5201	9512
5041	5049	5054	5057	5059	5060	5070	5154	9513
5040	5046	5053	5055	5058	5060	5073	5249	9514
5040	5047	5053	5055	5058	5060	5087	5237	9515
5042	5052	5053	5055	5058	5064	5116	5234	9516
5039	5049	5054	5055	5058	5061	5069	5180	9517
5044	5048	5054	5056	5058	5061	5113	5229	9518
5042	5048	5054	5055	5058	5062	5097	5221	9519
5044	5047	5053	5056	5058	5061	5087	5149	9520
5042	5049	5054	5055	5058	5061	5088	5149	9521
5039	5049	5054	5055	5058	5060	5073	5249	9522
5043	5046	5053	5055	5058	5066	5070	5149	9523
5042	5048	5054	5056	5058	5060	5080	5174	9524
5045	5052	5054	5055	5058	5061	5121	5255	9525
5041	5050	5054	5055	5058	5061	5099	5215	9526
5044	5049	5054	5055	5058	5060	5124	5275	9527
5040	5052	5054	5057	5058	5061	5069	5162	9528
5043	5051	5054	5055	5059	5061	5070	5166	9529
5040	5046	5053	5056	5058	5060	5069	5172	9530
5044	5052	5054	5055	5058	5061	5104	5204	9531
5042	5052	5053	5056	5058	5060	5115	5233	9532
5043	5050	5054	5056	5058	5061	5081	5149	9533
5041	5049	5054	5055	5058	5061	5070	5164	9534
5043	5048	5054	5056	5058	5062	5073	5183	9535
5039	5047	5053	5055	5058	5060	5124	5275	9536
5042	5049	5054	5055	5058	5061	5069	5151	9537
5044	5050	5054	5055	5058	5061	5069	5235	9538
5044	5047	5053	5056	5058	5062	5073	5249	9539
5042	5052	5053	5057	5058	5061	5069	5179	9540
5042	5047	5053	5055	5058	5061	5073	5149	9541
5044	5048	5054	5055	5058	5060	5069	5293	9542
5039	5051	5054	5055	5058	5065	5099	5196	9543
5040	5050	5054	5055	5058	5061	5098	5186	9544
5041	5050	5054	5055	5059	5065	5075	5159	9545
5043	5050	5054	5056	5058	5065	5075	5159	9546
5043	5049	5054	5057	5058	5060	5115	5233	9547
5042	5051	5054	5055	5058	5061	5087	5149	9548
5039	5050	5054	5055	5058	5060	5079	5176	9549
5039	5046	5053	5055	5058	5063	5070	5149	9550
5039	5048	5054	5056	5058	5061	5073	5183	9551
5044	5048	5054	5055	5058	5061	5118	5149	9552
5041	5048	5054	5055	5058	5064	5075	5203	9553
5039	5052	5054	5055	5058	5061	5077	5195	9554
5040	5047	5053	5056	5058	5064	5072	5341	9555
5041	5046	5053	5055	5059	5061	5069	5149	9556
5040	5046	5053	5055	5058	5061	5081	5210	9557
5041	5047	5053	5055	5058	5064	5070	5243	9558
5041	5046	5053	5055	5058	5060	5070	5166	9559
5045	5051	5054	5056	5058	5060	5079	5176	9560
5041	5051	5054	5055	5058	5061	5069	5235	9561
5041	5052	5053	5055	5059	5064	5069	5172	9562
5040	5049	5054	5055	5058	5063	5069	5151	9563
5042	5052	5053	5055	5058	5063	5069	5182	9564
5044	5052	5054	5055	5058	5064	5073	5161	9565
5044	5046	5053	5056	5058	5060	5073	5183	9566
5042	5052	5053	5055	5058	5065	5070	5243	9567
5039	5047	5053	5056	5058	5061	5069	5258	9568
5041	5052	5053	5055	5058	5062	5069	5180	9569
5039	5051	5054	5055	5058	5062	5084	5160	9570
5039	5047	5053	5056	5058	5060	5090	5149	9571
5039	5049	5054	5055	5058	5061	5075	5208	9572
5039	5048	5054	5056	5058	5061	5080	5174	9573
5044	5047	5053	5055	5058	5060	5104	5204	9574
5039	5051	5054	5056	5058	5060	5075	5149	9575
5040	5049	5054	5055	5058	5060	5075	5203	9576
5041	5047	5053	5055	5059	5061	5075	5149	9577
5040	5051	5054	5056	5058	5061	5070	5164	9578
5039	5050	5054	5055	5058	5060	5088	5168	9579
5040	5048	5054	5055	5058	5065	5117	5288	9580
5040	5046	5053	5055	5058	5061	5069	5185	9581
5043	5046	5053	5056	5058	5061	5080	5149	9582
5044	5049	5054	5055	5058	5060	5073	5183	9583
5040	5047	5053	5055	5058	5061	5099	5373	9584
5039	5052	5054	5055	5058	5061	5095	5149	9585
5041	5048	5054	5055	5058	5060	5080	5149	9586
5043	5052	5054	5055	5058	5061	5081	5149	9587
5042	5047	5053	5055	5058	5060	5075	5203	9588
5045	5049	5054	5055	5059	5060	5069	5149	9589
5044	5051	5054	5055	5058	5061	5069	5306	9590
5040	5052	5054	5055	5058	5063	5077	5195	9591
5041	5050	5054	5057	5058	5061	5069	5179	9592
5043	5052	5054	5056	5058	5064	5069	5163	9593
5042	5051	5054	5055	5058	5062	5070	5150	9594
5043	5050	5054	5056	5058	5061	5080	5174	9595
5040	5049	5054	5055	5058	5063	5093	5177	9596
5044	5051	5054	5055	5058	5060	5115	5233	9597
5040	5050	5054	5057	5059	5060	5069	5287	9598
5041	5046	5053	5055	5058	5060	5086	5211	9599
5041	5048	5054	5055	5058	5061	5103	5149	9600
5040	5050	5054	5056	5058	5060	5090	5149	9601
5042	5046	5053	5055	5059	5061	5081	5210	9602
5045	5049	5054	5056	5058	5061	5069	5250	9603
5040	5047	5053	5055	5058	5061	5069	5235	9604
5045	5048	5054	5055	5058	5060	5075	5199	9605
5041	5052	5053	5055	5058	5060	5070	5243	9606
5044	5052	5054	5056	5059	5060	5070	5164	9607
5039	5048	5054	5057	5058	5060	5078	5165	9608
5039	5050	5054	5056	5058	5061	5085	5201	9609
5042	5051	5054	5055	5058	5061	5084	5232	9610
5041	5046	5053	5055	5058	5066	5095	5149	9611
5043	5046	5053	5056	5058	5063	5073	5175	9612
5039	5049	5054	5057	5058	5060	5070	5154	9613
5039	5049	5054	5057	5058	5061	5069	5240	9614
5044	5047	5053	5055	5058	5063	5077	5155	9615
5039	5049	5054	5055	5058	5064	5079	5176	9616
5042	5052	5053	5055	5058	5060	5086	5310	9617
5040	5049	5054	5055	5058	5060	5113	5149	9618
5045	5052	5054	5055	5059	5061	5108	5214	9619
5044	5051	5054	5055	5059	5061	5077	5155	9620
5044	5050	5054	5055	5059	5064	5073	5149	9621
5040	5050	5054	5055	5058	5061	5086	5211	9622
5039	5052	5054	5057	5058	5061	5069	5179	9623
5040	5051	5054	5055	5058	5064	5073	5161	9624
5043	5051	5054	5055	5058	5062	5099	5196	9625
5043	5049	5054	5055	5058	5062	5069	5235	9626
5045	5052	5054	5055	5059	5061	5086	5149	9627
5040	5051	5054	5055	5059	5064	5088	5149	9628
5040	5048	5054	5057	5058	5063	5073	5183	9629
5044	5051	5054	5055	5058	5060	5076	5205	9630
5043	5048	5054	5055	5058	5063	5095	5149	9631
5043	5052	5054	5056	5058	5064	5121	5255	9632
5039	5052	5054	5055	5059	5061	5070	5150	9633
5044	5050	5054	5055	5058	5060	5102	5149	9634
5042	5049	5054	5055	5058	5061	5095	5149	9635
5041	5046	5053	5055	5058	5061	5087	5259	9636
5043	5052	5054	5055	5058	5065	5073	5157	9637
5040	5051	5054	5055	5058	5063	5093	5177	9638
5041	5046	5053	5055	5058	5061	5081	5149	9639
5042	5047	5053	5055	5058	5060	5073	5149	9640
5045	5048	5054	5056	5058	5061	5070	5150	9641
5042	5049	5054	5057	5058	5061	5069	5179	9642
5043	5052	5054	5056	5058	5061	5106	5212	9643
5041	5048	5054	5055	5059	5060	5069	5149	9644
5042	5052	5053	5055	5058	5062	5085	5201	9645
5039	5046	5053	5056	5058	5064	5090	5149	9646
5042	5047	5053	5055	5058	5064	5089	5170	9647
5044	5052	5054	5055	5058	5060	5090	5149	9648
5040	5047	5053	5055	5058	5061	5070	5166	9649
5043	5050	5054	5055	5058	5061	5089	5149	9650
5041	5052	5053	5056	5058	5062	5070	5154	9651
5040	5048	5054	5055	5058	5060	5072	5264	9652
5043	5049	5054	5056	5058	5062	5069	5163	9653
5044	5047	5053	5055	5058	5061	5069	5281	9654
5040	5048	5054	5055	5059	5063	5077	5155	9655
5040	5052	5054	5055	5058	5061	5132	5149	9656
5041	5051	5054	5055	5058	5061	5125	5149	9657
5039	5046	5053	5056	5058	5061	5086	5216	9658
5041	5049	5054	5057	5058	5060	5070	5150	9659
5044	5052	5054	5056	5058	5062	5073	5249	9660
5042	5047	5053	5057	5058	5061	5069	5149	9661
5043	5051	5054	5055	5058	5063	5084	5160	9662
5042	5052	5053	5055	5059	5063	5075	5199	9663
5040	5046	5053	5056	5059	5061	5087	5149	9664
5044	5047	5053	5055	5058	5061	5070	5243	9665
5042	5051	5054	5055	5058	5065	5073	5218	9666
5043	5047	5053	5055	5058	5062	5107	5213	9667
5044	5047	5053	5056	5058	5061	5073	5156	9668
5039	5052	5054	5055	5058	5064	5116	5234	9669
5041	5052	5053	5055	5058	5060	5069	5151	9670
5039	5049	5054	5056	5058	5061	5082	5149	9671
5040	5046	5053	5055	5058	5062	5075	5223	9672
5040	5052	5054	5055	5058	5063	5085	5201	9673
5040	5047	5053	5055	5058	5060	5088	5149	9674
5043	5046	5053	5055	5058	5060	5085	5149	9675
5040	5048	5054	5057	5058	5060	5115	5233	9676
5041	5049	5054	5055	5058	5062	5077	5155	9677
5044	5051	5054	5056	5058	5063	5073	5249	9678
5040	5049	5054	5055	5058	5061	5112	5265	9679
5041	5047	5053	5056	5058	5061	5086	5216	9680
5043	5047	5053	5056	5058	5060	5078	5165	9681
5039	5051	5054	5055	5058	5063	5069	5185	9682
5041	5052	5053	5055	5058	5063	5078	5165	9683
5042	5049	5054	5055	5058	5062	5083	5149	9684
5043	5052	5054	5055	5058	5061	5075	5167	9685
5039	5047	5053	5056	5058	5064	5073	5183	9686
5043	5049	5054	5056	5058	5063	5070	5149	9687
5044	5048	5054	5057	5058	5061	5121	5255	9688
5041	5051	5054	5055	5058	5061	5104	5204	9689
5042	5046	5053	5055	5058	5065	5073	5157	9690
5043	5049	5054	5056	5059	5061	5069	5235	9691
5039	5052	5054	5055	5058	5061	5075	5238	9692
5045	5051	5054	5055	5058	5063	5075	5159	9693
5044	5046	5053	5055	5059	5066	5070	5149	9694
5043	5051	5054	5056	5058	5061	5073	5249	9695
5040	5049	5054	5055	5058	5060	5079	5149	9696
5040	5048	5054	5055	5058	5061	5093	5177	9697
5040	5048	5054	5056	5058	5065	5112	5362	9698
5042	5051	5054	5055	5058	5060	5099	5189	9699
5040	5050	5054	5056	5058	5060	5086	5149	9700
5044	5048	5054	5057	5058	5065	5069	5149	9701
5044	5051	5054	5055	5058	5061	5075	5203	9702
5041	5048	5054	5056	5058	5063	5073	5183	9703
5044	5046	5053	5055	5059	5060	5069	5149	9704
5041	5050	5054	5055	5058	5062	5072	5244	9705
5042	5052	5053	5055	5058	5061	5094	5272	9706
5043	5046	5053	5055	5058	5060	5114	5149	9707
5041	5050	5054	5057	5058	5063	5073	5175	9708
5043	5048	5054	5055	5059	5061	5070	5173	9709
5043	5048	5054	5055	5058	5060	5086	5211	9710
5044	5046	5053	5055	5058	5061	5083	5149	9711
5045	5051	5054	5055	5059	5060	5085	5230	9712
5040	5049	5054	5055	5058	5061	5085	5169	9713
5041	5050	5054	5056	5059	5061	5069	5235	9714
5041	5050	5054	5055	5058	5061	5069	5151	9715
5045	5047	5053	5055	5058	5063	5104	5204	9716
5040	5049	5054	5055	5059	5061	5073	5156	9717
5040	5050	5054	5055	5058	5061	5101	5197	9718
5041	5052	5053	5055	5058	5060	5124	5149	9719
5041	5050	5054	5057	5058	5063	5069	5240	9720
5043	5050	5054	5056	5059	5061	5073	5156	9721
5039	5050	5054	5057	5058	5064	5078	5165	9722
5041	5048	5054	5055	5058	5061	5108	5149	9723
5042	5046	5053	5056	5058	5060	5102	5149	9724
5040	5047	5053	5055	5058	5061	5072	5309	9725
5044	5048	5054	5055	5059	5060	5070	5149	9726
5039	5050	5054	5055	5058	5060	5076	5205	9727
5045	5047	5053	5055	5058	5060	5087	5149	9728
5042	5050	5054	5055	5058	5061	5099	5189	9729
5045	5048	5054	5057	5058	5061	5070	5150	9730
5041	5046	5053	5056	5058	5061	5073	5175	9731
5041	5050	5054	5055	5058	5060	5069	5179	9732
5040	5049	5054	5056	5058	5060	5070	5149	9733
5040	5051	5054	5056	5058	5064	5069	5149	9734
5039	5047	5053	5055	5058	5061	5069	5313	9735
5041	5046	5053	5055	5058	5063	5093	5177	9736
5040	5047	5053	5055	5058	5061	5069	5193	9737
5041	5052	5053	5055	5058	5062	5069	5158	9738
5040	5050	5054	5055	5058	5060	5069	5254	9739
5041	5046	5053	5055	5058	5060	5112	5265	9740
5041	5051	5054	5055	5059	5061	5104	5204	9741
5044	5046	5053	5055	5058	5060	5090	5149	9742
5039	5050	5054	5056	5058	5061	5099	5188	9743
5044	5047	5053	5055	5058	5060	5076	5149	9744
5044	5046	5053	5055	5059	5061	5075	5149	9745
5039	5051	5054	5056	5058	5060	5087	5149	9746
5045	5052	5054	5055	5059	5061	5069	5149	9747
5043	5047	5053	5055	5058	5061	5069	5278	9748
5039	5048	5054	5057	5058	5060	5070	5149	9749
5043	5052	5054	5056	5058	5061	5069	5287	9750
5042	5047	5053	5055	5058	5060	5113	5229	9751
5043	5047	5053	5055	5058	5060	5069	5246	9752
5039	5047	5053	5055	5058	5062	5097	5221	9753
5041	5052	5053	5055	5059	5060	5085	5201	9754
5039	5048	5054	5055	5058	5061	5087	5259	9755
5040	5052	5054	5055	5058	5060	5069	5187	9756
5040	5047	5053	5055	5058	5066	5099	5196	9757
5039	5046	5053	5056	5058	5060	5069	5293	9758
5040	5050	5054	5057	5058	5063	5069	5179	9759
5041	5050	5054	5056	5058	5060	5102	5149	9760
5043	5051	5054	5055	5058	5061	5080	5174	9761
5044	5050	5054	5055	5059	5060	5075	5159	9762
5040	5051	5054	5057	5059	5060	5070	5150	9763
5041	5047	5053	5055	5058	5061	5101	5197	9764
5039	5050	5054	5055	5059	5065	5075	5159	9765
5045	5051	5054	5055	5058	5061	5080	5174	9766
5044	5050	5054	5055	5058	5060	5113	5229	9767
5043	5052	5054	5055	5058	5062	5084	5160	9768
5042	5049	5054	5055	5058	5065	5088	5190	9769
5041	5052	5053	5055	5058	5063	5085	5201	9770
5041	5047	5053	5056	5058	5061	5106	5212	9771
5040	5048	5054	5056	5058	5060	5075	5149	9772
5040	5047	5053	5057	5058	5061	5069	5179	9773
5041	5052	5053	5057	5058	5061	5073	5175	9774
5039	5050	5054	5055	5058	5063	5073	5149	9775
5041	5048	5054	5055	5058	5063	5087	5149	9776
5039	5049	5054	5057	5058	5061	5070	5149	9777
5041	5048	5054	5055	5058	5060	5114	5149	9778
5040	5047	5053	5056	5058	5061	5069	5172	9779
5040	5047	5053	5055	5058	5061	5076	5205	9780
5042	5050	5054	5056	5058	5061	5075	5290	9781
5041	5051	5054	5056	5058	5064	5070	5150	9782
5040	5051	5054	5057	5058	5060	5098	5186	9783
5043	5051	5054	5055	5058	5061	5069	5278	9784
5039	5046	5053	5055	5058	5061	5082	5149	9785
5042	5046	5053	5055	5059	5060	5085	5169	9786
5042	5051	5054	5055	5058	5061	5089	5170	9787
5040	5047	5053	5056	5058	5060	5102	5149	9788
5039	5051	5054	5055	5058	5060	5077	5256	9789
5041	5052	5053	5055	5058	5061	5126	5346	9790
5044	5046	5053	5055	5058	5060	5097	5149	9791
5041	5048	5054	5055	5058	5060	5072	5264	9792
5042	5052	5053	5055	5058	5061	5073	5161	9793
5044	5049	5054	5056	5058	5061	5075	5238	9794
5043	5048	5054	5056	5058	5060	5079	5176	9795
5043	5050	5054	5055	5058	5063	5075	5149	9796
5045	5052	5054	5055	5058	5061	5088	5149	9797
5041	5047	5053	5056	5058	5064	5075	5159	9798
5043	5047	5053	5055	5058	5061	5069	5194	9799
5039	5052	5054	5056	5058	5061	5106	5212	9800
5041	5050	5054	5055	5058	5061	5075	5203	9801
5041	5052	5053	5055	5058	5061	5101	5197	9802
5040	5048	5054	5056	5058	5060	5070	5150	9803
5039	5050	5054	5057	5058	5061	5069	5163	9804
5041	5046	5053	5055	5058	5061	5070	5173	9805
5041	5049	5054	5056	5058	5061	5098	5186	9806
5040	5050	5054	5055	5058	5061	5088	5149	9807
5043	5052	5054	5055	5058	5060	5086	5216	9808
5042	5050	5054	5056	5059	5061	5086	5216	9809
5041	5046	5053	5055	5058	5063	5070	5149	9810
5043	5047	5053	5055	5058	5062	5120	5253	9811
5044	5048	5054	5055	5058	5061	5093	5177	9812
5040	5051	5054	5056	5058	5063	5070	5149	9813
5043	5052	5054	5055	5058	5063	5112	5225	9814
5039	5046	5053	5055	5058	5061	5076	5149	9815
5041	5052	5053	5056	5058	5064	5075	5149	9816
5040	5051	5054	5055	5058	5060	5069	5179	9817
5041	5049	5054	5055	5058	5063	5104	5204	9818
5039	5051	5054	5055	5058	5060	5114	5149	9819
5042	5052	5053	5055	5058	5060	5069	5179	9820
5041	5049	5054	5056	5058	5060	5090	5149	9821
5044	5050	5054	5055	5058	5061	5069	5254	9822
5043	5046	5053	5056	5058	5063	5073	5183	9823
5040	5052	5054	5056	5058	5064	5099	5188	9824
5044	5052	5054	5055	5058	5060	5072	5153	9825
5044	5051	5054	5055	5058	5061	5108	5214	9826
5045	5052	5054	5055	5058	5060	5069	5162	9827
5039	5049	5054	5056	5059	5060	5070	5150	9828
5040	5048	5054	5055	5058	5061	5075	5238	9829
5042	5051	5054	5056	5058	5062	5069	5149	9830
5041	5052	5053	5055	5059	5060	5069	5149	9831
5044	5052	5054	5055	5058	5061	5145	5149	9832
5039	5047	5053	5055	5059	5061	5085	5169	9833
5041	5046	5053	5057	5058	5062	5075	5149	9834
5041	5052	5053	5055	5058	5061	5121	5255	9835
5044	5052	5054	5057	5058	5064	5069	5162	9836
5042	5046	5053	5055	5058	5061	5087	5222	9837
5039	5052	5054	5055	5058	5064	5073	5183	9838
5039	5048	5054	5055	5058	5062	5080	5149	9839
5041	5050	5054	5055	5058	5063	5070	5149	9840
5043	5051	5054	5056	5058	5060	5075	5167	9841
5041	5049	5054	5055	5058	5060	5085	5202	9842
5043	5052	5054	5055	5058	5060	5075	5149	9843
5041	5049	5054	5055	5058	5061	5085	5202	9844
5040	5049	5054	5057	5058	5060	5073	5183	9845
5044	5052	5054	5055	5058	5060	5120	5253	9846
5044	5047	5053	5055	5058	5061	5070	5154	9847
5044	5052	5054	5057	5058	5060	5073	5183	9848
5042	5052	5053	5057	5058	5060	5087	5191	9849
5041	5048	5054	5056	5059	5060	5087	5259	9850
5043	5048	5054	5055	5058	5060	5088	5270	9851
5041	5052	5053	5057	5058	5061	5071	5152	9852
5041	5052	5053	5055	5058	5060	5072	5264	9853
5042	5049	5054	5055	5058	5061	5109	5149	9854
5043	5049	5054	5055	5058	5064	5075	5203	9855
5042	5050	5054	5055	5058	5060	5097	5221	9856
5043	5047	5053	5055	5058	5060	5069	5182	9857
5040	5050	5054	5055	5059	5064	5075	5159	9858
5041	5048	5054	5055	5058	5060	5085	5201	9859
5040	5047	5053	5055	5059	5061	5069	5235	9860
5039	5052	5054	5056	5058	5061	5075	5203	9861
5041	5047	5053	5055	5058	5062	5075	5199	9862
5044	5048	5054	5055	5058	5062	5077	5155	9863
5043	5049	5054	5055	5058	5061	5086	5211	9864
5044	5046	5053	5056	5058	5061	5086	5216	9865
5044	5046	5053	5055	5058	5061	5069	5187	9866
5044	5047	5053	5056	5058	5060	5102	5149	9867
5043	5050	5054	5056	5058	5061	5069	5240	9868
5039	5046	5053	5055	5058	5061	5132	5149	9869
5045	5052	5054	5057	5058	5062	5069	5162	9870
5039	5052	5054	5055	5059	5061	5108	5214	9871
5045	5051	5054	5055	5058	5061	5070	5243	9872
5040	5046	5053	5055	5059	5061	5070	5150	9873
5044	5048	5054	5057	5058	5064	5075	5159	9874
5043	5050	5054	5055	5058	5063	5073	5249	9875
5039	5050	5054	5055	5059	5061	5085	5202	9876
5044	5047	5053	5055	5058	5061	5075	5223	9877
5043	5046	5053	5055	5058	5061	5072	5264	9878
5040	5048	5054	5055	5058	5062	5084	5160	9879
5041	5052	5053	5055	5058	5061	5095	5149	9880
5042	5046	5053	5055	5058	5060	5072	5264	9881
5042	5047	5053	5055	5058	5061	5069	5151	9882
5043	5052	5054	5055	5059	5061	5070	5150	9883
5041	5049	5054	5057	5059	5060	5085	5201	9884
5039	5051	5054	5055	5058	5060	5121	5255	9885
5044	5052	5054	5056	5058	5061	5075	5159	9886
5039	5048	5054	5055	5059	5060	5098	5186	9887
5041	5050	5054	5057	5058	5061	5086	5216	9888
5042	5050	5054	5055	5058	5060	5084	5160	9889
5039	5052	5054	5056	5058	5062	5069	5149	9890
5040	5052	5054	5055	5058	5062	5097	5149	9891
5039	5052	5054	5056	5058	5061	5073	5249	9892
5041	5050	5054	5055	5058	5061	5100	5192	9893
5042	5049	5054	5056	5058	5060	5070	5149	9894
5045	5049	5054	5055	5058	5061	5090	5149	9895
5039	5048	5054	5055	5058	5061	5085	5273	9896
5045	5052	5054	5056	5058	5061	5079	5176	9897
5041	5050	5054	5056	5059	5065	5088	5190	9898
5041	5048	5054	5056	5058	5062	5070	5149	9899
5044	5046	5053	5056	5058	5061	5070	5149	9900
5044	5049	5054	5057	5058	5062	5069	5235	9901
5041	5049	5054	5055	5059	5061	5086	5149	9902
5042	5052	5053	5055	5058	5061	5121	5255	9903
5044	5052	5054	5055	5058	5060	5076	5205	9904
5041	5051	5054	5056	5058	5062	5102	5149	9905
5042	5046	5053	5055	5058	5060	5113	5149	9906
5041	5052	5053	5055	5058	5061	5118	5149	9907
5039	5052	5054	5055	5058	5063	5069	5207	9908
5043	5046	5053	5055	5058	5061	5069	5246	9909
5041	5050	5054	5056	5058	5065	5081	5210	9910
5044	5049	5054	5057	5059	5064	5070	5154	9911
5040	5049	5054	5055	5058	5062	5107	5213	9912
5039	5048	5054	5057	5058	5062	5080	5174	9913
5043	5046	5053	5055	5058	5064	5073	5161	9914
5040	5047	5053	5055	5058	5061	5088	5190	9915
5041	5047	5053	5055	5058	5062	5108	5214	9916
5040	5050	5054	5055	5058	5062	5121	5255	9917
5041	5051	5054	5055	5058	5067	5070	5243	9918
5044	5048	5054	5055	5058	5060	5100	5149	9919
5043	5046	5053	5055	5058	5062	5069	5158	9920
5039	5051	5054	5056	5059	5061	5069	5235	9921
5042	5049	5054	5055	5059	5060	5075	5159	9922
5042	5046	5053	5055	5058	5065	5093	5177	9923
5039	5046	5053	5056	5058	5061	5106	5212	9924
5040	5051	5054	5055	5058	5061	5088	5380	9925
5044	5052	5054	5057	5058	5062	5069	5149	9926
5045	5051	5054	5055	5058	5061	5069	5266	9927
5044	5052	5054	5057	5058	5061	5069	5179	9928
5042	5047	5053	5055	5058	5062	5086	5211	9929
5039	5051	5054	5055	5058	5060	5100	5192	9930
5043	5050	5054	5055	5058	5061	5070	5154	9931
5041	5046	5053	5055	5058	5062	5085	5169	9932
5044	5046	5053	5055	5058	5064	5099	5196	9933
5040	5046	5053	5055	5059	5063	5093	5177	9934
5045	5052	5054	5055	5058	5062	5110	5149	9935
5039	5047	5053	5055	5058	5064	5073	5149	9936
5043	5047	5053	5056	5059	5062	5073	5156	9937
5039	5049	5054	5056	5058	5061	5069	5258	9938
5040	5052	5054	5056	5059	5060	5070	5154	9939
5042	5051	5054	5055	5058	5061	5099	5189	9940
5041	5048	5054	5055	5058	5061	5095	5322	9941
5043	5048	5054	5055	5058	5061	5073	5183	9942
5044	5047	5053	5057	5058	5061	5115	5233	9943
5040	5051	5054	5055	5058	5061	5082	5149	9944
5045	5046	5053	5055	5058	5064	5095	5149	9945
5042	5052	5053	5057	5058	5060	5080	5149	9946
5044	5048	5054	5055	5058	5060	5121	5260	9947
5039	5046	5053	5055	5058	5061	5085	5201	9948
5039	5051	5054	5055	5059	5060	5085	5230	9949
5045	5052	5054	5055	5058	5064	5075	5149	9950
5040	5050	5054	5055	5058	5061	5087	5200	9951
5044	5052	5054	5055	5058	5062	5069	5180	9952
5042	5047	5053	5056	5058	5064	5099	5188	9953
5040	5052	5054	5056	5058	5064	5070	5150	9954
5041	5046	5053	5056	5058	5061	5080	5174	9955
5041	5052	5053	5056	5058	5061	5087	5267	9956
5041	5048	5054	5056	5059	5060	5070	5154	9957
5043	5048	5054	5055	5058	5062	5075	5159	9958
5044	5046	5053	5055	5058	5061	5075	5199	9959
5041	5049	5054	5056	5058	5060	5087	5149	9960
5040	5052	5054	5055	5058	5061	5094	5272	9961
5039	5052	5054	5056	5058	5062	5075	5159	9962
5042	5047	5053	5055	5058	5062	5070	5150	9963
5044	5046	5053	5055	5058	5060	5075	5223	9964
5045	5049	5054	5055	5059	5060	5085	5169	9965
5044	5047	5053	5056	5058	5061	5086	5216	9966
5039	5049	5054	5057	5058	5061	5069	5185	9967
5040	5049	5054	5055	5058	5067	5078	5165	9968
5039	5048	5054	5055	5058	5064	5098	5186	9969
5042	5049	5054	5055	5058	5064	5093	5177	9970
5042	5050	5054	5055	5058	5063	5069	5179	9971
5042	5046	5053	5055	5058	5061	5093	5177	9972
5045	5048	5054	5056	5058	5060	5069	5149	9973
5045	5047	5053	5055	5058	5064	5069	5172	9974
5039	5047	5053	5055	5058	5060	5076	5149	9975
5044	5049	5054	5057	5058	5061	5070	5154	9976
5040	5047	5053	5055	5058	5061	5088	5226	9977
5043	5050	5054	5055	5058	5061	5075	5167	9978
5042	5050	5054	5055	5058	5063	5072	5153	9979
5040	5052	5054	5055	5059	5060	5069	5182	9980
5043	5046	5053	5055	5059	5063	5069	5172	9981
5042	5050	5054	5055	5058	5060	5118	5149	9982
5044	5047	5053	5055	5058	5060	5087	5191	9983
5044	5049	5054	5056	5058	5061	5120	5280	9984
5040	5051	5054	5055	5058	5062	5075	5167	9985
5040	5046	5053	5056	5058	5064	5098	5186	9986
5039	5051	5054	5055	5058	5063	5073	5149	9987
5041	5050	5054	5057	5059	5064	5069	5235	9988
5039	5046	5053	5055	5058	5060	5073	5157	9989
5042	5046	5053	5055	5058	5064	5069	5172	9990
5041	5047	5053	5057	5058	5060	5071	5152	9991
5043	5051	5054	5055	5058	5061	5077	5195	9992
5039	5051	5054	5055	5058	5062	5098	5186	9993
5041	5046	5053	5055	5058	5061	5087	5191	9994
5044	5047	5053	5057	5058	5060	5087	5191	9995
5040	5051	5054	5055	5058	5063	5073	5183	9996
5044	5047	5053	5055	5058	5061	5080	5174	9997
5045	5048	5054	5055	5058	5060	5080	5174	9998
5043	5047	5053	5056	5058	5061	5073	5149	9999
5040	5046	5053	5055	5058	5060	5072	5282	10000
5039	5048	5054	5055	5058	5064	5069	5149	10001
5040	5050	5054	5056	5058	5062	5073	5175	10002
5040	5051	5054	5055	5058	5062	5070	5166	10003
5041	5046	5053	5055	5058	5061	5112	5225	10004
5045	5052	5054	5055	5058	5060	5118	5149	10005
5044	5052	5054	5055	5059	5061	5079	5176	10006
5039	5047	5053	5055	5058	5062	5076	5205	10007
5045	5051	5054	5055	5058	5061	5085	5169	10008
5043	5047	5053	5055	5059	5061	5097	5221	10009
5040	5047	5053	5056	5058	5062	5075	5238	10010
5039	5050	5054	5056	5058	5061	5073	5183	10011
5041	5048	5054	5056	5058	5060	5073	5157	10012
5045	5051	5054	5055	5058	5063	5085	5169	10013
5039	5050	5054	5057	5058	5064	5069	5179	10014
5039	5052	5054	5055	5058	5065	5104	5204	10015
5040	5047	5053	5056	5058	5062	5079	5176	10016
5041	5052	5053	5055	5059	5064	5073	5156	10017
5044	5046	5053	5055	5058	5061	5099	5189	10018
5039	5052	5054	5057	5058	5060	5070	5154	10019
5045	5052	5054	5057	5058	5060	5070	5149	10020
5043	5050	5054	5056	5058	5064	5069	5235	10021
5041	5052	5053	5055	5058	5060	5069	5172	10022
5039	5046	5053	5055	5058	5061	5071	5152	10023
5044	5052	5054	5057	5058	5061	5088	5149	10024
5041	5049	5054	5056	5058	5061	5069	5163	10025
5039	5049	5054	5055	5059	5063	5072	5153	10026
5040	5050	5054	5055	5058	5060	5120	5261	10027
5041	5048	5054	5055	5059	5062	5070	5166	10028
5043	5051	5054	5055	5058	5060	5085	5273	10029
5045	5051	5054	5055	5058	5060	5115	5233	10030
5039	5048	5054	5056	5059	5061	5086	5216	10031
5043	5050	5054	5055	5058	5060	5086	5211	10032
5039	5046	5053	5055	5058	5061	5087	5149	10033
5039	5052	5054	5055	5058	5060	5088	5168	10034
5039	5046	5053	5055	5059	5062	5069	5180	10035
5040	5047	5053	5055	5058	5064	5121	5149	10036
5041	5052	5053	5055	5059	5062	5087	5149	10037
5043	5052	5054	5056	5058	5064	5079	5176	10038
5039	5046	5053	5055	5058	5063	5077	5195	10039
5041	5052	5053	5055	5059	5063	5077	5155	10040
5041	5052	5053	5055	5058	5061	5075	5223	10041
5039	5051	5054	5055	5058	5065	5089	5170	10042
5042	5052	5053	5056	5058	5060	5090	5149	10043
5040	5050	5054	5055	5058	5060	5069	5179	10044
5042	5047	5053	5056	5058	5061	5070	5164	10045
5045	5048	5054	5055	5058	5061	5116	5234	10046
5044	5050	5054	5055	5058	5061	5069	5281	10047
5044	5052	5054	5055	5058	5061	5073	5157	10048
5039	5052	5054	5057	5058	5064	5073	5183	10049
5040	5049	5054	5055	5058	5063	5077	5195	10050
5043	5051	5054	5056	5059	5061	5075	5159	10051
5041	5046	5053	5057	5058	5064	5075	5149	10052
5044	5049	5054	5055	5058	5062	5086	5149	10053
5042	5047	5053	5055	5058	5060	5070	5150	10054
5045	5051	5054	5055	5058	5060	5075	5159	10055
5041	5048	5054	5055	5059	5061	5069	5235	10056
5045	5052	5054	5055	5058	5060	5095	5149	10057
5043	5051	5054	5055	5059	5061	5077	5155	10058
5042	5049	5054	5057	5058	5061	5073	5183	10059
5040	5051	5054	5055	5058	5062	5084	5160	10060
5041	5047	5053	5055	5058	5064	5088	5190	10061
5040	5050	5054	5055	5058	5063	5124	5285	10062
5041	5051	5054	5055	5058	5062	5084	5160	10063
5043	5052	5054	5056	5058	5061	5069	5209	10064
5043	5047	5053	5055	5059	5060	5069	5180	10065
5043	5047	5053	5056	5058	5060	5073	5183	10066
5042	5052	5053	5055	5058	5061	5091	5171	10067
5040	5048	5054	5055	5058	5062	5079	5149	10068
5044	5051	5054	5055	5058	5060	5085	5149	10069
5045	5051	5054	5057	5058	5061	5069	5149	10070
5044	5051	5054	5055	5059	5061	5077	5195	10071
5040	5049	5054	5057	5058	5061	5071	5152	10072
5040	5046	5053	5055	5058	5065	5069	5149	10073
5044	5050	5054	5057	5058	5063	5069	5185	10074
5040	5048	5054	5056	5058	5060	5069	5172	10075
5042	5047	5053	5057	5058	5060	5080	5149	10076
5044	5046	5053	5055	5058	5060	5076	5205	10077
5039	5047	5053	5055	5059	5061	5069	5149	10078
5042	5048	5054	5057	5058	5061	5073	5175	10079
5040	5050	5054	5056	5058	5060	5069	5163	10080
5043	5050	5054	5056	5058	5061	5095	5149	10081
5041	5051	5054	5055	5058	5060	5088	5226	10082
5041	5052	5053	5055	5059	5061	5070	5150	10083
5042	5050	5054	5055	5058	5061	5069	5185	10084
5045	5050	5054	5055	5059	5061	5085	5169	10085
5039	5049	5054	5057	5058	5061	5070	5154	10086
5041	5050	5054	5057	5058	5061	5070	5154	10087
5040	5046	5053	5056	5058	5061	5075	5159	10088
5044	5046	5053	5055	5058	5066	5070	5149	10089
5043	5049	5054	5055	5059	5060	5069	5149	10090
5041	5046	5053	5056	5058	5061	5075	5159	10091
5044	5048	5054	5055	5058	5061	5075	5167	10092
5041	5049	5054	5057	5058	5061	5080	5174	10093
5043	5049	5054	5055	5058	5061	5108	5214	10094
5045	5052	5054	5055	5058	5061	5070	5149	10095
5044	5046	5053	5055	5058	5062	5069	5252	10096
5045	5046	5053	5055	5058	5063	5075	5149	10097
5039	5046	5053	5056	5058	5066	5095	5149	10098
5040	5052	5054	5055	5059	5061	5087	5191	10099
5040	5047	5053	5055	5058	5061	5091	5171	10100
5041	5050	5054	5056	5058	5061	5073	5157	10101
5045	5047	5053	5055	5058	5061	5073	5161	10102
5044	5051	5054	5056	5058	5064	5073	5161	10103
5044	5048	5054	5055	5058	5061	5087	5222	10104
5043	5047	5053	5056	5058	5064	5069	5235	10105
5039	5050	5054	5055	5058	5061	5120	5261	10106
5040	5051	5054	5055	5058	5060	5084	5160	10107
5039	5049	5054	5055	5058	5061	5082	5149	10108
5044	5048	5054	5056	5058	5062	5069	5172	10109
5040	5047	5053	5055	5058	5065	5106	5212	10110
5045	5052	5054	5056	5059	5064	5075	5159	10111
5041	5052	5053	5055	5058	5060	5075	5199	10112
5039	5048	5054	5055	5058	5061	5085	5149	10113
5044	5048	5054	5055	5058	5064	5088	5149	10114
5044	5048	5054	5057	5058	5061	5075	5149	10115
5042	5048	5054	5055	5059	5061	5075	5149	10116
5042	5052	5053	5056	5058	5061	5091	5171	10117
5040	5049	5054	5055	5058	5061	5069	5180	10118
5040	5050	5054	5055	5058	5062	5120	5261	10119
5043	5051	5054	5055	5058	5062	5076	5205	10120
5041	5052	5053	5055	5059	5062	5075	5199	10121
5039	5048	5054	5057	5058	5060	5075	5149	10122
5044	5050	5054	5055	5058	5061	5116	5234	10123
5039	5048	5054	5057	5059	5061	5070	5150	10124
5042	5048	5054	5055	5058	5061	5099	5189	10125
5040	5049	5054	5057	5058	5060	5069	5163	10126
5043	5048	5054	5055	5059	5061	5087	5149	10127
5039	5048	5054	5057	5058	5062	5069	5162	10128
5041	5052	5053	5055	5058	5062	5073	5157	10129
5039	5049	5054	5057	5058	5065	5071	5152	10130
5039	5050	5054	5055	5058	5063	5079	5149	10131
5042	5050	5054	5055	5058	5062	5072	5244	10132
5040	5052	5054	5057	5059	5061	5121	5255	10133
5041	5050	5054	5055	5058	5063	5069	5248	10134
5039	5046	5053	5056	5058	5064	5075	5238	10135
5044	5050	5054	5055	5058	5061	5073	5149	10136
5043	5052	5054	5056	5058	5061	5080	5174	10137
5044	5048	5054	5055	5059	5060	5084	5160	10138
5040	5046	5053	5055	5058	5064	5070	5243	10139
5042	5049	5054	5055	5058	5060	5070	5149	10140
5040	5050	5054	5055	5058	5063	5070	5149	10141
5045	5048	5054	5055	5059	5062	5074	5149	10142
5040	5049	5054	5055	5058	5061	5088	5271	10143
5039	5048	5054	5055	5058	5060	5100	5192	10144
5044	5049	5054	5055	5058	5061	5085	5312	10145
5040	5049	5054	5057	5058	5063	5069	5179	10146
5040	5047	5053	5055	5059	5061	5075	5149	10147
5041	5052	5053	5056	5058	5062	5073	5218	10148
5044	5052	5054	5057	5058	5061	5080	5149	10149
5040	5047	5053	5055	5058	5062	5075	5149	10150
5039	5051	5054	5055	5058	5060	5099	5196	10151
5041	5047	5053	5055	5058	5061	5087	5200	10152
5043	5050	5054	5056	5058	5063	5098	5186	10153
5043	5047	5053	5055	5058	5060	5089	5170	10154
5041	5050	5054	5055	5058	5060	5126	5284	10155
5040	5048	5054	5056	5058	5060	5087	5149	10156
5039	5050	5054	5057	5059	5061	5071	5152	10157
5040	5050	5054	5056	5058	5062	5070	5149	10158
5040	5051	5054	5055	5058	5061	5076	5205	10159
5039	5051	5054	5057	5058	5061	5073	5175	10160
5040	5051	5054	5055	5058	5061	5069	5254	10161
5039	5048	5054	5055	5059	5064	5075	5149	10162
5040	5049	5054	5055	5058	5061	5070	5166	10163
5039	5052	5054	5057	5058	5060	5115	5233	10164
5044	5046	5053	5055	5058	5064	5073	5156	10165
5043	5049	5054	5055	5058	5062	5072	5244	10166
5041	5051	5054	5057	5059	5061	5070	5150	10167
5042	5051	5054	5055	5058	5060	5085	5202	10168
5040	5050	5054	5055	5058	5061	5078	5149	10169
5044	5046	5053	5057	5058	5064	5069	5162	10170
5043	5049	5054	5055	5059	5060	5087	5365	10171
5043	5051	5054	5055	5058	5061	5078	5149	10172
5044	5046	5053	5055	5058	5065	5106	5212	10173
5043	5048	5054	5055	5059	5062	5085	5169	10174
5039	5047	5053	5055	5058	5061	5072	5153	10175
5039	5048	5054	5055	5058	5060	5099	5189	10176
5044	5052	5054	5056	5058	5063	5073	5249	10177
5043	5051	5054	5055	5059	5062	5077	5155	10178
5042	5047	5053	5056	5058	5064	5088	5190	10179
5044	5046	5053	5055	5058	5061	5075	5279	10180
5040	5048	5054	5055	5058	5063	5075	5203	10181
5041	5047	5053	5056	5058	5061	5080	5149	10182
5039	5048	5054	5056	5059	5063	5069	5149	10183
5043	5048	5054	5055	5058	5061	5069	5254	10184
5044	5049	5054	5057	5058	5061	5069	5185	10185
5042	5052	5053	5056	5058	5064	5075	5238	10186
5041	5047	5053	5055	5058	5065	5106	5212	10187
5041	5051	5054	5055	5058	5060	5115	5233	10188
5044	5052	5054	5056	5058	5060	5091	5171	10189
5041	5046	5053	5055	5058	5061	5085	5201	10190
5045	5051	5054	5055	5058	5061	5125	5149	10191
5043	5051	5054	5057	5058	5061	5069	5162	10192
5040	5050	5054	5055	5058	5064	5090	5149	10193
5040	5049	5054	5055	5058	5060	5085	5201	10194
5041	5046	5053	5055	5058	5063	5075	5203	10195
5039	5049	5054	5057	5058	5061	5069	5149	10196
5041	5046	5053	5055	5058	5062	5108	5214	10197
5043	5049	5054	5055	5059	5061	5069	5149	10198
5041	5051	5054	5055	5058	5061	5087	5237	10199
5040	5051	5054	5056	5058	5061	5071	5149	10200
5041	5052	5053	5055	5059	5061	5069	5187	10201
5040	5047	5053	5055	5058	5061	5088	5317	10202
5040	5047	5053	5057	5058	5061	5115	5233	10203
5042	5052	5053	5055	5058	5065	5088	5297	10204
5039	5049	5054	5057	5058	5064	5069	5163	10205
5044	5049	5054	5055	5059	5061	5075	5149	10206
5039	5050	5054	5057	5058	5061	5069	5149	10207
5040	5048	5054	5055	5058	5061	5078	5165	10208
5039	5050	5054	5057	5058	5061	5085	5201	10209
5043	5047	5053	5055	5058	5062	5094	5272	10210
5043	5051	5054	5055	5058	5060	5087	5200	10211
5043	5049	5054	5055	5058	5060	5121	5255	10212
5044	5052	5054	5057	5058	5061	5086	5216	10213
5044	5050	5054	5055	5058	5060	5070	5166	10214
5040	5048	5054	5057	5058	5060	5075	5149	10215
5045	5046	5053	5056	5058	5061	5070	5149	10216
5039	5048	5054	5056	5058	5067	5071	5149	10217
5044	5048	5054	5055	5058	5061	5086	5211	10218
5041	5047	5053	5055	5058	5061	5081	5149	10219
5043	5051	5054	5056	5058	5061	5075	5149	10220
5039	5047	5053	5055	5058	5064	5076	5205	10221
5040	5047	5053	5056	5058	5062	5070	5164	10222
5040	5047	5053	5057	5058	5062	5070	5150	10223
5039	5048	5054	5055	5058	5061	5086	5216	10224
5040	5052	5054	5055	5058	5062	5073	5157	10225
5040	5047	5053	5055	5058	5062	5075	5199	10226
5041	5049	5054	5055	5058	5062	5069	5240	10227
5040	5052	5054	5055	5059	5061	5086	5216	10228
5042	5046	5053	5055	5058	5063	5070	5149	10229
5042	5050	5054	5055	5058	5064	5069	5235	10230
5043	5051	5054	5055	5058	5060	5087	5222	10231
5042	5051	5054	5056	5058	5066	5095	5149	10232
5041	5052	5053	5055	5058	5061	5073	5157	10233
5039	5050	5054	5055	5058	5060	5072	5149	10234
5045	5048	5054	5055	5058	5063	5093	5177	10235
5045	5051	5054	5055	5059	5062	5070	5150	10236
5039	5051	5054	5057	5058	5061	5098	5186	10237
5039	5048	5054	5056	5058	5061	5069	5306	10238
5039	5046	5053	5056	5058	5060	5080	5174	10239
5040	5047	5053	5055	5058	5060	5072	5264	10240
5044	5048	5054	5055	5058	5061	5072	5264	10241
5040	5047	5053	5055	5058	5064	5081	5210	10242
5041	5046	5053	5055	5058	5062	5087	5222	10243
5045	5051	5054	5055	5058	5065	5093	5177	10244
5045	5047	5053	5055	5058	5061	5069	5235	10245
5042	5050	5054	5056	5059	5064	5069	5149	10246
5045	5050	5054	5057	5058	5064	5069	5149	10247
5043	5052	5054	5056	5058	5061	5069	5151	10248
5045	5050	5054	5055	5058	5065	5073	5218	10249
5042	5051	5054	5055	5058	5060	5099	5196	10250
5041	5047	5053	5056	5058	5062	5080	5174	10251
5041	5052	5053	5055	5059	5061	5069	5180	10252
5042	5047	5053	5055	5058	5061	5086	5211	10253
5040	5047	5053	5057	5058	5065	5073	5175	10254
5042	5048	5054	5056	5058	5062	5069	5149	10255
5039	5047	5053	5055	5058	5062	5094	5272	10256
5039	5052	5054	5055	5058	5061	5075	5167	10257
5044	5046	5053	5055	5058	5061	5090	5149	10258
5042	5049	5054	5055	5058	5061	5085	5202	10259
5044	5046	5053	5055	5058	5063	5069	5149	10260
5041	5049	5054	5056	5058	5061	5073	5249	10261
5040	5051	5054	5055	5058	5062	5106	5212	10262
5041	5049	5054	5056	5058	5064	5073	5149	10263
5039	5049	5054	5055	5058	5061	5109	5149	10264
5040	5052	5054	5055	5058	5061	5126	5346	10265
5044	5049	5054	5055	5058	5062	5069	5149	10266
5043	5049	5054	5055	5058	5060	5077	5256	10267
5040	5052	5054	5056	5058	5062	5070	5154	10268
5044	5046	5053	5056	5058	5062	5069	5172	10269
5040	5049	5054	5055	5058	5064	5112	5225	10270
5041	5048	5054	5055	5058	5060	5078	5149	10271
5042	5049	5054	5055	5058	5060	5073	5157	10272
5039	5046	5053	5055	5058	5060	5087	5191	10273
5040	5052	5054	5056	5058	5060	5075	5159	10274
5042	5052	5053	5055	5058	5064	5073	5161	10275
5041	5051	5054	5055	5058	5063	5073	5156	10276
5039	5048	5054	5056	5058	5064	5073	5157	10277
5044	5051	5054	5056	5058	5060	5073	5183	10278
5042	5050	5054	5056	5058	5061	5073	5149	10279
5040	5048	5054	5056	5058	5060	5069	5151	10280
5042	5052	5053	5055	5058	5063	5104	5204	10281
5045	5046	5053	5055	5059	5061	5069	5149	10282
5041	5051	5054	5055	5058	5060	5083	5149	10283
5039	5047	5053	5055	5058	5060	5069	5158	10284
5043	5048	5054	5055	5058	5063	5075	5159	10285
5043	5046	5053	5055	5058	5061	5085	5169	10286
5040	5052	5054	5055	5058	5065	5112	5225	10287
5040	5050	5054	5057	5058	5061	5088	5268	10288
5039	5048	5054	5056	5058	5060	5073	5149	10289
5044	5052	5054	5055	5059	5061	5069	5149	10290
5044	5049	5054	5057	5058	5062	5087	5191	10291
5045	5049	5054	5056	5058	5061	5082	5149	10292
5041	5050	5054	5055	5058	5061	5089	5149	10293
5044	5048	5054	5057	5058	5060	5069	5149	10294
5044	5046	5053	5056	5059	5060	5070	5150	10295
5040	5052	5054	5055	5059	5061	5070	5150	10296
5043	5049	5054	5056	5059	5060	5069	5149	10297
5042	5052	5053	5055	5058	5062	5073	5149	10298
5041	5049	5054	5055	5058	5060	5075	5203	10299
5040	5046	5053	5057	5058	5060	5069	5240	10300
5041	5046	5053	5056	5059	5061	5070	5164	10301
5041	5052	5053	5056	5058	5062	5081	5149	10302
5044	5048	5054	5055	5058	5061	5069	5185	10303
5041	5047	5053	5055	5058	5062	5075	5167	10304
5041	5047	5053	5055	5058	5066	5099	5196	10305
5039	5046	5053	5055	5058	5061	5112	5265	10306
5040	5047	5053	5055	5058	5064	5070	5154	10307
5042	5052	5053	5055	5058	5063	5090	5149	10308
5043	5048	5054	5056	5058	5062	5098	5186	10309
5041	5052	5053	5056	5058	5060	5081	5149	10310
5040	5048	5054	5057	5058	5062	5069	5149	10311
5039	5049	5054	5056	5058	5061	5075	5167	10312
5045	5051	5054	5055	5058	5061	5075	5159	10313
5041	5048	5054	5055	5058	5066	5069	5149	10314
5041	5051	5054	5056	5058	5063	5073	5183	10315
5039	5049	5054	5056	5058	5061	5069	5179	10316
5041	5048	5054	5055	5058	5061	5073	5175	10317
5042	5049	5054	5055	5058	5062	5087	5191	10318
5039	5052	5054	5055	5058	5064	5075	5238	10319
5042	5051	5054	5055	5058	5061	5079	5149	10320
5041	5050	5054	5055	5058	5062	5070	5243	10321
5042	5046	5053	5055	5058	5061	5086	5216	10322
5040	5046	5053	5055	5058	5060	5069	5206	10323
5044	5050	5054	5056	5058	5060	5079	5176	10324
5044	5049	5054	5055	5058	5062	5104	5204	10325
5042	5046	5053	5056	5058	5061	5070	5154	10326
5043	5046	5053	5055	5059	5061	5070	5150	10327
5039	5047	5053	5055	5058	5060	5087	5237	10328
5043	5051	5054	5055	5058	5060	5089	5170	10329
5039	5048	5054	5055	5058	5062	5075	5149	10330
5041	5046	5053	5055	5059	5062	5108	5214	10331
5039	5046	5053	5056	5058	5062	5113	5229	10332
5040	5046	5053	5056	5058	5061	5099	5188	10333
5042	5049	5054	5057	5058	5061	5121	5255	10334
5041	5048	5054	5055	5058	5061	5069	5151	10335
5040	5046	5053	5055	5058	5061	5069	5151	10336
5042	5048	5054	5055	5058	5060	5085	5202	10337
5039	5046	5053	5055	5058	5064	5069	5179	10338
5044	5052	5054	5056	5058	5061	5080	5149	10339
5043	5049	5054	5055	5058	5060	5102	5149	10340
5043	5047	5053	5057	5058	5060	5115	5233	10341
5040	5046	5053	5055	5058	5064	5070	5154	10342
5040	5052	5054	5055	5058	5062	5089	5170	10343
5045	5052	5054	5055	5058	5060	5085	5169	10344
5039	5046	5053	5055	5058	5060	5075	5149	10345
5040	5049	5054	5056	5058	5061	5098	5186	10346
5040	5048	5054	5055	5058	5060	5073	5149	10347
5039	5047	5053	5055	5058	5060	5069	5331	10348
5039	5047	5053	5055	5058	5060	5085	5169	10349
5039	5051	5054	5057	5058	5061	5070	5154	10350
5040	5051	5054	5055	5058	5060	5075	5203	10351
5040	5047	5053	5055	5058	5064	5073	5249	10352
5042	5046	5053	5055	5058	5064	5069	5151	10353
5045	5048	5054	5057	5058	5061	5069	5162	10354
5043	5047	5053	5055	5058	5061	5069	5209	10355
5044	5046	5053	5055	5058	5061	5073	5183	10356
5040	5052	5054	5056	5058	5064	5069	5151	10357
5041	5049	5054	5056	5058	5061	5069	5185	10358
5044	5047	5053	5055	5058	5061	5077	5195	10359
5039	5051	5054	5055	5058	5061	5086	5216	10360
5041	5052	5053	5057	5058	5064	5075	5149	10361
5044	5052	5054	5055	5058	5060	5069	5257	10362
5045	5048	5054	5056	5058	5061	5073	5183	10363
5044	5050	5054	5056	5058	5060	5090	5149	10364
5043	5046	5053	5055	5058	5063	5070	5243	10365
5041	5046	5053	5055	5058	5061	5070	5243	10366
5042	5050	5054	5055	5058	5061	5072	5244	10367
5040	5052	5054	5056	5059	5060	5070	5150	10368
5039	5052	5054	5055	5058	5060	5072	5244	10369
5040	5046	5053	5055	5058	5064	5106	5212	10370
5044	5048	5054	5055	5058	5060	5076	5149	10371
5040	5050	5054	5055	5058	5064	5069	5151	10372
5041	5050	5054	5055	5058	5064	5099	5189	10373
5041	5052	5053	5055	5058	5062	5069	5248	10374
5039	5050	5054	5055	5058	5066	5075	5149	10375
5042	5052	5053	5055	5058	5061	5069	5180	10376
5040	5052	5054	5055	5058	5062	5085	5298	10377
5043	5047	5053	5056	5059	5063	5073	5156	10378
5040	5051	5054	5055	5058	5065	5106	5212	10379
5040	5052	5054	5055	5058	5062	5104	5204	10380
5043	5048	5054	5055	5058	5066	5099	5196	10381
5039	5051	5054	5055	5058	5063	5075	5199	10382
5039	5046	5053	5056	5058	5064	5098	5186	10383
5043	5051	5054	5055	5058	5064	5110	5149	10384
5041	5046	5053	5057	5058	5061	5069	5149	10385
5040	5046	5053	5055	5058	5065	5078	5149	10386
5042	5047	5053	5056	5058	5060	5102	5149	10387
5041	5047	5053	5055	5058	5061	5105	5330	10388
5041	5049	5054	5055	5059	5061	5070	5166	10389
5043	5046	5053	5055	5058	5063	5077	5195	10390
5039	5047	5053	5056	5058	5060	5079	5176	10391
5045	5049	5054	5055	5058	5060	5069	5301	10392
5040	5050	5054	5057	5059	5062	5069	5287	10393
5040	5047	5053	5056	5058	5061	5075	5238	10394
5040	5051	5054	5056	5059	5061	5070	5164	10395
5039	5050	5054	5055	5058	5060	5085	5201	10396
5043	5050	5054	5055	5058	5060	5087	5222	10397
5040	5047	5053	5056	5058	5061	5075	5167	10398
5039	5048	5054	5056	5058	5061	5070	5164	10399
5042	5046	5053	5055	5058	5060	5078	5165	10400
5044	5050	5054	5055	5058	5066	5095	5149	10401
5039	5052	5054	5057	5058	5065	5073	5175	10402
5043	5048	5054	5056	5058	5061	5070	5149	10403
5042	5050	5054	5055	5058	5064	5069	5149	10404
5040	5049	5054	5056	5058	5064	5073	5149	10405
5045	5048	5054	5055	5058	5063	5085	5169	10406
5042	5047	5053	5055	5058	5061	5071	5152	10407
5041	5050	5054	5056	5058	5063	5073	5149	10408
5041	5048	5054	5055	5058	5060	5085	5149	10409
5043	5047	5053	5055	5058	5062	5069	5172	10410
5044	5047	5053	5056	5058	5061	5115	5233	10411
5044	5049	5054	5055	5058	5060	5087	5222	10412
5040	5048	5054	5057	5058	5064	5069	5179	10413
5045	5048	5054	5055	5058	5061	5070	5150	10414
5041	5052	5053	5055	5058	5061	5085	5149	10415
5040	5051	5054	5056	5059	5061	5070	5150	10416
5039	5051	5054	5056	5058	5064	5090	5149	10417
5044	5052	5054	5056	5058	5062	5090	5149	10418
5041	5046	5053	5057	5058	5061	5075	5149	10419
5041	5050	5054	5055	5058	5064	5075	5203	10420
5040	5050	5054	5055	5058	5061	5087	5149	10421
5043	5051	5054	5055	5058	5060	5085	5169	10422
5043	5047	5053	5055	5058	5060	5116	5234	10423
5040	5048	5054	5055	5058	5063	5070	5149	10424
5039	5049	5054	5057	5058	5063	5070	5149	10425
5041	5052	5053	5055	5059	5061	5088	5190	10426
5043	5046	5053	5055	5058	5060	5085	5273	10427
5042	5050	5054	5055	5058	5061	5085	5202	10428
5039	5050	5054	5055	5058	5061	5069	5162	10429
5040	5047	5053	5055	5058	5060	5071	5152	10430
5041	5046	5053	5055	5058	5062	5078	5165	10431
5039	5052	5054	5055	5058	5060	5085	5149	10432
5043	5050	5054	5055	5058	5063	5069	5185	10433
5043	5048	5054	5055	5058	5062	5073	5161	10434
5042	5048	5054	5055	5059	5060	5077	5149	10435
5045	5048	5054	5056	5058	5061	5098	5186	10436
5040	5046	5053	5055	5059	5060	5070	5149	10437
5044	5047	5053	5056	5058	5062	5091	5171	10438
5040	5047	5053	5055	5058	5061	5092	5149	10439
5045	5052	5054	5055	5058	5061	5087	5237	10440
5044	5046	5053	5055	5058	5060	5088	5149	10441
5041	5052	5053	5056	5058	5061	5073	5218	10442
5042	5047	5053	5055	5058	5060	5069	5179	10443
5041	5050	5054	5057	5058	5061	5070	5149	10444
5041	5049	5054	5055	5058	5064	5071	5152	10445
5040	5051	5054	5056	5058	5064	5088	5190	10446
5041	5052	5053	5056	5058	5060	5073	5249	10447
5039	5049	5054	5056	5059	5065	5088	5190	10448
5041	5046	5053	5056	5058	5060	5099	5188	10449
5043	5050	5054	5055	5059	5061	5075	5159	10450
5040	5051	5054	5055	5058	5064	5070	5149	10451
5040	5051	5054	5056	5058	5060	5073	5161	10452
5042	5046	5053	5055	5058	5061	5085	5230	10453
5039	5048	5054	5057	5058	5061	5121	5255	10454
5039	5051	5054	5055	5058	5061	5085	5230	10455
5039	5049	5054	5057	5059	5060	5070	5150	10456
5041	5051	5054	5055	5058	5062	5099	5215	10457
5044	5049	5054	5055	5058	5061	5069	5172	10458
5041	5051	5054	5057	5058	5061	5069	5179	10459
5041	5047	5053	5056	5059	5064	5088	5190	10460
5039	5052	5054	5055	5058	5064	5069	5163	10461
5041	5051	5054	5055	5058	5060	5073	5249	10462
5040	5051	5054	5055	5058	5060	5103	5149	10463
5045	5052	5054	5055	5058	5061	5116	5234	10464
5040	5050	5054	5056	5058	5061	5069	5235	10465
5044	5051	5054	5055	5058	5061	5086	5149	10466
5041	5046	5053	5056	5059	5060	5070	5150	10467
5042	5051	5054	5055	5058	5062	5101	5197	10468
5043	5050	5054	5055	5058	5060	5075	5167	10469
5042	5050	5054	5056	5058	5060	5113	5229	10470
5040	5047	5053	5056	5058	5061	5087	5149	10471
5040	5050	5054	5056	5058	5061	5087	5200	10472
5044	5049	5054	5057	5058	5064	5075	5159	10473
5042	5046	5053	5056	5058	5060	5072	5320	10474
5040	5048	5054	5055	5058	5063	5077	5195	10475
5040	5052	5054	5055	5058	5061	5106	5212	10476
5042	5052	5053	5055	5059	5064	5069	5149	10477
5040	5048	5054	5055	5058	5060	5087	5259	10478
5041	5052	5053	5055	5059	5061	5069	5172	10479
5041	5047	5053	5055	5058	5062	5085	5323	10480
5044	5052	5054	5057	5058	5061	5073	5183	10481
5041	5047	5053	5055	5058	5065	5071	5152	10482
5041	5050	5054	5056	5059	5063	5070	5149	10483
5043	5051	5054	5055	5058	5067	5079	5176	10484
5040	5051	5054	5056	5058	5061	5073	5161	10485
5040	5051	5054	5055	5059	5061	5069	5149	10486
5039	5047	5053	5055	5058	5063	5075	5199	10487
5039	5049	5054	5055	5058	5062	5080	5174	10488
5042	5050	5054	5057	5058	5063	5070	5149	10489
5039	5049	5054	5057	5058	5061	5073	5175	10490
5039	5047	5053	5055	5059	5060	5069	5179	10491
5044	5047	5053	5055	5058	5062	5080	5149	10492
5040	5049	5054	5055	5058	5060	5077	5155	10493
5041	5049	5054	5055	5058	5062	5069	5248	10494
5040	5049	5054	5056	5059	5063	5073	5156	10495
5041	5049	5054	5056	5058	5060	5069	5209	10496
5040	5051	5054	5056	5058	5061	5069	5248	10497
5040	5048	5054	5055	5058	5063	5069	5252	10498
5039	5048	5054	5056	5059	5060	5070	5150	10499
5043	5046	5053	5055	5058	5061	5069	5182	10500
5039	5052	5054	5057	5058	5061	5088	5149	10501
5039	5047	5053	5055	5058	5061	5094	5178	10502
5039	5051	5054	5057	5058	5060	5080	5174	10503
5042	5050	5054	5055	5058	5060	5076	5205	10504
5039	5048	5054	5057	5058	5061	5075	5159	10505
5043	5051	5054	5055	5058	5061	5073	5161	10506
5039	5050	5054	5055	5058	5060	5083	5149	10507
5043	5052	5054	5055	5058	5060	5073	5149	10508
5043	5051	5054	5056	5058	5060	5113	5229	10509
5040	5049	5054	5056	5058	5062	5073	5149	10510
5043	5052	5054	5056	5058	5063	5073	5149	10511
5041	5049	5054	5056	5058	5061	5069	5209	10512
5041	5050	5054	5056	5058	5064	5099	5188	10513
5041	5047	5053	5055	5058	5062	5075	5149	10514
5043	5049	5054	5056	5058	5060	5087	5200	10515
5042	5049	5054	5055	5058	5063	5112	5225	10516
5041	5052	5053	5056	5058	5061	5069	5179	10517
5044	5051	5054	5055	5058	5061	5117	5149	10518
5040	5048	5054	5055	5058	5064	5073	5161	10519
5040	5047	5053	5055	5058	5063	5070	5149	10520
5045	5050	5054	5055	5058	5065	5112	5225	10521
5039	5046	5053	5055	5058	5060	5087	5259	10522
5043	5052	5054	5057	5058	5060	5070	5150	10523
5041	5046	5053	5055	5058	5062	5080	5174	10524
5042	5052	5053	5055	5058	5064	5090	5149	10525
5045	5052	5054	5056	5058	5060	5073	5183	10526
5040	5049	5054	5056	5058	5063	5073	5156	10527
5041	5048	5054	5055	5058	5061	5075	5167	10528
5040	5051	5054	5056	5058	5064	5075	5203	10529
5043	5047	5053	5055	5058	5062	5112	5225	10530
5045	5049	5054	5056	5058	5060	5070	5149	10531
5043	5046	5053	5055	5058	5062	5069	5235	10532
5039	5052	5054	5057	5058	5060	5069	5149	10533
5040	5052	5054	5056	5058	5061	5073	5161	10534
5040	5050	5054	5055	5059	5061	5110	5149	10535
5039	5047	5053	5056	5058	5064	5073	5156	10536
5044	5047	5053	5055	5059	5060	5070	5150	10537
5040	5048	5054	5055	5059	5061	5070	5154	10538
5042	5046	5053	5056	5058	5060	5070	5154	10539
5043	5048	5054	5055	5058	5062	5073	5156	10540
5043	5049	5054	5055	5058	5060	5076	5205	10541
5041	5050	5054	5057	5058	5060	5087	5191	10542
5039	5052	5054	5055	5058	5062	5072	5294	10543
5044	5047	5053	5056	5058	5062	5073	5175	10544
5039	5046	5053	5057	5058	5061	5087	5149	10545
5039	5050	5054	5055	5058	5062	5077	5155	10546
5042	5046	5053	5055	5058	5063	5073	5149	10547
5045	5051	5054	5056	5058	5064	5069	5193	10548
5041	5049	5054	5055	5058	5065	5107	5213	10549
5044	5051	5054	5055	5058	5061	5090	5149	10550
5042	5047	5053	5055	5058	5061	5108	5214	10551
5039	5046	5053	5056	5058	5061	5079	5176	10552
5039	5046	5053	5056	5058	5061	5080	5174	10553
5040	5047	5053	5056	5058	5063	5069	5149	10554
5044	5047	5053	5056	5058	5062	5073	5156	10555
5042	5049	5054	5056	5058	5064	5069	5149	10556
5039	5049	5054	5057	5058	5061	5069	5207	10557
5039	5050	5054	5056	5058	5064	5069	5149	10558
5041	5046	5053	5056	5058	5060	5080	5174	10559
5044	5050	5054	5057	5058	5065	5069	5149	10560
5043	5049	5054	5056	5058	5063	5081	5149	10561
5043	5050	5054	5056	5058	5062	5069	5180	10562
5044	5047	5053	5055	5059	5062	5069	5149	10563
5040	5047	5053	5057	5058	5061	5079	5176	10564
5042	5046	5053	5055	5058	5061	5112	5265	10565
5043	5049	5054	5055	5058	5064	5089	5149	10566
5045	5047	5053	5056	5058	5061	5069	5149	10567
5041	5047	5053	5057	5058	5061	5069	5162	10568
5042	5049	5054	5055	5059	5060	5069	5149	10569
5042	5049	5054	5057	5058	5061	5075	5159	10570
5039	5048	5054	5056	5058	5061	5070	5154	10571
5043	5047	5053	5055	5058	5061	5121	5255	10572
5040	5052	5054	5055	5058	5060	5120	5253	10573
5039	5046	5053	5055	5058	5061	5069	5180	10574
5040	5047	5053	5056	5058	5061	5082	5149	10575
5040	5046	5053	5055	5058	5062	5133	5149	10576
5042	5046	5053	5055	5058	5060	5077	5256	10577
5044	5046	5053	5056	5058	5061	5069	5235	10578
5044	5052	5054	5057	5058	5061	5069	5185	10579
5040	5048	5054	5057	5058	5060	5070	5149	10580
5044	5046	5053	5055	5058	5060	5073	5249	10581
5044	5048	5054	5055	5058	5067	5078	5165	10582
5040	5052	5054	5055	5058	5061	5069	5252	10583
5040	5050	5054	5056	5058	5061	5075	5149	10584
5045	5049	5054	5055	5058	5060	5070	5149	10585
5040	5046	5053	5055	5058	5062	5069	5252	10586
5039	5052	5054	5055	5058	5061	5069	5278	10587
5039	5049	5054	5056	5058	5061	5073	5156	10588
5041	5049	5054	5057	5058	5063	5073	5175	10589
5040	5052	5054	5055	5058	5064	5098	5186	10590
5041	5050	5054	5055	5058	5061	5081	5210	10591
5042	5052	5053	5057	5058	5064	5073	5183	10592
5040	5047	5053	5055	5058	5062	5075	5242	10593
5040	5048	5054	5055	5058	5062	5070	5149	10594
5044	5051	5054	5055	5058	5064	5086	5216	10595
5042	5046	5053	5056	5058	5061	5070	5164	10596
5040	5048	5054	5055	5058	5060	5100	5149	10597
5042	5051	5054	5056	5058	5061	5073	5249	10598
5044	5049	5054	5056	5058	5061	5106	5212	10599
5044	5046	5053	5055	5058	5062	5075	5167	10600
5043	5047	5053	5055	5058	5064	5069	5158	10601
5041	5052	5053	5055	5058	5061	5069	5235	10602
5040	5047	5053	5055	5058	5065	5074	5149	10603
5039	5047	5053	5055	5058	5061	5122	5289	10604
5040	5050	5054	5055	5058	5064	5073	5157	10605
5042	5050	5054	5055	5058	5061	5071	5152	10606
5044	5052	5054	5055	5058	5061	5073	5183	10607
5041	5048	5054	5055	5058	5065	5078	5149	10608
5039	5051	5054	5055	5058	5064	5088	5149	10609
5045	5047	5053	5055	5059	5061	5070	5150	10610
5040	5046	5053	5055	5058	5061	5075	5203	10611
5040	5049	5054	5057	5058	5061	5069	5162	10612
5040	5051	5054	5055	5058	5062	5070	5150	10613
5040	5046	5053	5055	5058	5065	5106	5212	10614
5039	5051	5054	5055	5058	5061	5087	5222	10615
5043	5050	5054	5056	5058	5060	5102	5149	10616
5045	5052	5054	5056	5058	5060	5080	5149	10617
5041	5048	5054	5055	5058	5061	5121	5255	10618
5041	5049	5054	5056	5059	5061	5070	5150	10619
5042	5050	5054	5056	5058	5061	5098	5186	10620
5045	5049	5054	5055	5058	5060	5075	5149	10621
5045	5049	5054	5055	5058	5060	5080	5174	10622
5043	5052	5054	5056	5058	5060	5069	5209	10623
5039	5048	5054	5055	5059	5060	5070	5173	10624
5039	5048	5054	5055	5058	5065	5106	5212	10625
5039	5050	5054	5055	5059	5061	5085	5312	10626
5045	5048	5054	5055	5059	5064	5073	5157	10627
5039	5051	5054	5055	5058	5060	5084	5232	10628
5039	5049	5054	5055	5058	5061	5069	5182	10629
5040	5051	5054	5056	5058	5060	5098	5186	10630
5039	5051	5054	5056	5059	5061	5088	5190	10631
5043	5052	5054	5057	5058	5061	5086	5216	10632
5039	5046	5053	5055	5058	5062	5076	5149	10633
5041	5049	5054	5055	5058	5061	5088	5168	10634
5041	5048	5054	5056	5058	5061	5090	5149	10635
5040	5047	5053	5055	5058	5060	5069	5240	10636
5045	5051	5054	5056	5058	5060	5098	5186	10637
5044	5047	5053	5057	5058	5061	5088	5149	10638
5043	5048	5054	5056	5058	5063	5073	5183	10639
5041	5052	5053	5056	5058	5062	5071	5152	10640
5043	5047	5053	5055	5059	5060	5069	5248	10641
5040	5048	5054	5055	5058	5060	5089	5170	10642
5041	5046	5053	5055	5058	5060	5070	5173	10643
5045	5049	5054	5055	5058	5060	5077	5256	10644
5041	5050	5054	5055	5058	5062	5088	5149	10645
5040	5050	5054	5057	5058	5060	5121	5255	10646
5044	5047	5053	5057	5058	5061	5080	5174	10647
5043	5050	5054	5055	5059	5061	5069	5149	10648
5043	5047	5053	5055	5058	5060	5069	5295	10649
5044	5051	5054	5055	5058	5060	5080	5174	10650
5040	5047	5053	5056	5059	5060	5069	5149	10651
5042	5051	5054	5055	5058	5060	5093	5177	10652
5039	5051	5054	5055	5058	5061	5086	5149	10653
5039	5047	5053	5055	5059	5060	5069	5262	10654
5041	5047	5053	5055	5059	5060	5087	5149	10655
5045	5046	5053	5055	5058	5060	5079	5149	10656
5044	5047	5053	5055	5059	5060	5129	5149	10657
5042	5049	5054	5055	5059	5062	5074	5149	10658
5045	5050	5054	5056	5058	5064	5075	5149	10659
5042	5051	5054	5055	5058	5061	5116	5234	10660
5042	5050	5054	5055	5059	5064	5075	5159	10661
5039	5051	5054	5055	5058	5061	5069	5252	10662
5044	5051	5054	5055	5058	5060	5075	5149	10663
5041	5048	5054	5055	5058	5061	5076	5361	10664
5039	5048	5054	5055	5058	5060	5088	5328	10665
5043	5050	5054	5055	5058	5061	5070	5243	10666
5041	5048	5054	5056	5058	5061	5121	5255	10667
5040	5049	5054	5056	5058	5060	5079	5176	10668
5044	5052	5054	5056	5059	5061	5070	5150	10669
5040	5051	5054	5055	5058	5061	5073	5149	10670
5040	5048	5054	5055	5058	5062	5084	5232	10671
5040	5052	5054	5057	5058	5061	5069	5163	10672
5040	5046	5053	5055	5059	5061	5134	5324	10673
5040	5049	5054	5055	5058	5061	5073	5249	10674
5044	5048	5054	5055	5059	5060	5070	5150	10675
5041	5046	5053	5055	5058	5063	5073	5156	10676
5040	5046	5053	5055	5058	5060	5099	5189	10677
5039	5052	5054	5055	5058	5062	5083	5149	10678
5044	5048	5054	5055	5058	5061	5070	5319	10679
5041	5052	5053	5056	5059	5061	5070	5149	10680
5041	5047	5053	5055	5059	5065	5069	5149	10681
5044	5052	5054	5055	5058	5063	5075	5149	10682
5040	5052	5054	5055	5059	5063	5069	5149	10683
5042	5052	5053	5055	5058	5061	5073	5157	10684
5039	5049	5054	5055	5058	5061	5069	5187	10685
5043	5050	5054	5055	5058	5065	5074	5149	10686
5040	5052	5054	5055	5058	5062	5070	5154	10687
5042	5046	5053	5056	5058	5060	5073	5161	10688
5041	5049	5054	5055	5058	5061	5084	5232	10689
5041	5048	5054	5055	5058	5066	5073	5157	10690
5044	5050	5054	5055	5059	5061	5086	5211	10691
5041	5046	5053	5056	5058	5063	5081	5149	10692
5041	5052	5053	5055	5058	5060	5086	5310	10693
5042	5048	5054	5055	5058	5060	5093	5177	10694
5041	5051	5054	5055	5058	5061	5073	5161	10695
5044	5049	5054	5055	5058	5062	5079	5176	10696
5044	5047	5053	5056	5058	5061	5082	5149	10697
5040	5046	5053	5055	5058	5061	5070	5173	10698
5040	5046	5053	5055	5059	5062	5077	5155	10699
5045	5049	5054	5056	5058	5061	5069	5163	10700
5040	5052	5054	5055	5059	5064	5106	5212	10701
5039	5049	5054	5057	5058	5060	5069	5149	10702
5044	5050	5054	5056	5059	5060	5069	5337	10703
5040	5051	5054	5055	5058	5061	5069	5151	10704
5044	5051	5054	5055	5058	5063	5069	5185	10705
5039	5050	5054	5055	5058	5061	5069	5235	10706
5045	5050	5054	5056	5059	5064	5069	5235	10707
5041	5052	5053	5056	5059	5061	5088	5190	10708
5044	5051	5054	5057	5058	5064	5069	5179	10709
5044	5047	5053	5055	5058	5063	5075	5199	10710
5039	5047	5053	5055	5058	5064	5088	5149	10711
5044	5046	5053	5057	5058	5060	5069	5179	10712
5043	5049	5054	5055	5058	5061	5069	5185	10713
5039	5049	5054	5056	5058	5063	5069	5179	10714
5041	5050	5054	5055	5058	5060	5137	5335	10715
5042	5046	5053	5055	5059	5061	5081	5149	10716
5043	5048	5054	5055	5058	5061	5073	5156	10717
5042	5048	5054	5055	5058	5061	5073	5156	10718
5042	5048	5054	5055	5058	5061	5079	5149	10719
5039	5047	5053	5055	5058	5064	5075	5203	10720
5039	5049	5054	5055	5058	5060	5069	5247	10721
5041	5047	5053	5055	5058	5065	5073	5175	10722
5044	5050	5054	5055	5058	5061	5073	5218	10723
5042	5052	5053	5055	5058	5060	5070	5166	10724
5040	5047	5053	5055	5058	5062	5073	5149	10725
5039	5049	5054	5056	5058	5065	5090	5149	10726
5043	5046	5053	5056	5058	5061	5073	5156	10727
5039	5052	5054	5056	5058	5061	5121	5255	10728
5041	5050	5054	5057	5058	5060	5070	5149	10729
5039	5049	5054	5055	5058	5067	5071	5152	10730
5043	5050	5054	5055	5059	5064	5069	5149	10731
5041	5050	5054	5055	5058	5060	5069	5287	10732
5043	5052	5054	5055	5058	5062	5095	5149	10733
5042	5052	5053	5057	5058	5061	5073	5175	10734
5040	5052	5054	5056	5058	5060	5088	5190	10735
5043	5047	5053	5055	5058	5061	5069	5158	10736
5040	5052	5054	5055	5058	5060	5075	5238	10737
5039	5049	5054	5057	5058	5063	5073	5175	10738
5042	5050	5054	5057	5059	5064	5069	5235	10739
5044	5051	5054	5056	5058	5060	5102	5149	10740
5039	5047	5053	5055	5058	5062	5107	5213	10741
5042	5049	5054	5055	5058	5062	5073	5183	10742
5045	5049	5054	5055	5058	5061	5069	5248	10743
5039	5051	5054	5055	5058	5066	5073	5157	10744
5040	5049	5054	5055	5058	5061	5099	5215	10745
5039	5052	5054	5055	5059	5064	5075	5208	10746
5044	5047	5053	5055	5059	5061	5070	5150	10747
5039	5048	5054	5055	5058	5060	5085	5273	10748
5043	5046	5053	5055	5058	5061	5086	5216	10749
5039	5047	5053	5057	5059	5061	5075	5149	10750
5039	5046	5053	5055	5058	5062	5078	5165	10751
5043	5051	5054	5055	5058	5060	5121	5255	10752
5041	5048	5054	5055	5058	5061	5099	5189	10753
5040	5046	5053	5056	5058	5061	5080	5174	10754
5043	5047	5053	5055	5058	5062	5073	5161	10755
5044	5051	5054	5056	5058	5061	5075	5159	10756
5041	5046	5053	5056	5059	5061	5075	5149	10757
5043	5047	5053	5055	5058	5062	5070	5150	10758
5040	5047	5053	5057	5058	5061	5069	5162	10759
5041	5046	5053	5055	5059	5061	5085	5169	10760
5044	5052	5054	5055	5058	5064	5095	5149	10761
5043	5046	5053	5055	5058	5060	5069	5162	10762
5044	5050	5054	5055	5058	5060	5073	5149	10763
5041	5051	5054	5055	5059	5061	5073	5156	10764
5039	5047	5053	5055	5058	5061	5073	5175	10765
5044	5051	5054	5055	5059	5061	5088	5149	10766
5043	5048	5054	5055	5058	5064	5070	5150	10767
5040	5050	5054	5057	5058	5061	5069	5179	10768
5042	5052	5053	5056	5058	5061	5075	5159	10769
5043	5050	5054	5055	5058	5062	5069	5235	10770
5041	5052	5053	5056	5058	5062	5086	5216	10771
5039	5049	5054	5056	5058	5063	5069	5149	10772
5041	5048	5054	5056	5058	5064	5090	5149	10773
5039	5052	5054	5055	5058	5060	5069	5158	10774
5040	5047	5053	5056	5059	5062	5069	5172	10775
5044	5046	5053	5056	5058	5060	5087	5200	10776
5041	5049	5054	5056	5058	5062	5071	5152	10777
5044	5050	5054	5055	5058	5065	5074	5149	10778
5040	5050	5054	5055	5059	5060	5075	5159	10779
5041	5050	5054	5055	5059	5061	5073	5156	10780
5043	5051	5054	5055	5058	5060	5072	5303	10781
5044	5052	5054	5055	5058	5061	5070	5319	10782
5039	5047	5053	5055	5059	5061	5069	5286	10783
5042	5046	5053	5055	5058	5060	5076	5205	10784
5044	5046	5053	5056	5058	5060	5075	5149	10785
5039	5050	5054	5057	5058	5065	5071	5152	10786
5044	5047	5053	5055	5058	5067	5070	5243	10787
5041	5051	5054	5055	5059	5061	5069	5235	10788
5041	5049	5054	5057	5058	5060	5070	5154	10789
5039	5048	5054	5055	5058	5066	5095	5149	10790
5044	5047	5053	5055	5058	5061	5070	5173	10791
5044	5049	5054	5055	5058	5061	5101	5197	10792
5043	5051	5054	5055	5058	5061	5069	5185	10793
5042	5051	5054	5055	5058	5063	5073	5183	10794
5045	5048	5054	5056	5058	5062	5070	5150	10795
5040	5048	5054	5055	5058	5062	5073	5161	10796
5043	5047	5053	5056	5058	5061	5069	5194	10797
5043	5047	5053	5055	5058	5060	5090	5149	10798
5044	5048	5054	5055	5058	5062	5085	5202	10799
5042	5052	5053	5057	5058	5061	5080	5149	10800
5039	5051	5054	5056	5058	5060	5070	5149	10801
5039	5046	5053	5056	5058	5060	5069	5185	10802
5045	5047	5053	5055	5058	5061	5069	5172	10803
5043	5052	5054	5055	5058	5063	5078	5165	10804
5045	5052	5054	5055	5058	5062	5080	5149	10805
5041	5047	5053	5055	5058	5060	5073	5249	10806
5039	5050	5054	5055	5058	5060	5103	5149	10807
5039	5051	5054	5055	5058	5064	5093	5177	10808
5044	5049	5054	5055	5058	5061	5086	5211	10809
5044	5048	5054	5055	5058	5060	5079	5176	10810
5045	5050	5054	5056	5059	5060	5075	5159	10811
5042	5051	5054	5055	5058	5061	5112	5225	10812
5039	5051	5054	5057	5058	5063	5069	5149	10813
5040	5052	5054	5057	5058	5061	5071	5152	10814
5043	5051	5054	5056	5058	5060	5069	5258	10815
5043	5048	5054	5056	5058	5061	5069	5180	10816
5039	5052	5054	5055	5058	5062	5096	5181	10817
5043	5052	5054	5055	5059	5060	5094	5272	10818
5040	5048	5054	5056	5059	5061	5088	5190	10819
5040	5051	5054	5055	5058	5060	5086	5149	10820
5040	5050	5054	5055	5058	5064	5099	5189	10821
5042	5048	5054	5055	5058	5060	5078	5165	10822
5043	5051	5054	5056	5058	5060	5098	5186	10823
5039	5048	5054	5055	5058	5061	5082	5149	10824
5043	5046	5053	5055	5059	5064	5069	5172	10825
5043	5046	5053	5055	5059	5060	5069	5172	10826
5044	5050	5054	5055	5058	5065	5073	5183	10827
5039	5052	5054	5056	5058	5061	5071	5149	10828
5039	5048	5054	5055	5059	5061	5075	5159	10829
5041	5049	5054	5055	5058	5062	5071	5152	10830
5039	5048	5054	5056	5058	5060	5079	5176	10831
5041	5048	5054	5055	5058	5060	5072	5153	10832
5040	5048	5054	5055	5059	5060	5085	5230	10833
5043	5048	5054	5056	5058	5061	5080	5149	10834
5039	5049	5054	5055	5058	5060	5069	5235	10835
5040	5047	5053	5056	5058	5066	5075	5245	10836
5043	5051	5054	5056	5058	5061	5081	5149	10837
5042	5047	5053	5055	5058	5062	5070	5149	10838
5041	5050	5054	5055	5059	5064	5108	5214	10839
5040	5047	5053	5055	5058	5064	5069	5235	10840
5041	5046	5053	5057	5058	5061	5069	5162	10841
5043	5047	5053	5055	5058	5065	5073	5157	10842
5041	5046	5053	5057	5058	5061	5069	5179	10843
5041	5049	5054	5055	5058	5062	5120	5253	10844
5040	5052	5054	5055	5058	5062	5077	5155	10845
5045	5050	5054	5055	5058	5061	5073	5157	10846
5041	5051	5054	5055	5058	5060	5085	5230	10847
5040	5051	5054	5057	5058	5061	5073	5175	10848
5039	5047	5053	5056	5058	5061	5082	5149	10849
5039	5050	5054	5055	5058	5060	5087	5222	10850
5039	5046	5053	5056	5058	5062	5086	5216	10851
5044	5052	5054	5055	5058	5061	5069	5227	10852
5045	5049	5054	5056	5058	5065	5090	5149	10853
5040	5050	5054	5055	5058	5063	5069	5179	10854
5039	5046	5053	5055	5059	5061	5086	5216	10855
5039	5048	5054	5057	5058	5061	5069	5149	10856
5044	5051	5054	5055	5058	5061	5069	5179	10857
5044	5047	5053	5055	5058	5065	5079	5176	10858
5040	5049	5054	5055	5058	5060	5099	5189	10859
5044	5052	5054	5055	5058	5062	5073	5149	10860
5043	5051	5054	5055	5058	5063	5112	5225	10861
5039	5046	5053	5055	5058	5060	5085	5201	10862
5042	5046	5053	5055	5058	5062	5070	5149	10863
5045	5050	5054	5056	5058	5061	5070	5154	10864
5043	5050	5054	5055	5058	5061	5073	5156	10865
5041	5050	5054	5055	5058	5061	5075	5167	10866
5040	5046	5053	5055	5059	5061	5069	5149	10867
5040	5051	5054	5056	5058	5065	5106	5212	10868
5042	5051	5054	5055	5058	5061	5090	5308	10869
5045	5050	5054	5057	5058	5061	5070	5149	10870
5041	5052	5053	5055	5058	5061	5069	5240	10871
5039	5048	5054	5055	5059	5060	5087	5149	10872
5045	5051	5054	5055	5058	5063	5085	5307	10873
5043	5047	5053	5055	5058	5064	5089	5170	10874
5044	5052	5054	5055	5058	5063	5085	5201	10875
5039	5050	5054	5056	5059	5061	5070	5150	10876
5039	5051	5054	5055	5058	5064	5075	5238	10877
5039	5052	5054	5055	5058	5060	5069	5257	10878
5041	5052	5053	5055	5058	5061	5085	5202	10879
5041	5052	5053	5055	5058	5061	5073	5149	10880
5041	5052	5053	5055	5058	5061	5078	5165	10881
5039	5049	5054	5056	5058	5061	5095	5149	10882
5044	5052	5054	5055	5059	5060	5069	5246	10883
5040	5046	5053	5055	5058	5063	5075	5159	10884
5041	5049	5054	5055	5058	5064	5095	5149	10885
5039	5046	5053	5055	5058	5062	5079	5149	10886
5044	5050	5054	5056	5058	5061	5069	5179	10887
5039	5050	5054	5056	5058	5060	5090	5217	10888
5039	5047	5053	5055	5059	5060	5129	5149	10889
5039	5052	5054	5055	5058	5061	5083	5149	10890
5043	5051	5054	5055	5058	5060	5078	5149	10891
5041	5052	5053	5055	5058	5063	5085	5169	10892
5043	5051	5054	5055	5059	5060	5085	5230	10893
5041	5049	5054	5055	5058	5062	5069	5151	10894
5043	5048	5054	5055	5058	5061	5073	5249	10895
5039	5051	5054	5056	5059	5061	5070	5150	10896
5039	5047	5053	5056	5058	5060	5069	5151	10897
5042	5047	5053	5056	5058	5064	5095	5149	10898
5043	5052	5054	5056	5058	5061	5087	5149	10899
5039	5051	5054	5056	5058	5061	5069	5306	10900
5041	5049	5054	5057	5058	5061	5086	5216	10901
5039	5049	5054	5055	5058	5063	5077	5195	10902
5041	5049	5054	5056	5058	5060	5073	5249	10903
5042	5048	5054	5055	5058	5061	5100	5192	10904
5041	5048	5054	5055	5058	5065	5074	5149	10905
5039	5047	5053	5055	5058	5060	5085	5228	10906
5040	5047	5053	5055	5058	5061	5116	5234	10907
5039	5052	5054	5055	5059	5061	5085	5230	10908
5039	5046	5053	5056	5058	5060	5075	5238	10909
5041	5052	5053	5055	5058	5060	5088	5149	10910
5043	5047	5053	5056	5058	5061	5092	5149	10911
5039	5049	5054	5055	5058	5060	5090	5149	10912
5043	5047	5053	5055	5058	5061	5071	5152	10913
5040	5051	5054	5055	5058	5062	5085	5169	10914
5044	5046	5053	5055	5058	5060	5113	5149	10915
5044	5050	5054	5056	5058	5061	5087	5149	10916
5039	5052	5054	5055	5058	5065	5075	5159	10917
5045	5050	5054	5056	5058	5060	5069	5207	10918
5044	5052	5054	5057	5058	5061	5115	5233	10919
5044	5048	5054	5055	5058	5061	5069	5235	10920
5041	5049	5054	5055	5059	5064	5069	5149	10921
5044	5049	5054	5055	5058	5062	5121	5255	10922
5044	5046	5053	5056	5058	5061	5088	5149	10923
5044	5050	5054	5055	5058	5061	5078	5149	10924
5045	5051	5054	5055	5058	5062	5078	5149	10925
5041	5052	5053	5055	5059	5062	5077	5155	10926
5044	5047	5053	5055	5058	5061	5078	5165	10927
5039	5049	5054	5055	5058	5061	5083	5318	10928
5043	5049	5054	5056	5058	5062	5071	5152	10929
5044	5047	5053	5056	5058	5061	5091	5171	10930
5041	5050	5054	5056	5059	5061	5075	5149	10931
5042	5046	5053	5055	5058	5060	5069	5180	10932
5043	5052	5054	5055	5058	5064	5122	5339	10933
5044	5051	5054	5055	5058	5060	5122	5344	10934
5042	5047	5053	5055	5059	5060	5069	5172	10935
5041	5050	5054	5056	5058	5064	5073	5149	10936
5044	5052	5054	5057	5058	5061	5075	5149	10937
5040	5052	5054	5055	5058	5060	5069	5240	10938
5039	5052	5054	5056	5059	5062	5073	5156	10939
5039	5049	5054	5055	5058	5061	5108	5214	10940
5045	5052	5054	5055	5058	5062	5069	5162	10941
5041	5047	5053	5056	5058	5066	5075	5245	10942
5039	5049	5054	5055	5058	5060	5077	5256	10943
5043	5046	5053	5055	5058	5060	5069	5246	10944
5042	5048	5054	5055	5059	5064	5075	5159	10945
5045	5047	5053	5055	5058	5061	5086	5216	10946
5039	5052	5054	5056	5058	5061	5069	5258	10947
5039	5046	5053	5055	5058	5061	5069	5281	10948
5040	5052	5054	5055	5058	5064	5089	5149	10949
5044	5052	5054	5055	5058	5060	5069	5151	10950
5040	5047	5053	5055	5058	5065	5073	5249	10951
5039	5052	5054	5055	5058	5061	5126	5284	10952
5040	5050	5054	5057	5058	5060	5070	5149	10953
5042	5046	5053	5055	5058	5060	5075	5149	10954
5040	5049	5054	5055	5058	5060	5121	5255	10955
5042	5052	5053	5055	5058	5065	5107	5213	10956
5039	5047	5053	5055	5059	5063	5075	5199	10957
5043	5051	5054	5055	5058	5065	5075	5159	10958
5044	5047	5053	5055	5058	5062	5075	5159	10959
5041	5047	5053	5056	5058	5064	5090	5149	10960
5044	5047	5053	5056	5058	5064	5075	5149	10961
5043	5051	5054	5055	5058	5065	5073	5218	10962
5044	5050	5054	5055	5058	5062	5069	5180	10963
5043	5051	5054	5056	5058	5060	5073	5183	10964
5039	5047	5053	5055	5058	5061	5070	5243	10965
5042	5052	5053	5057	5058	5060	5069	5149	10966
5041	5051	5054	5055	5058	5061	5095	5149	10967
5045	5050	5054	5056	5058	5062	5070	5149	10968
5044	5046	5053	5055	5059	5060	5087	5149	10969
5039	5050	5054	5055	5058	5061	5099	5215	10970
5040	5051	5054	5055	5058	5064	5070	5154	10971
5040	5047	5053	5055	5059	5062	5073	5156	10972
5045	5052	5054	5055	5058	5061	5101	5197	10973
5042	5048	5054	5055	5058	5060	5075	5203	10974
5039	5050	5054	5055	5058	5062	5099	5215	10975
5041	5047	5053	5055	5058	5064	5112	5225	10976
5039	5052	5054	5055	5058	5060	5086	5149	10977
5043	5052	5054	5055	5058	5061	5086	5216	10978
5042	5046	5053	5055	5058	5064	5075	5203	10979
5045	5051	5054	5056	5058	5061	5069	5149	10980
5039	5052	5054	5056	5058	5063	5069	5180	10981
5045	5050	5054	5055	5059	5063	5077	5155	10982
5045	5050	5054	5056	5058	5060	5098	5186	10983
5039	5052	5054	5056	5058	5064	5069	5151	10984
5041	5051	5054	5055	5058	5060	5085	5202	10985
5040	5051	5054	5055	5059	5063	5075	5159	10986
5042	5051	5054	5055	5059	5061	5085	5230	10987
5041	5047	5053	5055	5058	5064	5073	5157	10988
5039	5047	5053	5055	5058	5060	5075	5149	10989
5041	5046	5053	5055	5058	5060	5097	5221	10990
5040	5052	5054	5057	5058	5065	5071	5152	10991
5043	5048	5054	5055	5058	5060	5085	5230	10992
5044	5050	5054	5057	5058	5061	5098	5186	10993
5041	5046	5053	5056	5058	5060	5075	5203	10994
5042	5048	5054	5055	5058	5061	5085	5149	10995
5039	5050	5054	5055	5058	5060	5087	5200	10996
5040	5049	5054	5055	5058	5063	5073	5218	10997
5040	5046	5053	5055	5058	5060	5070	5166	10998
5040	5051	5054	5055	5058	5060	5098	5186	10999
5044	5050	5054	5055	5058	5063	5075	5203	11000
5043	5048	5054	5055	5058	5061	5085	5230	11001
5044	5052	5054	5055	5058	5063	5075	5167	11002
5044	5050	5054	5057	5058	5062	5069	5163	11003
5041	5046	5053	5055	5058	5064	5110	5149	11004
5039	5050	5054	5055	5058	5062	5069	5240	11005
5041	5046	5053	5057	5058	5060	5075	5203	11006
5043	5051	5054	5055	5058	5060	5080	5174	11007
5042	5050	5054	5056	5058	5060	5075	5203	11008
5043	5049	5054	5055	5058	5062	5070	5243	11009
5043	5046	5053	5055	5058	5063	5075	5159	11010
5043	5047	5053	5055	5058	5064	5075	5203	11011
5039	5049	5054	5055	5058	5060	5113	5229	11012
5043	5049	5054	5055	5058	5061	5073	5157	11013
5041	5046	5053	5056	5058	5060	5069	5180	11014
5045	5048	5054	5056	5058	5060	5070	5149	11015
5039	5047	5053	5055	5058	5062	5087	5149	11016
5040	5047	5053	5056	5058	5065	5073	5218	11017
5043	5049	5054	5055	5058	5063	5084	5160	11018
5043	5052	5054	5055	5058	5060	5129	5149	11019
5045	5049	5054	5055	5058	5060	5079	5149	11020
5043	5049	5054	5055	5058	5060	5075	5203	11021
5039	5048	5054	5056	5058	5060	5069	5151	11022
5043	5052	5054	5055	5058	5064	5075	5203	11023
5040	5050	5054	5057	5058	5063	5069	5163	11024
5044	5050	5054	5055	5058	5062	5092	5149	11025
5041	5052	5053	5055	5058	5061	5069	5209	11026
5044	5047	5053	5055	5058	5061	5107	5213	11027
5045	5050	5054	5057	5058	5061	5075	5159	11028
5039	5050	5054	5055	5059	5061	5087	5222	11029
5042	5052	5053	5055	5058	5061	5069	5158	11030
5040	5046	5053	5055	5058	5061	5087	5222	11031
5041	5047	5053	5055	5058	5060	5069	5246	11032
5040	5050	5054	5056	5059	5061	5073	5156	11033
5040	5052	5054	5055	5058	5061	5089	5170	11034
5044	5046	5053	5055	5058	5061	5101	5197	11035
5041	5050	5054	5057	5058	5060	5070	5150	11036
5043	5047	5053	5055	5059	5061	5108	5214	11037
5044	5050	5054	5055	5058	5064	5070	5149	11038
5039	5048	5054	5057	5059	5060	5070	5150	11039
5042	5050	5054	5055	5058	5064	5093	5177	11040
5039	5047	5053	5055	5058	5065	5070	5243	11041
5043	5052	5054	5055	5058	5061	5145	5149	11042
5042	5047	5053	5055	5058	5062	5080	5174	11043
5043	5052	5054	5055	5059	5063	5085	5169	11044
5041	5050	5054	5056	5058	5062	5070	5154	11045
5043	5050	5054	5055	5058	5061	5092	5224	11046
5040	5047	5053	5055	5058	5061	5097	5221	11047
5040	5047	5053	5055	5058	5061	5072	5264	11048
5044	5047	5053	5055	5058	5061	5069	5254	11049
5045	5051	5054	5056	5058	5061	5070	5154	11050
5040	5047	5053	5055	5058	5060	5080	5174	11051
5044	5047	5053	5055	5058	5062	5101	5197	11052
5043	5050	5054	5055	5058	5061	5073	5161	11053
5044	5051	5054	5055	5058	5060	5087	5222	11054
5045	5046	5053	5055	5058	5061	5070	5154	11055
5043	5049	5054	5055	5058	5065	5106	5212	11056
5041	5049	5054	5056	5058	5060	5075	5245	11057
5044	5052	5054	5055	5058	5065	5074	5149	11058
5041	5047	5053	5057	5058	5061	5121	5255	11059
5039	5050	5054	5055	5058	5065	5073	5149	11060
5041	5049	5054	5055	5058	5061	5109	5149	11061
5039	5047	5053	5055	5058	5060	5094	5272	11062
5040	5050	5054	5056	5058	5061	5080	5174	11063
5040	5050	5054	5056	5058	5061	5081	5210	11064
5041	5047	5053	5055	5058	5061	5126	5346	11065
5045	5047	5053	5057	5058	5061	5080	5149	11066
5042	5047	5053	5055	5058	5061	5075	5203	11067
5039	5046	5053	5055	5058	5066	5073	5157	11068
5041	5046	5053	5055	5058	5061	5073	5157	11069
5039	5046	5053	5055	5058	5061	5075	5290	11070
5043	5050	5054	5055	5058	5060	5070	5150	11071
5040	5048	5054	5055	5058	5060	5125	5305	11072
5044	5048	5054	5055	5058	5063	5093	5177	11073
5041	5047	5053	5055	5058	5067	5070	5243	11074
5041	5049	5054	5055	5058	5063	5078	5165	11075
5039	5052	5054	5055	5058	5063	5078	5165	11076
5041	5047	5053	5057	5058	5061	5087	5149	11077
5039	5050	5054	5055	5058	5062	5069	5180	11078
5039	5051	5054	5055	5059	5061	5117	5236	11079
5045	5052	5054	5055	5058	5062	5069	5172	11080
5040	5047	5053	5055	5058	5063	5112	5225	11081
5041	5051	5054	5055	5059	5061	5079	5149	11082
5041	5052	5053	5055	5058	5062	5087	5149	11083
5039	5050	5054	5055	5058	5060	5069	5158	11084
5039	5051	5054	5056	5058	5061	5069	5187	11085
5042	5049	5054	5056	5058	5061	5081	5149	11086
5041	5052	5053	5056	5058	5061	5075	5238	11087
5044	5051	5054	5055	5058	5061	5078	5165	11088
5041	5052	5053	5056	5058	5061	5106	5212	11089
5043	5050	5054	5055	5058	5065	5071	5152	11090
5042	5050	5054	5055	5058	5061	5069	5252	11091
5040	5049	5054	5055	5058	5060	5087	5237	11092
5043	5048	5054	5056	5058	5061	5079	5176	11093
5042	5051	5054	5055	5058	5060	5118	5149	11094
5042	5050	5054	5055	5058	5060	5073	5149	11095
5041	5047	5053	5055	5059	5061	5073	5156	11096
5043	5048	5054	5056	5058	5063	5073	5175	11097
5039	5049	5054	5056	5058	5060	5099	5188	11098
5040	5051	5054	5055	5058	5060	5085	5230	11099
5040	5047	5053	5055	5058	5060	5075	5223	11100
5043	5047	5053	5055	5058	5063	5075	5159	11101
5041	5052	5053	5056	5058	5063	5073	5183	11102
5044	5051	5054	5057	5058	5061	5088	5149	11103
5044	5052	5054	5055	5058	5061	5088	5297	11104
5043	5046	5053	5056	5059	5061	5073	5156	11105
5043	5050	5054	5055	5058	5060	5087	5191	11106
5043	5051	5054	5056	5058	5062	5102	5149	11107
5041	5050	5054	5057	5058	5062	5069	5179	11108
5039	5049	5054	5055	5058	5060	5093	5177	11109
5040	5050	5054	5057	5058	5060	5069	5240	11110
5039	5047	5053	5056	5058	5061	5073	5175	11111
5041	5046	5053	5055	5058	5061	5089	5149	11112
5041	5050	5054	5055	5058	5060	5108	5149	11113
5039	5052	5054	5055	5058	5061	5069	5235	11114
5044	5050	5054	5055	5058	5061	5079	5149	11115
5044	5046	5053	5055	5059	5060	5070	5173	11116
5042	5052	5053	5056	5058	5061	5069	5172	11117
5039	5052	5054	5055	5058	5061	5070	5154	11118
5043	5052	5054	5056	5058	5060	5142	5149	11119
5042	5050	5054	5055	5058	5060	5069	5247	11120
5040	5050	5054	5055	5058	5065	5069	5278	11121
5041	5048	5054	5056	5058	5060	5069	5180	11122
5041	5052	5053	5055	5058	5060	5069	5182	11123
5043	5048	5054	5055	5058	5061	5120	5280	11124
5045	5049	5054	5056	5058	5061	5086	5216	11125
5041	5048	5054	5055	5058	5061	5081	5149	11126
5039	5050	5054	5055	5058	5063	5075	5149	11127
5039	5048	5054	5055	5058	5064	5099	5189	11128
5039	5052	5054	5055	5058	5062	5116	5234	11129
5039	5052	5054	5057	5058	5065	5071	5152	11130
5045	5047	5053	5056	5058	5062	5073	5183	11131
5041	5049	5054	5056	5058	5060	5099	5188	11132
5044	5049	5054	5055	5058	5061	5069	5185	11133
5044	5049	5054	5056	5058	5061	5069	5258	11134
5040	5052	5054	5057	5058	5064	5123	5277	11135
5045	5050	5054	5055	5059	5062	5069	5149	11136
5042	5052	5053	5055	5058	5061	5104	5204	11137
5041	5051	5054	5055	5059	5063	5069	5151	11138
5039	5049	5054	5055	5058	5064	5099	5189	11139
5039	5046	5053	5055	5058	5061	5069	5248	11140
5039	5052	5054	5055	5058	5061	5072	5264	11141
5043	5048	5054	5055	5058	5060	5085	5149	11142
5045	5049	5054	5055	5058	5060	5069	5313	11143
5039	5051	5054	5055	5058	5065	5074	5149	11144
5042	5050	5054	5055	5058	5065	5074	5149	11145
5039	5048	5054	5057	5058	5062	5073	5183	11146
5041	5050	5054	5056	5058	5060	5069	5151	11147
5041	5046	5053	5055	5058	5062	5093	5177	11148
5045	5050	5054	5056	5058	5060	5070	5154	11149
5041	5046	5053	5055	5058	5064	5078	5149	11150
5040	5052	5054	5055	5058	5064	5099	5196	11151
5043	5052	5054	5055	5058	5061	5112	5225	11152
5040	5051	5054	5055	5058	5060	5090	5149	11153
5044	5050	5054	5055	5058	5061	5069	5187	11154
5041	5048	5054	5055	5059	5061	5070	5150	11155
5039	5051	5054	5055	5058	5061	5069	5313	11156
5044	5050	5054	5055	5058	5061	5087	5149	11157
5039	5051	5054	5057	5058	5060	5075	5203	11158
5040	5048	5054	5056	5058	5062	5090	5149	11159
5044	5046	5053	5055	5058	5060	5076	5149	11160
5042	5049	5054	5056	5058	5061	5088	5190	11161
5044	5049	5054	5056	5058	5060	5070	5164	11162
5045	5049	5054	5055	5058	5061	5087	5237	11163
5041	5049	5054	5055	5058	5064	5069	5149	11164
5042	5051	5054	5055	5058	5061	5073	5175	11165
5045	5048	5054	5055	5059	5060	5069	5149	11166
5042	5052	5053	5056	5058	5061	5069	5185	11167
5043	5050	5054	5055	5058	5061	5099	5189	11168
5040	5049	5054	5055	5058	5064	5069	5163	11169
5042	5048	5054	5056	5058	5061	5081	5149	11170
5045	5052	5054	5055	5058	5061	5073	5149	11171
5041	5051	5054	5056	5058	5063	5073	5218	11172
5041	5049	5054	5055	5059	5060	5069	5149	11173
5043	5051	5054	5055	5058	5062	5090	5149	11174
5039	5049	5054	5055	5058	5061	5071	5149	11175
5044	5050	5054	5055	5058	5060	5121	5255	11176
5041	5049	5054	5055	5058	5063	5095	5149	11177
5039	5051	5054	5055	5058	5064	5106	5212	11178
5043	5050	5054	5055	5059	5061	5085	5169	11179
5039	5049	5054	5055	5058	5062	5083	5149	11180
5044	5048	5054	5055	5058	5063	5085	5201	11181
5041	5049	5054	5056	5058	5061	5075	5238	11182
5039	5046	5053	5056	5058	5064	5069	5179	11183
5040	5047	5053	5055	5058	5063	5075	5203	11184
5041	5052	5053	5056	5058	5060	5069	5172	11185
5045	5050	5054	5055	5058	5061	5069	5162	11186
5042	5049	5054	5055	5058	5060	5070	5243	11187
5040	5052	5054	5056	5058	5060	5098	5186	11188
5040	5049	5054	5055	5058	5062	5073	5183	11189
5039	5052	5054	5056	5058	5061	5073	5218	11190
5044	5046	5053	5055	5059	5065	5069	5149	11191
5042	5048	5054	5055	5059	5060	5069	5149	11192
5045	5050	5054	5056	5058	5061	5082	5149	11193
5041	5050	5054	5055	5058	5061	5073	5156	11194
5040	5052	5054	5055	5058	5061	5101	5197	11195
5044	5052	5054	5057	5058	5063	5069	5163	11196
5045	5047	5053	5055	5058	5061	5085	5220	11197
5041	5052	5053	5055	5058	5060	5085	5230	11198
5039	5052	5054	5055	5059	5062	5069	5180	11199
5044	5049	5054	5057	5058	5064	5075	5149	11200
5039	5052	5054	5055	5058	5061	5086	5211	11201
5039	5052	5054	5056	5058	5061	5082	5149	11202
5041	5048	5054	5057	5058	5064	5069	5179	11203
5041	5048	5054	5056	5059	5063	5069	5149	11204
5043	5047	5053	5055	5058	5061	5105	5330	11205
5039	5046	5053	5055	5058	5062	5090	5149	11206
5041	5046	5053	5055	5058	5061	5102	5239	11207
5043	5048	5054	5055	5058	5060	5110	5149	11208
5044	5052	5054	5055	5058	5061	5126	5346	11209
5041	5051	5054	5056	5058	5061	5075	5238	11210
5042	5050	5054	5055	5058	5060	5085	5230	11211
5043	5047	5053	5055	5058	5062	5118	5149	11212
5044	5046	5053	5055	5058	5060	5069	5248	11213
5044	5049	5054	5057	5058	5061	5087	5191	11214
5040	5048	5054	5055	5058	5060	5103	5149	11215
5044	5047	5053	5056	5058	5065	5073	5218	11216
5041	5052	5053	5055	5058	5062	5069	5162	11217
5043	5052	5054	5055	5058	5061	5069	5180	11218
5043	5050	5054	5055	5058	5064	5110	5149	11219
5044	5050	5054	5055	5059	5060	5087	5222	11220
5044	5050	5054	5055	5058	5063	5073	5149	11221
5039	5049	5054	5055	5058	5061	5086	5310	11222
5044	5050	5054	5055	5058	5062	5110	5149	11223
5042	5049	5054	5055	5058	5061	5085	5201	11224
5044	5047	5053	5055	5058	5060	5116	5234	11225
5039	5052	5054	5055	5058	5060	5069	5248	11226
5043	5048	5054	5055	5058	5061	5070	5166	11227
5039	5049	5054	5055	5058	5062	5110	5149	11228
5039	5046	5053	5056	5058	5063	5073	5156	11229
5042	5050	5054	5056	5058	5060	5075	5159	11230
5040	5051	5054	5055	5058	5061	5069	5287	11231
5039	5048	5054	5055	5058	5061	5078	5149	11232
5040	5052	5054	5055	5058	5063	5073	5156	11233
5040	5047	5053	5055	5058	5061	5069	5342	11234
5044	5048	5054	5055	5058	5061	5085	5230	11235
5044	5049	5054	5055	5058	5063	5069	5149	11236
5043	5050	5054	5055	5058	5061	5069	5240	11237
5040	5050	5054	5056	5058	5064	5070	5150	11238
5040	5050	5054	5055	5058	5061	5073	5157	11239
5039	5049	5054	5055	5058	5061	5069	5248	11240
5044	5052	5054	5055	5058	5062	5075	5223	11241
5039	5052	5054	5055	5058	5064	5106	5212	11242
5040	5051	5054	5055	5059	5064	5073	5149	11243
5044	5047	5053	5056	5058	5062	5075	5149	11244
5041	5051	5054	5055	5058	5060	5076	5205	11245
5042	5050	5054	5055	5058	5061	5080	5149	11246
5040	5046	5053	5055	5059	5060	5069	5180	11247
5042	5047	5053	5055	5058	5063	5070	5243	11248
5043	5050	5054	5055	5058	5061	5101	5197	11249
5039	5051	5054	5055	5058	5060	5075	5167	11250
5043	5049	5054	5056	5058	5065	5092	5149	11251
5039	5051	5054	5055	5058	5060	5075	5149	11252
5044	5050	5054	5057	5058	5060	5070	5154	11253
5042	5052	5053	5055	5058	5060	5080	5149	11254
5043	5048	5054	5055	5059	5065	5075	5159	11255
5039	5052	5054	5057	5058	5061	5106	5212	11256
5040	5050	5054	5055	5058	5061	5106	5212	11257
5043	5047	5053	5055	5059	5063	5073	5156	11258
5044	5047	5053	5055	5058	5062	5107	5213	11259
5041	5050	5054	5056	5058	5061	5069	5151	11260
5040	5048	5054	5056	5058	5062	5073	5249	11261
5044	5050	5054	5055	5058	5061	5125	5149	11262
5042	5050	5054	5055	5058	5061	5077	5195	11263
5040	5051	5054	5055	5058	5060	5069	5252	11264
5044	5048	5054	5055	5058	5061	5069	5207	11265
5042	5048	5054	5055	5058	5062	5076	5205	11266
5040	5048	5054	5057	5058	5061	5088	5149	11267
5039	5048	5054	5055	5058	5064	5078	5149	11268
5041	5050	5054	5055	5058	5061	5078	5149	11269
5043	5049	5054	5056	5059	5061	5070	5150	11270
5039	5052	5054	5055	5058	5060	5086	5211	11271
5043	5049	5054	5055	5058	5065	5074	5149	11272
5042	5050	5054	5057	5058	5062	5071	5152	11273
5042	5052	5053	5056	5058	5061	5075	5238	11274
5045	5050	5054	5056	5058	5061	5098	5186	11275
5041	5051	5054	5055	5058	5061	5075	5203	11276
5041	5052	5053	5055	5058	5062	5069	5172	11277
5039	5052	5054	5055	5058	5063	5069	5257	11278
5044	5051	5054	5055	5058	5062	5069	5207	11279
5040	5050	5054	5056	5058	5060	5073	5149	11280
5040	5049	5054	5055	5058	5060	5070	5149	11281
5045	5051	5054	5055	5058	5061	5085	5220	11282
5043	5050	5054	5055	5058	5063	5073	5218	11283
5043	5051	5054	5055	5059	5061	5112	5225	11284
5041	5052	5053	5056	5058	5061	5092	5149	11285
5045	5052	5054	5057	5058	5063	5073	5175	11286
5039	5049	5054	5056	5058	5061	5088	5149	11287
5043	5048	5054	5057	5058	5061	5086	5216	11288
5040	5052	5054	5055	5058	5064	5075	5149	11289
5045	5052	5054	5056	5058	5061	5099	5188	11290
5041	5050	5054	5055	5058	5064	5110	5149	11291
5045	5051	5054	5056	5058	5060	5075	5245	11292
5043	5052	5054	5055	5058	5060	5078	5165	11293
5041	5049	5054	5055	5058	5063	5087	5237	11294
5041	5052	5053	5056	5059	5061	5069	5149	11295
5041	5046	5053	5055	5058	5061	5135	5149	11296
5039	5048	5054	5055	5058	5061	5073	5149	11297
5040	5049	5054	5057	5058	5062	5069	5235	11298
5042	5052	5053	5055	5058	5061	5105	5330	11299
5039	5049	5054	5055	5058	5061	5083	5149	11300
5044	5049	5054	5055	5058	5063	5084	5160	11301
5041	5046	5053	5056	5059	5061	5069	5235	11302
5041	5049	5054	5055	5058	5062	5075	5159	11303
5045	5051	5054	5055	5058	5061	5069	5278	11304
5044	5048	5054	5055	5058	5064	5075	5149	11305
5040	5052	5054	5055	5058	5061	5108	5214	11306
5043	5047	5053	5055	5058	5061	5072	5244	11307
5040	5048	5054	5055	5058	5063	5085	5307	11308
5041	5050	5054	5056	5058	5060	5079	5176	11309
5039	5050	5054	5057	5058	5063	5070	5149	11310
5041	5050	5054	5055	5058	5062	5078	5149	11311
5039	5049	5054	5055	5058	5063	5069	5182	11312
5044	5050	5054	5055	5058	5060	5114	5149	11313
5039	5052	5054	5055	5058	5062	5070	5149	11314
5040	5046	5053	5055	5058	5062	5075	5203	11315
5044	5047	5053	5055	5058	5060	5085	5273	11316
5039	5046	5053	5055	5058	5062	5121	5255	11317
5041	5051	5054	5055	5058	5061	5099	5196	11318
5043	5052	5054	5056	5058	5061	5116	5234	11319
5041	5047	5053	5055	5058	5062	5069	5252	11320
5041	5047	5053	5055	5058	5061	5072	5264	11321
5045	5048	5054	5055	5058	5066	5095	5149	11322
5042	5051	5054	5055	5058	5061	5092	5149	11323
5041	5049	5054	5055	5059	5061	5070	5150	11324
5039	5050	5054	5056	5059	5060	5070	5154	11325
5041	5046	5053	5056	5058	5063	5071	5152	11326
5039	5049	5054	5057	5058	5062	5069	5179	11327
5045	5050	5054	5055	5058	5063	5069	5240	11328
5040	5051	5054	5055	5058	5060	5073	5218	11329
5040	5046	5053	5055	5058	5061	5105	5149	11330
5040	5049	5054	5057	5058	5061	5088	5149	11331
5039	5052	5054	5056	5058	5063	5073	5183	11332
5041	5047	5053	5055	5058	5060	5069	5182	11333
5045	5051	5054	5055	5058	5061	5085	5230	11334
5041	5051	5054	5056	5058	5060	5073	5183	11335
5044	5047	5053	5055	5059	5060	5097	5221	11336
5044	5046	5053	5056	5058	5061	5098	5186	11337
5045	5051	5054	5056	5058	5060	5087	5149	11338
5039	5046	5053	5055	5058	5063	5069	5151	11339
5041	5046	5053	5055	5058	5060	5089	5149	11340
5044	5048	5054	5055	5058	5060	5069	5209	11341
5039	5047	5053	5057	5058	5060	5080	5149	11342
5045	5049	5054	5055	5058	5061	5110	5149	11343
5045	5049	5054	5057	5058	5063	5070	5149	11344
5040	5048	5054	5055	5059	5060	5069	5358	11345
5042	5052	5053	5055	5058	5062	5070	5150	11346
5041	5051	5054	5056	5058	5061	5087	5149	11347
5039	5052	5054	5057	5058	5061	5086	5216	11348
5041	5046	5053	5055	5058	5062	5073	5175	11349
5039	5047	5053	5055	5058	5060	5080	5174	11350
5044	5049	5054	5055	5058	5061	5093	5177	11351
5042	5049	5054	5055	5058	5062	5069	5151	11352
5043	5050	5054	5055	5058	5060	5097	5221	11353
5039	5046	5053	5056	5058	5064	5069	5172	11354
5043	5051	5054	5055	5058	5061	5075	5167	11355
5043	5046	5053	5056	5059	5060	5069	5149	11356
5039	5051	5054	5055	5058	5061	5089	5149	11357
5044	5046	5053	5056	5058	5061	5073	5183	11358
5045	5052	5054	5055	5059	5061	5069	5180	11359
5039	5048	5054	5055	5058	5061	5128	5292	11360
5041	5049	5054	5055	5058	5063	5121	5255	11361
5041	5051	5054	5055	5058	5061	5130	5296	11362
5041	5049	5054	5055	5058	5061	5069	5227	11363
5041	5052	5053	5055	5058	5062	5087	5191	11364
5043	5046	5053	5055	5059	5060	5069	5179	11365
5041	5049	5054	5056	5058	5061	5088	5149	11366
5042	5046	5053	5055	5058	5060	5075	5199	11367
5043	5046	5053	5055	5058	5062	5069	5172	11368
5040	5047	5053	5056	5058	5060	5081	5149	11369
5044	5047	5053	5055	5058	5060	5069	5172	11370
5044	5049	5054	5057	5058	5065	5069	5149	11371
5043	5047	5053	5056	5058	5060	5113	5229	11372
5042	5052	5053	5056	5058	5061	5073	5175	11373
5039	5051	5054	5056	5058	5061	5080	5174	11374
5039	5048	5054	5056	5058	5060	5087	5200	11375
5043	5046	5053	5055	5058	5060	5075	5290	11376
5040	5052	5054	5055	5058	5061	5069	5163	11377
5045	5046	5053	5055	5058	5061	5081	5210	11378
5039	5052	5054	5056	5058	5060	5075	5149	11379
5040	5048	5054	5055	5058	5061	5105	5149	11380
5039	5046	5053	5056	5058	5062	5069	5172	11381
5040	5046	5053	5055	5058	5060	5072	5264	11382
5045	5052	5054	5055	5058	5060	5070	5166	11383
5040	5051	5054	5055	5059	5061	5079	5149	11384
5041	5049	5054	5055	5058	5060	5070	5164	11385
5043	5046	5053	5055	5058	5065	5112	5225	11386
5042	5051	5054	5055	5058	5064	5075	5238	11387
5039	5046	5053	5057	5058	5061	5088	5149	11388
5039	5046	5053	5057	5058	5060	5070	5150	11389
5045	5048	5054	5055	5058	5061	5075	5167	11390
5040	5052	5054	5056	5058	5061	5073	5149	11391
5043	5049	5054	5056	5058	5061	5070	5164	11392
5043	5047	5053	5056	5058	5063	5069	5151	11393
5041	5049	5054	5056	5058	5062	5099	5188	11394
5040	5049	5054	5055	5058	5061	5109	5149	11395
5039	5048	5054	5055	5058	5060	5089	5170	11396
5043	5049	5054	5055	5058	5066	5073	5149	11397
5044	5052	5054	5057	5058	5065	5073	5175	11398
5040	5047	5053	5056	5059	5064	5073	5156	11399
5043	5052	5054	5056	5058	5065	5071	5152	11400
5045	5052	5054	5056	5058	5061	5087	5259	11401
5041	5050	5054	5055	5059	5060	5085	5169	11402
5041	5050	5054	5057	5058	5060	5070	5154	11403
5041	5052	5053	5055	5058	5063	5070	5243	11404
5040	5051	5054	5055	5058	5060	5075	5223	11405
5043	5047	5053	5056	5058	5064	5073	5149	11406
5041	5046	5053	5056	5058	5062	5079	5176	11407
5041	5047	5053	5055	5059	5062	5073	5156	11408
5041	5049	5054	5055	5058	5062	5070	5164	11409
5043	5049	5054	5055	5059	5068	5073	5156	11410
5041	5050	5054	5056	5059	5066	5075	5149	11411
5045	5046	5053	5055	5058	5061	5080	5174	11412
5039	5048	5054	5055	5058	5061	5069	5162	11413
5042	5049	5054	5056	5058	5061	5075	5203	11414
5044	5052	5054	5055	5059	5060	5087	5149	11415
5040	5048	5054	5055	5059	5061	5069	5235	11416
5045	5047	5053	5055	5058	5061	5104	5204	11417
5041	5051	5054	5055	5059	5060	5087	5222	11418
5045	5051	5054	5055	5058	5060	5093	5177	11419
5041	5049	5054	5056	5058	5064	5069	5172	11420
5040	5051	5054	5055	5058	5061	5086	5216	11421
5043	5052	5054	5055	5058	5061	5127	5381	11422
5042	5052	5053	5056	5058	5061	5088	5149	11423
5043	5047	5053	5055	5058	5064	5073	5157	11424
5045	5052	5054	5057	5058	5060	5069	5235	11425
5040	5052	5054	5056	5058	5060	5070	5149	11426
5039	5051	5054	5055	5058	5065	5073	5157	11427
5039	5047	5053	5055	5058	5062	5075	5223	11428
5043	5048	5054	5056	5058	5064	5121	5255	11429
5043	5046	5053	5055	5058	5063	5073	5149	11430
5045	5050	5054	5057	5058	5061	5069	5162	11431
5039	5050	5054	5055	5058	5065	5093	5177	11432
5043	5046	5053	5056	5058	5060	5099	5196	11433
5041	5050	5054	5057	5058	5061	5087	5191	11434
5042	5047	5053	5055	5058	5060	5070	5173	11435
5042	5052	5053	5055	5058	5061	5073	5183	11436
5039	5051	5054	5055	5058	5061	5087	5191	11437
5039	5046	5053	5056	5058	5061	5069	5151	11438
5039	5049	5054	5055	5058	5062	5116	5234	11439
5043	5048	5054	5056	5058	5061	5091	5171	11440
5043	5050	5054	5056	5058	5064	5099	5188	11441
5041	5052	5053	5055	5058	5062	5080	5174	11442
5041	5049	5054	5056	5058	5062	5069	5172	11443
5043	5048	5054	5056	5058	5065	5095	5149	11444
5044	5048	5054	5055	5059	5061	5097	5184	11445
5045	5051	5054	5055	5058	5060	5087	5200	11446
5041	5051	5054	5055	5058	5061	5087	5149	11447
5042	5052	5053	5055	5059	5061	5075	5159	11448
5040	5051	5054	5055	5058	5061	5069	5158	11449
5044	5048	5054	5056	5058	5060	5070	5164	11450
5040	5046	5053	5055	5058	5065	5095	5149	11451
5040	5050	5054	5055	5058	5065	5070	5149	11452
5039	5050	5054	5055	5058	5061	5088	5149	11453
5042	5047	5053	5055	5058	5061	5069	5158	11454
5045	5052	5054	5056	5058	5061	5106	5212	11455
5042	5050	5054	5055	5058	5061	5075	5238	11456
5043	5052	5054	5055	5058	5061	5069	5227	11457
5042	5048	5054	5057	5059	5061	5075	5159	11458
5040	5052	5054	5056	5058	5061	5075	5159	11459
5042	5048	5054	5055	5058	5060	5076	5205	11460
5043	5049	5054	5056	5058	5065	5071	5152	11461
5043	5046	5053	5055	5058	5061	5069	5151	11462
5040	5051	5054	5055	5058	5061	5070	5154	11463
5040	5052	5054	5057	5058	5063	5069	5179	11464
5041	5049	5054	5055	5058	5061	5099	5215	11465
5040	5051	5054	5055	5058	5061	5073	5175	11466
5041	5052	5053	5055	5059	5060	5069	5180	11467
5044	5046	5053	5055	5058	5063	5075	5149	11468
5042	5051	5054	5055	5058	5061	5085	5230	11469
5040	5046	5053	5056	5058	5060	5113	5229	11470
5040	5051	5054	5056	5058	5067	5069	5149	11471
5045	5052	5054	5055	5058	5061	5079	5176	11472
5044	5050	5054	5055	5058	5061	5069	5193	11473
5043	5046	5053	5055	5058	5060	5099	5196	11474
5044	5051	5054	5055	5058	5060	5070	5150	11475
5042	5050	5054	5057	5058	5065	5087	5191	11476
5041	5050	5054	5056	5058	5060	5073	5149	11477
5039	5049	5054	5055	5058	5060	5085	5169	11478
5043	5047	5053	5055	5058	5060	5124	5275	11479
5039	5050	5054	5055	5058	5062	5069	5151	11480
5042	5046	5053	5055	5058	5064	5069	5158	11481
5043	5046	5053	5056	5058	5060	5087	5267	11482
5042	5047	5053	5055	5058	5061	5126	5346	11483
5043	5047	5053	5055	5058	5061	5101	5197	11484
5039	5049	5054	5055	5059	5063	5069	5149	11485
5045	5048	5054	5055	5058	5060	5069	5180	11486
5044	5052	5054	5055	5058	5061	5073	5156	11487
5042	5050	5054	5055	5058	5060	5069	5151	11488
5044	5052	5054	5057	5058	5065	5071	5152	11489
5040	5047	5053	5055	5059	5060	5070	5149	11490
5045	5047	5053	5055	5059	5060	5069	5149	11491
5045	5048	5054	5055	5058	5060	5075	5149	11492
5045	5049	5054	5056	5058	5064	5113	5229	11493
5040	5048	5054	5055	5058	5061	5084	5160	11494
5039	5048	5054	5056	5058	5061	5069	5258	11495
5044	5050	5054	5057	5058	5061	5080	5174	11496
5044	5052	5054	5055	5058	5060	5113	5229	11497
5045	5050	5054	5056	5059	5061	5069	5149	11498
5039	5047	5053	5055	5059	5061	5070	5149	11499
5040	5051	5054	5055	5058	5062	5093	5177	11500
5042	5048	5054	5056	5058	5060	5070	5154	11501
5041	5049	5054	5057	5058	5063	5069	5162	11502
5045	5047	5053	5055	5058	5064	5104	5204	11503
5039	5047	5053	5056	5058	5060	5121	5255	11504
5042	5050	5054	5056	5058	5062	5079	5176	11505
5039	5052	5054	5056	5058	5061	5069	5180	11506
5042	5048	5054	5055	5058	5060	5070	5315	11507
5044	5047	5053	5055	5058	5060	5069	5151	11508
5043	5052	5054	5055	5059	5064	5069	5149	11509
5045	5048	5054	5056	5058	5061	5073	5157	11510
5043	5048	5054	5055	5058	5060	5076	5149	11511
5041	5049	5054	5056	5058	5061	5092	5149	11512
5040	5048	5054	5056	5058	5060	5070	5149	11513
5041	5050	5054	5056	5059	5063	5075	5149	11514
5041	5048	5054	5056	5058	5061	5069	5172	11515
5039	5046	5053	5056	5058	5063	5073	5175	11516
5040	5051	5054	5055	5058	5061	5084	5232	11517
5043	5047	5053	5055	5058	5063	5077	5195	11518
5040	5051	5054	5055	5059	5061	5085	5323	11519
5041	5051	5054	5055	5059	5063	5069	5149	11520
5044	5047	5053	5056	5058	5061	5069	5321	11521
5042	5048	5054	5056	5058	5061	5073	5218	11522
5039	5052	5054	5057	5058	5063	5069	5163	11523
5043	5047	5053	5055	5058	5061	5075	5167	11524
5044	5050	5054	5055	5058	5062	5073	5156	11525
5043	5046	5053	5055	5058	5060	5077	5256	11526
5042	5048	5054	5057	5058	5060	5098	5186	11527
5045	5049	5054	5055	5058	5061	5072	5244	11528
5044	5051	5054	5055	5058	5061	5116	5234	11529
5043	5046	5053	5055	5059	5062	5069	5149	11530
5041	5047	5053	5055	5059	5061	5108	5214	11531
5043	5049	5054	5056	5058	5062	5075	5149	11532
5040	5047	5053	5056	5058	5060	5070	5154	11533
5040	5049	5054	5055	5058	5061	5069	5240	11534
5040	5048	5054	5057	5058	5060	5078	5165	11535
5043	5048	5054	5057	5058	5061	5070	5150	11536
5043	5047	5053	5055	5058	5060	5073	5183	11537
5041	5046	5053	5055	5058	5061	5104	5204	11538
5044	5052	5054	5055	5058	5062	5069	5172	11539
5044	5052	5054	5055	5058	5060	5073	5161	11540
5040	5046	5053	5057	5058	5060	5069	5162	11541
5040	5047	5053	5056	5058	5062	5073	5218	11542
5045	5051	5054	5055	5058	5061	5093	5177	11543
5040	5049	5054	5055	5059	5060	5078	5165	11544
5044	5046	5053	5057	5058	5061	5121	5255	11545
5041	5050	5054	5056	5058	5060	5123	5277	11546
5041	5048	5054	5055	5059	5063	5085	5169	11547
5043	5047	5053	5055	5058	5063	5069	5240	11548
5045	5051	5054	5055	5058	5063	5069	5149	11549
5044	5052	5054	5056	5058	5061	5073	5156	11550
5043	5046	5053	5056	5058	5060	5087	5149	11551
5039	5052	5054	5056	5058	5065	5087	5149	11552
5042	5046	5053	5056	5058	5061	5086	5149	11553
5043	5047	5053	5055	5058	5063	5072	5244	11554
5039	5046	5053	5055	5058	5060	5118	5149	11555
5042	5052	5053	5057	5058	5060	5071	5152	11556
5044	5046	5053	5055	5058	5060	5072	5264	11557
5040	5049	5054	5056	5058	5061	5069	5240	11558
5039	5052	5054	5056	5058	5060	5142	5149	11559
5040	5046	5053	5056	5059	5061	5073	5156	11560
5042	5046	5053	5055	5058	5062	5075	5159	11561
5042	5051	5054	5056	5058	5060	5075	5149	11562
5040	5049	5054	5055	5058	5063	5069	5179	11563
5043	5050	5054	5055	5058	5064	5093	5177	11564
5043	5047	5053	5055	5059	5061	5070	5150	11565
5039	5049	5054	5055	5059	5062	5069	5151	11566
5044	5046	5053	5055	5058	5063	5073	5149	11567
5039	5046	5053	5056	5058	5060	5075	5149	11568
5042	5047	5053	5055	5058	5061	5091	5171	11569
5041	5046	5053	5056	5058	5063	5069	5151	11570
5044	5046	5053	5055	5058	5061	5106	5212	11571
5041	5046	5053	5055	5058	5064	5104	5204	11572
5039	5051	5054	5057	5058	5060	5070	5150	11573
5041	5049	5054	5055	5058	5061	5084	5160	11574
5039	5048	5054	5056	5058	5060	5087	5149	11575
5044	5052	5054	5056	5058	5063	5073	5175	11576
5044	5048	5054	5055	5058	5061	5077	5195	11577
5042	5048	5054	5057	5058	5061	5070	5154	11578
5041	5049	5054	5055	5058	5061	5140	5149	11579
5039	5052	5054	5056	5059	5061	5070	5150	11580
5045	5047	5053	5057	5058	5061	5073	5175	11581
5040	5052	5054	5055	5059	5064	5076	5149	11582
5040	5050	5054	5057	5058	5063	5069	5149	11583
5045	5049	5054	5056	5058	5061	5073	5149	11584
5040	5050	5054	5055	5058	5061	5144	5149	11585
5041	5051	5054	5055	5058	5060	5069	5180	11586
5041	5052	5053	5055	5058	5061	5069	5266	11587
5041	5051	5054	5056	5059	5061	5070	5149	11588
5044	5046	5053	5056	5058	5061	5073	5249	11589
5043	5049	5054	5056	5058	5061	5081	5210	11590
5040	5047	5053	5055	5058	5061	5073	5249	11591
5045	5052	5054	5057	5058	5062	5070	5150	11592
5042	5051	5054	5055	5058	5063	5069	5185	11593
5042	5048	5054	5056	5058	5061	5121	5255	11594
5040	5050	5054	5055	5058	5063	5072	5153	11595
5044	5052	5054	5055	5058	5061	5106	5212	11596
5042	5052	5053	5055	5058	5061	5097	5221	11597
5042	5051	5054	5056	5058	5060	5087	5222	11598
5042	5046	5053	5056	5059	5064	5088	5190	11599
5042	5048	5054	5055	5058	5061	5103	5149	11600
5039	5047	5053	5057	5058	5061	5069	5149	11601
5043	5051	5054	5056	5058	5060	5099	5196	11602
5039	5047	5053	5055	5058	5060	5116	5234	11603
5045	5052	5054	5057	5058	5064	5069	5162	11604
5043	5046	5053	5055	5058	5061	5087	5149	11605
5041	5048	5054	5055	5059	5060	5115	5233	11606
5045	5051	5054	5055	5058	5063	5070	5149	11607
5040	5052	5054	5055	5058	5061	5076	5205	11608
5043	5052	5054	5057	5058	5062	5087	5191	11609
5043	5048	5054	5056	5058	5065	5073	5249	11610
5044	5052	5054	5056	5058	5061	5069	5258	11611
5043	5050	5054	5055	5058	5064	5073	5149	11612
5042	5052	5053	5055	5059	5060	5078	5165	11613
5041	5046	5053	5056	5058	5064	5088	5190	11614
5042	5046	5053	5055	5058	5062	5069	5252	11615
5044	5052	5054	5056	5058	5060	5073	5249	11616
5040	5047	5053	5056	5058	5062	5090	5149	11617
5041	5050	5054	5055	5058	5061	5130	5296	11618
5041	5052	5053	5055	5058	5062	5092	5149	11619
5042	5049	5054	5055	5058	5065	5112	5225	11620
5039	5051	5054	5056	5058	5064	5075	5149	11621
5045	5048	5054	5056	5058	5060	5090	5149	11622
5039	5046	5053	5056	5059	5062	5088	5190	11623
5039	5047	5053	5055	5058	5065	5106	5212	11624
5040	5050	5054	5057	5058	5062	5070	5149	11625
5042	5052	5053	5056	5058	5061	5069	5180	11626
5045	5050	5054	5055	5058	5063	5077	5195	11627
5041	5051	5054	5055	5058	5063	5087	5191	11628
5044	5047	5053	5055	5058	5064	5073	5183	11629
5043	5047	5053	5056	5058	5060	5086	5149	11630
5045	5050	5054	5056	5058	5063	5069	5163	11631
5040	5052	5054	5055	5058	5062	5069	5235	11632
5040	5047	5053	5056	5058	5063	5085	5307	11633
5042	5051	5054	5055	5058	5063	5069	5149	11634
5044	5050	5054	5055	5058	5062	5070	5149	11635
5044	5052	5054	5056	5058	5061	5075	5167	11636
5043	5049	5054	5055	5058	5064	5075	5199	11637
5044	5051	5054	5055	5058	5061	5079	5176	11638
5044	5048	5054	5056	5058	5061	5075	5149	11639
5040	5047	5053	5055	5059	5061	5069	5185	11640
5042	5052	5053	5055	5058	5061	5080	5149	11641
5042	5052	5053	5056	5058	5061	5069	5149	11642
5041	5050	5054	5055	5058	5063	5084	5160	11643
5041	5047	5053	5055	5058	5060	5123	5277	11644
5039	5051	5054	5055	5059	5060	5069	5149	11645
5042	5052	5053	5057	5058	5061	5086	5216	11646
5041	5048	5054	5056	5058	5064	5099	5188	11647
5039	5048	5054	5056	5058	5060	5115	5233	11648
5044	5049	5054	5057	5058	5061	5086	5216	11649
5039	5046	5053	5056	5058	5065	5095	5149	11650
5043	5048	5054	5056	5058	5060	5087	5200	11651
5045	5046	5053	5056	5058	5061	5080	5174	11652
5039	5050	5054	5055	5058	5060	5069	5209	11653
5042	5052	5053	5055	5058	5060	5088	5270	11654
5039	5050	5054	5057	5058	5063	5069	5240	11655
5044	5051	5054	5055	5059	5060	5085	5230	11656
5041	5049	5054	5057	5058	5061	5069	5179	11657
5040	5049	5054	5055	5058	5061	5082	5149	11658
5044	5047	5053	5055	5058	5061	5090	5149	11659
5041	5046	5053	5055	5058	5061	5069	5172	11660
5042	5051	5054	5057	5058	5060	5070	5154	11661
5040	5046	5053	5055	5059	5061	5093	5177	11662
5039	5048	5054	5055	5058	5061	5073	5249	11663
5039	5046	5053	5055	5058	5065	5075	5159	11664
5043	5047	5053	5055	5058	5061	5075	5203	11665
5039	5046	5053	5056	5059	5061	5073	5156	11666
5041	5048	5054	5055	5058	5061	5078	5149	11667
5045	5050	5054	5055	5058	5060	5103	5149	11668
5039	5052	5054	5055	5058	5063	5085	5201	11669
5044	5050	5054	5057	5059	5061	5075	5159	11670
5040	5049	5054	5055	5058	5061	5083	5149	11671
5041	5047	5053	5055	5058	5063	5112	5225	11672
5043	5052	5054	5055	5059	5061	5081	5210	11673
5041	5049	5054	5055	5058	5060	5087	5200	11674
5040	5051	5054	5055	5058	5060	5072	5153	11675
5039	5048	5054	5055	5058	5064	5069	5162	11676
5042	5046	5053	5055	5058	5062	5093	5177	11677
5045	5048	5054	5055	5058	5060	5110	5149	11678
5041	5047	5053	5055	5058	5060	5087	5222	11679
5039	5048	5054	5057	5058	5062	5070	5150	11680
5040	5051	5054	5055	5058	5065	5070	5149	11681
5043	5052	5054	5056	5058	5062	5079	5176	11682
5040	5047	5053	5056	5058	5061	5069	5209	11683
5042	5046	5053	5057	5058	5062	5069	5179	11684
5040	5046	5053	5057	5059	5061	5069	5162	11685
5042	5048	5054	5055	5058	5061	5108	5214	11686
5041	5046	5053	5055	5058	5060	5088	5302	11687
5044	5051	5054	5055	5058	5065	5078	5149	11688
5043	5050	5054	5055	5058	5061	5070	5166	11689
5041	5051	5054	5055	5058	5062	5077	5256	11690
5045	5049	5054	5057	5058	5060	5070	5149	11691
5042	5052	5053	5055	5058	5065	5112	5225	11692
5040	5048	5054	5055	5058	5060	5080	5149	11693
5044	5051	5054	5055	5058	5064	5072	5149	11694
5044	5046	5053	5055	5058	5061	5133	5149	11695
5044	5049	5054	5055	5058	5062	5072	5244	11696
5042	5046	5053	5055	5058	5061	5087	5191	11697
5045	5049	5054	5055	5058	5060	5069	5162	11698
5040	5048	5054	5055	5058	5062	5085	5202	11699
5044	5051	5054	5057	5058	5061	5070	5154	11700
5044	5048	5054	5055	5059	5061	5077	5155	11701
5044	5047	5053	5055	5058	5060	5121	5149	11702
5043	5049	5054	5056	5059	5060	5075	5290	11703
5040	5051	5054	5055	5058	5061	5069	5182	11704
5039	5052	5054	5055	5058	5062	5118	5149	11705
5039	5050	5054	5056	5058	5060	5099	5188	11706
5043	5046	5053	5056	5058	5065	5073	5249	11707
5043	5046	5053	5056	5058	5061	5086	5216	11708
5041	5050	5054	5055	5058	5060	5085	5201	11709
5044	5049	5054	5055	5058	5064	5113	5149	11710
5039	5048	5054	5057	5058	5061	5078	5165	11711
5042	5050	5054	5055	5059	5060	5088	5149	11712
5045	5052	5054	5055	5058	5063	5095	5149	11713
5044	5052	5054	5055	5058	5062	5069	5158	11714
5040	5051	5054	5055	5059	5063	5079	5149	11715
5041	5050	5054	5055	5058	5061	5102	5239	11716
5041	5050	5054	5055	5058	5061	5083	5149	11717
5044	5052	5054	5055	5058	5060	5069	5172	11718
5043	5046	5053	5055	5058	5061	5108	5214	11719
5041	5046	5053	5055	5058	5060	5075	5238	11720
5043	5050	5054	5055	5058	5060	5070	5166	11721
5042	5052	5053	5056	5058	5062	5069	5151	11722
5042	5046	5053	5055	5059	5061	5069	5149	11723
5041	5052	5053	5055	5059	5060	5096	5181	11724
5039	5050	5054	5056	5058	5061	5086	5216	11725
5040	5046	5053	5056	5058	5061	5073	5249	11726
5043	5048	5054	5055	5058	5060	5069	5162	11727
5040	5049	5054	5057	5058	5060	5115	5233	11728
5039	5048	5054	5056	5058	5061	5079	5176	11729
5043	5049	5054	5055	5058	5066	5069	5149	11730
5040	5048	5054	5055	5058	5062	5106	5212	11731
5040	5052	5054	5055	5058	5061	5081	5210	11732
5041	5049	5054	5055	5059	5061	5073	5156	11733
5041	5051	5054	5055	5058	5062	5085	5220	11734
5040	5050	5054	5055	5058	5061	5075	5208	11735
5040	5051	5054	5055	5058	5064	5069	5179	11736
5041	5052	5053	5055	5058	5063	5072	5153	11737
5039	5047	5053	5055	5058	5060	5069	5342	11738
5044	5049	5054	5055	5058	5064	5075	5149	11739
5041	5049	5054	5056	5058	5064	5073	5183	11740
5041	5052	5053	5055	5058	5064	5099	5196	11741
5039	5050	5054	5055	5058	5061	5083	5149	11742
5039	5052	5054	5055	5058	5060	5075	5238	11743
5041	5047	5053	5056	5058	5064	5099	5188	11744
5043	5048	5054	5056	5058	5060	5075	5149	11745
5041	5046	5053	5055	5058	5060	5075	5223	11746
5043	5046	5053	5057	5058	5061	5073	5175	11747
5044	5047	5053	5055	5058	5063	5081	5149	11748
5041	5052	5053	5055	5058	5061	5069	5252	11749
5039	5050	5054	5055	5058	5060	5073	5157	11750
5044	5049	5054	5057	5058	5061	5073	5183	11751
5043	5049	5054	5056	5058	5061	5098	5186	11752
5041	5048	5054	5055	5058	5062	5069	5162	11753
5040	5051	5054	5055	5059	5062	5075	5279	11754
5043	5049	5054	5056	5058	5064	5069	5235	11755
5039	5052	5054	5055	5059	5060	5092	5224	11756
5040	5049	5054	5056	5058	5062	5079	5176	11757
5039	5046	5053	5056	5059	5061	5088	5190	11758
5041	5052	5053	5055	5058	5063	5087	5237	11759
5041	5051	5054	5055	5059	5060	5087	5237	11760
5039	5052	5054	5055	5058	5060	5080	5174	11761
5040	5047	5053	5055	5058	5061	5121	5260	11762
5042	5050	5054	5055	5058	5060	5087	5259	11763
5041	5052	5053	5055	5058	5063	5095	5149	11764
5045	5050	5054	5055	5058	5060	5085	5220	11765
5044	5049	5054	5055	5059	5060	5075	5159	11766
5039	5046	5053	5055	5058	5062	5110	5149	11767
5043	5051	5054	5055	5058	5060	5070	5150	11768
5039	5049	5054	5055	5058	5061	5085	5202	11769
5041	5048	5054	5055	5058	5060	5113	5229	11770
5039	5050	5054	5055	5058	5062	5069	5163	11771
5041	5046	5053	5055	5058	5062	5077	5256	11772
5040	5049	5054	5055	5058	5061	5081	5149	11773
5044	5047	5053	5055	5058	5061	5076	5149	11774
5044	5046	5053	5056	5058	5064	5069	5172	11775
5044	5049	5054	5056	5058	5061	5069	5240	11776
5039	5049	5054	5057	5058	5064	5082	5149	11777
5040	5047	5053	5056	5058	5062	5069	5151	11778
5040	5048	5054	5056	5058	5061	5070	5149	11779
5039	5051	5054	5055	5058	5060	5090	5149	11780
5045	5049	5054	5056	5058	5060	5102	5149	11781
5042	5052	5053	5055	5058	5060	5094	5272	11782
5045	5052	5054	5056	5058	5061	5075	5203	11783
5039	5052	5054	5056	5058	5060	5075	5167	11784
5040	5052	5054	5055	5058	5060	5069	5194	11785
5044	5051	5054	5055	5058	5067	5141	5149	11786
5044	5047	5053	5055	5058	5062	5069	5180	11787
5043	5047	5053	5055	5058	5062	5112	5311	11788
5043	5048	5054	5055	5058	5062	5099	5196	11789
5044	5048	5054	5055	5058	5060	5069	5151	11790
5041	5049	5054	5056	5059	5060	5075	5159	11791
5043	5052	5054	5055	5058	5060	5069	5162	11792
5041	5048	5054	5055	5058	5061	5076	5149	11793
5039	5047	5053	5055	5058	5060	5083	5149	11794
5040	5047	5053	5055	5058	5065	5072	5309	11795
5041	5049	5054	5055	5059	5060	5086	5216	11796
5042	5049	5054	5055	5058	5062	5076	5205	11797
5040	5051	5054	5055	5059	5064	5075	5159	11798
5044	5048	5054	5055	5058	5063	5077	5195	11799
5040	5047	5053	5055	5058	5063	5087	5237	11800
5040	5052	5054	5055	5058	5062	5069	5151	11801
5045	5046	5053	5055	5058	5061	5075	5223	11802
5042	5050	5054	5055	5059	5061	5085	5230	11803
5042	5049	5054	5055	5058	5061	5069	5185	11804
5041	5047	5053	5055	5059	5064	5069	5172	11805
5043	5049	5054	5055	5059	5060	5115	5304	11806
5041	5052	5053	5057	5058	5063	5073	5183	11807
5039	5048	5054	5056	5058	5061	5075	5238	11808
5040	5050	5054	5055	5058	5061	5069	5258	11809
5039	5047	5053	5055	5058	5060	5075	5203	11810
5041	5051	5054	5055	5058	5063	5075	5203	11811
5043	5047	5053	5057	5058	5061	5069	5149	11812
5040	5047	5053	5055	5058	5063	5077	5195	11813
5045	5048	5054	5055	5059	5063	5085	5169	11814
5040	5046	5053	5056	5058	5061	5069	5187	11815
5043	5051	5054	5056	5059	5060	5070	5150	11816
5040	5050	5054	5056	5058	5061	5086	5216	11817
5041	5047	5053	5055	5059	5064	5075	5149	11818
5040	5049	5054	5055	5059	5061	5078	5165	11819
5040	5050	5054	5056	5058	5061	5088	5190	11820
5041	5046	5053	5055	5058	5062	5072	5153	11821
5042	5052	5053	5055	5058	5062	5069	5180	11822
5043	5046	5053	5056	5058	5064	5099	5188	11823
5045	5047	5053	5057	5058	5061	5075	5149	11824
5041	5052	5053	5056	5058	5060	5075	5159	11825
5039	5051	5054	5056	5059	5061	5075	5149	11826
5040	5048	5054	5055	5058	5064	5075	5245	11827
5040	5050	5054	5055	5058	5061	5103	5149	11828
5040	5047	5053	5055	5058	5064	5073	5183	11829
5042	5050	5054	5056	5059	5063	5069	5149	11830
5043	5049	5054	5056	5058	5064	5099	5188	11831
5044	5046	5053	5056	5058	5060	5098	5186	11832
5043	5052	5054	5055	5058	5060	5073	5218	11833
5040	5047	5053	5056	5058	5062	5088	5190	11834
5041	5050	5054	5056	5058	5061	5069	5306	11835
5040	5048	5054	5056	5058	5061	5080	5149	11836
5040	5049	5054	5057	5058	5060	5069	5235	11837
5044	5050	5054	5055	5058	5060	5115	5233	11838
5044	5048	5054	5056	5059	5061	5070	5150	11839
5041	5049	5054	5056	5059	5061	5086	5216	11840
5039	5051	5054	5056	5058	5063	5073	5218	11841
5045	5050	5054	5055	5058	5061	5089	5149	11842
5042	5051	5054	5055	5058	5064	5093	5177	11843
5045	5052	5054	5056	5058	5061	5121	5255	11844
5042	5049	5054	5056	5058	5060	5087	5149	11845
5044	5047	5053	5055	5058	5060	5069	5180	11846
5040	5048	5054	5055	5058	5060	5086	5310	11847
5043	5047	5053	5055	5058	5064	5099	5196	11848
5040	5051	5054	5055	5059	5060	5079	5149	11849
5042	5050	5054	5056	5058	5061	5086	5149	11850
5044	5046	5053	5055	5058	5062	5082	5149	11851
5043	5051	5054	5055	5058	5060	5082	5149	11852
5044	5051	5054	5055	5058	5063	5069	5252	11853
5041	5051	5054	5055	5058	5060	5087	5237	11854
5041	5047	5053	5055	5059	5063	5073	5156	11855
5041	5047	5053	5055	5058	5061	5092	5149	11856
5042	5046	5053	5056	5058	5063	5073	5175	11857
5043	5046	5053	5056	5059	5061	5088	5190	11858
5040	5046	5053	5055	5059	5061	5086	5149	11859
5044	5049	5054	5055	5058	5060	5086	5216	11860
5041	5050	5054	5055	5058	5062	5070	5149	11861
5044	5051	5054	5055	5058	5061	5073	5183	11862
5042	5052	5053	5055	5058	5060	5070	5243	11863
5041	5046	5053	5055	5059	5061	5070	5149	11864
5042	5047	5053	5055	5058	5061	5104	5204	11865
5040	5046	5053	5056	5058	5061	5080	5149	11866
5040	5048	5054	5055	5058	5061	5072	5264	11867
5040	5051	5054	5055	5059	5063	5085	5169	11868
5040	5051	5054	5055	5058	5064	5075	5167	11869
5044	5048	5054	5055	5058	5064	5112	5225	11870
5041	5047	5053	5055	5058	5064	5073	5183	11871
5042	5052	5053	5055	5059	5064	5069	5172	11872
5039	5050	5054	5055	5058	5061	5069	5172	11873
5045	5052	5054	5057	5058	5060	5070	5150	11874
5039	5048	5054	5057	5058	5061	5069	5179	11875
5041	5052	5053	5055	5058	5066	5099	5196	11876
5042	5047	5053	5055	5059	5061	5069	5149	11877
5040	5046	5053	5055	5058	5060	5076	5205	11878
5040	5052	5054	5055	5058	5060	5085	5149	11879
5044	5047	5053	5055	5058	5060	5087	5259	11880
5039	5047	5053	5056	5058	5064	5069	5235	11881
5040	5048	5054	5056	5058	5064	5099	5188	11882
5041	5047	5053	5055	5058	5060	5088	5300	11883
5040	5048	5054	5055	5059	5061	5077	5155	11884
5043	5049	5054	5056	5058	5062	5069	5258	11885
5041	5051	5054	5055	5059	5060	5070	5149	11886
5044	5046	5053	5055	5058	5061	5122	5289	11887
5042	5046	5053	5056	5058	5064	5088	5190	11888
5040	5050	5054	5056	5058	5063	5070	5149	11889
5039	5047	5053	5055	5058	5061	5069	5162	11890
5041	5049	5054	5055	5059	5061	5121	5255	11891
5045	5047	5053	5055	5058	5063	5077	5155	11892
5043	5051	5054	5055	5058	5062	5117	5236	11893
5044	5046	5053	5055	5058	5060	5069	5182	11894
5041	5050	5054	5055	5058	5061	5073	5249	11895
5042	5052	5053	5056	5058	5062	5102	5149	11896
5044	5052	5054	5056	5058	5060	5099	5188	11897
5041	5051	5054	5055	5058	5062	5070	5154	11898
5040	5048	5054	5056	5058	5060	5073	5149	11899
5042	5048	5054	5055	5058	5065	5078	5149	11900
5042	5051	5054	5055	5058	5062	5088	5149	11901
5040	5049	5054	5055	5059	5062	5108	5214	11902
5043	5050	5054	5055	5059	5060	5085	5230	11903
5044	5051	5054	5055	5058	5061	5125	5149	11904
5045	5048	5054	5055	5058	5061	5085	5230	11905
5042	5051	5054	5055	5058	5060	5073	5157	11906
5040	5048	5054	5055	5058	5060	5069	5235	11907
5040	5048	5054	5056	5058	5062	5079	5176	11908
5045	5047	5053	5055	5058	5062	5075	5223	11909
5040	5051	5054	5057	5058	5060	5069	5240	11910
5039	5050	5054	5055	5059	5061	5069	5313	11911
5042	5047	5053	5056	5058	5060	5091	5171	11912
5041	5050	5054	5055	5058	5060	5102	5274	11913
5043	5047	5053	5056	5058	5065	5073	5218	11914
5044	5050	5054	5055	5058	5062	5093	5177	11915
5041	5047	5053	5055	5058	5060	5113	5229	11916
5042	5051	5054	5055	5058	5061	5069	5185	11917
5039	5050	5054	5057	5058	5060	5069	5179	11918
5041	5046	5053	5056	5059	5062	5088	5190	11919
5041	5049	5054	5055	5058	5061	5073	5156	11920
5043	5047	5053	5055	5058	5060	5087	5222	11921
5040	5048	5054	5055	5059	5061	5075	5159	11922
5041	5051	5054	5056	5058	5060	5069	5180	11923
5044	5046	5053	5055	5058	5060	5085	5323	11924
5043	5048	5054	5055	5058	5062	5070	5149	11925
5039	5047	5053	5055	5058	5061	5073	5156	11926
5039	5047	5053	5055	5058	5061	5106	5212	11927
5042	5052	5053	5055	5058	5061	5089	5170	11928
5042	5052	5053	5056	5058	5060	5069	5151	11929
5043	5051	5054	5055	5058	5061	5104	5204	11930
5040	5047	5053	5056	5059	5060	5069	5172	11931
5041	5048	5054	5055	5058	5061	5077	5195	11932
5042	5052	5053	5055	5058	5060	5090	5149	11933
5042	5048	5054	5055	5058	5060	5085	5169	11934
5040	5046	5053	5055	5058	5060	5069	5182	11935
5040	5049	5054	5055	5058	5060	5073	5183	11936
5043	5049	5054	5055	5058	5061	5070	5243	11937
5044	5046	5053	5056	5059	5063	5073	5156	11938
5044	5051	5054	5055	5058	5060	5073	5157	11939
5044	5050	5054	5055	5058	5061	5072	5264	11940
5039	5046	5053	5055	5058	5061	5069	5227	11941
5041	5047	5053	5055	5058	5061	5070	5173	11942
5045	5047	5053	5055	5058	5061	5079	5149	11943
5041	5046	5053	5055	5058	5060	5099	5189	11944
5044	5047	5053	5055	5059	5060	5105	5149	11945
5039	5052	5054	5055	5058	5061	5087	5191	11946
5040	5052	5054	5055	5058	5063	5087	5237	11947
5043	5052	5054	5055	5058	5062	5069	5278	11948
5044	5049	5054	5055	5058	5060	5079	5149	11949
5040	5050	5054	5055	5058	5065	5088	5268	11950
5045	5051	5054	5056	5058	5060	5069	5149	11951
5039	5050	5054	5055	5058	5061	5086	5149	11952
5044	5050	5054	5055	5058	5060	5085	5202	11953
5043	5046	5053	5055	5058	5061	5080	5149	11954
5042	5051	5054	5057	5058	5060	5069	5149	11955
5042	5049	5054	5055	5058	5061	5076	5205	11956
5039	5049	5054	5055	5058	5061	5099	5215	11957
5043	5052	5054	5056	5058	5061	5070	5164	11958
5039	5047	5053	5056	5058	5061	5072	5341	11959
5042	5047	5053	5055	5059	5062	5074	5149	11960
5042	5050	5054	5055	5058	5064	5069	5179	11961
5045	5047	5053	5057	5058	5065	5073	5175	11962
5044	5049	5054	5055	5058	5060	5069	5151	11963
5042	5049	5054	5055	5058	5060	5080	5149	11964
5039	5048	5054	5057	5058	5061	5082	5149	11965
5043	5052	5054	5057	5058	5063	5073	5175	11966
5040	5049	5054	5055	5058	5060	5124	5275	11967
5040	5052	5054	5055	5058	5061	5098	5186	11968
5044	5050	5054	5055	5058	5064	5078	5165	11969
5045	5051	5054	5055	5058	5062	5085	5220	11970
5045	5050	5054	5055	5058	5060	5143	5369	11971
5042	5047	5053	5055	5059	5061	5088	5190	11972
5041	5052	5053	5055	5059	5061	5072	5153	11973
5043	5046	5053	5055	5058	5063	5112	5311	11974
5040	5052	5054	5055	5058	5064	5089	5170	11975
5039	5047	5053	5056	5058	5060	5069	5172	11976
5039	5046	5053	5056	5058	5065	5073	5157	11977
5042	5046	5053	5055	5058	5060	5114	5149	11978
5044	5046	5053	5055	5059	5061	5070	5173	11979
5044	5050	5054	5055	5058	5061	5073	5156	11980
5041	5047	5053	5056	5058	5062	5073	5249	11981
5045	5049	5054	5055	5058	5061	5069	5258	11982
5042	5046	5053	5055	5058	5062	5069	5149	11983
5044	5051	5054	5055	5058	5060	5078	5165	11984
5039	5051	5054	5055	5058	5061	5078	5165	11985
5041	5052	5053	5055	5058	5060	5085	5202	11986
5043	5047	5053	5055	5058	5061	5085	5220	11987
5041	5049	5054	5055	5058	5060	5078	5165	11988
5040	5049	5054	5057	5058	5061	5087	5191	11989
5044	5051	5054	5055	5058	5061	5072	5264	11990
5039	5050	5054	5057	5058	5065	5069	5163	11991
5043	5049	5054	5055	5058	5064	5069	5248	11992
5045	5052	5054	5055	5058	5060	5073	5157	11993
5045	5048	5054	5056	5058	5062	5080	5174	11994
5040	5046	5053	5055	5058	5065	5119	5149	11995
5045	5052	5054	5055	5059	5062	5074	5149	11996
5040	5050	5054	5056	5058	5060	5080	5174	11997
5042	5052	5053	5055	5058	5060	5120	5253	11998
5042	5052	5053	5055	5058	5061	5069	5194	11999
5040	5051	5054	5056	5059	5061	5070	5154	12000
5043	5049	5054	5056	5058	5061	5069	5258	12001
5042	5049	5054	5055	5058	5060	5069	5182	12002
5042	5048	5054	5055	5058	5061	5069	5158	12003
5042	5047	5053	5055	5058	5061	5077	5149	12004
5042	5050	5054	5055	5058	5063	5072	5244	12005
5044	5050	5054	5055	5058	5061	5099	5189	12006
5041	5047	5053	5055	5059	5062	5087	5149	12007
5039	5049	5054	5056	5058	5060	5070	5149	12008
5043	5049	5054	5055	5058	5064	5069	5235	12009
5041	5052	5053	5056	5058	5060	5070	5154	12010
5040	5046	5053	5055	5058	5061	5076	5149	12011
5039	5049	5054	5055	5058	5061	5069	5258	12012
5044	5052	5054	5057	5058	5062	5070	5149	12013
5039	5049	5054	5055	5058	5062	5079	5176	12014
5043	5046	5053	5057	5058	5061	5075	5149	12015
5044	5049	5054	5056	5058	5060	5102	5149	12016
5045	5052	5054	5055	5058	5061	5078	5165	12017
5039	5047	5053	5056	5058	5061	5081	5149	12018
5044	5048	5054	5055	5058	5062	5104	5204	12019
5039	5051	5054	5055	5058	5060	5136	5149	12020
5044	5048	5054	5055	5058	5061	5110	5332	12021
5039	5051	5054	5056	5059	5061	5070	5154	12022
5040	5051	5054	5055	5058	5061	5073	5325	12023
5043	5047	5053	5055	5058	5061	5127	5291	12024
5041	5052	5053	5055	5058	5062	5073	5161	12025
5044	5049	5054	5055	5058	5061	5083	5149	12026
5040	5051	5054	5055	5058	5060	5070	5173	12027
5042	5052	5053	5055	5058	5064	5069	5248	12028
5044	5052	5054	5056	5058	5064	5073	5249	12029
5044	5046	5053	5056	5059	5061	5070	5150	12030
5045	5050	5054	5056	5058	5061	5073	5157	12031
5041	5051	5054	5056	5058	5061	5073	5156	12032
5043	5048	5054	5055	5059	5063	5075	5159	12033
5045	5048	5054	5055	5058	5060	5089	5170	12034
5039	5049	5054	5055	5058	5067	5088	5226	12035
5044	5047	5053	5055	5058	5061	5087	5191	12036
5043	5051	5054	5055	5058	5063	5085	5169	12037
5043	5050	5054	5055	5058	5064	5088	5149	12038
5044	5048	5054	5055	5059	5061	5070	5154	12039
5043	5048	5054	5055	5058	5061	5069	5158	12040
5043	5052	5054	5055	5058	5060	5088	5268	12041
5042	5050	5054	5055	5058	5060	5086	5211	12042
5045	5051	5054	5056	5058	5061	5073	5218	12043
5042	5049	5054	5055	5058	5062	5075	5199	12044
5043	5048	5054	5055	5058	5060	5102	5274	12045
5041	5051	5054	5055	5058	5061	5075	5167	12046
5040	5051	5054	5057	5058	5060	5069	5187	12047
5044	5047	5053	5055	5058	5061	5097	5221	12048
5042	5048	5054	5055	5059	5063	5085	5201	12049
5041	5049	5054	5056	5059	5062	5075	5149	12050
5044	5052	5054	5056	5058	5061	5075	5203	12051
5044	5047	5053	5055	5059	5060	5087	5149	12052
5041	5050	5054	5055	5058	5060	5085	5149	12053
5039	5051	5054	5055	5059	5060	5102	5239	12054
5040	5049	5054	5055	5058	5063	5124	5149	12055
5040	5049	5054	5055	5058	5060	5112	5225	12056
5042	5049	5054	5057	5058	5060	5115	5233	12057
5039	5047	5053	5056	5058	5064	5073	5249	12058
5041	5048	5054	5056	5059	5060	5069	5149	12059
5043	5046	5053	5055	5058	5061	5069	5262	12060
5041	5049	5054	5055	5058	5060	5114	5149	12061
5045	5049	5054	5057	5058	5061	5115	5233	12062
5041	5049	5054	5056	5058	5061	5069	5258	12063
5044	5050	5054	5055	5058	5064	5072	5149	12064
5040	5049	5054	5055	5058	5061	5080	5149	12065
5042	5047	5053	5056	5058	5061	5082	5149	12066
5040	5046	5053	5055	5058	5063	5087	5191	12067
5040	5052	5054	5055	5058	5061	5075	5238	12068
5039	5046	5053	5055	5058	5062	5075	5159	12069
5041	5050	5054	5055	5059	5061	5087	5222	12070
5043	5048	5054	5055	5058	5061	5072	5264	12071
5039	5047	5053	5055	5058	5060	5099	5189	12072
5044	5052	5054	5055	5058	5061	5069	5252	12073
5040	5052	5054	5057	5058	5062	5080	5149	12074
5045	5052	5054	5056	5059	5060	5069	5240	12075
5040	5050	5054	5055	5058	5061	5125	5149	12076
5042	5046	5053	5055	5058	5062	5069	5179	12077
5039	5046	5053	5056	5058	5065	5073	5175	12078
5040	5046	5053	5056	5058	5061	5069	5172	12079
5042	5051	5054	5055	5058	5061	5084	5160	12080
5040	5048	5054	5055	5058	5060	5086	5211	12081
5044	5051	5054	5055	5058	5061	5121	5255	12082
5040	5048	5054	5056	5059	5060	5070	5150	12083
5041	5049	5054	5055	5058	5060	5073	5157	12084
5041	5047	5053	5055	5058	5063	5073	5149	12085
5040	5051	5054	5055	5058	5061	5069	5207	12086
5041	5049	5054	5055	5058	5061	5132	5149	12087
5043	5048	5054	5055	5058	5060	5100	5192	12088
5041	5050	5054	5056	5058	5061	5073	5218	12089
5041	5049	5054	5055	5058	5060	5069	5252	12090
5044	5050	5054	5055	5058	5061	5069	5162	12091
5044	5047	5053	5055	5058	5061	5069	5172	12092
5044	5050	5054	5055	5059	5060	5069	5149	12093
5044	5052	5054	5055	5059	5061	5088	5297	12094
5042	5047	5053	5055	5059	5064	5088	5190	12095
5041	5049	5054	5055	5059	5060	5087	5222	12096
5040	5049	5054	5055	5058	5061	5078	5149	12097
5043	5052	5054	5055	5058	5062	5112	5225	12098
5040	5047	5053	5055	5058	5061	5085	5298	12099
5043	5047	5053	5055	5059	5061	5069	5172	12100
5044	5050	5054	5056	5058	5061	5088	5149	12101
5040	5052	5054	5057	5058	5060	5087	5191	12102
5043	5046	5053	5055	5058	5060	5085	5323	12103
5043	5049	5054	5057	5058	5061	5073	5149	12104
5044	5051	5054	5057	5058	5063	5069	5149	12105
5045	5049	5054	5055	5058	5063	5093	5177	12106
5041	5050	5054	5055	5058	5060	5069	5185	12107
5044	5049	5054	5055	5058	5060	5083	5149	12108
5044	5046	5053	5055	5058	5061	5087	5191	12109
5040	5050	5054	5055	5058	5063	5112	5225	12110
5042	5048	5054	5055	5058	5060	5070	5166	12111
5041	5049	5054	5056	5058	5061	5070	5154	12112
5044	5052	5054	5055	5059	5064	5069	5149	12113
5044	5046	5053	5055	5058	5064	5104	5204	12114
5039	5047	5053	5055	5058	5061	5075	5290	12115
5044	5051	5054	5056	5058	5061	5075	5203	12116
5040	5050	5054	5055	5059	5061	5073	5156	12117
5041	5049	5054	5056	5058	5062	5073	5149	12118
5039	5047	5053	5057	5058	5061	5080	5149	12119
5042	5046	5053	5055	5058	5060	5080	5174	12120
5040	5046	5053	5055	5058	5061	5123	5277	12121
5041	5046	5053	5055	5059	5061	5132	5149	12122
5045	5047	5053	5055	5058	5061	5076	5205	12123
5042	5049	5054	5056	5058	5062	5073	5149	12124
5045	5047	5053	5055	5058	5063	5069	5172	12125
5041	5052	5053	5057	5058	5061	5073	5183	12126
5042	5046	5053	5055	5058	5061	5087	5259	12127
5041	5049	5054	5055	5058	5065	5071	5152	12128
5040	5051	5054	5055	5058	5061	5089	5149	12129
5040	5046	5053	5056	5058	5060	5079	5176	12130
5043	5048	5054	5055	5058	5061	5087	5222	12131
5042	5047	5053	5057	5058	5065	5071	5152	12132
5039	5049	5054	5055	5058	5061	5121	5260	12133
5044	5051	5054	5055	5058	5060	5084	5232	12134
5040	5049	5054	5055	5058	5061	5088	5149	12135
5039	5048	5054	5055	5058	5062	5088	5190	12136
5040	5046	5053	5055	5059	5061	5086	5310	12137
5043	5048	5054	5056	5058	5062	5069	5172	12138
5040	5052	5054	5055	5058	5060	5073	5183	12139
5044	5050	5054	5055	5058	5060	5069	5287	12140
5040	5047	5053	5055	5058	5062	5080	5174	12141
5045	5047	5053	5055	5058	5065	5069	5172	12142
5040	5049	5054	5057	5058	5064	5069	5163	12143
5039	5047	5053	5056	5058	5064	5072	5341	12144
5039	5050	5054	5055	5058	5060	5093	5177	12145
5040	5052	5054	5055	5058	5062	5098	5186	12146
5043	5050	5054	5055	5058	5060	5069	5185	12147
5041	5051	5054	5056	5058	5065	5106	5212	12148
5039	5052	5054	5055	5058	5061	5069	5194	12149
5041	5049	5054	5055	5058	5061	5075	5203	12150
5042	5049	5054	5055	5058	5061	5112	5225	12151
5040	5050	5054	5055	5058	5064	5116	5234	12152
5039	5050	5054	5055	5058	5061	5085	5202	12153
5044	5050	5054	5055	5058	5064	5069	5179	12154
5042	5052	5053	5055	5058	5064	5092	5224	12155
5044	5052	5054	5057	5058	5064	5075	5159	12156
5043	5049	5054	5057	5058	5061	5069	5179	12157
5043	5047	5053	5055	5058	5061	5081	5210	12158
5043	5050	5054	5055	5058	5061	5079	5149	12159
5040	5047	5053	5055	5058	5061	5089	5170	12160
5040	5047	5053	5055	5058	5065	5070	5243	12161
5041	5047	5053	5055	5058	5060	5121	5149	12162
5039	5046	5053	5055	5058	5065	5071	5152	12163
5043	5047	5053	5057	5058	5061	5115	5233	12164
5040	5052	5054	5055	5058	5060	5089	5170	12165
5043	5047	5053	5055	5059	5061	5069	5248	12166
5039	5049	5054	5055	5058	5067	5078	5165	12167
5043	5048	5054	5056	5058	5060	5069	5179	12168
5044	5047	5053	5055	5058	5060	5096	5181	12169
5040	5051	5054	5057	5058	5067	5071	5152	12170
5044	5051	5054	5055	5058	5064	5078	5149	12171
5039	5050	5054	5055	5058	5060	5085	5202	12172
5039	5047	5053	5055	5058	5061	5073	5149	12173
5040	5047	5053	5055	5058	5060	5069	5158	12174
5044	5049	5054	5055	5058	5060	5113	5229	12175
5045	5050	5054	5057	5058	5060	5073	5149	12176
5040	5052	5054	5055	5058	5060	5073	5249	12177
5039	5050	5054	5055	5058	5060	5071	5152	12178
5043	5052	5054	5057	5058	5063	5069	5235	12179
5039	5051	5054	5055	5058	5061	5081	5149	12180
5040	5046	5053	5055	5058	5063	5069	5179	12181
5041	5046	5053	5055	5058	5064	5069	5235	12182
5041	5049	5054	5055	5058	5061	5075	5279	12183
5044	5051	5054	5055	5058	5062	5077	5195	12184
5045	5052	5054	5056	5058	5063	5070	5149	12185
5041	5047	5053	5055	5058	5061	5079	5176	12186
5044	5052	5054	5055	5058	5060	5094	5272	12187
5043	5047	5053	5056	5058	5062	5073	5249	12188
5043	5046	5053	5055	5058	5062	5070	5149	12189
5045	5052	5054	5057	5058	5061	5075	5203	12190
5041	5051	5054	5055	5059	5064	5088	5190	12191
5044	5050	5054	5055	5058	5060	5088	5149	12192
5042	5049	5054	5055	5058	5064	5107	5213	12193
5040	5049	5054	5056	5058	5060	5073	5149	12194
5041	5047	5053	5055	5058	5060	5069	5179	12195
5040	5051	5054	5057	5058	5060	5080	5174	12196
5043	5051	5054	5056	5058	5060	5087	5149	12197
5045	5050	5054	5055	5058	5060	5070	5149	12198
5041	5047	5053	5055	5059	5061	5069	5172	12199
5042	5052	5053	5055	5058	5062	5069	5248	12200
5041	5052	5053	5055	5058	5060	5083	5149	12201
5044	5046	5053	5055	5059	5061	5086	5211	12202
5040	5051	5054	5055	5058	5062	5087	5222	12203
5040	5049	5054	5057	5058	5061	5078	5165	12204
5041	5051	5054	5055	5058	5062	5087	5222	12205
5041	5047	5053	5055	5059	5060	5087	5222	12206
5039	5048	5054	5055	5058	5060	5069	5301	12207
5041	5047	5053	5055	5058	5062	5088	5190	12208
5039	5052	5054	5057	5058	5062	5070	5154	12209
5044	5050	5054	5055	5058	5061	5086	5211	12210
5040	5048	5054	5055	5059	5065	5069	5149	12211
5044	5049	5054	5055	5058	5061	5120	5261	12212
5043	5048	5054	5055	5058	5060	5075	5149	12213
5044	5052	5054	5055	5058	5061	5085	5230	12214
5041	5051	5054	5056	5059	5060	5069	5149	12215
5043	5046	5053	5056	5058	5061	5070	5154	12216
5042	5051	5054	5055	5058	5063	5075	5159	12217
5045	5050	5054	5055	5059	5061	5077	5155	12218
5039	5047	5053	5056	5058	5060	5075	5238	12219
5040	5051	5054	5055	5058	5067	5071	5152	12220
5042	5050	5054	5057	5058	5062	5070	5149	12221
5039	5046	5053	5055	5058	5064	5114	5149	12222
5039	5047	5053	5055	5058	5060	5085	5230	12223
5044	5051	5054	5055	5058	5060	5110	5149	12224
5042	5047	5053	5055	5059	5060	5075	5159	12225
5045	5050	5054	5055	5058	5060	5088	5268	12226
5044	5051	5054	5055	5058	5065	5106	5212	12227
5044	5047	5053	5055	5058	5060	5070	5173	12228
5041	5050	5054	5056	5059	5064	5069	5149	12229
5042	5046	5053	5057	5058	5060	5069	5179	12230
5045	5049	5054	5055	5058	5061	5088	5149	12231
5042	5052	5053	5055	5058	5060	5085	5230	12232
5040	5051	5054	5055	5058	5064	5106	5212	12233
5039	5049	5054	5055	5058	5060	5069	5163	12234
5040	5051	5054	5055	5058	5061	5116	5234	12235
5039	5048	5054	5055	5058	5063	5079	5149	12236
5040	5051	5054	5056	5058	5061	5073	5183	12237
5039	5052	5054	5055	5058	5061	5075	5203	12238
5042	5050	5054	5055	5058	5060	5070	5149	12239
5041	5050	5054	5055	5059	5066	5073	5149	12240
5044	5048	5054	5056	5058	5066	5095	5149	12241
5042	5050	5054	5056	5059	5060	5069	5149	12242
5039	5050	5054	5055	5058	5061	5122	5344	12243
5040	5046	5053	5055	5058	5062	5119	5149	12244
5039	5052	5054	5056	5058	5061	5115	5233	12245
5040	5052	5054	5055	5059	5062	5070	5150	12246
5040	5052	5054	5056	5058	5062	5080	5149	12247
5039	5047	5053	5056	5058	5060	5069	5293	12248
5041	5051	5054	5057	5058	5061	5088	5149	12249
5043	5051	5054	5055	5059	5060	5087	5222	12250
5044	5046	5053	5056	5058	5060	5075	5167	12251
5044	5046	5053	5055	5058	5061	5085	5169	12252
5044	5050	5054	5055	5058	5065	5073	5218	12253
5044	5046	5053	5055	5058	5063	5073	5183	12254
5043	5052	5054	5056	5058	5061	5069	5187	12255
5039	5050	5054	5056	5058	5060	5113	5229	12256
5039	5046	5053	5056	5058	5061	5075	5159	12257
5042	5048	5054	5055	5058	5061	5075	5199	12258
5042	5050	5054	5057	5058	5061	5070	5150	12259
5043	5049	5054	5056	5058	5064	5069	5163	12260
5040	5049	5054	5055	5058	5061	5073	5149	12261
5041	5050	5054	5055	5058	5061	5085	5220	12262
5044	5046	5053	5055	5058	5061	5069	5182	12263
5042	5047	5053	5056	5058	5061	5106	5212	12264
5040	5052	5054	5055	5059	5060	5070	5150	12265
5042	5046	5053	5057	5058	5061	5086	5216	12266
5041	5048	5054	5055	5058	5062	5089	5170	12267
5041	5052	5053	5055	5058	5060	5069	5194	12268
5040	5046	5053	5057	5058	5064	5069	5162	12269
5039	5050	5054	5055	5058	5064	5072	5149	12270
5043	5051	5054	5055	5058	5061	5112	5225	12271
5040	5052	5054	5055	5058	5061	5085	5202	12272
5042	5048	5054	5055	5058	5065	5093	5177	12273
5039	5051	5054	5055	5059	5060	5086	5211	12274
5043	5050	5054	5055	5059	5060	5085	5169	12275
5045	5051	5054	5055	5059	5061	5087	5191	12276
5039	5052	5054	5055	5059	5060	5124	5275	12277
5039	5046	5053	5056	5058	5064	5095	5149	12278
5041	5050	5054	5055	5058	5060	5097	5221	12279
5042	5051	5054	5055	5058	5065	5069	5149	12280
5040	5051	5054	5055	5058	5063	5069	5180	12281
5043	5049	5054	5055	5058	5061	5073	5156	12282
5045	5049	5054	5055	5059	5062	5074	5149	12283
5041	5048	5054	5056	5058	5065	5075	5159	12284
5045	5050	5054	5055	5058	5060	5079	5149	12285
5043	5049	5054	5055	5058	5064	5075	5149	12286
5040	5048	5054	5055	5058	5064	5095	5149	12287
5043	5049	5054	5055	5058	5062	5083	5149	12288
5040	5052	5054	5056	5058	5061	5075	5203	12289
5043	5048	5054	5055	5058	5061	5081	5210	12290
5040	5049	5054	5056	5059	5060	5070	5164	12291
5043	5048	5054	5055	5058	5062	5100	5149	12292
5039	5051	5054	5056	5058	5060	5069	5151	12293
5041	5047	5053	5055	5058	5060	5087	5191	12294
5042	5046	5053	5055	5058	5065	5070	5149	12295
5043	5050	5054	5055	5058	5064	5069	5248	12296
5044	5052	5054	5056	5059	5060	5075	5159	12297
5041	5046	5053	5055	5058	5063	5069	5179	12298
5043	5052	5054	5056	5058	5061	5069	5258	12299
5042	5050	5054	5055	5058	5062	5075	5159	12300
5039	5047	5053	5055	5058	5060	5075	5238	12301
5041	5047	5053	5055	5058	5061	5075	5290	12302
5039	5048	5054	5055	5058	5060	5072	5264	12303
5044	5049	5054	5055	5058	5061	5069	5240	12304
5043	5049	5054	5056	5059	5063	5069	5149	12305
5039	5050	5054	5056	5058	5061	5075	5242	12306
5043	5052	5054	5056	5059	5061	5070	5150	12307
5042	5050	5054	5055	5058	5060	5085	5201	12308
5040	5052	5054	5055	5058	5060	5121	5255	12309
5039	5052	5054	5057	5058	5061	5071	5152	12310
5045	5048	5054	5055	5058	5061	5078	5165	12311
5040	5051	5054	5055	5058	5062	5097	5221	12312
5045	5047	5053	5055	5058	5061	5070	5154	12313
5041	5048	5054	5055	5058	5061	5100	5192	12314
5043	5048	5054	5055	5058	5060	5114	5149	12315
5045	5046	5053	5055	5058	5062	5085	5169	12316
5040	5047	5053	5055	5058	5065	5072	5149	12317
5045	5051	5054	5055	5059	5061	5087	5222	12318
5040	5048	5054	5055	5058	5060	5099	5189	12319
5040	5048	5054	5055	5058	5064	5073	5157	12320
5043	5050	5054	5055	5059	5061	5075	5149	12321
5040	5047	5053	5055	5058	5061	5110	5149	12322
5039	5050	5054	5055	5058	5060	5085	5220	12323
5039	5051	5054	5055	5059	5060	5081	5149	12324
5042	5050	5054	5055	5059	5061	5070	5150	12325
5042	5051	5054	5056	5058	5060	5098	5186	12326
5041	5046	5053	5057	5058	5061	5116	5349	12327
5041	5048	5054	5057	5058	5065	5071	5152	12328
5044	5052	5054	5055	5058	5062	5075	5167	12329
5043	5046	5053	5055	5058	5061	5085	5149	12330
5040	5052	5054	5057	5059	5060	5070	5150	12331
5045	5052	5054	5055	5058	5060	5075	5159	12332
5042	5049	5054	5055	5058	5064	5106	5212	12333
5041	5052	5053	5056	5058	5062	5073	5175	12334
5045	5051	5054	5057	5058	5062	5088	5149	12335
5040	5048	5054	5057	5058	5060	5070	5154	12336
5042	5050	5054	5055	5058	5061	5075	5203	12337
5044	5052	5054	5057	5058	5062	5071	5152	12338
5045	5052	5054	5056	5058	5060	5078	5165	12339
5039	5046	5053	5057	5058	5061	5080	5174	12340
5039	5046	5053	5055	5058	5064	5110	5149	12341
5039	5048	5054	5056	5058	5061	5080	5149	12342
5044	5050	5054	5056	5058	5065	5081	5210	12343
5040	5051	5054	5055	5059	5061	5069	5250	12344
5040	5052	5054	5055	5058	5061	5069	5240	12345
5039	5052	5054	5056	5058	5062	5070	5164	12346
5040	5049	5054	5055	5058	5060	5085	5333	12347
5039	5049	5054	5056	5058	5060	5079	5176	12348
5044	5046	5053	5056	5059	5061	5088	5190	12349
5042	5049	5054	5055	5058	5061	5072	5244	12350
5041	5047	5053	5055	5058	5063	5070	5243	12351
5040	5052	5054	5055	5059	5063	5073	5156	12352
5043	5047	5053	5055	5058	5063	5112	5225	12353
5039	5048	5054	5055	5058	5060	5121	5260	12354
5039	5052	5054	5056	5058	5064	5073	5161	12355
5039	5051	5054	5055	5059	5060	5069	5206	12356
5043	5046	5053	5055	5059	5060	5097	5149	12357
5044	5050	5054	5055	5058	5065	5071	5152	12358
5044	5046	5053	5055	5058	5061	5069	5227	12359
5044	5046	5053	5055	5058	5061	5104	5204	12360
5041	5050	5054	5055	5058	5061	5072	5264	12361
5041	5047	5053	5055	5058	5060	5069	5172	12362
5044	5052	5054	5055	5058	5061	5089	5149	12363
5039	5048	5054	5055	5058	5061	5075	5238	12364
5039	5052	5054	5055	5058	5060	5069	5162	12365
5041	5050	5054	5055	5059	5062	5086	5211	12366
5039	5046	5053	5055	5058	5061	5085	5220	12367
5044	5052	5054	5055	5058	5063	5094	5272	12368
5039	5049	5054	5055	5058	5060	5086	5211	12369
5043	5050	5054	5055	5058	5061	5069	5278	12370
5039	5052	5054	5055	5058	5061	5069	5207	12371
5039	5048	5054	5055	5058	5062	5075	5203	12372
5044	5050	5054	5055	5058	5060	5088	5328	12373
5044	5051	5054	5056	5058	5064	5099	5188	12374
5043	5050	5054	5056	5058	5060	5073	5183	12375
5043	5050	5054	5055	5058	5060	5084	5232	12376
5042	5052	5053	5055	5058	5061	5086	5310	12377
5043	5049	5054	5055	5058	5062	5086	5149	12378
5041	5048	5054	5056	5058	5061	5087	5200	12379
5041	5048	5054	5057	5058	5061	5088	5149	12380
5042	5049	5054	5055	5058	5061	5080	5149	12381
5045	5052	5054	5055	5058	5060	5069	5252	12382
5040	5047	5053	5055	5058	5061	5075	5242	12383
5040	5052	5054	5055	5058	5060	5112	5225	12384
5042	5046	5053	5055	5058	5061	5070	5173	12385
5043	5046	5053	5056	5058	5061	5121	5255	12386
5041	5048	5054	5055	5058	5061	5092	5149	12387
5039	5047	5053	5055	5058	5064	5104	5204	12388
5044	5052	5054	5055	5058	5060	5083	5149	12389
5044	5052	5054	5055	5058	5060	5100	5192	12390
5043	5050	5054	5055	5058	5060	5085	5220	12391
5043	5049	5054	5055	5058	5061	5069	5151	12392
5043	5052	5054	5055	5059	5063	5069	5149	12393
5043	5046	5053	5055	5058	5060	5069	5206	12394
5043	5047	5053	5055	5058	5063	5069	5182	12395
5039	5050	5054	5057	5058	5060	5080	5149	12396
5041	5049	5054	5056	5058	5061	5069	5193	12397
5044	5051	5054	5055	5059	5062	5074	5149	12398
5040	5048	5054	5055	5058	5062	5075	5238	12399
5045	5048	5054	5055	5058	5065	5075	5159	12400
5039	5048	5054	5055	5059	5061	5070	5173	12401
5039	5049	5054	5057	5058	5061	5115	5233	12402
5043	5050	5054	5055	5058	5061	5085	5307	12403
5039	5047	5053	5055	5058	5061	5086	5211	12404
5039	5052	5054	5056	5058	5062	5070	5150	12405
5043	5048	5054	5055	5059	5061	5075	5159	12406
5044	5046	5053	5055	5058	5061	5097	5221	12407
5043	5050	5054	5055	5058	5061	5084	5232	12408
5039	5047	5053	5055	5058	5061	5069	5247	12409
5039	5046	5053	5055	5058	5060	5085	5273	12410
5043	5047	5053	5055	5058	5064	5069	5151	12411
5044	5049	5054	5055	5058	5063	5069	5257	12412
5039	5052	5054	5057	5058	5062	5075	5149	12413
5039	5047	5053	5055	5058	5062	5085	5169	12414
5044	5048	5054	5055	5058	5061	5075	5203	12415
5042	5047	5053	5056	5058	5060	5080	5174	12416
5039	5049	5054	5055	5058	5061	5081	5210	12417
5043	5048	5054	5055	5058	5062	5077	5195	12418
5041	5052	5053	5055	5058	5065	5071	5152	12419
5044	5047	5053	5055	5058	5065	5078	5149	12420
5044	5050	5054	5055	5058	5060	5093	5177	12421
5041	5048	5054	5056	5059	5064	5069	5235	12422
5045	5050	5054	5055	5058	5063	5075	5159	12423
5042	5048	5054	5055	5058	5067	5075	5159	12424
5045	5047	5053	5055	5058	5064	5075	5149	12425
5041	5046	5053	5056	5058	5064	5069	5179	12426
5040	5047	5053	5056	5058	5060	5075	5203	12427
5039	5052	5054	5055	5058	5064	5088	5226	12428
5041	5051	5054	5055	5058	5060	5088	5149	12429
5040	5051	5054	5057	5058	5062	5071	5152	12430
5040	5049	5054	5055	5058	5060	5118	5149	12431
5041	5051	5054	5056	5058	5060	5088	5190	12432
5044	5047	5053	5056	5058	5060	5079	5176	12433
5039	5048	5054	5056	5058	5061	5087	5267	12434
5039	5051	5054	5055	5059	5061	5070	5166	12435
5039	5050	5054	5055	5058	5061	5088	5190	12436
5040	5052	5054	5057	5058	5065	5073	5175	12437
5041	5046	5053	5056	5058	5060	5075	5159	12438
5044	5049	5054	5057	5058	5060	5069	5179	12439
5045	5052	5054	5056	5058	5061	5070	5149	12440
5044	5046	5053	5055	5058	5065	5070	5243	12441
5040	5047	5053	5056	5058	5064	5073	5183	12442
5042	5052	5053	5055	5058	5063	5075	5203	12443
5040	5049	5054	5055	5058	5060	5069	5207	12444
5042	5052	5053	5055	5058	5060	5113	5149	12445
5039	5049	5054	5056	5058	5061	5080	5149	12446
5044	5046	5053	5055	5058	5061	5078	5149	12447
5045	5050	5054	5057	5058	5063	5070	5149	12448
5040	5049	5054	5055	5059	5061	5079	5149	12449
5044	5051	5054	5055	5058	5061	5097	5221	12450
5043	5048	5054	5055	5058	5065	5093	5177	12451
5043	5047	5053	5055	5059	5062	5096	5181	12452
5039	5052	5054	5056	5058	5063	5075	5159	12453
5040	5048	5054	5057	5058	5061	5098	5186	12454
5039	5046	5053	5055	5058	5061	5126	5346	12455
5040	5046	5053	5055	5058	5065	5104	5204	12456
5045	5052	5054	5056	5058	5061	5092	5149	12457
5044	5048	5054	5055	5058	5061	5090	5149	12458
5040	5052	5054	5056	5058	5060	5070	5164	12459
5045	5051	5054	5055	5058	5060	5069	5185	12460
5040	5048	5054	5055	5058	5061	5069	5179	12461
5041	5050	5054	5056	5058	5061	5073	5156	12462
5039	5046	5053	5056	5058	5064	5075	5149	12463
5044	5049	5054	5056	5059	5061	5069	5149	12464
5043	5049	5054	5057	5058	5064	5069	5235	12465
5044	5050	5054	5055	5058	5060	5083	5149	12466
5042	5052	5053	5056	5058	5062	5079	5176	12467
5043	5051	5054	5055	5058	5061	5093	5177	12468
5044	5047	5053	5055	5058	5062	5090	5149	12469
5042	5052	5053	5056	5058	5060	5070	5164	12470
5044	5048	5054	5055	5058	5060	5075	5357	12471
5044	5046	5053	5056	5058	5060	5102	5149	12472
5042	5051	5054	5055	5058	5061	5108	5214	12473
5043	5052	5054	5056	5058	5062	5087	5149	12474
5039	5050	5054	5055	5058	5062	5070	5150	12475
5041	5046	5053	5056	5058	5062	5069	5180	12476
5044	5046	5053	5055	5059	5061	5075	5159	12477
5045	5048	5054	5055	5058	5061	5075	5149	12478
5044	5047	5053	5056	5059	5062	5090	5149	12479
5039	5046	5053	5055	5058	5060	5106	5212	12480
5039	5051	5054	5055	5059	5060	5069	5241	12481
5043	5051	5054	5055	5058	5064	5070	5154	12482
5042	5052	5053	5055	5058	5062	5078	5165	12483
5045	5046	5053	5055	5058	5062	5072	5153	12484
5039	5050	5054	5056	5058	5063	5069	5240	12485
5040	5047	5053	5055	5058	5061	5106	5212	12486
5039	5051	5054	5055	5059	5061	5085	5230	12487
5039	5046	5053	5056	5059	5062	5070	5150	12488
5039	5050	5054	5055	5059	5060	5085	5220	12489
5041	5048	5054	5055	5058	5060	5075	5223	12490
5045	5047	5053	5056	5058	5061	5073	5183	12491
5041	5050	5054	5055	5058	5067	5069	5149	12492
5044	5050	5054	5055	5058	5062	5073	5149	12493
5043	5049	5054	5056	5058	5062	5073	5183	12494
5042	5048	5054	5055	5058	5061	5078	5149	12495
5039	5051	5054	5055	5059	5063	5069	5149	12496
5039	5052	5054	5056	5058	5060	5099	5188	12497
5039	5049	5054	5055	5059	5061	5069	5149	12498
5045	5051	5054	5055	5058	5063	5069	5252	12499
5039	5047	5053	5055	5058	5061	5077	5195	12500
5043	5049	5054	5055	5058	5063	5069	5180	12501
5044	5050	5054	5055	5058	5060	5069	5209	12502
5043	5052	5054	5056	5058	5060	5071	5152	12503
5040	5052	5054	5055	5058	5065	5070	5243	12504
5045	5048	5054	5056	5058	5062	5088	5190	12505
5039	5046	5053	5056	5058	5061	5080	5149	12506
5039	5049	5054	5055	5058	5060	5069	5207	12507
5039	5052	5054	5055	5058	5061	5094	5178	12508
5040	5046	5053	5056	5058	5062	5102	5149	12509
5045	5050	5054	5057	5058	5062	5088	5149	12510
5039	5052	5054	5056	5059	5065	5075	5149	12511
5039	5047	5053	5055	5058	5060	5070	5173	12512
5039	5047	5053	5056	5058	5063	5085	5307	12513
5041	5049	5054	5056	5058	5061	5069	5151	12514
5040	5049	5054	5055	5058	5061	5088	5168	12515
5039	5051	5054	5055	5058	5060	5088	5268	12516
5039	5046	5053	5055	5058	5062	5097	5221	12517
5041	5050	5054	5056	5058	5067	5073	5156	12518
5040	5052	5054	5057	5059	5061	5086	5216	12519
5042	5051	5054	5055	5058	5060	5114	5149	12520
5040	5047	5053	5057	5058	5060	5099	5196	12521
5044	5048	5054	5055	5058	5060	5073	5149	12522
5043	5046	5053	5055	5058	5060	5075	5223	12523
5045	5052	5054	5055	5058	5064	5116	5234	12524
5039	5051	5054	5055	5058	5060	5078	5165	12525
5044	5049	5054	5056	5059	5065	5088	5190	12526
5045	5051	5054	5056	5058	5062	5073	5183	12527
5040	5051	5054	5055	5058	5061	5088	5168	12528
5040	5052	5054	5055	5058	5060	5094	5272	12529
5041	5047	5053	5056	5058	5064	5075	5149	12530
5044	5051	5054	5055	5058	5061	5122	5338	12531
5039	5048	5054	5055	5058	5062	5093	5177	12532
5039	5052	5054	5057	5059	5064	5069	5235	12533
5042	5051	5054	5055	5058	5061	5088	5149	12534
5044	5052	5054	5055	5058	5065	5073	5157	12535
5043	5050	5054	5055	5058	5061	5075	5199	12536
5041	5047	5053	5055	5059	5062	5070	5173	12537
5043	5048	5054	5055	5059	5062	5070	5149	12538
5041	5049	5054	5055	5059	5060	5070	5154	12539
5040	5047	5053	5055	5059	5060	5070	5150	12540
5044	5048	5054	5056	5058	5064	5075	5149	12541
5040	5047	5053	5055	5058	5062	5073	5325	12542
5041	5052	5053	5055	5059	5061	5069	5248	12543
5042	5047	5053	5055	5058	5061	5073	5175	12544
5039	5052	5054	5056	5058	5062	5080	5149	12545
5045	5050	5054	5055	5058	5064	5073	5149	12546
5041	5046	5053	5056	5058	5065	5073	5218	12547
5041	5050	5054	5055	5058	5061	5106	5212	12548
5041	5048	5054	5057	5058	5061	5069	5235	12549
5043	5046	5053	5055	5058	5060	5073	5157	12550
5043	5046	5053	5056	5058	5060	5073	5161	12551
5043	5051	5054	5055	5058	5061	5085	5273	12552
5041	5049	5054	5055	5058	5060	5102	5274	12553
5043	5052	5054	5055	5058	5061	5105	5149	12554
5043	5051	5054	5055	5058	5062	5093	5177	12555
5041	5049	5054	5055	5058	5061	5075	5290	12556
5040	5052	5054	5055	5059	5065	5087	5191	12557
5039	5050	5054	5057	5058	5063	5073	5175	12558
5042	5052	5053	5055	5058	5060	5087	5222	12559
5040	5047	5053	5055	5058	5063	5070	5243	12560
5043	5046	5053	5055	5058	5064	5104	5204	12561
5040	5048	5054	5057	5058	5063	5069	5149	12562
5039	5049	5054	5055	5058	5060	5085	5202	12563
5045	5048	5054	5055	5058	5064	5095	5149	12564
5040	5047	5053	5055	5058	5061	5075	5199	12565
5044	5051	5054	5055	5058	5063	5069	5246	12566
5041	5049	5054	5056	5058	5060	5069	5293	12567
5043	5052	5054	5055	5058	5061	5075	5290	12568
5041	5049	5054	5056	5058	5062	5069	5163	12569
5040	5048	5054	5056	5058	5062	5075	5159	12570
5041	5049	5054	5056	5058	5062	5069	5209	12571
5043	5047	5053	5056	5058	5063	5073	5249	12572
5042	5046	5053	5055	5059	5064	5090	5149	12573
5039	5050	5054	5056	5058	5060	5090	5149	12574
5041	5052	5053	5055	5058	5063	5069	5240	12575
5045	5052	5054	5055	5058	5062	5075	5159	12576
5041	5047	5053	5055	5058	5064	5089	5170	12577
5039	5051	5054	5055	5059	5061	5086	5216	12578
5039	5050	5054	5055	5058	5061	5140	5347	12579
5045	5048	5054	5055	5059	5063	5075	5159	12580
5041	5050	5054	5055	5058	5061	5127	5370	12581
5041	5052	5053	5055	5058	5062	5072	5153	12582
5039	5048	5054	5056	5058	5065	5073	5218	12583
5040	5047	5053	5055	5058	5060	5138	5149	12584
5044	5046	5053	5056	5058	5060	5069	5151	12585
5040	5050	5054	5056	5058	5061	5086	5149	12586
5039	5052	5054	5055	5058	5062	5069	5209	12587
5045	5051	5054	5056	5059	5064	5075	5159	12588
5043	5050	5054	5055	5058	5060	5115	5233	12589
5039	5047	5053	5056	5058	5064	5099	5188	12590
5039	5050	5054	5056	5058	5061	5075	5238	12591
5045	5052	5054	5055	5058	5061	5073	5249	12592
5045	5048	5054	5055	5058	5062	5116	5234	12593
5044	5047	5053	5056	5058	5060	5075	5167	12594
5041	5050	5054	5056	5058	5062	5070	5150	12595
5040	5052	5054	5056	5058	5060	5073	5149	12596
5045	5046	5053	5055	5058	5061	5069	5172	12597
5044	5046	5053	5055	5058	5065	5073	5157	12598
5039	5052	5054	5055	5059	5061	5087	5191	12599
5042	5052	5053	5056	5058	5064	5098	5186	12600
5039	5052	5054	5055	5059	5062	5108	5214	12601
5044	5052	5054	5055	5058	5061	5106	5149	12602
5045	5047	5053	5055	5058	5060	5087	5237	12603
5040	5049	5054	5055	5059	5061	5121	5255	12604
5042	5047	5053	5057	5058	5061	5121	5255	12605
5043	5046	5053	5056	5058	5061	5073	5183	12606
5039	5052	5054	5055	5058	5062	5080	5174	12607
5039	5051	5054	5055	5058	5061	5085	5202	12608
5041	5046	5053	5056	5058	5061	5106	5212	12609
5045	5048	5054	5055	5058	5060	5100	5192	12610
5039	5051	5054	5056	5059	5061	5073	5156	12611
5043	5052	5054	5055	5059	5061	5069	5235	12612
5039	5051	5054	5055	5058	5067	5075	5238	12613
5041	5051	5054	5055	5059	5063	5085	5169	12614
5043	5050	5054	5055	5058	5060	5069	5248	12615
5042	5048	5054	5055	5058	5061	5069	5235	12616
5040	5052	5054	5057	5058	5061	5073	5149	12617
5039	5048	5054	5055	5058	5061	5093	5177	12618
5040	5052	5054	5057	5059	5061	5085	5201	12619
5045	5051	5054	5055	5058	5060	5114	5149	12620
5040	5049	5054	5055	5058	5060	5070	5166	12621
5039	5051	5054	5055	5058	5060	5086	5211	12622
5043	5049	5054	5055	5058	5061	5075	5203	12623
5040	5047	5053	5055	5058	5061	5075	5290	12624
5039	5052	5054	5055	5058	5061	5069	5252	12625
5043	5048	5054	5055	5058	5061	5069	5278	12626
5043	5050	5054	5056	5058	5060	5080	5149	12627
5043	5046	5053	5055	5059	5061	5069	5235	12628
5041	5050	5054	5055	5058	5062	5070	5154	12629
5042	5046	5053	5055	5059	5061	5073	5156	12630
5040	5049	5054	5055	5058	5062	5069	5151	12631
5041	5051	5054	5056	5058	5061	5075	5242	12632
5042	5048	5054	5057	5058	5065	5071	5152	12633
5044	5047	5053	5056	5059	5064	5073	5156	12634
5040	5048	5054	5055	5058	5060	5073	5183	12635
5039	5046	5053	5056	5058	5064	5073	5156	12636
5039	5051	5054	5055	5058	5063	5075	5203	12637
5042	5049	5054	5055	5059	5061	5075	5159	12638
5041	5049	5054	5055	5058	5061	5070	5166	12639
5044	5047	5053	5056	5058	5061	5072	5341	12640
5045	5049	5054	5055	5059	5063	5085	5169	12641
5041	5049	5054	5057	5058	5061	5107	5149	12642
5042	5052	5053	5055	5058	5065	5069	5172	12643
5041	5050	5054	5055	5058	5063	5069	5185	12644
5042	5049	5054	5055	5058	5062	5108	5214	12645
5040	5047	5053	5055	5058	5060	5113	5229	12646
5043	5052	5054	5056	5059	5061	5069	5235	12647
5043	5052	5054	5055	5058	5060	5094	5272	12648
5039	5050	5054	5055	5058	5061	5087	5149	12649
5041	5049	5054	5055	5059	5061	5069	5149	12650
5043	5049	5054	5055	5058	5061	5069	5180	12651
5042	5049	5054	5055	5058	5061	5075	5167	12652
5042	5052	5053	5055	5058	5062	5075	5149	12653
5043	5049	5054	5056	5058	5060	5070	5154	12654
5042	5052	5053	5055	5058	5064	5075	5159	12655
5039	5047	5053	5055	5058	5062	5096	5181	12656
5044	5051	5054	5055	5058	5062	5075	5203	12657
5040	5046	5053	5055	5059	5062	5069	5151	12658
5044	5051	5054	5055	5058	5061	5075	5167	12659
5044	5052	5054	5055	5058	5062	5094	5272	12660
5042	5051	5054	5055	5059	5061	5073	5161	12661
5045	5049	5054	5055	5058	5061	5088	5271	12662
5043	5048	5054	5056	5059	5060	5075	5149	12663
5039	5050	5054	5057	5058	5063	5069	5149	12664
5040	5051	5054	5055	5059	5061	5085	5169	12665
5041	5048	5054	5055	5058	5062	5069	5158	12666
5040	5052	5054	5055	5058	5064	5116	5234	12667
5040	5050	5054	5055	5058	5061	5077	5195	12668
5042	5047	5053	5055	5059	5061	5069	5172	12669
5041	5046	5053	5055	5058	5061	5087	5222	12670
5039	5050	5054	5055	5058	5063	5069	5163	12671
5043	5051	5054	5056	5059	5061	5088	5190	12672
5040	5048	5054	5056	5059	5062	5075	5149	12673
5039	5047	5053	5055	5059	5061	5122	5350	12674
5042	5050	5054	5055	5058	5061	5100	5192	12675
5040	5050	5054	5055	5058	5062	5080	5174	12676
5039	5047	5053	5055	5058	5061	5087	5259	12677
5041	5046	5053	5055	5058	5062	5069	5252	12678
5039	5047	5053	5055	5058	5061	5069	5240	12679
5040	5050	5054	5055	5058	5060	5097	5221	12680
5040	5046	5053	5056	5058	5060	5073	5218	12681
5042	5047	5053	5055	5058	5064	5106	5212	12682
5043	5051	5054	5055	5058	5064	5106	5212	12683
5040	5046	5053	5055	5058	5066	5073	5157	12684
5041	5047	5053	5055	5058	5060	5075	5167	12685
5040	5052	5054	5055	5058	5061	5073	5161	12686
5043	5047	5053	5055	5058	5065	5088	5297	12687
5041	5046	5053	5056	5058	5062	5080	5149	12688
5044	5048	5054	5055	5058	5060	5088	5149	12689
5039	5050	5054	5056	5058	5060	5073	5183	12690
5044	5046	5053	5055	5058	5060	5069	5162	12691
5039	5047	5053	5055	5058	5064	5099	5196	12692
5044	5050	5054	5056	5058	5064	5099	5188	12693
5043	5052	5054	5055	5058	5061	5078	5165	12694
5044	5047	5053	5055	5059	5060	5086	5149	12695
5041	5052	5053	5055	5058	5061	5121	5149	12696
5044	5049	5054	5055	5058	5060	5093	5177	12697
5045	5049	5054	5055	5058	5061	5085	5220	12698
5040	5046	5053	5055	5058	5065	5089	5170	12699
5044	5048	5054	5055	5058	5061	5089	5170	12700
5044	5048	5054	5055	5058	5061	5086	5216	12701
5039	5049	5054	5056	5059	5060	5069	5149	12702
5042	5046	5053	5057	5058	5061	5069	5179	12703
5042	5046	5053	5055	5058	5060	5075	5203	12704
5043	5049	5054	5055	5058	5064	5072	5244	12705
5044	5047	5053	5057	5058	5065	5088	5149	12706
5045	5048	5054	5055	5058	5060	5087	5259	12707
5040	5050	5054	5056	5058	5063	5069	5149	12708
5044	5047	5053	5055	5058	5060	5085	5149	12709
5040	5050	5054	5055	5058	5062	5079	5149	12710
5045	5050	5054	5055	5058	5061	5082	5149	12711
5044	5049	5054	5056	5058	5060	5075	5203	12712
5044	5048	5054	5055	5059	5061	5075	5149	12713
5039	5050	5054	5055	5058	5060	5069	5295	12714
5041	5052	5053	5056	5058	5061	5075	5203	12715
5039	5049	5054	5055	5058	5064	5075	5203	12716
5039	5048	5054	5055	5058	5060	5077	5149	12717
5039	5049	5054	5055	5058	5061	5084	5160	12718
5039	5049	5054	5055	5058	5061	5071	5152	12719
5042	5047	5053	5055	5059	5060	5070	5173	12720
5043	5049	5054	5055	5058	5062	5078	5149	12721
5044	5047	5053	5055	5058	5060	5070	5166	12722
5039	5047	5053	5055	5058	5061	5101	5197	12723
5044	5049	5054	5057	5058	5060	5087	5191	12724
5041	5051	5054	5055	5058	5061	5069	5151	12725
5044	5052	5054	5055	5058	5061	5073	5218	12726
5040	5046	5053	5056	5058	5061	5070	5154	12727
5044	5048	5054	5055	5058	5061	5097	5184	12728
5040	5052	5054	5056	5058	5061	5073	5175	12729
5042	5046	5053	5056	5058	5060	5113	5229	12730
5043	5047	5053	5056	5058	5061	5099	5188	12731
5042	5047	5053	5055	5058	5060	5089	5170	12732
5039	5048	5054	5056	5058	5061	5069	5240	12733
5041	5048	5054	5055	5059	5061	5069	5149	12734
5041	5052	5053	5056	5058	5061	5120	5280	12735
5041	5049	5054	5055	5058	5061	5088	5190	12736
5041	5048	5054	5056	5058	5062	5069	5151	12737
5041	5049	5054	5055	5058	5060	5129	5149	12738
5044	5046	5053	5055	5058	5063	5085	5149	12739
5040	5052	5054	5055	5058	5063	5095	5149	12740
5044	5049	5054	5055	5058	5062	5085	5230	12741
5039	5047	5053	5055	5058	5063	5085	5169	12742
5045	5051	5054	5055	5059	5060	5087	5222	12743
5044	5051	5054	5056	5058	5060	5069	5172	12744
5044	5050	5054	5057	5058	5060	5115	5233	12745
5045	5051	5054	5055	5058	5061	5081	5149	12746
5040	5049	5054	5055	5058	5062	5085	5230	12747
5042	5049	5054	5056	5058	5061	5069	5151	12748
5043	5047	5053	5055	5058	5061	5078	5165	12749
5044	5047	5053	5055	5059	5061	5069	5149	12750
5042	5051	5054	5055	5058	5063	5075	5203	12751
5039	5047	5053	5056	5058	5061	5073	5156	12752
5041	5051	5054	5055	5058	5065	5090	5149	12753
5039	5052	5054	5055	5058	5062	5088	5149	12754
5043	5051	5054	5055	5058	5063	5069	5301	12755
5040	5052	5054	5055	5058	5062	5069	5172	12756
5042	5047	5053	5055	5058	5060	5069	5172	12757
5042	5051	5054	5055	5059	5060	5087	5237	12758
5041	5051	5054	5055	5058	5060	5097	5221	12759
5045	5048	5054	5055	5059	5061	5073	5157	12760
5044	5049	5054	5055	5058	5061	5069	5151	12761
5040	5047	5053	5057	5058	5064	5069	5179	12762
5041	5046	5053	5056	5058	5064	5099	5188	12763
5043	5051	5054	5055	5058	5060	5069	5172	12764
5039	5046	5053	5056	5058	5062	5090	5149	12765
5040	5049	5054	5055	5058	5060	5107	5213	12766
5043	5051	5054	5055	5058	5060	5115	5149	12767
5043	5052	5054	5055	5058	5061	5070	5166	12768
5039	5049	5054	5056	5058	5060	5075	5149	12769
5041	5048	5054	5055	5058	5064	5070	5154	12770
5043	5051	5054	5055	5058	5062	5112	5225	12771
5039	5046	5053	5055	5059	5060	5087	5191	12772
5041	5051	5054	5056	5058	5064	5069	5151	12773
5039	5046	5053	5055	5059	5060	5114	5149	12774
5041	5046	5053	5056	5058	5061	5086	5149	12775
5040	5046	5053	5055	5058	5067	5082	5149	12776
5042	5047	5053	5055	5058	5063	5069	5180	12777
5040	5049	5054	5055	5058	5062	5069	5163	12778
5040	5050	5054	5055	5058	5061	5076	5205	12779
5040	5052	5054	5055	5058	5061	5075	5167	12780
5043	5046	5053	5055	5059	5061	5081	5149	12781
5041	5050	5054	5055	5059	5063	5075	5149	12782
5043	5052	5054	5055	5058	5063	5104	5204	12783
5043	5047	5053	5055	5058	5065	5074	5149	12784
5039	5052	5054	5055	5059	5061	5086	5216	12785
5041	5052	5053	5055	5058	5061	5069	5246	12786
5040	5052	5054	5056	5058	5061	5075	5238	12787
5040	5052	5054	5055	5058	5063	5069	5163	12788
5041	5048	5054	5056	5059	5061	5075	5159	12789
5045	5051	5054	5055	5059	5062	5069	5149	12790
5043	5050	5054	5055	5058	5061	5082	5149	12791
5044	5049	5054	5055	5058	5064	5073	5249	12792
5043	5051	5054	5056	5058	5062	5069	5172	12793
5044	5052	5054	5055	5058	5063	5075	5159	12794
5042	5047	5053	5055	5058	5064	5075	5149	12795
5043	5051	5054	5055	5058	5062	5075	5238	12796
5039	5047	5053	5055	5059	5064	5073	5149	12797
5041	5051	5054	5056	5058	5061	5120	5280	12798
5039	5050	5054	5057	5058	5060	5115	5233	12799
5043	5050	5054	5056	5058	5061	5075	5149	12800
5041	5052	5053	5055	5059	5063	5072	5153	12801
5042	5051	5054	5056	5059	5060	5087	5200	12802
5042	5047	5053	5055	5058	5064	5075	5203	12803
5045	5047	5053	5055	5058	5060	5104	5204	12804
5044	5049	5054	5055	5058	5063	5072	5244	12805
5039	5051	5054	5055	5059	5061	5075	5149	12806
5039	5046	5053	5057	5058	5060	5069	5162	12807
5044	5052	5054	5055	5059	5061	5094	5272	12808
5039	5048	5054	5055	5058	5060	5077	5256	12809
5045	5052	5054	5056	5058	5061	5075	5159	12810
5043	5046	5053	5055	5058	5063	5146	5375	12811
5042	5049	5054	5055	5058	5060	5072	5244	12812
5039	5052	5054	5056	5058	5064	5099	5188	12813
5041	5048	5054	5055	5058	5061	5120	5261	12814
5041	5049	5054	5057	5058	5060	5071	5152	12815
5045	5051	5054	5055	5058	5061	5085	5149	12816
5041	5050	5054	5055	5058	5061	5075	5199	12817
5042	5048	5054	5055	5058	5065	5099	5196	12818
5042	5052	5053	5055	5058	5060	5069	5158	12819
5042	5049	5054	5055	5058	5064	5116	5234	12820
5039	5049	5054	5056	5059	5061	5075	5159	12821
5041	5051	5054	5055	5058	5061	5087	5259	12822
5039	5051	5054	5056	5058	5060	5079	5176	12823
5041	5051	5054	5055	5059	5064	5075	5159	12824
5039	5052	5054	5055	5058	5060	5113	5229	12825
5042	5048	5054	5057	5058	5063	5073	5183	12826
5042	5049	5054	5056	5058	5061	5120	5280	12827
5043	5046	5053	5057	5058	5060	5069	5179	12828
5044	5047	5053	5055	5059	5061	5075	5290	12829
5039	5052	5054	5056	5058	5064	5069	5172	12830
5040	5050	5054	5055	5058	5061	5087	5222	12831
5039	5047	5053	5056	5058	5060	5085	5201	12832
5040	5051	5054	5055	5058	5064	5069	5246	12833
5043	5048	5054	5056	5058	5067	5069	5149	12834
5040	5048	5054	5056	5058	5064	5095	5149	12835
5040	5049	5054	5056	5058	5063	5069	5163	12836
5041	5049	5054	5055	5058	5062	5094	5272	12837
5044	5046	5053	5056	5058	5064	5099	5188	12838
5043	5051	5054	5056	5058	5060	5087	5259	12839
5042	5047	5053	5056	5058	5060	5073	5183	12840
5041	5049	5054	5056	5058	5063	5069	5163	12841
5039	5048	5054	5056	5058	5061	5069	5172	12842
5039	5050	5054	5057	5059	5061	5085	5201	12843
5044	5050	5054	5055	5058	5060	5100	5192	12844
5043	5049	5054	5055	5058	5060	5069	5172	12845
5040	5052	5054	5057	5058	5062	5071	5152	12846
5044	5048	5054	5056	5058	5062	5088	5190	12847
5044	5051	5054	5055	5058	5065	5069	5149	12848
5042	5051	5054	5055	5058	5060	5075	5203	12849
5043	5049	5054	5055	5058	5062	5075	5149	12850
5044	5052	5054	5055	5058	5061	5077	5195	12851
5043	5048	5054	5055	5058	5060	5099	5189	12852
5039	5052	5054	5056	5058	5060	5070	5164	12853
5040	5046	5053	5056	5058	5061	5075	5167	12854
5041	5046	5053	5055	5058	5063	5073	5161	12855
5039	5047	5053	5057	5058	5060	5069	5179	12856
5043	5051	5054	5056	5058	5061	5087	5149	12857
5039	5047	5053	5056	5058	5063	5073	5175	12858
5044	5052	5054	5055	5058	5061	5099	5189	12859
5040	5050	5054	5055	5058	5062	5088	5149	12860
5045	5049	5054	5056	5058	5060	5115	5233	12861
5042	5050	5054	5057	5059	5061	5070	5150	12862
5042	5052	5053	5055	5058	5063	5075	5199	12863
5041	5051	5054	5055	5059	5060	5075	5159	12864
5041	5048	5054	5056	5059	5061	5075	5238	12865
5044	5048	5054	5055	5058	5064	5104	5204	12866
5041	5052	5053	5056	5058	5062	5073	5249	12867
5042	5048	5054	5055	5058	5061	5093	5177	12868
5039	5052	5054	5055	5058	5060	5085	5202	12869
5042	5051	5054	5055	5059	5061	5075	5159	12870
5040	5052	5054	5055	5058	5061	5105	5149	12871
5042	5052	5053	5056	5058	5060	5099	5196	12872
5043	5049	5054	5055	5058	5063	5069	5248	12873
5043	5046	5053	5055	5058	5062	5112	5311	12874
5042	5049	5054	5055	5058	5060	5088	5149	12875
5040	5051	5054	5057	5058	5061	5070	5149	12876
5043	5052	5054	5056	5058	5060	5080	5174	12877
5043	5051	5054	5055	5058	5064	5073	5149	12878
5044	5052	5054	5055	5058	5060	5069	5158	12879
5045	5050	5054	5055	5058	5061	5069	5179	12880
5041	5051	5054	5055	5059	5061	5075	5149	12881
5042	5049	5054	5055	5058	5064	5075	5199	12882
5040	5046	5053	5055	5058	5060	5079	5176	12883
5040	5048	5054	5055	5058	5064	5090	5149	12884
5044	5049	5054	5057	5058	5061	5073	5175	12885
5039	5048	5054	5055	5059	5063	5077	5155	12886
5040	5052	5054	5055	5058	5062	5073	5249	12887
5044	5048	5054	5055	5058	5060	5073	5249	12888
5040	5052	5054	5055	5058	5064	5075	5203	12889
5043	5052	5054	5056	5058	5061	5075	5203	12890
5045	5052	5054	5055	5058	5064	5088	5149	12891
5043	5052	5054	5056	5058	5062	5092	5149	12892
5041	5047	5053	5056	5058	5060	5075	5238	12893
5042	5046	5053	5056	5058	5062	5069	5149	12894
5041	5047	5053	5056	5058	5062	5095	5149	12895
5044	5050	5054	5055	5058	5061	5085	5202	12896
5041	5051	5054	5056	5058	5061	5071	5152	12897
5042	5047	5053	5056	5058	5061	5070	5154	12898
5044	5047	5053	5056	5058	5061	5075	5159	12899
5043	5050	5054	5055	5058	5061	5087	5191	12900
5045	5048	5054	5056	5058	5064	5073	5157	12901
5042	5050	5054	5055	5058	5062	5069	5258	12902
5043	5052	5054	5055	5058	5064	5093	5177	12903
5043	5048	5054	5055	5058	5060	5070	5166	12904
5045	5049	5054	5056	5058	5061	5098	5186	12905
5039	5050	5054	5055	5058	5060	5113	5229	12906
5040	5049	5054	5055	5058	5060	5104	5204	12907
5041	5046	5053	5055	5058	5061	5075	5167	12908
5040	5046	5053	5056	5058	5064	5073	5157	12909
5040	5052	5054	5056	5058	5060	5073	5183	12910
5040	5049	5054	5056	5058	5061	5075	5238	12911
5043	5047	5053	5055	5058	5064	5073	5249	12912
5044	5051	5054	5057	5058	5061	5069	5179	12913
5039	5048	5054	5056	5058	5061	5130	5296	12914
5041	5049	5054	5056	5058	5062	5069	5258	12915
5044	5047	5053	5055	5058	5063	5107	5213	12916
5039	5052	5054	5056	5058	5061	5075	5167	12917
5044	5052	5054	5056	5058	5060	5080	5174	12918
5041	5049	5054	5055	5059	5062	5069	5149	12919
5045	5049	5054	5056	5058	5060	5069	5180	12920
5040	5046	5053	5056	5058	5064	5075	5149	12921
5039	5047	5053	5056	5058	5060	5070	5164	12922
5039	5050	5054	5055	5058	5060	5075	5290	12923
5041	5049	5054	5057	5058	5065	5087	5191	12924
5040	5052	5054	5055	5059	5060	5087	5149	12925
5043	5048	5054	5055	5058	5060	5070	5173	12926
5041	5049	5054	5055	5058	5060	5072	5244	12927
5039	5051	5054	5055	5058	5063	5072	5149	12928
5041	5052	5053	5055	5059	5062	5075	5149	12929
5043	5047	5053	5055	5058	5063	5088	5149	12930
5042	5051	5054	5055	5058	5064	5075	5149	12931
5044	5046	5053	5055	5058	5060	5097	5221	12932
5039	5052	5054	5055	5058	5063	5086	5216	12933
5041	5046	5053	5055	5058	5065	5106	5212	12934
5044	5048	5054	5055	5058	5060	5087	5149	12935
5041	5049	5054	5055	5058	5061	5069	5182	12936
5043	5049	5054	5055	5058	5063	5075	5159	12937
5040	5049	5054	5056	5059	5060	5069	5149	12938
5044	5051	5054	5056	5058	5060	5069	5187	12939
5043	5047	5053	5055	5058	5062	5069	5246	12940
5041	5049	5054	5056	5058	5067	5069	5149	12941
5042	5048	5054	5055	5058	5060	5088	5268	12942
5044	5046	5053	5055	5058	5061	5089	5170	12943
5041	5046	5053	5055	5058	5062	5095	5149	12944
5044	5052	5054	5057	5058	5064	5075	5149	12945
5045	5046	5053	5056	5058	5061	5073	5183	12946
5039	5046	5053	5055	5058	5062	5075	5223	12947
5043	5052	5054	5055	5058	5061	5077	5195	12948
5040	5049	5054	5055	5058	5061	5087	5222	12949
5039	5052	5054	5056	5059	5064	5075	5149	12950
5043	5047	5053	5056	5059	5061	5070	5150	12951
5041	5050	5054	5055	5058	5062	5070	5150	12952
5044	5049	5054	5055	5058	5061	5085	5149	12953
5044	5049	5054	5057	5058	5061	5081	5210	12954
5042	5051	5054	5056	5058	5061	5075	5149	12955
5045	5052	5054	5056	5058	5061	5082	5149	12956
5042	5046	5053	5056	5058	5062	5088	5190	12957
5039	5050	5054	5055	5058	5061	5089	5149	12958
5045	5051	5054	5055	5058	5061	5087	5259	12959
5043	5048	5054	5055	5058	5062	5076	5205	12960
5044	5049	5054	5057	5058	5065	5087	5191	12961
5039	5052	5054	5055	5058	5060	5088	5268	12962
5043	5052	5054	5055	5059	5063	5077	5155	12963
5039	5052	5054	5055	5058	5061	5079	5176	12964
5043	5049	5054	5055	5058	5061	5085	5307	12965
5040	5051	5054	5055	5058	5062	5085	5202	12966
5042	5052	5053	5056	5058	5064	5079	5176	12967
5045	5052	5054	5057	5058	5061	5073	5175	12968
5039	5048	5054	5055	5058	5061	5118	5149	12969
5044	5052	5054	5055	5058	5062	5070	5149	12970
5039	5050	5054	5055	5058	5060	5112	5225	12971
5043	5050	5054	5055	5059	5061	5108	5214	12972
5039	5051	5054	5056	5059	5061	5070	5164	12973
5039	5050	5054	5055	5058	5064	5078	5165	12974
5043	5052	5054	5056	5058	5062	5070	5164	12975
5041	5051	5054	5055	5058	5062	5077	5195	12976
5041	5052	5053	5056	5058	5060	5071	5152	12977
5044	5052	5054	5055	5058	5060	5115	5304	12978
5039	5046	5053	5056	5058	5061	5073	5156	12979
5044	5047	5053	5056	5058	5062	5070	5150	12980
5042	5046	5053	5055	5058	5061	5073	5157	12981
5041	5047	5053	5055	5059	5060	5070	5173	12982
5041	5047	5053	5056	5058	5064	5075	5238	12983
5043	5046	5053	5055	5058	5062	5069	5252	12984
5040	5050	5054	5057	5058	5064	5070	5149	12985
5041	5049	5054	5055	5058	5062	5116	5234	12986
5040	5046	5053	5055	5058	5061	5085	5149	12987
5041	5047	5053	5056	5058	5062	5069	5149	12988
5042	5050	5054	5055	5058	5062	5069	5179	12989
5043	5050	5054	5056	5059	5061	5069	5149	12990
5042	5051	5054	5055	5058	5064	5099	5189	12991
5045	5046	5053	5055	5058	5061	5083	5149	12992
5041	5046	5053	5055	5058	5062	5075	5238	12993
5040	5048	5054	5056	5058	5060	5075	5159	12994
5040	5052	5054	5055	5058	5060	5099	5189	12995
5043	5048	5054	5055	5058	5060	5085	5169	12996
5043	5050	5054	5055	5059	5060	5075	5159	12997
5044	5048	5054	5055	5058	5066	5095	5149	12998
5044	5052	5054	5055	5058	5061	5112	5225	12999
5042	5052	5053	5055	5058	5061	5087	5222	13000
5041	5048	5054	5055	5058	5061	5088	5149	13001
5039	5052	5054	5056	5059	5064	5075	5159	13002
5045	5049	5054	5056	5059	5060	5069	5149	13003
5040	5046	5053	5055	5058	5063	5070	5149	13004
5042	5048	5054	5056	5058	5065	5073	5218	13005
5039	5046	5053	5055	5058	5063	5078	5165	13006
5041	5048	5054	5057	5058	5060	5078	5165	13007
5039	5047	5053	5055	5058	5063	5106	5212	13008
5041	5050	5054	5055	5058	5061	5112	5225	13009
5039	5051	5054	5055	5059	5060	5087	5222	13010
5044	5051	5054	5057	5058	5064	5070	5150	13011
5039	5052	5054	5057	5058	5061	5121	5255	13012
5039	5049	5054	5055	5058	5061	5073	5157	13013
5044	5047	5053	5055	5058	5064	5104	5204	13014
5043	5046	5053	5056	5058	5060	5070	5164	13015
5041	5051	5054	5056	5059	5061	5073	5156	13016
5039	5050	5054	5055	5058	5062	5069	5235	13017
5042	5050	5054	5055	5059	5065	5088	5149	13018
5040	5047	5053	5055	5058	5064	5104	5204	13019
5039	5046	5053	5055	5058	5061	5069	5278	13020
5042	5047	5053	5057	5058	5061	5073	5175	13021
5043	5049	5054	5055	5058	5063	5087	5191	13022
5043	5049	5054	5055	5058	5065	5112	5225	13023
5041	5048	5054	5055	5058	5060	5083	5149	13024
5042	5049	5054	5055	5058	5062	5075	5149	13025
5042	5049	5054	5055	5059	5061	5069	5149	13026
5040	5049	5054	5055	5058	5060	5069	5185	13027
5041	5052	5053	5056	5058	5061	5069	5180	13028
5043	5047	5053	5057	5058	5063	5069	5278	13029
5041	5052	5053	5055	5058	5064	5070	5149	13030
5042	5050	5054	5055	5058	5062	5072	5153	13031
5040	5047	5053	5055	5058	5060	5086	5310	13032
5044	5047	5053	5055	5058	5060	5086	5211	13033
5041	5049	5054	5055	5059	5061	5069	5235	13034
5042	5052	5053	5055	5058	5060	5069	5151	13035
5039	5049	5054	5056	5058	5067	5073	5183	13036
5040	5051	5054	5055	5058	5065	5093	5177	13037
5039	5049	5054	5055	5059	5061	5075	5159	13038
5039	5048	5054	5056	5058	5060	5069	5180	13039
5042	5046	5053	5055	5058	5064	5069	5235	13040
5045	5048	5054	5055	5059	5060	5070	5173	13041
5041	5052	5053	5055	5058	5064	5088	5149	13042
5042	5049	5054	5055	5058	5060	5073	5149	13043
5043	5052	5054	5055	5058	5060	5080	5149	13044
5042	5047	5053	5055	5058	5063	5087	5149	13045
5039	5046	5053	5056	5058	5060	5075	5167	13046
5041	5047	5053	5055	5058	5062	5080	5149	13047
5045	5050	5054	5056	5058	5061	5069	5163	13048
5045	5048	5054	5055	5058	5060	5098	5186	13049
5042	5048	5054	5056	5058	5061	5099	5188	13050
5039	5051	5054	5055	5058	5067	5069	5149	13051
5040	5047	5053	5055	5059	5060	5087	5222	13052
5044	5048	5054	5055	5058	5060	5079	5149	13053
5040	5049	5054	5056	5058	5061	5142	5149	13054
5044	5052	5054	5055	5059	5061	5069	5180	13055
5043	5049	5054	5055	5058	5060	5069	5179	13056
5044	5050	5054	5057	5058	5060	5069	5179	13057
5042	5046	5053	5055	5058	5061	5085	5149	13058
5039	5046	5053	5055	5058	5060	5069	5185	13059
5044	5049	5054	5055	5058	5061	5092	5149	13060
5045	5047	5053	5056	5058	5064	5075	5238	13061
5039	5049	5054	5055	5058	5062	5069	5180	13062
5039	5049	5054	5055	5058	5061	5079	5176	13063
5039	5046	5053	5055	5058	5064	5073	5156	13064
5043	5051	5054	5057	5058	5060	5069	5179	13065
5043	5051	5054	5056	5058	5065	5095	5149	13066
5041	5047	5053	5055	5058	5063	5073	5156	13067
5041	5049	5054	5055	5059	5060	5088	5149	13068
5039	5046	5053	5055	5059	5061	5073	5156	13069
5043	5050	5054	5056	5058	5061	5073	5249	13070
5044	5047	5053	5056	5058	5061	5070	5164	13071
5042	5048	5054	5055	5058	5061	5069	5182	13072
5043	5046	5053	5055	5058	5065	5106	5212	13073
5045	5049	5054	5056	5058	5062	5073	5183	13074
5040	5052	5054	5055	5059	5061	5069	5235	13075
5040	5051	5054	5057	5059	5061	5070	5150	13076
5041	5046	5053	5055	5058	5060	5073	5249	13077
5045	5051	5054	5055	5058	5063	5069	5179	13078
5041	5049	5054	5055	5059	5063	5075	5149	13079
5041	5051	5054	5055	5058	5063	5073	5149	13080
5043	5048	5054	5055	5058	5061	5104	5204	13081
5040	5051	5054	5056	5058	5060	5070	5149	13082
5040	5052	5054	5055	5058	5061	5106	5149	13083
5040	5052	5054	5056	5058	5060	5087	5267	13084
5041	5051	5054	5057	5058	5060	5070	5150	13085
5041	5049	5054	5055	5059	5060	5070	5150	13086
5043	5052	5054	5055	5058	5064	5099	5196	13087
5042	5050	5054	5056	5058	5061	5075	5238	13088
5043	5051	5054	5055	5058	5063	5085	5307	13089
5040	5047	5053	5055	5058	5062	5097	5221	13090
5042	5051	5054	5055	5059	5060	5069	5149	13091
5039	5051	5054	5055	5058	5060	5113	5229	13092
5041	5048	5054	5056	5058	5061	5080	5174	13093
5040	5050	5054	5056	5058	5067	5124	5149	13094
5040	5051	5054	5056	5058	5061	5073	5156	13095
5044	5051	5054	5056	5058	5060	5113	5229	13096
5041	5051	5054	5055	5058	5060	5087	5259	13097
5039	5047	5053	5055	5058	5060	5097	5149	13098
5045	5050	5054	5056	5058	5061	5075	5238	13099
5044	5049	5054	5057	5058	5063	5069	5163	13100
5042	5048	5054	5056	5058	5061	5098	5186	13101
5042	5047	5053	5056	5058	5060	5121	5255	13102
5039	5051	5054	5055	5058	5061	5085	5201	13103
5042	5052	5053	5055	5058	5060	5086	5211	13104
5039	5050	5054	5055	5058	5061	5073	5149	13105
5041	5052	5053	5056	5058	5061	5071	5152	13106
5043	5048	5054	5055	5059	5060	5070	5150	13107
5040	5052	5054	5055	5059	5061	5088	5297	13108
5042	5052	5053	5055	5058	5060	5073	5183	13109
5044	5050	5054	5055	5058	5061	5095	5149	13110
5045	5049	5054	5055	5058	5063	5069	5162	13111
5042	5049	5054	5055	5059	5061	5095	5322	13112
5040	5047	5053	5055	5058	5064	5069	5162	13113
5043	5052	5054	5055	5058	5060	5070	5149	13114
5039	5046	5053	5055	5058	5060	5085	5230	13115
5043	5048	5054	5055	5058	5061	5106	5212	13116
5041	5052	5053	5057	5058	5062	5080	5149	13117
5042	5049	5054	5055	5058	5063	5069	5182	13118
5040	5050	5054	5056	5058	5060	5102	5149	13119
5041	5052	5053	5055	5058	5061	5069	5281	13120
5040	5049	5054	5055	5058	5063	5075	5159	13121
5045	5046	5053	5055	5058	5064	5075	5149	13122
5039	5050	5054	5056	5058	5062	5070	5149	13123
5040	5047	5053	5056	5058	5061	5075	5159	13124
5040	5047	5053	5056	5058	5064	5099	5188	13125
5042	5047	5053	5055	5058	5060	5075	5167	13126
5039	5050	5054	5055	5058	5060	5069	5235	13127
5043	5048	5054	5055	5058	5060	5069	5235	13128
5041	5050	5054	5055	5058	5065	5088	5149	13129
5042	5049	5054	5055	5058	5064	5069	5248	13130
5044	5052	5054	5055	5058	5063	5073	5156	13131
5039	5050	5054	5055	5059	5061	5070	5150	13132
5039	5049	5054	5055	5058	5063	5071	5149	13133
5045	5046	5053	5055	5058	5065	5095	5149	13134
5043	5051	5054	5055	5059	5064	5069	5149	13135
5044	5052	5054	5056	5058	5061	5106	5212	13136
5042	5048	5054	5055	5058	5061	5085	5251	13137
5040	5052	5054	5055	5058	5064	5112	5225	13138
5041	5048	5054	5055	5058	5061	5082	5149	13139
5040	5051	5054	5055	5058	5061	5075	5326	13140
5041	5047	5053	5055	5058	5063	5095	5149	13141
5042	5047	5053	5055	5058	5062	5075	5149	13142
5039	5047	5053	5057	5058	5061	5075	5149	13143
5039	5052	5054	5056	5058	5064	5092	5149	13144
5040	5051	5054	5056	5058	5060	5075	5149	13145
5045	5050	5054	5055	5058	5061	5069	5240	13146
5043	5047	5053	5056	5058	5061	5070	5164	13147
5041	5046	5053	5055	5059	5061	5085	5149	13148
5045	5048	5054	5055	5058	5062	5070	5150	13149
5040	5052	5054	5055	5058	5062	5095	5149	13150
5045	5046	5053	5056	5058	5060	5080	5149	13151
5043	5051	5054	5055	5058	5062	5097	5221	13152
5039	5048	5054	5055	5059	5061	5081	5210	13153
5042	5047	5053	5055	5058	5060	5069	5158	13154
5041	5051	5054	5055	5058	5064	5075	5203	13155
5042	5049	5054	5055	5058	5064	5112	5225	13156
5044	5048	5054	5055	5058	5062	5076	5205	13157
5042	5052	5053	5056	5058	5061	5098	5186	13158
5041	5047	5053	5055	5059	5065	5075	5149	13159
5042	5052	5053	5055	5058	5061	5069	5235	13160
5043	5051	5054	5056	5058	5062	5075	5149	13161
5045	5046	5053	5055	5058	5061	5072	5153	13162
5044	5050	5054	5055	5058	5061	5073	5161	13163
5043	5047	5053	5056	5059	5061	5070	5149	13164
5043	5046	5053	5055	5059	5061	5069	5262	13165
5040	5046	5053	5055	5058	5061	5110	5149	13166
5040	5051	5054	5055	5058	5064	5122	5372	13167
5044	5048	5054	5055	5058	5061	5075	5199	13168
5039	5046	5053	5056	5059	5064	5073	5156	13169
5043	5047	5053	5055	5058	5065	5069	5149	13170
5039	5050	5054	5055	5058	5065	5073	5218	13171
5041	5051	5054	5055	5058	5060	5099	5189	13172
5039	5051	5054	5055	5058	5064	5073	5161	13173
5043	5051	5054	5055	5058	5060	5075	5167	13174
5044	5049	5054	5055	5059	5063	5069	5149	13175
5042	5049	5054	5055	5059	5061	5070	5149	13176
5045	5051	5054	5055	5058	5064	5093	5177	13177
5039	5049	5054	5055	5059	5060	5087	5149	13178
5041	5049	5054	5055	5058	5060	5073	5183	13179
5044	5047	5053	5055	5058	5062	5080	5174	13180
5039	5052	5054	5055	5058	5061	5135	5149	13181
5042	5050	5054	5055	5058	5065	5092	5149	13182
5042	5047	5053	5056	5058	5061	5086	5216	13183
5043	5046	5053	5055	5058	5064	5073	5157	13184
5041	5050	5054	5055	5058	5060	5075	5167	13185
5044	5047	5053	5056	5058	5061	5075	5203	13186
5044	5052	5054	5055	5059	5065	5069	5149	13187
5042	5048	5054	5055	5058	5062	5085	5202	13188
5043	5052	5054	5057	5058	5061	5069	5149	13189
5045	5052	5054	5056	5058	5061	5073	5175	13190
5041	5046	5053	5055	5059	5060	5070	5150	13191
5040	5047	5053	5055	5058	5062	5070	5150	13192
5041	5052	5053	5056	5058	5060	5079	5176	13193
5041	5046	5053	5055	5058	5061	5076	5205	13194
5044	5050	5054	5057	5058	5061	5085	5201	13195
5041	5050	5054	5055	5058	5062	5086	5216	13196
5039	5049	5054	5055	5058	5061	5085	5273	13197
5039	5051	5054	5055	5059	5060	5085	5169	13198
5044	5050	5054	5055	5058	5062	5086	5211	13199
5040	5049	5054	5055	5058	5064	5073	5249	13200
5041	5046	5053	5055	5058	5060	5110	5149	13201
5044	5046	5053	5055	5059	5061	5097	5149	13202
5043	5047	5053	5055	5058	5061	5085	5230	13203
5043	5047	5053	5056	5058	5060	5098	5186	13204
5044	5047	5053	5056	5058	5060	5073	5183	13205
5041	5049	5054	5057	5059	5061	5121	5255	13206
5040	5050	5054	5056	5058	5060	5073	5218	13207
5045	5052	5054	5057	5058	5065	5087	5191	13208
5040	5046	5053	5055	5058	5064	5078	5149	13209
5042	5047	5053	5056	5058	5060	5081	5149	13210
5039	5049	5054	5055	5058	5063	5093	5177	13211
5041	5049	5054	5057	5059	5064	5070	5149	13212
5042	5052	5053	5055	5058	5060	5085	5201	13213
5044	5046	5053	5055	5058	5062	5070	5154	13214
5040	5051	5054	5055	5058	5061	5069	5340	13215
5042	5046	5053	5055	5058	5061	5075	5167	13216
5041	5049	5054	5055	5058	5060	5099	5189	13217
5039	5046	5053	5055	5058	5060	5085	5323	13218
5040	5046	5053	5055	5058	5060	5073	5183	13219
5041	5047	5053	5055	5058	5063	5070	5149	13220
5041	5049	5054	5055	5058	5061	5069	5281	13221
5044	5050	5054	5056	5058	5064	5078	5165	13222
5044	5048	5054	5055	5058	5062	5069	5207	13223
5042	5050	5054	5055	5058	5061	5093	5177	13224
5039	5052	5054	5055	5058	5064	5099	5196	13225
5041	5052	5053	5056	5058	5065	5073	5218	13226
5041	5050	5054	5055	5058	5060	5069	5209	13227
5041	5050	5054	5055	5059	5065	5069	5149	13228
5040	5052	5054	5055	5058	5062	5081	5210	13229
5044	5046	5053	5055	5058	5060	5085	5220	13230
5041	5046	5053	5055	5058	5060	5075	5167	13231
5041	5049	5054	5056	5058	5061	5069	5187	13232
5044	5046	5053	5056	5058	5065	5095	5149	13233
5045	5052	5054	5056	5058	5064	5099	5188	13234
5041	5050	5054	5056	5059	5060	5075	5149	13235
5039	5047	5053	5055	5059	5061	5075	5159	13236
5041	5051	5054	5055	5058	5061	5085	5201	13237
5040	5047	5053	5055	5058	5066	5095	5149	13238
5045	5050	5054	5055	5058	5061	5069	5207	13239
5040	5049	5054	5055	5059	5060	5075	5159	13240
5041	5051	5054	5055	5058	5060	5102	5274	13241
5041	5046	5053	5055	5059	5060	5087	5149	13242
5039	5049	5054	5056	5058	5061	5075	5149	13243
5044	5049	5054	5055	5058	5061	5081	5149	13244
5042	5047	5053	5055	5058	5064	5088	5190	13245
5043	5047	5053	5055	5058	5061	5077	5195	13246
5044	5047	5053	5056	5058	5062	5073	5183	13247
5039	5050	5054	5056	5059	5061	5075	5238	13248
5045	5048	5054	5055	5058	5061	5128	5378	13249
5041	5047	5053	5055	5058	5060	5115	5233	13250
5042	5046	5053	5055	5058	5064	5069	5162	13251
5040	5052	5054	5055	5058	5061	5120	5253	13252
5042	5051	5054	5055	5058	5060	5115	5276	13253
5043	5047	5053	5055	5058	5061	5075	5279	13254
5042	5051	5054	5055	5058	5061	5069	5247	13255
5044	5051	5054	5055	5058	5063	5084	5160	13256
5043	5048	5054	5055	5058	5060	5078	5165	13257
5045	5048	5054	5055	5058	5064	5093	5177	13258
5040	5052	5054	5055	5058	5061	5087	5191	13259
5044	5047	5053	5055	5058	5066	5095	5149	13260
5041	5049	5054	5055	5058	5065	5086	5211	13261
5044	5049	5054	5055	5058	5061	5078	5149	13262
5043	5048	5054	5056	5058	5062	5102	5149	13263
5043	5052	5054	5056	5058	5061	5069	5163	13264
5044	5052	5054	5055	5058	5061	5069	5180	13265
5042	5048	5054	5055	5059	5060	5070	5315	13266
5039	5050	5054	5055	5058	5064	5099	5189	13267
5045	5047	5053	5055	5058	5062	5107	5213	13268
5044	5046	5053	5055	5058	5064	5069	5162	13269
5040	5047	5053	5055	5058	5061	5088	5168	13270
5040	5052	5054	5055	5058	5063	5112	5225	13271
5041	5049	5054	5055	5058	5061	5069	5278	13272
5044	5047	5053	5055	5058	5061	5069	5185	13273
5039	5050	5054	5055	5058	5061	5069	5368	13274
5040	5050	5054	5055	5059	5060	5085	5230	13275
5040	5047	5053	5056	5058	5064	5075	5238	13276
5041	5048	5054	5056	5058	5061	5069	5151	13277
5039	5048	5054	5057	5058	5060	5088	5268	13278
5042	5052	5053	5055	5058	5063	5077	5195	13279
5044	5050	5054	5055	5058	5060	5118	5149	13280
5039	5047	5053	5055	5059	5061	5088	5300	13281
5042	5049	5054	5056	5058	5061	5073	5149	13282
5043	5046	5053	5056	5058	5060	5086	5149	13283
5042	5047	5053	5055	5058	5061	5073	5325	13284
5044	5047	5053	5055	5058	5064	5088	5190	13285
5044	5048	5054	5055	5058	5061	5069	5172	13286
5044	5052	5054	5055	5058	5063	5104	5204	13287
5041	5046	5053	5056	5058	5065	5071	5152	13288
5045	5046	5053	5055	5059	5062	5069	5149	13289
5040	5046	5053	5055	5058	5060	5087	5191	13290
5041	5049	5054	5056	5058	5060	5087	5222	13291
5043	5047	5053	5056	5058	5061	5081	5149	13292
5042	5047	5053	5055	5059	5062	5069	5149	13293
5040	5046	5053	5055	5059	5060	5097	5149	13294
5042	5051	5054	5055	5058	5060	5069	5151	13295
5041	5052	5053	5055	5058	5061	5121	5260	13296
5044	5048	5054	5055	5058	5060	5070	5166	13297
5043	5046	5053	5056	5058	5062	5075	5238	13298
5039	5047	5053	5055	5058	5063	5104	5204	13299
5041	5047	5053	5055	5058	5061	5099	5283	13300
5042	5046	5053	5055	5058	5060	5073	5249	13301
5041	5051	5054	5055	5059	5061	5117	5149	13302
5039	5046	5053	5056	5058	5064	5069	5151	13303
5041	5051	5054	5056	5058	5060	5087	5149	13304
5041	5048	5054	5057	5058	5060	5075	5149	13305
5040	5052	5054	5056	5058	5063	5073	5249	13306
5042	5048	5054	5055	5059	5060	5088	5268	13307
5044	5046	5053	5056	5058	5061	5073	5156	13308
5041	5046	5053	5055	5059	5061	5073	5156	13309
5041	5049	5054	5056	5058	5060	5075	5149	13310
5040	5049	5054	5057	5058	5061	5081	5210	13311
5041	5047	5053	5055	5058	5064	5073	5161	13312
5043	5047	5053	5056	5058	5060	5102	5149	13313
5044	5051	5054	5055	5058	5060	5084	5160	13314
5040	5048	5054	5055	5058	5060	5088	5168	13315
5044	5050	5054	5055	5058	5061	5069	5252	13316
5043	5052	5054	5055	5059	5060	5069	5179	13317
5041	5048	5054	5056	5059	5060	5075	5159	13318
5039	5048	5054	5055	5058	5062	5076	5205	13319
5043	5051	5054	5055	5058	5062	5084	5232	13320
5044	5050	5054	5055	5058	5061	5073	5183	13321
5040	5048	5054	5057	5058	5060	5079	5176	13322
5041	5050	5054	5055	5058	5064	5069	5151	13323
5043	5050	5054	5056	5058	5060	5113	5229	13324
5042	5049	5054	5056	5058	5061	5092	5149	13325
5045	5052	5054	5055	5059	5064	5069	5149	13326
5043	5047	5053	5056	5058	5064	5098	5186	13327
5040	5046	5053	5055	5058	5061	5079	5176	13328
5041	5049	5054	5055	5058	5061	5120	5253	13329
5044	5047	5053	5055	5058	5062	5097	5221	13330
5042	5049	5054	5055	5058	5060	5088	5168	13331
5040	5047	5053	5055	5058	5061	5115	5233	13332
5039	5047	5053	5056	5058	5062	5070	5164	13333
5044	5051	5054	5055	5058	5063	5093	5177	13334
5042	5052	5053	5056	5058	5062	5073	5249	13335
5045	5049	5054	5055	5058	5063	5084	5160	13336
5042	5047	5053	5056	5058	5064	5090	5149	13337
5044	5046	5053	5055	5058	5065	5095	5149	13338
5039	5046	5053	5055	5058	5060	5114	5149	13339
5045	5047	5053	5056	5059	5062	5075	5149	13340
5042	5047	5053	5055	5058	5060	5114	5149	13341
5045	5052	5054	5056	5058	5060	5069	5172	13342
5041	5049	5054	5056	5058	5063	5069	5209	13343
5042	5046	5053	5055	5058	5061	5118	5149	13344
5044	5051	5054	5055	5058	5061	5069	5182	13345
5043	5048	5054	5055	5058	5066	5095	5149	13346
5044	5051	5054	5055	5058	5065	5073	5157	13347
5043	5048	5054	5055	5058	5061	5076	5149	13348
5039	5052	5054	5055	5058	5061	5106	5212	13349
5040	5046	5053	5056	5058	5062	5086	5216	13350
5040	5049	5054	5055	5058	5061	5123	5277	13351
5039	5051	5054	5055	5058	5060	5085	5230	13352
5044	5050	5054	5055	5058	5063	5069	5180	13353
5041	5047	5053	5055	5058	5060	5088	5149	13354
5044	5052	5054	5057	5058	5064	5073	5183	13355
5045	5051	5054	5055	5058	5060	5079	5176	13356
5040	5048	5054	5057	5058	5064	5069	5149	13357
5045	5049	5054	5055	5058	5060	5124	5275	13358
5041	5048	5054	5055	5058	5060	5075	5203	13359
5043	5046	5053	5055	5058	5061	5086	5211	13360
5043	5052	5054	5055	5058	5065	5086	5216	13361
5044	5047	5053	5055	5058	5061	5081	5210	13362
5043	5051	5054	5057	5058	5062	5069	5162	13363
5043	5052	5054	5056	5058	5061	5069	5172	13364
5039	5047	5053	5055	5058	5061	5081	5149	13365
5040	5052	5054	5055	5059	5061	5094	5272	13366
5040	5047	5053	5055	5058	5062	5076	5149	13367
5044	5052	5054	5055	5058	5060	5087	5149	13368
5042	5052	5053	5055	5058	5060	5080	5174	13369
5044	5052	5054	5055	5058	5062	5069	5209	13370
5041	5052	5053	5056	5058	5062	5075	5149	13371
5043	5047	5053	5056	5058	5061	5115	5233	13372
5040	5052	5054	5056	5058	5063	5073	5175	13373
5041	5048	5054	5057	5058	5061	5073	5183	13374
5039	5052	5054	5056	5059	5060	5069	5240	13375
5043	5046	5053	5055	5058	5061	5078	5149	13376
5044	5047	5053	5056	5058	5066	5075	5245	13377
5043	5046	5053	5055	5059	5061	5073	5183	13378
5040	5050	5054	5055	5058	5064	5110	5149	13379
5040	5049	5054	5055	5058	5062	5070	5149	13380
5044	5046	5053	5055	5059	5061	5069	5180	13381
5041	5048	5054	5056	5058	5060	5087	5191	13382
5041	5052	5053	5055	5058	5061	5087	5259	13383
5040	5046	5053	5055	5059	5063	5069	5149	13384
5043	5047	5053	5055	5058	5062	5069	5180	13385
5039	5050	5054	5057	5058	5061	5073	5183	13386
5043	5050	5054	5055	5058	5063	5072	5153	13387
5042	5052	5053	5055	5058	5061	5069	5187	13388
5041	5052	5053	5056	5058	5063	5069	5180	13389
5043	5047	5053	5055	5058	5061	5069	5266	13390
5041	5046	5053	5057	5058	5061	5070	5149	13391
5044	5052	5054	5056	5058	5060	5090	5149	13392
5040	5052	5054	5055	5058	5061	5112	5311	13393
5039	5048	5054	5056	5058	5065	5095	5149	13394
5044	5050	5054	5056	5059	5061	5070	5150	13395
5045	5048	5054	5056	5058	5065	5095	5149	13396
5040	5052	5054	5055	5058	5060	5078	5165	13397
5043	5049	5054	5055	5058	5060	5069	5248	13398
5045	5049	5054	5055	5058	5062	5075	5159	13399
5042	5049	5054	5057	5058	5063	5073	5183	13400
5045	5047	5053	5055	5058	5064	5076	5205	13401
5043	5050	5054	5055	5059	5061	5112	5225	13402
5042	5048	5054	5055	5058	5060	5069	5151	13403
5044	5047	5053	5056	5058	5062	5088	5190	13404
5039	5049	5054	5056	5058	5062	5070	5150	13405
5044	5051	5054	5056	5058	5060	5075	5149	13406
5039	5052	5054	5055	5058	5060	5079	5176	13407
5044	5046	5053	5055	5058	5065	5071	5152	13408
5041	5052	5053	5055	5059	5060	5072	5153	13409
5041	5049	5054	5056	5058	5060	5080	5149	13410
5044	5050	5054	5055	5058	5061	5070	5166	13411
5039	5046	5053	5055	5058	5061	5083	5149	13412
5043	5052	5054	5055	5058	5060	5070	5166	13413
5044	5049	5054	5055	5058	5062	5120	5261	13414
5041	5050	5054	5055	5059	5060	5072	5374	13415
5043	5049	5054	5055	5058	5060	5114	5149	13416
5043	5048	5054	5055	5058	5063	5075	5149	13417
5044	5052	5054	5056	5058	5064	5079	5176	13418
5044	5049	5054	5055	5058	5062	5087	5191	13419
5044	5046	5053	5055	5059	5061	5069	5179	13420
5044	5047	5053	5055	5059	5063	5073	5156	13421
5043	5048	5054	5055	5058	5060	5073	5249	13422
5040	5052	5054	5057	5059	5061	5075	5159	13423
5040	5048	5054	5057	5059	5061	5070	5154	13424
5040	5047	5053	5055	5058	5064	5106	5212	13425
5040	5048	5054	5055	5058	5060	5075	5290	13426
5039	5052	5054	5055	5059	5064	5069	5149	13427
5039	5049	5054	5055	5059	5062	5077	5155	13428
5042	5047	5053	5055	5058	5062	5073	5161	13429
5039	5046	5053	5055	5058	5064	5073	5157	13430
5042	5049	5054	5055	5058	5060	5087	5191	13431
5040	5052	5054	5055	5058	5062	5087	5200	13432
5044	5050	5054	5057	5058	5063	5069	5149	13433
5042	5047	5053	5055	5058	5065	5070	5243	13434
5039	5052	5054	5055	5058	5066	5107	5213	13435
5040	5047	5053	5056	5059	5061	5071	5149	13436
5039	5050	5054	5055	5058	5062	5069	5179	13437
5044	5046	5053	5056	5058	5061	5075	5159	13438
5039	5052	5054	5056	5058	5064	5073	5249	13439
5043	5047	5053	5055	5058	5061	5104	5204	13440
5043	5046	5053	5055	5058	5061	5069	5162	13441
5043	5050	5054	5056	5058	5065	5106	5212	13442
5044	5049	5054	5055	5058	5061	5105	5149	13443
5045	5051	5054	5056	5058	5061	5080	5149	13444
5041	5048	5054	5057	5058	5061	5075	5149	13445
5044	5049	5054	5055	5058	5061	5069	5252	13446
5040	5049	5054	5055	5058	5060	5084	5232	13447
5039	5051	5054	5055	5059	5064	5075	5159	13448
5044	5047	5053	5055	5058	5063	5070	5149	13449
5043	5050	5054	5055	5058	5064	5070	5154	13450
5039	5050	5054	5055	5058	5060	5069	5163	13451
5040	5050	5054	5055	5059	5060	5069	5151	13452
5045	5052	5054	5055	5058	5060	5080	5174	13453
5045	5052	5054	5055	5058	5062	5121	5255	13454
5041	5048	5054	5055	5059	5061	5070	5166	13455
5045	5050	5054	5056	5058	5061	5080	5149	13456
5041	5048	5054	5056	5059	5061	5070	5150	13457
5041	5050	5054	5056	5058	5061	5069	5258	13458
5045	5049	5054	5055	5058	5061	5080	5149	13459
5044	5049	5054	5055	5059	5064	5075	5149	13460
5039	5052	5054	5056	5058	5065	5071	5152	13461
5039	5050	5054	5056	5058	5064	5069	5163	13462
5041	5049	5054	5056	5058	5063	5075	5149	13463
5041	5049	5054	5055	5058	5063	5070	5149	13464
5039	5048	5054	5055	5059	5064	5075	5159	13465
5040	5051	5054	5056	5058	5061	5099	5188	13466
5039	5048	5054	5055	5058	5061	5103	5149	13467
5039	5048	5054	5055	5059	5062	5069	5149	13468
5041	5052	5053	5056	5058	5061	5069	5151	13469
5044	5048	5054	5055	5058	5067	5088	5299	13470
5040	5051	5054	5056	5058	5060	5124	5149	13471
5041	5052	5053	5055	5059	5062	5069	5248	13472
5045	5047	5053	5055	5059	5060	5096	5181	13473
5043	5047	5053	5055	5058	5060	5075	5167	13474
5041	5048	5054	5056	5058	5061	5087	5267	13475
5044	5051	5054	5055	5058	5060	5087	5191	13476
5040	5051	5054	5055	5058	5061	5089	5170	13477
5039	5050	5054	5055	5058	5064	5069	5162	13478
5043	5052	5054	5056	5058	5060	5087	5200	13479
5039	5050	5054	5056	5058	5062	5069	5163	13480
5045	5050	5054	5055	5058	5064	5112	5225	13481
5041	5052	5053	5056	5058	5060	5070	5149	13482
5043	5046	5053	5056	5058	5061	5115	5233	13483
5043	5051	5054	5055	5058	5060	5087	5149	13484
5040	5052	5054	5055	5058	5062	5075	5223	13485
5044	5048	5054	5055	5058	5061	5079	5176	13486
5040	5049	5054	5055	5058	5061	5106	5212	13487
5039	5050	5054	5056	5058	5061	5069	5172	13488
5040	5052	5054	5055	5058	5061	5076	5361	13489
5043	5051	5054	5055	5058	5060	5069	5252	13490
5043	5050	5054	5055	5058	5060	5076	5149	13491
5040	5049	5054	5056	5059	5065	5088	5190	13492
5040	5050	5054	5055	5058	5060	5103	5149	13493
5041	5052	5053	5055	5058	5061	5089	5170	13494
5044	5052	5054	5056	5058	5061	5098	5186	13495
5042	5049	5054	5055	5058	5061	5069	5240	13496
5040	5049	5054	5055	5058	5064	5081	5210	13497
5041	5046	5053	5056	5058	5060	5075	5149	13498
5042	5046	5053	5056	5058	5061	5086	5216	13499
5040	5046	5053	5056	5059	5064	5088	5190	13500
5044	5051	5054	5056	5058	5065	5106	5212	13501
5042	5050	5054	5055	5058	5061	5073	5249	13502
5039	5049	5054	5055	5059	5060	5069	5151	13503
5040	5048	5054	5055	5058	5062	5120	5280	13504
5040	5052	5054	5056	5058	5062	5070	5149	13505
5042	5050	5054	5055	5058	5060	5102	5274	13506
5042	5050	5054	5056	5058	5060	5069	5180	13507
5044	5047	5053	5055	5058	5064	5070	5243	13508
5039	5048	5054	5055	5058	5060	5069	5293	13509
5043	5046	5053	5055	5059	5061	5075	5159	13510
5040	5052	5054	5056	5059	5061	5070	5154	13511
5043	5048	5054	5055	5058	5061	5099	5189	13512
5044	5046	5053	5056	5059	5061	5075	5149	13513
5044	5046	5053	5056	5058	5060	5073	5149	13514
5041	5050	5054	5055	5059	5061	5085	5169	13515
5039	5050	5054	5055	5058	5060	5088	5328	13516
5041	5047	5053	5055	5058	5061	5075	5279	13517
5039	5046	5053	5056	5058	5061	5073	5175	13518
5043	5047	5053	5055	5058	5060	5088	5270	13519
5042	5046	5053	5056	5058	5064	5071	5152	13520
5041	5049	5054	5055	5059	5061	5087	5222	13521
5039	5052	5054	5056	5059	5061	5116	5234	13522
5045	5052	5054	5056	5058	5063	5069	5149	13523
5043	5048	5054	5056	5058	5065	5098	5186	13524
5041	5052	5053	5055	5059	5062	5074	5149	13525
5042	5052	5053	5055	5058	5061	5072	5294	13526
5040	5046	5053	5055	5058	5064	5104	5204	13527
5039	5052	5054	5056	5059	5060	5070	5150	13528
5039	5046	5053	5056	5058	5060	5075	5159	13529
5039	5049	5054	5056	5058	5060	5113	5229	13530
5039	5050	5054	5055	5058	5062	5083	5149	13531
5041	5049	5054	5057	5058	5060	5069	5235	13532
5043	5046	5053	5055	5058	5062	5069	5246	13533
5043	5049	5054	5056	5058	5062	5081	5210	13534
5043	5052	5054	5055	5058	5061	5069	5231	13535
5041	5046	5053	5055	5058	5061	5118	5149	13536
5041	5051	5054	5055	5058	5063	5069	5151	13537
5040	5049	5054	5055	5059	5060	5124	5275	13538
5044	5049	5054	5055	5058	5061	5113	5229	13539
5041	5046	5053	5056	5058	5061	5075	5238	13540
5044	5047	5053	5055	5058	5061	5130	5149	13541
5044	5048	5054	5057	5058	5060	5073	5183	13542
5040	5049	5054	5055	5058	5062	5087	5237	13543
5040	5051	5054	5055	5059	5061	5070	5150	13544
5039	5051	5054	5056	5058	5065	5095	5149	13545
5040	5048	5054	5055	5059	5060	5069	5182	13546
5039	5050	5054	5055	5058	5065	5073	5183	13547
5042	5046	5053	5055	5058	5061	5083	5149	13548
5040	5052	5054	5055	5058	5063	5076	5205	13549
5039	5048	5054	5055	5059	5061	5081	5149	13550
5042	5051	5054	5055	5058	5061	5085	5202	13551
5044	5052	5054	5056	5058	5064	5069	5151	13552
5040	5048	5054	5055	5058	5061	5120	5280	13553
5040	5052	5054	5057	5058	5062	5073	5149	13554
5041	5049	5054	5056	5058	5060	5102	5149	13555
5044	5052	5054	5055	5058	5063	5073	5149	13556
5043	5047	5053	5055	5058	5060	5086	5211	13557
5039	5051	5054	5055	5058	5065	5071	5152	13558
5041	5048	5054	5055	5058	5063	5085	5169	13559
5041	5052	5053	5055	5058	5062	5104	5204	13560
5041	5049	5054	5055	5058	5065	5075	5159	13561
5041	5050	5054	5056	5058	5062	5073	5183	13562
5043	5050	5054	5055	5058	5066	5095	5149	13563
5041	5048	5054	5056	5058	5062	5080	5149	13564
5039	5050	5054	5056	5058	5060	5087	5200	13565
5044	5052	5054	5055	5058	5065	5095	5149	13566
5044	5050	5054	5055	5058	5061	5087	5259	13567
5044	5049	5054	5055	5059	5060	5087	5237	13568
5039	5051	5054	5055	5059	5060	5069	5358	13569
5039	5051	5054	5057	5058	5061	5071	5152	13570
5041	5052	5053	5055	5058	5062	5101	5197	13571
5045	5051	5054	5055	5059	5061	5070	5166	13572
5041	5046	5053	5055	5058	5064	5069	5172	13573
5040	5048	5054	5055	5058	5062	5088	5168	13574
5041	5051	5054	5056	5058	5062	5069	5180	13575
5044	5046	5053	5056	5058	5063	5073	5249	13576
5040	5047	5053	5057	5058	5061	5086	5216	13577
5044	5052	5054	5056	5058	5060	5115	5233	13578
5039	5047	5053	5055	5058	5060	5120	5253	13579
5042	5050	5054	5056	5058	5060	5070	5150	13580
5041	5050	5054	5055	5058	5062	5069	5248	13581
5044	5046	5053	5055	5058	5062	5079	5149	13582
5039	5049	5054	5055	5058	5060	5069	5359	13583
5039	5050	5054	5055	5058	5060	5102	5274	13584
5039	5046	5053	5056	5058	5064	5069	5149	13585
5044	5049	5054	5057	5058	5065	5072	5149	13586
5043	5047	5053	5055	5058	5060	5069	5262	13587
5043	5049	5054	5055	5058	5061	5069	5235	13588
5045	5048	5054	5055	5058	5064	5075	5149	13589
5042	5047	5053	5055	5058	5061	5088	5190	13590
5039	5052	5054	5055	5058	5060	5075	5223	13591
5042	5046	5053	5055	5058	5060	5085	5230	13592
5039	5051	5054	5055	5058	5064	5122	5344	13593
5039	5050	5054	5055	5058	5060	5135	5327	13594
5043	5050	5054	5055	5059	5061	5077	5155	13595
5044	5052	5054	5057	5058	5062	5080	5149	13596
5040	5047	5053	5055	5058	5060	5075	5167	13597
5041	5046	5053	5056	5058	5061	5070	5164	13598
5042	5050	5054	5055	5058	5060	5137	5335	13599
5040	5048	5054	5055	5058	5060	5113	5229	13600
5041	5049	5054	5055	5058	5062	5088	5149	13601
5043	5052	5054	5055	5058	5061	5085	5149	13602
5041	5046	5053	5055	5058	5062	5075	5199	13603
5043	5051	5054	5055	5058	5061	5070	5154	13604
5039	5048	5054	5055	5058	5061	5069	5182	13605
5041	5047	5053	5055	5058	5061	5069	5248	13606
5040	5046	5053	5055	5058	5061	5070	5243	13607
5044	5046	5053	5056	5058	5064	5075	5149	13608
5044	5047	5053	5055	5058	5060	5075	5167	13609
5042	5046	5053	5055	5058	5066	5095	5149	13610
5044	5052	5054	5055	5058	5064	5081	5210	13611
5045	5049	5054	5055	5058	5064	5088	5149	13612
5039	5050	5054	5057	5058	5061	5080	5174	13613
5039	5047	5053	5055	5058	5061	5097	5221	13614
5039	5052	5054	5056	5059	5061	5075	5159	13615
5042	5050	5054	5056	5058	5064	5088	5149	13616
5045	5050	5054	5056	5059	5064	5075	5149	13617
5043	5050	5054	5056	5059	5062	5069	5149	13618
5039	5049	5054	5055	5058	5062	5071	5152	13619
5042	5049	5054	5056	5058	5061	5069	5209	13620
5042	5046	5053	5055	5058	5064	5069	5187	13621
5043	5048	5054	5056	5058	5064	5098	5186	13622
5044	5052	5054	5056	5058	5062	5075	5149	13623
5045	5049	5054	5055	5058	5064	5069	5149	13624
5041	5048	5054	5055	5058	5061	5088	5190	13625
5042	5047	5053	5055	5059	5064	5069	5172	13626
5044	5050	5054	5057	5058	5063	5069	5179	13627
5045	5048	5054	5056	5058	5062	5090	5149	13628
5042	5052	5053	5056	5058	5064	5069	5172	13629
5044	5046	5053	5056	5059	5061	5069	5149	13630
5040	5051	5054	5055	5059	5065	5075	5159	13631
5041	5046	5053	5055	5058	5065	5095	5149	13632
5041	5049	5054	5056	5058	5060	5113	5229	13633
5044	5046	5053	5055	5058	5062	5076	5205	13634
5041	5048	5054	5055	5059	5060	5069	5182	13635
5039	5046	5053	5055	5058	5061	5070	5154	13636
5039	5052	5054	5056	5058	5061	5070	5164	13637
5042	5046	5053	5055	5058	5060	5073	5183	13638
5043	5049	5054	5055	5059	5060	5077	5155	13639
5045	5047	5053	5056	5058	5063	5069	5149	13640
5039	5046	5053	5055	5059	5061	5069	5180	13641
5045	5047	5053	5055	5058	5062	5069	5149	13642
5041	5048	5054	5055	5058	5062	5070	5154	13643
5042	5051	5054	5055	5058	5061	5075	5279	13644
5039	5046	5053	5056	5058	5065	5073	5249	13645
5040	5052	5054	5055	5058	5064	5070	5149	13646
5039	5049	5054	5055	5058	5060	5070	5166	13647
5042	5050	5054	5055	5058	5061	5078	5165	13648
5042	5046	5053	5055	5058	5061	5075	5199	13649
5039	5046	5053	5055	5058	5061	5095	5345	13650
5044	5047	5053	5055	5058	5061	5069	5240	13651
5041	5048	5054	5055	5059	5061	5075	5199	13652
5044	5050	5054	5056	5058	5063	5073	5183	13653
5040	5052	5054	5056	5058	5062	5080	5174	13654
5040	5046	5053	5055	5058	5064	5073	5161	13655
5039	5049	5054	5057	5058	5064	5069	5235	13656
5040	5046	5053	5056	5058	5060	5073	5183	13657
5040	5052	5054	5055	5058	5065	5087	5259	13658
5044	5047	5053	5055	5058	5063	5108	5214	13659
5042	5047	5053	5056	5058	5064	5079	5176	13660
5043	5052	5054	5056	5058	5062	5073	5149	13661
5043	5051	5054	5055	5058	5060	5070	5173	13662
5045	5048	5054	5055	5058	5061	5087	5259	13663
5043	5050	5054	5056	5058	5061	5069	5235	13664
5043	5047	5053	5055	5059	5060	5070	5173	13665
5043	5050	5054	5055	5058	5062	5070	5150	13666
5039	5048	5054	5055	5058	5061	5069	5180	13667
5042	5052	5053	5055	5058	5064	5069	5158	13668
5044	5048	5054	5056	5058	5062	5075	5159	13669
5039	5047	5053	5056	5059	5062	5088	5190	13670
5045	5050	5054	5055	5058	5064	5110	5149	13671
5040	5049	5054	5055	5059	5064	5075	5159	13672
5044	5049	5054	5055	5058	5061	5090	5149	13673
5041	5046	5053	5055	5058	5065	5073	5175	13674
5040	5052	5054	5055	5058	5062	5073	5156	13675
5040	5047	5053	5055	5058	5064	5075	5242	13676
5044	5050	5054	5055	5058	5060	5069	5179	13677
5042	5049	5054	5055	5058	5061	5085	5230	13678
5039	5049	5054	5055	5058	5061	5075	5203	13679
5040	5052	5054	5055	5058	5064	5069	5248	13680
5039	5049	5054	5055	5058	5064	5075	5159	13681
5041	5050	5054	5056	5058	5061	5095	5149	13682
5045	5046	5053	5055	5058	5060	5073	5157	13683
5042	5052	5053	5057	5058	5060	5099	5196	13684
5041	5052	5053	5057	5058	5060	5070	5149	13685
5039	5052	5054	5056	5058	5061	5098	5186	13686
5044	5049	5054	5055	5058	5061	5087	5191	13687
5040	5051	5054	5055	5058	5062	5080	5174	13688
5041	5049	5054	5056	5058	5065	5071	5152	13689
5043	5047	5053	5055	5058	5063	5086	5310	13690
5040	5049	5054	5055	5059	5060	5079	5149	13691
5039	5052	5054	5057	5058	5062	5070	5149	13692
5040	5048	5054	5056	5059	5061	5073	5156	13693
5041	5047	5053	5055	5058	5061	5069	5187	13694
5042	5046	5053	5055	5058	5061	5078	5149	13695
5043	5047	5053	5055	5059	5065	5069	5149	13696
5044	5051	5054	5055	5058	5060	5130	5296	13697
5042	5047	5053	5055	5058	5061	5073	5157	13698
5040	5051	5054	5055	5059	5061	5069	5179	13699
5040	5050	5054	5055	5059	5060	5070	5150	13700
5041	5048	5054	5055	5058	5063	5093	5177	13701
5045	5048	5054	5055	5058	5067	5078	5165	13702
5039	5049	5054	5055	5058	5061	5075	5290	13703
5040	5047	5053	5056	5058	5065	5071	5152	13704
5044	5046	5053	5055	5058	5064	5070	5243	13705
5039	5051	5054	5056	5058	5060	5073	5218	13706
5040	5051	5054	5055	5059	5061	5086	5211	13707
5040	5047	5053	5056	5058	5064	5073	5156	13708
5044	5052	5054	5056	5058	5061	5069	5185	13709
5039	5047	5053	5055	5058	5061	5069	5266	13710
5043	5050	5054	5056	5058	5061	5070	5154	13711
5043	5048	5054	5055	5058	5060	5072	5153	13712
5044	5047	5053	5055	5058	5061	5069	5179	13713
5039	5048	5054	5055	5058	5062	5097	5221	13714
5041	5050	5054	5056	5059	5061	5081	5210	13715
5040	5048	5054	5055	5058	5060	5069	5151	13716
5039	5049	5054	5057	5058	5061	5087	5191	13717
5041	5052	5053	5057	5058	5064	5069	5179	13718
5041	5049	5054	5055	5058	5061	5087	5149	13719
5041	5047	5053	5057	5059	5061	5087	5149	13720
5041	5052	5053	5056	5058	5062	5070	5164	13721
5044	5050	5054	5055	5058	5060	5085	5149	13722
5044	5050	5054	5055	5059	5060	5085	5230	13723
5041	5051	5054	5056	5058	5063	5069	5149	13724
5042	5052	5053	5056	5058	5061	5070	5164	13725
5039	5052	5054	5057	5058	5064	5098	5186	13726
5039	5049	5054	5056	5059	5061	5075	5238	13727
5044	5052	5054	5056	5058	5064	5075	5159	13728
5041	5052	5053	5057	5058	5061	5081	5210	13729
5041	5050	5054	5056	5058	5060	5107	5149	13730
5042	5052	5053	5055	5058	5062	5069	5158	13731
5042	5046	5053	5055	5058	5061	5087	5200	13732
5044	5047	5053	5055	5058	5063	5073	5183	13733
5041	5051	5054	5055	5058	5064	5087	5149	13734
5040	5049	5054	5055	5058	5063	5112	5225	13735
5039	5051	5054	5055	5058	5060	5115	5149	13736
5045	5048	5054	5056	5058	5066	5075	5149	13737
5039	5048	5054	5057	5058	5061	5086	5216	13738
5045	5050	5054	5056	5058	5060	5090	5149	13739
5041	5049	5054	5055	5058	5067	5069	5281	13740
5044	5048	5054	5055	5058	5064	5095	5149	13741
5040	5048	5054	5057	5058	5060	5075	5159	13742
5041	5052	5053	5057	5058	5061	5086	5216	13743
5043	5052	5054	5056	5058	5061	5086	5216	13744
5039	5049	5054	5055	5058	5064	5069	5162	13745
5039	5052	5054	5055	5058	5063	5075	5149	13746
5042	5049	5054	5056	5058	5060	5073	5218	13747
5043	5050	5054	5055	5058	5063	5069	5240	13748
5042	5047	5053	5055	5058	5061	5075	5167	13749
5041	5048	5054	5056	5058	5062	5095	5149	13750
5041	5051	5054	5055	5058	5062	5075	5167	13751
5045	5051	5054	5055	5058	5060	5077	5256	13752
5044	5048	5054	5056	5058	5061	5070	5154	13753
5039	5047	5053	5055	5059	5061	5081	5149	13754
5042	5046	5053	5055	5058	5061	5088	5190	13755
5042	5046	5053	5055	5058	5062	5077	5155	13756
5042	5050	5054	5055	5058	5061	5135	5327	13757
5041	5051	5054	5055	5058	5062	5084	5232	13758
5044	5048	5054	5055	5059	5060	5085	5230	13759
5040	5050	5054	5055	5058	5062	5069	5179	13760
5044	5052	5054	5055	5058	5065	5104	5204	13761
5043	5050	5054	5055	5058	5061	5087	5149	13762
5044	5052	5054	5055	5058	5061	5105	5149	13763
5042	5052	5053	5055	5058	5060	5069	5248	13764
5042	5046	5053	5055	5058	5060	5069	5206	13765
5040	5052	5054	5055	5058	5061	5087	5200	13766
5042	5049	5054	5055	5058	5061	5104	5204	13767
5039	5046	5053	5056	5058	5060	5069	5179	13768
5039	5051	5054	5055	5058	5060	5085	5202	13769
5040	5046	5053	5055	5058	5061	5104	5204	13770
5039	5050	5054	5056	5058	5061	5090	5149	13771
5040	5051	5054	5055	5058	5061	5069	5281	13772
5042	5048	5054	5055	5058	5062	5084	5232	13773
5043	5050	5054	5056	5059	5061	5090	5149	13774
5044	5052	5054	5055	5058	5064	5089	5170	13775
5041	5049	5054	5055	5059	5060	5094	5272	13776
5042	5048	5054	5055	5058	5060	5110	5149	13777
5043	5048	5054	5055	5058	5060	5112	5225	13778
5040	5048	5054	5056	5059	5062	5069	5149	13779
5044	5046	5053	5055	5058	5060	5111	5219	13780
5041	5051	5054	5056	5058	5062	5069	5149	13781
5040	5049	5054	5055	5058	5062	5070	5166	13782
5045	5048	5054	5055	5058	5063	5077	5195	13783
5042	5050	5054	5056	5058	5061	5080	5174	13784
5044	5046	5053	5056	5058	5062	5075	5238	13785
5040	5046	5053	5056	5058	5063	5073	5183	13786
5040	5047	5053	5056	5058	5061	5073	5156	13787
5045	5051	5054	5056	5058	5061	5087	5149	13788
5041	5049	5054	5055	5058	5061	5073	5183	13789
5043	5051	5054	5056	5059	5060	5072	5303	13790
5040	5048	5054	5055	5059	5060	5075	5149	13791
5042	5050	5054	5055	5058	5061	5085	5169	13792
5039	5047	5053	5057	5058	5064	5075	5149	13793
5041	5046	5053	5055	5059	5060	5086	5211	13794
5043	5049	5054	5055	5058	5064	5112	5225	13795
5039	5047	5053	5055	5058	5061	5069	5235	13796
5039	5049	5054	5055	5058	5061	5140	5149	13797
5041	5052	5053	5055	5058	5062	5072	5294	13798
5041	5051	5054	5055	5058	5060	5079	5176	13799
5040	5046	5053	5056	5058	5061	5082	5149	13800
5041	5049	5054	5056	5058	5060	5087	5259	13801
5039	5051	5054	5055	5059	5064	5075	5149	13802
5042	5049	5054	5055	5058	5065	5093	5177	13803
5039	5049	5054	5057	5058	5061	5075	5159	13804
5043	5052	5054	5055	5059	5060	5070	5154	13805
5043	5047	5053	5055	5058	5065	5069	5172	13806
5044	5047	5053	5056	5058	5063	5073	5156	13807
5040	5052	5054	5055	5058	5063	5070	5243	13808
5039	5046	5053	5055	5058	5060	5069	5295	13809
5040	5049	5054	5055	5058	5060	5069	5209	13810
5044	5052	5054	5055	5059	5060	5129	5149	13811
5041	5052	5053	5055	5058	5061	5108	5149	13812
5040	5051	5054	5055	5058	5060	5073	5161	13813
5043	5048	5054	5057	5058	5061	5069	5179	13814
5042	5050	5054	5057	5058	5060	5087	5191	13815
5040	5047	5053	5055	5058	5064	5099	5196	13816
5039	5046	5053	5055	5058	5061	5085	5149	13817
5044	5048	5054	5055	5058	5063	5075	5203	13818
5041	5051	5054	5056	5059	5060	5070	5150	13819
5044	5046	5053	5056	5058	5064	5075	5238	13820
5043	5047	5053	5055	5058	5063	5112	5311	13821
5040	5046	5053	5055	5058	5064	5110	5149	13822
5039	5050	5054	5055	5058	5061	5087	5259	13823
5043	5052	5054	5056	5058	5060	5079	5176	13824
5043	5047	5053	5056	5059	5060	5069	5149	13825
5041	5049	5054	5056	5058	5061	5073	5156	13826
5040	5052	5054	5055	5058	5061	5089	5149	13827
5039	5050	5054	5056	5058	5061	5080	5174	13828
5041	5047	5053	5055	5058	5062	5104	5204	13829
5042	5048	5054	5055	5058	5060	5113	5229	13830
5043	5047	5053	5055	5059	5061	5069	5235	13831
5042	5050	5054	5055	5058	5065	5072	5149	13832
5040	5052	5054	5056	5058	5064	5079	5176	13833
5044	5049	5054	5055	5058	5062	5069	5180	13834
5042	5046	5053	5055	5058	5061	5075	5238	13835
5041	5049	5054	5055	5058	5063	5069	5257	13836
5039	5049	5054	5055	5058	5063	5075	5159	13837
5044	5049	5054	5057	5058	5060	5070	5150	13838
5045	5050	5054	5056	5058	5061	5087	5149	13839
5043	5051	5054	5055	5059	5063	5069	5149	13840
5040	5050	5054	5056	5058	5060	5075	5203	13841
5040	5052	5054	5056	5058	5060	5090	5149	13842
5039	5048	5054	5055	5058	5064	5093	5177	13843
5044	5049	5054	5055	5058	5060	5114	5149	13844
5040	5051	5054	5055	5058	5064	5075	5149	13845
5043	5049	5054	5056	5059	5061	5081	5210	13846
5045	5050	5054	5055	5059	5061	5069	5149	13847
5043	5052	5054	5057	5058	5061	5087	5191	13848
5043	5051	5054	5056	5059	5061	5069	5172	13849
5040	5050	5054	5055	5058	5063	5069	5180	13850
5041	5049	5054	5055	5058	5060	5086	5216	13851
5045	5049	5054	5056	5058	5060	5079	5176	13852
5043	5049	5054	5056	5058	5064	5073	5149	13853
5040	5052	5054	5055	5058	5063	5090	5149	13854
5039	5049	5054	5055	5058	5062	5079	5149	13855
5044	5049	5054	5055	5058	5064	5075	5167	13856
5043	5046	5053	5055	5058	5060	5080	5149	13857
5040	5047	5053	5056	5059	5061	5070	5149	13858
5041	5047	5053	5055	5059	5061	5120	5253	13859
5042	5049	5054	5055	5058	5061	5072	5264	13860
5045	5052	5054	5055	5058	5062	5070	5150	13861
5043	5047	5053	5055	5058	5062	5075	5223	13862
5042	5049	5054	5055	5058	5061	5083	5149	13863
5044	5049	5054	5055	5058	5065	5072	5149	13864
5040	5046	5053	5055	5058	5063	5073	5249	13865
5040	5049	5054	5055	5058	5063	5085	5201	13866
5040	5046	5053	5055	5058	5063	5075	5203	13867
5040	5051	5054	5055	5058	5061	5087	5149	13868
5045	5052	5054	5055	5058	5060	5083	5149	13869
5043	5048	5054	5055	5059	5064	5085	5149	13870
5043	5048	5054	5055	5058	5060	5121	5260	13871
5040	5052	5054	5056	5058	5061	5091	5171	13872
5040	5049	5054	5056	5058	5060	5073	5161	13873
5044	5047	5053	5055	5058	5060	5087	5200	13874
5040	5051	5054	5056	5058	5061	5082	5149	13875
5039	5048	5054	5057	5058	5064	5069	5149	13876
5039	5047	5053	5057	5058	5060	5073	5249	13877
5043	5047	5053	5055	5058	5062	5075	5159	13878
5041	5052	5053	5055	5059	5063	5085	5201	13879
5042	5047	5053	5055	5059	5060	5069	5180	13880
5044	5049	5054	5057	5058	5062	5071	5152	13881
5045	5050	5054	5055	5058	5063	5112	5225	13882
5042	5052	5053	5055	5058	5062	5087	5191	13883
5039	5047	5053	5055	5059	5061	5075	5199	13884
5044	5052	5054	5056	5058	5061	5073	5218	13885
5042	5052	5053	5055	5058	5062	5116	5234	13886
5040	5047	5053	5055	5058	5061	5085	5149	13887
5040	5048	5054	5055	5058	5061	5069	5207	13888
5040	5050	5054	5055	5058	5062	5072	5244	13889
5039	5051	5054	5055	5058	5061	5098	5186	13890
5040	5051	5054	5055	5058	5063	5070	5149	13891
5042	5051	5054	5055	5058	5062	5069	5149	13892
5042	5047	5053	5055	5058	5063	5091	5171	13893
5044	5047	5053	5055	5058	5061	5104	5204	13894
5043	5048	5054	5055	5059	5060	5085	5169	13895
5041	5048	5054	5055	5058	5062	5075	5238	13896
5039	5051	5054	5055	5058	5060	5070	5149	13897
5040	5051	5054	5055	5059	5061	5086	5216	13898
5044	5051	5054	5055	5058	5061	5084	5232	13899
5041	5046	5053	5055	5058	5065	5104	5204	13900
5042	5047	5053	5056	5058	5061	5073	5183	13901
5043	5050	5054	5055	5058	5060	5102	5274	13902
5044	5047	5053	5055	5058	5062	5085	5149	13903
5040	5046	5053	5055	5058	5062	5087	5149	13904
5041	5048	5054	5055	5058	5061	5125	5305	13905
5039	5049	5054	5055	5058	5061	5070	5166	13906
5043	5049	5054	5056	5059	5063	5085	5307	13907
5042	5050	5054	5055	5058	5060	5077	5256	13908
5040	5048	5054	5055	5059	5060	5121	5260	13909
5041	5050	5054	5057	5059	5061	5069	5235	13910
5044	5050	5054	5055	5058	5061	5075	5167	13911
5040	5047	5053	5056	5058	5062	5080	5174	13912
5039	5051	5054	5055	5058	5061	5077	5195	13913
5040	5052	5054	5055	5058	5060	5097	5149	13914
5040	5046	5053	5055	5058	5061	5070	5315	13915
5039	5051	5054	5055	5058	5062	5078	5165	13916
5041	5050	5054	5057	5058	5060	5069	5240	13917
5039	5052	5054	5055	5058	5061	5073	5157	13918
5042	5049	5054	5055	5058	5060	5093	5177	13919
5040	5047	5053	5055	5058	5064	5099	5189	13920
5044	5046	5053	5055	5058	5061	5140	5149	13921
5044	5052	5054	5055	5058	5060	5105	5330	13922
5044	5050	5054	5055	5058	5064	5089	5149	13923
5040	5049	5054	5055	5058	5063	5073	5183	13924
5040	5050	5054	5055	5058	5061	5069	5231	13925
5041	5049	5054	5055	5058	5060	5090	5149	13926
5042	5051	5054	5055	5058	5064	5090	5149	13927
5041	5049	5054	5055	5058	5061	5095	5322	13928
5043	5052	5054	5055	5059	5061	5112	5225	13929
5041	5048	5054	5056	5059	5064	5075	5159	13930
5040	5051	5054	5055	5058	5061	5069	5247	13931
5039	5052	5054	5057	5058	5061	5082	5149	13932
5044	5052	5054	5055	5058	5060	5069	5179	13933
5040	5046	5053	5055	5059	5061	5069	5151	13934
5041	5052	5053	5056	5058	5064	5070	5149	13935
5041	5046	5053	5055	5058	5060	5069	5158	13936
5045	5049	5054	5057	5058	5065	5069	5149	13937
5041	5050	5054	5055	5058	5062	5069	5258	13938
5040	5050	5054	5055	5058	5060	5069	5185	13939
5045	5046	5053	5056	5058	5061	5069	5235	13940
5040	5051	5054	5055	5058	5061	5075	5238	13941
5043	5048	5054	5055	5058	5067	5078	5165	13942
5040	5049	5054	5055	5058	5060	5072	5244	13943
5041	5048	5054	5055	5058	5061	5072	5264	13944
5041	5048	5054	5056	5059	5061	5069	5149	13945
5043	5050	5054	5055	5059	5064	5073	5149	13946
5044	5051	5054	5055	5058	5061	5095	5149	13947
5045	5049	5054	5055	5058	5061	5069	5179	13948
5044	5046	5053	5055	5058	5064	5106	5212	13949
5041	5047	5053	5055	5058	5060	5070	5173	13950
5040	5049	5054	5057	5058	5061	5075	5149	13951
5041	5052	5053	5055	5058	5060	5113	5149	13952
5045	5046	5053	5055	5058	5061	5073	5161	13953
5040	5047	5053	5056	5058	5064	5086	5149	13954
5041	5050	5054	5055	5059	5065	5081	5210	13955
5039	5049	5054	5055	5059	5061	5114	5354	13956
5041	5048	5054	5056	5058	5062	5102	5149	13957
5039	5051	5054	5056	5058	5061	5079	5176	13958
5042	5047	5053	5055	5058	5062	5078	5165	13959
5040	5046	5053	5055	5059	5060	5085	5323	13960
5039	5049	5054	5055	5058	5062	5069	5172	13961
5039	5049	5054	5057	5058	5060	5069	5163	13962
5041	5050	5054	5057	5058	5062	5088	5149	13963
5040	5048	5054	5055	5059	5061	5081	5149	13964
5040	5052	5054	5055	5059	5060	5070	5154	13965
5039	5046	5053	5055	5058	5060	5096	5181	13966
5041	5047	5053	5056	5058	5061	5079	5176	13967
5044	5047	5053	5055	5058	5063	5069	5180	13968
5044	5046	5053	5055	5058	5060	5085	5169	13969
5041	5049	5054	5057	5058	5060	5087	5191	13970
5041	5052	5053	5055	5059	5061	5085	5169	13971
5039	5052	5054	5057	5059	5060	5069	5235	13972
5045	5051	5054	5055	5058	5062	5070	5150	13973
5042	5051	5054	5055	5058	5061	5070	5166	13974
5040	5047	5053	5055	5058	5062	5086	5211	13975
5042	5048	5054	5055	5058	5062	5081	5149	13976
5040	5051	5054	5055	5058	5063	5069	5185	13977
5041	5049	5054	5055	5058	5060	5091	5149	13978
5045	5049	5054	5056	5058	5060	5073	5183	13979
5039	5052	5054	5056	5058	5060	5069	5240	13980
5043	5049	5054	5056	5058	5062	5115	5233	13981
5041	5048	5054	5056	5058	5061	5069	5185	13982
5043	5046	5053	5055	5058	5061	5104	5204	13983
5044	5051	5054	5055	5058	5064	5073	5149	13984
5039	5051	5054	5055	5058	5061	5118	5149	13985
5041	5048	5054	5055	5058	5062	5069	5172	13986
5040	5051	5054	5055	5058	5063	5112	5225	13987
5041	5051	5054	5055	5058	5065	5073	5218	13988
5039	5051	5054	5056	5058	5060	5073	5149	13989
5044	5052	5054	5055	5058	5061	5073	5161	13990
5045	5047	5053	5055	5058	5060	5075	5223	13991
5041	5049	5054	5055	5058	5062	5073	5183	13992
5043	5048	5054	5055	5058	5060	5077	5155	13993
5040	5050	5054	5056	5058	5064	5088	5190	13994
5044	5046	5053	5055	5058	5061	5070	5243	13995
5042	5052	5053	5056	5058	5061	5080	5174	13996
5042	5046	5053	5055	5058	5061	5088	5268	13997
5045	5047	5053	5056	5058	5060	5075	5238	13998
5041	5046	5053	5055	5059	5061	5075	5149	13999
5042	5051	5054	5057	5058	5061	5075	5159	14000
5043	5046	5053	5055	5058	5065	5087	5191	14001
5045	5048	5054	5056	5058	5061	5069	5235	14002
5045	5051	5054	5055	5058	5060	5085	5230	14003
5044	5048	5054	5055	5058	5065	5104	5204	14004
5040	5046	5053	5055	5058	5061	5097	5221	14005
5039	5048	5054	5055	5058	5061	5087	5191	14006
5039	5052	5054	5055	5058	5065	5073	5161	14007
5042	5046	5053	5055	5058	5060	5121	5255	14008
5039	5047	5053	5055	5059	5062	5096	5181	14009
5041	5047	5053	5055	5058	5064	5070	5149	14010
5039	5046	5053	5055	5058	5060	5099	5189	14011
5045	5048	5054	5056	5058	5060	5113	5229	14012
5044	5051	5054	5055	5058	5060	5075	5203	14013
5041	5047	5053	5055	5058	5062	5069	5158	14014
5039	5046	5053	5055	5058	5063	5069	5182	14015
5044	5051	5054	5057	5058	5062	5088	5149	14016
5042	5049	5054	5055	5058	5064	5070	5154	14017
5041	5050	5054	5056	5058	5062	5069	5258	14018
5041	5052	5053	5057	5058	5062	5075	5149	14019
5045	5052	5054	5055	5058	5062	5070	5154	14020
5044	5049	5054	5057	5058	5062	5069	5163	14021
5044	5046	5053	5055	5058	5060	5082	5149	14022
5045	5048	5054	5055	5058	5061	5069	5185	14023
5043	5046	5053	5055	5058	5060	5087	5149	14024
5040	5052	5054	5055	5058	5062	5083	5149	14025
5041	5046	5053	5055	5059	5065	5069	5149	14026
5041	5049	5054	5055	5059	5060	5072	5336	14027
5044	5048	5054	5055	5058	5060	5102	5239	14028
5041	5047	5053	5055	5058	5064	5069	5172	14029
5043	5049	5054	5055	5058	5060	5070	5166	14030
5041	5051	5054	5055	5058	5061	5092	5149	14031
5039	5049	5054	5055	5058	5065	5072	5149	14032
5041	5049	5054	5056	5059	5064	5075	5159	14033
5040	5048	5054	5057	5058	5061	5121	5255	14034
5044	5051	5054	5055	5058	5060	5098	5186	14035
5043	5048	5054	5055	5058	5064	5104	5204	14036
5043	5047	5053	5056	5058	5061	5069	5235	14037
5039	5052	5054	5055	5058	5063	5088	5149	14038
5044	5051	5054	5055	5058	5061	5139	5367	14039
5039	5052	5054	5055	5058	5064	5088	5149	14040
5040	5047	5053	5055	5059	5060	5129	5149	14041
5042	5051	5054	5055	5059	5060	5085	5201	14042
5040	5050	5054	5055	5058	5064	5089	5149	14043
5041	5050	5054	5057	5059	5061	5075	5159	14044
5040	5047	5053	5055	5058	5060	5069	5172	14045
5043	5048	5054	5056	5058	5062	5090	5149	14046
5039	5046	5053	5056	5058	5061	5115	5233	14047
5040	5048	5054	5055	5058	5064	5106	5212	14048
5041	5049	5054	5055	5058	5060	5079	5149	14049
5039	5048	5054	5055	5058	5061	5069	5235	14050
5042	5050	5054	5055	5058	5061	5075	5167	14051
5041	5052	5053	5055	5058	5062	5085	5169	14052
5043	5052	5054	5055	5058	5060	5085	5149	14053
5042	5046	5053	5055	5059	5061	5070	5149	14054
5042	5048	5054	5057	5058	5064	5075	5159	14055
5044	5049	5054	5055	5058	5060	5070	5149	14056
5040	5052	5054	5055	5058	5061	5069	5182	14057
5041	5049	5054	5055	5058	5061	5085	5298	14058
5045	5050	5054	5055	5058	5063	5072	5153	14059
5042	5049	5054	5057	5058	5061	5088	5149	14060
5040	5052	5054	5055	5058	5060	5131	5149	14061
5043	5049	5054	5057	5058	5060	5069	5235	14062
5043	5047	5053	5055	5058	5063	5069	5172	14063
5042	5049	5054	5055	5058	5060	5100	5192	14064
5040	5050	5054	5055	5058	5062	5070	5166	14065
5042	5048	5054	5055	5058	5060	5087	5222	14066
5043	5052	5054	5055	5058	5060	5114	5149	14067
5044	5048	5054	5057	5058	5061	5080	5174	14068
5039	5050	5054	5055	5058	5060	5075	5199	14069
5040	5048	5054	5056	5058	5062	5069	5151	14070
5042	5051	5054	5055	5058	5062	5080	5174	14071
5039	5049	5054	5055	5058	5065	5074	5149	14072
5041	5049	5054	5056	5059	5060	5069	5194	14073
5041	5051	5054	5055	5058	5062	5069	5180	14074
5044	5046	5053	5056	5058	5066	5095	5149	14075
5041	5048	5054	5055	5059	5060	5072	5153	14076
5044	5052	5054	5056	5058	5063	5075	5159	14077
5039	5049	5054	5055	5058	5064	5093	5177	14078
5043	5047	5053	5056	5058	5060	5099	5196	14079
5040	5049	5054	5055	5058	5063	5069	5209	14080
5039	5049	5054	5055	5058	5064	5116	5234	14081
5043	5050	5054	5055	5058	5064	5092	5224	14082
5040	5049	5054	5056	5058	5060	5075	5159	14083
5045	5051	5054	5055	5058	5061	5088	5168	14084
5041	5050	5054	5055	5058	5065	5106	5212	14085
5040	5047	5053	5057	5058	5060	5079	5176	14086
5042	5051	5054	5056	5059	5060	5069	5163	14087
5045	5046	5053	5055	5058	5061	5073	5157	14088
5042	5046	5053	5055	5058	5065	5071	5152	14089
5039	5048	5054	5056	5058	5060	5113	5229	14090
5040	5050	5054	5057	5058	5061	5069	5163	14091
5039	5052	5054	5055	5058	5063	5079	5149	14092
5041	5050	5054	5055	5059	5062	5081	5210	14093
5044	5048	5054	5055	5058	5061	5106	5212	14094
5040	5048	5054	5055	5059	5061	5097	5184	14095
5042	5050	5054	5055	5058	5062	5092	5149	14096
5041	5048	5054	5056	5058	5060	5090	5149	14097
5039	5050	5054	5055	5058	5061	5072	5264	14098
5044	5050	5054	5055	5058	5060	5075	5203	14099
5039	5051	5054	5055	5059	5061	5075	5159	14100
5040	5049	5054	5055	5058	5062	5075	5203	14101
5044	5049	5054	5055	5058	5061	5109	5149	14102
5039	5048	5054	5055	5058	5060	5110	5149	14103
5041	5047	5053	5055	5058	5064	5075	5203	14104
5043	5048	5054	5055	5059	5061	5069	5235	14105
5044	5050	5054	5057	5058	5062	5070	5150	14106
5040	5047	5053	5056	5058	5061	5071	5149	14107
5045	5048	5054	5055	5058	5064	5110	5149	14108
5039	5049	5054	5055	5058	5063	5073	5149	14109
5044	5046	5053	5055	5058	5061	5085	5323	14110
5041	5048	5054	5057	5058	5060	5075	5203	14111
5042	5048	5054	5056	5058	5060	5073	5218	14112
5042	5052	5053	5055	5058	5062	5070	5149	14113
5039	5048	5054	5055	5059	5063	5075	5159	14114
5040	5052	5054	5056	5059	5063	5073	5156	14115
5042	5048	5054	5055	5059	5061	5085	5251	14116
5040	5047	5053	5055	5058	5060	5112	5225	14117
5040	5047	5053	5055	5058	5061	5077	5195	14118
5042	5048	5054	5056	5058	5060	5075	5149	14119
5039	5049	5054	5057	5058	5060	5080	5174	14120
5043	5052	5054	5055	5058	5061	5073	5161	14121
5044	5051	5054	5055	5058	5063	5069	5207	14122
5040	5048	5054	5057	5058	5065	5069	5149	14123
5041	5051	5054	5055	5058	5062	5085	5201	14124
5043	5049	5054	5056	5058	5060	5113	5229	14125
5044	5048	5054	5056	5059	5060	5069	5149	14126
5040	5048	5054	5055	5058	5065	5069	5149	14127
5042	5046	5053	5057	5058	5061	5073	5175	14128
5042	5052	5053	5056	5058	5062	5070	5164	14129
5041	5050	5054	5056	5059	5060	5070	5150	14130
5042	5049	5054	5055	5058	5061	5069	5248	14131
5044	5048	5054	5055	5058	5060	5069	5172	14132
5042	5050	5054	5055	5058	5064	5069	5258	14133
5041	5051	5054	5055	5058	5065	5112	5225	14134
5040	5048	5054	5055	5058	5065	5074	5149	14135
5044	5049	5054	5055	5058	5060	5069	5207	14136
5041	5047	5053	5055	5058	5060	5075	5203	14137
5041	5047	5053	5055	5058	5060	5086	5149	14138
5040	5048	5054	5055	5058	5060	5105	5330	14139
5042	5046	5053	5057	5058	5064	5069	5179	14140
5039	5051	5054	5056	5058	5061	5075	5238	14141
5041	5052	5053	5056	5058	5060	5073	5149	14142
5039	5051	5054	5055	5058	5060	5089	5170	14143
5041	5046	5053	5057	5058	5061	5121	5255	14144
5040	5050	5054	5055	5058	5061	5069	5321	14145
5043	5052	5054	5055	5058	5060	5075	5159	14146
5040	5048	5054	5056	5058	5062	5069	5149	14147
5043	5048	5054	5055	5058	5064	5069	5151	14148
5039	5052	5054	5057	5058	5067	5071	5152	14149
5045	5050	5054	5055	5058	5064	5088	5149	14150
5039	5051	5054	5056	5059	5061	5069	5149	14151
5043	5052	5054	5057	5058	5061	5069	5179	14152
5040	5049	5054	5057	5058	5060	5070	5154	14153
5042	5048	5054	5057	5059	5065	5075	5159	14154
5039	5052	5054	5055	5059	5062	5070	5154	14155
5043	5049	5054	5055	5058	5063	5072	5244	14156
5040	5051	5054	5055	5058	5061	5087	5222	14157
5041	5050	5054	5056	5059	5060	5070	5149	14158
5042	5049	5054	5055	5058	5060	5085	5201	14159
5039	5050	5054	5055	5058	5062	5077	5195	14160
5040	5049	5054	5055	5058	5061	5104	5204	14161
5041	5047	5053	5055	5059	5060	5096	5181	14162
5039	5052	5054	5057	5058	5060	5075	5159	14163
5039	5051	5054	5055	5058	5061	5088	5190	14164
5039	5048	5054	5057	5059	5061	5075	5149	14165
5040	5052	5054	5055	5059	5062	5073	5156	14166
5045	5051	5054	5056	5058	5061	5075	5159	14167
5043	5047	5053	5055	5058	5064	5088	5149	14168
5041	5051	5054	5055	5058	5060	5070	5166	14169
5041	5050	5054	5057	5058	5064	5069	5179	14170
5041	5049	5054	5056	5059	5061	5069	5235	14171
5042	5052	5053	5056	5058	5060	5080	5149	14172
5042	5048	5054	5055	5059	5060	5070	5150	14173
5039	5047	5053	5055	5059	5061	5070	5150	14174
5039	5048	5054	5055	5058	5061	5069	5172	14175
5040	5046	5053	5055	5058	5062	5076	5205	14176
5042	5051	5054	5055	5058	5061	5086	5211	14177
5039	5049	5054	5055	5058	5061	5098	5186	14178
5042	5050	5054	5055	5058	5061	5075	5199	14179
5043	5048	5054	5056	5058	5060	5073	5183	14180
5039	5050	5054	5056	5058	5060	5069	5172	14181
5042	5051	5054	5055	5058	5064	5078	5165	14182
5041	5049	5054	5056	5059	5060	5087	5259	14183
5045	5052	5054	5056	5058	5060	5069	5180	14184
5042	5048	5054	5055	5058	5061	5105	5149	14185
5044	5051	5054	5055	5058	5062	5079	5149	14186
5042	5050	5054	5057	5058	5061	5069	5149	14187
5040	5051	5054	5055	5059	5061	5085	5230	14188
5044	5050	5054	5055	5058	5060	5070	5154	14189
5040	5049	5054	5056	5058	5061	5080	5174	14190
5044	5050	5054	5057	5058	5065	5069	5163	14191
5041	5050	5054	5055	5058	5062	5084	5232	14192
5044	5047	5053	5055	5058	5065	5073	5157	14193
5042	5049	5054	5055	5059	5061	5086	5211	14194
5041	5046	5053	5055	5059	5063	5085	5169	14195
5044	5051	5054	5055	5058	5064	5093	5177	14196
5044	5052	5054	5055	5058	5062	5073	5325	14197
5039	5047	5053	5056	5058	5062	5099	5188	14198
5040	5048	5054	5056	5058	5060	5113	5229	14199
5039	5046	5053	5055	5058	5063	5085	5307	14200
5043	5046	5053	5056	5058	5061	5087	5149	14201
5043	5052	5054	5055	5058	5060	5073	5157	14202
5039	5048	5054	5056	5058	5062	5073	5157	14203
5044	5046	5053	5055	5059	5061	5070	5149	14204
5041	5050	5054	5055	5058	5061	5101	5197	14205
5042	5049	5054	5055	5058	5061	5095	5322	14206
5041	5047	5053	5055	5058	5062	5081	5210	14207
5042	5052	5053	5055	5058	5062	5073	5157	14208
5043	5052	5054	5057	5058	5061	5073	5249	14209
5039	5051	5054	5057	5058	5062	5069	5162	14210
5044	5046	5053	5055	5058	5062	5069	5158	14211
5041	5051	5054	5055	5058	5060	5087	5191	14212
5042	5048	5054	5055	5058	5062	5073	5161	14213
5040	5050	5054	5057	5058	5061	5098	5186	14214
5042	5049	5054	5055	5058	5062	5075	5159	14215
5043	5049	5054	5056	5058	5060	5099	5188	14216
5045	5052	5054	5055	5058	5067	5069	5281	14217
5040	5046	5053	5056	5059	5060	5070	5150	14218
5043	5047	5053	5056	5058	5063	5081	5149	14219
5039	5052	5054	5055	5058	5061	5069	5331	14220
5039	5050	5054	5056	5058	5060	5071	5152	14221
5042	5046	5053	5056	5058	5066	5075	5149	14222
5041	5049	5054	5055	5058	5060	5069	5209	14223
5040	5047	5053	5056	5058	5063	5073	5249	14224
5042	5048	5054	5057	5058	5061	5121	5255	14225
5043	5052	5054	5055	5058	5062	5110	5149	14226
5040	5047	5053	5057	5058	5061	5069	5185	14227
5043	5049	5054	5056	5058	5060	5073	5149	14228
5040	5052	5054	5056	5058	5063	5070	5149	14229
5040	5050	5054	5055	5058	5061	5069	5286	14230
5042	5048	5054	5056	5058	5062	5098	5186	14231
5041	5050	5054	5057	5058	5065	5072	5149	14232
5040	5049	5054	5055	5058	5064	5072	5149	14233
5041	5050	5054	5055	5059	5060	5102	5239	14234
5041	5050	5054	5055	5058	5062	5085	5201	14235
5039	5048	5054	5055	5058	5060	5087	5259	14236
5044	5047	5053	5055	5058	5064	5073	5249	14237
5045	5048	5054	5055	5059	5061	5069	5149	14238
5043	5048	5054	5055	5058	5061	5072	5153	14239
5041	5052	5053	5055	5059	5061	5086	5211	14240
5042	5049	5054	5055	5058	5061	5087	5237	14241
5041	5048	5054	5056	5058	5062	5070	5150	14242
5039	5046	5053	5056	5058	5061	5069	5180	14243
5044	5050	5054	5057	5059	5061	5070	5150	14244
5040	5049	5054	5055	5058	5064	5075	5203	14245
5043	5051	5054	5055	5058	5061	5069	5172	14246
5042	5049	5054	5055	5059	5061	5081	5149	14247
5045	5047	5053	5055	5058	5061	5105	5149	14248
5044	5052	5054	5055	5058	5063	5072	5153	14249
5043	5051	5054	5055	5058	5060	5069	5187	14250
5041	5047	5053	5055	5058	5060	5107	5213	14251
5042	5047	5053	5056	5058	5062	5075	5238	14252
5042	5051	5054	5055	5058	5064	5075	5203	14253
5040	5047	5053	5055	5058	5067	5070	5243	14254
5041	5052	5053	5055	5059	5061	5070	5149	14255
5044	5052	5054	5055	5058	5060	5080	5149	14256
5042	5052	5053	5055	5058	5060	5089	5170	14257
5041	5046	5053	5055	5059	5062	5070	5173	14258
5039	5046	5053	5055	5059	5062	5070	5173	14259
5043	5046	5053	5056	5058	5061	5073	5161	14260
5039	5048	5054	5055	5058	5061	5075	5290	14261
5045	5048	5054	5055	5058	5062	5079	5149	14262
5040	5050	5054	5055	5058	5060	5069	5227	14263
5042	5048	5054	5055	5058	5065	5075	5159	14264
5039	5050	5054	5055	5058	5060	5086	5211	14265
5044	5049	5054	5055	5058	5060	5088	5149	14266
5044	5052	5054	5055	5058	5062	5085	5201	14267
5041	5052	5053	5056	5058	5064	5075	5238	14268
5043	5050	5054	5055	5058	5060	5079	5149	14269
5039	5052	5054	5055	5058	5060	5069	5207	14270
5043	5051	5054	5055	5058	5060	5069	5182	14271
5044	5049	5054	5055	5058	5064	5081	5149	14272
5041	5050	5054	5056	5059	5061	5071	5149	14273
5042	5046	5053	5055	5058	5061	5133	5149	14274
5045	5052	5054	5055	5058	5067	5069	5187	14275
5041	5048	5054	5055	5058	5064	5069	5235	14276
5039	5046	5053	5055	5058	5060	5075	5223	14277
5039	5051	5054	5055	5059	5062	5085	5169	14278
5043	5050	5054	5055	5058	5064	5078	5165	14279
5044	5050	5054	5055	5058	5060	5099	5189	14280
5044	5051	5054	5055	5059	5061	5070	5154	14281
5041	5046	5053	5056	5058	5061	5108	5149	14282
5040	5047	5053	5055	5058	5061	5090	5149	14283
5042	5050	5054	5055	5058	5061	5108	5214	14284
5039	5049	5054	5057	5058	5061	5090	5308	14285
5040	5051	5054	5057	5058	5060	5070	5154	14286
5045	5052	5054	5055	5058	5061	5110	5149	14287
5043	5047	5053	5055	5058	5062	5070	5154	14288
5041	5050	5054	5055	5058	5060	5085	5202	14289
5041	5049	5054	5056	5058	5064	5069	5151	14290
5045	5050	5054	5056	5059	5061	5075	5159	14291
5039	5050	5054	5057	5058	5062	5070	5149	14292
5041	5052	5053	5055	5058	5060	5069	5240	14293
5042	5050	5054	5057	5058	5060	5080	5174	14294
5042	5050	5054	5056	5058	5061	5069	5172	14295
5039	5052	5054	5057	5058	5061	5070	5154	14296
5042	5052	5053	5055	5058	5062	5069	5151	14297
5042	5049	5054	5055	5058	5061	5069	5281	14298
5045	5052	5054	5056	5058	5060	5099	5188	14299
5043	5046	5053	5055	5058	5066	5073	5157	14300
5041	5046	5053	5055	5059	5061	5069	5235	14301
5039	5046	5053	5055	5058	5061	5110	5149	14302
5042	5046	5053	5055	5058	5061	5088	5226	14303
5039	5049	5054	5055	5058	5065	5071	5152	14304
5042	5051	5054	5057	5058	5065	5071	5152	14305
5041	5046	5053	5055	5058	5063	5069	5182	14306
5042	5052	5053	5057	5058	5062	5070	5150	14307
5044	5052	5054	5055	5058	5060	5069	5207	14308
5043	5050	5054	5055	5059	5060	5073	5161	14309
5042	5049	5054	5055	5059	5063	5075	5159	14310
5043	5047	5053	5055	5058	5062	5069	5158	14311
5040	5051	5054	5056	5059	5061	5088	5190	14312
5042	5046	5053	5055	5058	5062	5075	5203	14313
5044	5047	5053	5055	5059	5061	5122	5350	14314
5044	5046	5053	5055	5058	5064	5075	5203	14315
5042	5048	5054	5055	5059	5060	5085	5201	14316
5040	5046	5053	5055	5059	5061	5069	5180	14317
5042	5050	5054	5055	5059	5060	5085	5201	14318
5041	5046	5053	5055	5059	5060	5075	5159	14319
5041	5052	5053	5055	5059	5060	5073	5157	14320
5045	5049	5054	5056	5058	5062	5069	5240	14321
5041	5052	5053	5055	5058	5061	5105	5330	14322
5040	5047	5053	5055	5058	5064	5099	5188	14323
5043	5046	5053	5056	5058	5060	5075	5238	14324
5043	5050	5054	5055	5058	5062	5069	5240	14325
5041	5048	5054	5055	5058	5064	5110	5149	14326
5041	5051	5054	5055	5058	5063	5073	5249	14327
5040	5051	5054	5055	5059	5060	5085	5169	14328
5044	5048	5054	5055	5058	5062	5097	5221	14329
5042	5052	5053	5055	5058	5061	5118	5149	14330
5041	5049	5054	5055	5058	5060	5069	5258	14331
5039	5048	5054	5055	5058	5061	5128	5378	14332
5043	5049	5054	5055	5058	5061	5069	5258	14333
5040	5049	5054	5056	5059	5062	5069	5149	14334
5041	5046	5053	5055	5058	5064	5073	5157	14335
5043	5048	5054	5056	5058	5061	5099	5188	14336
5039	5050	5054	5056	5058	5061	5069	5151	14337
5041	5047	5053	5055	5059	5060	5069	5180	14338
5040	5051	5054	5055	5059	5060	5069	5149	14339
5043	5048	5054	5055	5058	5064	5075	5149	14340
5043	5050	5054	5055	5058	5061	5075	5208	14341
5043	5048	5054	5055	5058	5065	5106	5212	14342
5040	5049	5054	5057	5058	5063	5070	5149	14343
5045	5049	5054	5055	5059	5067	5073	5149	14344
5043	5052	5054	5055	5058	5061	5073	5156	14345
5042	5050	5054	5057	5059	5061	5069	5235	14346
5043	5050	5054	5056	5058	5060	5069	5151	14347
5043	5046	5053	5055	5059	5062	5070	5150	14348
5043	5046	5053	5055	5058	5060	5069	5262	14349
5042	5046	5053	5055	5058	5060	5069	5172	14350
5040	5052	5054	5056	5059	5060	5087	5200	14351
5045	5049	5054	5055	5058	5060	5069	5358	14352
5042	5046	5053	5056	5058	5061	5075	5159	14353
5040	5048	5054	5055	5058	5060	5073	5249	14354
5040	5049	5054	5055	5058	5064	5079	5176	14355
5041	5049	5054	5055	5059	5061	5085	5169	14356
5041	5051	5054	5055	5058	5061	5099	5189	14357
5045	5051	5054	5055	5059	5060	5070	5166	14358
5044	5049	5054	5056	5059	5060	5088	5190	14359
5039	5046	5053	5056	5058	5063	5073	5183	14360
5043	5049	5054	5056	5058	5062	5088	5190	14361
5044	5050	5054	5055	5058	5062	5085	5202	14362
5041	5051	5054	5056	5058	5062	5073	5149	14363
5039	5047	5053	5056	5058	5061	5106	5212	14364
5043	5049	5054	5056	5058	5063	5069	5163	14365
5043	5047	5053	5056	5058	5061	5069	5187	14366
5042	5048	5054	5055	5058	5062	5075	5238	14367
5040	5047	5053	5056	5058	5064	5098	5186	14368
5041	5048	5054	5056	5058	5061	5098	5186	14369
5041	5046	5053	5055	5059	5062	5069	5149	14370
5039	5046	5053	5055	5058	5061	5105	5149	14371
5040	5050	5054	5055	5058	5061	5086	5216	14372
5043	5052	5054	5055	5058	5064	5081	5210	14373
5044	5047	5053	5055	5059	5061	5075	5199	14374
5044	5048	5054	5055	5058	5063	5070	5149	14375
5041	5052	5053	5057	5058	5062	5087	5191	14376
5043	5050	5054	5055	5058	5061	5088	5190	14377
5041	5052	5053	5055	5058	5060	5075	5167	14378
5042	5048	5054	5056	5058	5061	5070	5154	14379
5041	5047	5053	5055	5058	5062	5073	5149	14380
5040	5050	5054	5055	5058	5060	5087	5149	14381
5043	5046	5053	5055	5059	5060	5137	5335	14382
5044	5047	5053	5055	5058	5065	5106	5212	14383
5042	5050	5054	5055	5058	5063	5086	5216	14384
5039	5046	5053	5055	5059	5060	5121	5149	14385
5041	5046	5053	5055	5058	5060	5069	5182	14386
5043	5050	5054	5055	5058	5063	5075	5159	14387
5043	5048	5054	5055	5058	5062	5070	5154	14388
5042	5048	5054	5056	5058	5060	5069	5151	14389
5039	5046	5053	5056	5058	5062	5073	5183	14390
5041	5050	5054	5055	5058	5062	5121	5255	14391
5043	5049	5054	5056	5058	5062	5102	5149	14392
5041	5048	5054	5057	5058	5060	5113	5229	14393
5041	5046	5053	5055	5058	5060	5072	5149	14394
5043	5047	5053	5055	5058	5060	5120	5253	14395
5043	5046	5053	5055	5059	5060	5075	5159	14396
5043	5049	5054	5055	5058	5061	5073	5249	14397
5042	5051	5054	5056	5058	5061	5088	5190	14398
5044	5051	5054	5055	5058	5060	5099	5189	14399
5042	5047	5053	5055	5058	5061	5085	5230	14400
5042	5051	5054	5055	5058	5061	5085	5169	14401
5041	5050	5054	5055	5059	5062	5069	5149	14402
5042	5051	5054	5056	5059	5060	5070	5150	14403
5041	5049	5054	5055	5058	5062	5085	5230	14404
5042	5052	5053	5056	5058	5062	5075	5149	14405
5045	5052	5054	5055	5058	5064	5093	5177	14406
5040	5049	5054	5055	5058	5061	5069	5252	14407
5041	5048	5054	5056	5059	5061	5088	5190	14408
5044	5051	5054	5055	5059	5060	5087	5222	14409
5039	5046	5053	5056	5059	5060	5070	5150	14410
5042	5048	5054	5055	5059	5060	5075	5149	14411
5042	5050	5054	5055	5058	5061	5084	5160	14412
5040	5046	5053	5055	5058	5062	5078	5165	14413
5042	5049	5054	5055	5058	5064	5069	5158	14414
5045	5048	5054	5056	5058	5061	5069	5180	14415
5040	5046	5053	5055	5058	5061	5112	5265	14416
5045	5052	5054	5055	5059	5060	5085	5230	14417
5039	5051	5054	5056	5058	5061	5073	5249	14418
5039	5050	5054	5055	5058	5062	5070	5154	14419
5041	5048	5054	5055	5059	5061	5070	5154	14420
5042	5052	5053	5055	5058	5061	5145	5149	14421
5040	5047	5053	5056	5059	5062	5073	5156	14422
5043	5046	5053	5056	5058	5064	5090	5149	14423
5041	5046	5053	5055	5058	5062	5089	5170	14424
5040	5048	5054	5056	5058	5061	5075	5203	14425
5039	5047	5053	5055	5058	5061	5121	5255	14426
5042	5046	5053	5056	5058	5061	5069	5235	14427
5040	5048	5054	5057	5058	5061	5073	5175	14428
5044	5052	5054	5055	5058	5060	5113	5149	14429
5040	5047	5053	5056	5058	5060	5098	5186	14430
5045	5048	5054	5056	5058	5063	5069	5149	14431
5040	5047	5053	5055	5058	5060	5089	5170	14432
5040	5049	5054	5055	5058	5060	5088	5268	14433
5043	5052	5054	5055	5058	5061	5069	5287	14434
5041	5051	5054	5056	5058	5062	5070	5150	14435
5041	5048	5054	5056	5058	5066	5095	5149	14436
5043	5049	5054	5056	5058	5061	5120	5280	14437
5040	5051	5054	5057	5058	5061	5070	5154	14438
5044	5046	5053	5055	5058	5067	5082	5149	14439
5043	5050	5054	5055	5058	5060	5085	5149	14440
5041	5052	5053	5055	5058	5061	5120	5253	14441
5041	5047	5053	5055	5058	5065	5073	5157	14442
5041	5052	5053	5056	5058	5064	5069	5179	14443
5044	5046	5053	5056	5058	5061	5073	5175	14444
5045	5048	5054	5055	5058	5065	5117	5288	14445
5043	5050	5054	5056	5058	5062	5069	5240	14446
5043	5051	5054	5055	5058	5061	5087	5191	14447
5044	5052	5054	5055	5058	5062	5079	5176	14448
5041	5051	5054	5056	5059	5060	5088	5190	14449
5041	5051	5054	5056	5058	5060	5115	5233	14450
5043	5051	5054	5056	5058	5060	5070	5154	14451
5042	5046	5053	5055	5059	5063	5077	5155	14452
5040	5049	5054	5055	5058	5063	5069	5207	14453
5044	5049	5054	5057	5058	5061	5069	5207	14454
5042	5047	5053	5055	5058	5061	5088	5149	14455
5042	5048	5054	5055	5058	5061	5092	5149	14456
5045	5047	5053	5057	5058	5062	5075	5149	14457
5039	5051	5054	5057	5058	5064	5069	5179	14458
5040	5052	5054	5056	5058	5060	5070	5150	14459
5040	5052	5054	5055	5058	5064	5090	5149	14460
5042	5051	5054	5055	5058	5063	5069	5151	14461
5041	5052	5053	5055	5059	5061	5070	5173	14462
5044	5052	5054	5056	5058	5061	5080	5174	14463
5043	5051	5054	5055	5059	5060	5112	5225	14464
5041	5046	5053	5055	5059	5061	5081	5210	14465
5043	5052	5054	5055	5059	5061	5073	5183	14466
5042	5048	5054	5055	5058	5061	5069	5252	14467
5042	5050	5054	5056	5058	5063	5070	5149	14468
5044	5046	5053	5055	5058	5060	5073	5183	14469
5045	5047	5053	5055	5058	5062	5076	5205	14470
5040	5046	5053	5055	5058	5061	5070	5154	14471
5039	5049	5054	5055	5058	5065	5089	5149	14472
5043	5050	5054	5055	5058	5062	5121	5255	14473
5040	5048	5054	5056	5058	5060	5090	5149	14474
5040	5047	5053	5057	5059	5061	5121	5255	14475
5045	5050	5054	5056	5058	5062	5102	5149	14476
5040	5050	5054	5055	5058	5060	5105	5330	14477
5039	5049	5054	5055	5058	5061	5075	5199	14478
5040	5051	5054	5056	5058	5067	5069	5258	14479
5044	5046	5053	5055	5058	5063	5070	5243	14480
5042	5050	5054	5055	5058	5060	5075	5203	14481
5040	5048	5054	5055	5059	5060	5069	5179	14482
5044	5046	5053	5056	5058	5061	5070	5154	14483
5044	5049	5054	5055	5058	5061	5069	5180	14484
5042	5050	5054	5055	5058	5061	5083	5149	14485
5039	5046	5053	5055	5058	5064	5121	5255	14486
5045	5050	5054	5056	5058	5060	5070	5150	14487
5043	5049	5054	5055	5058	5060	5100	5192	14488
5041	5046	5053	5055	5059	5060	5073	5157	14489
5043	5051	5054	5055	5058	5060	5075	5203	14490
5039	5049	5054	5055	5058	5060	5079	5176	14491
5040	5048	5054	5055	5059	5060	5085	5202	14492
5042	5049	5054	5055	5058	5060	5104	5204	14493
5040	5048	5054	5056	5058	5060	5099	5188	14494
5041	5049	5054	5055	5059	5061	5110	5149	14495
5042	5046	5053	5056	5058	5063	5069	5149	14496
5040	5048	5054	5055	5058	5062	5116	5234	14497
5041	5052	5053	5055	5058	5062	5075	5159	14498
5045	5048	5054	5055	5058	5060	5075	5159	14499
5042	5046	5053	5055	5058	5061	5090	5149	14500
5045	5049	5054	5057	5058	5063	5073	5175	14501
5043	5050	5054	5056	5058	5060	5069	5163	14502
5041	5052	5053	5055	5058	5062	5097	5221	14503
5042	5047	5053	5055	5058	5061	5069	5227	14504
5043	5046	5053	5055	5058	5062	5077	5155	14505
5040	5052	5054	5055	5058	5062	5087	5237	14506
5043	5047	5053	5055	5058	5060	5088	5149	14507
5040	5048	5054	5057	5058	5060	5098	5186	14508
5043	5050	5054	5056	5059	5064	5069	5235	14509
5041	5051	5054	5055	5058	5063	5075	5159	14510
5044	5046	5053	5056	5058	5060	5080	5149	14511
5043	5047	5053	5056	5058	5060	5069	5194	14512
5041	5052	5053	5057	5058	5061	5070	5154	14513
5041	5051	5054	5056	5058	5060	5073	5149	14514
5044	5047	5053	5056	5058	5064	5069	5149	14515
5040	5049	5054	5056	5058	5064	5075	5203	14516
5040	5047	5053	5055	5058	5060	5085	5230	14517
5041	5046	5053	5055	5059	5062	5077	5195	14518
5043	5049	5054	5055	5058	5061	5127	5149	14519
5043	5051	5054	5055	5058	5062	5089	5149	14520
5041	5047	5053	5055	5058	5060	5085	5273	14521
5040	5052	5054	5055	5058	5060	5106	5212	14522
5040	5052	5054	5056	5059	5060	5069	5149	14523
5042	5049	5054	5055	5058	5060	5073	5161	14524
5043	5050	5054	5055	5058	5060	5088	5168	14525
5044	5046	5053	5056	5058	5061	5080	5149	14526
5041	5047	5053	5055	5059	5060	5069	5248	14527
5041	5052	5053	5055	5059	5061	5087	5149	14528
5042	5051	5054	5055	5059	5061	5085	5201	14529
5039	5047	5053	5056	5059	5061	5075	5238	14530
5040	5046	5053	5057	5058	5061	5069	5179	14531
5039	5052	5054	5055	5058	5062	5094	5272	14532
5042	5050	5054	5055	5058	5061	5081	5149	14533
5040	5050	5054	5055	5058	5065	5072	5149	14534
5043	5052	5054	5055	5058	5060	5088	5168	14535
5043	5050	5054	5056	5059	5060	5070	5154	14536
5044	5046	5053	5055	5058	5065	5078	5149	14537
5042	5050	5054	5056	5058	5065	5070	5149	14538
5040	5047	5053	5055	5059	5061	5069	5172	14539
5043	5052	5054	5056	5058	5063	5069	5149	14540
5040	5047	5053	5055	5058	5061	5108	5214	14541
5043	5050	5054	5056	5058	5060	5069	5185	14542
5043	5052	5054	5055	5058	5060	5080	5174	14543
5041	5051	5054	5055	5058	5061	5087	5200	14544
5040	5051	5054	5057	5058	5062	5070	5150	14545
5043	5047	5053	5055	5058	5062	5089	5170	14546
5039	5048	5054	5055	5059	5060	5070	5154	14547
5044	5046	5053	5055	5058	5061	5079	5176	14548
5040	5047	5053	5056	5058	5062	5069	5235	14549
5043	5046	5053	5055	5058	5061	5121	5255	14550
5043	5047	5053	5056	5058	5061	5120	5280	14551
5040	5051	5054	5056	5058	5060	5075	5159	14552
5039	5051	5054	5055	5058	5067	5141	5149	14553
5045	5049	5054	5056	5058	5065	5069	5149	14554
5041	5049	5054	5055	5058	5063	5073	5156	14555
5044	5046	5053	5055	5058	5063	5069	5182	14556
5041	5048	5054	5056	5059	5065	5075	5159	14557
5041	5047	5053	5055	5058	5060	5077	5256	14558
5040	5049	5054	5056	5058	5060	5070	5150	14559
5042	5046	5053	5055	5058	5064	5073	5161	14560
5041	5050	5054	5055	5058	5060	5070	5243	14561
5043	5046	5053	5055	5058	5060	5076	5149	14562
5040	5046	5053	5055	5058	5060	5080	5149	14563
5045	5049	5054	5055	5058	5061	5070	5166	14564
5044	5047	5053	5055	5058	5064	5075	5199	14565
5043	5051	5054	5055	5058	5062	5075	5199	14566
5039	5046	5053	5055	5059	5065	5069	5149	14567
5041	5049	5054	5056	5059	5060	5075	5149	14568
5045	5052	5054	5055	5058	5061	5070	5166	14569
5043	5048	5054	5056	5059	5062	5075	5149	14570
5039	5049	5054	5057	5058	5060	5071	5152	14571
5040	5050	5054	5056	5059	5061	5069	5235	14572
5041	5046	5053	5057	5059	5064	5069	5162	14573
5042	5047	5053	5055	5058	5066	5095	5149	14574
5045	5051	5054	5055	5058	5060	5070	5173	14575
5039	5047	5053	5056	5058	5061	5073	5218	14576
5042	5050	5054	5055	5059	5061	5121	5255	14577
5045	5051	5054	5056	5059	5061	5069	5235	14578
5040	5048	5054	5055	5058	5061	5097	5184	14579
5043	5052	5054	5055	5058	5063	5073	5218	14580
5043	5052	5054	5056	5058	5060	5099	5196	14581
5041	5047	5053	5055	5058	5060	5121	5260	14582
5039	5050	5054	5056	5058	5062	5069	5240	14583
5040	5047	5053	5055	5058	5060	5088	5270	14584
5040	5052	5054	5057	5059	5061	5070	5154	14585
5041	5051	5054	5056	5058	5064	5090	5149	14586
5043	5047	5053	5055	5058	5061	5106	5212	14587
5039	5052	5054	5055	5058	5061	5088	5168	14588
5044	5052	5054	5056	5059	5061	5073	5156	14589
5039	5046	5053	5055	5058	5061	5085	5273	14590
5041	5048	5054	5055	5058	5062	5078	5149	14591
5039	5048	5054	5056	5058	5060	5073	5218	14592
5043	5052	5054	5055	5058	5061	5069	5172	14593
5045	5048	5054	5055	5058	5062	5093	5177	14594
5044	5051	5054	5055	5059	5060	5085	5169	14595
5043	5052	5054	5055	5058	5060	5069	5179	14596
5043	5049	5054	5055	5058	5060	5087	5149	14597
5039	5052	5054	5056	5058	5061	5120	5280	14598
5042	5051	5054	5056	5058	5060	5079	5176	14599
5040	5050	5054	5055	5059	5060	5088	5149	14600
5040	5047	5053	5055	5059	5060	5088	5328	14601
5041	5048	5054	5056	5058	5061	5086	5216	14602
5040	5047	5053	5057	5058	5064	5121	5255	14603
5043	5048	5054	5055	5058	5065	5117	5288	14604
5040	5052	5054	5056	5058	5060	5099	5196	14605
5039	5052	5054	5055	5059	5060	5069	5180	14606
5043	5050	5054	5056	5058	5064	5069	5149	14607
5045	5048	5054	5057	5058	5060	5075	5203	14608
5040	5049	5054	5056	5059	5063	5069	5149	14609
5039	5050	5054	5057	5058	5061	5086	5216	14610
5041	5050	5054	5055	5058	5060	5081	5149	14611
5040	5052	5054	5057	5058	5064	5069	5179	14612
5042	5050	5054	5055	5058	5061	5085	5273	14613
5040	5046	5053	5055	5058	5062	5089	5170	14614
5043	5047	5053	5056	5058	5061	5073	5218	14615
5041	5052	5053	5055	5059	5063	5085	5169	14616
5042	5047	5053	5055	5058	5061	5089	5170	14617
5043	5046	5053	5055	5058	5066	5099	5196	14618
5044	5048	5054	5055	5058	5060	5085	5149	14619
5041	5052	5053	5055	5058	5061	5075	5290	14620
5044	5049	5054	5056	5058	5064	5075	5159	14621
5041	5048	5054	5055	5058	5065	5106	5212	14622
5039	5052	5054	5057	5058	5060	5075	5149	14623
5041	5050	5054	5056	5059	5065	5081	5210	14624
5042	5051	5054	5056	5058	5062	5102	5149	14625
5043	5046	5053	5057	5058	5061	5080	5149	14626
5043	5047	5053	5055	5058	5060	5085	5149	14627
5042	5051	5054	5055	5058	5062	5099	5196	14628
5042	5049	5054	5056	5058	5066	5075	5149	14629
5039	5051	5054	5055	5058	5061	5075	5199	14630
5042	5046	5053	5056	5058	5060	5075	5149	14631
5040	5050	5054	5056	5058	5060	5087	5149	14632
5045	5052	5054	5055	5058	5064	5079	5176	14633
5043	5052	5054	5055	5058	5062	5075	5149	14634
5045	5047	5053	5056	5058	5061	5070	5150	14635
5039	5048	5054	5056	5058	5062	5080	5174	14636
5040	5051	5054	5055	5058	5062	5078	5149	14637
5042	5049	5054	5056	5058	5063	5069	5149	14638
5041	5049	5054	5057	5058	5060	5115	5233	14639
5040	5051	5054	5055	5058	5064	5093	5177	14640
5039	5046	5053	5055	5058	5062	5097	5149	14641
5042	5046	5053	5055	5058	5061	5073	5149	14642
5041	5046	5053	5056	5058	5062	5090	5149	14643
5044	5048	5054	5056	5058	5060	5099	5188	14644
5040	5048	5054	5055	5058	5061	5099	5189	14645
5041	5052	5053	5055	5058	5062	5069	5246	14646
5043	5052	5054	5056	5058	5063	5069	5209	14647
5040	5047	5053	5056	5058	5060	5113	5229	14648
5039	5047	5053	5056	5059	5060	5070	5150	14649
5045	5046	5053	5055	5058	5060	5069	5246	14650
5043	5051	5054	5055	5058	5061	5069	5151	14651
5043	5047	5053	5055	5058	5061	5088	5149	14652
5044	5049	5054	5057	5058	5061	5115	5233	14653
5045	5051	5054	5055	5059	5061	5077	5155	14654
5041	5051	5054	5055	5058	5061	5088	5168	14655
5045	5048	5054	5055	5058	5060	5073	5161	14656
5044	5052	5054	5057	5058	5060	5069	5240	14657
5044	5052	5054	5055	5058	5065	5112	5225	14658
5039	5049	5054	5055	5058	5060	5079	5149	14659
5042	5052	5053	5055	5058	5061	5069	5182	14660
5039	5052	5054	5056	5058	5064	5070	5150	14661
5040	5052	5054	5055	5058	5060	5069	5248	14662
5041	5046	5053	5055	5059	5060	5098	5186	14663
5043	5052	5054	5055	5058	5063	5090	5149	14664
5039	5052	5054	5055	5058	5065	5087	5149	14665
5045	5050	5054	5055	5058	5060	5069	5240	14666
5039	5051	5054	5055	5059	5060	5069	5342	14667
5044	5052	5054	5055	5058	5060	5073	5157	14668
5043	5051	5054	5056	5058	5061	5099	5188	14669
5039	5051	5054	5055	5058	5060	5069	5187	14670
5042	5052	5053	5055	5059	5060	5069	5172	14671
5043	5047	5053	5056	5059	5060	5070	5150	14672
5044	5052	5054	5055	5058	5061	5072	5244	14673
5039	5051	5054	5055	5058	5060	5085	5201	14674
5044	5047	5053	5056	5058	5060	5075	5159	14675
5040	5047	5053	5055	5058	5061	5087	5222	14676
5044	5046	5053	5056	5058	5060	5099	5188	14677
5040	5047	5053	5055	5058	5060	5075	5238	14678
5044	5051	5054	5055	5058	5064	5075	5149	14679
5040	5047	5053	5055	5058	5063	5072	5153	14680
5043	5048	5054	5055	5058	5064	5069	5162	14681
5042	5049	5054	5056	5058	5061	5070	5164	14682
5039	5050	5054	5055	5058	5060	5085	5273	14683
5042	5052	5053	5057	5058	5063	5073	5183	14684
5045	5051	5054	5056	5058	5060	5070	5149	14685
5039	5046	5053	5055	5058	5061	5069	5185	14686
5041	5050	5054	5055	5058	5060	5114	5149	14687
5040	5049	5054	5057	5058	5063	5069	5162	14688
5043	5047	5053	5055	5059	5062	5070	5150	14689
5043	5052	5054	5056	5058	5061	5079	5176	14690
5042	5051	5054	5057	5058	5060	5070	5150	14691
5040	5052	5054	5055	5059	5063	5077	5155	14692
5039	5046	5053	5057	5058	5064	5106	5212	14693
5040	5049	5054	5055	5058	5060	5075	5149	14694
5043	5052	5054	5057	5058	5064	5069	5179	14695
5045	5052	5054	5055	5058	5060	5087	5237	14696
5039	5047	5053	5056	5059	5063	5073	5156	14697
5040	5049	5054	5055	5059	5061	5072	5149	14698
5039	5049	5054	5055	5058	5060	5084	5232	14699
5039	5047	5053	5056	5059	5061	5073	5156	14700
5042	5048	5054	5055	5058	5060	5121	5255	14701
5042	5051	5054	5055	5058	5060	5115	5149	14702
5041	5046	5053	5057	5058	5061	5070	5150	14703
5040	5050	5054	5057	5058	5064	5069	5235	14704
5044	5046	5053	5056	5059	5060	5069	5149	14705
5043	5050	5054	5056	5058	5063	5070	5149	14706
5045	5049	5054	5055	5058	5060	5069	5158	14707
5039	5047	5053	5056	5058	5062	5073	5183	14708
5041	5051	5054	5055	5058	5067	5071	5152	14709
5041	5046	5053	5055	5058	5062	5088	5190	14710
5039	5051	5054	5055	5058	5060	5102	5274	14711
5044	5047	5053	5055	5058	5061	5126	5346	14712
5039	5047	5053	5056	5058	5060	5069	5179	14713
5043	5052	5054	5055	5058	5062	5070	5166	14714
5042	5050	5054	5055	5058	5061	5087	5191	14715
5043	5052	5054	5057	5058	5061	5073	5175	14716
5041	5052	5053	5057	5058	5060	5113	5229	14717
5040	5051	5054	5055	5059	5060	5070	5150	14718
5041	5048	5054	5055	5059	5065	5073	5218	14719
5044	5048	5054	5056	5058	5064	5069	5149	14720
5043	5052	5054	5055	5058	5061	5072	5264	14721
5041	5050	5054	5055	5058	5060	5115	5334	14722
5043	5052	5054	5055	5058	5060	5069	5158	14723
5041	5052	5053	5057	5058	5061	5070	5150	14724
5043	5046	5053	5055	5058	5062	5070	5154	14725
5041	5049	5054	5055	5058	5063	5073	5149	14726
5039	5046	5053	5055	5059	5061	5070	5150	14727
5040	5049	5054	5055	5058	5061	5122	5350	14728
5044	5049	5054	5056	5058	5061	5070	5149	14729
5045	5051	5054	5055	5058	5064	5078	5149	14730
5042	5049	5054	5055	5058	5061	5124	5149	14731
5039	5049	5054	5055	5058	5061	5086	5211	14732
5042	5050	5054	5055	5058	5061	5086	5211	14733
5040	5047	5053	5055	5058	5061	5126	5284	14734
5039	5051	5054	5056	5058	5061	5070	5164	14735
5041	5052	5053	5055	5058	5061	5081	5149	14736
5043	5051	5054	5055	5059	5061	5075	5149	14737
5042	5050	5054	5055	5058	5060	5102	5149	14738
5043	5047	5053	5055	5059	5062	5069	5149	14739
5039	5052	5054	5056	5058	5061	5088	5149	14740
5040	5047	5053	5055	5059	5064	5073	5156	14741
5044	5051	5054	5055	5058	5060	5114	5149	14742
5044	5046	5053	5055	5058	5061	5073	5249	14743
5040	5048	5054	5055	5058	5062	5070	5150	14744
5041	5049	5054	5055	5059	5061	5081	5210	14745
5040	5046	5053	5055	5058	5061	5069	5235	14746
5041	5051	5054	5055	5058	5060	5085	5201	14747
5042	5047	5053	5055	5058	5060	5069	5246	14748
5040	5047	5053	5055	5058	5063	5087	5200	14749
5043	5046	5053	5055	5059	5063	5146	5375	14750
5040	5048	5054	5056	5058	5063	5087	5149	14751
5043	5048	5054	5055	5059	5064	5075	5159	14752
5040	5052	5054	5055	5058	5064	5073	5157	14753
5044	5046	5053	5055	5058	5064	5073	5149	14754
5039	5047	5053	5056	5059	5061	5069	5235	14755
5040	5047	5053	5055	5059	5064	5069	5172	14756
5043	5050	5054	5057	5058	5061	5069	5179	14757
5044	5046	5053	5055	5058	5061	5086	5211	14758
5040	5046	5053	5055	5059	5061	5069	5235	14759
5041	5046	5053	5055	5058	5060	5070	5315	14760
5043	5048	5054	5055	5058	5060	5076	5205	14761
5041	5052	5053	5055	5058	5062	5088	5149	14762
5041	5050	5054	5055	5058	5061	5088	5271	14763
5039	5048	5054	5055	5058	5060	5075	5238	14764
5043	5046	5053	5055	5058	5062	5069	5151	14765
5043	5047	5053	5055	5058	5060	5085	5201	14766
5042	5052	5053	5055	5058	5061	5090	5149	14767
5042	5048	5054	5055	5058	5061	5121	5255	14768
5040	5051	5054	5055	5058	5063	5069	5252	14769
5039	5051	5054	5055	5058	5061	5105	5149	14770
5039	5050	5054	5055	5059	5064	5069	5266	14771
5044	5049	5054	5055	5059	5061	5108	5214	14772
5041	5048	5054	5055	5058	5064	5123	5269	14773
5043	5048	5054	5056	5058	5060	5099	5188	14774
5042	5046	5053	5055	5058	5060	5078	5149	14775
5039	5047	5053	5056	5058	5067	5069	5149	14776
5045	5048	5054	5055	5059	5063	5069	5172	14777
5042	5050	5054	5056	5058	5061	5082	5149	14778
5045	5049	5054	5055	5058	5060	5093	5177	14779
5040	5047	5053	5055	5058	5060	5105	5149	14780
5039	5052	5054	5055	5058	5065	5074	5149	14781
5040	5050	5054	5057	5058	5062	5069	5240	14782
5043	5048	5054	5057	5058	5061	5073	5175	14783
5044	5048	5054	5055	5059	5061	5085	5230	14784
5045	5050	5054	5056	5058	5060	5069	5306	14785
5043	5051	5054	5055	5058	5060	5085	5149	14786
5042	5047	5053	5055	5059	5060	5073	5149	14787
5039	5052	5054	5056	5058	5060	5088	5226	14788
5041	5048	5054	5055	5059	5062	5085	5230	14789
5043	5050	5054	5056	5058	5060	5085	5201	14790
5040	5052	5054	5055	5058	5060	5100	5192	14791
5041	5052	5053	5055	5058	5062	5073	5183	14792
5044	5052	5054	5055	5058	5062	5072	5153	14793
5043	5046	5053	5055	5059	5062	5069	5180	14794
5041	5049	5054	5055	5059	5063	5073	5156	14795
5040	5047	5053	5055	5058	5062	5076	5205	14796
5041	5050	5054	5056	5059	5063	5069	5149	14797
5042	5052	5053	5055	5058	5061	5075	5223	14798
5042	5048	5054	5055	5058	5061	5069	5185	14799
5040	5050	5054	5057	5058	5060	5069	5163	14800
5042	5046	5053	5055	5058	5060	5077	5155	14801
5041	5049	5054	5055	5058	5067	5073	5149	14802
5042	5049	5054	5055	5058	5064	5072	5244	14803
5044	5047	5053	5055	5058	5062	5095	5149	14804
5042	5047	5053	5056	5058	5060	5069	5179	14805
5043	5047	5053	5056	5058	5061	5098	5186	14806
5040	5051	5054	5055	5058	5061	5084	5160	14807
5039	5052	5054	5055	5058	5062	5086	5211	14808
5040	5052	5054	5055	5058	5060	5080	5174	14809
5040	5051	5054	5055	5058	5061	5069	5187	14810
5040	5049	5054	5055	5058	5060	5073	5218	14811
5039	5046	5053	5055	5058	5064	5069	5158	14812
5043	5049	5054	5055	5058	5060	5110	5149	14813
5042	5052	5053	5055	5058	5061	5121	5149	14814
5040	5047	5053	5055	5059	5061	5081	5210	14815
5039	5049	5054	5055	5058	5063	5072	5149	14816
5044	5049	5054	5057	5058	5060	5080	5174	14817
5045	5046	5053	5056	5058	5060	5087	5149	14818
5040	5049	5054	5055	5058	5061	5092	5224	14819
5044	5047	5053	5055	5058	5061	5079	5176	14820
5045	5049	5054	5055	5058	5061	5105	5149	14821
5041	5051	5054	5055	5058	5065	5095	5149	14822
5043	5048	5054	5055	5059	5060	5075	5159	14823
5045	5052	5054	5055	5058	5061	5079	5149	14824
5045	5049	5054	5055	5058	5062	5077	5155	14825
5041	5047	5053	5056	5058	5060	5075	5149	14826
5041	5048	5054	5055	5058	5060	5087	5191	14827
5039	5051	5054	5055	5058	5060	5115	5233	14828
5041	5048	5054	5056	5059	5060	5079	5176	14829
5042	5047	5053	5056	5058	5066	5075	5245	14830
5043	5049	5054	5055	5058	5060	5118	5149	14831
5045	5049	5054	5055	5058	5061	5069	5151	14832
5044	5047	5053	5055	5058	5060	5075	5203	14833
5042	5052	5053	5056	5058	5061	5082	5149	14834
5044	5048	5054	5057	5059	5061	5075	5149	14835
5039	5049	5054	5056	5058	5061	5070	5154	14836
5039	5050	5054	5057	5058	5061	5088	5149	14837
5040	5052	5054	5057	5058	5063	5069	5163	14838
5044	5049	5054	5055	5058	5061	5087	5259	14839
5044	5046	5053	5055	5058	5060	5089	5170	14840
5039	5051	5054	5055	5058	5061	5116	5234	14841
5044	5050	5054	5056	5058	5060	5115	5233	14842
5045	5051	5054	5056	5058	5060	5090	5149	14843
5043	5048	5054	5056	5058	5061	5073	5175	14844
5042	5048	5054	5057	5058	5060	5075	5159	14845
5040	5047	5053	5055	5058	5061	5085	5201	14846
5043	5052	5054	5055	5058	5064	5112	5225	14847
5040	5047	5053	5055	5058	5060	5088	5300	14848
5044	5052	5054	5055	5059	5060	5086	5149	14849
5040	5047	5053	5055	5058	5060	5075	5242	14850
5042	5052	5053	5055	5058	5061	5069	5248	14851
5041	5049	5054	5055	5058	5065	5070	5149	14852
5043	5052	5054	5057	5058	5061	5069	5235	14853
5039	5051	5054	5055	5058	5062	5075	5159	14854
5044	5046	5053	5055	5058	5061	5085	5273	14855
5042	5051	5054	5055	5058	5060	5085	5169	14856
5043	5047	5053	5055	5058	5065	5106	5212	14857
5041	5047	5053	5055	5059	5060	5069	5179	14858
5044	5048	5054	5056	5058	5060	5073	5149	14859
5044	5050	5054	5056	5058	5060	5075	5203	14860
5039	5052	5054	5055	5059	5063	5077	5155	14861
5039	5046	5053	5055	5058	5060	5088	5149	14862
5045	5051	5054	5055	5058	5061	5079	5176	14863
5040	5049	5054	5056	5058	5063	5073	5149	14864
5039	5046	5053	5056	5059	5064	5088	5190	14865
5041	5047	5053	5055	5058	5060	5085	5323	14866
5041	5052	5053	5056	5058	5064	5070	5150	14867
5040	5052	5054	5055	5058	5062	5069	5163	14868
5044	5052	5054	5056	5058	5063	5069	5149	14869
5041	5050	5054	5055	5059	5060	5075	5159	14870
5039	5047	5053	5055	5059	5060	5070	5150	14871
5043	5050	5054	5056	5058	5061	5075	5159	14872
5043	5049	5054	5056	5058	5060	5069	5180	14873
5039	5051	5054	5055	5059	5061	5070	5154	14874
5039	5048	5054	5056	5058	5061	5121	5255	14875
5042	5047	5053	5055	5059	5061	5070	5150	14876
5039	5049	5054	5056	5058	5060	5073	5183	14877
5039	5049	5054	5057	5058	5061	5080	5174	14878
5039	5052	5054	5057	5058	5064	5069	5162	14879
5043	5049	5054	5055	5058	5061	5075	5199	14880
5042	5047	5053	5055	5059	5061	5075	5149	14881
5040	5046	5053	5056	5058	5062	5070	5149	14882
5042	5048	5054	5055	5058	5060	5126	5284	14883
5042	5048	5054	5055	5058	5064	5075	5245	14884
5042	5051	5054	5055	5058	5064	5088	5190	14885
5042	5050	5054	5055	5058	5062	5088	5149	14886
5041	5051	5054	5055	5058	5060	5112	5225	14887
5044	5048	5054	5055	5058	5064	5075	5245	14888
5042	5048	5054	5056	5058	5064	5099	5188	14889
5043	5051	5054	5055	5058	5060	5084	5232	14890
5045	5049	5054	5056	5058	5061	5095	5149	14891
5043	5050	5054	5055	5058	5060	5114	5149	14892
5045	5052	5054	5055	5058	5061	5069	5252	14893
5040	5046	5053	5055	5058	5060	5087	5200	14894
5045	5051	5054	5055	5058	5061	5073	5156	14895
5039	5049	5054	5055	5059	5063	5075	5159	14896
5039	5046	5053	5055	5058	5060	5087	5237	14897
5040	5050	5054	5057	5059	5064	5069	5235	14898
5042	5052	5053	5056	5058	5060	5121	5255	14899
5043	5047	5053	5055	5058	5062	5071	5152	14900
5041	5048	5054	5056	5059	5061	5086	5216	14901
5044	5049	5054	5055	5058	5061	5069	5227	14902
5042	5047	5053	5055	5058	5063	5075	5203	14903
5042	5047	5053	5055	5058	5061	5069	5254	14904
5043	5049	5054	5055	5058	5060	5069	5185	14905
5041	5051	5054	5055	5058	5060	5069	5179	14906
5043	5049	5054	5056	5058	5062	5069	5235	14907
5043	5050	5054	5055	5058	5060	5069	5278	14908
5041	5052	5053	5055	5058	5062	5070	5243	14909
5040	5049	5054	5055	5059	5061	5085	5230	14910
5045	5047	5053	5055	5058	5060	5085	5228	14911
5040	5051	5054	5056	5058	5061	5086	5216	14912
5043	5047	5053	5056	5058	5061	5106	5212	14913
5043	5052	5054	5055	5058	5061	5069	5179	14914
5045	5050	5054	5056	5058	5061	5110	5149	14915
5041	5052	5053	5055	5058	5061	5086	5310	14916
5043	5049	5054	5055	5058	5061	5087	5200	14917
5043	5046	5053	5055	5058	5061	5081	5149	14918
5040	5048	5054	5055	5058	5062	5080	5149	14919
5040	5052	5054	5055	5058	5062	5073	5149	14920
5044	5047	5053	5056	5058	5060	5087	5149	14921
5042	5050	5054	5055	5058	5061	5089	5149	14922
5044	5052	5054	5055	5059	5060	5069	5149	14923
5041	5046	5053	5056	5059	5060	5069	5149	14924
5045	5049	5054	5057	5058	5060	5115	5233	14925
5040	5047	5053	5055	5058	5062	5075	5167	14926
5040	5047	5053	5055	5058	5060	5097	5149	14927
5040	5047	5053	5055	5058	5061	5073	5325	14928
5039	5052	5054	5055	5058	5062	5069	5207	14929
5039	5050	5054	5055	5058	5060	5081	5149	14930
5040	5051	5054	5055	5059	5062	5075	5159	14931
5042	5051	5054	5055	5058	5061	5073	5149	14932
5045	5047	5053	5055	5058	5062	5069	5172	14933
5039	5047	5053	5057	5058	5061	5069	5287	14934
5043	5051	5054	5055	5058	5065	5078	5149	14935
5040	5052	5054	5055	5058	5065	5069	5172	14936
5039	5051	5054	5056	5058	5061	5069	5151	14937
5039	5050	5054	5056	5058	5060	5102	5149	14938
5039	5050	5054	5055	5059	5060	5070	5150	14939
5043	5051	5054	5055	5058	5060	5136	5149	14940
5040	5048	5054	5055	5058	5060	5097	5221	14941
5039	5049	5054	5056	5058	5062	5088	5190	14942
5044	5051	5054	5055	5058	5061	5073	5175	14943
5041	5050	5054	5055	5058	5060	5079	5149	14944
5040	5047	5053	5055	5059	5061	5112	5225	14945
5041	5049	5054	5057	5058	5060	5085	5201	14946
5040	5048	5054	5055	5058	5061	5069	5258	14947
5042	5048	5054	5055	5058	5061	5073	5149	14948
5044	5047	5053	5055	5058	5061	5088	5149	14949
5043	5047	5053	5056	5058	5062	5069	5235	14950
5041	5047	5053	5055	5058	5060	5121	5255	14951
5043	5047	5053	5057	5058	5061	5069	5162	14952
5045	5051	5054	5055	5059	5060	5070	5150	14953
5044	5049	5054	5057	5058	5061	5075	5159	14954
5044	5051	5054	5056	5058	5066	5095	5149	14955
5041	5051	5054	5057	5058	5061	5069	5149	14956
5040	5046	5053	5057	5058	5061	5069	5162	14957
5039	5050	5054	5055	5058	5064	5088	5149	14958
5041	5050	5054	5055	5058	5062	5077	5195	14959
5044	5047	5053	5055	5058	5064	5075	5238	14960
5041	5047	5053	5055	5058	5061	5085	5201	14961
5041	5052	5053	5056	5058	5060	5069	5179	14962
5039	5051	5054	5057	5058	5060	5073	5183	14963
5043	5050	5054	5055	5058	5061	5116	5234	14964
5044	5052	5054	5056	5058	5060	5079	5176	14965
5044	5049	5054	5055	5058	5060	5120	5261	14966
5042	5047	5053	5055	5058	5060	5080	5174	14967
5041	5050	5054	5055	5058	5061	5069	5306	14968
5039	5051	5054	5055	5058	5062	5069	5207	14969
5040	5051	5054	5055	5058	5060	5088	5328	14970
5045	5049	5054	5055	5058	5062	5085	5220	14971
5042	5048	5054	5055	5058	5061	5070	5154	14972
5041	5052	5053	5055	5058	5060	5070	5166	14973
5044	5049	5054	5055	5059	5063	5075	5159	14974
5041	5047	5053	5055	5059	5060	5070	5150	14975
5044	5051	5054	5055	5058	5061	5087	5259	14976
5040	5049	5054	5055	5059	5063	5073	5156	14977
5042	5046	5053	5055	5058	5067	5078	5165	14978
5039	5047	5053	5055	5058	5061	5075	5238	14979
5044	5047	5053	5056	5058	5063	5069	5151	14980
5041	5047	5053	5055	5058	5062	5078	5165	14981
5041	5047	5053	5055	5058	5061	5087	5222	14982
5041	5048	5054	5057	5058	5061	5082	5149	14983
5041	5046	5053	5055	5059	5060	5087	5222	14984
5040	5048	5054	5055	5058	5061	5087	5149	14985
5042	5049	5054	5056	5059	5061	5088	5190	14986
5041	5050	5054	5056	5058	5061	5073	5249	14987
5041	5051	5054	5055	5058	5063	5082	5149	14988
5042	5047	5053	5057	5058	5060	5071	5152	14989
5043	5048	5054	5057	5058	5061	5080	5149	14990
5039	5046	5053	5055	5058	5062	5070	5150	14991
5039	5048	5054	5056	5058	5062	5086	5216	14992
5039	5052	5054	5057	5059	5060	5070	5154	14993
5041	5049	5054	5055	5058	5064	5069	5179	14994
5040	5049	5054	5056	5058	5064	5069	5163	14995
5041	5052	5053	5056	5058	5060	5102	5149	14996
5039	5049	5054	5056	5058	5060	5073	5149	14997
5039	5049	5054	5055	5058	5061	5081	5149	14998
5045	5047	5053	5056	5058	5060	5102	5149	14999
5043	5051	5054	5055	5058	5064	5112	5225	15000
5042	5047	5053	5055	5058	5061	5118	5149	15001
5042	5052	5053	5055	5059	5061	5069	5172	15002
5040	5050	5054	5055	5058	5063	5085	5149	15003
5044	5048	5054	5055	5058	5065	5112	5225	15004
5044	5049	5054	5055	5059	5061	5123	5277	15005
5044	5048	5054	5055	5058	5061	5079	5149	15006
5042	5048	5054	5055	5058	5060	5073	5157	15007
5043	5049	5054	5055	5059	5061	5070	5150	15008
5043	5051	5054	5055	5059	5060	5087	5149	15009
5041	5052	5053	5056	5058	5064	5073	5183	15010
5040	5050	5054	5057	5058	5061	5088	5149	15011
5045	5051	5054	5057	5058	5061	5082	5149	15012
5043	5052	5054	5055	5059	5060	5086	5216	15013
5045	5051	5054	5055	5058	5060	5070	5150	15014
5045	5048	5054	5056	5058	5060	5115	5233	15015
5041	5048	5054	5055	5058	5062	5084	5232	15016
5045	5048	5054	5056	5058	5061	5080	5149	15017
5039	5047	5053	5056	5058	5062	5086	5216	15018
5042	5048	5054	5055	5059	5063	5075	5149	15019
5044	5051	5054	5055	5059	5061	5086	5216	15020
5041	5050	5054	5055	5058	5062	5073	5161	15021
5041	5048	5054	5055	5058	5061	5089	5149	15022
5039	5051	5054	5055	5058	5063	5069	5207	15023
5039	5048	5054	5056	5058	5060	5073	5183	15024
5044	5046	5053	5055	5058	5062	5077	5155	15025
5044	5046	5053	5055	5058	5067	5070	5243	15026
5040	5052	5054	5057	5058	5060	5098	5186	15027
5043	5049	5054	5056	5058	5061	5069	5207	15028
5043	5047	5053	5056	5058	5063	5069	5278	15029
5042	5049	5054	5055	5058	5060	5087	5149	15030
5042	5046	5053	5056	5058	5061	5069	5258	15031
5044	5047	5053	5055	5058	5061	5075	5290	15032
5040	5050	5054	5055	5058	5062	5073	5183	15033
5042	5048	5054	5057	5058	5061	5070	5150	15034
5041	5049	5054	5055	5058	5064	5122	5339	15035
5044	5047	5053	5055	5058	5060	5087	5149	15036
5043	5052	5054	5056	5058	5061	5075	5238	15037
5045	5046	5053	5055	5058	5064	5069	5246	15038
5044	5052	5054	5055	5058	5062	5083	5149	15039
5045	5046	5053	5055	5058	5060	5083	5149	15040
5044	5049	5054	5056	5058	5064	5099	5188	15041
5044	5049	5054	5055	5058	5061	5087	5200	15042
5041	5048	5054	5055	5059	5061	5086	5211	15043
5041	5048	5054	5055	5059	5064	5069	5149	15044
5045	5047	5053	5055	5058	5060	5069	5162	15045
5044	5051	5054	5057	5058	5061	5069	5185	15046
5045	5049	5054	5056	5058	5060	5078	5165	15047
5043	5047	5053	5055	5058	5060	5085	5228	15048
5042	5052	5053	5055	5058	5065	5074	5149	15049
5042	5047	5053	5056	5059	5061	5088	5190	15050
5045	5052	5054	5056	5059	5061	5075	5159	15051
5042	5047	5053	5055	5058	5061	5069	5187	15052
5041	5049	5054	5055	5059	5063	5069	5149	15053
5040	5048	5054	5057	5059	5061	5075	5159	15054
5042	5046	5053	5056	5059	5061	5075	5238	15055
5045	5052	5054	5057	5058	5061	5082	5149	15056
5042	5047	5053	5055	5058	5060	5078	5165	15057
5042	5049	5054	5055	5059	5060	5087	5149	15058
5044	5048	5054	5055	5058	5063	5078	5165	15059
5043	5046	5053	5055	5059	5060	5073	5183	15060
5044	5052	5054	5057	5058	5061	5069	5163	15061
5041	5052	5053	5057	5058	5060	5071	5152	15062
5041	5048	5054	5056	5058	5060	5087	5259	15063
5039	5046	5053	5055	5058	5062	5069	5180	15064
5041	5047	5053	5055	5058	5062	5069	5262	15065
5043	5046	5053	5055	5059	5061	5069	5149	15066
5040	5052	5054	5055	5059	5060	5078	5165	15067
5042	5052	5053	5056	5058	5063	5069	5149	15068
5040	5049	5054	5057	5058	5062	5069	5179	15069
5042	5046	5053	5055	5058	5061	5073	5161	15070
5041	5046	5053	5056	5058	5060	5121	5255	15071
5044	5052	5054	5055	5058	5065	5075	5159	15072
5043	5052	5054	5055	5058	5062	5089	5170	15073
5039	5047	5053	5055	5058	5061	5069	5179	15074
5044	5051	5054	5056	5058	5063	5073	5218	15075
5041	5050	5054	5055	5058	5063	5069	5179	15076
5039	5052	5054	5055	5058	5060	5075	5167	15077
5043	5052	5054	5055	5058	5062	5069	5180	15078
5044	5052	5054	5055	5059	5062	5096	5181	15079
5041	5046	5053	5055	5058	5063	5073	5149	15080
5040	5046	5053	5055	5058	5060	5075	5290	15081
5044	5046	5053	5055	5059	5060	5086	5310	15082
5042	5047	5053	5056	5058	5062	5070	5164	15083
5043	5051	5054	5055	5059	5061	5069	5278	15084
5039	5047	5053	5055	5058	5061	5070	5166	15085
5041	5052	5053	5055	5058	5064	5081	5210	15086
5043	5052	5054	5055	5058	5067	5069	5281	15087
5041	5048	5054	5056	5059	5061	5070	5154	15088
5044	5049	5054	5056	5059	5060	5086	5216	15089
5043	5052	5054	5056	5058	5062	5070	5149	15090
5041	5048	5054	5055	5058	5061	5106	5212	15091
5039	5046	5053	5056	5059	5060	5075	5159	15092
5039	5049	5054	5055	5059	5061	5087	5191	15093
5041	5048	5054	5055	5058	5062	5093	5177	15094
5044	5051	5054	5055	5058	5060	5088	5268	15095
5043	5047	5053	5056	5058	5061	5075	5238	15096
5039	5052	5054	5055	5058	5061	5069	5158	15097
5040	5046	5053	5055	5058	5064	5088	5149	15098
5045	5049	5054	5055	5058	5062	5121	5255	15099
5040	5051	5054	5055	5058	5061	5069	5172	15100
5039	5049	5054	5057	5058	5060	5070	5150	15101
5039	5046	5053	5055	5059	5064	5075	5159	15102
5041	5050	5054	5055	5059	5064	5075	5159	15103
5040	5051	5054	5055	5058	5063	5073	5218	15104
5042	5047	5053	5055	5059	5063	5073	5156	15105
5044	5051	5054	5055	5058	5060	5118	5149	15106
5040	5052	5054	5055	5058	5062	5069	5162	15107
5041	5052	5053	5055	5058	5062	5116	5234	15108
5041	5049	5054	5055	5058	5062	5101	5197	15109
5042	5048	5054	5055	5058	5061	5089	5170	15110
5041	5046	5053	5055	5058	5060	5090	5149	15111
5039	5051	5054	5055	5059	5060	5070	5166	15112
5043	5049	5054	5055	5058	5060	5103	5149	15113
5041	5048	5054	5055	5059	5060	5072	5303	15114
5042	5052	5053	5057	5058	5061	5085	5201	15115
5044	5050	5054	5055	5058	5060	5079	5176	15116
5040	5047	5053	5055	5058	5065	5073	5175	15117
5040	5048	5054	5055	5058	5062	5080	5174	15118
5044	5047	5053	5057	5058	5060	5073	5249	15119
5043	5051	5054	5055	5058	5064	5073	5161	15120
5044	5047	5053	5055	5059	5064	5075	5149	15121
5043	5050	5054	5055	5058	5063	5069	5182	15122
5045	5050	5054	5056	5058	5061	5095	5149	15123
5040	5046	5053	5055	5058	5064	5112	5149	15124
5040	5052	5054	5056	5058	5065	5073	5218	15125
5042	5049	5054	5055	5058	5060	5090	5149	15126
5044	5050	5054	5056	5059	5061	5086	5216	15127
5040	5049	5054	5056	5058	5061	5070	5164	15128
5041	5052	5053	5055	5058	5062	5085	5230	15129
5043	5047	5053	5055	5059	5061	5069	5180	15130
5044	5046	5053	5055	5058	5061	5120	5149	15131
5040	5050	5054	5057	5058	5062	5069	5163	15132
5041	5048	5054	5055	5059	5060	5069	5235	15133
5040	5046	5053	5055	5058	5060	5085	5307	15134
5043	5047	5053	5055	5058	5061	5116	5234	15135
5042	5048	5054	5056	5058	5060	5102	5149	15136
5042	5050	5054	5056	5058	5061	5081	5210	15137
5041	5051	5054	5055	5059	5065	5069	5149	15138
5045	5050	5054	5055	5058	5061	5069	5180	15139
5039	5048	5054	5056	5058	5062	5098	5186	15140
5041	5052	5053	5056	5058	5064	5073	5149	15141
5045	5047	5053	5055	5058	5061	5069	5162	15142
5042	5049	5054	5055	5058	5061	5081	5149	15143
5042	5048	5054	5055	5058	5060	5087	5149	15144
5041	5052	5053	5055	5058	5060	5088	5270	15145
5043	5048	5054	5056	5058	5065	5073	5218	15146
5040	5049	5054	5055	5058	5062	5087	5191	15147
5042	5051	5054	5055	5058	5061	5082	5149	15148
5041	5049	5054	5057	5058	5062	5069	5235	15149
5040	5049	5054	5055	5058	5063	5069	5180	15150
5043	5048	5054	5057	5058	5060	5115	5233	15151
5040	5052	5054	5056	5058	5061	5069	5163	15152
5040	5048	5054	5055	5059	5061	5085	5230	15153
5040	5048	5054	5055	5058	5062	5078	5149	15154
5041	5048	5054	5055	5058	5064	5106	5212	15155
5039	5047	5053	5055	5058	5060	5087	5191	15156
5044	5052	5054	5057	5058	5060	5071	5152	15157
5040	5052	5054	5056	5058	5065	5087	5267	15158
5044	5046	5053	5055	5058	5061	5073	5149	15159
5041	5048	5054	5055	5059	5060	5121	5260	15160
5044	5049	5054	5055	5058	5064	5072	5244	15161
5040	5052	5054	5055	5058	5060	5090	5149	15162
5043	5052	5054	5056	5058	5062	5071	5152	15163
5045	5047	5053	5056	5058	5061	5075	5238	15164
5040	5046	5053	5055	5058	5062	5069	5158	15165
5045	5049	5054	5057	5058	5061	5070	5149	15166
5044	5051	5054	5056	5058	5064	5075	5149	15167
5043	5048	5054	5055	5058	5060	5077	5149	15168
5044	5051	5054	5055	5058	5060	5070	5166	15169
5040	5052	5054	5055	5058	5061	5069	5151	15170
5044	5050	5054	5057	5058	5064	5069	5179	15171
5040	5046	5053	5055	5059	5060	5070	5173	15172
5044	5047	5053	5056	5058	5060	5087	5200	15173
5042	5047	5053	5057	5058	5061	5070	5150	15174
5045	5047	5053	5055	5058	5061	5085	5230	15175
5045	5047	5053	5055	5058	5064	5069	5162	15176
5041	5051	5054	5055	5058	5061	5082	5149	15177
5044	5052	5054	5055	5058	5060	5073	5183	15178
5042	5051	5054	5055	5058	5060	5087	5222	15179
5044	5052	5054	5056	5058	5065	5073	5218	15180
5040	5046	5053	5055	5059	5062	5069	5149	15181
5041	5050	5054	5055	5059	5061	5070	5166	15182
5039	5046	5053	5055	5058	5062	5083	5149	15183
5039	5049	5054	5057	5058	5061	5073	5183	15184
5043	5049	5054	5055	5058	5062	5104	5204	15185
5039	5052	5054	5055	5058	5061	5082	5149	15186
5039	5047	5053	5055	5058	5061	5069	5172	15187
5042	5050	5054	5055	5058	5065	5093	5177	15188
5040	5051	5054	5055	5059	5061	5076	5361	15189
5044	5046	5053	5055	5059	5061	5086	5310	15190
5044	5047	5053	5055	5058	5061	5069	5252	15191
5045	5052	5054	5055	5058	5060	5072	5244	15192
5044	5047	5053	5055	5058	5064	5099	5196	15193
5042	5052	5053	5056	5058	5060	5069	5180	15194
5045	5049	5054	5055	5058	5061	5084	5160	15195
5043	5050	5054	5055	5058	5061	5088	5168	15196
5044	5049	5054	5055	5058	5060	5085	5149	15197
5039	5050	5054	5056	5058	5061	5116	5349	15198
5041	5050	5054	5055	5058	5064	5069	5258	15199
5041	5052	5053	5056	5058	5060	5087	5259	15200
5045	5047	5053	5055	5058	5061	5087	5237	15201
5045	5050	5054	5055	5058	5062	5112	5225	15202
5040	5049	5054	5055	5058	5061	5110	5149	15203
5039	5050	5054	5055	5058	5067	5069	5149	15204
5039	5047	5053	5055	5058	5063	5070	5149	15205
5041	5052	5053	5055	5059	5060	5075	5159	15206
5042	5052	5053	5056	5058	5060	5078	5165	15207
5039	5049	5054	5057	5058	5061	5121	5255	15208
5040	5049	5054	5055	5058	5061	5072	5149	15209
5043	5048	5054	5055	5058	5061	5108	5149	15210
5044	5049	5054	5055	5058	5061	5087	5237	15211
5041	5046	5053	5055	5058	5062	5078	5149	15212
5041	5051	5054	5055	5058	5060	5082	5149	15213
5042	5049	5054	5057	5058	5065	5071	5152	15214
5040	5051	5054	5057	5058	5063	5069	5149	15215
5043	5048	5054	5056	5058	5061	5098	5186	15216
5043	5052	5054	5056	5059	5061	5116	5234	15217
5039	5048	5054	5055	5058	5064	5106	5212	15218
5039	5046	5053	5055	5059	5062	5075	5149	15219
5043	5048	5054	5056	5058	5060	5115	5233	15220
5043	5047	5053	5055	5058	5061	5069	5182	15221
5043	5052	5054	5055	5058	5061	5085	5220	15222
5044	5049	5054	5055	5059	5060	5086	5216	15223
5039	5048	5054	5056	5059	5060	5069	5172	15224
5045	5047	5053	5055	5059	5062	5069	5149	15225
5043	5051	5054	5056	5058	5060	5080	5174	15226
5043	5049	5054	5056	5058	5061	5082	5149	15227
5043	5052	5054	5055	5058	5060	5102	5149	15228
5040	5049	5054	5055	5058	5061	5073	5156	15229
5041	5049	5054	5056	5058	5061	5069	5235	15230
5042	5050	5054	5055	5059	5061	5075	5159	15231
5043	5048	5054	5055	5058	5060	5088	5149	15232
5043	5047	5053	5055	5059	5063	5085	5169	15233
5040	5052	5054	5055	5059	5061	5075	5149	15234
5040	5048	5054	5057	5059	5061	5075	5149	15235
5039	5046	5053	5055	5058	5062	5104	5204	15236
5039	5048	5054	5055	5058	5060	5136	5149	15237
5040	5048	5054	5055	5058	5065	5095	5149	15238
5043	5052	5054	5056	5058	5060	5085	5201	15239
5044	5049	5054	5055	5058	5062	5092	5149	15240
5041	5047	5053	5056	5058	5064	5069	5172	15241
5039	5048	5054	5057	5058	5061	5069	5235	15242
5040	5050	5054	5055	5059	5061	5087	5222	15243
5042	5047	5053	5055	5058	5061	5078	5149	15244
5041	5048	5054	5056	5059	5062	5070	5154	15245
5041	5049	5054	5055	5058	5060	5069	5266	15246
5044	5052	5054	5055	5058	5060	5070	5166	15247
5039	5047	5053	5055	5058	5061	5099	5189	15248
5039	5051	5054	5055	5058	5063	5073	5249	15249
5041	5049	5054	5055	5058	5064	5075	5203	15250
5041	5048	5054	5056	5058	5061	5070	5164	15251
5041	5050	5054	5056	5059	5067	5124	5149	15252
5040	5050	5054	5055	5059	5064	5070	5150	15253
5039	5052	5054	5055	5059	5061	5135	5149	15254
5043	5048	5054	5055	5058	5061	5069	5162	15255
5039	5050	5054	5055	5059	5061	5086	5216	15256
5042	5046	5053	5056	5058	5061	5088	5190	15257
5041	5050	5054	5056	5058	5061	5098	5186	15258
5042	5047	5053	5056	5058	5061	5073	5218	15259
5043	5050	5054	5056	5058	5061	5120	5280	15260
5041	5048	5054	5055	5059	5065	5069	5149	15261
5044	5049	5054	5055	5058	5062	5080	5174	15262
5040	5049	5054	5055	5058	5060	5114	5149	15263
5041	5049	5054	5056	5059	5065	5075	5149	15264
5043	5048	5054	5055	5059	5065	5070	5149	15265
5043	5051	5054	5056	5059	5065	5075	5159	15266
5043	5051	5054	5055	5058	5063	5079	5149	15267
5045	5051	5054	5057	5058	5061	5069	5162	15268
5043	5051	5054	5056	5058	5061	5069	5235	15269
5044	5052	5054	5055	5058	5061	5069	5258	15270
5043	5046	5053	5055	5059	5060	5121	5260	15271
5043	5052	5054	5055	5058	5061	5099	5215	15272
5045	5048	5054	5056	5058	5062	5075	5149	15273
5043	5052	5054	5056	5058	5061	5073	5183	15274
5041	5052	5053	5055	5058	5063	5090	5149	15275
5039	5046	5053	5055	5058	5060	5073	5249	15276
5039	5052	5054	5055	5058	5063	5073	5218	15277
5040	5049	5054	5055	5058	5061	5069	5209	15278
5040	5050	5054	5057	5059	5060	5069	5235	15279
5039	5046	5053	5055	5058	5063	5073	5183	15280
5043	5052	5054	5056	5058	5060	5069	5240	15281
5044	5047	5053	5056	5058	5064	5090	5149	15282
5044	5050	5054	5055	5058	5061	5118	5149	15283
5045	5046	5053	5056	5058	5062	5080	5174	15284
5041	5048	5054	5056	5058	5063	5087	5149	15285
5044	5052	5054	5055	5058	5061	5069	5185	15286
5041	5052	5053	5056	5058	5060	5075	5238	15287
5040	5051	5054	5057	5058	5060	5088	5268	15288
5043	5049	5054	5055	5058	5061	5085	5149	15289
5039	5049	5054	5055	5059	5063	5069	5151	15290
5039	5049	5054	5055	5058	5065	5092	5149	15291
5043	5048	5054	5056	5058	5061	5069	5258	15292
5040	5049	5054	5055	5058	5060	5072	5264	15293
5043	5049	5054	5055	5058	5063	5075	5203	15294
5043	5050	5054	5055	5058	5060	5085	5230	15295
5043	5049	5054	5057	5058	5062	5069	5235	15296
5041	5051	5054	5055	5058	5061	5122	5289	15297
5040	5047	5053	5055	5059	5060	5069	5179	15298
5039	5048	5054	5055	5058	5062	5080	5174	15299
5044	5049	5054	5055	5058	5061	5069	5163	15300
5044	5047	5053	5056	5059	5062	5088	5190	15301
5044	5051	5054	5055	5058	5061	5070	5154	15302
5040	5052	5054	5055	5058	5061	5110	5149	15303
5039	5046	5053	5056	5058	5063	5069	5151	15304
5040	5052	5054	5055	5059	5060	5115	5304	15305
5041	5052	5053	5055	5058	5062	5118	5149	15306
5040	5049	5054	5055	5059	5061	5086	5149	15307
5039	5049	5054	5055	5058	5060	5103	5149	15308
5042	5046	5053	5055	5058	5061	5085	5220	15309
5045	5051	5054	5055	5058	5064	5069	5149	15310
5039	5052	5054	5055	5058	5060	5073	5218	15311
5045	5048	5054	5055	5058	5064	5073	5157	15312
5040	5047	5053	5055	5058	5062	5087	5200	15313
5041	5048	5054	5055	5058	5060	5072	5303	15314
5040	5052	5054	5057	5058	5060	5069	5162	15315
5040	5050	5054	5056	5058	5061	5079	5176	15316
5039	5052	5054	5056	5058	5062	5069	5172	15317
5040	5049	5054	5055	5059	5061	5100	5192	15318
5044	5048	5054	5055	5058	5062	5105	5149	15319
5042	5049	5054	5055	5058	5063	5085	5201	15320
5043	5048	5054	5056	5058	5061	5073	5249	15321
5044	5051	5054	5055	5059	5063	5085	5169	15322
5044	5046	5053	5055	5058	5061	5088	5149	15323
5041	5052	5053	5056	5058	5063	5081	5149	15324
5044	5050	5054	5057	5058	5066	5075	5149	15325
5040	5051	5054	5056	5058	5060	5113	5229	15326
5040	5052	5054	5055	5058	5060	5087	5191	15327
5039	5047	5053	5056	5058	5065	5072	5341	15328
5040	5047	5053	5055	5058	5060	5076	5149	15329
5044	5049	5054	5055	5058	5065	5092	5149	15330
5039	5051	5054	5057	5058	5060	5098	5186	15331
5039	5052	5054	5055	5058	5060	5118	5149	15332
5043	5049	5054	5055	5058	5066	5073	5157	15333
5039	5048	5054	5056	5059	5067	5071	5149	15334
5042	5050	5054	5056	5059	5065	5088	5190	15335
5040	5047	5053	5057	5058	5061	5088	5149	15336
5042	5046	5053	5055	5058	5064	5078	5149	15337
5040	5048	5054	5055	5059	5063	5085	5201	15338
5042	5049	5054	5056	5059	5065	5075	5149	15339
5042	5049	5054	5055	5058	5064	5075	5203	15340
5042	5052	5053	5055	5058	5064	5089	5170	15341
5043	5046	5053	5057	5058	5060	5070	5150	15342
5040	5046	5053	5057	5059	5061	5088	5149	15343
5039	5052	5054	5056	5058	5065	5075	5159	15344
5042	5049	5054	5057	5058	5060	5069	5149	15345
5042	5051	5054	5055	5058	5064	5106	5212	15346
5044	5047	5053	5055	5058	5061	5069	5209	15347
5044	5052	5054	5055	5058	5061	5118	5149	15348
5045	5049	5054	5057	5058	5061	5069	5149	15349
5039	5048	5054	5055	5059	5063	5069	5149	15350
5041	5047	5053	5057	5058	5061	5069	5179	15351
5039	5051	5054	5056	5058	5060	5088	5190	15352
5041	5052	5053	5055	5058	5064	5099	5189	15353
5041	5047	5053	5055	5058	5061	5073	5175	15354
5040	5052	5054	5056	5058	5062	5069	5151	15355
5041	5048	5054	5055	5058	5061	5089	5170	15356
5043	5051	5054	5056	5058	5061	5069	5250	15357
5043	5050	5054	5056	5058	5063	5069	5240	15358
5042	5049	5054	5055	5059	5061	5087	5191	15359
5041	5050	5054	5055	5058	5062	5093	5177	15360
5041	5048	5054	5055	5058	5061	5069	5158	15361
5045	5052	5054	5056	5058	5062	5069	5172	15362
5044	5052	5054	5055	5058	5060	5075	5238	15363
5041	5051	5054	5056	5058	5064	5075	5149	15364
5045	5047	5053	5055	5058	5060	5085	5169	15365
5039	5049	5054	5055	5058	5060	5069	5179	15366
5041	5047	5053	5057	5058	5065	5088	5149	15367
5041	5046	5053	5057	5058	5062	5069	5149	15368
5042	5047	5053	5055	5058	5062	5099	5189	15369
5044	5050	5054	5055	5058	5065	5090	5149	15370
5042	5051	5054	5055	5058	5060	5069	5172	15371
5041	5048	5054	5056	5058	5060	5075	5149	15372
5044	5052	5054	5057	5058	5065	5088	5149	15373
5041	5046	5053	5056	5058	5061	5121	5255	15374
5039	5051	5054	5055	5058	5062	5078	5149	15375
5039	5048	5054	5055	5058	5061	5088	5168	15376
5042	5048	5054	5055	5058	5061	5082	5149	15377
5042	5051	5054	5055	5058	5061	5080	5174	15378
5039	5048	5054	5057	5059	5062	5070	5150	15379
5045	5046	5053	5055	5058	5064	5069	5235	15380
5039	5049	5054	5055	5058	5060	5083	5149	15381
5044	5051	5054	5056	5058	5061	5087	5149	15382
5044	5046	5053	5057	5059	5061	5088	5149	15383
5040	5052	5054	5056	5058	5061	5069	5151	15384
5041	5047	5053	5055	5058	5061	5069	5278	15385
5039	5051	5054	5055	5059	5063	5075	5159	15386
5040	5051	5054	5056	5058	5060	5073	5183	15387
5039	5046	5053	5055	5058	5063	5075	5203	15388
5040	5047	5053	5055	5058	5062	5069	5252	15389
5043	5051	5054	5056	5058	5060	5080	5149	15390
5042	5051	5054	5055	5059	5064	5075	5159	15391
5039	5047	5053	5056	5059	5064	5073	5156	15392
5044	5051	5054	5055	5058	5065	5093	5177	15393
5045	5049	5054	5055	5058	5060	5069	5342	15394
5041	5047	5053	5055	5058	5061	5069	5235	15395
5045	5051	5054	5055	5058	5061	5072	5264	15396
5041	5051	5054	5055	5058	5061	5087	5191	15397
5041	5046	5053	5057	5059	5061	5075	5149	15398
5039	5049	5054	5055	5058	5062	5087	5191	15399
5040	5048	5054	5055	5059	5061	5080	5174	15400
5041	5047	5053	5055	5058	5062	5089	5170	15401
5041	5046	5053	5055	5059	5061	5087	5222	15402
5040	5052	5054	5055	5058	5063	5069	5182	15403
5044	5050	5054	5055	5058	5063	5124	5285	15404
5039	5048	5054	5055	5059	5061	5075	5149	15405
5041	5051	5054	5055	5059	5061	5086	5216	15406
5041	5050	5054	5055	5058	5062	5090	5149	15407
5041	5050	5054	5055	5059	5063	5085	5149	15408
5044	5050	5054	5055	5058	5064	5069	5151	15409
5045	5050	5054	5057	5058	5063	5073	5175	15410
5043	5049	5054	5055	5059	5060	5072	5336	15411
5040	5047	5053	5056	5058	5062	5075	5149	15412
5045	5046	5053	5055	5058	5064	5069	5158	15413
5043	5052	5054	5055	5059	5061	5110	5149	15414
5041	5051	5054	5056	5058	5060	5075	5167	15415
5044	5047	5053	5055	5058	5060	5069	5179	15416
5040	5048	5054	5055	5058	5060	5099	5196	15417
5041	5049	5054	5055	5058	5064	5069	5235	15418
5043	5050	5054	5055	5059	5060	5088	5226	15419
5043	5047	5053	5055	5058	5060	5112	5311	15420
5042	5050	5054	5055	5058	5067	5088	5149	15421
5044	5049	5054	5055	5058	5061	5084	5232	15422
5039	5050	5054	5055	5058	5060	5088	5268	15423
5041	5049	5054	5057	5058	5061	5087	5191	15424
5041	5049	5054	5055	5058	5063	5087	5191	15425
5040	5048	5054	5055	5058	5060	5075	5223	15426
5041	5052	5053	5055	5059	5060	5069	5179	15427
5044	5051	5054	5055	5058	5060	5097	5221	15428
5044	5048	5054	5055	5058	5061	5073	5249	15429
5044	5047	5053	5055	5058	5063	5087	5237	15430
5041	5046	5053	5055	5059	5060	5121	5260	15431
5044	5046	5053	5056	5058	5064	5098	5186	15432
5041	5046	5053	5056	5058	5061	5115	5233	15433
5043	5051	5054	5056	5058	5062	5090	5149	15434
5045	5050	5054	5055	5058	5061	5088	5168	15435
5044	5046	5053	5055	5058	5063	5073	5249	15436
5043	5051	5054	5057	5058	5064	5069	5179	15437
5044	5048	5054	5056	5058	5061	5070	5164	15438
5039	5050	5054	5057	5058	5062	5069	5179	15439
5041	5047	5053	5055	5058	5061	5075	5238	15440
5041	5051	5054	5055	5058	5064	5070	5154	15441
5040	5049	5054	5057	5058	5061	5098	5186	15442
5042	5051	5054	5056	5058	5065	5106	5212	15443
5040	5047	5053	5056	5058	5060	5075	5167	15444
5039	5049	5054	5055	5058	5061	5069	5185	15445
5044	5052	5054	5056	5058	5062	5075	5167	15446
5039	5046	5053	5056	5058	5061	5069	5179	15447
5041	5049	5054	5056	5059	5061	5088	5190	15448
5039	5052	5054	5055	5058	5060	5121	5255	15449
5042	5047	5053	5055	5058	5064	5078	5149	15450
5039	5052	5054	5056	5059	5060	5075	5159	15451
5039	5051	5054	5057	5058	5061	5082	5149	15452
5043	5051	5054	5057	5058	5061	5075	5159	15453
5042	5052	5053	5055	5059	5063	5077	5155	15454
5042	5049	5054	5056	5058	5061	5099	5188	15455
5039	5052	5054	5055	5059	5060	5069	5179	15456
5039	5048	5054	5056	5058	5062	5075	5149	15457
5044	5047	5053	5055	5058	5062	5069	5248	15458
5039	5049	5054	5055	5058	5062	5095	5149	15459
5040	5051	5054	5055	5058	5063	5069	5207	15460
5039	5049	5054	5055	5058	5061	5073	5156	15461
5039	5046	5053	5055	5059	5061	5069	5235	15462
5042	5046	5053	5056	5058	5061	5080	5149	15463
5044	5048	5054	5057	5058	5065	5075	5159	15464
5042	5049	5054	5055	5058	5064	5095	5149	15465
5044	5051	5054	5057	5058	5061	5070	5149	15466
5044	5050	5054	5055	5058	5061	5122	5344	15467
5040	5052	5054	5057	5059	5060	5075	5159	15468
5043	5046	5053	5055	5058	5062	5069	5231	15469
5040	5050	5054	5056	5058	5065	5106	5212	15470
5044	5051	5054	5055	5059	5061	5086	5211	15471
5039	5052	5054	5055	5058	5063	5069	5252	15472
5043	5051	5054	5055	5059	5063	5085	5169	15473
5043	5051	5054	5055	5059	5061	5085	5169	15474
5043	5051	5054	5055	5058	5061	5127	5381	15475
5043	5052	5054	5055	5058	5060	5116	5234	15476
5044	5050	5054	5055	5058	5061	5140	5347	15477
5045	5050	5054	5056	5059	5065	5075	5159	15478
5043	5052	5054	5055	5058	5060	5075	5290	15479
5043	5050	5054	5055	5058	5062	5069	5180	15480
5042	5047	5053	5055	5058	5062	5076	5149	15481
5039	5047	5053	5057	5058	5064	5069	5179	15482
5045	5052	5054	5055	5058	5061	5108	5214	15483
5039	5046	5053	5055	5058	5060	5073	5183	15484
5040	5050	5054	5057	5059	5063	5069	5240	15485
5039	5048	5054	5056	5058	5061	5106	5212	15486
5040	5050	5054	5055	5058	5062	5069	5151	15487
5043	5052	5054	5055	5058	5064	5106	5212	15488
5040	5047	5053	5055	5058	5061	5099	5283	15489
5042	5050	5054	5057	5058	5061	5087	5191	15490
5039	5052	5054	5055	5059	5061	5077	5155	15491
5040	5050	5054	5055	5059	5061	5086	5211	15492
5041	5051	5054	5055	5058	5065	5078	5149	15493
5041	5049	5054	5055	5058	5062	5080	5174	15494
5045	5052	5054	5056	5058	5061	5098	5186	15495
5041	5052	5053	5056	5059	5060	5069	5235	15496
5042	5051	5054	5055	5058	5061	5075	5203	15497
5042	5052	5053	5055	5058	5061	5077	5195	15498
5045	5050	5054	5055	5058	5062	5073	5157	15499
5041	5050	5054	5055	5058	5061	5081	5149	15500
5042	5050	5054	5055	5058	5061	5104	5204	15501
5041	5048	5054	5055	5058	5067	5075	5159	15502
5040	5051	5054	5057	5058	5060	5086	5216	15503
5041	5048	5054	5055	5058	5062	5075	5203	15504
5044	5046	5053	5055	5058	5060	5075	5290	15505
5043	5051	5054	5055	5058	5067	5069	5149	15506
5039	5052	5054	5055	5058	5064	5069	5179	15507
5039	5048	5054	5055	5058	5062	5121	5260	15508
5043	5047	5053	5056	5058	5062	5073	5156	15509
5041	5049	5054	5055	5058	5060	5073	5249	15510
5040	5052	5054	5056	5058	5064	5098	5186	15511
5045	5047	5053	5055	5058	5060	5087	5200	15512
5040	5047	5053	5055	5059	5063	5087	5200	15513
5039	5050	5054	5055	5058	5061	5085	5230	15514
5041	5052	5053	5055	5059	5064	5132	5149	15515
5044	5047	5053	5056	5058	5061	5075	5238	15516
5039	5052	5054	5057	5058	5060	5071	5152	15517
5040	5051	5054	5055	5058	5060	5087	5259	15518
5040	5048	5054	5056	5059	5061	5087	5149	15519
5044	5050	5054	5056	5058	5061	5099	5188	15520
5041	5047	5053	5055	5058	5062	5070	5149	15521
5044	5052	5054	5055	5058	5060	5075	5290	15522
5044	5048	5054	5055	5058	5060	5102	5274	15523
5043	5048	5054	5056	5058	5061	5082	5149	15524
5045	5051	5054	5056	5058	5061	5098	5186	15525
5044	5048	5054	5056	5058	5060	5073	5218	15526
5039	5049	5054	5055	5058	5062	5104	5204	15527
5042	5047	5053	5055	5058	5064	5069	5179	15528
5045	5051	5054	5056	5058	5061	5073	5175	15529
5044	5049	5054	5055	5058	5061	5118	5149	15530
5041	5050	5054	5055	5058	5062	5099	5215	15531
5042	5049	5054	5055	5058	5062	5080	5149	15532
5041	5051	5054	5055	5058	5065	5072	5149	15533
5039	5047	5053	5055	5058	5061	5112	5265	15534
5043	5047	5053	5056	5058	5061	5075	5159	15535
5043	5047	5053	5055	5058	5062	5088	5149	15536
5040	5050	5054	5055	5058	5065	5070	5154	15537
5043	5052	5054	5056	5059	5061	5075	5149	15538
5042	5051	5054	5055	5059	5061	5073	5156	15539
5043	5048	5054	5057	5058	5061	5069	5162	15540
5039	5049	5054	5055	5058	5060	5072	5264	15541
5041	5052	5053	5055	5059	5064	5075	5149	15542
5041	5050	5054	5055	5059	5064	5069	5149	15543
5041	5050	5054	5055	5058	5060	5104	5204	15544
5043	5048	5054	5055	5058	5060	5097	5221	15545
5040	5050	5054	5055	5059	5060	5087	5222	15546
5041	5046	5053	5057	5059	5061	5069	5162	15547
5044	5047	5053	5055	5058	5065	5073	5249	15548
5039	5046	5053	5055	5058	5065	5079	5176	15549
5042	5051	5054	5056	5058	5061	5069	5172	15550
5044	5049	5054	5056	5059	5061	5121	5255	15551
5041	5052	5053	5057	5058	5060	5073	5183	15552
5040	5047	5053	5055	5059	5061	5070	5173	15553
5044	5049	5054	5057	5058	5060	5069	5240	15554
5044	5049	5054	5055	5058	5061	5076	5205	15555
5044	5051	5054	5056	5058	5060	5099	5188	15556
5039	5052	5054	5057	5058	5061	5075	5159	15557
5040	5046	5053	5057	5058	5062	5069	5179	15558
5040	5046	5053	5056	5058	5062	5075	5149	15559
5043	5048	5054	5055	5058	5060	5098	5186	15560
5043	5048	5054	5055	5058	5063	5075	5203	15561
5039	5048	5054	5056	5058	5065	5098	5186	15562
5040	5046	5053	5055	5058	5060	5078	5165	15563
5042	5051	5054	5055	5058	5061	5069	5278	15564
5044	5048	5054	5056	5058	5061	5073	5175	15565
5039	5046	5053	5055	5058	5060	5075	5203	15566
5042	5052	5053	5055	5058	5061	5086	5216	15567
5043	5050	5054	5055	5059	5063	5069	5149	15568
5040	5046	5053	5057	5059	5064	5069	5162	15569
5041	5049	5054	5055	5058	5062	5069	5179	15570
5041	5048	5054	5055	5058	5060	5076	5205	15571
5041	5046	5053	5055	5058	5062	5073	5157	15572
5043	5048	5054	5055	5059	5060	5069	5172	15573
5041	5047	5053	5055	5059	5064	5075	5208	15574
5040	5052	5054	5055	5059	5061	5069	5180	15575
5043	5051	5054	5055	5058	5066	5069	5149	15576
5039	5050	5054	5055	5058	5063	5069	5240	15577
5042	5048	5054	5057	5059	5060	5075	5159	15578
5042	5049	5054	5057	5058	5063	5073	5175	15579
5045	5052	5054	5055	5058	5061	5073	5161	15580
5043	5047	5053	5056	5058	5062	5070	5150	15581
5042	5052	5053	5055	5058	5061	5088	5190	15582
5040	5046	5053	5055	5058	5062	5075	5167	15583
5040	5050	5054	5055	5058	5060	5085	5149	15584
5040	5051	5054	5057	5058	5064	5070	5150	15585
5043	5047	5053	5055	5059	5064	5081	5210	15586
5044	5052	5054	5055	5058	5062	5101	5197	15587
5041	5046	5053	5055	5058	5062	5070	5173	15588
5039	5048	5054	5055	5058	5060	5075	5199	15589
5042	5049	5054	5056	5058	5063	5069	5209	15590
5044	5047	5053	5057	5058	5061	5070	5150	15591
5041	5047	5053	5057	5058	5061	5087	5191	15592
5042	5047	5053	5056	5058	5060	5070	5164	15593
5041	5051	5054	5057	5059	5060	5070	5150	15594
5042	5048	5054	5055	5058	5060	5136	5149	15595
5044	5052	5054	5057	5058	5060	5069	5179	15596
5042	5048	5054	5055	5058	5062	5088	5168	15597
5039	5047	5053	5055	5059	5060	5096	5181	15598
5040	5047	5053	5056	5058	5062	5080	5149	15599
5044	5052	5054	5056	5058	5061	5079	5176	15600
5041	5051	5054	5056	5059	5060	5069	5163	15601
5042	5050	5054	5056	5058	5060	5102	5149	15602
5039	5052	5054	5055	5058	5061	5122	5350	15603
5040	5047	5053	5055	5058	5062	5091	5171	15604
5039	5046	5053	5055	5058	5061	5072	5264	15605
5042	5046	5053	5055	5058	5064	5095	5149	15606
5039	5047	5053	5055	5058	5060	5081	5149	15607
5041	5052	5053	5055	5058	5060	5075	5242	15608
5041	5048	5054	5055	5058	5061	5079	5176	15609
5039	5048	5054	5055	5059	5061	5069	5235	15610
5041	5051	5054	5055	5058	5062	5075	5149	15611
5040	5052	5054	5055	5059	5062	5096	5181	15612
5040	5046	5053	5055	5058	5062	5075	5238	15613
5043	5049	5054	5056	5058	5061	5113	5229	15614
5044	5047	5053	5055	5058	5061	5126	5284	15615
5040	5046	5053	5055	5058	5060	5096	5181	15616
5039	5049	5054	5056	5058	5061	5071	5152	15617
5044	5051	5054	5057	5059	5060	5070	5150	15618
5041	5050	5054	5055	5058	5063	5085	5149	15619
5040	5049	5054	5055	5059	5061	5069	5313	15620
5043	5050	5054	5055	5058	5060	5100	5192	15621
5044	5049	5054	5056	5058	5060	5069	5209	15622
5044	5049	5054	5055	5058	5062	5083	5149	15623
5043	5048	5054	5056	5058	5061	5073	5218	15624
5040	5046	5053	5055	5058	5060	5105	5149	15625
5039	5051	5054	5055	5058	5062	5089	5170	15626
5043	5051	5054	5055	5058	5061	5084	5232	15627
5045	5049	5054	5056	5058	5060	5070	5150	15628
5039	5049	5054	5055	5059	5063	5071	5149	15629
5040	5052	5054	5055	5058	5064	5081	5210	15630
5040	5047	5053	5055	5058	5062	5075	5223	15631
5041	5048	5054	5055	5058	5062	5115	5316	15632
5039	5047	5053	5055	5059	5060	5087	5222	15633
5040	5049	5054	5056	5058	5060	5075	5149	15634
5045	5047	5053	5055	5058	5061	5075	5167	15635
5042	5049	5054	5055	5058	5060	5107	5213	15636
5043	5052	5054	5056	5058	5062	5088	5190	15637
5044	5051	5054	5055	5058	5060	5070	5173	15638
5043	5046	5053	5055	5058	5062	5076	5205	15639
5043	5049	5054	5055	5059	5060	5075	5159	15640
5043	5052	5054	5055	5058	5061	5075	5203	15641
5041	5048	5054	5055	5058	5064	5084	5160	15642
5043	5051	5054	5055	5058	5060	5070	5166	15643
5043	5052	5054	5055	5058	5062	5073	5161	15644
5041	5051	5054	5056	5059	5061	5088	5190	15645
5044	5051	5054	5055	5058	5061	5122	5263	15646
5041	5051	5054	5055	5059	5061	5069	5151	15647
5040	5049	5054	5055	5059	5065	5088	5190	15648
5039	5046	5053	5055	5058	5061	5087	5191	15649
5044	5049	5054	5055	5058	5060	5069	5162	15650
5042	5052	5053	5055	5059	5065	5069	5172	15651
5045	5052	5054	5055	5058	5064	5073	5157	15652
5040	5052	5054	5055	5058	5061	5085	5353	15653
5043	5052	5054	5057	5058	5060	5087	5191	15654
5044	5049	5054	5055	5058	5063	5075	5149	15655
5039	5052	5054	5055	5058	5064	5089	5170	15656
5042	5050	5054	5055	5059	5063	5085	5201	15657
5041	5050	5054	5056	5058	5061	5071	5149	15658
5040	5051	5054	5055	5058	5062	5104	5204	15659
5040	5050	5054	5057	5058	5060	5069	5235	15660
5045	5050	5054	5055	5058	5062	5069	5180	15661
5039	5049	5054	5055	5058	5062	5070	5154	15662
5044	5046	5053	5055	5058	5060	5075	5203	15663
5043	5047	5053	5055	5058	5061	5088	5297	15664
5039	5048	5054	5055	5059	5062	5070	5173	15665
5044	5050	5054	5055	5058	5063	5069	5207	15666
5044	5049	5054	5055	5058	5060	5087	5191	15667
5042	5047	5053	5055	5058	5062	5070	5166	15668
5042	5048	5054	5055	5058	5060	5100	5149	15669
5041	5047	5053	5055	5058	5060	5086	5310	15670
5042	5052	5053	5055	5059	5064	5088	5149	15671
5042	5049	5054	5056	5058	5060	5070	5164	15672
5044	5051	5054	5055	5059	5064	5073	5149	15673
5042	5048	5054	5055	5058	5066	5069	5149	15674
5041	5052	5053	5056	5058	5062	5088	5190	15675
5043	5049	5054	5055	5058	5060	5087	5365	15676
5042	5050	5054	5055	5058	5061	5087	5222	15677
5043	5046	5053	5055	5058	5060	5087	5200	15678
5041	5048	5054	5055	5059	5061	5088	5190	15679
5045	5052	5054	5055	5058	5062	5101	5197	15680
5043	5048	5054	5055	5058	5065	5104	5204	15681
5044	5050	5054	5055	5058	5063	5085	5201	15682
5039	5046	5053	5055	5059	5060	5070	5149	15683
5041	5050	5054	5056	5058	5061	5106	5212	15684
5044	5047	5053	5055	5058	5061	5070	5166	15685
5040	5051	5054	5055	5058	5061	5087	5200	15686
5040	5047	5053	5055	5059	5061	5088	5190	15687
5043	5049	5054	5056	5058	5061	5070	5154	15688
5042	5046	5053	5055	5058	5060	5070	5173	15689
5039	5052	5054	5055	5058	5064	5070	5243	15690
5043	5048	5054	5056	5059	5061	5069	5172	15691
5042	5050	5054	5057	5059	5061	5086	5216	15692
5040	5047	5053	5055	5058	5064	5099	5373	15693
5041	5049	5054	5057	5059	5061	5086	5216	15694
5039	5048	5054	5055	5059	5061	5075	5203	15695
5043	5049	5054	5056	5058	5064	5073	5183	15696
5039	5052	5054	5055	5058	5061	5069	5227	15697
5040	5052	5054	5056	5058	5061	5098	5186	15698
5042	5046	5053	5055	5058	5060	5087	5191	15699
5042	5046	5053	5055	5058	5064	5099	5189	15700
5041	5050	5054	5057	5058	5061	5082	5149	15701
5044	5046	5053	5055	5059	5061	5085	5230	15702
5040	5052	5054	5057	5058	5060	5099	5196	15703
5040	5048	5054	5055	5058	5060	5071	5152	15704
5043	5051	5054	5055	5059	5060	5072	5303	15705
5039	5051	5054	5056	5058	5061	5069	5235	15706
5042	5047	5053	5055	5058	5062	5069	5180	15707
5040	5052	5054	5056	5058	5060	5121	5255	15708
5043	5051	5054	5055	5059	5060	5085	5169	15709
5040	5048	5054	5057	5058	5060	5082	5149	15710
5039	5050	5054	5055	5058	5063	5084	5160	15711
5041	5052	5053	5055	5058	5062	5089	5170	15712
5043	5047	5053	5055	5058	5060	5099	5196	15713
5041	5050	5054	5055	5058	5060	5120	5261	15714
5042	5052	5053	5055	5058	5061	5078	5165	15715
5044	5048	5054	5055	5058	5064	5075	5203	15716
5040	5046	5053	5055	5059	5064	5069	5235	15717
5040	5050	5054	5057	5058	5060	5075	5203	15718
5039	5051	5054	5055	5058	5061	5072	5264	15719
5039	5047	5053	5055	5058	5061	5069	5246	15720
5042	5047	5053	5055	5058	5062	5075	5199	15721
5044	5048	5054	5056	5058	5064	5095	5149	15722
5039	5052	5054	5056	5058	5061	5075	5245	15723
5041	5049	5054	5055	5059	5064	5075	5159	15724
5040	5047	5053	5055	5058	5061	5078	5149	15725
5042	5051	5054	5055	5059	5061	5070	5150	15726
5044	5046	5053	5055	5058	5061	5078	5165	15727
5041	5048	5054	5055	5058	5060	5075	5167	15728
5043	5051	5054	5055	5058	5062	5073	5156	15729
5042	5047	5053	5055	5058	5061	5087	5222	15730
5039	5052	5054	5055	5059	5061	5088	5297	15731
5043	5047	5053	5055	5059	5061	5087	5149	15732
5045	5050	5054	5055	5058	5065	5075	5159	15733
5040	5048	5054	5055	5058	5061	5085	5312	15734
5042	5049	5054	5055	5058	5060	5097	5149	15735
5039	5046	5053	5055	5058	5061	5087	5259	15736
5043	5047	5053	5055	5058	5061	5069	5235	15737
5044	5050	5054	5055	5058	5060	5069	5172	15738
5044	5046	5053	5055	5058	5066	5099	5196	15739
5043	5046	5053	5056	5058	5065	5073	5157	15740
5039	5048	5054	5055	5058	5061	5087	5149	15741
5044	5052	5054	5056	5059	5061	5088	5190	15742
5040	5052	5054	5055	5059	5060	5069	5180	15743
5039	5048	5054	5055	5058	5060	5103	5149	15744
5039	5051	5054	5055	5058	5063	5075	5167	15745
5040	5047	5053	5055	5058	5062	5070	5243	15746
5045	5048	5054	5055	5058	5060	5093	5177	15747
5044	5048	5054	5056	5059	5060	5070	5164	15748
5040	5050	5054	5057	5058	5065	5069	5163	15749
5039	5049	5054	5057	5058	5061	5088	5149	15750
5045	5052	5054	5055	5058	5060	5079	5149	15751
5044	5048	5054	5055	5058	5061	5112	5225	15752
5044	5051	5054	5056	5058	5063	5073	5183	15753
5041	5052	5053	5055	5059	5060	5069	5240	15754
5039	5050	5054	5055	5059	5061	5085	5220	15755
5041	5046	5053	5055	5058	5062	5069	5180	15756
5045	5047	5053	5057	5058	5064	5075	5149	15757
5039	5052	5054	5055	5058	5061	5085	5149	15758
5042	5048	5054	5056	5058	5060	5087	5149	15759
5041	5046	5053	5055	5058	5060	5069	5235	15760
5041	5048	5054	5055	5058	5062	5077	5155	15761
5040	5046	5053	5056	5058	5065	5073	5218	15762
5045	5050	5054	5055	5058	5063	5075	5149	15763
5040	5052	5054	5055	5058	5061	5077	5195	15764
5044	5049	5054	5055	5058	5061	5127	5291	15765
5045	5048	5054	5056	5058	5062	5069	5149	15766
5039	5049	5054	5056	5058	5064	5069	5179	15767
5040	5049	5054	5057	5058	5063	5069	5163	15768
5042	5052	5053	5055	5059	5061	5081	5149	15769
5045	5050	5054	5056	5058	5061	5075	5203	15770
5045	5052	5054	5055	5058	5060	5075	5223	15771
5040	5052	5054	5057	5058	5061	5078	5165	15772
5044	5049	5054	5055	5058	5063	5073	5249	15773
5045	5046	5053	5055	5058	5064	5073	5157	15774
5039	5050	5054	5056	5059	5061	5070	5164	15775
5045	5049	5054	5055	5059	5061	5081	5210	15776
5044	5052	5054	5056	5058	5061	5069	5151	15777
5043	5050	5054	5056	5058	5060	5075	5203	15778
5039	5051	5054	5055	5058	5060	5121	5260	15779
5042	5047	5053	5056	5058	5061	5081	5149	15780
5041	5052	5053	5057	5058	5061	5069	5149	15781
5041	5048	5054	5055	5058	5060	5089	5170	15782
5043	5051	5054	5056	5059	5061	5070	5154	15783
5041	5052	5053	5055	5058	5060	5091	5149	15784
5039	5051	5054	5055	5058	5062	5075	5203	15785
5039	5050	5054	5055	5058	5062	5073	5161	15786
5043	5049	5054	5056	5058	5061	5071	5152	15787
5039	5050	5054	5055	5058	5061	5118	5149	15788
5045	5047	5053	5055	5058	5062	5118	5149	15789
5042	5048	5054	5055	5059	5064	5075	5149	15790
5040	5050	5054	5056	5059	5065	5081	5210	15791
5045	5049	5054	5055	5058	5060	5114	5149	15792
5045	5052	5054	5055	5058	5060	5075	5149	15793
5039	5050	5054	5057	5059	5061	5070	5150	15794
5044	5046	5053	5055	5058	5061	5076	5149	15795
5044	5046	5053	5056	5058	5060	5079	5176	15796
5039	5047	5053	5055	5059	5065	5075	5149	15797
5044	5049	5054	5055	5058	5062	5069	5257	15798
5040	5046	5053	5055	5058	5063	5085	5307	15799
5045	5052	5054	5056	5059	5060	5075	5159	15800
5042	5048	5054	5056	5058	5061	5080	5174	15801
5042	5050	5054	5057	5058	5060	5071	5152	15802
5040	5047	5053	5055	5059	5067	5075	5149	15803
5044	5048	5054	5055	5058	5060	5093	5177	15804
5039	5050	5054	5056	5058	5060	5075	5203	15805
5042	5052	5053	5056	5059	5061	5088	5190	15806
5041	5047	5053	5056	5058	5061	5069	5209	15807
5043	5052	5054	5057	5058	5062	5082	5149	15808
5044	5049	5054	5056	5058	5061	5087	5191	15809
5043	5050	5054	5055	5058	5061	5073	5218	15810
5040	5050	5054	5055	5058	5062	5070	5154	15811
5039	5050	5054	5055	5058	5060	5122	5263	15812
5041	5049	5054	5055	5058	5062	5095	5149	15813
5042	5052	5053	5056	5058	5061	5106	5212	15814
5043	5049	5054	5055	5058	5067	5069	5172	15815
5040	5048	5054	5055	5058	5061	5069	5278	15816
5041	5049	5054	5055	5058	5062	5118	5149	15817
5041	5048	5054	5055	5059	5061	5070	5149	15818
5043	5052	5054	5055	5058	5061	5101	5197	15819
5043	5046	5053	5056	5058	5064	5075	5238	15820
5041	5046	5053	5055	5058	5062	5085	5149	15821
5044	5046	5053	5055	5058	5065	5070	5149	15822
5039	5048	5054	5055	5058	5060	5088	5268	15823
5043	5048	5054	5056	5058	5060	5113	5229	15824
5045	5048	5054	5055	5058	5061	5069	5179	15825
5041	5049	5054	5055	5058	5062	5073	5156	15826
5044	5050	5054	5057	5058	5061	5069	5235	15827
5039	5050	5054	5055	5058	5067	5069	5158	15828
5043	5049	5054	5056	5058	5061	5073	5156	15829
5045	5047	5053	5055	5058	5060	5069	5246	15830
5039	5048	5054	5055	5058	5062	5072	5153	15831
5044	5046	5053	5055	5058	5061	5105	5330	15832
5043	5047	5053	5056	5058	5061	5088	5149	15833
5041	5046	5053	5055	5058	5064	5069	5252	15834
5044	5049	5054	5057	5058	5062	5070	5149	15835
5040	5052	5054	5055	5058	5060	5113	5149	15836
5041	5048	5054	5055	5059	5060	5073	5218	15837
5039	5050	5054	5056	5059	5061	5075	5290	15838
5044	5046	5053	5055	5058	5063	5075	5159	15839
5041	5046	5053	5055	5058	5061	5087	5149	15840
5041	5049	5054	5056	5058	5062	5080	5174	15841
5042	5046	5053	5056	5058	5061	5098	5186	15842
5041	5050	5054	5055	5058	5060	5076	5205	15843
5041	5051	5054	5055	5059	5060	5073	5157	15844
5039	5049	5054	5055	5058	5063	5073	5183	15845
5045	5046	5053	5056	5058	5061	5075	5167	15846
5045	5051	5054	5056	5058	5062	5069	5149	15847
5044	5050	5054	5056	5058	5061	5081	5210	15848
5042	5050	5054	5056	5058	5064	5075	5149	15849
5040	5049	5054	5055	5059	5062	5075	5159	15850
5044	5048	5054	5057	5058	5061	5070	5149	15851
5045	5047	5053	5055	5058	5061	5085	5149	15852
5042	5051	5054	5055	5058	5066	5095	5149	15853
5045	5048	5054	5056	5058	5061	5082	5149	15854
5041	5052	5053	5055	5059	5062	5088	5190	15855
5044	5048	5054	5055	5058	5063	5079	5149	15856
5041	5049	5054	5055	5059	5063	5073	5218	15857
5043	5047	5053	5055	5059	5061	5069	5149	15858
5043	5046	5053	5055	5058	5060	5069	5235	15859
5044	5050	5054	5055	5058	5062	5080	5149	15860
5042	5050	5054	5055	5058	5061	5079	5149	15861
5041	5052	5053	5055	5059	5060	5069	5182	15862
5040	5048	5054	5055	5058	5060	5069	5185	15863
5042	5050	5054	5055	5058	5060	5085	5273	15864
5042	5051	5054	5057	5058	5060	5088	5268	15865
5041	5049	5054	5056	5059	5060	5070	5164	15866
5042	5050	5054	5056	5059	5061	5075	5149	15867
5041	5052	5053	5056	5058	5062	5073	5183	15868
5044	5051	5054	5055	5058	5064	5081	5149	15869
5039	5046	5053	5055	5058	5061	5101	5197	15870
5040	5051	5054	5055	5059	5060	5087	5149	15871
5039	5052	5054	5056	5058	5063	5073	5249	15872
5045	5050	5054	5055	5058	5060	5088	5328	15873
5040	5047	5053	5055	5058	5062	5073	5183	15874
5040	5050	5054	5056	5058	5064	5088	5149	15875
5040	5052	5054	5056	5058	5061	5087	5222	15876
5041	5050	5054	5056	5058	5060	5073	5183	15877
5043	5049	5054	5055	5058	5061	5078	5149	15878
5043	5049	5054	5056	5059	5064	5069	5235	15879
5039	5047	5053	5057	5059	5061	5069	5287	15880
5041	5049	5054	5055	5058	5062	5072	5244	15881
5044	5046	5053	5055	5058	5061	5097	5149	15882
5045	5051	5054	5056	5058	5060	5073	5218	15883
5041	5049	5054	5055	5058	5064	5112	5225	15884
5042	5050	5054	5056	5058	5063	5073	5149	15885
5044	5052	5054	5055	5058	5064	5072	5149	15886
5043	5047	5053	5055	5059	5061	5085	5230	15887
5045	5049	5054	5055	5059	5061	5069	5149	15888
5043	5047	5053	5057	5058	5060	5069	5179	15889
5039	5052	5054	5055	5058	5062	5075	5203	15890
5043	5049	5054	5056	5058	5060	5073	5218	15891
5043	5052	5054	5056	5058	5060	5081	5149	15892
5042	5051	5054	5055	5058	5063	5072	5153	15893
5042	5046	5053	5055	5058	5064	5088	5149	15894
5041	5048	5054	5055	5058	5062	5085	5230	15895
5041	5051	5054	5055	5059	5061	5092	5224	15896
5042	5052	5053	5055	5058	5060	5104	5204	15897
5042	5047	5053	5055	5059	5064	5069	5149	15898
5039	5051	5054	5056	5058	5065	5106	5212	15899
5041	5046	5053	5055	5058	5060	5126	5284	15900
5043	5051	5054	5055	5058	5060	5115	5233	15901
5040	5048	5054	5057	5058	5062	5098	5186	15902
5044	5046	5053	5055	5059	5061	5081	5149	15903
5039	5047	5053	5057	5058	5062	5075	5149	15904
5041	5046	5053	5055	5059	5063	5075	5149	15905
5043	5051	5054	5055	5058	5061	5106	5212	15906
5039	5051	5054	5055	5058	5063	5079	5149	15907
5044	5052	5054	5055	5058	5064	5090	5149	15908
5041	5048	5054	5057	5058	5061	5069	5149	15909
5041	5046	5053	5055	5059	5060	5085	5169	15910
5045	5050	5054	5055	5059	5060	5085	5169	15911
5043	5047	5053	5055	5058	5060	5073	5249	15912
5044	5052	5054	5055	5058	5060	5085	5149	15913
5041	5050	5054	5055	5058	5063	5085	5201	15914
5042	5048	5054	5055	5058	5064	5075	5149	15915
5041	5051	5054	5057	5058	5060	5069	5149	15916
5039	5047	5053	5055	5058	5062	5072	5294	15917
5040	5052	5054	5055	5058	5061	5099	5189	15918
5043	5051	5054	5055	5058	5061	5099	5196	15919
5044	5047	5053	5055	5058	5060	5069	5182	15920
5043	5046	5053	5055	5058	5061	5085	5323	15921
5043	5046	5053	5055	5058	5064	5069	5158	15922
5041	5047	5053	5057	5058	5065	5073	5175	15923
5044	5048	5054	5055	5059	5064	5075	5149	15924
5042	5049	5054	5055	5058	5064	5088	5149	15925
5043	5049	5054	5056	5058	5061	5087	5149	15926
5041	5050	5054	5056	5058	5060	5087	5200	15927
5041	5049	5054	5057	5058	5061	5069	5149	15928
5043	5051	5054	5055	5059	5064	5073	5149	15929
5041	5046	5053	5056	5059	5061	5069	5149	15930
5041	5052	5053	5055	5058	5064	5075	5242	15931
5040	5046	5053	5055	5058	5063	5112	5225	15932
5039	5049	5054	5056	5058	5061	5069	5151	15933
5042	5049	5054	5055	5058	5063	5087	5191	15934
5042	5051	5054	5055	5058	5061	5104	5204	15935
5044	5052	5054	5056	5058	5060	5070	5164	15936
5039	5052	5054	5057	5058	5064	5069	5179	15937
5044	5046	5053	5056	5058	5061	5069	5151	15938
5039	5046	5053	5056	5058	5062	5075	5238	15939
5043	5051	5054	5057	5058	5061	5073	5175	15940
5041	5049	5054	5055	5059	5060	5073	5218	15941
5039	5050	5054	5055	5059	5067	5069	5158	15942
5041	5052	5053	5057	5058	5061	5075	5159	15943
5039	5047	5053	5057	5058	5062	5088	5149	15944
5043	5048	5054	5055	5058	5064	5088	5149	15945
5041	5049	5054	5055	5059	5060	5097	5149	15946
5042	5049	5054	5057	5058	5061	5073	5175	15947
5044	5051	5054	5055	5058	5061	5075	5208	15948
5044	5047	5053	5056	5058	5064	5072	5341	15949
5042	5046	5053	5055	5058	5061	5073	5175	15950
5039	5047	5053	5055	5058	5061	5104	5204	15951
5044	5052	5054	5055	5058	5060	5112	5225	15952
5044	5052	5054	5056	5058	5061	5073	5149	15953
5041	5049	5054	5056	5058	5062	5073	5249	15954
5045	5049	5054	5055	5059	5064	5081	5210	15955
5041	5052	5053	5055	5059	5061	5086	5216	15956
5042	5050	5054	5055	5059	5060	5070	5150	15957
5045	5048	5054	5056	5058	5064	5075	5149	15958
5040	5050	5054	5055	5059	5061	5075	5159	15959
5040	5046	5053	5055	5058	5062	5073	5183	15960
5041	5046	5053	5056	5058	5061	5073	5218	15961
5042	5049	5054	5055	5058	5061	5085	5273	15962
5044	5051	5054	5057	5058	5061	5075	5159	15963
5042	5046	5053	5055	5059	5061	5069	5179	15964
5039	5048	5054	5057	5058	5067	5075	5159	15965
5041	5051	5054	5056	5058	5060	5086	5149	15966
5040	5052	5054	5055	5059	5061	5069	5194	15967
5043	5047	5053	5055	5058	5062	5116	5234	15968
5039	5051	5054	5057	5058	5060	5070	5149	15969
5042	5050	5054	5055	5059	5060	5069	5149	15970
5044	5052	5054	5055	5058	5064	5099	5189	15971
5040	5046	5053	5055	5059	5066	5070	5149	15972
5045	5048	5054	5055	5058	5061	5080	5174	15973
5043	5049	5054	5055	5058	5060	5124	5275	15974
5042	5049	5054	5056	5058	5063	5073	5149	15975
5044	5048	5054	5055	5058	5061	5069	5258	15976
5042	5052	5053	5055	5058	5062	5069	5172	15977
5043	5049	5054	5056	5059	5061	5069	5149	15978
5040	5047	5053	5056	5058	5063	5073	5175	15979
5041	5046	5053	5055	5058	5067	5088	5328	15980
5043	5048	5054	5055	5058	5061	5087	5200	15981
5044	5048	5054	5057	5058	5061	5069	5179	15982
5042	5046	5053	5056	5058	5060	5099	5188	15983
5041	5046	5053	5056	5058	5060	5069	5179	15984
5041	5048	5054	5055	5058	5060	5072	5149	15985
5045	5048	5054	5055	5058	5063	5075	5149	15986
5041	5046	5053	5055	5059	5060	5086	5310	15987
5040	5049	5054	5056	5058	5062	5102	5149	15988
5041	5049	5054	5056	5059	5066	5075	5149	15989
5043	5047	5053	5057	5058	5061	5069	5179	15990
5041	5047	5053	5055	5058	5061	5069	5151	15991
5043	5050	5054	5055	5058	5064	5075	5203	15992
5044	5051	5054	5055	5058	5061	5088	5168	15993
5045	5049	5054	5056	5059	5061	5069	5149	15994
5044	5051	5054	5056	5058	5061	5123	5277	15995
5045	5049	5054	5055	5058	5061	5069	5250	15996
5042	5052	5053	5055	5058	5064	5081	5210	15997
5040	5046	5053	5057	5059	5065	5088	5149	15998
5040	5052	5054	5055	5059	5063	5094	5272	15999
5040	5047	5053	5055	5058	5064	5072	5149	16000
5043	5049	5054	5055	5058	5060	5072	5244	16001
5040	5046	5053	5055	5058	5063	5073	5149	16002
5044	5046	5053	5055	5058	5062	5089	5170	16003
5044	5048	5054	5055	5058	5064	5099	5189	16004
5041	5052	5053	5055	5058	5063	5087	5149	16005
5040	5049	5054	5055	5058	5065	5073	5149	16006
5041	5046	5053	5056	5058	5064	5075	5149	16007
5041	5052	5053	5056	5058	5063	5075	5149	16008
5043	5048	5054	5055	5059	5061	5108	5214	16009
5045	5048	5054	5055	5059	5064	5075	5159	16010
5044	5052	5054	5055	5058	5062	5107	5213	16011
5044	5049	5054	5056	5058	5062	5069	5209	16012
5043	5047	5053	5055	5058	5060	5075	5203	16013
5040	5048	5054	5055	5058	5060	5076	5205	16014
5040	5047	5053	5055	5058	5062	5088	5149	16015
5041	5052	5053	5055	5058	5062	5083	5149	16016
5042	5050	5054	5055	5058	5063	5069	5182	16017
5042	5047	5053	5055	5058	5061	5092	5149	16018
5039	5052	5054	5055	5058	5062	5073	5183	16019
5045	5046	5053	5055	5058	5061	5069	5235	16020
5043	5049	5054	5055	5058	5061	5087	5237	16021
5039	5049	5054	5055	5058	5062	5086	5211	16022
5043	5050	5054	5055	5058	5060	5078	5149	16023
5044	5052	5054	5055	5058	5061	5123	5277	16024
5043	5048	5054	5055	5058	5060	5075	5290	16025
5042	5051	5054	5055	5058	5065	5078	5149	16026
5043	5047	5053	5056	5059	5062	5069	5149	16027
5043	5047	5053	5056	5058	5064	5099	5188	16028
5039	5046	5053	5056	5058	5061	5070	5154	16029
5040	5047	5053	5055	5058	5061	5126	5346	16030
5040	5047	5053	5055	5058	5063	5073	5149	16031
5039	5050	5054	5055	5058	5061	5069	5278	16032
5039	5047	5053	5057	5058	5064	5121	5255	16033
5044	5049	5054	5055	5058	5061	5140	5149	16034
5039	5047	5053	5056	5059	5061	5070	5150	16035
5041	5052	5053	5055	5058	5061	5069	5278	16036
5042	5051	5054	5056	5059	5061	5075	5290	16037
5041	5049	5054	5055	5059	5067	5069	5149	16038
5039	5049	5054	5055	5058	5063	5122	5338	16039
5041	5050	5054	5055	5058	5060	5069	5227	16040
5039	5049	5054	5055	5059	5062	5069	5149	16041
5041	5047	5053	5055	5058	5062	5070	5173	16042
5039	5052	5054	5056	5058	5062	5073	5156	16043
5040	5051	5054	5056	5058	5061	5080	5174	16044
5042	5050	5054	5055	5059	5061	5085	5201	16045
5042	5052	5053	5056	5058	5060	5098	5186	16046
5040	5048	5054	5055	5058	5060	5075	5242	16047
5041	5048	5054	5055	5058	5060	5073	5149	16048
5042	5049	5054	5055	5058	5064	5075	5159	16049
5041	5046	5053	5055	5059	5060	5070	5166	16050
5044	5047	5053	5055	5058	5062	5075	5199	16051
5043	5051	5054	5056	5058	5060	5070	5149	16052
5040	5046	5053	5055	5058	5061	5126	5346	16053
5042	5052	5053	5055	5058	5061	5140	5149	16054
5044	5047	5053	5055	5058	5060	5138	5149	16055
5039	5047	5053	5056	5058	5063	5073	5156	16056
5040	5052	5054	5055	5058	5061	5118	5149	16057
5044	5050	5054	5057	5058	5061	5069	5149	16058
5039	5049	5054	5055	5058	5061	5120	5253	16059
5040	5052	5054	5055	5058	5061	5070	5243	16060
5044	5052	5054	5057	5058	5060	5069	5149	16061
5040	5051	5054	5056	5058	5061	5069	5306	16062
5042	5047	5053	5055	5058	5061	5099	5189	16063
5044	5049	5054	5055	5058	5060	5073	5161	16064
5040	5051	5054	5056	5058	5061	5086	5149	16065
5041	5052	5053	5055	5058	5062	5070	5173	16066
5044	5050	5054	5055	5058	5061	5085	5230	16067
5043	5048	5054	5056	5058	5060	5087	5191	16068
5041	5049	5054	5055	5058	5061	5069	5231	16069
5042	5048	5054	5055	5058	5063	5070	5149	16070
5044	5049	5054	5057	5058	5064	5081	5210	16071
5041	5049	5054	5055	5058	5061	5073	5157	16072
5041	5047	5053	5056	5058	5062	5098	5186	16073
5041	5051	5054	5055	5058	5061	5085	5202	16074
5040	5047	5053	5055	5058	5060	5069	5246	16075
5043	5050	5054	5055	5058	5063	5073	5149	16076
5044	5047	5053	5056	5059	5061	5073	5156	16077
5043	5047	5053	5055	5058	5062	5069	5209	16078
5039	5047	5053	5056	5058	5064	5070	5149	16079
5044	5052	5054	5055	5058	5061	5078	5165	16080
5043	5046	5053	5055	5059	5060	5069	5180	16081
5042	5048	5054	5055	5059	5060	5098	5186	16082
5043	5051	5054	5055	5058	5062	5080	5149	16083
5045	5046	5053	5055	5058	5064	5069	5172	16084
5040	5048	5054	5055	5058	5065	5072	5149	16085
5039	5052	5054	5055	5058	5062	5085	5169	16086
5045	5051	5054	5055	5058	5060	5088	5168	16087
5044	5047	5053	5055	5058	5060	5075	5242	16088
5042	5046	5053	5055	5058	5066	5075	5149	16089
5039	5047	5053	5056	5058	5064	5075	5159	16090
5044	5048	5054	5055	5058	5060	5069	5295	16091
5039	5052	5054	5055	5058	5060	5106	5212	16092
5039	5052	5054	5055	5058	5062	5073	5157	16093
5041	5050	5054	5055	5058	5062	5071	5152	16094
5043	5051	5054	5056	5058	5061	5086	5216	16095
5041	5049	5054	5055	5059	5061	5085	5201	16096
5044	5052	5054	5055	5058	5061	5078	5149	16097
5045	5051	5054	5055	5058	5061	5086	5216	16098
5045	5049	5054	5057	5058	5062	5070	5149	16099
5039	5052	5054	5056	5058	5060	5073	5183	16100
5041	5048	5054	5055	5058	5067	5108	5214	16101
5045	5048	5054	5056	5059	5061	5075	5149	16102
5045	5046	5053	5055	5058	5060	5073	5161	16103
5042	5051	5054	5055	5058	5065	5106	5212	16104
5039	5050	5054	5055	5058	5060	5099	5189	16105
5039	5048	5054	5056	5059	5060	5079	5176	16106
5041	5046	5053	5055	5059	5061	5075	5159	16107
5041	5052	5053	5055	5058	5060	5069	5235	16108
5043	5047	5053	5057	5058	5064	5069	5162	16109
5043	5046	5053	5057	5058	5060	5080	5149	16110
5043	5046	5053	5056	5058	5061	5073	5249	16111
5040	5046	5053	5055	5058	5062	5070	5243	16112
5039	5047	5053	5055	5058	5062	5086	5211	16113
5043	5052	5054	5055	5058	5061	5087	5149	16114
5045	5048	5054	5055	5059	5061	5070	5173	16115
5039	5047	5053	5056	5058	5064	5069	5179	16116
5041	5047	5053	5055	5059	5062	5096	5181	16117
5041	5052	5053	5055	5059	5060	5069	5172	16118
5041	5052	5053	5055	5058	5062	5071	5152	16119
5041	5047	5053	5057	5058	5061	5070	5149	16120
5041	5051	5054	5055	5058	5060	5088	5268	16121
5042	5052	5053	5055	5058	5060	5116	5234	16122
5039	5051	5054	5056	5058	5060	5069	5187	16123
5043	5048	5054	5055	5058	5061	5080	5149	16124
5040	5047	5053	5055	5058	5061	5073	5175	16125
5042	5050	5054	5055	5058	5060	5075	5149	16126
5045	5049	5054	5055	5058	5062	5072	5244	16127
5039	5048	5054	5055	5058	5060	5148	5260	16128
5041	5048	5054	5056	5058	5060	5073	5149	16129
5040	5048	5054	5056	5058	5061	5099	5188	16130
5041	5050	5054	5055	5058	5060	5069	5358	16131
5044	5050	5054	5056	5059	5064	5088	5190	16132
5041	5048	5054	5055	5059	5063	5085	5201	16133
5045	5052	5054	5055	5058	5060	5087	5191	16134
5039	5049	5054	5057	5058	5060	5079	5176	16135
5039	5052	5054	5055	5058	5061	5101	5197	16136
5043	5047	5053	5055	5059	5060	5087	5149	16137
5043	5049	5054	5056	5058	5060	5069	5179	16138
5043	5047	5053	5055	5059	5060	5069	5149	16139
5044	5046	5053	5055	5058	5060	5075	5149	16140
5043	5049	5054	5056	5058	5062	5070	5154	16141
5044	5047	5053	5055	5058	5061	5121	5255	16142
5039	5048	5054	5057	5058	5061	5075	5149	16143
5043	5052	5054	5056	5058	5061	5073	5156	16144
5042	5047	5053	5055	5058	5062	5069	5246	16145
5041	5049	5054	5056	5059	5061	5087	5259	16146
5043	5048	5054	5055	5058	5060	5121	5149	16147
5040	5049	5054	5055	5058	5061	5101	5197	16148
5044	5048	5054	5055	5058	5065	5093	5177	16149
5042	5050	5054	5057	5058	5063	5069	5149	16150
5039	5050	5054	5055	5058	5061	5081	5149	16151
5043	5049	5054	5057	5058	5061	5086	5216	16152
5043	5046	5053	5055	5058	5061	5087	5191	16153
5039	5046	5053	5055	5059	5064	5114	5149	16154
5039	5047	5053	5055	5058	5062	5070	5243	16155
5042	5048	5054	5055	5058	5061	5097	5184	16156
5040	5049	5054	5057	5058	5060	5087	5191	16157
5044	5052	5054	5055	5058	5064	5075	5238	16158
5044	5052	5054	5056	5058	5064	5075	5203	16159
5039	5046	5053	5055	5058	5062	5073	5183	16160
5039	5046	5053	5055	5058	5061	5069	5182	16161
5040	5051	5054	5055	5058	5060	5102	5274	16162
5043	5049	5054	5055	5058	5060	5073	5149	16163
5041	5049	5054	5056	5058	5064	5092	5149	16164
5044	5052	5054	5055	5058	5060	5114	5149	16165
5041	5048	5054	5055	5058	5060	5082	5149	16166
5042	5052	5053	5055	5058	5061	5070	5154	16167
5045	5052	5054	5055	5058	5060	5088	5149	16168
5043	5051	5054	5055	5058	5062	5070	5150	16169
5040	5052	5054	5055	5059	5061	5108	5214	16170
5042	5047	5053	5056	5058	5062	5073	5183	16171
5041	5052	5053	5057	5058	5061	5087	5191	16172
5039	5052	5054	5056	5059	5065	5087	5149	16173
5043	5046	5053	5055	5059	5061	5087	5191	16174
5045	5052	5054	5057	5058	5061	5069	5149	16175
5040	5052	5054	5056	5058	5064	5070	5149	16176
5040	5049	5054	5055	5058	5062	5085	5169	16177
5044	5047	5053	5055	5058	5062	5116	5234	16178
5044	5052	5054	5057	5058	5062	5070	5150	16179
5041	5047	5053	5056	5058	5062	5069	5151	16180
5039	5052	5054	5055	5058	5064	5069	5235	16181
5041	5048	5054	5055	5058	5062	5125	5305	16182
5045	5052	5054	5055	5058	5063	5078	5165	16183
5042	5051	5054	5055	5059	5060	5070	5149	16184
5041	5049	5054	5056	5059	5060	5069	5149	16185
5041	5047	5053	5056	5058	5060	5079	5176	16186
5040	5046	5053	5055	5058	5062	5069	5180	16187
5044	5049	5054	5055	5058	5060	5121	5255	16188
5041	5046	5053	5055	5058	5062	5080	5149	16189
5045	5050	5054	5056	5058	5060	5069	5163	16190
5044	5047	5053	5056	5058	5062	5098	5186	16191
5039	5048	5054	5055	5058	5060	5088	5168	16192
5040	5052	5054	5056	5058	5062	5075	5159	16193
5040	5047	5053	5056	5059	5063	5069	5149	16194
5044	5046	5053	5056	5058	5063	5069	5149	16195
5044	5050	5054	5055	5058	5062	5069	5179	16196
5042	5052	5053	5056	5059	5061	5070	5150	16197
5043	5050	5054	5055	5059	5061	5085	5230	16198
5039	5048	5054	5055	5059	5061	5085	5201	16199
5040	5050	5054	5055	5059	5065	5088	5149	16200
5043	5051	5054	5056	5058	5060	5087	5200	16201
5039	5052	5054	5055	5058	5064	5073	5149	16202
5045	5050	5054	5055	5058	5060	5085	5230	16203
5039	5049	5054	5055	5058	5064	5069	5235	16204
5043	5050	5054	5057	5058	5061	5075	5159	16205
5043	5047	5053	5056	5058	5061	5073	5249	16206
5039	5048	5054	5056	5058	5060	5080	5174	16207
5042	5051	5054	5055	5059	5061	5081	5149	16208
5043	5051	5054	5056	5058	5064	5075	5149	16209
5042	5049	5054	5055	5059	5065	5075	5159	16210
5040	5051	5054	5056	5058	5061	5098	5186	16211
5045	5048	5054	5055	5059	5060	5106	5149	16212
5039	5049	5054	5055	5058	5062	5087	5237	16213
5042	5052	5053	5057	5058	5062	5087	5191	16214
5043	5050	5054	5055	5058	5064	5089	5149	16215
5040	5047	5053	5055	5058	5060	5142	5149	16216
5039	5046	5053	5055	5058	5060	5069	5235	16217
5043	5052	5054	5056	5058	5064	5087	5200	16218
5044	5047	5053	5056	5058	5060	5098	5186	16219
5040	5048	5054	5055	5058	5061	5085	5230	16220
5042	5049	5054	5055	5058	5062	5077	5155	16221
5044	5048	5054	5055	5058	5060	5097	5221	16222
5040	5049	5054	5056	5058	5060	5070	5164	16223
5039	5047	5053	5056	5058	5061	5069	5179	16224
5039	5046	5053	5055	5058	5060	5072	5282	16225
5041	5049	5054	5055	5059	5065	5069	5149	16226
5043	5050	5054	5055	5059	5061	5086	5216	16227
5039	5048	5054	5055	5058	5061	5097	5221	16228
5043	5046	5053	5055	5058	5063	5112	5225	16229
5040	5052	5054	5056	5058	5062	5098	5186	16230
5042	5052	5053	5055	5059	5063	5069	5172	16231
5040	5047	5053	5056	5058	5060	5070	5164	16232
5041	5051	5054	5056	5058	5067	5075	5149	16233
5045	5049	5054	5055	5059	5060	5124	5275	16234
5040	5049	5054	5056	5058	5061	5073	5149	16235
5039	5047	5053	5055	5059	5063	5075	5149	16236
5041	5050	5054	5055	5058	5061	5099	5189	16237
5043	5047	5053	5055	5058	5060	5073	5157	16238
5042	5048	5054	5055	5058	5061	5088	5190	16239
5043	5048	5054	5056	5058	5063	5069	5149	16240
5039	5051	5054	5055	5058	5062	5077	5195	16241
5041	5048	5054	5055	5058	5061	5093	5177	16242
5042	5049	5054	5056	5058	5060	5102	5149	16243
5042	5051	5054	5055	5059	5063	5077	5155	16244
5042	5050	5054	5055	5058	5063	5093	5177	16245
5045	5050	5054	5055	5058	5060	5075	5167	16246
5042	5049	5054	5056	5058	5062	5102	5149	16247
5041	5052	5053	5055	5058	5060	5069	5281	16248
5040	5049	5054	5055	5059	5060	5088	5149	16249
5041	5052	5053	5055	5059	5063	5069	5172	16250
5039	5047	5053	5055	5058	5060	5105	5149	16251
5042	5049	5054	5055	5058	5061	5073	5149	16252
5042	5048	5054	5055	5058	5060	5069	5179	16253
5040	5049	5054	5056	5058	5060	5075	5203	16254
5040	5046	5053	5056	5058	5060	5087	5200	16255
5041	5049	5054	5056	5058	5064	5069	5179	16256
5041	5049	5054	5057	5058	5064	5069	5179	16257
5041	5047	5053	5055	5058	5061	5140	5149	16258
5040	5049	5054	5057	5059	5061	5086	5216	16259
5042	5048	5054	5055	5059	5060	5075	5159	16260
5041	5050	5054	5055	5058	5060	5069	5240	16261
5044	5051	5054	5055	5059	5061	5085	5230	16262
5039	5047	5053	5056	5058	5062	5098	5186	16263
5039	5047	5053	5057	5058	5061	5088	5149	16264
5044	5050	5054	5055	5058	5060	5077	5256	16265
5041	5048	5054	5055	5058	5062	5080	5149	16266
5043	5046	5053	5055	5058	5061	5092	5149	16267
5042	5049	5054	5055	5058	5060	5073	5218	16268
5041	5047	5053	5055	5058	5062	5080	5174	16269
5041	5051	5054	5055	5059	5060	5085	5169	16270
5039	5052	5054	5056	5058	5060	5115	5233	16271
5041	5050	5054	5056	5058	5061	5082	5149	16272
5040	5049	5054	5055	5058	5060	5113	5229	16273
5041	5050	5054	5055	5058	5064	5135	5149	16274
5042	5047	5053	5057	5058	5061	5080	5149	16275
5044	5047	5053	5055	5058	5060	5075	5238	16276
5043	5047	5053	5055	5058	5061	5118	5149	16277
5039	5049	5054	5056	5058	5060	5069	5180	16278
5041	5047	5053	5055	5059	5060	5070	5315	16279
5044	5046	5053	5055	5059	5064	5069	5149	16280
5040	5052	5054	5055	5059	5062	5070	5154	16281
5045	5047	5053	5056	5058	5061	5069	5163	16282
5044	5047	5053	5055	5058	5062	5073	5161	16283
5044	5052	5054	5056	5058	5061	5073	5175	16284
5043	5050	5054	5056	5058	5061	5075	5242	16285
5041	5048	5054	5055	5058	5065	5072	5149	16286
5040	5051	5054	5056	5058	5063	5073	5249	16287
5044	5049	5054	5057	5058	5061	5069	5163	16288
5039	5047	5053	5056	5059	5061	5070	5149	16289
5045	5047	5053	5055	5058	5061	5069	5209	16290
5041	5048	5054	5056	5058	5062	5098	5186	16291
5042	5052	5053	5055	5058	5063	5087	5237	16292
5044	5050	5054	5055	5058	5061	5090	5149	16293
5041	5048	5054	5056	5059	5060	5069	5235	16294
5041	5051	5054	5055	5059	5061	5075	5159	16295
5040	5050	5054	5056	5058	5061	5069	5258	16296
5041	5051	5054	5057	5058	5067	5071	5152	16297
5041	5046	5053	5056	5058	5062	5073	5149	16298
5039	5052	5054	5056	5058	5061	5080	5174	16299
5040	5046	5053	5055	5058	5063	5070	5243	16300
5042	5048	5054	5055	5058	5065	5116	5234	16301
5044	5052	5054	5055	5058	5060	5099	5189	16302
5040	5049	5054	5056	5058	5064	5099	5188	16303
5042	5048	5054	5057	5058	5061	5086	5216	16304
5039	5049	5054	5056	5058	5061	5098	5186	16305
5039	5047	5053	5056	5059	5061	5069	5149	16306
5041	5047	5053	5055	5058	5061	5071	5152	16307
5041	5049	5054	5057	5059	5061	5088	5149	16308
5039	5049	5054	5055	5059	5060	5085	5230	16309
5040	5047	5053	5055	5058	5061	5087	5149	16310
5045	5052	5054	5055	5058	5062	5089	5170	16311
5044	5048	5054	5056	5058	5065	5073	5218	16312
5041	5051	5054	5055	5058	5060	5075	5290	16313
5040	5051	5054	5055	5058	5064	5087	5149	16314
5042	5052	5053	5055	5058	5064	5072	5149	16315
5045	5052	5054	5056	5058	5061	5071	5152	16316
5045	5046	5053	5056	5059	5064	5069	5235	16317
5043	5051	5054	5055	5058	5061	5120	5371	16318
5045	5046	5053	5055	5058	5061	5106	5212	16319
5045	5050	5054	5056	5058	5065	5069	5149	16320
5041	5049	5054	5055	5059	5061	5075	5199	16321
5039	5046	5053	5055	5058	5060	5079	5176	16322
5042	5049	5054	5055	5058	5060	5076	5205	16323
5040	5049	5054	5055	5058	5062	5088	5149	16324
5039	5049	5054	5057	5058	5060	5075	5149	16325
5042	5049	5054	5055	5058	5061	5069	5227	16326
5040	5052	5054	5055	5059	5060	5069	5179	16327
5043	5050	5054	5055	5058	5064	5108	5214	16328
5042	5046	5053	5056	5058	5064	5099	5188	16329
5043	5051	5054	5055	5058	5064	5090	5149	16330
5043	5046	5053	5057	5058	5064	5069	5179	16331
5039	5048	5054	5055	5058	5062	5075	5167	16332
5041	5049	5054	5055	5058	5060	5112	5225	16333
5039	5048	5054	5056	5058	5060	5102	5149	16334
5040	5048	5054	5055	5058	5061	5124	5149	16335
5043	5047	5053	5056	5059	5062	5070	5150	16336
5043	5048	5054	5055	5058	5065	5087	5149	16337
5043	5050	5054	5055	5058	5063	5112	5362	16338
5045	5049	5054	5057	5058	5061	5080	5149	16339
5040	5048	5054	5055	5058	5062	5090	5149	16340
5041	5052	5053	5055	5059	5060	5070	5154	16341
5043	5052	5054	5056	5059	5062	5075	5149	16342
5044	5049	5054	5055	5058	5062	5120	5253	16343
5045	5050	5054	5056	5058	5064	5069	5163	16344
5045	5046	5053	5055	5059	5062	5074	5149	16345
5044	5048	5054	5055	5058	5060	5136	5149	16346
5043	5052	5054	5055	5058	5061	5080	5174	16347
5044	5049	5054	5055	5059	5061	5121	5255	16348
5040	5046	5053	5055	5058	5061	5075	5279	16349
5039	5050	5054	5055	5059	5061	5085	5201	16350
5039	5050	5054	5055	5058	5061	5122	5339	16351
5039	5049	5054	5055	5058	5061	5113	5229	16352
5042	5050	5054	5055	5058	5060	5085	5169	16353
5040	5047	5053	5056	5059	5064	5088	5190	16354
5042	5052	5053	5055	5058	5061	5072	5244	16355
5041	5050	5054	5056	5058	5061	5069	5179	16356
5042	5047	5053	5055	5058	5065	5078	5149	16357
5041	5047	5053	5055	5059	5061	5087	5191	16358
5043	5048	5054	5055	5058	5063	5085	5169	16359
5044	5049	5054	5056	5059	5061	5075	5149	16360
5040	5050	5054	5056	5058	5061	5098	5186	16361
5043	5047	5053	5055	5058	5064	5112	5225	16362
5040	5051	5054	5056	5058	5061	5089	5170	16363
5042	5052	5053	5057	5058	5061	5075	5149	16364
5040	5050	5054	5056	5058	5061	5099	5188	16365
5040	5049	5054	5056	5059	5061	5088	5190	16366
5039	5050	5054	5055	5058	5060	5069	5185	16367
5039	5047	5053	5056	5058	5063	5073	5249	16368
5040	5052	5054	5055	5058	5062	5087	5222	16369
5045	5052	5054	5055	5058	5061	5075	5279	16370
5041	5051	5054	5055	5058	5060	5069	5241	16371
5041	5048	5054	5055	5059	5063	5087	5149	16372
5040	5046	5053	5055	5058	5062	5076	5149	16373
5042	5046	5053	5055	5059	5061	5070	5173	16374
5044	5051	5054	5055	5058	5063	5073	5249	16375
5043	5046	5053	5056	5058	5060	5078	5165	16376
5042	5048	5054	5055	5059	5061	5081	5149	16377
5040	5048	5054	5055	5058	5067	5078	5165	16378
5042	5049	5054	5055	5058	5060	5072	5303	16379
5044	5050	5054	5055	5059	5060	5087	5149	16380
5039	5048	5054	5055	5059	5060	5075	5159	16381
5040	5050	5054	5055	5059	5064	5075	5149	16382
5041	5047	5053	5055	5059	5061	5069	5248	16383
5040	5049	5054	5056	5058	5060	5069	5179	16384
5041	5047	5053	5055	5059	5062	5070	5150	16385
5039	5049	5054	5055	5058	5060	5088	5168	16386
5039	5051	5054	5056	5058	5064	5088	5190	16387
5039	5046	5053	5055	5058	5062	5089	5170	16388
5040	5048	5054	5055	5058	5061	5088	5149	16389
5044	5046	5053	5056	5058	5061	5080	5174	16390
5040	5052	5054	5056	5058	5061	5073	5218	16391
5040	5052	5054	5055	5059	5061	5070	5154	16392
5044	5046	5053	5055	5058	5060	5078	5165	16393
5044	5051	5054	5055	5058	5064	5106	5212	16394
5041	5046	5053	5055	5058	5063	5073	5175	16395
5044	5052	5054	5055	5058	5061	5101	5197	16396
5044	5052	5054	5057	5059	5064	5098	5186	16397
5041	5050	5054	5056	5059	5062	5070	5150	16398
5039	5050	5054	5056	5058	5062	5115	5233	16399
5041	5052	5053	5055	5058	5061	5072	5264	16400
5042	5051	5054	5056	5059	5061	5088	5190	16401
5040	5046	5053	5055	5059	5061	5086	5211	16402
5042	5052	5053	5055	5058	5064	5069	5172	16403
5042	5046	5053	5055	5058	5062	5133	5149	16404
5040	5050	5054	5055	5059	5062	5070	5150	16405
5040	5049	5054	5055	5058	5061	5106	5149	16406
5041	5052	5053	5055	5059	5065	5069	5149	16407
5040	5048	5054	5057	5058	5061	5082	5149	16408
5039	5046	5053	5056	5058	5061	5069	5235	16409
5039	5046	5053	5057	5058	5061	5075	5149	16410
5041	5051	5054	5057	5058	5061	5075	5149	16411
5043	5048	5054	5056	5058	5060	5070	5154	16412
5043	5052	5054	5056	5058	5060	5069	5180	16413
5043	5049	5054	5055	5058	5060	5080	5149	16414
5042	5050	5054	5055	5058	5060	5121	5260	16415
5039	5048	5054	5055	5058	5062	5069	5246	16416
5041	5047	5053	5055	5058	5060	5112	5225	16417
5040	5048	5054	5055	5059	5060	5087	5149	16418
5044	5046	5053	5055	5058	5063	5070	5149	16419
5040	5050	5054	5057	5058	5064	5070	5150	16420
5043	5046	5053	5055	5058	5060	5070	5173	16421
5041	5052	5053	5055	5058	5061	5088	5297	16422
5040	5051	5054	5056	5058	5063	5073	5183	16423
5044	5048	5054	5056	5059	5063	5069	5149	16424
5040	5047	5053	5055	5058	5061	5070	5173	16425
5043	5048	5054	5055	5058	5060	5087	5222	16426
5045	5048	5054	5056	5058	5062	5080	5149	16427
5040	5047	5053	5056	5058	5061	5070	5164	16428
5040	5047	5053	5056	5059	5061	5069	5172	16429
5042	5051	5054	5056	5058	5060	5069	5172	16430
5039	5052	5054	5055	5058	5061	5107	5149	16431
5043	5049	5054	5055	5058	5060	5080	5174	16432
5040	5049	5054	5056	5058	5062	5075	5149	16433
5039	5049	5054	5055	5058	5060	5121	5255	16434
5039	5052	5054	5055	5058	5061	5087	5259	16435
5040	5050	5054	5055	5058	5065	5075	5159	16436
5042	5048	5054	5056	5058	5063	5073	5175	16437
5042	5046	5053	5055	5059	5064	5069	5179	16438
5044	5049	5054	5055	5058	5062	5069	5207	16439
5039	5052	5054	5056	5059	5063	5075	5149	16440
5045	5050	5054	5055	5058	5060	5070	5166	16441
5042	5047	5053	5055	5058	5060	5121	5149	16442
5043	5050	5054	5056	5058	5062	5071	5152	16443
5040	5049	5054	5056	5058	5062	5115	5233	16444
5042	5051	5054	5056	5058	5062	5098	5186	16445
5043	5049	5054	5055	5059	5062	5077	5155	16446
5039	5048	5054	5055	5058	5061	5104	5204	16447
5039	5050	5054	5057	5059	5065	5071	5152	16448
5041	5049	5054	5056	5058	5060	5115	5233	16449
5040	5048	5054	5056	5058	5062	5069	5172	16450
5043	5049	5054	5056	5058	5061	5085	5307	16451
5043	5052	5054	5055	5058	5061	5089	5170	16452
5039	5049	5054	5056	5058	5065	5088	5190	16453
5044	5049	5054	5057	5058	5060	5069	5235	16454
5043	5052	5054	5055	5059	5060	5124	5275	16455
5042	5049	5054	5055	5058	5063	5073	5149	16456
5043	5046	5053	5055	5058	5061	5075	5203	16457
5044	5046	5053	5056	5058	5063	5073	5183	16458
5043	5051	5054	5056	5058	5064	5075	5159	16459
5043	5048	5054	5056	5058	5060	5073	5218	16460
5042	5046	5053	5057	5058	5061	5088	5149	16461
5042	5046	5053	5055	5058	5061	5069	5235	16462
5040	5046	5053	5055	5058	5064	5099	5196	16463
5039	5050	5054	5055	5058	5060	5088	5226	16464
5040	5051	5054	5055	5059	5060	5070	5149	16465
5041	5047	5053	5055	5059	5062	5069	5149	16466
5040	5049	5054	5056	5059	5061	5073	5156	16467
5044	5052	5054	5055	5058	5061	5087	5259	16468
5042	5052	5053	5056	5058	5060	5075	5238	16469
5040	5051	5054	5055	5058	5061	5069	5278	16470
5041	5052	5053	5055	5059	5062	5070	5173	16471
5042	5049	5054	5055	5058	5061	5069	5179	16472
5043	5051	5054	5056	5058	5060	5069	5179	16473
5039	5051	5054	5055	5058	5061	5089	5170	16474
5044	5050	5054	5057	5058	5063	5069	5163	16475
5040	5049	5054	5055	5058	5064	5069	5235	16476
5044	5051	5054	5055	5058	5061	5131	5149	16477
5039	5046	5053	5056	5058	5061	5087	5149	16478
5040	5048	5054	5055	5058	5064	5069	5151	16479
5040	5046	5053	5056	5058	5062	5073	5149	16480
5040	5049	5054	5057	5058	5062	5070	5150	16481
5042	5050	5054	5055	5058	5060	5083	5149	16482
5043	5051	5054	5056	5058	5060	5069	5287	16483
5042	5048	5054	5056	5059	5061	5070	5164	16484
5040	5048	5054	5056	5059	5063	5069	5149	16485
5041	5050	5054	5056	5058	5064	5069	5235	16486
5039	5052	5054	5056	5058	5064	5071	5152	16487
5044	5047	5053	5055	5058	5060	5069	5248	16488
5041	5050	5054	5055	5059	5061	5069	5235	16489
5045	5047	5053	5055	5058	5060	5096	5181	16490
5040	5048	5054	5055	5058	5067	5075	5159	16491
5044	5047	5053	5055	5059	5060	5070	5173	16492
5043	5051	5054	5055	5058	5060	5070	5149	16493
5043	5047	5053	5055	5059	5061	5073	5156	16494
5041	5048	5054	5055	5058	5064	5090	5149	16495
5043	5052	5054	5055	5058	5060	5112	5225	16496
5040	5050	5054	5055	5058	5060	5102	5149	16497
5041	5047	5053	5055	5058	5062	5097	5149	16498
5041	5047	5053	5055	5058	5060	5072	5264	16499
5040	5051	5054	5055	5058	5061	5076	5361	16500
5040	5046	5053	5055	5058	5061	5082	5149	16501
5043	5051	5054	5056	5058	5060	5081	5149	16502
5045	5049	5054	5056	5058	5062	5069	5149	16503
5040	5052	5054	5055	5059	5061	5076	5149	16504
5042	5051	5054	5055	5059	5063	5085	5201	16505
5041	5046	5053	5055	5058	5061	5097	5221	16506
5043	5051	5054	5055	5058	5062	5100	5192	16507
5039	5046	5053	5055	5059	5061	5070	5149	16508
5044	5047	5053	5056	5058	5064	5073	5183	16509
5040	5046	5053	5057	5058	5061	5075	5203	16510
5042	5048	5054	5055	5058	5060	5088	5168	16511
5040	5052	5054	5055	5058	5065	5095	5149	16512
5045	5048	5054	5055	5059	5061	5077	5155	16513
5040	5051	5054	5056	5058	5061	5087	5149	16514
5039	5049	5054	5055	5059	5063	5085	5201	16515
5039	5047	5053	5055	5058	5063	5090	5149	16516
5041	5052	5053	5055	5058	5062	5080	5149	16517
5042	5051	5054	5055	5058	5060	5089	5170	16518
5043	5047	5053	5055	5058	5061	5073	5156	16519
5044	5049	5054	5055	5058	5060	5069	5342	16520
5040	5048	5054	5055	5058	5063	5073	5183	16521
5042	5050	5054	5055	5058	5065	5104	5204	16522
5039	5049	5054	5056	5058	5065	5092	5149	16523
5044	5046	5053	5055	5058	5061	5075	5242	16524
5045	5047	5053	5056	5059	5060	5069	5149	16525
5044	5052	5054	5055	5058	5062	5099	5196	16526
5042	5052	5053	5056	5058	5060	5073	5249	16527
5042	5050	5054	5057	5058	5063	5069	5179	16528
5041	5050	5054	5055	5058	5062	5112	5225	16529
5045	5048	5054	5055	5058	5063	5095	5149	16530
5042	5052	5053	5055	5059	5061	5077	5155	16531
5043	5048	5054	5055	5059	5060	5085	5230	16532
5041	5048	5054	5055	5058	5060	5125	5305	16533
5040	5048	5054	5056	5059	5063	5071	5149	16534
5040	5049	5054	5057	5058	5061	5115	5233	16535
5043	5052	5054	5056	5058	5060	5078	5165	16536
5042	5049	5054	5056	5058	5061	5080	5149	16537
5040	5050	5054	5055	5058	5062	5073	5157	16538
5040	5050	5054	5056	5059	5061	5081	5210	16539
5044	5052	5054	5055	5058	5062	5075	5203	16540
5044	5051	5054	5055	5059	5060	5087	5149	16541
5042	5048	5054	5055	5058	5061	5085	5273	16542
5043	5052	5054	5055	5058	5061	5069	5278	16543
5039	5050	5054	5055	5058	5062	5085	5201	16544
5044	5051	5054	5055	5058	5060	5069	5182	16545
5043	5052	5054	5055	5059	5060	5111	5219	16546
5040	5052	5054	5057	5058	5062	5069	5149	16547
5043	5051	5054	5055	5058	5060	5114	5149	16548
5041	5052	5053	5055	5058	5060	5085	5149	16549
5040	5049	5054	5055	5059	5060	5085	5230	16550
5039	5048	5054	5055	5058	5061	5092	5149	16551
5040	5051	5054	5057	5058	5060	5070	5149	16552
5045	5049	5054	5055	5058	5062	5088	5149	16553
5040	5047	5053	5055	5059	5064	5069	5235	16554
5043	5046	5053	5055	5059	5060	5124	5275	16555
5045	5050	5054	5055	5058	5062	5069	5235	16556
5041	5049	5054	5056	5058	5062	5088	5190	16557
5041	5048	5054	5056	5058	5061	5106	5212	16558
5045	5051	5054	5055	5059	5060	5069	5149	16559
5042	5051	5054	5056	5058	5060	5087	5200	16560
5040	5047	5053	5057	5058	5065	5088	5149	16561
5041	5046	5053	5055	5058	5061	5088	5302	16562
5039	5048	5054	5056	5058	5061	5069	5179	16563
5040	5047	5053	5055	5058	5061	5072	5153	16564
5042	5047	5053	5056	5058	5060	5070	5149	16565
5039	5049	5054	5056	5058	5061	5069	5235	16566
5042	5050	5054	5055	5058	5060	5069	5209	16567
5044	5052	5054	5055	5058	5063	5075	5203	16568
5042	5050	5054	5055	5058	5060	5069	5252	16569
5043	5052	5054	5055	5058	5062	5069	5179	16570
5042	5052	5053	5057	5058	5062	5075	5149	16571
5040	5049	5054	5057	5058	5061	5082	5149	16572
5043	5051	5054	5056	5058	5060	5073	5218	16573
5042	5046	5053	5055	5058	5061	5120	5280	16574
5039	5051	5054	5056	5058	5062	5075	5159	16575
5043	5048	5054	5056	5059	5060	5070	5150	16576
5043	5050	5054	5056	5058	5061	5075	5203	16577
5043	5050	5054	5056	5058	5063	5073	5249	16578
5042	5050	5054	5055	5058	5061	5069	5258	16579
5041	5047	5053	5055	5058	5065	5073	5183	16580
5040	5050	5054	5055	5058	5063	5069	5185	16581
5044	5047	5053	5055	5058	5060	5078	5149	16582
5043	5049	5054	5056	5058	5062	5073	5149	16583
5043	5051	5054	5055	5058	5061	5090	5149	16584
5042	5046	5053	5055	5058	5060	5069	5162	16585
5041	5052	5053	5055	5059	5063	5069	5149	16586
5043	5052	5054	5055	5058	5062	5077	5155	16587
5045	5047	5053	5056	5059	5061	5075	5149	16588
5043	5052	5054	5055	5058	5064	5089	5170	16589
5043	5050	5054	5055	5058	5063	5069	5179	16590
5041	5051	5054	5055	5058	5060	5121	5255	16591
5039	5049	5054	5055	5058	5060	5069	5209	16592
5043	5048	5054	5055	5059	5060	5070	5149	16593
5039	5050	5054	5055	5059	5065	5069	5149	16594
5040	5047	5053	5056	5059	5061	5070	5150	16595
5040	5046	5053	5055	5058	5064	5114	5149	16596
5044	5052	5054	5055	5059	5061	5073	5156	16597
5039	5046	5053	5055	5059	5063	5069	5149	16598
5042	5050	5054	5055	5058	5062	5069	5151	16599
5041	5047	5053	5055	5059	5061	5069	5180	16600
5039	5046	5053	5055	5058	5060	5075	5167	16601
5039	5051	5054	5055	5058	5066	5090	5149	16602
5041	5047	5053	5055	5058	5060	5079	5176	16603
5043	5051	5054	5055	5058	5060	5085	5220	16604
5044	5052	5054	5055	5058	5062	5108	5214	16605
5041	5046	5053	5055	5058	5062	5075	5167	16606
5042	5046	5053	5056	5058	5063	5073	5183	16607
5043	5052	5054	5055	5058	5061	5084	5232	16608
5041	5047	5053	5055	5059	5061	5087	5149	16609
5045	5051	5054	5055	5058	5063	5093	5177	16610
5041	5051	5054	5055	5058	5060	5075	5203	16611
5040	5050	5054	5057	5058	5060	5069	5287	16612
5045	5050	5054	5055	5059	5061	5087	5222	16613
5039	5050	5054	5056	5058	5063	5075	5159	16614
5045	5052	5054	5055	5058	5061	5069	5235	16615
5042	5048	5054	5055	5059	5061	5075	5159	16616
5042	5052	5053	5055	5058	5060	5069	5250	16617
5045	5052	5054	5055	5058	5063	5085	5169	16618
5045	5052	5054	5055	5058	5060	5087	5222	16619
5043	5047	5053	5055	5058	5062	5072	5244	16620
5040	5051	5054	5055	5058	5061	5075	5208	16621
5039	5046	5053	5056	5058	5061	5070	5164	16622
5042	5050	5054	5055	5058	5065	5088	5149	16623
5039	5052	5054	5055	5058	5061	5069	5258	16624
5040	5051	5054	5055	5059	5060	5087	5222	16625
5042	5047	5053	5055	5058	5065	5072	5309	16626
5040	5049	5054	5055	5059	5060	5070	5150	16627
5041	5049	5054	5056	5058	5060	5073	5183	16628
5041	5050	5054	5055	5058	5061	5071	5149	16629
5041	5047	5053	5057	5059	5061	5088	5149	16630
5044	5048	5054	5055	5058	5063	5112	5225	16631
5044	5049	5054	5055	5058	5060	5069	5185	16632
5045	5047	5053	5055	5058	5065	5106	5212	16633
5041	5047	5053	5055	5059	5063	5069	5172	16634
5042	5046	5053	5055	5059	5061	5085	5230	16635
5044	5052	5054	5057	5058	5060	5075	5159	16636
5045	5051	5054	5055	5058	5061	5080	5149	16637
5045	5052	5054	5055	5058	5065	5095	5149	16638
5042	5047	5053	5056	5058	5064	5070	5149	16639
5040	5051	5054	5056	5058	5060	5069	5306	16640
5043	5051	5054	5057	5058	5061	5069	5179	16641
5045	5052	5054	5055	5058	5061	5087	5259	16642
5041	5047	5053	5056	5059	5060	5070	5150	16643
5042	5049	5054	5055	5058	5065	5087	5259	16644
5044	5052	5054	5055	5058	5066	5090	5149	16645
5040	5051	5054	5055	5059	5065	5069	5149	16646
5043	5051	5054	5056	5058	5060	5069	5180	16647
5043	5051	5054	5055	5058	5062	5069	5252	16648
5042	5051	5054	5055	5059	5061	5070	5149	16649
5040	5049	5054	5055	5059	5060	5086	5216	16650
5043	5046	5053	5056	5058	5064	5073	5156	16651
5043	5047	5053	5057	5058	5061	5073	5175	16652
5040	5048	5054	5055	5058	5064	5069	5162	16653
5039	5048	5054	5056	5058	5062	5073	5183	16654
5041	5048	5054	5055	5058	5067	5088	5299	16655
5043	5051	5054	5056	5059	5063	5069	5149	16656
5044	5047	5053	5055	5058	5060	5085	5230	16657
5044	5047	5053	5055	5058	5061	5073	5249	16658
5044	5049	5054	5055	5058	5061	5081	5210	16659
5039	5047	5053	5055	5058	5061	5083	5149	16660
5045	5052	5054	5055	5058	5060	5069	5240	16661
5043	5052	5054	5055	5058	5060	5090	5149	16662
5041	5050	5054	5055	5058	5061	5135	5327	16663
5045	5047	5053	5056	5058	5060	5087	5149	16664
5040	5050	5054	5055	5058	5064	5075	5203	16665
5040	5050	5054	5056	5058	5061	5073	5156	16666
5045	5049	5054	5055	5058	5061	5075	5238	16667
5040	5046	5053	5055	5058	5061	5087	5200	16668
5040	5049	5054	5055	5059	5061	5075	5149	16669
5040	5051	5054	5056	5058	5064	5075	5149	16670
5043	5047	5053	5055	5058	5062	5069	5248	16671
5040	5048	5054	5055	5058	5064	5075	5203	16672
5039	5050	5054	5055	5059	5060	5102	5149	16673
5040	5046	5053	5055	5058	5060	5069	5240	16674
5039	5046	5053	5055	5058	5061	5069	5306	16675
5039	5050	5054	5055	5058	5061	5112	5225	16676
5041	5050	5054	5055	5058	5061	5120	5261	16677
5043	5051	5054	5055	5058	5060	5077	5155	16678
5045	5050	5054	5056	5058	5061	5069	5287	16679
5040	5047	5053	5055	5059	5061	5087	5222	16680
5040	5048	5054	5056	5058	5063	5069	5149	16681
5040	5050	5054	5055	5058	5062	5090	5149	16682
5040	5049	5054	5057	5058	5061	5080	5174	16683
5041	5049	5054	5056	5058	5062	5070	5154	16684
5041	5049	5054	5057	5058	5061	5087	5149	16685
5039	5051	5054	5055	5058	5067	5079	5176	16686
5041	5047	5053	5055	5059	5063	5077	5155	16687
5045	5047	5053	5055	5059	5061	5069	5321	16688
5041	5046	5053	5055	5059	5061	5135	5149	16689
5042	5050	5054	5055	5059	5060	5075	5159	16690
5044	5049	5054	5057	5059	5060	5070	5150	16691
5044	5052	5054	5056	5058	5064	5069	5149	16692
5045	5051	5054	5055	5058	5063	5114	5149	16693
5039	5051	5054	5055	5058	5065	5069	5331	16694
5039	5052	5054	5055	5058	5065	5075	5149	16695
5042	5049	5054	5055	5058	5061	5100	5192	16696
5042	5051	5054	5055	5059	5061	5077	5155	16697
5041	5051	5054	5055	5058	5061	5069	5278	16698
5043	5047	5053	5055	5058	5063	5069	5278	16699
5042	5046	5053	5056	5058	5061	5075	5238	16700
5044	5049	5054	5055	5058	5063	5069	5162	16701
5041	5046	5053	5055	5058	5060	5113	5149	16702
5039	5052	5054	5055	5058	5060	5090	5149	16703
5044	5048	5054	5055	5059	5061	5069	5149	16704
5039	5047	5053	5055	5059	5061	5069	5179	16705
5041	5050	5054	5055	5059	5060	5087	5149	16706
5044	5050	5054	5055	5059	5060	5115	5304	16707
5045	5051	5054	5056	5058	5062	5098	5186	16708
5041	5051	5054	5055	5058	5062	5090	5149	16709
5040	5052	5054	5055	5058	5062	5084	5232	16710
5041	5047	5053	5055	5058	5060	5087	5200	16711
5043	5047	5053	5055	5059	5064	5069	5149	16712
5040	5047	5053	5056	5058	5064	5075	5149	16713
5044	5047	5053	5056	5059	5060	5070	5164	16714
5039	5048	5054	5055	5058	5062	5089	5170	16715
5039	5050	5054	5057	5058	5062	5080	5149	16716
5041	5050	5054	5055	5058	5064	5071	5152	16717
5045	5047	5053	5055	5058	5060	5075	5167	16718
5045	5047	5053	5055	5058	5061	5072	5294	16719
5044	5048	5054	5055	5059	5060	5079	5176	16720
5041	5050	5054	5056	5058	5063	5073	5183	16721
5040	5046	5053	5056	5058	5062	5088	5190	16722
5043	5049	5054	5055	5058	5064	5075	5159	16723
5045	5050	5054	5056	5058	5061	5080	5174	16724
5044	5046	5053	5056	5058	5062	5098	5186	16725
5045	5052	5054	5055	5058	5061	5069	5172	16726
5042	5048	5054	5056	5059	5061	5088	5190	16727
5044	5049	5054	5057	5058	5061	5098	5186	16728
5041	5052	5053	5055	5059	5062	5073	5156	16729
5041	5050	5054	5056	5059	5062	5075	5149	16730
5041	5047	5053	5055	5058	5060	5069	5240	16731
5040	5052	5054	5055	5058	5061	5069	5227	16732
5041	5051	5054	5056	5059	5061	5069	5235	16733
5040	5050	5054	5056	5058	5062	5079	5176	16734
5040	5051	5054	5055	5058	5061	5112	5225	16735
5039	5051	5054	5055	5058	5061	5075	5208	16736
5045	5052	5054	5055	5058	5061	5083	5149	16737
5039	5049	5054	5056	5058	5061	5073	5183	16738
5040	5050	5054	5055	5058	5061	5084	5160	16739
5042	5048	5054	5057	5058	5060	5088	5268	16740
5039	5047	5053	5055	5059	5061	5069	5247	16741
5043	5052	5054	5056	5058	5062	5099	5188	16742
5043	5050	5054	5056	5058	5063	5112	5362	16743
5042	5051	5054	5055	5058	5064	5073	5149	16744
5045	5051	5054	5056	5059	5060	5070	5150	16745
5040	5050	5054	5056	5059	5062	5086	5216	16746
5041	5051	5054	5055	5059	5061	5100	5192	16747
5040	5048	5054	5055	5058	5060	5112	5225	16748
5041	5049	5054	5055	5059	5060	5069	5180	16749
5042	5052	5053	5055	5058	5062	5089	5170	16750
5039	5051	5054	5057	5058	5063	5070	5149	16751
5041	5052	5053	5056	5058	5061	5069	5248	16752
5043	5048	5054	5055	5058	5064	5075	5203	16753
5044	5050	5054	5056	5058	5060	5070	5149	16754
5043	5048	5054	5056	5059	5061	5070	5154	16755
5039	5052	5054	5056	5058	5062	5092	5149	16756
5040	5050	5054	5055	5058	5061	5108	5214	16757
5043	5052	5054	5055	5058	5067	5069	5149	16758
5044	5046	5053	5055	5058	5067	5078	5165	16759
5040	5046	5053	5055	5058	5061	5069	5172	16760
5044	5052	5054	5056	5058	5065	5087	5267	16761
5039	5048	5054	5057	5058	5062	5075	5159	16762
5043	5047	5053	5056	5058	5062	5070	5164	16763
5044	5047	5053	5055	5058	5061	5069	5182	16764
5042	5052	5053	5055	5058	5063	5087	5149	16765
5042	5047	5053	5055	5058	5063	5069	5331	16766
5044	5049	5054	5056	5058	5060	5087	5149	16767
5043	5050	5054	5056	5058	5064	5069	5163	16768
5043	5048	5054	5055	5059	5061	5069	5172	16769
5040	5049	5054	5056	5058	5066	5075	5149	16770
5042	5048	5054	5056	5058	5062	5073	5249	16771
5043	5046	5053	5055	5058	5061	5069	5248	16772
5043	5052	5054	5055	5058	5061	5078	5149	16773
5041	5046	5053	5055	5058	5063	5078	5165	16774
5040	5050	5054	5057	5058	5061	5121	5255	16775
5040	5049	5054	5055	5058	5063	5075	5203	16776
5041	5050	5054	5056	5059	5062	5088	5190	16777
5042	5049	5054	5056	5058	5062	5088	5190	16778
5039	5050	5054	5055	5058	5061	5103	5149	16779
5043	5049	5054	5057	5059	5061	5086	5216	16780
5043	5052	5054	5055	5058	5062	5087	5222	16781
5040	5046	5053	5055	5058	5065	5112	5225	16782
5039	5047	5053	5055	5058	5063	5075	5203	16783
5042	5050	5054	5056	5059	5061	5075	5290	16784
5041	5050	5054	5056	5058	5061	5079	5176	16785
5045	5049	5054	5055	5059	5061	5085	5169	16786
5044	5046	5053	5056	5058	5061	5106	5212	16787
5041	5050	5054	5055	5058	5062	5085	5202	16788
5042	5049	5054	5055	5059	5060	5072	5303	16789
5044	5047	5053	5057	5058	5061	5087	5191	16790
5042	5050	5054	5057	5058	5061	5082	5149	16791
5042	5051	5054	5056	5058	5061	5075	5238	16792
5041	5050	5054	5055	5059	5062	5077	5155	16793
5041	5050	5054	5055	5058	5060	5087	5222	16794
5043	5046	5053	5055	5058	5064	5069	5235	16795
5039	5051	5054	5055	5058	5060	5082	5149	16796
5042	5050	5054	5055	5058	5060	5073	5161	16797
5040	5052	5054	5055	5058	5061	5085	5149	16798
5044	5047	5053	5055	5058	5062	5075	5223	16799
5039	5049	5054	5055	5058	5061	5127	5291	16800
5040	5050	5054	5055	5058	5060	5137	5335	16801
5040	5046	5053	5055	5059	5060	5070	5150	16802
5041	5049	5054	5056	5058	5064	5087	5191	16803
5045	5049	5054	5055	5058	5061	5122	5350	16804
5045	5049	5054	5055	5058	5061	5073	5183	16805
5043	5050	5054	5056	5058	5061	5069	5163	16806
5042	5046	5053	5055	5059	5062	5070	5173	16807
5043	5047	5053	5056	5059	5064	5088	5190	16808
5043	5048	5054	5055	5059	5065	5069	5149	16809
5044	5051	5054	5055	5058	5061	5118	5149	16810
5044	5052	5054	5055	5058	5061	5075	5238	16811
5039	5048	5054	5055	5059	5060	5106	5212	16812
5040	5050	5054	5055	5058	5062	5078	5149	16813
5043	5051	5054	5055	5058	5065	5106	5212	16814
5042	5046	5053	5056	5058	5061	5106	5212	16815
5041	5051	5054	5057	5058	5060	5078	5165	16816
5044	5046	5053	5057	5058	5064	5106	5212	16817
5044	5052	5054	5055	5059	5060	5094	5272	16818
5043	5052	5054	5056	5058	5062	5102	5149	16819
5043	5049	5054	5055	5058	5063	5069	5185	16820
5042	5052	5053	5056	5058	5062	5070	5150	16821
5045	5048	5054	5055	5058	5061	5093	5177	16822
5039	5050	5054	5055	5058	5060	5069	5240	16823
5044	5052	5054	5055	5058	5064	5088	5149	16824
5043	5052	5054	5055	5059	5067	5069	5149	16825
5040	5048	5054	5056	5058	5062	5102	5149	16826
5045	5050	5054	5055	5058	5063	5085	5169	16827
5041	5051	5054	5056	5058	5065	5122	5379	16828
5040	5048	5054	5055	5058	5061	5112	5225	16829
5039	5052	5054	5057	5059	5061	5069	5235	16830
5039	5052	5054	5055	5058	5065	5070	5243	16831
5042	5046	5053	5057	5059	5062	5088	5149	16832
5044	5046	5053	5055	5058	5062	5113	5149	16833
5040	5051	5054	5055	5059	5061	5073	5161	16834
5041	5050	5054	5055	5058	5060	5069	5252	16835
5042	5048	5054	5056	5058	5062	5069	5151	16836
5044	5050	5054	5056	5058	5060	5099	5188	16837
5041	5048	5054	5055	5059	5061	5086	5216	16838
5042	5046	5053	5055	5058	5061	5123	5277	16839
5043	5048	5054	5055	5058	5061	5147	5149	16840
5041	5048	5054	5055	5059	5060	5087	5200	16841
5044	5049	5054	5057	5058	5064	5069	5163	16842
5041	5048	5054	5057	5059	5061	5070	5150	16843
5045	5051	5054	5055	5059	5061	5085	5230	16844
5045	5052	5054	5055	5059	5060	5069	5180	16845
5040	5051	5054	5055	5058	5060	5118	5149	16846
5041	5046	5053	5055	5058	5061	5069	5185	16847
5043	5048	5054	5056	5059	5062	5069	5172	16848
5042	5051	5054	5055	5058	5061	5099	5196	16849
5041	5050	5054	5056	5058	5061	5073	5183	16850
5041	5050	5054	5055	5058	5062	5078	5165	16851
5041	5050	5054	5057	5059	5060	5069	5235	16852
5041	5052	5053	5055	5058	5061	5070	5315	16853
5039	5050	5054	5056	5059	5060	5069	5149	16854
5045	5046	5053	5055	5058	5062	5075	5199	16855
5043	5048	5054	5056	5058	5061	5075	5238	16856
5041	5050	5054	5055	5058	5060	5086	5310	16857
5041	5046	5053	5055	5059	5060	5070	5149	16858
5041	5048	5054	5055	5058	5064	5099	5189	16859
5041	5046	5053	5055	5058	5061	5088	5268	16860
5040	5049	5054	5057	5058	5061	5070	5154	16861
5042	5047	5053	5055	5059	5062	5069	5172	16862
5041	5047	5053	5055	5058	5061	5112	5225	16863
5039	5051	5054	5055	5059	5060	5070	5150	16864
5043	5047	5053	5055	5058	5061	5073	5183	16865
5042	5046	5053	5055	5059	5060	5076	5149	16866
5040	5049	5054	5055	5058	5061	5069	5258	16867
5045	5049	5054	5056	5058	5061	5110	5149	16868
5040	5047	5053	5055	5058	5060	5129	5149	16869
5041	5046	5053	5056	5058	5060	5087	5200	16870
5042	5052	5053	5055	5058	5063	5073	5183	16871
5040	5052	5054	5055	5059	5061	5121	5255	16872
5041	5052	5053	5056	5059	5064	5069	5235	16873
5040	5048	5054	5055	5058	5063	5112	5225	16874
5044	5052	5054	5057	5058	5060	5115	5233	16875
5042	5051	5054	5055	5058	5061	5118	5149	16876
5041	5049	5054	5055	5058	5062	5121	5255	16877
5045	5050	5054	5055	5058	5061	5112	5225	16878
5041	5046	5053	5057	5059	5062	5088	5149	16879
5045	5051	5054	5055	5058	5065	5069	5149	16880
5045	5050	5054	5056	5058	5060	5102	5149	16881
5045	5050	5054	5055	5058	5063	5073	5175	16882
5041	5048	5054	5056	5058	5062	5069	5180	16883
5043	5046	5053	5055	5058	5064	5106	5212	16884
5039	5051	5054	5057	5058	5061	5075	5159	16885
5039	5052	5054	5055	5058	5061	5112	5225	16886
5040	5046	5053	5055	5059	5063	5069	5179	16887
5039	5049	5054	5055	5058	5062	5073	5249	16888
5040	5052	5054	5057	5058	5061	5091	5171	16889
5041	5049	5054	5055	5058	5064	5069	5266	16890
5039	5051	5054	5055	5058	5060	5073	5157	16891
5043	5049	5054	5055	5059	5061	5069	5151	16892
5040	5050	5054	5055	5059	5064	5073	5149	16893
5042	5051	5054	5055	5058	5064	5088	5149	16894
5039	5052	5054	5057	5058	5062	5071	5152	16895
5043	5049	5054	5055	5058	5061	5069	5252	16896
5041	5050	5054	5055	5058	5060	5116	5234	16897
5042	5052	5053	5055	5059	5060	5070	5150	16898
5039	5049	5054	5055	5058	5064	5081	5210	16899
5040	5051	5054	5055	5058	5065	5069	5207	16900
5045	5050	5054	5055	5058	5061	5070	5149	16901
5041	5049	5054	5055	5059	5060	5085	5220	16902
5040	5046	5053	5057	5059	5062	5088	5149	16903
5040	5051	5054	5056	5058	5064	5106	5212	16904
5044	5052	5054	5055	5058	5062	5086	5149	16905
5044	5052	5054	5057	5058	5061	5082	5149	16906
5040	5052	5054	5056	5058	5060	5087	5149	16907
5045	5051	5054	5055	5058	5065	5089	5170	16908
5044	5049	5054	5056	5058	5061	5088	5149	16909
5044	5050	5054	5055	5058	5062	5070	5154	16910
5044	5046	5053	5056	5058	5064	5095	5149	16911
5044	5049	5054	5056	5058	5060	5099	5188	16912
5043	5049	5054	5055	5058	5061	5127	5291	16913
5044	5048	5054	5055	5059	5060	5098	5186	16914
5042	5050	5054	5055	5058	5064	5081	5149	16915
5043	5051	5054	5056	5058	5064	5099	5188	16916
5041	5050	5054	5055	5058	5064	5069	5266	16917
5042	5050	5054	5056	5058	5062	5073	5149	16918
5041	5049	5054	5057	5058	5060	5087	5149	16919
5040	5047	5053	5056	5058	5062	5073	5183	16920
5040	5046	5053	5056	5058	5060	5073	5161	16921
5044	5047	5053	5055	5058	5061	5069	5158	16922
5040	5052	5054	5055	5058	5061	5094	5178	16923
5041	5052	5053	5055	5058	5062	5091	5171	16924
5043	5048	5054	5055	5058	5061	5125	5149	16925
5045	5052	5054	5055	5058	5064	5072	5149	16926
5039	5048	5054	5055	5058	5060	5069	5182	16927
5039	5052	5054	5055	5058	5061	5078	5149	16928
5043	5047	5053	5056	5058	5064	5075	5238	16929
5041	5048	5054	5055	5059	5060	5115	5316	16930
5040	5048	5054	5055	5059	5061	5086	5216	16931
5044	5050	5054	5055	5058	5060	5087	5191	16932
5042	5048	5054	5055	5058	5061	5069	5151	16933
5040	5046	5053	5055	5058	5062	5085	5169	16934
5041	5052	5053	5055	5058	5065	5116	5234	16935
5041	5046	5053	5055	5058	5067	5073	5149	16936
5042	5048	5054	5057	5058	5061	5080	5174	16937
5040	5049	5054	5057	5058	5064	5081	5210	16938
5043	5047	5053	5055	5059	5061	5070	5173	16939
5045	5052	5054	5055	5058	5061	5075	5199	16940
5043	5051	5054	5055	5059	5065	5112	5225	16941
5039	5048	5054	5055	5058	5061	5081	5149	16942
5039	5052	5054	5055	5058	5060	5072	5264	16943
5039	5046	5053	5055	5058	5063	5069	5254	16944
5045	5048	5054	5055	5058	5061	5069	5227	16945
5039	5050	5054	5055	5058	5063	5085	5149	16946
5040	5052	5054	5055	5058	5062	5080	5174	16947
5043	5046	5053	5057	5058	5060	5087	5191	16948
5043	5050	5054	5055	5058	5060	5069	5172	16949
5045	5048	5054	5055	5058	5060	5077	5256	16950
5043	5047	5053	5056	5058	5064	5073	5156	16951
5040	5050	5054	5056	5059	5064	5088	5190	16952
5043	5049	5054	5055	5058	5060	5073	5157	16953
5039	5047	5053	5055	5058	5062	5070	5173	16954
5039	5048	5054	5055	5059	5065	5075	5159	16955
5040	5048	5054	5055	5058	5060	5121	5260	16956
5043	5047	5053	5056	5058	5061	5080	5149	16957
5040	5048	5054	5056	5058	5061	5069	5151	16958
5040	5048	5054	5056	5058	5062	5087	5149	16959
5040	5049	5054	5055	5058	5065	5075	5159	16960
5043	5046	5053	5055	5058	5065	5095	5149	16961
5041	5048	5054	5055	5059	5067	5088	5299	16962
5042	5047	5053	5055	5058	5060	5073	5249	16963
5041	5050	5054	5056	5058	5060	5075	5203	16964
5039	5049	5054	5055	5058	5061	5085	5230	16965
5040	5049	5054	5055	5059	5061	5110	5149	16966
5039	5046	5053	5055	5058	5060	5069	5179	16967
5040	5048	5054	5056	5058	5060	5073	5157	16968
5041	5050	5054	5055	5058	5064	5069	5227	16969
5039	5047	5053	5057	5058	5060	5075	5149	16970
5041	5046	5053	5055	5058	5061	5069	5182	16971
5041	5051	5054	5055	5059	5060	5070	5150	16972
5043	5049	5054	5057	5058	5061	5087	5149	16973
5041	5050	5054	5056	5058	5064	5069	5258	16974
5043	5052	5054	5055	5058	5061	5122	5289	16975
5039	5052	5054	5056	5058	5060	5113	5229	16976
5040	5050	5054	5055	5058	5061	5089	5170	16977
5040	5046	5053	5055	5059	5064	5075	5149	16978
5039	5049	5054	5055	5058	5066	5095	5149	16979
5043	5046	5053	5056	5058	5060	5090	5149	16980
5040	5049	5054	5055	5058	5061	5092	5149	16981
5042	5050	5054	5055	5058	5060	5099	5189	16982
5044	5052	5054	5055	5058	5063	5073	5183	16983
5041	5046	5053	5055	5058	5062	5069	5235	16984
5040	5052	5054	5055	5058	5061	5081	5355	16985
5044	5051	5054	5055	5059	5060	5086	5216	16986
5040	5050	5054	5055	5058	5063	5075	5159	16987
5042	5052	5053	5055	5058	5061	5081	5149	16988
5044	5048	5054	5055	5058	5060	5089	5170	16989
5045	5049	5054	5057	5058	5060	5069	5149	16990
5039	5051	5054	5055	5058	5060	5072	5149	16991
5043	5048	5054	5055	5058	5061	5118	5149	16992
5045	5047	5053	5055	5059	5062	5069	5179	16993
5040	5051	5054	5055	5059	5061	5075	5149	16994
5039	5047	5053	5055	5059	5060	5075	5159	16995
5039	5048	5054	5055	5058	5067	5075	5149	16996
5041	5046	5053	5056	5058	5060	5079	5176	16997
5040	5046	5053	5055	5058	5060	5112	5225	16998
5039	5046	5053	5055	5058	5065	5078	5149	16999
5043	5049	5054	5055	5058	5061	5075	5290	17000
5039	5049	5054	5055	5058	5060	5069	5185	17001
5039	5046	5053	5055	5058	5061	5140	5149	17002
5040	5051	5054	5055	5058	5061	5115	5276	17003
5045	5049	5054	5055	5058	5065	5093	5177	17004
5040	5050	5054	5055	5058	5062	5092	5149	17005
5045	5052	5054	5056	5058	5061	5069	5172	17006
5042	5049	5054	5056	5059	5061	5075	5149	17007
5039	5051	5054	5055	5058	5062	5069	5158	17008
5041	5051	5054	5055	5058	5062	5097	5221	17009
5041	5046	5053	5056	5058	5060	5073	5161	17010
5043	5052	5054	5055	5058	5060	5072	5336	17011
5042	5048	5054	5055	5058	5063	5075	5149	17012
5040	5052	5054	5057	5058	5061	5069	5240	17013
5045	5048	5054	5056	5058	5060	5070	5154	17014
5044	5047	5053	5056	5059	5061	5075	5290	17015
5040	5046	5053	5057	5058	5064	5069	5179	17016
5041	5049	5054	5055	5058	5061	5099	5188	17017
5043	5046	5053	5056	5058	5064	5073	5161	17018
5042	5049	5054	5056	5058	5061	5069	5185	17019
5041	5051	5054	5055	5059	5060	5077	5256	17020
5044	5052	5054	5057	5058	5064	5098	5186	17021
5045	5052	5054	5055	5058	5064	5089	5170	17022
5041	5048	5054	5055	5058	5061	5075	5238	17023
5039	5046	5053	5055	5058	5062	5072	5153	17024
5044	5052	5054	5055	5058	5063	5070	5243	17025
5041	5051	5054	5055	5058	5060	5136	5149	17026
5039	5049	5054	5055	5058	5064	5073	5249	17027
5039	5051	5054	5056	5058	5060	5102	5149	17028
5042	5047	5053	5055	5059	5060	5087	5222	17029
5043	5051	5054	5056	5059	5062	5070	5154	17030
5044	5050	5054	5056	5058	5060	5069	5337	17031
5039	5050	5054	5055	5058	5061	5069	5342	17032
5042	5051	5054	5055	5058	5061	5101	5197	17033
5043	5046	5053	5055	5058	5064	5090	5149	17034
5039	5048	5054	5056	5058	5062	5099	5188	17035
5044	5052	5054	5055	5058	5065	5081	5149	17036
5039	5046	5053	5055	5058	5061	5069	5151	17037
5041	5047	5053	5056	5058	5062	5070	5149	17038
5040	5048	5054	5055	5058	5061	5125	5149	17039
5041	5050	5054	5055	5058	5061	5086	5149	17040
5042	5052	5053	5055	5058	5061	5069	5246	17041
5042	5047	5053	5056	5058	5060	5073	5149	17042
5044	5051	5054	5057	5058	5061	5080	5174	17043
5044	5046	5053	5055	5058	5061	5085	5201	17044
5042	5049	5054	5055	5058	5060	5083	5149	17045
5040	5047	5053	5055	5058	5064	5075	5203	17046
5039	5049	5054	5056	5058	5060	5090	5149	17047
5040	5046	5053	5055	5058	5060	5089	5170	17048
5044	5052	5054	5055	5058	5063	5086	5149	17049
5041	5051	5054	5055	5058	5060	5094	5314	17050
5040	5050	5054	5055	5058	5061	5122	5350	17051
5039	5047	5053	5056	5059	5064	5088	5190	17052
5045	5048	5054	5055	5059	5061	5075	5159	17053
5044	5047	5053	5057	5058	5061	5086	5216	17054
5039	5049	5054	5055	5059	5064	5081	5210	17055
5039	5046	5053	5055	5058	5064	5069	5293	17056
5039	5049	5054	5056	5058	5063	5073	5183	17057
5040	5046	5053	5055	5059	5061	5075	5159	17058
5039	5048	5054	5055	5058	5062	5078	5149	17059
5043	5048	5054	5055	5058	5060	5072	5320	17060
5041	5047	5053	5055	5058	5062	5085	5169	17061
5040	5051	5054	5055	5058	5061	5080	5149	17062
5039	5047	5053	5055	5058	5060	5085	5220	17063
5039	5052	5054	5055	5058	5062	5080	5149	17064
5041	5051	5054	5055	5058	5061	5075	5238	17065
5039	5050	5054	5056	5058	5061	5095	5149	17066
5039	5050	5054	5056	5058	5063	5073	5218	17067
5043	5052	5054	5056	5058	5060	5080	5149	17068
5039	5052	5054	5057	5058	5064	5069	5163	17069
5045	5051	5054	5055	5058	5061	5100	5192	17070
5041	5047	5053	5056	5058	5065	5073	5249	17071
5044	5052	5054	5055	5058	5062	5087	5191	17072
5044	5052	5054	5056	5059	5065	5075	5159	17073
5044	5049	5054	5055	5059	5061	5087	5149	17074
5043	5051	5054	5055	5059	5061	5073	5377	17075
5042	5046	5053	5057	5058	5062	5088	5149	17076
5041	5050	5054	5055	5059	5065	5075	5149	17077
5039	5047	5053	5055	5058	5062	5118	5149	17078
5042	5051	5054	5055	5058	5060	5073	5161	17079
5042	5052	5053	5055	5058	5060	5075	5167	17080
5041	5051	5054	5056	5058	5060	5099	5188	17081
5042	5052	5053	5055	5058	5061	5101	5197	17082
5043	5049	5054	5057	5058	5061	5080	5149	17083
5044	5047	5053	5055	5058	5062	5079	5176	17084
5040	5049	5054	5057	5058	5062	5087	5191	17085
5043	5049	5054	5056	5058	5060	5087	5259	17086
5041	5047	5053	5055	5059	5064	5069	5149	17087
5039	5050	5054	5057	5058	5061	5075	5159	17088
5045	5050	5054	5055	5058	5061	5069	5235	17089
5043	5047	5053	5055	5059	5062	5070	5173	17090
5040	5048	5054	5055	5058	5062	5069	5252	17091
5041	5050	5054	5057	5059	5060	5069	5149	17092
5039	5049	5054	5056	5058	5062	5075	5149	17093
5045	5047	5053	5055	5058	5061	5086	5211	17094
5044	5051	5054	5055	5058	5061	5112	5265	17095
5039	5049	5054	5056	5058	5064	5113	5229	17096
5044	5046	5053	5056	5058	5065	5098	5186	17097
5039	5046	5053	5055	5059	5060	5069	5179	17098
5042	5047	5053	5056	5058	5062	5079	5176	17099
5045	5049	5054	5055	5058	5065	5089	5149	17100
5041	5046	5053	5057	5058	5064	5069	5179	17101
5042	5049	5054	5056	5058	5064	5073	5149	17102
5040	5048	5054	5055	5058	5064	5070	5154	17103
5041	5046	5053	5056	5059	5062	5070	5150	17104
5042	5051	5054	5055	5058	5063	5084	5160	17105
5042	5048	5054	5055	5058	5062	5070	5150	17106
5041	5048	5054	5055	5058	5061	5073	5149	17107
5042	5048	5054	5056	5058	5061	5073	5175	17108
5044	5046	5053	5055	5059	5061	5086	5216	17109
5044	5048	5054	5055	5059	5060	5070	5154	17110
5043	5052	5054	5055	5058	5060	5079	5149	17111
5045	5050	5054	5056	5059	5061	5090	5149	17112
5041	5049	5054	5055	5058	5062	5104	5204	17113
5041	5047	5053	5056	5059	5060	5075	5159	17114
5041	5047	5053	5055	5058	5062	5096	5181	17115
5039	5048	5054	5056	5058	5067	5075	5159	17116
5042	5049	5054	5055	5058	5060	5069	5240	17117
5042	5050	5054	5055	5059	5060	5087	5149	17118
5041	5047	5053	5057	5058	5060	5087	5191	17119
5040	5050	5054	5055	5058	5060	5115	5149	17120
5042	5050	5054	5056	5058	5062	5070	5149	17121
5041	5046	5053	5055	5058	5065	5121	5149	17122
5044	5052	5054	5056	5058	5061	5099	5188	17123
5041	5047	5053	5056	5058	5060	5078	5165	17124
5040	5048	5054	5055	5058	5065	5099	5196	17125
5044	5046	5053	5055	5059	5062	5070	5173	17126
5045	5052	5054	5055	5058	5061	5069	5179	17127
5042	5052	5053	5055	5058	5065	5095	5149	17128
5042	5047	5053	5056	5058	5060	5075	5159	17129
5043	5050	5054	5057	5059	5061	5075	5149	17130
5040	5046	5053	5055	5058	5060	5112	5265	17131
5040	5051	5054	5055	5058	5061	5131	5149	17132
5039	5048	5054	5057	5058	5060	5075	5203	17133
5040	5050	5054	5056	5058	5061	5069	5163	17134
5044	5048	5054	5055	5058	5060	5073	5218	17135
5039	5052	5054	5055	5058	5064	5072	5149	17136
5043	5048	5054	5055	5058	5065	5112	5225	17137
5041	5051	5054	5055	5059	5063	5077	5155	17138
5040	5052	5054	5056	5058	5062	5073	5183	17139
5045	5046	5053	5056	5058	5065	5073	5157	17140
5044	5046	5053	5055	5058	5061	5070	5173	17141
5045	5050	5054	5055	5058	5061	5087	5222	17142
5043	5051	5054	5056	5058	5061	5069	5240	17143
5041	5051	5054	5055	5058	5060	5087	5200	17144
5040	5051	5054	5056	5059	5061	5075	5149	17145
5042	5046	5053	5055	5059	5061	5070	5150	17146
5045	5051	5054	5055	5058	5060	5080	5149	17147
5039	5046	5053	5055	5058	5061	5073	5149	17148
5039	5051	5054	5055	5059	5062	5069	5149	17149
5041	5051	5054	5056	5059	5061	5075	5149	17150
5044	5050	5054	5057	5058	5060	5075	5203	17151
5039	5048	5054	5056	5058	5061	5069	5180	17152
5041	5051	5054	5055	5059	5060	5079	5149	17153
5041	5051	5054	5055	5058	5062	5100	5192	17154
5044	5046	5053	5055	5059	5060	5097	5149	17155
5044	5046	5053	5055	5058	5064	5073	5161	17156
5040	5046	5053	5055	5058	5064	5075	5238	17157
5040	5046	5053	5057	5058	5060	5079	5176	17158
5042	5051	5054	5056	5058	5061	5080	5149	17159
5039	5049	5054	5055	5058	5060	5071	5152	17160
5042	5050	5054	5055	5059	5061	5069	5235	17161
5044	5051	5054	5055	5058	5061	5069	5193	17162
5043	5047	5053	5056	5058	5061	5073	5175	17163
5041	5047	5053	5056	5058	5062	5090	5149	17164
5040	5052	5054	5057	5058	5060	5087	5259	17165
5041	5052	5053	5055	5058	5060	5073	5183	17166
5045	5049	5054	5055	5058	5061	5072	5264	17167
5045	5048	5054	5055	5059	5061	5128	5292	17168
5042	5050	5054	5055	5058	5060	5087	5222	17169
5042	5049	5054	5056	5058	5060	5099	5188	17170
5039	5047	5053	5056	5058	5065	5073	5249	17171
5041	5049	5054	5056	5058	5061	5069	5179	17172
5043	5051	5054	5056	5058	5060	5075	5159	17173
5041	5052	5053	5055	5058	5063	5075	5203	17174
5040	5050	5054	5055	5058	5060	5113	5229	17175
5040	5050	5054	5055	5058	5061	5091	5171	17176
5045	5051	5054	5056	5058	5063	5069	5149	17177
5039	5050	5054	5055	5059	5060	5085	5202	17178
5041	5048	5054	5055	5058	5063	5069	5179	17179
5042	5049	5054	5055	5058	5060	5070	5166	17180
5043	5052	5054	5055	5058	5060	5088	5149	17181
5040	5046	5053	5055	5059	5061	5070	5173	17182
5044	5047	5053	5057	5058	5060	5069	5235	17183
5045	5051	5054	5055	5058	5062	5070	5243	17184
5043	5051	5054	5055	5058	5065	5089	5170	17185
5040	5050	5054	5057	5058	5064	5078	5165	17186
5039	5052	5054	5056	5058	5062	5090	5149	17187
5042	5047	5053	5056	5058	5065	5095	5149	17188
5045	5051	5054	5055	5058	5060	5075	5290	17189
5042	5048	5054	5055	5058	5062	5080	5174	17190
5045	5050	5054	5055	5058	5060	5077	5256	17191
5045	5051	5054	5055	5058	5060	5100	5192	17192
5039	5046	5053	5055	5059	5061	5069	5187	17193
5041	5049	5054	5055	5059	5063	5085	5201	17194
5042	5048	5054	5055	5058	5060	5087	5191	17195
5039	5050	5054	5057	5058	5060	5073	5183	17196
5044	5048	5054	5055	5059	5063	5077	5155	17197
5044	5052	5054	5055	5058	5062	5075	5199	17198
5042	5052	5053	5057	5058	5064	5075	5149	17199
5039	5046	5053	5057	5058	5061	5069	5149	17200
5043	5049	5054	5056	5059	5061	5075	5149	17201
5041	5051	5054	5056	5058	5060	5079	5176	17202
5039	5047	5053	5055	5058	5061	5069	5262	17203
5044	5049	5054	5056	5058	5060	5115	5233	17204
5040	5047	5053	5055	5059	5060	5096	5181	17205
5041	5051	5054	5056	5058	5061	5085	5201	17206
5044	5049	5054	5056	5058	5060	5073	5218	17207
5044	5048	5054	5057	5058	5060	5098	5186	17208
5040	5049	5054	5057	5059	5060	5070	5150	17209
5040	5050	5054	5055	5058	5063	5086	5216	17210
5041	5049	5054	5055	5059	5061	5085	5230	17211
5042	5047	5053	5055	5059	5064	5075	5149	17212
5039	5049	5054	5056	5058	5060	5070	5164	17213
5039	5050	5054	5055	5059	5060	5075	5159	17214
5042	5047	5053	5056	5058	5061	5098	5186	17215
5043	5050	5054	5056	5058	5060	5087	5149	17216
5043	5049	5054	5056	5058	5060	5079	5176	17217
5042	5052	5053	5055	5058	5060	5072	5244	17218
5040	5048	5054	5056	5058	5061	5098	5186	17219
5039	5049	5054	5056	5058	5061	5110	5149	17220
5043	5048	5054	5056	5058	5061	5081	5149	17221
5040	5046	5053	5055	5058	5060	5097	5221	17222
5042	5048	5054	5055	5058	5060	5085	5201	17223
5042	5046	5053	5055	5058	5061	5089	5170	17224
5043	5052	5054	5056	5058	5060	5099	5188	17225
5043	5052	5054	5055	5058	5061	5118	5149	17226
5040	5050	5054	5057	5059	5060	5069	5149	17227
5042	5050	5054	5055	5058	5061	5069	5235	17228
5045	5050	5054	5055	5058	5061	5077	5195	17229
5039	5050	5054	5056	5058	5061	5081	5149	17230
5039	5048	5054	5056	5058	5062	5073	5149	17231
5039	5052	5054	5055	5058	5063	5075	5159	17232
5043	5046	5053	5055	5058	5061	5073	5157	17233
5044	5052	5054	5055	5059	5062	5070	5150	17234
5041	5050	5054	5055	5058	5064	5073	5157	17235
5043	5047	5053	5055	5059	5063	5069	5172	17236
5044	5052	5054	5055	5058	5061	5069	5257	17237
5039	5050	5054	5056	5058	5060	5069	5163	17238
5044	5048	5054	5055	5059	5061	5088	5149	17239
5045	5052	5054	5055	5058	5063	5075	5203	17240
5044	5052	5054	5057	5058	5064	5121	5255	17241
5039	5047	5053	5055	5058	5062	5087	5222	17242
5039	5052	5054	5055	5058	5060	5086	5216	17243
5044	5048	5054	5056	5058	5061	5130	5296	17244
5040	5047	5053	5055	5059	5061	5070	5149	17245
5041	5049	5054	5055	5058	5060	5137	5335	17246
5044	5049	5054	5055	5058	5062	5073	5249	17247
5040	5046	5053	5055	5058	5064	5121	5255	17248
5043	5051	5054	5055	5058	5064	5099	5196	17249
5041	5051	5054	5056	5058	5061	5087	5200	17250
5043	5052	5054	5055	5058	5063	5088	5149	17251
5040	5050	5054	5057	5058	5061	5080	5174	17252
5040	5052	5054	5056	5058	5060	5069	5293	17253
5041	5052	5053	5056	5058	5062	5070	5149	17254
5042	5051	5054	5055	5058	5065	5099	5196	17255
5039	5050	5054	5055	5059	5064	5075	5149	17256
5041	5050	5054	5055	5058	5063	5069	5252	17257
5043	5051	5054	5055	5059	5061	5087	5222	17258
5045	5052	5054	5055	5058	5064	5069	5172	17259
5041	5047	5053	5055	5058	5062	5079	5176	17260
5039	5052	5054	5056	5058	5060	5069	5172	17261
5040	5049	5054	5055	5058	5061	5095	5322	17262
5042	5048	5054	5056	5058	5063	5087	5149	17263
5042	5047	5053	5056	5058	5061	5088	5149	17264
5040	5052	5054	5055	5058	5062	5078	5165	17265
5041	5046	5053	5055	5059	5063	5069	5149	17266
5045	5046	5053	5055	5058	5065	5106	5212	17267
5044	5049	5054	5055	5058	5061	5075	5167	17268
5043	5052	5054	5056	5059	5063	5073	5156	17269
5042	5048	5054	5055	5058	5060	5099	5196	17270
5040	5051	5054	5057	5058	5065	5069	5149	17271
5042	5047	5053	5056	5058	5060	5113	5229	17272
5044	5047	5053	5055	5058	5062	5073	5149	17273
5044	5052	5054	5055	5058	5061	5069	5240	17274
5039	5049	5054	5057	5058	5060	5069	5235	17275
5042	5049	5054	5055	5058	5063	5075	5159	17276
5044	5052	5054	5055	5058	5060	5072	5244	17277
5040	5051	5054	5055	5059	5063	5070	5150	17278
5042	5048	5054	5055	5058	5060	5085	5273	17279
5039	5047	5053	5055	5058	5060	5070	5166	17280
5039	5047	5053	5055	5058	5061	5070	5173	17281
5043	5048	5054	5055	5059	5063	5085	5169	17282
5042	5046	5053	5055	5059	5063	5069	5149	17283
5042	5052	5053	5055	5058	5062	5077	5155	17284
5041	5047	5053	5055	5058	5061	5069	5227	17285
5043	5051	5054	5055	5058	5064	5088	5149	17286
5039	5049	5054	5055	5059	5060	5069	5313	17287
5040	5051	5054	5055	5058	5065	5112	5225	17288
5043	5052	5054	5055	5058	5062	5075	5159	17289
5040	5048	5054	5055	5059	5060	5070	5150	17290
5041	5052	5053	5055	5059	5064	5069	5149	17291
5044	5047	5053	5056	5058	5060	5069	5151	17292
5042	5046	5053	5055	5058	5061	5086	5149	17293
5044	5048	5054	5055	5058	5061	5088	5190	17294
5041	5048	5054	5055	5059	5060	5070	5150	17295
5040	5052	5054	5055	5058	5061	5100	5192	17296
5041	5049	5054	5055	5058	5061	5092	5224	17297
5040	5052	5054	5055	5058	5061	5126	5149	17298
5041	5050	5054	5056	5059	5061	5070	5150	17299
5044	5050	5054	5057	5058	5064	5069	5163	17300
5040	5051	5054	5056	5059	5061	5073	5156	17301
5041	5051	5054	5055	5058	5062	5072	5149	17302
5044	5049	5054	5055	5058	5060	5069	5240	17303
5041	5048	5054	5055	5058	5062	5087	5222	17304
5040	5052	5054	5056	5059	5061	5121	5255	17305
5040	5049	5054	5055	5058	5060	5088	5226	17306
5044	5052	5054	5055	5058	5064	5075	5203	17307
5043	5048	5054	5055	5058	5063	5121	5149	17308
5043	5047	5053	5057	5058	5060	5073	5249	17309
5042	5051	5054	5055	5058	5061	5069	5180	17310
5045	5052	5054	5055	5058	5060	5069	5172	17311
5042	5046	5053	5055	5058	5061	5075	5279	17312
5044	5052	5054	5057	5058	5062	5075	5149	17313
5044	5047	5053	5055	5059	5061	5106	5212	17314
5040	5046	5053	5055	5058	5060	5069	5254	17315
5045	5049	5054	5055	5058	5061	5069	5162	17316
5042	5048	5054	5056	5058	5064	5095	5149	17317
5041	5046	5053	5055	5059	5061	5069	5281	17318
5041	5050	5054	5055	5059	5066	5075	5149	17319
5039	5051	5054	5057	5059	5060	5070	5150	17320
5044	5048	5054	5056	5059	5061	5070	5154	17321
5043	5047	5053	5055	5058	5062	5086	5211	17322
5042	5050	5054	5056	5059	5061	5088	5226	17323
5040	5052	5054	5057	5058	5061	5069	5179	17324
5040	5046	5053	5056	5058	5064	5088	5190	17325
5043	5052	5054	5056	5058	5064	5075	5203	17326
5044	5049	5054	5055	5059	5060	5087	5149	17327
5041	5048	5054	5055	5058	5067	5075	5149	17328
5044	5052	5054	5055	5058	5060	5075	5167	17329
5041	5046	5053	5055	5058	5061	5112	5265	17330
5041	5048	5054	5055	5059	5061	5097	5184	17331
5042	5046	5053	5055	5058	5062	5076	5205	17332
5039	5049	5054	5055	5058	5061	5069	5286	17333
5039	5051	5054	5055	5059	5061	5086	5211	17334
5044	5051	5054	5055	5058	5061	5124	5275	17335
5041	5052	5053	5055	5059	5062	5096	5181	17336
5043	5047	5053	5056	5058	5061	5069	5250	17337
5039	5051	5054	5056	5058	5060	5069	5180	17338
5039	5051	5054	5055	5058	5063	5086	5216	17339
5045	5051	5054	5055	5059	5064	5075	5149	17340
5039	5046	5053	5057	5059	5061	5075	5149	17341
5040	5050	5054	5055	5058	5064	5121	5260	17342
5043	5047	5053	5055	5058	5060	5075	5223	17343
5044	5046	5053	5055	5058	5061	5081	5149	17344
5044	5052	5054	5057	5058	5064	5069	5149	17345
5039	5048	5054	5057	5058	5061	5069	5185	17346
5044	5046	5053	5055	5058	5062	5075	5223	17347
5045	5051	5054	5055	5058	5060	5085	5149	17348
5040	5051	5054	5055	5058	5062	5077	5195	17349
5039	5051	5054	5056	5058	5061	5075	5203	17350
5043	5046	5053	5055	5058	5064	5069	5252	17351
5039	5051	5054	5056	5058	5060	5098	5186	17352
5043	5050	5054	5055	5058	5061	5072	5153	17353
5040	5048	5054	5057	5058	5061	5079	5176	17354
5042	5051	5054	5055	5058	5060	5076	5205	17355
5041	5050	5054	5055	5058	5061	5069	5172	17356
5040	5049	5054	5056	5058	5061	5069	5163	17357
5040	5050	5054	5055	5059	5063	5085	5201	17358
5039	5049	5054	5056	5058	5062	5069	5240	17359
5044	5047	5053	5055	5058	5062	5075	5238	17360
5044	5047	5053	5055	5058	5061	5072	5294	17361
5041	5047	5053	5055	5059	5061	5081	5149	17362
5040	5052	5054	5055	5059	5062	5078	5165	17363
5044	5049	5054	5055	5058	5060	5075	5203	17364
5044	5049	5054	5055	5058	5063	5069	5182	17365
5042	5052	5053	5055	5058	5065	5104	5204	17366
5039	5047	5053	5055	5058	5062	5077	5195	17367
5040	5051	5054	5056	5058	5062	5069	5149	17368
5044	5052	5054	5055	5058	5063	5077	5195	17369
5043	5051	5054	5056	5058	5061	5073	5218	17370
5039	5050	5054	5055	5058	5060	5075	5203	17371
5040	5048	5054	5056	5058	5061	5073	5156	17372
5044	5047	5053	5056	5058	5060	5113	5229	17373
5044	5050	5054	5055	5058	5060	5103	5149	17374
5042	5050	5054	5056	5058	5061	5075	5203	17375
5041	5050	5054	5056	5059	5061	5121	5255	17376
5043	5047	5053	5056	5058	5064	5092	5149	17377
5039	5049	5054	5055	5058	5062	5073	5161	17378
5041	5046	5053	5055	5058	5060	5113	5229	17379
5041	5052	5053	5055	5058	5061	5086	5149	17380
5044	5046	5053	5057	5059	5061	5087	5149	17381
5039	5049	5054	5057	5059	5061	5086	5216	17382
5040	5046	5053	5055	5058	5061	5073	5249	17383
5043	5047	5053	5055	5058	5062	5097	5221	17384
5039	5051	5054	5055	5058	5062	5086	5211	17385
5043	5047	5053	5055	5059	5060	5096	5181	17386
5039	5048	5054	5055	5058	5060	5078	5149	17387
5044	5048	5054	5057	5058	5062	5098	5186	17388
5042	5052	5053	5056	5058	5063	5069	5180	17389
5040	5051	5054	5055	5058	5063	5069	5179	17390
5039	5049	5054	5055	5058	5061	5069	5163	17391
5041	5047	5053	5055	5058	5061	5090	5149	17392
5040	5046	5053	5055	5058	5061	5081	5149	17393
5045	5050	5054	5056	5058	5065	5106	5212	17394
5039	5049	5054	5056	5059	5061	5069	5149	17395
5045	5051	5054	5055	5058	5061	5069	5180	17396
5039	5049	5054	5055	5058	5064	5069	5163	17397
5044	5052	5054	5055	5059	5063	5094	5272	17398
5040	5051	5054	5055	5059	5062	5087	5222	17399
5041	5047	5053	5055	5058	5065	5079	5176	17400
5044	5052	5054	5055	5058	5064	5099	5196	17401
5041	5050	5054	5055	5058	5065	5070	5149	17402
5043	5051	5054	5056	5058	5063	5070	5149	17403
5045	5049	5054	5055	5058	5060	5070	5166	17404
5040	5048	5054	5055	5059	5061	5087	5222	17405
5040	5049	5054	5055	5058	5062	5069	5162	17406
5039	5051	5054	5055	5058	5062	5090	5149	17407
5045	5046	5053	5055	5058	5064	5106	5212	17408
5042	5047	5053	5055	5059	5061	5069	5180	17409
5041	5047	5053	5057	5058	5061	5088	5149	17410
5040	5049	5054	5055	5058	5061	5076	5205	17411
5042	5050	5054	5055	5058	5063	5085	5201	17412
5045	5052	5054	5055	5058	5064	5110	5149	17413
5039	5046	5053	5055	5058	5064	5075	5203	17414
5043	5047	5053	5055	5058	5062	5087	5149	17415
5041	5046	5053	5055	5059	5060	5072	5149	17416
5040	5049	5054	5055	5058	5062	5073	5161	17417
5041	5050	5054	5055	5058	5060	5099	5189	17418
5043	5048	5054	5056	5058	5062	5075	5149	17419
5045	5047	5053	5055	5058	5060	5079	5149	17420
5039	5049	5054	5056	5058	5061	5080	5174	17421
5045	5048	5054	5055	5059	5063	5069	5149	17422
5045	5047	5053	5056	5058	5061	5073	5175	17423
5041	5051	5054	5055	5059	5061	5077	5155	17424
5039	5046	5053	5055	5058	5064	5104	5204	17425
5040	5048	5054	5055	5058	5061	5099	5196	17426
5041	5048	5054	5055	5059	5065	5074	5149	17427
5045	5049	5054	5056	5058	5062	5069	5163	17428
5041	5049	5054	5055	5058	5061	5081	5210	17429
5042	5048	5054	5056	5059	5060	5070	5154	17430
5040	5050	5054	5055	5058	5060	5088	5380	17431
5044	5048	5054	5055	5058	5062	5120	5280	17432
5042	5047	5053	5055	5059	5061	5087	5222	17433
5044	5048	5054	5055	5058	5065	5074	5149	17434
5039	5046	5053	5057	5058	5065	5088	5149	17435
5039	5048	5054	5055	5058	5060	5070	5315	17436
5039	5052	5054	5055	5058	5060	5092	5224	17437
5042	5047	5053	5055	5058	5061	5101	5197	17438
5044	5050	5054	5055	5058	5060	5084	5232	17439
5039	5051	5054	5057	5059	5061	5070	5150	17440
5039	5048	5054	5055	5058	5062	5116	5234	17441
5041	5051	5054	5055	5058	5062	5116	5234	17442
5039	5047	5053	5055	5059	5060	5073	5149	17443
5041	5049	5054	5055	5058	5065	5112	5225	17444
5044	5047	5053	5057	5058	5060	5099	5196	17445
5042	5052	5053	5055	5059	5062	5073	5156	17446
5039	5051	5054	5055	5059	5062	5075	5149	17447
5042	5051	5054	5057	5059	5060	5070	5150	17448
5042	5048	5054	5055	5058	5063	5077	5195	17449
5044	5050	5054	5056	5058	5061	5069	5321	17450
5045	5048	5054	5056	5058	5060	5069	5180	17451
5040	5050	5054	5055	5058	5060	5118	5149	17452
5045	5052	5054	5055	5058	5060	5075	5199	17453
5044	5049	5054	5055	5058	5061	5085	5202	17454
5041	5047	5053	5056	5058	5062	5069	5235	17455
5041	5046	5053	5057	5058	5060	5075	5149	17456
5042	5051	5054	5057	5058	5061	5086	5216	17457
5040	5048	5054	5056	5058	5066	5095	5149	17458
5044	5047	5053	5055	5058	5060	5070	5315	17459
5040	5048	5054	5055	5058	5061	5069	5254	17460
5042	5051	5054	5055	5059	5063	5069	5149	17461
5039	5050	5054	5057	5059	5062	5071	5152	17462
5040	5052	5054	5055	5058	5062	5069	5207	17463
5042	5051	5054	5055	5058	5060	5112	5225	17464
5040	5047	5053	5055	5058	5062	5116	5234	17465
5041	5046	5053	5057	5058	5062	5080	5174	17466
5043	5046	5053	5056	5058	5062	5080	5149	17467
5043	5052	5054	5055	5059	5062	5085	5230	17468
5043	5046	5053	5055	5058	5061	5112	5311	17469
5043	5046	5053	5056	5059	5061	5070	5150	17470
5044	5049	5054	5057	5059	5061	5086	5216	17471
5040	5047	5053	5056	5059	5061	5070	5164	17472
5039	5048	5054	5055	5059	5061	5070	5150	17473
5041	5049	5054	5055	5059	5060	5085	5201	17474
5039	5046	5053	5055	5058	5060	5121	5260	17475
5039	5046	5053	5056	5059	5061	5075	5149	17476
5040	5052	5054	5055	5058	5061	5069	5278	17477
5044	5046	5053	5055	5059	5060	5070	5150	17478
5039	5051	5054	5055	5058	5063	5114	5149	17479
5040	5050	5054	5055	5059	5064	5069	5149	17480
5045	5048	5054	5055	5059	5061	5085	5169	17481
5041	5050	5054	5055	5058	5062	5120	5261	17482
5041	5050	5054	5055	5058	5065	5071	5152	17483
5041	5050	5054	5055	5059	5060	5086	5211	17484
5039	5046	5053	5056	5058	5063	5085	5307	17485
5042	5051	5054	5055	5058	5062	5087	5259	17486
5043	5047	5053	5057	5058	5061	5087	5191	17487
5044	5047	5053	5056	5058	5060	5073	5218	17488
5041	5050	5054	5055	5058	5062	5069	5162	17489
5044	5049	5054	5055	5058	5061	5075	5203	17490
5041	5049	5054	5056	5058	5060	5071	5152	17491
5039	5050	5054	5056	5058	5061	5071	5152	17492
5041	5052	5053	5056	5059	5060	5070	5164	17493
5045	5050	5054	5055	5059	5061	5070	5150	17494
5043	5047	5053	5055	5058	5062	5070	5149	17495
5045	5049	5054	5056	5058	5063	5073	5149	17496
5040	5049	5054	5055	5058	5061	5075	5199	17497
5044	5049	5054	5057	5058	5063	5073	5183	17498
5041	5049	5054	5056	5059	5063	5075	5149	17499
5045	5046	5053	5056	5058	5061	5115	5233	17500
5041	5047	5053	5055	5058	5061	5088	5168	17501
5043	5046	5053	5055	5059	5064	5073	5156	17502
5039	5046	5053	5055	5058	5063	5073	5161	17503
5039	5052	5054	5055	5058	5063	5069	5180	17504
5043	5046	5053	5055	5059	5061	5076	5205	17505
5044	5046	5053	5055	5058	5063	5075	5203	17506
5043	5048	5054	5056	5058	5060	5098	5186	17507
5040	5046	5053	5055	5059	5064	5069	5179	17508
5043	5050	5054	5055	5058	5061	5121	5255	17509
5042	5050	5054	5055	5058	5060	5073	5157	17510
5043	5050	5054	5055	5058	5060	5069	5182	17511
5044	5049	5054	5055	5058	5060	5073	5157	17512
5041	5049	5054	5055	5058	5061	5070	5319	17513
5039	5051	5054	5056	5058	5060	5113	5229	17514
5039	5052	5054	5055	5059	5060	5070	5154	17515
5044	5046	5053	5055	5058	5061	5123	5277	17516
5039	5046	5053	5055	5059	5061	5086	5211	17517
5039	5052	5054	5057	5058	5061	5098	5186	17518
5043	5046	5053	5055	5058	5061	5073	5183	17519
5040	5052	5054	5056	5058	5062	5070	5164	17520
5044	5052	5054	5057	5059	5061	5070	5154	17521
5042	5047	5053	5056	5059	5061	5075	5149	17522
5041	5051	5054	5055	5058	5062	5073	5156	17523
5044	5046	5053	5055	5059	5061	5122	5350	17524
5043	5046	5053	5055	5058	5061	5085	5273	17525
5039	5049	5054	5055	5058	5067	5069	5281	17526
5044	5048	5054	5055	5058	5062	5075	5167	17527
5045	5050	5054	5055	5058	5061	5075	5167	17528
5043	5047	5053	5055	5058	5061	5090	5149	17529
5043	5051	5054	5056	5059	5061	5075	5149	17530
5039	5048	5054	5056	5058	5061	5087	5200	17531
5041	5050	5054	5055	5058	5064	5072	5244	17532
5044	5051	5054	5055	5058	5060	5075	5167	17533
5044	5051	5054	5055	5058	5061	5122	5289	17534
5045	5050	5054	5055	5058	5060	5072	5149	17535
5042	5048	5054	5055	5058	5063	5073	5149	17536
5039	5047	5053	5055	5058	5064	5075	5238	17537
5044	5047	5053	5055	5058	5062	5085	5169	17538
5040	5049	5054	5055	5058	5061	5076	5361	17539
5040	5050	5054	5056	5058	5062	5069	5163	17540
5041	5048	5054	5056	5058	5060	5075	5167	17541
5041	5048	5054	5056	5058	5060	5080	5149	17542
5040	5046	5053	5055	5058	5060	5116	5234	17543
5043	5050	5054	5055	5058	5060	5103	5149	17544
5044	5052	5054	5057	5059	5060	5070	5150	17545
5042	5052	5053	5055	5058	5061	5075	5167	17546
5044	5050	5054	5056	5058	5060	5073	5218	17547
5040	5047	5053	5055	5058	5062	5087	5149	17548
5040	5052	5054	5055	5058	5066	5070	5149	17549
5040	5047	5053	5055	5058	5061	5112	5225	17550
5045	5052	5054	5055	5059	5060	5070	5150	17551
5045	5049	5054	5055	5059	5061	5077	5155	17552
5043	5048	5054	5057	5058	5064	5069	5162	17553
5043	5052	5054	5057	5058	5061	5082	5149	17554
5041	5048	5054	5055	5059	5060	5085	5201	17555
5043	5052	5054	5056	5058	5060	5113	5229	17556
5039	5050	5054	5057	5059	5064	5071	5152	17557
5039	5049	5054	5055	5058	5063	5085	5169	17558
5042	5049	5054	5057	5059	5061	5088	5149	17559
5042	5047	5053	5056	5058	5064	5072	5341	17560
5043	5046	5053	5055	5058	5060	5075	5203	17561
5040	5049	5054	5057	5058	5061	5069	5235	17562
5044	5052	5054	5055	5059	5061	5086	5216	17563
5044	5051	5054	5055	5058	5061	5070	5243	17564
5041	5052	5053	5056	5058	5065	5075	5149	17565
5042	5048	5054	5055	5058	5062	5069	5149	17566
5041	5051	5054	5055	5059	5061	5075	5199	17567
5043	5047	5053	5057	5059	5061	5075	5149	17568
5042	5049	5054	5055	5058	5062	5085	5202	17569
5045	5050	5054	5055	5058	5061	5070	5166	17570
5039	5048	5054	5055	5058	5062	5069	5235	17571
5043	5048	5054	5055	5058	5061	5103	5149	17572
5041	5050	5054	5057	5058	5061	5121	5255	17573
5042	5047	5053	5055	5058	5063	5107	5213	17574
5043	5048	5054	5055	5058	5061	5081	5149	17575
5041	5049	5054	5055	5058	5060	5069	5185	17576
5044	5051	5054	5055	5059	5060	5069	5149	17577
5039	5049	5054	5055	5058	5060	5085	5273	17578
5041	5046	5053	5055	5058	5061	5069	5187	17579
5043	5052	5054	5055	5058	5061	5073	5249	17580
5040	5052	5054	5055	5058	5060	5113	5229	17581
5041	5050	5054	5057	5058	5062	5070	5150	17582
5043	5049	5054	5055	5058	5060	5070	5154	17583
5045	5046	5053	5055	5058	5060	5080	5174	17584
5042	5052	5053	5055	5059	5061	5069	5187	17585
5039	5050	5054	5057	5058	5060	5075	5203	17586
5039	5050	5054	5055	5058	5061	5087	5200	17587
5039	5048	5054	5055	5058	5064	5072	5149	17588
5044	5052	5054	5055	5058	5064	5073	5157	17589
5039	5048	5054	5056	5058	5060	5069	5293	17590
5040	5049	5054	5055	5058	5062	5075	5167	17591
5042	5047	5053	5055	5058	5065	5069	5149	17592
5042	5046	5053	5055	5058	5062	5089	5170	17593
5042	5049	5054	5055	5058	5060	5097	5221	17594
5041	5047	5053	5056	5058	5060	5102	5149	17595
5040	5046	5053	5055	5058	5065	5073	5249	17596
5043	5052	5054	5056	5058	5060	5073	5149	17597
5041	5048	5054	5055	5058	5061	5070	5154	17598
5040	5049	5054	5055	5058	5062	5109	5149	17599
5040	5046	5053	5055	5059	5061	5075	5149	17600
5044	5051	5054	5056	5059	5061	5070	5150	17601
5044	5048	5054	5056	5059	5062	5070	5150	17602
5045	5052	5054	5056	5058	5063	5073	5175	17603
5041	5050	5054	5055	5059	5060	5085	5353	17604
5040	5047	5053	5055	5059	5064	5088	5190	17605
5044	5049	5054	5055	5059	5065	5088	5190	17606
5043	5046	5053	5055	5058	5060	5069	5182	17607
5041	5050	5054	5055	5058	5060	5072	5244	17608
5040	5052	5054	5056	5058	5062	5075	5238	17609
5045	5049	5054	5056	5058	5061	5113	5229	17610
5040	5050	5054	5057	5058	5064	5069	5179	17611
5039	5052	5054	5055	5058	5060	5085	5230	17612
5044	5048	5054	5055	5058	5062	5084	5160	17613
5042	5047	5053	5055	5058	5061	5081	5210	17614
5042	5049	5054	5055	5058	5062	5070	5166	17615
5042	5052	5053	5057	5058	5061	5069	5240	17616
5040	5047	5053	5055	5058	5062	5085	5273	17617
5041	5048	5054	5055	5058	5060	5079	5176	17618
5039	5050	5054	5055	5059	5061	5075	5290	17619
5039	5051	5054	5055	5059	5063	5075	5149	17620
5040	5052	5054	5056	5058	5061	5088	5149	17621
5043	5050	5054	5056	5058	5060	5080	5174	17622
5042	5050	5054	5056	5058	5065	5081	5210	17623
5039	5046	5053	5057	5058	5064	5075	5149	17624
5040	5051	5054	5055	5058	5060	5088	5168	17625
5041	5052	5053	5056	5058	5060	5080	5149	17626
5045	5050	5054	5055	5058	5060	5080	5149	17627
5043	5047	5053	5056	5059	5064	5069	5235	17628
5041	5050	5054	5055	5059	5061	5077	5155	17629
5040	5052	5054	5056	5058	5062	5099	5188	17630
5042	5051	5054	5055	5058	5061	5086	5149	17631
5041	5049	5054	5055	5059	5060	5069	5240	17632
5041	5046	5053	5057	5059	5061	5088	5149	17633
5042	5046	5053	5055	5058	5060	5075	5167	17634
5039	5049	5054	5057	5058	5063	5069	5149	17635
5041	5047	5053	5055	5058	5061	5087	5259	17636
5042	5046	5053	5055	5059	5061	5086	5216	17637
5045	5048	5054	5055	5059	5067	5075	5149	17638
5043	5049	5054	5056	5058	5061	5079	5176	17639
5041	5047	5053	5055	5059	5061	5097	5149	17640
5039	5046	5053	5056	5059	5061	5070	5150	17641
5043	5051	5054	5056	5058	5062	5080	5149	17642
5044	5048	5054	5055	5058	5060	5075	5199	17643
5040	5048	5054	5055	5059	5061	5070	5149	17644
5044	5051	5054	5055	5058	5060	5086	5211	17645
5043	5047	5053	5055	5058	5061	5089	5170	17646
5045	5050	5054	5055	5058	5062	5077	5256	17647
5041	5047	5053	5055	5058	5061	5075	5223	17648
5042	5052	5053	5055	5058	5061	5069	5252	17649
5040	5049	5054	5055	5058	5061	5079	5176	17650
5041	5051	5054	5055	5058	5062	5085	5230	17651
5040	5052	5054	5055	5058	5063	5075	5203	17652
5040	5047	5053	5055	5059	5063	5073	5156	17653
5039	5050	5054	5056	5059	5064	5088	5190	17654
5044	5050	5054	5057	5058	5061	5075	5149	17655
5040	5050	5054	5055	5058	5064	5069	5258	17656
5041	5050	5054	5056	5058	5065	5092	5149	17657
5039	5049	5054	5057	5058	5060	5073	5183	17658
5039	5048	5054	5056	5059	5061	5087	5149	17659
5045	5050	5054	5055	5058	5061	5072	5153	17660
5039	5051	5054	5055	5058	5064	5069	5179	17661
5043	5051	5054	5055	5058	5063	5077	5195	17662
5040	5047	5053	5055	5058	5060	5079	5176	17663
5040	5052	5054	5055	5058	5064	5099	5189	17664
5041	5050	5054	5055	5058	5067	5088	5149	17665
5039	5046	5053	5055	5059	5064	5069	5149	17666
5040	5048	5054	5055	5058	5064	5099	5196	17667
5041	5047	5053	5057	5059	5065	5088	5149	17668
5045	5052	5054	5056	5058	5067	5069	5149	17669
5043	5049	5054	5055	5058	5062	5080	5149	17670
5042	5047	5053	5055	5058	5061	5072	5309	17671
5042	5050	5054	5055	5058	5060	5069	5182	17672
5044	5049	5054	5057	5059	5061	5070	5149	17673
5040	5050	5054	5056	5059	5062	5081	5210	17674
5041	5049	5054	5055	5059	5060	5129	5149	17675
5039	5046	5053	5056	5058	5062	5098	5186	17676
5040	5050	5054	5055	5058	5062	5076	5205	17677
5043	5052	5054	5055	5058	5060	5075	5203	17678
5041	5046	5053	5056	5058	5060	5099	5196	17679
5044	5052	5054	5055	5059	5064	5076	5149	17680
5045	5048	5054	5056	5058	5063	5070	5149	17681
5040	5048	5054	5055	5058	5061	5069	5247	17682
5039	5046	5053	5055	5058	5062	5073	5157	17683
5039	5051	5054	5055	5058	5061	5123	5269	17684
5044	5052	5054	5055	5059	5061	5108	5214	17685
5041	5047	5053	5057	5058	5060	5069	5179	17686
5043	5047	5053	5056	5058	5062	5070	5149	17687
5042	5049	5054	5055	5058	5060	5112	5225	17688
5039	5052	5054	5055	5058	5060	5087	5222	17689
5043	5046	5053	5056	5059	5060	5070	5150	17690
5045	5048	5054	5055	5058	5061	5087	5149	17691
5043	5050	5054	5056	5058	5062	5070	5150	17692
5044	5052	5054	5055	5058	5061	5120	5253	17693
5044	5049	5054	5056	5058	5064	5075	5203	17694
5043	5049	5054	5057	5058	5061	5069	5235	17695
5045	5052	5054	5055	5058	5062	5088	5149	17696
5039	5049	5054	5056	5058	5060	5075	5203	17697
5041	5049	5054	5056	5059	5060	5070	5150	17698
5040	5052	5054	5057	5058	5061	5107	5213	17699
5043	5047	5053	5055	5058	5062	5069	5262	17700
5042	5046	5053	5056	5059	5061	5069	5235	17701
5042	5047	5053	5055	5059	5065	5069	5149	17702
5045	5047	5053	5057	5058	5060	5075	5149	17703
5045	5047	5053	5055	5059	5061	5077	5155	17704
5044	5047	5053	5055	5058	5063	5077	5149	17705
5045	5050	5054	5055	5058	5060	5069	5321	17706
5041	5048	5054	5056	5059	5062	5069	5149	17707
5040	5046	5053	5055	5058	5062	5120	5280	17708
5041	5050	5054	5055	5058	5061	5072	5294	17709
5040	5052	5054	5055	5058	5060	5115	5233	17710
5043	5048	5054	5056	5059	5060	5069	5149	17711
5039	5051	5054	5055	5058	5062	5088	5149	17712
5041	5047	5053	5055	5058	5062	5075	5223	17713
5043	5052	5054	5055	5058	5062	5086	5149	17714
5041	5048	5054	5055	5058	5063	5073	5149	17715
5044	5052	5054	5055	5058	5060	5088	5149	17716
5044	5051	5054	5055	5059	5062	5069	5149	17717
5043	5047	5053	5055	5059	5065	5069	5172	17718
5044	5051	5054	5055	5058	5061	5080	5149	17719
5044	5047	5053	5055	5058	5060	5073	5161	17720
5043	5052	5054	5055	5059	5060	5129	5149	17721
5042	5050	5054	5055	5058	5063	5069	5252	17722
5040	5048	5054	5057	5059	5060	5070	5150	17723
5041	5052	5053	5056	5059	5061	5070	5154	17724
5040	5048	5054	5055	5059	5061	5108	5214	17725
5043	5051	5054	5055	5058	5061	5080	5149	17726
5045	5052	5054	5055	5058	5062	5075	5149	17727
5039	5052	5054	5055	5058	5063	5088	5226	17728
5044	5051	5054	5055	5058	5061	5075	5199	17729
5045	5052	5054	5056	5058	5062	5070	5150	17730
5041	5050	5054	5055	5058	5064	5135	5327	17731
5039	5047	5053	5055	5058	5062	5073	5161	17732
5044	5050	5054	5055	5059	5062	5087	5222	17733
5045	5049	5054	5055	5058	5063	5073	5149	17734
5043	5049	5054	5055	5058	5060	5072	5374	17735
5039	5052	5054	5055	5058	5060	5123	5277	17736
5042	5052	5053	5057	5058	5065	5073	5175	17737
5043	5048	5054	5055	5058	5061	5116	5349	17738
5041	5046	5053	5055	5058	5063	5079	5149	17739
5039	5050	5054	5057	5058	5062	5073	5183	17740
5042	5047	5053	5056	5058	5060	5087	5149	17741
5041	5047	5053	5056	5058	5064	5070	5149	17742
5039	5046	5053	5055	5058	5061	5069	5172	17743
5042	5049	5054	5055	5058	5061	5099	5189	17744
5039	5050	5054	5055	5058	5061	5073	5156	17745
5042	5047	5053	5055	5058	5060	5086	5211	17746
5045	5047	5053	5055	5058	5061	5094	5272	17747
5041	5048	5054	5055	5059	5060	5087	5222	17748
5040	5050	5054	5055	5058	5062	5073	5149	17749
5041	5047	5053	5057	5058	5064	5069	5179	17750
5041	5048	5054	5055	5059	5064	5075	5149	17751
5043	5047	5053	5055	5058	5061	5069	5250	17752
5041	5049	5054	5056	5059	5061	5069	5149	17753
5042	5047	5053	5055	5058	5062	5087	5191	17754
5043	5050	5054	5055	5059	5061	5070	5150	17755
5040	5052	5054	5055	5058	5062	5070	5166	17756
5039	5049	5054	5057	5059	5061	5080	5174	17757
5040	5047	5053	5056	5059	5060	5070	5164	17758
5039	5051	5054	5056	5058	5060	5073	5183	17759
5045	5048	5054	5055	5058	5060	5106	5149	17760
5045	5048	5054	5055	5058	5061	5088	5149	17761
5043	5049	5054	5055	5058	5061	5087	5222	17762
5039	5046	5053	5055	5058	5061	5085	5323	17763
5041	5051	5054	5055	5058	5063	5079	5149	17764
5045	5052	5054	5056	5058	5064	5069	5172	17765
5042	5046	5053	5056	5058	5061	5080	5174	17766
5039	5052	5054	5055	5058	5061	5123	5277	17767
5041	5046	5053	5055	5059	5060	5115	5304	17768
5039	5049	5054	5055	5058	5060	5078	5165	17769
5042	5047	5053	5056	5058	5066	5095	5149	17770
5040	5051	5054	5055	5058	5064	5070	5150	17771
5040	5051	5054	5055	5058	5061	5098	5186	17772
5040	5049	5054	5055	5058	5065	5107	5213	17773
5042	5047	5053	5055	5059	5063	5075	5149	17774
5040	5047	5053	5056	5059	5064	5069	5172	17775
5040	5052	5054	5055	5058	5062	5088	5149	17776
5039	5049	5054	5056	5059	5061	5088	5190	17777
5042	5052	5053	5055	5058	5062	5120	5253	17778
5039	5049	5054	5055	5058	5063	5078	5165	17779
5041	5047	5053	5055	5059	5062	5088	5190	17780
5039	5050	5054	5055	5059	5060	5087	5222	17781
5045	5050	5054	5057	5058	5060	5075	5203	17782
5040	5048	5054	5055	5058	5063	5069	5182	17783
5041	5051	5054	5055	5058	5065	5070	5154	17784
5045	5050	5054	5055	5058	5061	5072	5264	17785
5042	5048	5054	5055	5058	5060	5089	5170	17786
5043	5048	5054	5055	5059	5060	5069	5179	17787
5041	5048	5054	5057	5058	5061	5075	5159	17788
5043	5046	5053	5055	5058	5061	5092	5224	17789
5039	5046	5053	5055	5058	5061	5097	5149	17790
5042	5050	5054	5055	5058	5061	5073	5161	17791
5042	5049	5054	5055	5058	5062	5104	5204	17792
5040	5049	5054	5057	5058	5065	5069	5149	17793
5041	5052	5053	5055	5058	5062	5087	5237	17794
5045	5048	5054	5055	5058	5060	5069	5162	17795
5039	5046	5053	5057	5058	5061	5087	5191	17796
5042	5049	5054	5055	5058	5064	5069	5179	17797
5041	5050	5054	5055	5059	5063	5085	5353	17798
5039	5048	5054	5055	5058	5061	5081	5210	17799
5044	5046	5053	5055	5058	5064	5069	5252	17800
5042	5048	5054	5055	5058	5061	5075	5238	17801
5041	5049	5054	5056	5059	5060	5070	5154	17802
5044	5047	5053	5055	5059	5064	5069	5149	17803
5040	5049	5054	5055	5058	5060	5081	5149	17804
5041	5049	5054	5055	5058	5064	5081	5210	17805
5039	5050	5054	5056	5058	5062	5088	5190	17806
5042	5046	5053	5055	5058	5062	5073	5161	17807
5045	5050	5054	5056	5058	5061	5090	5149	17808
5044	5051	5054	5057	5058	5060	5088	5268	17809
5044	5050	5054	5057	5059	5061	5075	5149	17810
5041	5052	5053	5055	5058	5062	5088	5190	17811
5042	5050	5054	5057	5058	5062	5070	5150	17812
5039	5046	5053	5055	5058	5064	5070	5149	17813
5041	5046	5053	5055	5058	5061	5075	5290	17814
5042	5050	5054	5056	5058	5061	5079	5176	17815
5044	5046	5053	5055	5058	5064	5078	5149	17816
5045	5052	5054	5056	5058	5061	5080	5174	17817
5039	5047	5053	5055	5058	5067	5070	5149	17818
5043	5048	5054	5055	5058	5064	5085	5149	17819
5040	5050	5054	5056	5059	5060	5121	5255	17820
5041	5049	5054	5055	5058	5065	5087	5149	17821
5043	5049	5054	5055	5058	5060	5085	5220	17822
5045	5049	5054	5055	5058	5064	5081	5149	17823
5041	5050	5054	5055	5058	5062	5073	5157	17824
5041	5049	5054	5055	5058	5063	5085	5169	17825
5039	5050	5054	5055	5058	5064	5071	5152	17826
5042	5048	5054	5055	5058	5062	5116	5234	17827
5040	5051	5054	5056	5058	5061	5069	5250	17828
5043	5047	5053	5055	5058	5060	5070	5166	17829
5044	5047	5053	5055	5058	5061	5116	5234	17830
5044	5048	5054	5056	5058	5060	5069	5185	17831
5041	5050	5054	5056	5058	5062	5088	5190	17832
5044	5047	5053	5055	5059	5063	5075	5357	17833
5043	5052	5054	5056	5058	5061	5081	5149	17834
5044	5046	5053	5055	5059	5061	5069	5235	17835
5042	5050	5054	5055	5058	5063	5075	5159	17836
5045	5051	5054	5055	5058	5061	5069	5185	17837
5041	5046	5053	5056	5058	5065	5095	5149	17838
5041	5051	5054	5055	5059	5062	5087	5222	17839
5044	5049	5054	5055	5058	5064	5075	5203	17840
5043	5048	5054	5055	5059	5060	5069	5235	17841
5045	5046	5053	5056	5059	5061	5075	5149	17842
5043	5047	5053	5055	5058	5064	5070	5154	17843
5045	5050	5054	5055	5059	5063	5069	5149	17844
5040	5046	5053	5056	5058	5062	5070	5150	17845
5043	5049	5054	5055	5058	5061	5073	5218	17846
5040	5051	5054	5055	5058	5064	5112	5225	17847
5043	5048	5054	5055	5058	5062	5077	5155	17848
5041	5049	5054	5055	5059	5060	5075	5199	17849
5039	5046	5053	5055	5059	5063	5075	5159	17850
5039	5049	5054	5056	5058	5061	5113	5229	17851
5041	5046	5053	5055	5059	5060	5070	5173	17852
5045	5052	5054	5055	5058	5062	5072	5244	17853
5042	5048	5054	5056	5058	5061	5130	5296	17854
5040	5049	5054	5055	5058	5061	5124	5149	17855
5040	5046	5053	5055	5058	5062	5069	5206	17856
5040	5046	5053	5055	5058	5061	5089	5170	17857
5041	5051	5054	5055	5059	5060	5100	5192	17858
5039	5051	5054	5055	5059	5060	5077	5256	17859
5039	5052	5054	5056	5059	5061	5088	5190	17860
5040	5046	5053	5055	5058	5060	5121	5255	17861
5044	5051	5054	5057	5058	5063	5070	5149	17862
5039	5048	5054	5055	5059	5061	5075	5238	17863
5040	5046	5053	5057	5058	5061	5079	5176	17864
5042	5046	5053	5055	5059	5061	5108	5214	17865
5042	5051	5054	5055	5058	5065	5112	5225	17866
5041	5049	5054	5056	5058	5063	5081	5149	17867
5044	5049	5054	5055	5058	5060	5102	5274	17868
5044	5049	5054	5055	5058	5063	5075	5203	17869
5045	5052	5054	5055	5059	5061	5073	5183	17870
5043	5049	5054	5055	5058	5062	5112	5225	17871
5041	5050	5054	5056	5058	5060	5087	5259	17872
5040	5052	5054	5055	5058	5062	5108	5214	17873
5040	5049	5054	5055	5058	5061	5086	5216	17874
5040	5047	5053	5055	5058	5064	5110	5149	17875
5042	5049	5054	5055	5058	5067	5069	5149	17876
5039	5052	5054	5057	5058	5060	5073	5183	17877
5044	5046	5053	5055	5059	5061	5108	5214	17878
5040	5050	5054	5055	5058	5060	5078	5149	17879
5042	5050	5054	5055	5058	5061	5084	5232	17880
5040	5048	5054	5057	5058	5061	5069	5185	17881
5043	5050	5054	5055	5059	5061	5079	5149	17882
5045	5047	5053	5055	5058	5061	5069	5321	17883
5041	5051	5054	5055	5058	5060	5078	5149	17884
5044	5051	5054	5057	5058	5060	5098	5186	17885
5042	5048	5054	5055	5058	5062	5073	5157	17886
5039	5048	5054	5055	5059	5061	5108	5214	17887
5044	5046	5053	5056	5059	5062	5088	5190	17888
5040	5046	5053	5056	5058	5061	5087	5149	17889
5039	5048	5054	5055	5058	5060	5069	5321	17890
5043	5046	5053	5055	5058	5060	5112	5225	17891
5043	5052	5054	5055	5059	5061	5081	5149	17892
5039	5046	5053	5055	5058	5062	5116	5234	17893
5045	5049	5054	5055	5058	5063	5069	5254	17894
5043	5049	5054	5056	5058	5063	5069	5179	17895
5041	5050	5054	5056	5058	5061	5075	5238	17896
5039	5052	5054	5055	5058	5060	5069	5235	17897
5045	5051	5054	5055	5058	5061	5116	5234	17898
5043	5049	5054	5055	5058	5063	5069	5235	17899
5039	5050	5054	5055	5059	5060	5087	5149	17900
5041	5051	5054	5055	5058	5060	5089	5170	17901
5043	5050	5054	5055	5058	5060	5093	5177	17902
5040	5046	5053	5056	5058	5064	5069	5235	17903
5039	5048	5054	5055	5059	5061	5069	5179	17904
5044	5046	5053	5055	5059	5060	5069	5179	17905
5042	5048	5054	5055	5059	5061	5108	5214	17906
5039	5047	5053	5057	5058	5062	5080	5149	17907
5040	5048	5054	5057	5058	5062	5070	5150	17908
5042	5050	5054	5055	5058	5064	5070	5149	17909
5042	5049	5054	5055	5058	5062	5069	5248	17910
5043	5052	5054	5056	5058	5063	5070	5154	17911
5041	5051	5054	5055	5059	5061	5108	5214	17912
5043	5050	5054	5056	5058	5061	5082	5149	17913
5044	5051	5054	5055	5058	5062	5097	5221	17914
5041	5052	5053	5057	5058	5060	5087	5191	17915
5041	5052	5053	5056	5058	5060	5099	5196	17916
5043	5047	5053	5055	5058	5061	5069	5231	17917
5043	5049	5054	5055	5058	5061	5069	5281	17918
5040	5049	5054	5056	5058	5062	5070	5164	17919
5041	5049	5054	5056	5058	5065	5075	5149	17920
5043	5051	5054	5056	5059	5060	5087	5259	17921
5040	5050	5054	5056	5058	5062	5102	5149	17922
5040	5049	5054	5057	5059	5061	5070	5150	17923
5039	5049	5054	5056	5058	5060	5087	5200	17924
5042	5050	5054	5055	5058	5060	5093	5177	17925
5042	5048	5054	5055	5059	5060	5087	5149	17926
5045	5047	5053	5055	5059	5061	5069	5179	17927
5042	5051	5054	5055	5059	5060	5087	5149	17928
5041	5050	5054	5055	5058	5061	5069	5258	17929
5042	5048	5054	5055	5058	5061	5085	5230	17930
5041	5049	5054	5055	5059	5064	5081	5210	17931
5042	5050	5054	5055	5058	5062	5083	5149	17932
5040	5050	5054	5055	5058	5062	5110	5149	17933
5042	5046	5053	5055	5058	5065	5069	5149	17934
5040	5051	5054	5055	5059	5061	5075	5279	17935
5045	5050	5054	5056	5059	5064	5075	5159	17936
5040	5046	5053	5056	5059	5062	5088	5190	17937
5041	5051	5054	5055	5058	5063	5088	5149	17938
5041	5047	5053	5055	5058	5063	5090	5149	17939
5039	5047	5053	5055	5058	5063	5073	5149	17940
5039	5052	5054	5055	5058	5061	5122	5289	17941
5043	5049	5054	5056	5059	5060	5075	5149	17942
5044	5047	5053	5056	5059	5060	5090	5149	17943
5042	5048	5054	5057	5058	5064	5098	5186	17944
5042	5049	5054	5056	5058	5064	5099	5188	17945
5039	5050	5054	5055	5058	5065	5089	5149	17946
5039	5051	5054	5055	5059	5065	5069	5149	17947
5045	5051	5054	5055	5058	5061	5087	5222	17948
5041	5052	5053	5055	5058	5061	5085	5353	17949
5042	5047	5053	5055	5059	5062	5088	5190	17950
5040	5052	5054	5055	5058	5062	5118	5149	17951
5041	5049	5054	5055	5058	5061	5087	5200	17952
5039	5048	5054	5056	5058	5064	5069	5179	17953
5043	5047	5053	5057	5058	5060	5087	5191	17954
5041	5049	5054	5055	5059	5063	5085	5169	17955
5042	5047	5053	5055	5058	5062	5076	5205	17956
5045	5046	5053	5055	5058	5061	5126	5346	17957
5041	5050	5054	5055	5059	5063	5077	5155	17958
5045	5048	5054	5056	5059	5060	5070	5150	17959
5039	5050	5054	5057	5059	5060	5069	5149	17960
5039	5051	5054	5055	5058	5063	5084	5160	17961
5041	5048	5054	5055	5058	5062	5081	5149	17962
5039	5048	5054	5057	5059	5061	5081	5210	17963
5045	5052	5054	5056	5059	5060	5070	5150	17964
5042	5048	5054	5056	5058	5061	5073	5161	17965
5045	5052	5054	5056	5058	5062	5069	5240	17966
5041	5048	5054	5055	5059	5060	5124	5275	17967
5041	5049	5054	5055	5058	5064	5089	5149	17968
5041	5046	5053	5055	5058	5062	5076	5205	17969
5040	5048	5054	5055	5058	5061	5089	5149	17970
5039	5050	5054	5055	5058	5062	5092	5149	17971
5039	5050	5054	5056	5058	5062	5070	5150	17972
5040	5048	5054	5055	5059	5060	5087	5222	17973
5039	5052	5054	5056	5058	5062	5073	5249	17974
5043	5046	5053	5055	5058	5062	5073	5156	17975
5041	5047	5053	5055	5059	5060	5097	5149	17976
5040	5052	5054	5056	5058	5064	5075	5149	17977
5042	5048	5054	5055	5059	5065	5075	5159	17978
5045	5051	5054	5056	5058	5065	5073	5218	17979
5040	5049	5054	5055	5058	5060	5103	5149	17980
5041	5046	5053	5056	5058	5060	5105	5330	17981
5043	5046	5053	5056	5058	5060	5098	5186	17982
5042	5046	5053	5055	5059	5062	5069	5149	17983
5039	5051	5054	5056	5058	5061	5099	5188	17984
5041	5052	5053	5056	5058	5064	5079	5176	17985
5039	5046	5053	5056	5058	5060	5087	5259	17986
5042	5052	5053	5055	5059	5061	5069	5235	17987
5039	5047	5053	5055	5058	5062	5079	5149	17988
5041	5049	5054	5055	5059	5061	5085	5220	17989
5039	5046	5053	5056	5059	5060	5069	5149	17990
5044	5051	5054	5056	5058	5061	5085	5307	17991
5041	5048	5054	5057	5059	5060	5072	5303	17992
5042	5047	5053	5056	5058	5061	5069	5254	17993
5043	5047	5053	5056	5058	5061	5075	5167	17994
5039	5046	5053	5055	5058	5061	5079	5176	17995
5039	5048	5054	5057	5058	5060	5098	5186	17996
5042	5048	5054	5055	5058	5061	5110	5149	17997
5041	5046	5053	5055	5058	5065	5073	5249	17998
5041	5050	5054	5055	5058	5062	5102	5239	17999
5043	5050	5054	5056	5058	5061	5073	5156	18000
5039	5047	5053	5055	5058	5060	5072	5264	18001
5039	5052	5054	5055	5058	5064	5092	5224	18002
5040	5050	5054	5055	5058	5061	5081	5149	18003
5045	5052	5054	5055	5059	5061	5081	5210	18004
5045	5049	5054	5056	5059	5060	5070	5150	18005
5040	5049	5054	5055	5058	5061	5086	5211	18006
5039	5049	5054	5055	5058	5061	5077	5195	18007
5041	5052	5053	5055	5059	5061	5085	5230	18008
5040	5047	5053	5057	5058	5062	5080	5149	18009
5042	5050	5054	5055	5058	5061	5123	5277	18010
5044	5048	5054	5057	5058	5060	5075	5203	18011
5043	5052	5054	5057	5058	5062	5069	5235	18012
5041	5050	5054	5055	5058	5062	5085	5220	18013
5044	5048	5054	5057	5058	5060	5115	5233	18014
5043	5051	5054	5055	5058	5065	5099	5196	18015
5040	5050	5054	5056	5058	5062	5069	5258	18016
5042	5050	5054	5056	5058	5061	5086	5216	18017
5043	5046	5053	5055	5058	5064	5112	5149	18018
5044	5050	5054	5055	5058	5060	5087	5149	18019
5045	5049	5054	5055	5058	5061	5073	5157	18020
5044	5051	5054	5055	5059	5061	5108	5214	18021
5041	5046	5053	5055	5058	5060	5102	5274	18022
5040	5048	5054	5055	5058	5061	5075	5208	18023
5044	5051	5054	5057	5059	5061	5070	5150	18024
5044	5050	5054	5056	5058	5060	5073	5149	18025
5040	5048	5054	5055	5058	5065	5112	5225	18026
5039	5047	5053	5055	5058	5060	5112	5265	18027
5045	5048	5054	5055	5058	5061	5100	5192	18028
5043	5051	5054	5056	5058	5061	5069	5187	18029
5043	5049	5054	5055	5059	5061	5075	5159	18030
5042	5051	5054	5055	5058	5063	5069	5180	18031
5045	5051	5054	5056	5059	5064	5069	5235	18032
5040	5050	5054	5055	5058	5061	5069	5187	18033
5044	5047	5053	5055	5058	5062	5088	5149	18034
5042	5047	5053	5055	5058	5062	5118	5149	18035
5044	5048	5054	5056	5058	5061	5076	5205	18036
5039	5051	5054	5055	5058	5060	5126	5284	18037
5041	5048	5054	5055	5058	5062	5116	5234	18038
5044	5050	5054	5055	5058	5063	5072	5244	18039
5041	5048	5054	5057	5059	5060	5070	5150	18040
5040	5048	5054	5055	5058	5060	5085	5230	18041
5044	5052	5054	5055	5059	5060	5096	5181	18042
5039	5050	5054	5055	5059	5062	5069	5149	18043
5039	5047	5053	5056	5058	5062	5079	5176	18044
5041	5051	5054	5055	5058	5060	5087	5149	18045
5044	5052	5054	5055	5058	5060	5097	5149	18046
5041	5049	5054	5055	5059	5060	5070	5166	18047
5045	5049	5054	5055	5058	5061	5087	5191	18048
5040	5046	5053	5055	5058	5060	5085	5230	18049
5044	5050	5054	5056	5058	5061	5075	5238	18050
5041	5047	5053	5055	5058	5064	5069	5235	18051
5041	5048	5054	5055	5058	5060	5090	5356	18052
5041	5046	5053	5057	5058	5060	5069	5179	18053
5039	5048	5054	5056	5058	5061	5071	5152	18054
5040	5046	5053	5055	5059	5061	5069	5187	18055
5042	5051	5054	5055	5059	5061	5108	5214	18056
5043	5052	5054	5056	5058	5060	5069	5278	18057
5042	5052	5053	5055	5058	5060	5088	5149	18058
5039	5050	5054	5055	5059	5061	5075	5159	18059
5042	5047	5053	5055	5058	5061	5073	5183	18060
5042	5047	5053	5055	5058	5061	5078	5165	18061
5041	5046	5053	5055	5058	5062	5087	5149	18062
5042	5050	5054	5055	5058	5062	5116	5234	18063
5039	5047	5053	5055	5059	5061	5077	5155	18064
5041	5049	5054	5055	5058	5062	5087	5149	18065
5040	5049	5054	5057	5058	5062	5069	5163	18066
5041	5052	5053	5056	5058	5060	5113	5229	18067
5040	5050	5054	5056	5058	5062	5081	5210	18068
5045	5052	5054	5056	5058	5061	5116	5234	18069
5041	5046	5053	5055	5058	5062	5069	5158	18070
5042	5051	5054	5056	5058	5062	5087	5149	18071
5044	5047	5053	5056	5058	5060	5070	5164	18072
5040	5049	5054	5055	5058	5062	5104	5204	18073
5044	5052	5054	5056	5058	5062	5069	5258	18074
5043	5048	5054	5055	5058	5060	5088	5268	18075
5040	5046	5053	5055	5058	5061	5069	5247	18076
5041	5049	5054	5057	5059	5060	5070	5150	18077
5042	5050	5054	5057	5059	5060	5069	5235	18078
5044	5052	5054	5055	5059	5063	5073	5156	18079
5040	5051	5054	5055	5059	5061	5077	5155	18080
5045	5049	5054	5056	5058	5060	5113	5229	18081
5044	5049	5054	5055	5058	5060	5097	5221	18082
5040	5046	5053	5055	5059	5061	5097	5149	18083
5045	5049	5054	5055	5058	5061	5073	5175	18084
5043	5049	5054	5056	5058	5067	5069	5172	18085
5044	5051	5054	5055	5058	5062	5069	5246	18086
5045	5047	5053	5055	5059	5060	5069	5262	18087
5042	5047	5053	5055	5058	5063	5075	5159	18088
5039	5048	5054	5055	5058	5060	5089	5149	18089
5044	5049	5054	5055	5058	5060	5103	5149	18090
5042	5050	5054	5055	5058	5064	5073	5157	18091
5040	5047	5053	5055	5058	5064	5089	5170	18092
5041	5051	5054	5055	5059	5061	5085	5169	18093
5042	5052	5053	5057	5058	5061	5087	5191	18094
5042	5052	5053	5055	5059	5061	5069	5149	18095
5044	5051	5054	5057	5059	5061	5075	5149	18096
5040	5052	5054	5057	5058	5060	5087	5200	18097
5039	5048	5054	5056	5058	5060	5069	5193	18098
5045	5050	5054	5055	5058	5064	5069	5235	18099
5044	5049	5054	5055	5059	5061	5087	5191	18100
5039	5049	5054	5057	5058	5061	5079	5176	18101
5042	5052	5053	5055	5059	5060	5096	5181	18102
5040	5052	5054	5057	5058	5060	5069	5179	18103
5040	5048	5054	5056	5059	5061	5070	5164	18104
5040	5046	5053	5056	5058	5064	5073	5156	18105
5045	5046	5053	5056	5058	5061	5069	5149	18106
5041	5052	5053	5055	5058	5062	5088	5297	18107
5040	5050	5054	5055	5058	5060	5078	5165	18108
5041	5047	5053	5056	5058	5060	5113	5229	18109
5039	5051	5054	5056	5058	5060	5090	5149	18110
5039	5049	5054	5055	5058	5060	5069	5301	18111
5040	5050	5054	5055	5058	5062	5077	5155	18112
5042	5047	5053	5055	5058	5065	5073	5183	18113
5041	5052	5053	5055	5058	5061	5075	5203	18114
5040	5047	5053	5055	5058	5064	5112	5225	18115
5043	5050	5054	5056	5058	5060	5087	5222	18116
5039	5052	5054	5055	5059	5060	5075	5159	18117
5040	5051	5054	5057	5058	5064	5069	5179	18118
5040	5052	5054	5057	5058	5062	5098	5186	18119
5043	5047	5053	5056	5058	5063	5073	5156	18120
5040	5049	5054	5056	5058	5061	5075	5203	18121
5041	5048	5054	5055	5058	5062	5121	5260	18122
5039	5050	5054	5056	5058	5062	5099	5188	18123
5040	5048	5054	5055	5058	5065	5116	5234	18124
5041	5049	5054	5055	5058	5060	5087	5191	18125
5041	5047	5053	5055	5058	5062	5072	5294	18126
5041	5051	5054	5056	5058	5060	5113	5229	18127
5042	5049	5054	5055	5058	5061	5087	5149	18128
5043	5047	5053	5055	5058	5060	5085	5220	18129
5040	5050	5054	5055	5058	5060	5076	5149	18130
5039	5048	5054	5055	5058	5060	5069	5295	18131
5045	5052	5054	5055	5059	5060	5069	5179	18132
5041	5046	5053	5056	5059	5061	5088	5190	18133
5043	5052	5054	5055	5058	5064	5069	5162	18134
5040	5047	5053	5057	5058	5060	5069	5179	18135
5043	5048	5054	5055	5058	5060	5099	5196	18136
5044	5047	5053	5056	5058	5063	5073	5175	18137
5043	5048	5054	5055	5058	5064	5099	5189	18138
5042	5050	5054	5055	5058	5061	5071	5149	18139
5040	5049	5054	5055	5058	5063	5069	5163	18140
5043	5046	5053	5055	5058	5062	5075	5223	18141
5045	5048	5054	5056	5058	5060	5070	5150	18142
5040	5050	5054	5055	5058	5063	5073	5175	18143
5040	5048	5054	5055	5058	5060	5076	5149	18144
5041	5052	5053	5055	5058	5060	5097	5149	18145
5041	5048	5054	5057	5058	5062	5088	5149	18146
5044	5049	5054	5055	5058	5061	5126	5284	18147
5041	5049	5054	5056	5058	5063	5073	5156	18148
5041	5046	5053	5055	5058	5062	5086	5211	18149
5040	5050	5054	5057	5058	5061	5069	5185	18150
5044	5050	5054	5055	5059	5061	5075	5149	18151
5039	5052	5054	5055	5059	5061	5114	5354	18152
5044	5050	5054	5055	5059	5061	5085	5230	18153
5045	5047	5053	5055	5058	5061	5081	5210	18154
5040	5052	5054	5057	5058	5062	5073	5183	18155
5039	5050	5054	5056	5058	5063	5069	5163	18156
5039	5049	5054	5055	5058	5064	5110	5149	18157
5039	5052	5054	5055	5058	5060	5097	5149	18158
5044	5047	5053	5056	5058	5062	5099	5188	18159
5042	5050	5054	5057	5058	5064	5069	5179	18160
5040	5048	5054	5055	5058	5062	5077	5195	18161
5043	5049	5054	5055	5058	5062	5077	5155	18162
5045	5051	5054	5055	5058	5061	5089	5149	18163
5042	5052	5053	5055	5058	5063	5069	5151	18164
5039	5052	5054	5056	5058	5065	5072	5341	18165
5042	5052	5053	5055	5058	5061	5075	5203	18166
5040	5049	5054	5056	5058	5060	5099	5188	18167
5043	5046	5053	5056	5059	5060	5087	5259	18168
5043	5052	5054	5055	5058	5061	5070	5243	18169
5040	5051	5054	5055	5058	5062	5098	5186	18170
5044	5052	5054	5055	5058	5062	5080	5174	18171
5042	5046	5053	5055	5058	5060	5089	5170	18172
5039	5052	5054	5056	5058	5063	5073	5175	18173
5043	5050	5054	5055	5058	5061	5069	5179	18174
5039	5051	5054	5055	5058	5060	5075	5290	18175
5039	5050	5054	5055	5058	5064	5110	5149	18176
5044	5047	5053	5056	5059	5061	5070	5164	18177
5044	5050	5054	5055	5058	5061	5108	5214	18178
5041	5049	5054	5055	5058	5062	5095	5322	18179
5044	5052	5054	5056	5059	5060	5070	5150	18180
5043	5051	5054	5055	5058	5061	5070	5243	18181
5039	5051	5054	5055	5058	5062	5073	5183	18182
5039	5051	5054	5055	5058	5061	5070	5154	18183
5042	5049	5054	5055	5059	5064	5075	5159	18184
5040	5046	5053	5055	5059	5064	5069	5149	18185
5042	5046	5053	5055	5058	5062	5078	5165	18186
5042	5047	5053	5056	5058	5061	5091	5171	18187
5045	5051	5054	5055	5058	5060	5090	5149	18188
5040	5048	5054	5055	5059	5060	5085	5201	18189
5041	5052	5053	5055	5058	5062	5069	5281	18190
5039	5050	5054	5057	5059	5060	5070	5150	18191
5039	5047	5053	5055	5058	5063	5069	5278	18192
5041	5052	5053	5057	5058	5064	5070	5150	18193
5040	5051	5054	5056	5058	5062	5079	5176	18194
5043	5052	5054	5056	5059	5061	5088	5190	18195
5042	5050	5054	5055	5058	5060	5084	5232	18196
5044	5047	5053	5055	5058	5061	5118	5149	18197
5042	5052	5053	5057	5058	5064	5069	5179	18198
5044	5050	5054	5055	5059	5064	5075	5159	18199
5042	5052	5053	5056	5058	5061	5073	5149	18200
5040	5048	5054	5055	5059	5060	5070	5149	18201
5040	5046	5053	5055	5058	5062	5073	5149	18202
5040	5047	5053	5055	5058	5062	5072	5294	18203
5043	5051	5054	5055	5058	5060	5069	5278	18204
5042	5048	5054	5056	5058	5066	5095	5149	18205
5043	5048	5054	5055	5059	5062	5070	5173	18206
5040	5051	5054	5055	5058	5060	5069	5162	18207
5045	5050	5054	5056	5058	5063	5073	5183	18208
5045	5051	5054	5056	5059	5061	5075	5149	18209
5042	5050	5054	5057	5059	5061	5075	5159	18210
5039	5048	5054	5056	5058	5063	5070	5149	18211
5042	5047	5053	5056	5058	5062	5102	5149	18212
5043	5046	5053	5055	5058	5062	5088	5149	18213
5043	5046	5053	5056	5059	5060	5087	5149	18214
5041	5046	5053	5056	5058	5065	5098	5186	18215
5039	5052	5054	5057	5058	5062	5073	5183	18216
5043	5047	5053	5055	5058	5062	5079	5149	18217
5039	5050	5054	5055	5058	5064	5075	5199	18218
5043	5047	5053	5055	5059	5063	5069	5158	18219
5042	5052	5053	5055	5058	5060	5115	5233	18220
5043	5047	5053	5055	5058	5062	5096	5181	18221
5040	5052	5054	5055	5058	5064	5072	5149	18222
5042	5051	5054	5055	5058	5061	5073	5157	18223
5040	5047	5053	5055	5058	5062	5089	5170	18224
5041	5047	5053	5055	5059	5061	5108	5149	18225
5041	5051	5054	5057	5058	5061	5075	5167	18226
5041	5047	5053	5056	5059	5062	5069	5235	18227
5043	5050	5054	5055	5058	5060	5073	5249	18228
5040	5050	5054	5055	5058	5064	5075	5167	18229
5040	5052	5054	5055	5058	5061	5070	5319	18230
5039	5051	5054	5055	5058	5061	5076	5205	18231
5044	5052	5054	5055	5058	5065	5088	5149	18232
5040	5048	5054	5055	5059	5064	5075	5149	18233
5043	5050	5054	5055	5058	5063	5075	5203	18234
5041	5050	5054	5055	5059	5060	5085	5149	18235
5045	5049	5054	5055	5058	5062	5116	5234	18236
5043	5048	5054	5055	5059	5061	5097	5184	18237
5043	5047	5053	5055	5058	5061	5080	5174	18238
5039	5047	5053	5056	5058	5061	5120	5280	18239
5041	5051	5054	5056	5058	5061	5073	5183	18240
5040	5051	5054	5055	5058	5060	5088	5149	18241
5043	5051	5054	5055	5059	5064	5112	5225	18242
5043	5047	5053	5055	5058	5062	5078	5165	18243
5045	5051	5054	5056	5059	5060	5075	5159	18244
5042	5048	5054	5055	5059	5062	5069	5149	18245
5039	5048	5054	5055	5058	5062	5079	5176	18246
5041	5049	5054	5056	5058	5062	5075	5149	18247
5040	5050	5054	5055	5058	5061	5073	5218	18248
5044	5049	5054	5055	5058	5061	5110	5149	18249
5044	5049	5054	5057	5058	5061	5069	5235	18250
5044	5048	5054	5055	5058	5062	5075	5203	18251
5041	5048	5054	5055	5059	5063	5075	5149	18252
5039	5051	5054	5055	5058	5060	5069	5172	18253
5043	5050	5054	5056	5059	5061	5075	5149	18254
5043	5050	5054	5055	5058	5062	5085	5169	18255
5043	5051	5054	5056	5058	5061	5070	5149	18256
5044	5046	5053	5057	5058	5065	5073	5175	18257
5042	5046	5053	5056	5059	5064	5069	5235	18258
5040	5050	5054	5057	5058	5062	5069	5149	18259
5045	5047	5053	5055	5058	5061	5069	5313	18260
5039	5052	5054	5056	5058	5061	5069	5185	18261
5039	5052	5054	5057	5058	5062	5069	5162	18262
5039	5047	5053	5055	5058	5060	5087	5200	18263
5042	5051	5054	5055	5058	5063	5112	5225	18264
5044	5049	5054	5055	5059	5061	5102	5239	18265
5039	5049	5054	5057	5058	5062	5069	5163	18266
5042	5049	5054	5056	5058	5060	5087	5222	18267
5045	5047	5053	5055	5058	5064	5081	5210	18268
5042	5049	5054	5056	5059	5061	5069	5149	18269
5042	5048	5054	5055	5058	5062	5075	5159	18270
5044	5052	5054	5055	5059	5061	5075	5238	18271
5044	5049	5054	5055	5058	5065	5088	5149	18272
5040	5052	5054	5055	5058	5060	5075	5167	18273
5041	5051	5054	5055	5058	5062	5086	5216	18274
5040	5046	5053	5056	5058	5061	5105	5149	18275
5045	5052	5054	5055	5058	5061	5085	5201	18276
5041	5052	5053	5055	5058	5062	5099	5189	18277
5039	5046	5053	5055	5058	5062	5088	5149	18278
5042	5047	5053	5056	5058	5061	5069	5179	18279
5042	5050	5054	5056	5059	5060	5069	5180	18280
5041	5048	5054	5055	5058	5063	5087	5191	18281
5039	5050	5054	5056	5058	5067	5069	5158	18282
5040	5048	5054	5055	5058	5061	5069	5182	18283
5042	5049	5054	5055	5058	5060	5102	5274	18284
5041	5047	5053	5057	5059	5061	5075	5149	18285
5044	5049	5054	5057	5058	5062	5080	5174	18286
5039	5050	5054	5055	5058	5064	5073	5149	18287
5039	5051	5054	5055	5058	5061	5106	5149	18288
5041	5049	5054	5056	5058	5060	5087	5200	18289
5040	5052	5054	5056	5059	5061	5088	5190	18290
5039	5046	5053	5055	5058	5065	5073	5157	18291
5043	5047	5053	5056	5058	5063	5086	5216	18292
5043	5052	5054	5056	5058	5062	5069	5180	18293
5040	5047	5053	5056	5059	5061	5088	5190	18294
5039	5046	5053	5055	5058	5060	5097	5149	18295
5042	5052	5053	5056	5058	5061	5121	5255	18296
5040	5048	5054	5055	5058	5062	5099	5196	18297
5040	5051	5054	5055	5059	5060	5086	5216	18298
5040	5049	5054	5055	5059	5061	5108	5214	18299
5043	5052	5054	5055	5059	5060	5085	5169	18300
5039	5049	5054	5055	5058	5061	5089	5149	18301
5044	5052	5054	5055	5059	5062	5073	5156	18302
5043	5051	5054	5055	5058	5062	5075	5159	18303
5039	5051	5054	5055	5059	5061	5079	5149	18304
5044	5047	5053	5055	5058	5060	5118	5149	18305
5044	5047	5053	5055	5058	5060	5079	5149	18306
5039	5048	5054	5055	5058	5064	5088	5149	18307
5043	5047	5053	5056	5059	5061	5075	5238	18308
5043	5050	5054	5055	5058	5061	5072	5264	18309
5039	5049	5054	5056	5058	5062	5069	5151	18310
5042	5047	5053	5057	5059	5061	5070	5149	18311
5039	5052	5054	5055	5058	5067	5088	5226	18312
5041	5051	5054	5055	5058	5060	5088	5328	18313
5045	5051	5054	5056	5058	5064	5073	5157	18314
5044	5047	5053	5057	5059	5061	5069	5287	18315
5039	5052	5054	5055	5058	5063	5085	5169	18316
5040	5049	5054	5055	5058	5062	5073	5157	18317
5040	5048	5054	5057	5058	5064	5075	5159	18318
5043	5051	5054	5057	5058	5061	5082	5149	18319
5039	5049	5054	5056	5058	5065	5069	5149	18320
5041	5051	5054	5056	5059	5062	5070	5164	18321
5045	5051	5054	5055	5058	5060	5089	5170	18322
5041	5052	5053	5055	5059	5061	5085	5201	18323
5040	5051	5054	5056	5058	5061	5069	5258	18324
5039	5052	5054	5056	5058	5060	5070	5154	18325
5042	5050	5054	5055	5058	5061	5069	5182	18326
5042	5048	5054	5055	5058	5060	5075	5223	18327
5041	5050	5054	5055	5059	5062	5087	5222	18328
5045	5050	5054	5055	5059	5060	5069	5149	18329
5039	5052	5054	5056	5058	5062	5075	5167	18330
5040	5051	5054	5055	5058	5060	5126	5284	18331
5041	5051	5054	5056	5058	5061	5069	5172	18332
5042	5050	5054	5056	5058	5065	5088	5190	18333
5042	5049	5054	5055	5058	5060	5087	5237	18334
5040	5048	5054	5055	5059	5063	5075	5149	18335
5041	5049	5054	5055	5059	5064	5088	5226	18336
5043	5051	5054	5055	5058	5060	5069	5158	18337
5044	5051	5054	5055	5059	5061	5085	5169	18338
5043	5047	5053	5055	5059	5060	5069	5172	18339
5040	5049	5054	5055	5058	5061	5086	5149	18340
5042	5047	5053	5055	5058	5061	5090	5149	18341
5044	5052	5054	5057	5058	5061	5098	5186	18342
5039	5051	5054	5055	5059	5061	5075	5238	18343
5039	5049	5054	5055	5059	5065	5075	5159	18344
5042	5051	5054	5055	5058	5064	5099	5196	18345
5039	5052	5054	5056	5059	5060	5070	5154	18346
5045	5047	5053	5055	5058	5060	5118	5149	18347
5039	5052	5054	5055	5058	5062	5088	5190	18348
5043	5047	5053	5055	5058	5060	5075	5290	18349
5041	5046	5053	5055	5058	5061	5069	5151	18350
5044	5047	5053	5055	5059	5063	5075	5199	18351
5045	5047	5053	5055	5058	5061	5069	5301	18352
5041	5046	5053	5056	5059	5061	5080	5174	18353
5041	5047	5053	5055	5058	5065	5073	5249	18354
5039	5049	5054	5055	5058	5061	5073	5175	18355
5045	5051	5054	5055	5058	5060	5097	5221	18356
5039	5049	5054	5057	5059	5064	5081	5210	18357
5045	5048	5054	5056	5058	5062	5069	5235	18358
5040	5052	5054	5056	5058	5060	5073	5161	18359
5041	5047	5053	5056	5059	5062	5088	5190	18360
5044	5052	5054	5057	5058	5062	5098	5186	18361
5042	5046	5053	5056	5059	5061	5069	5149	18362
5039	5050	5054	5055	5058	5062	5073	5149	18363
5042	5052	5053	5057	5058	5061	5082	5149	18364
5043	5052	5054	5055	5058	5060	5069	5240	18365
5040	5052	5054	5055	5059	5061	5085	5201	18366
5044	5052	5054	5056	5058	5064	5099	5188	18367
5042	5049	5054	5056	5059	5063	5075	5149	18368
5042	5047	5053	5056	5058	5062	5075	5149	18369
5039	5052	5054	5055	5058	5061	5106	5149	18370
5039	5048	5054	5056	5058	5066	5095	5149	18371
5040	5047	5053	5055	5058	5064	5073	5149	18372
5042	5049	5054	5055	5059	5065	5069	5149	18373
5044	5052	5054	5057	5059	5061	5098	5186	18374
5044	5048	5054	5055	5058	5060	5073	5161	18375
5042	5051	5054	5055	5058	5061	5069	5151	18376
5042	5051	5054	5055	5058	5061	5069	5254	18377
5044	5052	5054	5055	5058	5061	5088	5168	18378
5039	5051	5054	5055	5059	5061	5106	5149	18379
5039	5048	5054	5055	5059	5063	5085	5201	18380
5042	5047	5053	5057	5058	5065	5088	5149	18381
5043	5051	5054	5055	5058	5061	5100	5192	18382
5043	5049	5054	5055	5058	5061	5087	5191	18383
5041	5047	5053	5055	5058	5061	5085	5273	18384
5041	5046	5053	5055	5058	5060	5072	5264	18385
5041	5046	5053	5056	5058	5060	5073	5183	18386
5041	5050	5054	5055	5058	5062	5087	5191	18387
5045	5049	5054	5055	5059	5060	5069	5313	18388
5040	5052	5054	5055	5059	5060	5069	5194	18389
5041	5047	5053	5056	5058	5060	5070	5164	18390
5044	5052	5054	5055	5058	5061	5127	5291	18391
5042	5051	5054	5055	5058	5061	5078	5149	18392
5039	5050	5054	5055	5059	5061	5069	5368	18393
5042	5048	5054	5055	5058	5060	5075	5199	18394
5039	5051	5054	5057	5058	5060	5069	5287	18395
5039	5050	5054	5055	5059	5061	5075	5149	18396
5045	5050	5054	5057	5058	5060	5069	5149	18397
5042	5049	5054	5055	5058	5060	5113	5229	18398
5041	5049	5054	5055	5059	5061	5075	5159	18399
5043	5051	5054	5056	5058	5061	5069	5179	18400
5041	5052	5053	5057	5058	5064	5073	5183	18401
5041	5052	5053	5055	5058	5061	5099	5188	18402
5043	5047	5053	5055	5058	5062	5069	5295	18403
5043	5052	5054	5055	5058	5062	5070	5154	18404
5039	5049	5054	5055	5059	5064	5069	5151	18405
5043	5051	5054	5055	5058	5064	5122	5339	18406
5039	5051	5054	5055	5059	5063	5085	5169	18407
5039	5049	5054	5055	5059	5061	5085	5230	18408
5041	5050	5054	5055	5058	5060	5103	5149	18409
5044	5047	5053	5055	5059	5061	5069	5266	18410
5039	5047	5053	5055	5059	5062	5069	5262	18411
5044	5052	5054	5056	5059	5061	5071	5149	18412
5039	5050	5054	5055	5059	5064	5073	5149	18413
5039	5050	5054	5055	5058	5063	5069	5185	18414
5040	5047	5053	5055	5059	5064	5081	5210	18415
5040	5049	5054	5055	5058	5061	5069	5227	18416
5041	5050	5054	5055	5058	5063	5069	5180	18417
5039	5048	5054	5056	5059	5061	5069	5235	18418
5043	5048	5054	5055	5058	5061	5069	5248	18419
5044	5047	5053	5055	5058	5062	5069	5158	18420
5039	5047	5053	5056	5058	5060	5069	5254	18421
5045	5048	5054	5055	5058	5061	5112	5225	18422
5039	5048	5054	5055	5058	5061	5069	5286	18423
5039	5049	5054	5055	5058	5061	5118	5149	18424
5044	5047	5053	5056	5058	5062	5070	5164	18425
5043	5046	5053	5055	5059	5062	5075	5159	18426
5045	5049	5054	5056	5058	5060	5080	5149	18427
5040	5052	5054	5055	5058	5063	5081	5149	18428
5041	5050	5054	5055	5058	5062	5088	5168	18429
5044	5052	5054	5055	5058	5061	5087	5149	18430
5044	5050	5054	5055	5058	5062	5077	5155	18431
5039	5051	5054	5055	5058	5060	5122	5344	18432
5039	5046	5053	5055	5059	5061	5081	5149	18433
5042	5049	5054	5055	5058	5060	5085	5230	18434
5041	5047	5053	5055	5058	5063	5087	5149	18435
5039	5049	5054	5055	5058	5061	5122	5289	18436
5043	5046	5053	5055	5059	5064	5069	5149	18437
5039	5050	5054	5057	5058	5064	5069	5149	18438
5041	5051	5054	5055	5058	5064	5075	5290	18439
5040	5048	5054	5056	5059	5060	5069	5149	18440
5041	5052	5053	5055	5058	5060	5115	5233	18441
5044	5052	5054	5056	5058	5064	5073	5149	18442
5040	5046	5053	5055	5058	5063	5078	5165	18443
5040	5047	5053	5055	5059	5061	5086	5211	18444
5040	5051	5054	5055	5058	5063	5073	5249	18445
5039	5052	5054	5057	5059	5061	5070	5154	18446
5041	5047	5053	5055	5058	5065	5073	5149	18447
5039	5049	5054	5055	5059	5061	5085	5201	18448
5040	5047	5053	5055	5059	5060	5069	5172	18449
5039	5052	5054	5055	5058	5063	5081	5210	18450
5040	5046	5053	5055	5058	5062	5118	5149	18451
5040	5052	5054	5057	5058	5061	5069	5185	18452
5039	5048	5054	5057	5058	5060	5115	5233	18453
5039	5052	5054	5055	5059	5061	5073	5156	18454
5043	5052	5054	5056	5058	5060	5086	5216	18455
5040	5047	5053	5055	5058	5061	5069	5248	18456
5043	5051	5054	5055	5058	5064	5078	5149	18457
5042	5052	5053	5055	5058	5063	5112	5225	18458
5039	5047	5053	5056	5058	5061	5069	5151	18459
5041	5048	5054	5055	5058	5062	5077	5256	18460
5039	5052	5054	5055	5058	5062	5085	5202	18461
5043	5046	5053	5055	5059	5060	5069	5262	18462
5039	5050	5054	5055	5058	5064	5106	5212	18463
5041	5047	5053	5057	5058	5061	5086	5216	18464
5041	5049	5054	5055	5058	5064	5072	5244	18465
5039	5049	5054	5055	5058	5061	5106	5212	18466
5041	5052	5053	5056	5058	5061	5079	5176	18467
5040	5046	5053	5055	5058	5067	5070	5243	18468
5045	5047	5053	5056	5058	5062	5075	5238	18469
5039	5050	5054	5055	5058	5061	5089	5170	18470
5042	5051	5054	5055	5058	5060	5080	5149	18471
5043	5050	5054	5055	5058	5062	5073	5156	18472
5043	5047	5053	5055	5059	5064	5090	5149	18473
5044	5047	5053	5055	5058	5061	5077	5149	18474
5040	5046	5053	5055	5058	5060	5069	5187	18475
5041	5052	5053	5056	5059	5062	5069	5235	18476
5045	5047	5053	5055	5058	5060	5070	5150	18477
5039	5047	5053	5055	5059	5062	5075	5149	18478
5043	5049	5054	5055	5059	5061	5073	5156	18479
5042	5051	5054	5055	5059	5060	5079	5149	18480
5045	5050	5054	5056	5058	5061	5069	5172	18481
5042	5048	5054	5055	5058	5060	5077	5256	18482
5043	5047	5053	5055	5058	5061	5081	5149	18483
5040	5050	5054	5055	5058	5060	5088	5328	18484
5039	5047	5053	5055	5058	5061	5126	5284	18485
5044	5047	5053	5055	5059	5061	5070	5173	18486
5045	5048	5054	5055	5059	5064	5069	5149	18487
5041	5050	5054	5057	5058	5064	5082	5149	18488
5042	5047	5053	5056	5058	5060	5090	5149	18489
5041	5050	5054	5056	5058	5062	5081	5149	18490
5040	5047	5053	5055	5059	5060	5070	5173	18491
5042	5051	5054	5055	5058	5061	5069	5172	18492
5041	5052	5053	5055	5059	5064	5090	5149	18493
5043	5046	5053	5055	5059	5064	5086	5216	18494
5041	5048	5054	5057	5058	5060	5073	5183	18495
5040	5046	5053	5057	5059	5061	5075	5149	18496
5039	5051	5054	5055	5059	5061	5132	5149	18497
5045	5046	5053	5056	5058	5062	5069	5235	18498
5041	5046	5053	5055	5059	5061	5086	5149	18499
5039	5050	5054	5055	5059	5061	5088	5190	18500
5045	5047	5053	5055	5059	5067	5069	5258	18501
5039	5047	5053	5055	5058	5062	5072	5264	18502
5042	5052	5053	5056	5058	5060	5087	5149	18503
5042	5048	5054	5056	5059	5061	5070	5150	18504
5040	5052	5054	5056	5058	5061	5106	5212	18505
5039	5047	5053	5055	5058	5061	5078	5165	18506
5043	5050	5054	5055	5058	5065	5093	5177	18507
5039	5047	5053	5056	5059	5060	5075	5159	18508
5045	5051	5054	5055	5058	5061	5070	5149	18509
5041	5050	5054	5055	5058	5061	5088	5226	18510
5039	5047	5053	5055	5058	5062	5080	5174	18511
5039	5047	5053	5055	5059	5061	5069	5262	18512
5041	5052	5053	5055	5059	5060	5085	5169	18513
5041	5052	5053	5055	5059	5060	5091	5149	18514
5040	5046	5053	5055	5059	5060	5087	5149	18515
5043	5047	5053	5056	5059	5061	5069	5235	18516
5039	5049	5054	5055	5058	5061	5088	5168	18517
5041	5047	5053	5055	5059	5061	5081	5210	18518
5039	5047	5053	5056	5058	5062	5080	5149	18519
5040	5051	5054	5055	5059	5064	5088	5190	18520
5041	5051	5054	5056	5059	5061	5070	5154	18521
5042	5047	5053	5056	5058	5064	5069	5179	18522
5042	5048	5054	5055	5058	5063	5085	5273	18523
5044	5046	5053	5055	5058	5060	5077	5256	18524
5041	5046	5053	5055	5058	5061	5085	5220	18525
5042	5048	5054	5055	5058	5060	5087	5259	18526
5041	5052	5053	5055	5058	5062	5086	5149	18527
5039	5052	5054	5055	5058	5062	5069	5248	18528
5040	5049	5054	5055	5059	5064	5069	5149	18529
5043	5048	5054	5055	5058	5067	5075	5159	18530
5044	5047	5053	5057	5058	5061	5069	5248	18531
5045	5049	5054	5055	5058	5060	5085	5230	18532
5044	5052	5054	5055	5059	5061	5070	5154	18533
5039	5050	5054	5056	5059	5061	5086	5216	18534
5041	5046	5053	5056	5058	5062	5073	5161	18535
5041	5052	5053	5055	5059	5062	5069	5149	18536
5041	5049	5054	5055	5059	5061	5094	5272	18537
5043	5047	5053	5055	5058	5061	5120	5253	18538
5041	5048	5054	5056	5058	5065	5070	5149	18539
5045	5047	5053	5055	5058	5061	5106	5212	18540
5041	5048	5054	5056	5058	5060	5073	5249	18541
5044	5049	5054	5055	5058	5063	5073	5183	18542
5041	5050	5054	5056	5059	5061	5070	5164	18543
5040	5050	5054	5055	5058	5061	5069	5248	18544
5041	5051	5054	5055	5058	5064	5099	5189	18545
5044	5050	5054	5055	5058	5060	5072	5244	18546
5039	5052	5054	5055	5059	5062	5069	5149	18547
5044	5052	5054	5055	5058	5064	5076	5205	18548
5042	5047	5053	5055	5058	5060	5073	5157	18549
5042	5048	5054	5055	5058	5062	5098	5186	18550
5039	5048	5054	5055	5058	5062	5106	5212	18551
5042	5046	5053	5055	5058	5060	5072	5320	18552
5044	5052	5054	5055	5059	5063	5086	5149	18553
5041	5050	5054	5056	5058	5060	5073	5218	18554
5043	5050	5054	5056	5058	5061	5085	5201	18555
5042	5046	5053	5056	5058	5063	5071	5152	18556
5042	5051	5054	5055	5058	5060	5087	5259	18557
5045	5052	5054	5056	5058	5062	5069	5180	18558
5041	5047	5053	5055	5058	5064	5104	5204	18559
5039	5048	5054	5056	5058	5060	5069	5179	18560
5044	5052	5054	5055	5058	5062	5078	5165	18561
5041	5049	5054	5056	5059	5062	5088	5190	18562
5040	5050	5054	5056	5059	5061	5069	5149	18563
5041	5049	5054	5055	5058	5062	5086	5216	18564
5043	5050	5054	5056	5058	5064	5075	5149	18565
5043	5049	5054	5056	5058	5060	5075	5203	18566
5040	5049	5054	5055	5058	5061	5069	5163	18567
5043	5048	5054	5057	5058	5060	5075	5203	18568
5045	5052	5054	5055	5058	5061	5070	5243	18569
5044	5046	5053	5056	5059	5061	5075	5238	18570
5041	5052	5053	5055	5058	5060	5069	5331	18571
5041	5050	5054	5056	5059	5060	5087	5200	18572
5040	5052	5054	5055	5058	5063	5073	5183	18573
5042	5051	5054	5055	5059	5060	5087	5222	18574
5045	5052	5054	5055	5058	5063	5069	5180	18575
5039	5052	5054	5055	5059	5060	5087	5149	18576
5042	5051	5054	5055	5058	5064	5070	5154	18577
5039	5048	5054	5055	5058	5066	5069	5149	18578
5043	5051	5054	5055	5058	5060	5102	5149	18579
5044	5046	5053	5055	5058	5062	5069	5235	18580
5041	5048	5054	5055	5058	5062	5069	5180	18581
5042	5052	5053	5057	5058	5060	5115	5233	18582
5043	5047	5053	5056	5058	5061	5073	5156	18583
5040	5048	5054	5055	5058	5061	5098	5186	18584
5042	5052	5053	5055	5058	5063	5072	5244	18585
5044	5046	5053	5057	5058	5060	5073	5249	18586
5042	5049	5054	5056	5058	5060	5069	5209	18587
5042	5046	5053	5055	5059	5061	5075	5223	18588
5040	5049	5054	5055	5058	5062	5069	5179	18589
5040	5048	5054	5055	5058	5062	5075	5167	18590
5040	5051	5054	5055	5058	5061	5073	5183	18591
5042	5050	5054	5055	5058	5061	5140	5347	18592
5039	5050	5054	5055	5058	5062	5086	5211	18593
5040	5047	5053	5055	5058	5062	5069	5247	18594
5042	5047	5053	5056	5058	5061	5069	5151	18595
5039	5048	5054	5055	5059	5062	5075	5159	18596
5043	5052	5054	5055	5058	5060	5085	5333	18597
5041	5049	5054	5055	5059	5061	5132	5149	18598
5043	5051	5054	5056	5059	5060	5075	5159	18599
5043	5050	5054	5055	5058	5060	5072	5153	18600
5040	5051	5054	5055	5058	5062	5069	5207	18601
5041	5048	5054	5055	5058	5060	5126	5284	18602
