business_id	hour_of_day	day_of_week	is_weekend	user_elite	review_length	user_experience	city	category	price_range	alcohol	outdoor_seating
-0Ym1Wg3bXd_TDz8JtvOQg	night	6	1	1	long	high	Edmonton	Food	2	0	0
-1MhPXk1FglglUAmuPLIGg	afternoon	1	0	1	long	high	Tucson	Nightlife	1	1	1
-2ke_JDOpgTZWqirMFjZcw	night	4	0	1	medium	high	Beech Grove	Karaoke	1	1	0
-3AooxIkg38UyUdlz5oXdw	evening	4	0	0	long	high	Santa Barbara	Event Planning & Services	2	1	1
-4dYswJy7SPcbcERvitmIg	evening	1	0	1	medium	high	Philadelphia	Food	2	0	0
-6OjnX3ZdDOhHxWR60wysg	evening	6	1	1	long	high	Saint Louis	Burgers	2	1	1
-6TttC-1-rf5gC0QHWrs_w	afternoon	3	0	1	short	high	Terrytown	Restaurants	1	1	0
-7GDqSUaXrpC8Ql7nDBxWA	afternoon	2	0	1	long	high	Bala Cynwyd	Nightlife	4	1	0
-9yzQQ0d_rcOD2CzdTNO_Q	evening	0	0	0	medium	high	New Orleans	Fast Food	1	0	0
-ATiAtTikuGuqvaW2O6tNA	evening	6	0	1	long	high	Philadelphia	Sandwiches	2	1	1
-B7E8MFb47FoGcp25lXgxw	morning	5	1	1	long	high	Indianapolis	American (Traditional)	1	1	1
-CLLdRWg2JJ6QUVj33HYNg	evening	5	1	0	long	high	Harahan	Seafood	2	1	0
-CRjqZ4GxZ6lIa_qMj7-yw	afternoon	2	0	1	long	high	Philadelphia	Chinese	1	1	0
-D_L4GHXJQvy2wv0RkrupA	evening	3	0	0	long	high	St. Louis	American (Traditional)	1	0	0
-HMt-jXxUNBIkO8IUOtE-g	evening	0	0	1	medium	high	St Pete Beach	Ice Cream & Frozen Yogurt	2	0	0
-If0ps0QhOLCYVWQWs9RYg	afternoon	0	0	1	long	high	New Orleans	Restaurants	1	0	1
-JStjL-8mRZq4ov4uI1FaQ	morning	4	0	0	medium	high	Dublin	Restaurants	2	0	0
-K0zTgGyxo-AeSkcV0IVaA	afternoon	3	0	1	long	high	Chesterfield	Mediterranean	2	1	1
-Lz1eG1xyHk634wVzBD83g	afternoon	0	0	1	long	high	Plainfield	Ice Cream & Frozen Yogurt	1	0	0
-MnKKFnVjphA-yUzIMv0ew	night	4	0	1	medium	high	Nashville	Food	1	0	0
-OIUunijjcq_ZzyyQhPPFQ	evening	5	0	1	long	high	Philadelphia	Restaurants	2	0	0
-Or44IdY51Ukd618kikmtA	evening	0	0	1	long	high	Philadelphia	Restaurants	1	1	1
-Tnsc_b8dsWuAq1wQugKZA	night	4	0	1	long	high	Indianapolis	Restaurants	2	1	0
-V0vIgo6196MDn_x3ZaYmA	night	1	0	1	long	high	Philadelphia	Restaurants	2	0	0
-VGUpTEsCUE9gJk50gbU6w	afternoon	6	1	1	long	high	Philadelphia	Airports	2	0	0
-WgD54ji0_MgHWgf9WBXrQ	afternoon	4	0	1	long	high	New Orleans	Middle Eastern	1	0	0
-YjlbpEMGw_6VHAYH8gnCQ	afternoon	0	0	1	long	high	Franklin	Noodles	1	0	1
-b7A7e2zh3CDTpgChRoRKw	night	5	1	1	medium	high	Tampa	Restaurants	2	1	0
-bGw8ARHQucKWEHEkxpGFw	afternoon	1	0	0	long	high	St. Louis	Bakeries	1	0	1
-d8B04ueyxADRutlcHYewQ	afternoon	0	0	1	long	high	Doylestown	American (New)	2	0	1
-eBDRVn1mPwHFCF_hry20Q	afternoon	6	1	0	short	high	Tampa	Sandwiches	1	1	0
-eLCHvtz99fc985UNL1rTA	afternoon	1	0	1	long	high	Indianapolis	Restaurants	2	1	0
-gZPRSuaHJG7PYHAGFmqdQ	afternoon	0	0	0	medium	high	Brandon	Nightlife	2	1	0
-gx2zqPkSs-7aGZ01bDb7A	afternoon	0	0	0	long	high	Indianapolis	Sports Bars	2	1	1
-ikBycdroyTLDBHR9aC3HA	afternoon	5	1	0	long	high	Nashville	Thai	2	1	0
-kAaeJxXCtLNAo3DosoXXA	afternoon	5	1	0	long	high	Saint Petersburg	Diners	1	1	0
-kGUmgyeYcNDcuEr4FoVeA	night	0	1	1	medium	high	Sparks	Pizza	2	1	1
-kY_HDP7IMvGl-kBIZVU4A	night	4	0	1	medium	high	Santa Barbara	Coffee & Tea	2	0	0
-ksLHy9XXZVYuIVowdRc_w	night	4	0	1	long	high	Carmel	American (New)	2	1	1
-lhHSR1Aws4CyYC1XOPVTw	night	2	0	1	medium	high	Tampa	Greek	2	1	1
-mq1DwgcLU96PQbmcv3jRQ	afternoon	0	0	1	long	high	Indian Rocks Beach	Nightlife	2	1	1
-nXZLIhPQcYYJiLI3weqGQ	night	3	0	1	long	high	Pennington	Food	2	0	0
-o6bah2j6_IH9pkwANXcLA	afternoon	4	0	0	long	high	Palm Harbor	Restaurants	2	1	1
-pRU97z3uPU_M7yUf5yzMg	night	5	1	1	long	high	Tucson	Event Planning & Services	2	1	0
-rTJCKclkU_ZnoQb4oKa9w	evening	4	0	1	long	high	Saint Petersburg	Breakfast & Brunch	1	0	0
-sRtgVuwRz7JJQaHiLV9zw	afternoon	6	1	1	medium	high	Philadelphia	Coffee & Tea	1	0	0
-sSGKR1V1oBm7BJicIXozg	afternoon	0	0	0	long	high	Downingtown	Gluten-Free	2	1	1
-t9AIWJbQbpVKTV8Xoa5fw	afternoon	2	0	1	long	high	Upper Darby	American (New)	2	0	1
-ui0RWrHmm4DQPFMVh2_Yw	afternoon	4	0	0	long	high	Edmonton	Japanese	2	1	0
-xzkqW1y4L9PTAPJjJu3yQ	afternoon	2	0	1	long	high	Indianapolis	Italian	2	0	0
-y5vYOsyL4bSFxeOtQtYbg	night	0	0	1	long	high	Tucson	Delis	2	1	1
-yCrdNTk4RzUax2FJusa5g	evening	2	0	1	long	high	Saint Louis	Asian Fusion	2	1	0
00szsg8vQy6yX5f-m9sI4A	afternoon	1	0	1	long	high	Buckingham	Grocery	2	0	0
01Vnpln40zgSK6H6pAcd5Q	afternoon	6	1	1	long	high	Boise	Breakfast & Brunch	2	1	1
02jZC7oX0SbWXVFboNwFGA	night	0	0	1	medium	high	King of Prussia	Food	1	0	0
04UD14gamNjLY0IDYVhHJg	night	1	0	1	medium	high	Philadelphia	Mediterranean	2	1	0
09za1h1fdeF9rTSviTV3zg	evening	1	0	1	medium	high	Lansdale	Vegan	2	0	1
0AQJ-QTu7GtxaP4SoD07yA	evening	5	0	1	medium	high	New Orleans	Ice Cream & Frozen Yogurt	1	0	0
0BNR2_vrxuXG6I7f3Y6LZQ	night	2	0	1	long	high	NASHVILLE	Food	2	0	0
0CLCzdedGT2DPjkYM52Tqg	afternoon	2	0	1	long	high	Edmonton	American (Traditional)	2	1	1
0CeDwvLyRVgr-fq-DHk1sQ	afternoon	0	0	0	medium	high	St. Louis	American (New)	1	1	0
0F2jyiUdl8CSKQeR1KwVig	morning	2	0	1	long	high	Hatboro	Food	1	1	0
0GsYSmfpsUpnTnxYbH045A	night	0	0	0	medium	high	Sparks	American (New)	1	0	0
0HCMp7WxB7ZWtoVl5qGl1A	afternoon	4	0	1	long	high	Saint Louis	Restaurants	1	0	0
0IG9w6YCkh-z5pnfSip6Nw	evening	5	1	1	medium	high	Edmonton	Chinese	2	1	1
0JPi9cyV9i3_kDPj049_qQ	afternoon	4	0	1	long	high	Warminster	Mexican	1	0	0
0JoB3ThhI-DS78-1Ks1EUQ	evening	0	0	0	long	high	Philadelphia	Sushi Bars	1	0	0
0Kn5W22UmxOqPj2cjouFNA	night	1	0	0	long	low	Tucson	Restaurants	1	0	1
0NkRPv4QdGubH4xVD1DuNA	afternoon	2	0	1	long	high	Haddonfield	Food	1	0	1
0YiRkVMR2cg17hk9u6nGhg	morning	2	0	0	long	high	Saint Louis	Restaurants	2	0	0
0_gh-ZRllduRLrjaYy0Icg	night	6	1	0	short	high	Narberth	Gas Stations	1	0	0
0bPLkL0QhhPO5kt1_EXmNQ	afternoon	5	1	0	short	high	Largo	Food	1	0	0
0cB1kDuZCvSwpJrNdtQP8Q	afternoon	4	0	1	long	high	Indianapolis	Restaurants	2	1	1
0hCrds3sgFAYzsZolg3jcg	night	3	0	1	long	high	Tampa	Head Shops	2	1	0
0hIXH9jMdHov1VrLC8ujUg	afternoon	5	1	1	long	high	Tampa	American (Traditional)	2	1	1
0l0R_1x2RC8pEwP-OG6UxA	afternoon	0	0	0	medium	high	TAMPA	Restaurants	2	0	0
0ndzIekJs0PRPA5Aoz9sow	afternoon	2	0	1	long	high	Metairie	Coffee & Tea	1	0	0
0oogOBGXNj39Wnl2SKoe0w	afternoon	5	1	0	long	high	Port Richey	Restaurants	1	0	0
0qu0fNTOsSmuREYVIMPuIQ	evening	4	0	0	long	high	Santa Barbara	American (Traditional)	2	1	1
0s8M7TmzxKfAibuBmm2uYw	evening	0	0	1	medium	high	Franklin	Bakeries	2	0	1
0vCsslN-TYnDeOSNT4rIfg	afternoon	0	0	1	long	high	Carmel	Food	3	0	0
0wHR5cCTKdCmimhp02cQFA	evening	0	0	1	long	high	Sunset Hills	Food Delivery Services	1	0	1
0wIZdTqdL2LTPkv0avHPeA	evening	1	0	0	long	high	Bridgeton	Restaurants	2	1	1
0wQCEcpZ57TmTm6EmEDsIw	evening	3	0	1	long	high	St Charles	Food	2	1	1
0yGH62WGQy_W3JoR6L5Kew	night	5	1	1	long	high	New Orleans	Ice Cream & Frozen Yogurt	1	0	0
0z-unL2UdJn40PYiou2bnQ	night	2	0	1	long	high	Palmyra	Restaurants	2	0	0
0z1VO3Js0NdTOKLYDa15zw	afternoon	4	0	0	long	high	Indianapolis	Asian Fusion	2	0	0
0zH0l4Jbf-oove3cLvrFOg	afternoon	5	0	1	long	high	Newtown	American (New)	2	0	1
0zWAsCBzvuCI_Ydx7yH1Jw	evening	6	1	1	long	high	Philadelphia	Noodles	2	1	0
0zf4KKZqbqoxiuKzeZLDdg	night	1	0	1	long	high	Philadelphia	Italian	1	0	0
1-OSwGhAUi7w9T4Ru-IRjA	night	4	0	1	long	high	Philadelphia	Event Planning & Services	2	0	0
1-z7wd860Rii4kbEMCT8DA	afternoon	0	0	1	long	high	Boise	Breakfast & Brunch	2	1	0
10MHfI2mRKGJu_Vbm64pkQ	morning	6	1	1	long	high	Clearwater	Mexican	2	1	1
10wt8eSXI_PZfl9dRIiWmg	night	1	0	1	medium	high	Philadelphia	Pakistani	2	0	0
1165tVWCcxFvYoHT1-I2mw	afternoon	0	0	1	long	high	Nashville	American (New)	3	1	0
11zDCUJyST50gMR4xVeAhg	afternoon	0	1	1	long	high	Reno	Vietnamese	2	1	0
12_YxEYiswleR_TMtxkuHg	evening	3	0	0	long	high	Edmonton	Donairs	2	0	0
13UbOVDFdxloxaient5XWA	evening	2	0	1	long	high	Santa Barbara	Wedding Planning	2	0	0
14ZGwnDyydXdSBsLXpSUrA	afternoon	0	0	1	long	high	Philadelphia	Vietnamese	2	1	1
151ujtgcbkGzAHUnctSg4w	evening	5	1	1	long	high	Edmonton	Event Planning & Services	2	1	1
16zHT7zp6K9IEQZ1oW6xXg	afternoon	0	0	0	medium	high	Glassboro	Pubs	2	1	1
17Y8circEnkMMXKfLo8Ztg	afternoon	4	0	1	long	high	Philadelphia	Restaurants	1	0	1
196CWwMAtAcA21jYiMyRzg	evening	1	0	0	medium	high	New Orleans	Restaurants	2	1	1
19fHbf0qzihtEtXQZ2ntww	afternoon	2	0	0	long	high	Wilmington	Nightlife	3	1	0
1CRaUspmxoegNBUnLkBAyA	night	3	0	0	long	high	Swansea	Chinese	1	0	0
1DFvkUjtsqNRNlORaUYlFQ	afternoon	0	0	1	long	high	Philadelphia	Modern European	2	1	0
1DkolDhbc0kydORZCIp7Fw	afternoon	4	0	1	long	high	Philadelphia	Food Stands	1	1	1
1ENdYUfYzDu9yyI3-MVklA	evening	1	0	1	medium	high	Philadelphia	Juice Bars & Smoothies	2	0	0
1Efad30BdOeqqjX2d6P4sw	afternoon	0	0	1	long	high	Palm Harbor	Vegan	2	1	0
1FURjeGJi_LBXcJQg8eskw	evening	3	0	1	medium	high	Carpinteria	American (Traditional)	2	1	1
1IjHo5kaSdFxJkJotU4O7A	night	2	0	1	long	high	Tampa	Restaurants	2	1	1
1JtpcHELRrSDoWS80WtzuQ	evening	4	0	0	long	high	Goodlettsville	Food	2	1	1
1LVMlrAQeqLgiwFu06kFfw	night	1	0	1	long	high	Edmonton	Restaurants	2	1	0
1MeIwdbTnZOBFCKOrgaxuw	evening	0	0	0	long	high	Saint Louis	American (New)	2	1	0
1NCUTTp6rIyXpwUDVv9qOA	afternoon	0	0	0	medium	high	Philadelphia	Pizza	1	0	0
1OgRJcJ2tsfkZn5tCjhNKg	evening	3	0	0	long	high	Media	American (Traditional)	1	1	1
1P4ojqt6KpyIppTeh6r3Dw	evening	5	1	1	medium	high	Westmont	Shopping	2	0	0
1P_mGUY1PyPq7_ZabrzpBw	evening	5	1	1	medium	high	Saint Louis	Italian	3	1	1
1Pxg1AMf0rEn9QF__ZYoWw	afternoon	2	0	1	long	high	Nashville	Japanese	2	1	0
1QVB0_-piu0GXes87BXeGw	evening	0	0	1	long	high	Safety Harbor	Hot Dogs	1	0	1
1QprdzNzcYKRcSTIfh5BGw	afternoon	1	0	1	long	high	Philadelphia	Tattoo	1	0	0
1QtF1bFgzG3Jo0-L4kv0Cg	afternoon	2	0	0	medium	high	Indianapolis	Restaurants	1	0	0
1SwfAYI1HGDyJKHmdRXI5Q	afternoon	2	0	1	medium	high	Indianapolis	Burgers	1	1	0
1T9F7iLDFAYWJvif1RKneg	afternoon	6	0	1	long	high	Indianapolis	Restaurants	2	1	0
1UNorskttXSWuEcgzKzXcA	evening	0	0	1	long	high	Philadelphia	Lounges	3	1	1
1Ye_elsSB-XjKgWAHDwPbw	afternoon	2	0	0	medium	high	New Castle	Restaurants	2	1	0
1YfILky5n_7V3MHs8gzwMw	afternoon	0	0	1	medium	high	New Orleans	Food	2	0	0
1_hDCN3iioFR3XnUr32ZtA	afternoon	0	0	1	long	high	Saint Petersburg	Fast Food	1	1	1
1aZFm_mhhxIoAdeRBMJ7Tg	night	1	0	1	long	high	Hatboro	Food	1	0	0
1aps22WlhV4bHPaEQZxkKQ	afternoon	2	0	0	medium	high	Saint Louis	American (Traditional)	2	1	1
1bJxvwuMTyXmQGu90WLPhA	afternoon	0	0	1	long	high	St Charles	Seafood	2	1	1
1ddqdY_piKp-abaZ-bGRSA	evening	5	1	0	long	high	New Orleans	Steakhouses	3	1	0
1feuZITxuTrl9mr7V11kwQ	night	1	0	1	long	high	Tucson	Coffee & Tea	1	0	1
1gWUE5Avh_pswlHhf813EQ	afternoon	0	0	1	long	high	Greenwood	Restaurants	1	1	0
1ig2AJg8A08_XA3pFAMiRQ	afternoon	4	0	0	long	high	Franklin	Steakhouses	3	1	0
1l5AyvTM4ZTeOVuFxadizA	night	5	0	1	long	high	Clearwater	Sandwiches	2	1	1
1lC4dy6jlB2tBdBWbocO7Q	night	5	1	1	medium	high	Largo	Restaurants	1	1	1
1lXdhiMNyUxtBlEAeRYCvQ	evening	4	0	1	medium	high	Franklin	Restaurants	2	0	1
1pkuCWlH3iEuUAQVHpIuHQ	afternoon	1	0	1	long	high	Philadelphia	Cantonese	1	0	0
1rLip0b2JU4Golydi7rS5g	evening	5	1	0	medium	high	Conshohocken	Restaurants	1	0	0
1skzWN0fxGgZNRE53Y_3gw	evening	2	0	1	medium	high	Saint Louis	Breweries	2	0	0
1w1H1kYUN60zpfdP-0qmGQ	afternoon	4	0	0	medium	high	Philadelphia	Restaurants	1	0	0
25btSWnOGwwB2IQMXF7A-A	afternoon	0	1	1	medium	high	Wilmington	Grocery	2	0	0
2A35Yi7mHQu9uT61M7VQow	afternoon	6	1	1	long	high	Nashville	Restaurants	1	1	0
2AYNaQcQcR1UqIt7TOpOhg	afternoon	4	0	1	medium	high	Edmonton	Food Delivery Services	2	0	0
2Cd4sRn-dI0OkoLxmTi3bg	evening	3	0	0	long	high	Tampa	Breakfast & Brunch	2	1	1
2D4xIM1ahHTQa6iV4m3p9Q	afternoon	6	1	1	medium	high	Philadelphia	Juice Bars & Smoothies	1	1	0
2FnoLyEO0nq7g2Wz8x7Z5A	evening	3	0	1	long	high	Bala Cynwyd	Juice Bars & Smoothies	2	0	1
2GYg3liJ9-m6Z67L_4_BRQ	afternoon	0	0	1	long	high	Philadelphia	Pets	2	0	0
2H27tAaTNGaq3gYuG3HV5A	afternoon	0	0	1	long	high	Harahan	Restaurants	2	1	0
2J6x5uYTXbJzTHbQN1W6eA	afternoon	6	1	1	long	high	Saint Louis	Coffee & Tea	1	0	1
2KIDQyTh-HzLxOUEDqtDBg	evening	1	0	1	long	high	Saint Petersburg	Specialty Food	2	1	0
2PFkue1wjcpxW-oHHebG5g	afternoon	4	0	1	long	high	Conshohocken	Japanese	2	0	0
2Q1R2OhBbAQ581vK_r7NhA	evening	0	0	1	medium	high	Willow Grove	Sushi Bars	2	0	0
2QWJsN0yk0FkkSUO_xVMKw	evening	1	0	1	long	high	Saint Louis	Pizza	2	1	0
2SYEGA2fZLdzZQ9lmIfM5Q	night	3	0	0	long	high	Philadelphia	American (New)	2	1	1
2UGuPfS6W6pnnPBrLr3Vag	morning	2	0	0	long	high	East Norriton	Food	2	0	0
2W0P6hXCbE6EgP5R6y9eBw	afternoon	0	0	1	long	high	Indianapolis	Pizza	2	1	0
2W7n0OxSfwseTHcJT8aLFw	night	2	0	0	long	high	Voorhees	Food	2	0	0
2XYPFRm7teCUr3eGsB2-qw	afternoon	3	0	1	long	high	Blue Bell	Thai	2	0	1
2brttsiFBlW8070dsPzQDA	afternoon	0	0	1	long	high	Indianapolis	Breakfast & Brunch	2	0	1
2cpdYwMOeKQtiMDvm39nKg	evening	5	1	1	long	high	Tucson	Burgers	2	1	0
2dlQX5sP9X6Dlm1MmNOlSw	night	0	0	1	medium	high	Philadelphia	Food	1	0	1
2er_V-oAd7IbQ5YTY56r7A	afternoon	4	0	1	long	high	Philadelphia	Restaurants	2	1	1
2fTfpN5SggLgW4LlzptMPg	afternoon	0	0	1	long	high	Edmonton	Nightlife	3	1	1
2gSywqDgDg97hT3ZOM-AIQ	morning	1	0	1	medium	high	Indianapolis	Restaurants	2	0	1
2iQucreJtTqbEsLczhsgrA	evening	1	0	0	long	low	Indianapolis	Indian	2	1	0
2jvmqojTdrdj3YboXzKRcw	evening	3	0	0	long	high	Exton	Restaurants	2	1	0
2kOGFDJ9v4T9AzuKWhwl2g	afternoon	2	0	1	medium	high	Metairie	Food	1	1	1
2kuhZOrWcLYe_XePccr4lA	afternoon	2	0	1	long	high	Tampa	Restaurants	2	1	1
2nUzpVFZVyGoD-RVhz-1KA	afternoon	0	0	1	long	high	Kirkwood	Burgers	2	1	1
2rQFgavS-942RapZTBSBTw	afternoon	5	0	1	long	high	Bryn Mawr	Italian	2	1	1
2tg6sMQr9rrXVXmgrqBYmg	morning	1	0	1	long	high	Saint Petersburg	Pubs	2	1	0
2wEnpf2eu98rcYc540UN3Q	night	1	0	1	long	high	Tucson	Restaurants	1	1	1
2wwhMKlfpOd0dpk_AQdt8w	morning	3	0	1	medium	high	New Orleans	Nightlife	3	1	1
2x3wM06LEbaAR81AeKk44w	evening	0	0	1	long	high	Saint Louis	Pizza	2	0	1
2xVsWBNFwZOxIOdd9Mwnww	afternoon	5	1	1	medium	high	Exton	Restaurants	2	1	1
2zocwC7qMq3LsivPn9Z-Eg	afternoon	1	0	1	medium	high	Wayne	Restaurants	1	0	0
33JlrWf0kmHd2VzW58Wp0g	afternoon	4	0	1	long	high	Saint Louis	Bars	2	1	1
34Eqv8jXgxg_EEwcsNgeeg	night	0	0	0	long	high	Santa Barbara	Health Markets	2	0	1
35GCFtezJ3upyqGf-zJ8MA	evening	0	0	1	medium	high	St. Petersburg	Food	2	1	0
37BpNvlEAT6WVGsksrHbBQ	night	0	0	0	long	high	Nashville	Sushi Bars	2	1	1
37yDMpWI6HBO2iW8slv7_Q	afternoon	1	0	1	long	high	University City	Juice Bars & Smoothies	1	0	1
3BJxm-HnvzdwD1zjmSbmyQ	afternoon	2	0	1	long	high	Philadelphia	Restaurants	1	0	0
3C9l3PNoadQ9U2JEb-Qtpg	evening	0	0	1	long	high	Carmel	Restaurants	2	1	1
3CYCAfxR4aoNb7gCIsN8pg	evening	1	0	1	medium	high	St. Petersburg	Convenience Stores	2	0	0
3CsBRtDT5WOUu8IY0mHhXw	night	5	0	1	long	high	Philadelphia	Pizza	1	0	1
3ICKvnjPqlnelsJ-WJntmw	evening	0	0	1	long	high	Saint Louis	Asian Fusion	2	1	1
3JwRFu53hgEisf_SRBPIew	afternoon	4	0	1	long	high	Glassboro	Food	2	0	0
3OGzmGqWwsyGLkhnxrA9Pw	evening	0	0	1	long	high	Tampa	Pizza	2	1	0
3PlpoDgeAQAreL8FM2LelA	evening	2	0	0	long	high	Reno	Sushi Bars	2	1	0
3Ry5aKcMuTdp9m1E7n_WiA	evening	4	0	0	long	high	King of Prussia	Food	2	1	0
3SHw4aZW_muE1kRSLQQjjA	afternoon	0	0	0	medium	high	TAMPA	Breakfast & Brunch	1	1	0
3VKE0_-KhU_qMYHxcyVcDg	afternoon	5	1	0	medium	high	Philadelphia	Seafood	2	0	0
3WfH4I8OmHMjTIFhPgh4Tw	night	1	0	1	long	high	Tampa	Bakeries	2	0	0
3Yogz58lIto-kceF2y-THg	afternoon	0	0	0	long	high	Edmonton	Chinese	2	0	0
3Z59UMun90xRiSU1XX8rhQ	afternoon	3	0	1	long	high	Huntingdon Valley	Food	2	0	0
3ZynJ94VpIdDlaArmEp2Rg	night	1	0	1	long	high	Philadelphia	Food	2	0	1
3_kZ2pDiKJLZ9kGKKOWqdA	afternoon	0	0	1	medium	high	Eddystone	Restaurants	1	0	0
3_y-iyx2kXmhdgVOZHvm4g	night	2	0	1	medium	high	Yardley	Grocery	3	0	0
3c9TiufCFT2yXXj3R08Vwg	afternoon	2	0	1	long	high	Plant City	Southern	1	1	0
3gTZAOmML02T1L5gYIHYqQ	night	1	0	1	long	high	Edmonton	Middle Eastern	2	0	0
3kFs_QlJ64oZ2qPu0WqaWw	night	3	0	0	long	high	Lutz	Food	1	0	1
3kiB39JzdovdlOhQj-nMCw	afternoon	1	0	1	long	high	Philadelphia	Restaurants	1	1	0
3l5bv6_5WNc4NtMiTOESSw	morning	2	0	1	long	high	West Chester	Beer	2	0	0
3lBooCffgkW7tVSG5kILBA	afternoon	4	0	1	long	high	Philadelphia	Restaurants	2	0	0
3ld-M9oahBBBBaSPm-zXnw	night	6	1	1	medium	high	New Orleans	Nightlife	2	1	0
3m72qrDirMZDOhaG3FR6HQ	night	4	0	1	long	high	Voorhees Township	Restaurants	1	0	1
3sdlpskDaXr1P59BYjGoFw	afternoon	6	1	1	long	high	Philadelphia	Burgers	1	0	0
3uvFklejzRPwEPEZQ5vHYQ	evening	4	0	1	long	high	Media	Delis	2	0	0
3wogQmKw729tKKWaVbZvbg	evening	2	0	1	medium	high	New Orleans	Herbs & Spices	2	0	1
3y61A28PQDZ4weeeTRfIlA	afternoon	1	0	1	long	high	Indianapolis	Restaurants	2	1	1
3yI-7C8JzbG-ZaSqAGHMAQ	evening	0	0	1	medium	high	Tampa	Restaurants	1	0	0
3yJYL99Dmq0ofHkcqyPtjw	night	1	0	1	long	high	Kenner	Sandwiches	1	1	0
4-y4Jj8hNuVIFktoYnm3-Q	evening	5	1	1	long	high	Indianapolis	Pizza	1	0	1
45siW2fI0Cuv5ZKCS23knA	evening	2	0	1	long	high	Saint Petersburg	Local Flavor	2	0	1
45tvAZaoMo0VhsJvPHf9sw	evening	3	0	0	long	high	Philadelphia	Ice Cream & Frozen Yogurt	1	0	0
46_2e1hnQ4csLrYnhn6bkw	night	2	0	0	long	high	Philadelphia	Restaurants	2	1	1
4BVjCMSKc4eJGfJldPB_hA	afternoon	3	0	1	long	high	Edmonton	Restaurants	2	1	0
4DVN5Uun3i-nmTIIOBhHog	evening	6	0	1	long	high	Tampa	Caterers	2	0	1
4FhRbipPKfjk9absHHrfaA	evening	4	0	0	long	high	Clearwater	Restaurants	2	1	1
4Hyfm0Ly3yo96RJTVShTIA	evening	0	0	0	long	high	St. Petersburg	American (Traditional)	2	1	0
4JQ0hePJAlBepDzb20_32g	night	1	0	1	long	high	Ruskin	Nightlife	2	1	1
4LuzS6VevvwSmB71KbGyVQ	afternoon	1	0	1	medium	high	Mount Juliet	American (Traditional)	1	0	0
4MbKIpdVPz4OkoyS24fEEg	evening	5	1	0	medium	high	Seminole	Restaurants	2	0	0
4NidY2tw42l6iobbtai_kA	evening	1	0	1	medium	high	New Orleans	Tapas/Small Plates	2	1	0
4PfDVXUiHTslBmKpp1Ckiw	afternoon	6	1	1	long	high	Nashville	Breakfast & Brunch	1	1	0
4RMHlggaIdNibPUJPVEd6w	afternoon	6	1	1	long	high	Philadelphia	American (New)	2	1	1
4SQ5uczVt66-GGGeNQRfEA	afternoon	6	0	0	long	high	Philadelphia	Nightlife	2	1	1
4S_yN5o0EvXvV6GNvesTKw	evening	5	1	0	medium	high	Philadelphia	Restaurants	2	1	0
4SneIG3-02kRCgQx-hu51Q	afternoon	2	0	1	long	high	Langhorne	Steakhouses	2	1	0
4TQMOy00KD_54xSFwKgMZw	night	6	1	0	medium	high	Philadelphia	Restaurants	2	0	1
4WdDY97x4GdMYtyk1KQMnw	evening	3	0	1	long	high	New Orleans	Cafes	2	0	0
4ZVApGFcZ-mPVGKqZWRqvg	night	6	1	1	medium	high	New Orleans	Chicken Wings	1	0	0
4_W5pstoN1166TGjjPOrMg	evening	0	0	1	long	high	Philadelphia	American (Traditional)	2	1	1
4cK4FDxVNZxGDK-TFHzw5g	afternoon	6	1	1	long	high	Glenolden	Fast Food	1	0	0
4dJedd_98CQJCKTEu1BkEQ	night	3	0	1	short	high	Franklin	Meat Shops	1	0	0
4dVrWc4Nhuw9apfk9BWEcA	night	3	0	1	medium	high	Tarpon Springs	Grocery	2	0	0
4fQPIhCh2bUJBZcxQlLGFQ	evening	5	1	1	long	high	Carmel	Buffets	1	0	0
4fUok5d5vgdQEb1Bzzg0rA	night	0	0	0	medium	high	Kenner	Restaurants	2	1	0
4iTsgayXGV8zYppognuQXg	night	4	0	1	long	high	Radnor	Food	2	0	0
4ib9kGHlwqWPalWjh-dZhQ	night	4	0	0	long	high	Palm Harbor	Restaurants	2	0	0
4oh1vo3mQwhJ7lC3gtw73w	evening	0	0	1	medium	high	Nashville	Active Life	2	0	0
4pttw53YrhH253K15D9_wg	afternoon	4	0	1	medium	high	Tucson	Fast Food	1	0	1
4puDEkq0E27Nrq5nQiVqzg	evening	3	0	1	long	high	Indianapolis	Restaurants	1	0	0
4s4KAGJgtpZn9cgtdWcOmw	afternoon	1	0	1	long	high	Indianapolis	Food	1	0	0
4sLW6iLkh5ELw0XvuwGyrA	evening	0	0	1	long	high	Bensalem	Venues & Event Spaces	3	1	0
4ulvTVp4_eXb3XVMrXfRyQ	afternoon	5	1	1	long	high	St Petersburg	Event Planning & Services	2	1	1
4xEJiEQERBvr2jAZQSeF2g	evening	2	0	1	long	high	Saint Louis	Tapas/Small Plates	2	1	1
50TGaB-hcv4R3QiWUmIP_w	afternoon	0	0	1	medium	high	Indianapolis	Indian	2	1	0
53A7Yne_S_KizF3i-sDzgg	night	4	0	1	long	high	Nashville	Restaurants	3	1	1
54XgUhaR0kDqw8bgbAEAtg	afternoon	2	0	1	long	high	Metairie	Seafood	2	1	1
56q_auFAzhHK9Dvrs03AVA	evening	6	1	1	long	high	Indianapolis	Breweries	2	0	0
5AOkxsg6UJQ_CoJTMBDUmQ	evening	4	0	1	long	high	New Orleans	American (New)	3	1	1
5BWh2ViME8lAm1G1SDVtSg	afternoon	0	0	0	long	high	Edmonton	Jazz & Blues	3	1	0
5BmQX4UVJY19mMtafMg7JA	night	2	0	1	long	high	Edmonton	Specialty Food	2	0	0
5FDt7sy-70y4_37Dh2qcbw	evening	6	0	1	long	high	Indianapolis	Latin American	1	1	0
5FuQbcHTF_I7PWJzhCMObw	night	3	0	1	medium	high	Philadelphia	Cheesesteaks	1	0	0
5IFqqWJTaPNoY2ZgRlX73w	afternoon	1	0	1	long	high	Wilmington	Restaurants	2	1	0
5JiFbBsbUdb-caBZWRyMSw	night	0	0	0	medium	high	Tampa	American (New)	2	1	1
5NSA0-aOjOVQWJYIr8hA-Q	night	2	0	1	long	high	Jefferson	Diners	1	0	0
5O09IoKwgQkm3aR_Ir5_2w	night	4	0	1	long	high	Tucson	Breweries	1	0	0
5ODCsQbRdsFIWlypGF3iUw	night	1	0	1	long	high	Wilmington	Food	2	1	1
5QCLmv-JrdY0ZGc_D5__iw	afternoon	0	0	0	long	high	Dunedin	Coffee & Tea	1	1	0
5QKzE17vyeQbxtZs-yKV1g	afternoon	0	0	1	medium	high	Paoli	Vietnamese	2	0	1
5RtAJPXFLTzwALIe1mtNuA	night	2	0	0	long	high	Wilmington	Sandwiches	2	1	0
5RvGRnsQGVqh0FM6ij3GiA	afternoon	3	0	1	long	high	Indianapolis	Food	2	1	1
5RzJ2bjU8bLSaN5SuiUpYA	afternoon	6	0	1	long	high	Indianapolis	Event Planning & Services	2	1	1
5S3Cc7EsEo66BSL7s6iF-w	afternoon	0	0	1	long	high	Philadelphia	Bubble Tea	1	1	0
5TVWytR2oNbSKYgfxypuBw	night	5	0	1	long	high	Saint Louis	Cafes	2	0	1
5X43mcuo8-oq9NUZi5m7Jg	night	2	0	1	long	high	New Hope	Food	2	1	1
5YsyW95SpCiLhpYYuZ3GBQ	afternoon	4	0	1	medium	high	Tucson	Food	1	1	1
5Z-z5-ZYmrJ8RW_oOpp9lQ	afternoon	2	0	1	long	high	Oaks	Sandwiches	1	0	1
5cpiSREZioyiHVHXJ9WRqA	evening	4	0	1	long	high	Nashville	Restaurants	1	0	0
5eHCzcKiJ0hQvy6qjYuMSQ	afternoon	1	0	1	long	high	Clearwater	Vietnamese	1	0	1
5eldbLrF_oodWvu1VuEP8w	evening	3	0	1	long	high	Philadelphia	Restaurants	3	1	0
5ezrDoezdUlJpUa5Jg6dUQ	afternoon	2	0	0	long	high	Philadelphia	Nightlife	2	1	0
5gFINQunzrgFOxI20Dr5Uw	night	2	0	1	long	high	Edmonton	Restaurants	1	1	0
5iuo1kvv0XZMS0bUOoLz2Q	afternoon	3	0	1	medium	high	Philadelphia	Restaurants	2	1	0
5l67axuAa5EmEV3lLuSa1Q	evening	0	0	1	long	high	New Orleans	Burgers	1	0	1
5m9QeYTx52m50MMR3Rr_wA	evening	2	0	0	long	high	Reno	Delis	1	1	0
5mfkdR_YjnxHUWlNIKnaDQ	afternoon	5	1	1	long	high	Saint Albert	Chinese	2	1	0
5nlpLTaOXgDQgKBHhAzm2g	night	1	0	1	long	high	Edmonton	Fast Food	2	0	0
5nqmmrrm5Ux4i21w-xndPQ	evening	6	1	1	short	high	Saint Louis	Sandwiches	2	1	1
5qmNrtr0iNyhCk6ky3c97w	evening	0	0	0	long	high	Franklin	American (Traditional)	2	1	1
5ruJkVZeGooUlKf4M-O6gg	evening	2	0	1	medium	high	St Louis	Restaurants	1	1	0
5ue5s7yFGjQ_CjeVGGhPFg	afternoon	0	0	0	medium	high	Clearwater	Food	1	0	1
5v9Voa4a5MON7mAQO3gV3A	afternoon	1	0	1	long	high	Chester Springs	Sandwiches	2	1	1
5wgoIQXyP3BEPZLiVi1W8A	night	0	0	1	long	high	New Orleans	Arts & Entertainment	2	1	1
5xdd5KXz1TXmRI47M-VO2A	morning	3	0	1	long	high	Indianapolis	Fast Food	1	0	0
5xokROlB8Zo5T-_qbHzsrQ	night	6	0	1	long	high	Tampa	Food	2	1	1
60NzhNKEQJNBA9ZfvJieDg	afternoon	3	0	0	medium	high	Downingtown	Event Planning & Services	2	0	0
62o8oBwkQcbO3w6uoYP3FA	night	0	0	1	medium	high	Maryland Heights	Nightlife	2	1	1
62pABDhLkUPAcNgxum_mpw	afternoon	1	0	1	long	high	Saint Louis	Restaurants	3	1	1
64i1xdiU1Wvo1Cuu0erFGA	afternoon	5	1	1	medium	high	Cherry Hill	Japanese	2	0	1
68ThEdiK0eWCEgGEmV9Tng	afternoon	0	0	1	long	high	Philadelphia	Breakfast & Brunch	2	1	1
6ARExqRpraWPkh5wqpfJnA	night	3	0	1	long	high	Reno	Food Trucks	1	1	0
6CsLAjWXFlLpErBZEmGQ5g	afternoon	0	0	1	long	high	Philadelphia	Indonesian	1	0	0
6FvC6w810uf6O7Ocd6Wpog	evening	0	0	1	long	high	St. Louis	Food	2	1	1
6HRbMeGq5Y4hqRkgXnG6Ig	afternoon	1	0	0	long	high	Tampa	Restaurants	1	0	0
6LCZLGa09Qifn6rG7-DNrg	afternoon	6	0	1	long	high	Philadelphia	Thai	2	0	0
6LyhttbsQn6a6PDxQDojCw	evening	0	0	1	long	high	Smyrna	Sushi Bars	2	1	0
6N9T23_iXkcOCh6boAXpIg	evening	1	0	0	medium	high	Tucson	Restaurants	2	1	1
6OBV0LXFHVQoUWuQxJxtwA	night	4	0	1	medium	high	Mt. Juliet	Thai	2	1	1
6USj3cqHAf2HkjBNomafRA	evening	0	0	1	medium	high	Nashville	Asian Fusion	1	1	1
6dDC5PSmPEoJYuM8r8dN_A	night	1	0	0	medium	high	Reno	Food	3	1	0
6g3pHoyXeMXFC7WD0rbJMA	night	0	0	1	medium	high	Philadelphia	Chinese	2	0	0
6h98Tb1tE6hcrS-Ho_MKLw	afternoon	4	0	1	medium	high	Saint Petersburg	American (Traditional)	1	0	1
6iqDIQCE8sq7Xq1xvhG1Tg	afternoon	0	0	0	long	high	Reno	Italian	2	1	0
6kAXOzE7fqaBZINQV_-_mg	afternoon	6	0	1	long	high	Nashville	Vietnamese	1	1	0
6mCsrUp9Vl4iXMbOxWtVjA	afternoon	5	1	0	long	high	Nashville	Restaurants	1	1	0
6tkLSbQ_EPc6PM9vGrHK8A	evening	0	0	1	long	high	Reno	Shopping	2	0	0
6w8vHi5LzY0in7iFcGdpug	evening	1	0	1	long	high	Metairie	Snow Removal	1	0	0
6wU-38iNIVOOX0AFhUYsLQ	evening	3	0	1	long	high	Edmonton	Organic Stores	2	0	1
6yw6rcys6FuMnbatD0lEcA	evening	5	1	1	long	high	Ferguson	Food	2	0	1
7-cD0S7vJlUOuTpF2vQLOQ	evening	2	0	0	medium	high	Tucson	Fast Food	1	1	0
71MulAHeKm5p2kIIGYEwpA	night	1	0	1	long	high	Edmonton	Bakeries	2	0	0
71U7MxQEhwitJOm4CQpRwQ	evening	5	1	1	long	high	Tampa	Japanese	2	1	1
71q2UD1A7KL2q4AA8mPobQ	night	0	0	1	long	high	Saint Louis	Pizza	1	1	1
720J1v3TX-J95cdTJbCpKA	afternoon	4	0	1	long	high	Nashville	Sushi Bars	2	1	0
72Y65Cg8MO1t9cWCHpwEQQ	afternoon	0	0	1	medium	high	Indianapolis	Italian	1	0	1
741j8hEICpMzo1N4guth2g	night	3	0	0	long	low	Saint Louis	Restaurants	1	1	0
77drWZJuh-a1osUOrd7oQw	afternoon	6	1	0	long	high	Skippack	Restaurants	2	1	1
78e90HO_R40SyzBr4fnHSA	afternoon	0	0	1	long	high	Indianapolis	American (New)	2	1	1
78kUZU8GPfHgoYO_2CNbuQ	evening	1	0	1	medium	high	Philadelphia	Ice Cream & Frozen Yogurt	1	0	0
7A-q7-bajt0NxMy36dUfIw	morning	4	0	0	medium	low	Merchantville	Restaurants	1	0	1
7AZew3Fh4k7wWKcXUqp45A	afternoon	2	0	1	medium	high	Oldsmar	Food	1	1	1
7BdU02Hf1QQx5YE3WYGcxQ	afternoon	2	0	1	medium	high	Tampa	Fast Food	1	0	1
7BiIK58dZNSICPN4n4qWmw	afternoon	1	0	0	long	high	Nashville	Japanese	2	1	0
7Du9oW73YcYFmXdtU5aiSg	evening	1	0	0	medium	high	Saint Petersburg	Japanese	2	1	0
7ELSYoA2CZx8UPSLrvhOXg	morning	2	0	1	long	high	Newark	Restaurants	1	0	0
7EhTT4iEuA7JaaWA-eI3Qw	evening	5	0	1	long	high	Pinellas Park	Food	1	0	1
7FHjj04Wy2aqXl22NA_C0g	afternoon	2	0	1	long	high	Indianapolis	Grocery	1	0	0
7GmQ9LYOoHuvsiaIJuLykQ	evening	0	0	1	long	high	New Orleans	American (Traditional)	2	1	1
7IGODjRWVo96UF71P_nJqg	afternoon	2	0	1	long	high	Brentwood	Food	2	0	0
7IdIGemGZodDAA_9mJCigA	afternoon	6	1	1	long	high	Santa Barbara	Breakfast & Brunch	2	1	1
7J81xJFlMM244_f05k2egw	evening	0	0	0	medium	low	Philadelphia	Dive Bars	1	1	0
7L1kXfwU5XM6f6Jxo_L7Yg	afternoon	1	0	1	long	high	Tucson	Latin American	2	1	1
7OrS8FzIChQmkVgTxOew6w	night	4	0	1	long	high	Tucson	Restaurants	1	1	1
7PK3ZTsEAEgrGjfFR9xBfg	afternoon	5	1	1	long	high	Dunedin	Farmers Market	1	0	0
7R_LxvRPu3qMc8xMhP0POw	night	3	0	0	medium	high	Indianapolis	Steakhouses	4	1	0
7UxNDF6ZpabC3O0-Qbg3Xw	afternoon	3	0	0	long	high	Lumberton	Restaurants	2	0	0
7WZ5EGb-Xk_uxQTWc52P4w	afternoon	5	1	1	long	high	Brookhaven	Restaurants	1	1	0
7YhxsxMgrYJsu71nadfuTQ	afternoon	0	0	1	long	high	Pinellas Park	Restaurants	2	1	0
7ZAIFmz5fBaCvCGXrJZBkg	afternoon	0	0	0	medium	high	Tampa	Beer	2	0	0
7apWV3_bxbRcC2MemII9dQ	afternoon	0	0	1	long	high	Saint Louis	Mediterranean	2	1	1
7clCBgNbd-x2Wj96lZ6Mjw	afternoon	2	0	1	long	high	Indianapolis	Food	2	1	0
7crp8LZA4HbkMAKyh8Wcdg	afternoon	3	0	1	long	high	Philadelphia	Restaurants	1	0	0
7e4Z9_qGA0Vjb8xlFC61PA	evening	0	0	1	long	high	Philadelphia	Ethnic Food	3	0	0
7kko-9WTh53VZ_PmrffrSQ	evening	2	0	1	long	high	Edmonton	Breakfast & Brunch	2	1	1
7kv0_b00dLOqKxaHb7Xfeg	afternoon	4	0	1	long	high	Indianapolis	Food	1	0	1
7l-j0MBJr8KR7Hzk4uaaAQ	afternoon	1	0	0	long	high	Metairie	Food	1	1	0
7lwe7n-Yc-V9E_HfLAeylg	afternoon	1	0	1	long	high	Philadelphia	Restaurants	2	1	1
7mpYTDb24SywNMRn3yeakQ	afternoon	0	0	1	long	high	Philadelphia	Event Planning & Services	2	1	1
7pTSUbvuKYowZfN0bGSy8w	afternoon	2	0	1	long	high	Tampa	Desserts	2	1	0
7rtrGGsUkVWZFHJaEArJ7g	night	3	0	0	medium	high	Trappe	American (Traditional)	2	1	1
7sKfrJmjG6unAQeWdQUe2w	night	0	0	0	medium	high	Philadelphia	Pizza	1	0	1
7sak6hzo7YKcgDsngUov1A	evening	3	0	1	long	high	Edmonton	Delis	2	0	0
7tN8hIXdQlfc7Lf5OOyjeg	afternoon	2	0	1	long	high	Tampa	American (Traditional)	2	1	1
7utsfp2dXJ09j8Gb9hAIvA	afternoon	1	0	1	medium	high	Bridgeport	Restaurants	1	0	0
7wpTBtY2kiMXmW42zvL-fw	night	5	0	1	long	high	Kenner	Restaurants	2	0	0
7yPzOek7Af2dKWGYKpcHWA	afternoon	0	0	1	long	high	Philadelphia	Restaurants	2	0	0
7zzSq-37WyMeSRrN8-zd6Q	evening	6	1	1	medium	high	Boise	Mexican	1	0	0
8-AIbFaP6GP9BwHZdclBog	evening	5	1	0	long	high	Cherry Hill	Specialty Food	3	0	0
8-j10_I745ITrczbkfD-Pw	afternoon	3	0	1	long	high	King Of Prussia	Indian	2	0	0
85-swIyLL-r4Fm5MmCvR9A	afternoon	0	0	1	long	high	Pinellas Park	Delis	1	1	1
85HTEU6hNsdK4gv1A4Cfww	evening	1	0	1	long	high	Tampa	Food	2	0	0
89COhCW-cAD5-fTXPfXYTw	afternoon	0	0	1	long	high	Maplewood	Donuts	1	0	0
8AKqLWMjkvzZ0TMakov2xg	afternoon	2	0	1	long	high	Tucson	American (New)	1	1	1
8Ak2iPlR4fCziMQZ11ohAA	evening	4	0	1	long	high	Philadelphia	Restaurants	3	1	0
8G4mt9y5mRg161XBs-hePw	evening	4	0	1	long	high	Valley Park	Food	2	1	0
8JEOmVGQffkr6xtn4vvplQ	afternoon	5	1	1	medium	high	Ruskin	Kebab	1	0	1
8JoO_AUqcqjwHiMrRvaGIg	night	6	1	1	medium	high	Saint Louis	Coffee & Tea	1	0	0
8K73iRrUIXcwTB5SKetptQ	evening	6	1	0	long	high	Tampa	Japanese	2	1	0
8KU5lsg69OIbpGUBmt43AQ	evening	1	0	1	long	high	Feasterville Trevose	Restaurants	1	0	1
8K_iq2Hvqln7RggyY5L0AA	afternoon	0	0	1	long	high	Indianapolis	Restaurants	1	0	0
8LonS_bxNmCDk3FWiG9lzA	evening	1	0	0	medium	high	Philadelphia	Japanese	2	0	1
8MyjJ5ocf9VFjdscKrQu4A	afternoon	1	0	1	long	high	Carmel	Restaurants	1	1	1
8OPE0UaZHf7vdYkgbIj8vg	evening	0	0	0	long	high	Indianapolis	American (New)	2	1	1
8P7YOM9ThhTvLqXfSWRcRA	night	5	1	0	medium	high	Creve Coeur	Comfort Food	1	1	1
8QJTzIaR5FceGds8HBSIig	night	0	0	1	medium	high	Tucson	Nightlife	2	1	1
8QnuWGVNBhzyYXGSeRdi4g	evening	3	0	1	medium	high	Nashville	Food	2	0	0
8SQesFbTE0eWrcGXFCoYuw	evening	1	0	1	medium	high	Berlin	Restaurants	1	1	0
8U-j_Xz3WMwlI7UTr2zt4w	night	6	1	1	medium	high	St. Louis	Restaurants	2	0	0
8YdvaCDx8SQvuZCUyR2mkg	evening	0	0	1	medium	high	Town and Country	Florists	2	0	0
8bkSuPXdYW58QsUEOG77HQ	afternoon	2	0	1	long	high	Indianapolis	Italian	3	1	1
8eDkw7CE0NKqMknPIu26fw	afternoon	5	1	1	long	high	New Orleans	Breakfast & Brunch	2	1	0
8fGCwxodHba1u8p3rfv8bw	evening	6	1	0	long	high	Tampa	Restaurants	1	0	0
8gV3YUl8uqHnA-wZ3UZ5Dg	evening	1	0	0	long	high	Malvern	Burgers	2	0	1
8hgo446H2HoYlZocEi1SJw	evening	3	0	1	medium	high	Philadelphia	Bakeries	1	0	0
8mElCveTpsBGuu9zOdLXbQ	evening	0	0	1	long	high	Edmonton	Food	1	0	0
8p9TNDj2r-rf1pPmBSc5wQ	evening	3	0	0	medium	high	Edmonton	Pizza	2	0	0
8rb-3VYXE37IZix4yOdskw	afternoon	1	0	1	long	high	Williamstown	American (Traditional)	1	1	0
8s1uT8dyBEUwTNeHoZntMg	afternoon	6	0	1	medium	high	Nashville	Restaurants	1	1	1
8sakdo8WkCjhKj3Q4hhvSA	afternoon	1	0	1	long	high	Ballwin	Sandwiches	1	0	1
8uF-bhJFgT4Tn6DTb27viA	afternoon	0	0	1	long	high	New Orleans	Food	1	1	1
8usO-H5uFTzlISfGZN8rSg	afternoon	0	0	1	long	high	Devon	Food	1	0	1
8xz4jzsKSU10CFvbHhYJXw	afternoon	0	0	1	long	high	Indianapolis	Seafood	2	1	1
8zfkMJ0JkW8OnGTK0Pgabw	afternoon	6	1	1	medium	high	Glendora	Food	2	0	0
9-uRQkRkXdPQmnU1o8wc4Q	evening	3	0	1	long	high	Edmonton	Breakfast & Brunch	2	1	0
94T-JvAH2dq64yh4Eqzhkw	afternoon	3	0	1	long	high	Media	Bars	2	1	0
976Sb-Wp6I_ztRCHPXXYgw	evening	0	0	0	long	high	Lansdowne	Grocery	2	1	0
98mYebjHN_VXZapVm8Nmqg	afternoon	1	0	0	long	high	New Orleans	Cafes	1	0	0
9A1ve-8MfJcUcOGQYCLlKA	evening	5	1	0	long	high	Nashville	Korean	2	1	1
9DhjKaR2f9wKATnUvxBAgg	night	2	0	1	medium	high	Brandon	Coffee & Tea	1	1	1
9EgoCSRFfXUEGiJWFQLJ1w	afternoon	0	0	1	long	high	Philadelphia	Beer	2	0	0
9ErL3RgoLljuSZdDmk-iRw	night	1	0	1	long	high	Sherwood Park	Nightlife	2	1	1
9KdfNHyH4LLxHZaNG_GimQ	evening	6	1	0	medium	high	Conshohocken	American (Traditional)	3	1	1
9LZWyTM6KCr6JvfWEgGeQw	evening	3	0	1	medium	high	Indianapolis	Ice Cream & Frozen Yogurt	1	0	1
9MHe5jAym2d8VhT_NbCRyw	night	4	0	0	long	high	Indianapolis	Restaurants	1	0	0
9OG5YkX1g2GReZM0AskizA	afternoon	1	0	0	long	high	Reno	Restaurants	2	1	1
9PCPV34KV1B_E3v1IUi4tQ	afternoon	5	1	1	long	high	Philadelphia	Restaurants	1	0	1
9Pvwx_IfQgQL4ykmlGV6yA	afternoon	0	0	1	long	high	Plymouth Meeting	Asian Fusion	2	1	1
9V0LMtO1riRw9-pUuG4NFg	night	6	0	1	long	high	Indianapolis	Latin American	2	1	1
9XkgYvXhYibe85V6mNE_TQ	afternoon	0	0	1	long	high	Nashville	American (Traditional)	2	1	1
9XpU6r6ATXSWYfbU7kibaQ	afternoon	3	0	1	medium	high	Philadelphia	Coffee & Tea	1	0	0
9XyO6Vk13vUXgJ2yM39P3A	afternoon	4	0	1	long	high	Indianapolis	Wholesalers	2	1	0
9Y5JPV0TFZpJXFokFxwewQ	night	1	0	1	long	high	Mount Laurel	Restaurants	2	0	0
9_m_iA3VAqGBJEW5XLc-5w	evening	2	0	1	long	high	Indianapolis	Food	2	0	0
9dGzGbNKLMP0_wOqI5GffQ	afternoon	0	0	1	long	high	Brandon	Restaurants	2	1	0
9fNy_ulPeK74-a7Dnyg6xw	evening	2	0	1	long	high	Hazelwood	Cheesesteaks	1	1	0
9fjdQvNl1yWKCNgo0VaCyA	evening	0	0	0	long	high	Tampa	Discount Store	1	1	0
9gObo5ltOMo6UgsaXaHPWA	afternoon	3	0	1	long	high	Philadelphia	American (New)	3	1	0
9kZPUwuRd6PLGSJS9g85RA	evening	1	0	1	long	high	Tampa	Burgers	1	1	0
9mE7Xp0hH6TMv3eaf2Ylxg	night	0	0	1	long	high	Franklin	Bars	3	1	0
9n6agP4s2ZZ4H2Ts9-LXqw	afternoon	2	0	0	long	high	Hamilton Township	Restaurants	2	1	1
9nkYaCQRyO0fi8SrXDFhGw	evening	1	0	1	long	high	Philadelphia	Food	3	0	0
9ouyziwYpSvJzlLFpukSgA	afternoon	6	1	1	medium	high	Pinellas Park	Mexican	1	1	1
9rMLrfcH-d6mKdq7uMNwzw	night	6	1	1	long	high	Indianapolis	Food	2	0	0
9sdu-m075T6qdB46wXP46w	evening	3	0	0	medium	high	Nashville	Food	1	0	1
9uHEhLKTVXATCt7JSvUsCg	evening	0	0	1	medium	high	Philadelphia	Local Flavor	1	0	0
9wSJ2hu_ALVSPfuk7N9O8Q	evening	0	0	0	long	high	Elkins Park	Pizza	2	1	1
9wa2FJBzEk8Gv0ahK2o_hA	morning	1	0	1	medium	high	New Port Richey	Breakfast & Brunch	1	0	0
9xvg3r835NqaKksNPTfDxA	afternoon	0	0	1	long	high	Saint Petersburg	Beauty & Spas	2	0	0
A-8K66Kx7fMXkayG_3zdJQ	afternoon	1	0	0	long	high	Metairie	Restaurants	2	1	1
A0F-h3xJm_6gHDKcDQwSrQ	afternoon	0	0	1	medium	high	Philadelphia	Pizza	2	1	1
A0zZI5AnaeK4-vKoc9ABmg	afternoon	0	0	1	long	high	O Fallon	Thai	2	1	1
A21srfWbl97OWsCn2lK-0Q	afternoon	5	1	1	long	high	St. Petersburg	Beer	2	1	0
A2TDvUnOgCRKeyWN8V2WGg	afternoon	1	0	1	long	high	Largo	Nightlife	2	1	1
A2q7d-CBM2-81tVkmS4JMw	night	5	0	1	medium	high	Reno	American (New)	2	1	0
A3vvP7tuNU5Tj2qII6fJIw	evening	6	1	1	long	high	Tucson	Latin American	2	1	0
A6FDSdfwLPgl2T3ayKllqQ	afternoon	2	0	1	long	high	Edmonton	Sports Bars	2	1	0
A9rVxmIBtHZRvNhbBaGAWg	afternoon	0	0	1	medium	high	Hamilton	Restaurants	2	0	0
ADgeB1sfOGbzCR3LIi-4lg	afternoon	0	0	1	long	high	New Orleans	Cajun/Creole	2	0	1
AEOd0wRdjeLIXb1usSp9hg	night	1	0	1	long	high	Tucson	Restaurants	2	1	0
AEgaEEWNGuXWBHUkf_fN3A	evening	0	0	1	medium	high	Philadelphia	Food	2	0	0
AFbqr4q5YwLW2PFOkGavpg	evening	5	1	1	medium	high	Indianapolis	American (Traditional)	1	0	1
AIuczSOGI3zX0kwGxtPApg	night	0	0	1	long	high	Boise	Italian	2	1	0
AKFahOtdDQA7NVXZyDajCA	evening	5	1	1	medium	high	Tucson	Flowers & Gifts	2	0	0
AL3_t23te70PJpXklfw_HA	afternoon	2	0	1	long	high	Nashville	American (New)	2	0	0
AM7gPGpRbEjEkjmsmQXb6w	afternoon	0	0	1	long	high	Marrero	Cajun/Creole	2	1	1
AODksDNj5mH953cyhUG1Qw	night	4	0	1	medium	high	Tampa	Laotian	2	1	1
AOGFntN8SHBmRNYV6AhqgQ	night	3	0	1	long	high	Tampa	Grocery	2	1	0
AOdw-xjhc-ZRVhJzAgJxSw	evening	2	0	1	long	high	Rockledge	Sandwiches	1	0	0
AOlB9GRr5v89k_Gof3b_DA	night	3	0	1	long	high	Metairie	Southern	2	1	0
APW4-ESYGTIn17mY189Osg	evening	0	0	1	long	high	Tampa	Soup	1	1	1
AP_sb7dETsflRNNkJinYUQ	night	0	0	1	long	high	Saint Pete Beach	Bars	2	1	1
ARgidflSXPHj7uhK-Y7hwA	afternoon	0	0	1	long	high	St Louis	Japanese	2	1	0
ASEt7HnmxVXYr3fezrahCA	afternoon	2	0	1	medium	high	Chester	Caribbean	1	1	0
ASJH8IDBdX_f5yOX0XEfYA	night	0	0	1	long	high	Edmonton	Restaurants	2	0	0
ATYVsHtyiQnknwFD1ZX4bQ	evening	4	0	1	medium	high	Gretna	Sandwiches	2	0	0
AWJyivVwe3t9BO-k8D0ynQ	afternoon	1	0	0	long	high	Philadelphia	Food	1	0	0
AY1SyySRyTnBwBdf7qfGxQ	afternoon	1	0	1	medium	high	Philadelphia	Grocery	2	0	0
A_-Vv5oKZNqxsV69_7E2KQ	night	1	0	1	medium	high	Wilmington	Vietnamese	2	1	1
Aa0lDzrdkiiYGJfKjJxcww	night	2	0	1	long	high	Edmonton	Pizza	2	1	0
AbbIoHhBEMZndmIm07L4Og	night	0	0	1	long	high	Reno	Food	1	0	0
AbtYqoBGuvlWmR1gU0c3XA	night	4	0	1	long	high	Philadelphia	Food	2	1	0
AdT6vMVYy2uFFfnYbWoAsw	evening	0	0	1	medium	high	Hendersonville	Restaurants	2	1	1
AgGD37HVpQmimj8W17xM2w	afternoon	1	0	1	long	high	Aston	Ice Cream & Frozen Yogurt	1	0	1
Ah7mpTWpdflSaCZHKHx8Dg	afternoon	3	0	0	medium	low	West Chester	Restaurants	1	0	0
Ahwed4jRpXhmSCkcLL7FOw	afternoon	6	1	1	medium	high	Brentwood	Mexican	1	1	1
AjfvLdQSl2JRYuYdfeE7Qg	night	1	0	1	long	high	Reno	Pakistani	1	1	0
AlxnbBd2JNkozNvI0OvRLQ	afternoon	0	0	1	long	high	Philadelphia	Italian	2	1	1
AmnnsJq4Pz1jJUFzHwtsOA	afternoon	0	0	1	medium	high	Indianapolis	Fast Food	1	1	1
ApcMztKwhVYYCceDX1L5qQ	afternoon	0	0	0	long	high	Edwardsville	Active Life	2	1	1
Aphp-EdFass877c-sWp5eg	night	0	0	1	long	high	Woodbury	Diners	2	1	1
At6iwGTy6bDxc7PUEOTvQw	evening	2	0	1	long	high	Willow Grove	Burgers	1	0	0
AtIGlkUITdQFhAG_JWp-Og	evening	2	0	1	long	high	Hermitage	Modern European	2	0	0
AuTmUY381to83xPwovoERg	evening	1	0	1	long	high	Madison	Chicken Wings	1	1	0
AwmeLVLEfdFoCa0LaF0UYA	evening	2	0	0	long	high	Philadelphia	Food	2	0	0
AyGJNTLh9abu8R14mYPAjA	afternoon	5	1	1	medium	high	Boise	American (Traditional)	2	1	1
AzseSGgDC6bVtMPEYo1CNQ	night	0	0	1	long	high	New Orleans	Food	2	0	0
B-DiQpcSTJ7oMMnwzbAGTQ	afternoon	1	0	1	long	high	Philadelphia	Thai	1	0	0
B-NqcrIhvzCIkLCCpmhdvg	night	5	1	1	long	high	Saint Louis	Food	1	0	1
B03ajYBGDkZrIDB9lRTwUg	afternoon	6	0	0	long	high	Nashville	Bars	3	1	0
B10mqANgHvL8gBteo1UhAA	evening	1	0	1	medium	high	Tucson	Restaurants	2	1	1
B2wSy1zQCdZgDXOkhAKGDQ	afternoon	5	1	1	long	high	Tampa	Cafes	3	1	1
B3JF06ctShiYJeg1FyJ5jA	night	1	0	1	long	high	Edmonton	Indian	2	1	1
B4L--ZDG3oFPIn6KOEKWCw	evening	3	0	0	long	high	Tampa	Food	2	0	0
B6Lvq3sOYwhKxPzadDka9g	afternoon	1	0	1	long	high	Collingswood	Food	3	0	1
B6qHZCAs7Nka-1zdjCzAIQ	afternoon	2	0	1	medium	high	Philadelphia	Food	2	0	1
B73uHrYlkCNOIS6JwGBqYg	afternoon	2	0	1	long	high	Tucson	Tapas/Small Plates	2	1	0
B7nlRFe3EeQwAWpUpefGHA	afternoon	1	0	1	medium	high	Wesley Chapel	Bakeries	1	1	1
BAycbMpT0Irqcz8juBbSHg	night	2	0	1	medium	high	Indianapolis	Restaurants	1	0	0
BDYL4lMlT6fpKgiNlJRclA	afternoon	3	0	1	long	high	Fairview Heights	Seafood	2	1	0
BIJz39GnlrVUhrWPiWGECQ	afternoon	0	0	1	medium	high	Collingdale	Beer	1	0	0
BIW1SKq5ItkA9gP6-FhSkA	night	0	0	1	long	high	St Petersburg	Soul Food	2	1	0
BJBSwMKADtYjqFDCL3-zkw	evening	1	0	1	long	high	New Orleans	American (Traditional)	2	0	0
BJphaOPeTtqUFF5pauQEhw	evening	0	0	0	long	high	Philadelphia	Salvadoran	1	0	0
BVndHaLihEYbr76Z0CMEGw	afternoon	0	0	0	long	high	Tampa	Sandwiches	1	0	1
BWITd9JUXP3gSi1z3Y-z8g	afternoon	0	0	1	long	high	Philadelphia	Italian	2	1	1
BWPokhrYnWdfxdaUaM6l9Q	evening	4	0	1	long	high	Nashville	Venues & Event Spaces	3	1	1
BauybYsfqd0y6KDrJ6ZxjQ	afternoon	5	1	1	medium	high	Tucson	Coffee & Tea	1	0	1
Bb5YSi_C9p4Sp6eD4ZCSVQ	night	4	0	0	medium	high	Tucson	Restaurants	2	1	0
Bda92vtAuK-FcXAw_D0Pxw	evening	6	1	1	long	high	New Port Richey	Sushi Bars	2	1	0
Bey6zC3Q6D1PTzqzPU32VA	night	3	0	1	long	high	Tucson	American (Traditional)	2	1	1
BjBDHqHhMXSxgyVipccznQ	evening	0	0	1	long	high	Tampa	African	3	1	0
BooG5Hd_BTxlAu1JWbXdOg	night	2	0	1	long	high	Edmonton	Tea Rooms	2	1	0
BrYoQyygyIb-FsVJ0AMpLg	morning	3	0	1	long	high	Nashville	Local Flavor	2	0	0
Bt7NBqA31uOI4H_hvasLLg	night	4	0	0	long	high	New Orleans	Caterers	2	1	1
BuQptNNitbz1oylgBlm27g	afternoon	0	0	0	medium	high	Lutz	Food	2	1	0
BunQD-tnn2V4Y-Oj-7rysw	evening	0	0	1	medium	high	Newtown Square	Food	1	0	0
Bw0cpnfI-Y9QmjWzqS-oFg	evening	2	0	1	long	high	Philadelphia	Restaurants	2	0	1
BxhkoR6cscJwwex8gx31OA	evening	2	0	0	medium	high	Madison	Restaurants	2	0	0
ByTZJsTDDhvOYKCj7uoy4w	evening	2	0	0	long	high	Nashville	Nightlife	2	1	1
BytWAAG0rRaAWsYMvHxetw	afternoon	4	0	1	long	high	Sherwood Park	Restaurants	2	1	1
C-L3Idjx0RvopgmnkbOpmA	afternoon	3	0	1	long	high	Indianapolis	American (Traditional)	2	0	1
C-anTsItNvJHHR__DiGEqQ	evening	0	0	1	long	high	New Orleans	Chicken Wings	2	0	0
C-m2goUXTiEVrQBpXsiTLA	afternoon	4	0	1	long	high	Edmonton	Dim Sum	2	1	0
C1D2o1VV2TDjpkG3BsdseA	evening	5	0	1	long	high	Nashville	Tex-Mex	1	1	1
C1QkJ4s_p3hMTrvOgM7ssA	evening	4	0	1	short	high	Tampa	Juice Bars & Smoothies	2	1	0
C3Nc7EUqo64jRPWPn6vY9w	afternoon	3	0	1	long	high	Cherry Hill	Restaurants	1	0	1
C4lZdhasjZVQyDlOiXY1sA	afternoon	4	1	1	long	high	Malvern	Mexican	2	0	1
C5zdtQSfK_bjWi81MMI0SQ	evening	5	1	1	short	high	Philadelphia	Mediterranean	1	0	1
CA5BOxKRDPGJgdUQ8OUOpw	afternoon	3	0	1	long	high	Tucson	Grocery	2	1	1
CAQFxeImeXVWnlBL4BzZwQ	afternoon	3	0	1	long	high	Cherry Hill	Italian	2	0	1
CHh0ZFrQcsk4boOItr2Zuw	afternoon	1	0	1	medium	high	Carpinteria	Grocery	2	0	0
CJ3t6dw60CdpflWKe3b78Q	night	0	0	1	long	high	Plymouth Meeting	Japanese	3	1	0
CKKY7kxtznKVzm9FBzAL4w	afternoon	1	0	1	long	high	Wilmington	Food	1	0	0
CLt1k_vtdU962GZGl5U48g	morning	6	1	1	medium	high	Saint Louis	Restaurants	2	1	1
COclRBaXBjYpomS4syUmvg	afternoon	0	0	1	long	high	Indianapolis	Restaurants	1	0	1
CPFKi2lZJazP6IdtCdDDyg	night	2	0	1	long	high	Reno	Bars	1	1	1
CPPOKMjjE3-au0BWdbC95Q	evening	0	0	1	long	high	Reno	Latin American	1	1	1
CR4JNMaB4FLBuqgyj79ZRQ	afternoon	0	0	1	long	high	Tucson	Restaurants	1	1	1
CS_GzUYlEPa6QHTRY224wQ	night	4	0	0	medium	high	Norristown	Barbeque	2	1	0
CTLnaL6IYK11qbv-zsSk1w	night	1	0	1	medium	high	Saint Louis	Bakeries	1	0	0
CUt7emZVW-jxixD7BF7tSg	afternoon	0	0	1	long	high	Glendora	Comfort Food	1	0	0
CVrU9WrUHs2SShb6RRMwVA	afternoon	5	1	0	medium	high	Philadelphia	Specialty Food	1	0	0
CWdCNIJU4Kh480NV9dgQjw	evening	2	0	1	long	high	Santa Barbara	Nightlife	2	0	1
CYwC5OjwCN6ib_AQDxi3Ow	night	1	0	0	long	high	Goleta	Restaurants	1	0	0
C_EtrXTygRX5RTUOKtO6Dg	afternoon	6	0	1	long	high	Philadelphia	Nightlife	2	1	1
CfR34FRl5Eoka0rSusrfNA	afternoon	4	0	0	short	low	O Fallon	Restaurants	1	1	1
CiDF-bnN18SBrGpMGFybSA	evening	3	0	1	long	high	Creve Coeur	Restaurants	1	1	1
CinrOH8rMB2hEvPY_iFOHA	night	0	0	1	long	high	Philadelphia	Restaurants	2	1	0
Cj4SH7N9HKtPhG_wp9ZiOA	evening	6	1	1	long	high	Warrington	Bars	2	1	1
CjkxTRergWcYWb4SVW3gxw	afternoon	2	0	0	long	high	Holiday	American (Traditional)	1	1	0
CmaMxRtf0NJxOR5r0Pw_mQ	evening	6	0	1	long	high	Nashville	Barbeque	1	0	1
Cr-uaPrfvG7tvqzLGAGErA	evening	0	0	1	long	high	Edmonton	Japanese	2	1	0
CraVVOWt3BRFDC9T7aupAw	evening	6	1	1	medium	high	Smyrna	Steakhouses	2	1	0
CyGVQVUf9NVbBKK9V0pxUg	afternoon	0	0	1	long	high	Indianapolis	Shopping	2	0	0
CyGxCUdTRGUPKGOgzC6Zug	evening	2	0	1	medium	high	Edmonton	Chicken Wings	2	1	1
D1OT9vuepvXJrn5VDgm4YA	evening	6	1	0	long	high	Santa Barbara	Food	2	0	0
D2gONomZQyRjxR3TMHJovw	evening	4	1	1	medium	high	Philadelphia	Sandwiches	1	0	0
D2kZP7jvrWTuRzcPY6NbqA	evening	5	0	1	long	high	St. Petersburg	Restaurants	1	1	1
D3DMIr-I0AKzlIKdErxHGg	night	0	0	1	long	high	Saint Louis	American (Traditional)	3	0	0
D4AJVjAiJULF04BjN7bhiA	afternoon	4	0	0	long	high	Philadelphia	Bars	3	1	1
D4DZztR7vkbiED6txGUYFg	afternoon	0	0	1	long	high	Philadelphia	Nightlife	2	1	0
D4n4j_pBOhDJB6u1LRFaew	afternoon	0	0	1	long	high	Saint Louis	Bakeries	2	0	0
D5V0Fawd6ODVgqCY8xngsw	afternoon	1	0	1	medium	high	Philadelphia	Event Planning & Services	3	1	0
D73evJ9PZKxO3E5TaThe3w	afternoon	1	0	1	long	high	New Orleans	Tex-Mex	2	1	1
D7Os2-9ApTGmNyzidqfwGA	evening	2	0	1	long	high	New Orleans	Beauty & Spas	4	1	0
D7z_V6E8cxXghSRcHAmUPg	evening	4	0	1	medium	high	Tucson	Restaurants	1	1	0
DAcqRGI_u8yNCcUIczfNxA	night	5	1	0	long	high	Talleyville	Delis	2	0	1
DGvkU7CkdBs6lNbncQmF3A	afternoon	0	0	1	long	high	Philadelphia	Restaurants	2	1	1
DJJtybSWY0BygESsSrabqg	afternoon	0	0	0	medium	high	Philadelphia	Breakfast & Brunch	1	0	0
DK7buvGqeO9p3L7F7JiaGg	night	1	0	0	medium	high	Norristown	Restaurants	2	1	0
DNkz1z53dS2CUUWI1Skg2g	evening	0	0	1	long	high	St. Petersburg	Sandwiches	2	1	1
DNtXVS0xYn0n8Cscmj9JSg	evening	1	0	1	long	high	Saint Louis	Chicken Wings	2	1	1
DOl21AqtT74dUZ3kvXNNcA	afternoon	1	0	1	medium	high	Philadelphia	Restaurants	2	1	0
DOydgEG9DzmM74QSz4btFA	afternoon	1	0	0	long	high	Fishers	Restaurants	1	0	1
DRnvSL_I8MLuTLhl6O4JBQ	afternoon	5	1	1	long	high	Philadelphia	Pizza	2	0	1
DRr5xdfHtqgWfhmdTU1B8Q	afternoon	0	0	1	long	high	Philadelphia	Breakfast & Brunch	2	1	1
DTIKGgzoKGLCNw2dNKfHZg	night	3	0	1	long	high	Reno	Specialty Schools	2	1	1
DUn-V3XYMeSTxwEELMn7Tg	morning	4	0	1	medium	high	Lawrence	Breakfast & Brunch	1	0	0
DW6K-eqb4LOrNTv2uRlSUw	afternoon	0	0	1	long	high	Exton	Department Stores	1	0	0
DXYhpEv17mWqSqFjau7vhg	evening	1	0	0	medium	high	Philadelphia	Italian	2	0	1
DdqPNe8W1XF44CLw94Zb6A	afternoon	4	0	1	medium	high	Tucson	Food	2	0	0
DeVlppoc8dPBhOCPrm4wmg	night	0	0	1	long	high	Indianapolis	American (Traditional)	3	1	1
DgA-_6242CtjmierRWmO9w	afternoon	3	0	1	long	high	Fishers	Restaurants	1	0	0
DgCqXgSG_WjreSgYaxZdVg	afternoon	2	0	1	long	high	Tucson	Wine Tasting Room	1	0	0
Dm8r2MmXeXHRaJyPUOQv-Q	evening	0	0	1	long	high	Avon	Food	2	0	0
Dpvyaemt0E9u9HwByONbkg	evening	4	0	1	long	high	Indianapolis	Event Planning & Services	2	0	0
DpyxFL0SZu3buCUFCbVJmA	afternoon	0	0	1	long	high	Fenton	Desserts	2	0	0
DrL3dsQ9bI3mhHUd3Q1qcQ	night	5	1	1	long	high	Edmonton	Nightlife	3	1	1
DrRnV4gN7tkdrgBmG6Y7OA	afternoon	0	0	1	long	high	Clementon	Latin American	1	1	0
DsKzHnkLKnxZTVsFpts4oA	afternoon	0	0	0	long	high	Philadelphia	Breakfast & Brunch	2	1	0
DszOO6k_s2wuGhTw2AsUdA	night	2	0	1	long	high	Fairview Heights	Salad	2	1	0
Dtuf4vD0znzwJW9vk3iTNw	afternoon	1	0	1	long	high	Indianapolis	Steakhouses	2	1	0
DuPRwh_pNsp4LkbICuF3Ig	evening	6	1	1	long	high	Nashville	Event Planning & Services	3	0	0
Dv6RfXLYe1atjgz3Xf4GGw	afternoon	2	0	1	long	high	Philadelphia	Burgers	2	0	1
DvkSkF83xDONjkNIoEPRnQ	afternoon	1	1	0	medium	high	Nashville	Restaurants	2	1	1
Dy91wdWkwtI_qgjAIZ0Niw	night	0	0	1	long	high	Wilmington	Mexican	1	0	0
DzpaiMQnB_sNhZPrgdvKHg	night	3	1	0	medium	high	Goleta	Sushi Bars	2	0	1
E-4t5Hoon6aVFTWDPz26fQ	afternoon	3	0	1	long	high	Indianapolis	Restaurants	2	1	1
E-DcL1u330qwvoxXhipmUQ	afternoon	2	0	1	long	high	Philadelphia	Italian	1	0	1
E1gf1YIWOo1BgzMUwJtEZg	afternoon	4	0	1	medium	high	Philadelphia	Pizza	1	1	1
E3xBC7Bb6KRlZeqcY3bWtA	night	4	0	1	long	high	Nashville	Burgers	2	0	0
E6WheRR9KwPwSs7k8Z7h0g	evening	1	0	0	medium	high	Reno	Fast Food	1	0	0
E8GeMcCv17n30NLL7LZzog	afternoon	5	1	1	long	high	Dunedin	Restaurants	1	0	1
E9-k8aOCS2sSh9RYxvWU_A	night	1	0	0	medium	high	East Norriton	Bowling	2	1	1
EAtdpksdWfWAaqh3XdnNNg	night	1	0	1	long	high	Philadelphia	Restaurants	3	0	0
EBn3U4mpnIRLIy2lKuilRQ	evening	3	0	1	medium	high	Nashville	Restaurants	2	1	0
ED4XisAKJ0IDLqCuS38eFQ	afternoon	4	0	1	long	high	Voorhees Township	Ice Cream & Frozen Yogurt	1	0	0
EDjEVzmoQVHzboFqC-M6Ew	evening	0	0	1	long	high	Nashville	Food	2	1	1
EERwPZdemE21aIwYsadjTg	evening	5	1	0	long	high	Nashville	Cafes	2	1	1
EFPLTyrqx_x_6GVaDU5Mtw	evening	1	0	1	long	high	Brandon	Fast Food	1	0	0
EGITUFVLb87GRKapMtZg-w	night	2	0	1	long	high	Tampa	Donuts	1	0	1
EGWv78OQgeqfi4lXThlP8A	evening	1	0	1	long	high	Medford	Restaurants	2	0	1
EImGEwaos0pIqyye1u6OSA	night	1	0	1	long	high	Palm Harbor	Restaurants	2	1	1
EKbb62ui8LgHk3B7OJMyBw	afternoon	6	0	1	long	high	Saint Louis	Restaurants	2	1	1
EP2jFD3aGoSBCWb7irY5-w	evening	0	0	1	long	high	Temple Terrace	Ethiopian	2	1	1
EQ-TZ2eeD_E0BHuvoaeG5Q	night	0	0	1	long	high	Indianapolis	Beer	2	1	1
ERl6OCSEIFBOqfjai_jIUg	evening	0	0	0	medium	high	Tucson	Restaurants	2	1	0
ET5hD0a-Gr6xitL70iK1NA	night	0	0	0	long	high	Indianapolis	Restaurants	1	0	1
EZuIzN2oAdZt-dkbdwH0pw	afternoon	1	0	0	short	high	Boise	Sandwiches	2	1	1
EaTbY8HFwwF7i3SjVbHGYw	night	0	0	1	long	high	Montecito	Restaurants	2	1	1
Edg22x3CZkIv0GUib2oEFA	evening	5	0	1	long	high	New Orleans	Pizza	2	1	1
EdysxosAepdogof_YDAgeQ	afternoon	2	0	0	short	high	Greenwood	Bagels	1	0	0
EfJ-1C8PH9TpGTskFqUvhQ	afternoon	5	1	1	long	high	Nashville	Whiskey Bars	2	1	1
Egf9_djIH7jbgOSZZQGUqw	night	0	0	1	long	high	Smyrna	Pizza	1	0	0
Ei0wJeADbNtwvA9CrvknJw	night	0	0	1	long	high	Primos	Coffee & Tea	1	0	1
Ei5HBqe012ImhqEr2ZH2gg	afternoon	0	0	1	medium	high	Tucson	Italian	2	1	0
EjFp57Nd4bVgb5GNn-XnuA	evening	6	1	0	long	high	Tampa	Chinese	1	1	1
EjwrtCJDCZBUS_uTvpHMSw	afternoon	0	0	1	long	high	Blackwood	Bars	2	1	1
EjzWyITI75CKSKb6RGCG_Q	afternoon	5	1	0	long	high	Tampa	Barbeque	2	0	0
EmbZ4QwVt_zgfqMOCATsyA	afternoon	4	0	0	medium	high	Tampa	Food	2	0	0
EpREWeEpmR8f1qLHzzF0AA	afternoon	6	0	1	long	high	Saint Louis	Local Flavor	2	1	1
EqEcDeXqIq1YwnzHg_ZUFw	evening	0	0	0	short	high	Tucson	Coffee & Tea	1	1	1
Es39sSDXiReBthHLBSD_Xw	afternoon	2	0	1	medium	high	Philadelphia	Seafood	3	0	0
Esz_uoKXBN4RJRWmtLpRlg	evening	6	1	1	medium	high	Reno	Grocery	2	0	0
Et2yOijYQbWyR-mE0-z40w	evening	1	0	0	long	high	New Orleans	Cocktail Bars	2	1	1
EtKSTHV5Qx_Q7Aur9o4kQQ	afternoon	0	0	1	long	high	Philadelphia	Bars	2	1	1
EtkNplbYROY-8nZz0YQbMQ	evening	3	0	1	medium	high	Metairie	Restaurants	1	1	0
Ety2Z0CImO6FYDV6L5Ahkw	evening	2	0	0	medium	high	Lansdale	Thai	2	0	0
EvZxyqrR2xej3CT14pLa7w	evening	4	1	1	long	high	Saint Louis	Restaurants	3	1	1
EwqQAb-UUN_BVrvnwr3hpg	afternoon	4	0	1	medium	high	Saint Louis	Fast Food	1	1	0
Ey0t4U6yqtxCeMaGPf7GcA	afternoon	1	0	0	long	high	Santa Barbara	German	2	1	0
EyoGUM01HS9kemQcnTRLIw	afternoon	5	1	1	long	high	Edmonton	Turkish	3	1	0
F-NLo63QqYWQX59M_nNZmg	night	6	1	0	long	high	Sherwood Park	Barbeque	2	0	0
F-vfI049swuwDR7HMOW1Fg	evening	0	0	1	long	high	Fishers	Mexican	2	1	1
F0AAzMdhv2RyjwHVned5bQ	afternoon	1	0	1	long	high	Florissant	American (Traditional)	2	1	1
F1xE--Gb4rNFAwHkNkV31A	evening	1	0	1	long	high	Reno	Pizza	2	1	1
F2C5ENuY8CXfgoW-gAMdDA	afternoon	0	0	1	long	high	Indianapolis	Bars	2	1	1
F3dxQiOwN55rSLw-BNSq6A	night	4	0	0	medium	high	Goleta	Acai Bowls	1	0	0
F3n0sB5Dqn-N2fAA5TgmFQ	night	3	0	1	medium	high	Reno	Restaurants	1	0	0
F5suXzCkLLgHw99dhzXn8g	afternoon	0	0	1	long	high	Edmonton	Hot Dogs	2	1	1
F8yozE3NWnImNApHO347gQ	afternoon	3	0	1	long	high	Philadelphia	Restaurants	2	1	1
FBBeJO50xZiNIo3oFhAFRA	evening	2	0	1	long	high	Indianapolis	Arts & Entertainment	2	0	0
FF45pKN_lzqG8Bqk-_HQvw	afternoon	1	0	1	long	high	Saint Louis	Street Vendors	1	0	0
FHNIvNgh3fS7VZQq2Y3dsA	afternoon	0	0	1	long	high	Philadelphia	Asian Fusion	2	1	0
FH_LQqNmjiFnvm6vGuXmnQ	evening	3	0	0	long	high	Gallatin	American (Traditional)	2	0	0
FIQZMB4G1pfqOAByuJ1SYA	afternoon	5	1	1	medium	high	Philadelphia	Dim Sum	2	0	0
FJlYldo1NcoyKMG2YKWywA	afternoon	6	0	1	long	high	Tampa	Ethnic Food	1	0	0
FKrP06TDAKtxNG1vrRQcQQ	afternoon	4	0	1	medium	high	Philadelphia	Burgers	2	0	0
FLvsHSO09AY5BlaibUkLzw	evening	4	0	1	medium	high	Greenwood	Department Stores	1	0	0
FSTmzo0beEVMRMSArcp4fg	afternoon	3	0	1	medium	high	Tampa	Mexican	1	1	1
FU6CaKb9hePVMAsXO5W6pw	evening	5	1	1	long	high	Philadelphia	Restaurants	1	1	0
FYw5uf26ry8-MuPKD10z0Q	evening	0	0	1	medium	high	Reno	Grocery	2	1	1
FZCj995CEL2G-JTiLC3Azw	afternoon	3	0	1	long	low	Indianapolis	Mexican	1	1	0
F_wIC6i5y4zdQyp99R7PdQ	afternoon	0	0	1	long	high	Indianapolis	American (Traditional)	1	0	0
Fbq_tc6W5uNmQNrInXpd5w	evening	4	1	1	long	high	Ballwin	Cafes	1	0	1
Fc_8eLlcq5yy4DzrEeqEaQ	afternoon	0	0	1	long	high	Philadelphia	Seafood	2	1	0
Fd1UBvHTVzyR2RUqM_lFJA	evening	6	1	0	short	high	Saint Louis	Restaurants	2	0	1
Fe5Q2saATrFH4V-y6yhfAw	evening	3	0	0	medium	high	Philadelphia	Beer	1	0	0
Fe9WDVsrEM9H0X_aFDuYVA	evening	0	0	0	medium	high	Clayton	Diners	2	1	1
FjGAm10tARIypt5fYGpfqQ	morning	2	0	1	long	high	Pinellas Park	Fast Food	1	0	0
FlWCsBiNoI4XTwZD8f_q0Q	afternoon	3	0	1	long	high	Saint Louis	Parent Cafes	2	1	1
FnEkr6LzjuGsg93Z7fkl7Q	afternoon	3	0	1	long	high	Philadelphia	Bars	2	1	1
Fok0BLJP0OMxbbl3l6QmZA	afternoon	1	0	0	medium	high	Clayton	Restaurants	2	1	0
Fp2Dk2__WHq7SK1Ah6oo0Q	night	0	0	0	long	high	Doylestown	Juice Bars & Smoothies	2	1	1
FsRAHiYUERqUIeGVt49svA	afternoon	0	0	1	long	high	Philadelphia	Restaurants	1	0	0
FtkYGVPVCRuuhQhYJBSVQw	night	2	0	1	long	high	New Orleans	Food	2	0	0
G-zzByEfv2oqjcxYmPsjtA	afternoon	3	0	0	long	high	Malvern	Mexican	1	0	0
G1fQJ8k5U1gdX0vWODCZYA	afternoon	1	0	1	long	high	New Orleans	Pizza	1	1	1
G3u9BQ7cc-IcXOfNyFKmnw	night	0	0	1	medium	high	Warson Woods	Restaurants	2	1	1
G4lRmwDHdvhZAhmtlsYYBw	afternoon	4	0	1	medium	high	Nashville	Burgers	1	0	0
G4mEyZGeS_4JOuAQWg2dJA	evening	1	0	0	long	high	West Chester	Pizza	2	1	0
G503RdNVGztzLuBfNY4l3A	night	3	0	1	long	high	St Louis	Food	2	0	0
G6kRQylkjNNE-yUXM2muBg	afternoon	0	0	1	short	high	Brandon	Bagels	1	0	0
G6qbByoO3QE-rft_1J94eQ	afternoon	0	0	1	long	high	Bridgeton	American (Traditional)	2	1	0
G9ez1w58i_ReNqnlRoSpBA	night	1	0	1	medium	high	Edwardsville	Restaurants	2	1	1
GApqfwJMxg4t2tk3K2PpMw	morning	5	1	1	long	high	Tampa	Kebab	2	0	1
GBTPC53ZrG1ZBY3DT8Mbcw	afternoon	0	0	1	long	high	New Orleans	German	2	1	0
GCUXKnSTI-pqwJokt7lTzQ	night	2	0	1	long	high	Blackwood	Italian	2	1	1
GJC3QI31IV5Q4kVHIM498Q	morning	2	0	1	long	high	Newtown	Restaurants	1	0	1
GJRL2aR72jk7xnQh3hn1fA	evening	5	1	0	long	high	Plymouth Meeting	Event Planning & Services	2	1	0
GJnYFvk9kbM182bKMFSAvg	night	3	0	1	medium	high	Clayton	Italian	3	1	0
GNnDvJwtA9C1XFf-yv4KVA	afternoon	1	0	1	medium	high	Philadelphia	Mexican	1	0	0
GOSVLhjUT6TnrPhkkmDOpw	afternoon	0	0	1	medium	high	Philadelphia	Coffee & Tea	1	0	1
GUMVStVaJfWmCIpQA4TtHg	night	0	0	1	long	high	Philadelphia	Restaurants	2	0	0
GUNpbcLvHZLE3NpOifjNUQ	evening	6	0	1	long	high	Philadelphia	Restaurants	2	1	1
GV-e7Op4aU98xkjjoKlRhA	afternoon	2	0	1	long	high	Saint Louis	Basque	2	1	1
GVqXNt0HKJLpciN9ePxnWw	night	2	0	0	medium	low	Philadelphia	Restaurants	1	0	0
GVtJD93hEh7pQD29bmyTQA	evening	6	1	1	long	high	Bensalem	Specialty Food	1	0	0
GWUkk9aKgvE4iRbDmJtuVw	afternoon	6	1	0	long	high	Largo	Restaurants	1	0	0
GYAX9mPGYx9VfwDiuIl_9Q	evening	5	0	1	long	high	Philadelphia	Restaurants	1	0	0
GYn2pPeu3rwIcWmo1m1nmA	night	2	0	1	medium	high	Philadelphia	Sandwiches	1	0	0
G_gkdBVK8N5Sp9CSGnYeMw	evening	3	0	1	long	high	Carmel	Bagels	2	1	1
G_kesdiiYUmTWV9yRHcuCg	evening	1	0	1	medium	high	Bensalem	Pizza	1	0	0
GaktVVj3HWX0sVMlCXCWZw	afternoon	0	0	0	long	high	Reno	Wine Bars	2	1	1
Gf1EboxqdJ9SPsVJur93Cw	afternoon	4	0	1	long	high	Indianapolis	Fast Food	1	1	0
GgkQtx8S_UvqO9vRJNqANA	afternoon	3	0	1	long	high	Brentwood	Chinese	1	0	0
Gjp3AjbcW3MQjkQv6BPQKA	afternoon	1	0	0	long	high	Ballwin	Food	2	1	1
GlYN-RJyL_YwxIqsSDo1ag	evening	0	0	0	long	high	Tucson	Diners	1	0	0
Gm2t6tXjy0mNudBFsBxeJA	evening	6	1	1	medium	high	Trinity	Ethnic Food	1	1	1
GmJDCmDhtKbjofeO35yBrw	night	6	1	0	long	high	Philadelphia	Delis	1	1	0
GnpvpmHQu3yJ9lrWzd90GQ	evening	2	0	1	long	high	Mount Laurel	Food	2	0	0
Gpf61fcPpeUgnG0aMEbhoQ	night	5	1	0	long	high	Cherry Hill	Hotels & Travel	2	0	0
GqQSFMLaM25zcM5OnCWnnQ	evening	5	1	1	long	high	Reno	Coffee & Tea	1	0	1
GqUv8rF5h3ZZFfj7S9tgyQ	afternoon	1	0	1	long	high	Wayne	Buffets	2	0	0
GsDwQ9NzKu8eaAGFhkOtnQ	evening	5	1	1	long	high	Marrero	Bakeries	1	1	1
Gscb04_HRI-p_J2ABHVILA	morning	1	0	1	long	high	Mt Juliet	Mediterranean	2	1	1
GtfM73QC1y4_j8ghKPSt_w	afternoon	1	0	1	medium	high	Harvey	Ice Cream & Frozen Yogurt	2	1	1
Gw7UW0E2BguzL9suQnwDeg	evening	4	0	1	medium	high	Philadelphia	Restaurants	2	0	0
Gw_PUqVT9e4AiC_kj9BJJw	afternoon	3	0	1	long	high	St. Louis	Restaurants	2	0	0
GyC36Pn0Q1-qHnqXys6yFg	evening	0	0	1	long	high	Tampa	Southern	2	0	1
H-1qpp_77KggOAr9htUrEw	afternoon	5	1	1	long	high	Montecito	Tapas Bars	2	1	1
H-8Z-HoiattyFaZSv6M2XA	afternoon	0	0	1	long	high	Southampton	Sports Bars	1	1	0
H1ZTsd_d-wvunsT3ZmoBvg	afternoon	1	0	1	long	high	St. Louis	Italian	2	1	0
H2nFgEFitRk7ltE8IRH0xA	evening	2	0	1	long	high	Tampa	Restaurants	1	0	0
H3JjbID9Zhukpqr9uupHAA	night	1	0	1	long	high	Nashville	Burgers	2	1	1
H47H_73y7aZ9KHpzct-xBg	afternoon	3	0	1	medium	high	Philadelphia	Ice Cream & Frozen Yogurt	2	0	0
HA-X-YkTt9K7c-fkhE-g4Q	evening	0	0	1	long	high	Doylestown	Local Flavor	2	0	0
HCbJPXWXvwN-C7XfmVy3gA	evening	1	0	1	medium	high	Indianapolis	Desserts	2	1	1
HCqmx4ENAZ76SAjoalj-MQ	afternoon	6	0	0	medium	high	Franklin	Barbeque	2	1	0
HFhjwiTaIzXrKCPiN5EXmw	morning	4	0	0	medium	high	Santa Barbara	Grocery	2	0	0
HHWTWs8sa7cE3ksH3_BCTw	afternoon	0	0	0	long	high	Philadelphia	Coffee & Tea	1	0	1
HIP3cUb0T8-0W8ZNmcMUvw	evening	3	0	1	long	high	Nashville	Cupcakes	2	0	0
HJNRlG5nM4Bxy97PmNNaTQ	night	1	0	0	medium	high	Harleysville	Restaurants	2	0	0
HMQ1HMB6r__ol7tSaiNvfg	afternoon	2	0	0	long	high	Indianapolis	American (Traditional)	2	0	0
HPVpxcwDVjgZatc4M8bEnw	night	1	0	1	medium	high	Frazer	Restaurants	1	0	0
HQ-C47_Xi5it1KzwEc0u0A	morning	5	1	1	short	high	Santa Barbara	Pizza	1	1	0
HSyOKS1cbfNWFoRCARNfcw	afternoon	6	1	1	long	high	Indianapolis	Restaurants	2	0	0
HTqXI5S2XcSlh_ylx9sE6g	afternoon	0	0	1	medium	high	Philadelphia	Food	2	0	0
HU-S7rzIE1qDkCy4L54CHA	night	5	1	1	medium	high	Tampa	Beer	1	1	1
HUp0fqvl0XbZmrCp5FfBjw	evening	3	0	0	medium	high	Philadelphia	Seafood	2	1	0
HWTQEMcz38T34AA7Q4vagg	evening	0	0	1	long	high	Metairie	Food	2	0	0
HYK6JACOzRHk2XHUjbyJ6A	afternoon	1	0	1	long	high	Oldsmar	Restaurants	1	0	1
Hb8bZ1xfIbmMfiMC-LTKOA	afternoon	2	0	1	long	high	Bryn Mawr	Desserts	2	0	0
HcEOK1WiOpHvhZtp7PkRmg	afternoon	2	0	1	medium	high	Nashville	Restaurants	2	1	1
Hcn6gI1MLg4tUJ9SfdUVqg	afternoon	5	1	0	medium	high	Edmonton	Food	2	1	1
HinqCyHjP0eRgoNTu-pmgQ	evening	4	0	1	long	high	Kirkwood	Shaved Ice	1	0	0
HjLYCBxJti8V-hsP_yVZ3w	evening	1	0	1	short	high	Boise	Vegan	2	1	1
HjQO6KoOsdNk-rHpYwYfNQ	afternoon	0	0	1	long	high	Frontenac	Food	3	1	0
Hl1snIVcDuihCT1raOwe3A	evening	0	0	1	long	high	Marana	Mexican	1	0	0
Ho0uAnaLL57On7enESYfeA	night	4	0	1	medium	high	Fairview Heights	Health & Medical	2	0	0
HoJGFsgQUDSgVMwjNaofDg	evening	0	0	0	long	high	Collingswood	Steakhouses	3	0	0
Hp3Ony7yW60VPuWHQFIIHA	afternoon	4	0	1	long	high	New Orleans	Delis	1	1	1
Hpe-2Omu5-U3S2NrouHcdQ	night	0	0	1	medium	high	Brandon	Sandwiches	2	0	0
HqCIG880GCE5OzUAkbc-JA	afternoon	4	0	0	long	high	Wayne	Sandwiches	2	0	1
Hr2uEAG9O2q0nDwEs4cExg	evening	4	0	1	long	high	Cherry Hill	Restaurants	2	1	0
HuDNHqKv9n1mWpe4BqCnwA	morning	1	0	1	long	high	Philadelphia	Restaurants	1	0	0
HwzX71bG7DVciNpuW32M3A	afternoon	5	1	0	long	high	Exton	Restaurants	2	1	0
I0053JmJ5DEFUWSJ8pikhA	night	0	0	1	long	high	Tucson	Buffets	2	0	0
I0I2mkCOPTYVSLpc8A8VVw	afternoon	6	0	1	long	high	New Orleans	Personal Chefs	3	1	0
I0jFTYVDs-WHwKR2XHQlRA	night	6	1	0	long	high	Santa Barbara	Thai	2	1	0
I13c2-Yo7hn2BKwCI81HSQ	afternoon	1	0	1	long	high	Saint Louis	Pizza	1	0	1
I1h0GRYp86eX-XqwVXsSGA	evening	6	1	1	medium	high	Tampa	Restaurants	2	0	0
I2CxrvM0BGH1svfxqGGD2g	afternoon	0	0	1	long	high	Nashville	Automotive	2	1	1
I2Yt74AzSQFfyQqgN7PSEg	evening	1	0	1	long	high	Indianapolis	Venues & Event Spaces	2	0	0
I3xJD0fXyiokQtb_6sn0fQ	afternoon	1	0	0	long	high	Wayne	Food	1	0	0
I4TFiNX5gTsJBnEGH2Tl8Q	afternoon	0	0	1	long	high	Philadelphia	Juice Bars & Smoothies	1	0	1
I5KZm-NnxYeEQsmp6nK5_w	afternoon	0	0	1	long	high	Philadelphia	Food	2	1	1
I6L0Zxi5Ww0zEWSAVgngeQ	afternoon	2	0	1	long	high	New Orleans	Sandwiches	2	1	1
I6zne2n2FZcXtgiK5ZPuxg	afternoon	3	0	0	short	high	Clearwater	Restaurants	1	1	1
IAyHcNx5IHoLf3V4dlgFCw	afternoon	2	0	1	long	high	Philadelphia	Restaurants	2	1	1
ICqgjbOpBD9SUtE5PQC9sA	afternoon	3	0	0	medium	high	Treasure Island	American (New)	2	1	1
IFKCqDKdrAOtph_TEi8ycw	night	0	0	1	long	high	Saint Louis	Sports Bars	1	1	1
IH_ZeeTh13jQURbh31d1Kw	afternoon	3	0	1	long	high	Philadelphia	Restaurants	1	1	0
INWHqjudS0vDcVKlHyz69A	afternoon	4	0	1	long	high	Drexel Hill	Event Planning & Services	2	0	1
IPrhhRciQVhdQfEIu8_9fQ	night	0	0	1	medium	high	Zionsville	Food	2	0	0
IS0B5nLJPluVT8NwGgospA	night	1	0	1	long	high	Fairview Heights	Comfort Food	2	1	0
ISBBeqLeERHiKfqa7PZkuA	night	0	0	1	long	high	Edmonton	Diners	2	0	1
IUgQmteI-mbt_qjL2ZENKA	morning	5	1	0	medium	high	Santa Barbara	Restaurants	3	1	1
IW_uYAP59YwLVurBUfhs4A	evening	3	0	0	long	high	St. Petersburg	Restaurants	2	1	0
IYlUaKC9nICjiWdk-ShPlg	evening	1	0	1	medium	high	Carmel	Restaurants	2	1	1
IYzBKfT_JolGL-MA4STQYA	afternoon	1	0	0	long	high	Saint Louis	American (Traditional)	2	1	1
IZmCSGeXLCB-Y2UvJrvr-A	night	3	0	1	long	high	New Orleans	Salad	2	1	0
IZv79jZv6el1sBHrG7426g	afternoon	1	0	1	long	high	Des Peres	Steakhouses	3	1	1
IbndcMURguByburM72o3SA	afternoon	3	0	1	long	high	Newtown	Korean	1	0	0
Id_FzuIECTCom2UeENyxlg	evening	0	0	0	medium	high	Edmonton	Grocery	2	0	0
IfZ5Xqh5VNxM-HDhKPUlXg	afternoon	5	1	0	long	high	Warminster	American (New)	3	0	0
IgNDlyLERBwFGphgcC5VDQ	evening	5	0	1	long	high	Philadelphia	Sandwiches	1	0	1
Iipfa9Kaac9XH5Vo8GQwvg	morning	5	1	1	medium	high	Edmonton	Coffee & Tea	2	0	1
IjtKwA7njLjTvZr0nFSLeA	night	3	0	1	long	high	St. Pete Beach	Restaurants	2	1	1
IoHOUGETebGrG3oDGSoAdg	night	2	0	1	long	high	Sewell	Coffee & Tea	1	0	0
Iso6F11o-W4g6d7OUEaMng	afternoon	0	0	1	long	high	New Orleans	Seafood	2	1	1
Iur3GHkwb4mJfrPhy_-48g	evening	5	1	1	long	high	Edmonton	Restaurants	2	1	0
Iv8-bf_PC-wGn5alDpaABg	night	2	0	1	medium	high	Saint Louis	Restaurants	1	1	1
IwAjIgI74YVg23pZC4shMQ	night	0	0	0	long	high	Collinsville	Bars	2	0	1
Iz3nG8ikhvLob4w8jLRlCg	afternoon	3	0	1	long	high	Clementon	Bars	2	1	0
J-ciDDEdIHMcChGIyKZnOg	afternoon	0	0	1	medium	high	Philadelphia	Caterers	1	0	0
J2Jl-zmU7bjKsc9JZ65c-Q	evening	5	1	1	medium	high	Jenkintown	Coffee & Tea	1	0	1
J5-Y4ujpElrzPGJLYJ4tEg	afternoon	6	1	1	long	high	Reno	Restaurants	2	1	0
J55AT36H5EeJ9ey8etGjHA	evening	0	0	1	long	high	Hermitage	Food	1	0	0
J7Oo9rhwX7O3ak54pu_Mhg	evening	0	0	0	long	high	Nashville	Fish & Chips	1	0	0
JBGNJR4pBRiyThsoKWsdnQ	evening	0	0	1	long	high	Creve Coeur	Salad	1	0	1
JDwp5guESWuyng2MSBYEjg	evening	2	0	1	long	high	Tampa	American (New)	2	1	1
JF7iyI3wA_AKi_iXOKi0Qw	evening	2	0	0	long	high	Ardmore	Italian	2	1	1
JFUTJaE3REmCne1hnWm-OQ	afternoon	2	0	1	long	high	Saint Louis	Food	1	0	0
JI3-QZwm6vihIFBcekgyaA	night	4	0	1	long	high	Edmonton	International	3	0	0
JJNCJWaH2KV44r9aeEBlqA	evening	0	0	1	long	high	Indianapolis	Breweries	2	0	0
JOfBsNewE5J0rHG5LdlZeg	evening	4	0	1	long	high	Saint Louis	Restaurants	2	1	1
JOvNunKJlWhwJRwLmUR9ZA	evening	0	0	1	long	high	St Petersburg	Bars	2	1	1
JPm93BlP-UHYPqFgK66JUw	afternoon	2	0	1	long	high	Haddon Heights	Coffee & Tea	1	1	1
JQz0_R70G3bjQ5dRqrhxKQ	afternoon	2	0	1	long	high	Clearwater	Salad	2	1	1
JRoY9Mx2LghIki2Uo1SOJA	afternoon	4	0	1	long	high	Belleville	Bars	2	1	1
JUlsvVAvZvGHWFfkKm0nlg	evening	0	0	1	long	high	Philadelphia	Mexican	2	1	1
JVekj-AqcU46mg7rzN_nOg	evening	0	0	1	long	high	West Berlin	Diners	2	1	0
JX4tUpd09YFchLBuI43lGw	afternoon	1	0	0	long	high	Edmonton	Arts & Entertainment	2	0	0
JYDd5sgn18DqDnTnq_tBRQ	evening	4	0	1	long	high	Sparks	Restaurants	2	1	1
JZVK_yoV48O_2gDykG_1Ow	evening	3	0	1	long	high	Philadelphia	Seafood	2	1	0
J_195G8K_MziKZEXj7Nxdw	afternoon	1	0	1	long	high	Saint Louis	Food	1	0	0
JakK5CvB7qYMEGqbuNh5fg	evening	1	0	1	long	high	Smyrna	Fashion	2	0	0
JbKTtN9goxrWEvuGmE4FOQ	afternoon	0	0	1	short	high	Philadelphia	Restaurants	1	0	0
JbS_D8lxOm4UWa-yC4z5NA	afternoon	1	0	0	medium	high	Kennett Square	Restaurants	1	0	1
JcP1z6eZBgTIcxWlyxSw0g	afternoon	0	0	0	long	high	New Orleans	American (New)	3	1	1
JgTSG4rIDf20Kgp6U_asng	afternoon	4	0	1	long	high	St. Louis	Pizza	2	1	0
JgpnXv_0XhV3SfbfB50nxw	afternoon	6	1	1	long	high	Tampa	Restaurants	1	1	0
JhrvtLpCEQcYrZLbb6CZGw	evening	0	0	1	long	high	Nashville	Sandwiches	1	1	1
Jn_F3hYqknRTepCg6om04Q	night	0	0	1	long	high	Brentwood	Mexican	1	0	1
JomDoQafikclSVVCPkWjnA	night	3	0	1	long	high	Philadelphia	Diners	1	0	0
JrlYnMIFLq2NWLk9EbM4AA	evening	1	0	1	long	high	Doylestown	Candy Stores	2	0	0
JroMBSRiVq1u8-KZVDZh7g	afternoon	2	0	0	long	high	Saint Louis	Restaurants	1	0	0
JtwyVOjFQvI2VZwZHta-dw	evening	4	0	1	long	high	Phoenixville	Salad	2	0	0
Juoz1CK-bqCNFtOA02BtjA	afternoon	3	0	1	medium	high	Indianapolis	Bakeries	1	0	0
JvawJ9bSr22xn4R9oLvl_w	evening	4	0	0	long	high	New Orleans	Southern	2	1	0
Jvmj49D0GGnvCpjN0LXqEg	afternoon	6	0	0	long	high	Clearwater	Breakfast & Brunch	1	0	0
Jx2AoB_IQOUrZ3s6fdAUSA	night	4	0	1	long	high	Tampa	Coffee & Tea	1	1	1
K1r1fGmCbrmC_V6Aj22Zew	evening	5	0	1	long	high	Tucson	Bakeries	2	0	1
K4TlU26IH19tM_VvTMnpyg	afternoon	2	0	1	long	high	New Orleans	Cafes	1	0	0
K5ffo0hkwhG33BDNQrJF6A	afternoon	3	0	1	long	high	Doylestown	Restaurants	3	1	1
K8b2MQ5Az59-nzvqUfjJEQ	afternoon	0	0	1	long	high	Philadelphia	American (New)	3	0	0
K9gaM9XdGqGWsQMdjpxFIQ	morning	5	1	0	medium	high	Philadelphia	Coffee & Tea	1	0	0
KA9WEoGHr9Ae0pFXZqzylQ	evening	6	1	1	medium	high	Saint Louis	Dance Clubs	2	1	1
KAk07Tbv0UsoY-s7RYfepg	night	1	0	1	long	high	Tucson	Restaurants	2	1	0
KBsLYznLfnJEY3RIBUZe0Q	evening	3	0	1	long	high	Reno	Asian Fusion	2	1	0
KDC4yE8av8-A5TxgmjjUiw	evening	1	0	1	long	high	Tucson	Bowling	1	1	0
KIqFPQi5JYECJruPPRtGvA	night	0	0	1	medium	high	Fenton	Restaurants	1	0	1
KOAz86HXkNKNvEExrGXxlQ	night	5	1	1	medium	high	Jefferson	Caterers	1	1	1
KOprnHl3K-oXWszxZKESow	morning	2	0	1	medium	high	Lutz	Coffee & Tea	1	0	1
KP5OncF2jhT7_J1phHPPww	afternoon	1	0	1	long	high	Tampa	Mexican	2	1	1
KR3JxgQ4ZhcqUC6aNsUCEA	afternoon	0	0	1	long	high	St. Louis	Desserts	1	0	0
KSP4BhUnu-skBxlRT9MLRQ	morning	2	0	1	medium	high	Gretna	Grocery	2	0	0
KTGEa8V9ec0QBYM_uk1YLQ	afternoon	3	0	1	medium	high	Philadelphia	Food	2	0	0
KUYGwEEEM8yFkCf-CxpRPQ	night	5	1	1	long	high	New Orleans	Restaurants	2	1	0
KVwQkBd8tJCDVc8O6_tMOg	evening	2	0	1	long	high	Oldsmar	Chinese	2	1	0
KYFJ7qh7bYYAsjnGrhH3NA	evening	0	0	1	long	high	Tucson	Bubble Tea	1	0	1
KZe5kpIHWVuJl6WgNYzceg	afternoon	0	0	1	long	high	New Orleans	Cajun/Creole	1	1	0
K_WZrMHAjqZ5DThAw4ZKMQ	night	3	0	0	long	high	Indianapolis	Restaurants	1	1	0
KcTLv46oThYuSujjb4EfEA	afternoon	0	0	1	medium	high	Phoenixville	Restaurants	2	0	0
KgozvZ1UFfXuJToqe8CfQg	afternoon	1	0	1	medium	high	Philadelphia	Chinese	1	0	0
KhBUg5QhBYuK8RZAe5gDMQ	evening	0	0	1	medium	high	Tampa	Restaurants	2	1	0
KhOotseBoEeUcerjpmws1w	afternoon	2	0	1	long	high	Springfield	Burgers	2	0	0
KiE0h68HGOO7ZXAqkMBdiw	evening	3	0	1	medium	high	Santa Barbara	Food	1	0	1
Km94SEqBokmuM_HKoy7WJQ	afternoon	0	0	1	medium	high	Wilmington	Fashion	2	0	0
Knd4u3v3I_6SbAzp_gbXaQ	night	6	1	1	medium	high	Plant City	Food	1	0	1
KtpZkMxiOp1V9NEqMSMO3w	evening	4	0	1	medium	high	Columbia	Fast Food	1	0	1
KuLi91b-N_0XY_3IA72RJQ	afternoon	1	0	1	long	high	Philadelphia	Food	1	0	0
KwCZuRlaeciJsOXkCOtjDA	night	3	0	1	medium	high	Tampa	Butcher	2	0	0
Kzf6VUWTKtSBd4OWUfwlkg	afternoon	6	1	1	medium	high	New Palestine	Hot Dogs	1	0	1
L-YdO_NODKXXT3bkS0nUpg	night	0	0	1	long	high	Saint Pete Beach	American (Traditional)	2	1	1
L05ILI6HOWCXo3vsih4pLQ	afternoon	1	0	1	long	high	Conshohocken	Food	1	0	1
L2pmVQMrpY-yZwZkZoRt5g	evening	4	0	1	long	high	Philadelphia	Restaurants	1	1	0
L3V21nAe-CicW2bvtNWa0g	night	0	0	1	long	high	Philadelphia	Sushi Bars	2	1	0
L3h60m908xbwVGI0_O4Ikw	afternoon	2	0	0	medium	high	Philadelphia	Food	2	0	0
L7i_5DydYEKwPLfcDBRYDA	evening	4	0	1	medium	high	Voorhees	Mexican	1	1	1
L9sNYgV-TKTQdkaeEZBqEg	night	6	1	1	long	high	Saint Louis	Thai	2	1	0
LA-UhlHBjHWURfesRZtE1w	afternoon	5	1	1	long	high	Plainfield	Donuts	1	0	0
LACylKxImNI29DKUQpWuHw	night	3	0	1	medium	high	Philadelphia	Restaurants	1	0	0
LAOdChV60GwEJHE7UwDKyw	afternoon	3	0	0	medium	high	Clearwater	Restaurants	1	0	0
LCS2sJH5S2kFquIL_FIqAg	afternoon	5	1	1	long	high	Sewell	Food	2	0	1
LCpHFLUQhVMhfpNngtf_Ew	night	0	0	1	long	high	Reno	American (New)	2	1	1
LDkD5R5N7CG9yCD0YSLMZA	night	4	0	1	long	high	Tucson	Chinese	2	1	1
LGi-u2zVoSciM0F_2nSg8g	afternoon	2	0	1	medium	high	Maple Shade	Department Stores	2	0	0
LH7kN8nAyF2JE5higfK4ZA	night	0	0	1	medium	high	Wimauma	Mexican	1	1	1
LH8R7UsbSQfvojE7xbgHJw	afternoon	4	0	1	long	high	Greenwood	Ice Cream & Frozen Yogurt	1	0	0
LJ7nGzqbmY44UZFVEfVNXw	afternoon	5	1	0	long	high	West Chester	Restaurants	2	1	1
LQcGL4hfJAeK6bk2ZdhmXw	afternoon	4	0	1	long	high	Tucson	Fast Food	1	0	1
LRBfRUbmFdD6x5df8ErqqA	night	0	0	0	short	high	Wynnewood	Grocery	2	1	0
LSxmfbgcZLdQ5ai2vf2nmA	afternoon	3	0	1	medium	high	Newark	Vegetarian	1	1	0
LT4A5jVMURvH_DKdr7A91w	evening	1	0	1	medium	high	Levittown	Sandwiches	2	0	1
LTTRaIO-p4zjvXtw9zm1Wg	night	0	0	1	long	high	Saint Louis	Restaurants	2	1	1
LTtmAHFW3nWLirD--VWAEw	night	6	1	1	long	high	Tucson	Automotive	2	0	0
LVteL0Rnh2E_yOFCLJUPhg	afternoon	1	0	1	medium	high	Media	Pizza	1	1	0
LYVPT1EpMzn9WT0ptvZuAQ	night	5	1	1	long	high	Creve Coeur	Fast Food	1	1	1
LZEe4gVp1BNqYdGl-OZzBg	night	3	0	1	medium	high	Gretna	Burgers	1	0	0
L_TT0BFmFwORAMaA83K54A	afternoon	3	0	1	long	high	Indianapolis	Gastropubs	2	0	0
LdK6Tqr9-QK8eNezCUes9A	night	3	0	1	long	high	Philadelphia	Sandwiches	1	0	1
LfrCUDzg66jncxLvNxBnlg	night	6	0	1	long	high	Philadelphia	Gluten-Free	2	0	1
LkskzKzo_S8YmG1dGn4hag	evening	4	0	1	medium	high	Tampa	Tex-Mex	1	1	1
LktIfbmd3k0kDiWibGw7DQ	afternoon	4	0	0	short	high	Indianapolis	Chicken Wings	2	1	1
Llu8_Lx2DFthmr99_eiOLA	evening	0	0	1	medium	high	Saint Louis	Bakeries	1	1	0
LmbGTYqufVQX8kWuUzO8mg	night	3	0	1	medium	high	Tucson	Active Life	2	0	0
Ln5j6LRuXur3E5U86WjOJg	afternoon	5	1	1	long	high	New Orleans	Venues & Event Spaces	1	0	1
LnJSsNVZkStgtj86fJrKxQ	evening	5	1	1	long	high	Indian Rocks Beach	Bars	2	1	1
LnQRfj3pPz0369stRnwUWw	night	6	1	1	medium	high	Valrico	Japanese	2	1	0
LnZvGYbqozanOSevcftnrw	afternoon	3	0	1	long	high	Philadelphia	Sandwiches	2	0	0
Lp7o7wv0-QtupZeZP0QcMg	afternoon	2	0	0	long	high	Glenside	Beer	2	1	0
LqF5QiIm89Ea9wtc0cdPCA	afternoon	1	0	1	long	high	Indianapolis	Dive Bars	1	1	1
LqaIFNWnwmy3PInuBDpAxg	night	1	0	1	long	high	Boise	Restaurants	2	1	0
LrUQOSOfuus8pcCHJwaQWg	evening	0	0	1	long	high	Indianapolis	Breweries	1	0	0
Lx8ZYUJ_-3Aa8N821mN1WQ	night	5	1	1	long	high	Sparks	Restaurants	1	0	0
M0Cb0ufPxOSHSrZAKMmUmg	afternoon	0	0	0	medium	high	New Port Richey	Restaurants	1	0	1
M0r9lUn2gLFYgIwIfG8-bQ	afternoon	0	0	1	long	high	Saint Louis	Ice Cream & Frozen Yogurt	2	1	0
M1BkW7JZZBrCfT4_Sr4NEQ	night	3	0	1	long	high	Largo	Poke	2	1	0
M2ZrrqseHE5xssUrOL0Gtg	night	0	0	1	medium	high	Tampa	American (Traditional)	1	0	1
M2m_SM9GpIbct2a_hOGzag	night	5	1	1	long	high	Franklin	American (Traditional)	2	1	1
M4kHDHNzftSUtgpgyLlZ8w	afternoon	1	0	0	medium	high	New Port Richey	Restaurants	1	1	1
M5rj-zpkCHcGXTxBbcrDXQ	afternoon	1	0	1	medium	high	Saint Petersburg	Coffee & Tea	1	1	1
MAIfD4kJDCydgoD1l2b_vw	evening	3	1	1	long	high	Santa Barbara	Wine Bars	2	1	1
MAad69FdL2Y-kSDF6SkZ3A	afternoon	3	0	0	medium	high	Metairie	Sushi Bars	2	1	0
MF5-JPr0auUkY_WLTTVUaA	evening	6	1	1	medium	high	Philadelphia	New Mexican Cuisine	1	0	0
MHqeqoJEjsTHivmuXOW4iQ	evening	5	1	1	long	high	Saint Louis	Wine Bars	2	1	1
MKHJy86fkFnMAhZac6wuLw	evening	5	1	1	long	high	Philadelphia	Pizza	2	0	0
MMRRS6YhVRx_iN5-JhMRYg	afternoon	0	0	1	long	high	Philadelphia	Restaurants	2	1	0
MN-Em6pY0ZXZQsLv6uBhrA	evening	4	0	1	long	high	Philadelphia	Chinese	1	0	0
MN9tQez4EY2gFnRr-47Heg	night	1	0	0	medium	high	Indianapolis	Mexican	1	0	1
MO82R6jbTZQJDSFgjde2NQ	afternoon	0	0	1	long	high	Tucson	Department Stores	2	0	0
MPY4UwRBU_wYxlaYViIHMw	morning	4	0	1	medium	high	Brentwood	Food	1	1	1
MTSW4McQd7CbVtyjqoe9mw	night	0	0	1	long	high	Philadelphia	Restaurants	1	0	0
MTwiz3yCBDPCaqAFIFSRRQ	evening	3	0	1	long	high	Tucson	Bars	1	1	0
MUTTqe8uqyMdBl186RmNeA	evening	6	1	0	long	high	Philadelphia	Sushi Bars	2	1	1
MYMLQfzRv8x7aO-bv9vpFg	afternoon	4	0	1	medium	high	Boise	Specialty Food	1	0	1
MZW_eTFYFBvHYg5OFqDRCA	afternoon	2	0	0	long	high	Wilmington	Burgers	2	1	1
Ma9FrtHwHi6KgtwEbQyXTA	night	2	0	1	long	high	Bensalem	American (New)	1	1	0
MaYb7qMN6BomP1zQGj3Wjg	afternoon	3	0	1	long	high	Saint Louis	Nightlife	2	1	1
MbKhuO-4uYPc0NRZDRWoew	afternoon	0	0	1	long	high	Philadelphia	Restaurants	1	0	0
Mbkt43sUBsvXRxmrJrZFhQ	afternoon	4	0	0	short	high	St. Louis	Restaurants	2	1	1
MbzgGsMQpGyVrUJXi_Jw0Q	afternoon	2	0	0	medium	high	Santa Barbara	Coffee & Tea	2	1	1
McQo2QJGt1BI9oPu6KLDjg	afternoon	6	0	1	long	high	Indianapolis	Specialty Food	2	0	0
MfK5DeKjnneIDZTUkUKP8g	afternoon	2	0	1	medium	high	Carmel	Food	1	0	1
MgezKZ0Fp250omk3EAgnjw	morning	0	0	1	long	high	Lutz	Food Delivery Services	2	0	0
Mha77MN_BYGB-w7DONZ5YA	afternoon	0	0	1	long	high	Tampa	Peruvian	1	0	0
Mjboz24M9NlBeiOJKLEd_Q	evening	6	1	0	long	high	Philadelphia	Pizza	1	0	1
MkJdyYXy9L8icy26UKweYA	afternoon	2	0	0	long	high	Metairie	Shopping	2	0	0
MmIF3ZlBPwOknea6-IzlQg	night	6	1	1	medium	high	Riverview	Sandwiches	1	1	1
MnCRxcyzfKzmRyXPDuix2Q	afternoon	4	0	0	long	high	Nashville	Restaurants	2	1	1
MnKgN5crTUuxROY2aoadtQ	afternoon	4	0	1	long	high	Saint Louis	Music Venues	2	1	1
MnlHMZ9RGVaS71rVwINyOA	evening	1	0	1	long	high	Saint Louis	Ethnic Food	1	0	0
MnxMt3CErrx4dXll4ADqLg	afternoon	4	0	1	medium	high	Indianapolis	Bakeries	2	1	0
MpkCQTOV6D3XGRPbtQPj5Q	afternoon	4	0	1	long	high	Avon	Vietnamese	1	0	0
MptP4Zxq3ZLbeGB4cY772A	evening	2	0	0	long	high	Reno	Burgers	2	0	0
MquXDiKxHB4NYv5r5KodOQ	afternoon	0	0	1	long	high	Marlton	Restaurants	2	0	1
MuKoTR56s6elHEI2wUkgJA	afternoon	3	0	1	long	high	St. Louis	Restaurants	2	1	0
Mufi8VH23CoxIZNftf-lZw	night	6	1	1	long	high	Southampton	Pizza	2	0	1
Muftkox9yn0qai-SEpEZGQ	night	0	0	1	medium	high	West Chester	Pubs	2	0	0
Mwo6_kET9zmL4WItyeMj9w	evening	6	1	1	long	high	St. Louis	Fast Food	1	0	0
Mxlw3cSKkWv5o4HdRWGTPg	evening	3	0	1	medium	high	Tampa	Tea Rooms	2	0	1
MyON48Q_Ql9IjLc0PPXLDQ	evening	0	0	0	long	high	Tampa	Fast Food	1	1	1
N-4ZOrM_qAnzBiCsJ7-ENA	evening	1	0	1	long	high	St Albert	Canadian (New)	2	1	0
N-CBZKO37y_WSUN7ZMNGkg	afternoon	3	0	1	long	high	Santa Barbara	Restaurants	1	0	0
N-ej51lLtIl4TMC-Qb3k4A	afternoon	0	0	1	long	high	Edmonton	Restaurants	2	1	0
N-tBrQMt2pc5JudffpDFmw	night	4	0	1	medium	high	Indianapolis	Specialty Food	1	0	0
N1ZXhAVzOzbyCBPEXTaUUw	afternoon	1	0	1	long	high	Philadelphia	Food Delivery Services	2	0	0
N44roXfLNkBdpINQDjEFOQ	evening	0	0	1	long	high	Collinsville	Mexican	1	1	1
N5QQdPac1cXwOHr-ePr90g	evening	0	0	1	long	high	Reno	Food	1	1	1
N5ekxQd7wGHWJJK-p9qqXw	evening	1	0	0	long	high	Nashville	Restaurants	3	1	0
N7wYxm84QtcqTJZfGWpxzw	afternoon	2	0	1	long	high	Franklin	Food	1	0	0
NB9wGhMqy27suWqNzk3laA	afternoon	3	0	1	long	high	Philadelphia	Middle Eastern	2	0	0
NBlB85ch_WCxYJ4fPWHxJA	afternoon	0	0	1	long	high	Philadelphia	Mexican	1	0	0
NF8sBMLJaLvYe5nsS92YcQ	afternoon	0	0	1	long	high	Bensalem	Sandwiches	2	1	0
NFFS6Qow43IRG6dRPgZCzQ	afternoon	3	0	1	long	high	Reno	Cafes	2	1	1
NL-pATcAaXHwxrm7ODwEig	afternoon	5	0	1	medium	high	Tampa	American (Traditional)	1	1	0
NMtUD873aWrNjljt3VOcFA	afternoon	0	0	1	long	high	Philadelphia	American (Traditional)	3	1	0
NOPk3f5TedR-fw9HO4VJlQ	afternoon	3	0	0	long	low	Philadelphia	Food	1	1	0
NQSnr4RPUScss607oxOaqw	evening	2	0	0	medium	high	Philadelphia	Chicken Wings	1	1	1
NT5S6JV5wPwKOd3s3Yh1zQ	evening	4	0	1	long	high	Nashville	Restaurants	2	1	0
NTh_DCZmHGG-Za11SD643Q	afternoon	1	0	1	medium	high	Tampa	Latin American	2	0	0
NUGu31Ou05hGdZ1YPhVdNA	evening	1	0	1	medium	high	Indianapolis	Shopping	2	0	0
NV6zZPb5OGVpyX4JrSzUPg	night	1	0	1	long	high	Saint Louis	Bars	2	1	1
NVN_23yYJDf_RAinqFICDA	afternoon	0	0	1	long	high	Philadelphia	Hot Dogs	1	0	0
NVpbPRDvfwjb85CJwWE0nQ	evening	5	1	1	long	high	Huntingdon Valley	Chinese	2	0	0
NYJ1PTYcQhQ8aVJiBPgIQg	afternoon	3	0	1	long	high	Philadelphia	Food	2	0	0
NaA1lTPxouNLq-zFI3IOYA	night	3	1	0	long	high	Springfield	Bars	2	1	0
NcO-pWiZmNM5zBg8H9zB6Q	afternoon	1	0	1	long	high	Smyrna	Food	2	1	1
Nd_3fSvYDCjM8YJdBx4Y9w	evening	4	0	1	long	high	Wayne	Restaurants	1	0	1
NdqATFd0JsFzEOD8Z8pa5w	afternoon	0	0	1	long	high	Carmel	American (Traditional)	2	1	1
NeY1bH6IKJxnn4YAixibsQ	evening	3	0	1	medium	high	Philadelphia	Coffee & Tea	1	0	1
NesMl0Tiq1FsPoX2LzHkNg	night	4	0	0	long	high	Tucson	Cheesesteaks	1	1	1
Nolwnmtnt5QeDGlS0bsCGQ	evening	0	0	1	long	high	Sherwood Park	Burgers	2	0	0
NsthHtVZPiTt3Zn7Wh5uLA	night	2	0	1	medium	high	Voorhees	Burgers	1	0	1
NwJoFxmYRDxVGXgPtrjQ3w	afternoon	5	1	1	medium	high	Brandon	Thai	2	1	0
NwNGKIf_eQwvr6tzFX6eRA	afternoon	6	0	1	medium	high	Philadelphia	Food	2	0	0
NxJk32DFY06EbFAvcQJumw	afternoon	1	0	1	long	high	New Orleans	Restaurants	2	0	1
O286wXm4mcznQn_1JieD1g	afternoon	0	0	1	long	high	Philadelphia	Event Planning & Services	3	0	0
O3Gsne_JJ24yMvLrDoNjqA	evening	2	0	1	long	high	Hatboro	Himalayan/Nepalese	2	0	0
O5zuQH_YowDC-rsK8ZEXCA	night	6	1	1	long	high	Tampa	Asian Fusion	1	1	0
O6RCCmz8-x4NhWJpI8KQug	afternoon	6	1	0	long	high	Santa Barbara	Nightlife	2	0	1
O6hY9yenifuRXrpc4TfgsQ	afternoon	1	0	0	long	high	Philadelphia	Restaurants	2	1	1
O8YYh_b4hf82C4DAeBhmeQ	afternoon	1	0	1	long	high	Havertown	Food	2	0	0
OAHRMd971k-yDQwRxzgc2g	afternoon	6	0	1	long	high	Tampa Bay	Barbeque	2	1	1
OEzYP44ER97a1hi4LgR6bA	afternoon	3	0	1	long	high	Springfield	Event Planning & Services	1	0	0
OHzX-ZD9qyoeoxR8Z0dlIA	afternoon	1	0	1	long	high	Philadelphia	Restaurants	2	1	1
OIES_WhdNux3PmvSuPM-8Q	afternoon	0	0	1	long	high	Tampa	Restaurants	2	1	0
OINbC0rpDVJ5bfxt3LO9fw	evening	6	1	1	long	high	New Orleans	Restaurants	2	0	1
OKPUO8zvBBL-OA6-SfDx8Q	afternoon	0	0	0	medium	high	Philadelphia	American (Traditional)	3	0	1
ONmS8r1C0F0vglz2nKjkPA	afternoon	3	0	1	long	high	Belle Chasse	Pizza	2	1	0
OP-m-Kq-1aEWrrlaszFi9w	afternoon	4	0	1	long	high	Philadelphia	Restaurants	1	0	0
OPhWuFj83RDS9O1qU21X8Q	evening	1	0	1	medium	high	Turnersville	Donuts	1	0	0
OQBgwnIHY7vOrbjft8RM8w	afternoon	1	0	1	long	high	Saint Louis	Food	1	1	1
ORL4JE6tz3rJxVqkdKfegA	afternoon	0	0	1	long	high	Nashville	Venues & Event Spaces	3	1	1
OS6eXzSVZ0sYBWE67jXtMg	evening	5	1	0	long	high	Horsham	Food	2	0	0
OUuUc_qERdvTrnpj1vSLaw	afternoon	4	0	1	long	high	New Orleans	Mexican	1	0	0
OX-Y_c0iZTVNUSzxauiJCg	night	1	0	1	medium	high	Nashville	Department Stores	1	0	0
OZ0t8PySiJGxpyGWPOpL6A	evening	2	0	1	long	high	Paulsboro	Food	1	0	0
O_KX1Z4ZXMv0OVvQ9e8pNQ	afternoon	1	0	1	long	high	Pottstown	Food	1	0	0
OcatdPIYh9X2Du3Lo5YKOQ	afternoon	3	0	1	long	high	New Orleans	Restaurants	2	1	1
OevKyf31TBJkGdKCarZiew	afternoon	0	0	1	long	high	Bristol	Food	2	0	0
OjeSJYXaEqm3CkZsFf8xRA	evening	5	1	1	long	high	Glen Mills	Fast Food	1	0	0
Ok0y3WvijsjmUpGAwlAZOQ	afternoon	4	0	0	medium	high	Wesley Chapel	Coffee & Tea	1	0	1
OkSjPjMwXQ77h7kzhhyhDg	evening	0	0	1	medium	high	Clayton	Food	1	0	0
OlOVRlcEstxKK_6hMjy63A	afternoon	0	0	1	medium	high	Wilmington	Restaurants	2	1	0
OlcuZ9sWonCsSSGuHxb6yw	evening	3	0	0	long	high	Metairie	Barbeque	2	0	0
Omgbjm2M8GwCM-nK_sXOsA	evening	0	0	1	long	high	Wilmington	Beer Bar	1	0	0
Ou8xVbr-Sj7MSetBxTudMQ	evening	5	1	1	long	high	Deptford	Do-It-Yourself Food	2	0	0
OuJ9rEv3NbMOSndjQyqtGw	afternoon	4	0	1	long	high	Saint Petersburg	Restaurants	2	1	1
Oun4NN-u5yiHIxDqtJnxgA	afternoon	2	0	1	long	high	Philadelphia	Restaurants	1	0	0
OyHbS1sJ4CguExlWa-XWDg	evening	0	0	1	medium	high	Metairie	American (Traditional)	2	1	0
P08EbPAfAJ_wbJu9CDPZAg	night	1	0	1	medium	high	Tampa	Breakfast & Brunch	1	0	0
P0yKtQ4cFjNTY1X2CIdzBw	afternoon	0	0	1	long	high	Tampa	Hotels & Travel	4	1	1
P10BsKUeoeCeVoK4BS2u0w	evening	2	0	1	medium	high	Riverview	Restaurants	1	0	1
P1DkSlegzHKdxJAXe0QevA	evening	5	1	1	long	high	Philadelphia	Restaurants	2	0	0
P2YTnJHCnrO8aprZF3odvQ	afternoon	1	0	1	long	high	Pinellas Park	Restaurants	1	0	0
P3qii5-Hch2tDd1e59znXQ	afternoon	4	0	1	long	high	Tampa	Food	1	1	0
P48O-s2OOVq8UBtskQ90tQ	night	4	0	0	medium	high	Edmonton	Fast Food	2	1	0
P5Wq5OwEJ0Zz7piLoToXDA	evening	5	1	1	medium	high	Temple Terrace	Bars	2	1	1
P6_0KGFZO3K0qHSfhUuINg	evening	0	0	1	long	high	Hatboro	American (New)	2	1	1
P7WVgysLmf72i8Ql6mZtBA	afternoon	4	0	1	medium	high	Des Peres	Food	1	0	1
P8QLcGZZOPgl9w_3ARBKiQ	afternoon	1	0	1	long	high	Philadelphia	Japanese	2	0	0
P9VrCQBcyoDmMV5xtlOBsQ	evening	5	0	1	long	high	Edmonton	Food	2	1	0
PBtZNTQl5tRReeC8It1G7g	afternoon	2	0	0	long	high	Safety Harbor	Restaurants	3	1	1
PCM-vL-vRLJ4HB2OE8Nnbg	evening	3	0	1	medium	high	Malvern	Bars	2	1	1
PHBKsp1j4SVJuS_fQtiUig	evening	0	0	1	long	high	Indianapolis	Ice Cream & Frozen Yogurt	1	0	1
PV-QIZ3ljjjFBBrBk6s3Gw	evening	0	0	1	long	high	Metairie	Restaurants	2	1	0
PW6C4OMpPQ_Zm7oiwNIVgw	afternoon	2	0	1	long	high	Philadelphia	French	2	1	1
PXQGiGwBqfFuO81BFB3LHg	afternoon	4	0	0	long	high	Indianapolis	Soul Food	2	1	0
PXsDX1wvizL93PcMAgxQ7w	afternoon	5	1	1	long	high	Florence	Irish Pub	2	1	0
PY8vAG0UUhFOENjqvzI1Og	evening	5	1	1	long	high	Boise	Seafood	2	1	0
PYUI1OJVksGUbCrteU68bw	afternoon	0	0	1	long	high	Philadelphia	Bars	2	1	1
PYW8Buz8S8LpjIe6mZTAcw	night	3	0	0	medium	high	Greenwood	Food	2	0	0
P_x9fEz8efemqOIV46S0tg	afternoon	6	0	1	long	high	St Petersburg	Bars	2	1	1
PaOJy2n3oRBpIigV6TMxlg	afternoon	3	0	1	medium	high	Fairless Hills	Restaurants	2	0	0
PdMXmOWDRHICAx6SLgu1dQ	afternoon	0	0	1	long	high	Philadelphia	Italian	2	1	1
PfmbhnCC7nrcvD6QBMEDhQ	afternoon	1	0	1	medium	high	Tampa	Coffee & Tea	1	0	1
PjWv-WZKYtkKbqOG0y83ZQ	night	1	0	1	long	high	Edmonton	Vietnamese	2	1	0
PjknD8uD_0tisZQbomiYoQ	afternoon	4	0	1	medium	high	Philadelphia	Restaurants	1	0	0
PkX5BefuAKQf2Urhjthx9Q	afternoon	4	0	1	medium	high	Indianapolis	Food	2	0	0
Pkvs0bMBlJJ0nMjX2iKFGw	evening	1	0	1	medium	high	Sherwood Park	Restaurants	2	1	0
PwcYNxBGzefCM1ofAMZJ9Q	night	5	1	1	long	high	Boise	Restaurants	1	0	0
PxEiXqMAzzvp8GFlb5EoLg	evening	0	0	1	long	high	Philadelphia	Restaurants	2	1	1
PxQZBLFh14LFIj4HHWG_Kg	evening	0	0	1	long	high	Clementon	Mexican	2	0	0
PzhPMkaNYiKDTHoTG0r8rw	night	5	1	1	long	high	New Orleans	Vietnamese	1	0	1
Q-a-DzqRufrPL6EcUDpyag	evening	3	0	1	long	high	Saint Charles	Beer	2	1	0
Q-prSTdggNlxAEFV88BZOw	afternoon	1	0	1	long	high	Philadelphia	Beer	2	1	1
Q1HHAb4FzrzfnnrRyA8fgg	night	2	0	1	medium	high	Indianapolis	Restaurants	2	1	1
Q1kcXbMJoI-QnPsYIbNnPw	night	0	0	1	long	high	Buckingham	Seafood Markets	2	0	0
Q1rNgP8l4cVykCK8n40tWQ	night	5	1	1	medium	high	Wesley Chapel	Convenience Stores	2	0	0
Q21nd52A3wOMlu7b28ZISQ	night	2	0	1	long	high	Saint Louis	Chinese	1	0	0
Q4q9xFDxErreYTMrRshP_Q	afternoon	2	0	1	long	high	Clearwater	Restaurants	1	1	1
Q5odYgHa-ApKOPVrEFmRQA	evening	0	0	1	medium	high	Tampa	Music Venues	2	1	1
QCSLVCAx7nl_0B2PNVSnyg	afternoon	2	0	1	long	high	Maryville 	Food	1	0	0
QDvQmizwCiFGf3y0Om9jyA	afternoon	4	0	1	long	high	Philadelphia	American (Traditional)	1	0	1
QExWORi8kxwQGdXlFXRc-Q	afternoon	0	0	0	long	high	Hudson	American (Traditional)	1	1	0
QGUj9Za0iG_OJz0CqujE_Q	afternoon	0	0	1	long	high	Saint Petersburg	Sandwiches	1	0	1
QHzOlsTXfspSOMJ5SCxeCQ	afternoon	0	0	1	long	high	Tampa	Barbeque	1	1	0
QJfM8uRNy6KHhj6kIatzmg	afternoon	6	0	1	long	high	Clayton	Food	2	1	1
QOLZ390GGFEBpnky2oNjjA	night	5	1	1	medium	high	Edmonton	Ice Cream & Frozen Yogurt	2	0	0
QSA-x2bb3kum9QLFpy7vUg	evening	1	0	0	medium	high	Fishers	Restaurants	1	0	0
QTeEX_XchMKgS27yX913mA	evening	3	0	1	long	high	Marlton	Food	2	1	0
QU6xxKwHXR6xQ5oi2yIKLw	night	0	0	1	long	high	Edmonton	Grocery	1	0	0
QUEWdnmVCv2Ri8xJATTrIQ	afternoon	0	0	1	long	high	New Orleans	Chicken Wings	1	0	0
QUnvoceeKLK201dOflQThA	afternoon	1	0	1	long	high	New Orleans	Street Vendors	1	0	0
QUxFneps0qX5S8XpEUnazg	night	2	0	1	medium	high	Nashville	Restaurants	2	1	0
QWqKTWQ2OiDgo3dzNkpung	night	0	0	1	medium	high	Philadelphia	Korean	2	0	0
Q_4XtUDxWDasRhORDaC-jw	afternoon	2	0	0	medium	high	Trinity	Fast Food	2	0	0
Q_Wo3rX84Dy-YdQsiDmrWw	evening	2	0	1	long	high	New Orleans	Jazz & Blues	2	1	1
Qbxo9pb5yDsbD3GSuzYOjQ	night	0	0	1	long	high	Collingswood	American (New)	2	0	0
QcuTCSfnI6WqKpuDL_a0OA	morning	2	0	1	long	high	St. Petersburg	Food	2	0	0
QdN72BWoyFypdGJhhI5r7g	afternoon	5	1	0	medium	high	Philadelphia	Cocktail Bars	2	1	0
QdQpt47Xg6GXZfJm-Kaebw	afternoon	5	1	1	medium	high	Tucson	Restaurants	1	1	0
Qe7fZel3Rw6yHty-gCBExA	evening	6	1	0	short	high	Royersford	Ice Cream & Frozen Yogurt	1	0	0
Qg9Sx8RwqnpYKQeSjfPh2w	evening	1	0	1	long	high	Tampa	Food	2	0	1
QjktE2M71v56CVHERuyiTg	night	3	0	1	medium	high	Philadelphia	Cafes	2	0	1
QkyEr9j7il9lJqseTbPe5w	night	1	0	1	long	high	Media	Restaurants	2	1	1
Ql466RUZPLvKo_Cc9kIWzQ	evening	0	0	0	medium	high	Lafayette Hill	Sushi Bars	2	0	0
QpPc51mH86xyrRmnFijpTQ	evening	6	1	1	long	high	Hendersonville	Coffee & Tea	1	0	1
QrO4-F28JK4mQLP3eDbQ0A	afternoon	5	1	1	long	high	St. Louis	Bars	2	1	1
QvjY9esYNRMe_5kvT6TC5g	evening	0	0	1	long	high	Philadelphia	Pakistani	2	0	0
QyMoP9r9KTht-r54EL2elQ	evening	2	0	1	long	high	Hatfield	Restaurants	2	1	1
QyWxTsVvvqSEpU1KNblRbQ	afternoon	0	0	1	long	high	Philadelphia	Restaurants	1	0	1
R07rb3FN2QoRIbB6r6HDxQ	evening	4	0	1	long	high	Kenner	Breakfast & Brunch	1	0	0
R0HjMCL_m5wjBeUpOXqzdA	evening	0	0	1	long	high	Tampa	Food	1	1	1
R4eAWOt6Kz_rmo8B9FyG8g	afternoon	4	0	0	long	high	Tampa	Restaurants	1	0	0
R76nXl5oTep-d1ZGPZSimQ	afternoon	3	0	1	long	high	Philadelphia	Restaurants	1	1	0
R77LwVI3wPAFmDLrXt3zZA	evening	0	0	1	long	high	Saint Louis	Restaurants	1	1	0
RBI0TYx_VmVa_GhW1LZpuA	afternoon	1	0	1	medium	high	Sherwood Park	Restaurants	2	1	0
RCguFZat10TcbDMeeeM3IQ	night	2	0	1	long	high	Reno	Restaurants	1	0	0
RCy4M2ND4YK0uRbodV_v8g	afternoon	1	0	1	medium	high	New Orleans	Coffee & Tea	2	0	1
REns5fQe45Nk_D2UwQyr0w	afternoon	6	0	1	long	high	Philadelphia	Restaurants	2	1	1
REt83ozDeIl6fCYZuAjNrA	afternoon	2	0	1	long	high	Philadelphia	Chinese	1	0	0
RG4FoRw0vjzrCjMl4Apk4A	evening	6	1	1	long	high	Apollo Beach	Seafood	2	0	0
RI33oswGDkIsc0fuQ8GzjA	evening	1	0	1	medium	high	Philadelphia	Restaurants	1	0	1
RK93mcFftFbN2UN7JXBp6Q	evening	1	0	0	long	high	Sparks	Restaurants	2	1	1
RKVZbcCKNcAM5Jk_cV7I9A	afternoon	0	0	1	long	high	Saint Louis	American (New)	2	1	1
RMjHlAejNrLHzF4-G4uyng	afternoon	1	0	0	long	high	Safety Harbor	Southern	2	1	1
ROcx9FXq206zfI77MGo1Yw	evening	3	0	1	long	high	Indianapolis	Restaurants	2	1	0
ROeacJQwBeh05Rqg7F6TCg	afternoon	1	0	1	long	high	Philadelphia	Korean	1	0	0
RPLPto1ejkyE8vsGOV5phg	morning	4	0	0	medium	high	Upper Darby	Burgers	1	1	0
RTEdyP_6wGvXQugln1jxbg	afternoon	2	0	1	long	high	Brentwood	American (Traditional)	2	1	0
RVLF2RaStLkJiQCqBHknDw	evening	0	0	1	long	high	Philadelphia	Food	1	0	1
RWOqFGfUrdL60jOrtxmcGw	morning	1	0	1	long	high	Madeira Beach	Sushi Bars	2	1	0
RWY-NtTfOdphkgcS9RL5ZQ	afternoon	0	0	1	long	high	Nashville	Food	1	0	0
RXY3591yiSM2GQyhbHdeNQ	evening	3	0	1	long	high	Indianapolis	Restaurants	1	1	0
RZtGWDLCAtuipwaZ-UfjmQ	afternoon	3	0	1	long	high	Philadelphia	Pizza	2	1	1
RfO-dnZM_KCIPELt6q0dWg	evening	6	1	1	long	high	Saint Louis	Pizza	1	1	1
Rfm8upoRKXQACvtjk2S6KQ	night	4	0	1	medium	high	Fairview Heights	American (Traditional)	2	1	1
RgAUDZXDJYwz7BI6u9aP5w	afternoon	0	0	1	long	high	Maplewood	American (New)	2	1	0
RhuYqAT45uIR2NNdDsolXQ	afternoon	0	0	1	long	high	Tucson	Restaurants	1	0	0
Rj7XqaLHLVmjbV8ucwZj5Q	night	0	0	1	long	high	Trenton	Caterers	1	0	0
RkA7wLIxPweJn0HgLSNjHw	afternoon	0	0	0	medium	high	Brandon	Bars	2	1	1
Rl7W2JPAUWFo2ZZdVeGAWA	afternoon	0	0	1	long	high	Lansdale	Restaurants	1	0	0
RlaK11dNVoL9XsLWBF8ySw	afternoon	2	0	0	long	high	Indianapolis	Food	2	0	0
RmEuAg_sbAI7DD3BurvO8Q	morning	1	0	1	medium	high	Upper Southampton Township	Food	2	0	1
RnqU698MbIjq_eZHEzYL6g	afternoon	1	0	0	long	low	Tampa	Seafood	1	0	0
Rply0vEJrwuAa1vOvJgTnw	night	1	0	1	medium	high	Eddystone	Food	2	0	0
RrqRin8BYGrTlJbCDwtLzA	evening	0	0	1	long	high	Philadelphia	Delis	1	1	0
RsJE0PIwTgKSB6CHmutjAw	afternoon	0	0	1	long	high	Edmonton	Food	2	0	1
RuBWR6CAgVi7iWR8LHUi6A	evening	2	0	1	long	high	Edmonton	Barbeque	2	1	0
RuEIK45gBF5iDbYoSa9tOA	afternoon	0	0	1	long	high	Edmonton	American (Traditional)	2	1	0
RuuGJoMm2Y3wbLbPPHTvqw	evening	2	1	1	medium	high	Runnemede	Restaurants	2	1	1
Rv6P37KiiuowrXti2JHZNQ	afternoon	3	0	1	short	high	Pinellas Park	Event Planning & Services	1	1	0
RwOV1rfT7vA1qw8vgf-yBA	evening	2	0	1	medium	high	Saint Louis	Burgers	1	1	1
Rx5lfHMWkezmQjCfr2ziAw	afternoon	0	0	1	medium	high	New Orleans	Vietnamese	1	1	0
Ryt1Fhgz7sixMQSJiLyP_g	evening	0	0	1	long	high	Philadelphia	Restaurants	2	1	1
RzGr37s8p2ujVuN9of7ksQ	morning	3	0	0	medium	high	Nashville	Bakeries	1	0	0
S-VD26LE_LeJNx5nASk_pw	morning	3	0	1	long	high	Upper Darby	Restaurants	2	0	0
S2Ho8yLxhKAa26pBAm6rxA	night	0	0	1	long	high	New Orleans	Cajun/Creole	2	1	1
S3Kl763P-wKnDLFy0iirqA	night	4	0	0	long	high	Edmonton	Bars	2	1	0
S3QHy1sshUeZwXOYviVsXQ	evening	6	1	1	long	high	Montecito	Food	3	1	1
S87d-VjLFY8ZMoj6MUo_tg	night	2	1	1	medium	high	University City	Chinese	2	0	0
SFafZpcCcjO28VzimGmKrQ	evening	0	0	1	long	high	New Port Richey	Restaurants	1	0	0
SIoCIxjn4jLt2O-4DajWJw	afternoon	6	0	1	long	high	Philadelphia	Nightlife	2	1	1
SKW1zA4nY_SPKkQPmXNHoA	afternoon	1	0	1	long	high	Carmel	Food	2	0	0
SKgD0jRWVKk3NqOtSs3VFA	evening	0	0	1	long	high	Tucson	Restaurants	1	0	0
SKph9ovzvVSNzNFICgKb1Q	evening	0	0	1	long	high	Clearwater	Restaurants	2	1	1
SLreQZjicOqB_7MCfJ8MdQ	afternoon	2	0	1	long	high	Tucson	Restaurants	2	0	1
SNQ8sn7R9_e92GWKMCNSgg	afternoon	6	0	1	long	high	Saint Louis	Fast Food	1	0	0
SNYpn2BdTbz8QrrfH8rvdw	evening	6	1	1	medium	high	Bala Cynwyd	Restaurants	2	1	0
SRb3xScVOeYfhZP4U8LMdA	evening	1	0	1	medium	high	Indianapolis	Food	1	0	1
SS4__vpB-2xeX0DFARgl0w	afternoon	4	0	0	long	high	Croydon	Restaurants	1	0	0
SSZDGl2J-CEyIzuIbEiYNQ	afternoon	1	0	1	long	high	Saint Louis	Bars	2	1	0
STtVemevd30WoiZWn_taiQ	afternoon	3	0	1	medium	high	Oldsmar	Latin American	1	0	1
SVSafDWg9r2Q5XEVOLPSSA	night	3	0	1	long	high	Reno	Cantonese	2	1	0
SVV1VmybJGXGge6nFuHy_A	evening	0	0	1	long	high	Philadelphia	Specialty Food	3	0	0
SVdYIdv7EWVipdqT0ifIEw	night	6	1	1	medium	high	Saint Louis	Restaurants	1	1	1
SYy81zP4MPF4DtOqjRq4qg	afternoon	1	0	1	long	high	Tampa	Breweries	1	0	0
SZU9c8V2GuREDN5KgyHFJw	evening	3	0	1	long	high	Santa Barbara	Live/Raw Food	2	1	1
S_tu8JCeZsbpgJsqRFaSBg	evening	1	0	1	medium	high	Carmel	Restaurants	1	0	0
SaUbh0sMSev8gKNJYtC76g	evening	5	1	0	long	high	Santa Barbara	American (New)	2	1	1
SbdL-8NSmTWgSwdGZBa7WQ	afternoon	6	1	1	medium	high	Tucson	Food	2	1	0
ScXMp9vL7yjmG__hRK8azw	night	3	0	0	medium	high	Royersford	Restaurants	2	0	1
ShMMSvD_xxf3qfy70T2MrA	afternoon	4	0	0	medium	high	Broomall	Pizza	1	0	0
Shywx8-jqV1IxwLaefbcSA	morning	1	0	1	medium	high	Philadelphia	Food	1	0	0
SjjrTfCxmLp0kJgy62sRAg	afternoon	4	0	0	long	high	Tucson	Restaurants	1	0	1
SkWaAf50KiN2m0zXfnAuiA	afternoon	4	0	1	long	high	Hockessin	Cheesesteaks	2	0	0
Sl8hH3uzlFoO29Ip5cIKeg	afternoon	0	0	1	medium	high	Tampa	American (New)	1	0	0
SlGNxQI23jc9iTZNTs_I3g	afternoon	1	0	1	long	high	Exton	Restaurants	2	1	1
SlLfWzeYOrVBxCd-0QILZQ	afternoon	2	0	1	long	high	Cherry Hill	Cajun/Creole	2	0	0
SlZJATE_TGUU8X34UJNi4g	afternoon	3	0	1	medium	high	Indianapolis	Mexican	2	1	1
Snjg9ED5u3n-Fx0whMWAfA	afternoon	1	0	1	long	high	Metairie	Sandwiches	2	1	1
SoJwDKedR7SJh7-G69C38A	afternoon	3	0	1	medium	high	New Hope	Chinese	1	0	0
SpKppNFimODBt-BZ0c2WbA	afternoon	4	0	0	medium	high	Springfield	Coffee & Tea	1	0	0
Sp_uktFiCrrARCKu2BNw7g	evening	6	1	1	medium	high	Seminole	Specialty Food	1	0	0
SuQgcpL-aZeuyRjBdA0pHw	afternoon	1	0	1	long	high	Rosemont	Restaurants	2	1	0
Su_KoRa64akK19myzyK3xA	afternoon	0	0	0	long	high	Philadelphia	Restaurants	3	1	1
SvKPvahr8Q8nLE0hNI6q9g	evening	6	1	1	long	high	St.Rose	Restaurants	1	1	0
Sw7qcWQ5_iOUjBZMhSxyOQ	evening	3	0	1	long	high	South Pasadena	Seafood	2	1	1
SwBhaxfQPbyhsi0QHUAN0A	afternoon	3	0	1	long	high	Tampa	Food	2	1	0
SwWfW3vBn5QkDE7T3urGAg	evening	0	0	1	long	high	Mount Juliet	Indian	2	1	1
Swjkmg5qAHT6hwXQRWQoHQ	afternoon	6	0	1	long	high	Tampa	American (New)	2	1	1
SySSMQNIfXN4KZyMtEukEw	afternoon	5	0	1	long	high	Tampa	Steakhouses	3	1	0
SyfP3r24NyOICnWrAYZgeQ	afternoon	4	0	0	long	high	Willow Grove	Asian Fusion	2	0	0
T-uphPk44OFt6sR8F-0uHA	night	0	0	1	long	high	Voorhees	American (New)	2	1	1
T4rJKYfjty5-2N2QTcvGyw	afternoon	6	1	0	medium	high	Jenkintown	Dive Bars	1	1	0
T5f-IRQWQYgFQbgO_kVkvg	afternoon	0	0	0	medium	high	West Chester	Breakfast & Brunch	1	1	1
T8lxi3V2avTVXCanVkAFNg	afternoon	1	0	0	long	high	Philadelphia	Italian	1	0	0
T9n_LqUUhC2b1ALhg57Y5Q	night	0	0	1	medium	high	Bensalem	Steakhouses	2	1	0
TCHh4RIrvp7h2BucXt1kvA	evening	1	0	0	medium	high	Ardmore	Pizza	1	0	0
TCROPjxfzCZzrQjqLqstSg	evening	2	0	1	long	high	Philadelphia	Coffee & Tea	1	0	1
TCdNYh5tdjoNmA1WMx3ZPg	night	0	0	1	medium	high	Philadelphia	Restaurants	1	1	1
TDKBPcViJQDMrdUm6a9XZA	night	6	0	1	long	high	Reno	Food	2	1	1
TFnGJlA5l_HDdzGDkNTdTA	evening	2	0	1	long	high	Philadelphia	American (New)	2	1	0
TGfPJHImEq6AQL9a1laxlg	night	0	0	1	long	high	Philadelphia	Event Planning & Services	1	0	0
TI4p9i21JONcud4TigOn0Q	afternoon	1	0	1	long	high	Voorhees	Salad	2	1	0
TK9x9sCWRDwtiV5UAzrRTg	night	3	0	1	long	high	Reno	Restaurants	1	0	0
TO1twT7_FLMbNeDm3KNNRw	afternoon	4	0	0	long	high	Mount Laurel	Caterers	2	0	0
TQloD2_k3J67Q1J_picgfw	afternoon	3	0	1	medium	high	Philadelphia	Convenience Stores	1	0	0
TRxR32_T_7Ly_RW4Ke97fw	night	0	0	1	long	high	Saint Louis	Chinese	1	0	0
TTUsGHhMch_hW03be2H0oA	night	5	1	1	long	high	Edmonton	Restaurants	2	1	0
TTl2V6mG7IAMi_JK16bgow	night	2	0	1	long	high	Tucson	Coffee & Tea	2	0	0
TTsBa6e2qgIEkiFQfYLmYA	afternoon	3	0	0	long	high	Tampa	Juice Bars & Smoothies	1	0	1
TUH-FGpkOKCOVGIzmtTtfg	night	0	0	1	long	high	Boise	Bars	2	1	1
TUhRukcZb3tG0cB_X68FCQ	afternoon	1	0	1	medium	high	North Wales	Restaurants	2	1	0
TV81bpCQ6p6o4Hau5hk-zw	evening	4	0	1	medium	high	Tarpon Springs	Food	2	1	1
TXoxXn3IETBBJxZQMQK3rw	afternoon	5	1	1	long	high	Tampa	Seafood	2	1	0
Ta4yDNJBZUFhFtYjAxKHig	afternoon	3	0	1	medium	high	West Chester	Restaurants	1	0	1
Tcf5_PclJOpuLMfYQUG8jw	evening	4	0	0	medium	low	Avon	Restaurants	2	1	1
TexC8cWPqLQKjFX80LBQ4A	evening	3	0	1	medium	high	McCordsville	Grocery	2	0	0
TfcdLs2Re40wIz6UmYpaAQ	evening	0	0	1	long	high	Bryn Mawr	Restaurants	2	1	0
TfcpJBiFNnDaochnmp4M2Q	afternoon	0	0	1	long	high	Nashville	Cafes	2	1	0
TghRoAMx43V-9l7mH-SENg	afternoon	2	0	1	long	high	Clearwater Beach	Food	2	1	1
ThZyytdc_kj2uBYFiSao-A	afternoon	0	0	1	long	high	New Castle	Food	2	1	0
Tl24lMv2aCuLs4u45NquJQ	afternoon	0	0	1	long	high	Cherry Hill	Italian	2	0	1
To8sBx3uED_CIgtRW3Jrxg	afternoon	1	0	1	long	high	Indianapolis	Barbeque	1	0	0
Tq5jFk_BMSJG8-flqj5Bgw	night	4	0	1	medium	high	University City	Salad	2	1	1
TqgsB91kKWjU4aKGR4GCgQ	evening	3	0	1	long	high	Eagleville	American (Traditional)	2	1	1
Tqt99-TsbRT4bmsXHyA1lA	afternoon	3	0	1	long	high	Edmonton	Restaurants	3	1	1
Tt4byMYA7FvAkQ3MigcJWQ	evening	6	0	1	long	high	New Orleans	Restaurants	2	1	1
TuRy46Cyb7MWjV7VM8VNYg	afternoon	0	0	0	medium	high	Norristown	Pizza	2	1	0
TuYx8LUw7shzFGXQuUmbNA	afternoon	6	0	0	long	high	Cherry Hill	Restaurants	2	0	1
TvAgXHsAt1s2PgxA1pQa-w	afternoon	0	0	0	long	high	Eagle	Food	2	1	1
TvyaZIcbjAgO-r8m3oz8sA	afternoon	1	0	1	long	high	Fishers	American (Traditional)	2	1	1
TxT_v3sUf5XU6vi1iAsdhg	afternoon	0	0	1	long	high	Philadelphia	Food	2	0	0
TxmcI-zL4gR-GaULGMdU0w	evening	5	1	1	medium	high	Phoenixville	Food	1	0	0
U0ICWpbd1C0GD9SpIv3bSA	afternoon	4	0	1	long	high	Brandon	Restaurants	2	1	1
U30ggGzFpXvc2NZYwOW3qg	afternoon	4	0	1	long	high	Philadelphia	Cafes	1	0	1
U3aNQ5DsABPYyJQolsCbJg	evening	1	0	1	long	high	Tucson	Diners	3	1	1
U3cudGMQsFqpAgpnonvYqA	afternoon	1	0	1	long	high	Bridgeton	Mexican	2	1	1
U8NTSQowS3pcfs3KbR2jCA	afternoon	1	0	1	medium	high	Riverview	Convenience Stores	2	0	0
U8YI5k4c392EmPY7NsRZZg	night	1	0	1	long	high	Spring Hill	Chinese	1	1	0
U8jSYiECyAljqTL2U1ERGw	night	6	1	0	medium	high	West Chester	Vietnamese	2	0	0
UCMSWPqzXjd7QHq7v8PJjQ	evening	0	0	1	long	high	Tucson	Restaurants	2	1	1
UEgiQRvpAeaq-QyEvm7Ysw	evening	3	0	1	long	high	Fishers	Restaurants	1	0	1
UKA2eeAZmO4ACB2J0kFISw	evening	2	0	1	long	high	Reno	Fast Food	1	0	1
ULReFPrCIDRbGKwP3ZsHwg	afternoon	5	0	1	medium	high	Saint Louis	Donuts	1	0	0
UM6XgOtTX4DWWcGDTWtjEg	afternoon	1	0	1	long	high	St Louis	Dance Clubs	1	1	1
UN2UmcNSI_7HKdfVvLbkgw	afternoon	0	0	1	long	high	Creve Coeur	Vietnamese	2	1	0
UNRqCfwvvcU7jdbvExbhDg	afternoon	1	0	1	medium	high	Bryn Mawr	Irish Pub	2	1	0
UQ0jqOj3e0Eqr1bd6bnL3g	night	2	0	1	long	high	Lemay	Burgers	2	0	0
URp-c4MOFJPLsfES_JBmBg	afternoon	1	0	1	medium	high	Bryn Mawr	Restaurants	1	1	0
USekrAG0-4tJUs9V2gBBOQ	afternoon	0	0	0	long	high	Dunedin	Poke	2	1	1
USyJiGIvZ8fHjRVaVTu1Zw	evening	2	0	1	long	high	Philadelphia	Restaurants	1	0	0
UUOOjXAyk7dBpwTtKCnwyg	afternoon	2	0	1	long	high	Saint Petersburg	Restaurants	1	1	1
UVE_f01HDCnkyQVhIApUrQ	evening	1	0	1	long	high	New Orleans	Restaurants	1	0	1
UX3eq0WsVva-cqlVrzyzFg	evening	0	0	0	long	high	Sparks	Bars	2	1	1
UYkbkXVD-wK3OhXQrNJTGg	afternoon	2	0	1	long	high	Indianapolis	Salad	2	1	0
UakVMT3xrpbFB2pHdxPjnw	night	2	0	1	long	high	Dunedin	Bars	2	1	1
UaovDcnP0QzsmGf6vXvg9w	evening	0	0	1	long	high	Philadelphia	American (New)	3	1	1
Uc6PdjT_MO5bRPQsUUEy5Q	afternoon	4	0	1	long	high	Tampa	Restaurants	2	1	1
Ucl9Vo5lwrUmYbV8Dv8X5g	afternoon	4	0	1	long	high	Tampa	Bars	2	1	1
UfjOESkPzTXkV2o5suvkBg	night	0	0	0	long	low	Maple Shade	Food	1	0	0
Ugoyu-TIppruxRTkbej3lA	afternoon	5	1	1	long	high	Philadelphia	Karaoke	2	0	0
UgvyukRCZidKkqtIeOVDMg	night	0	0	1	medium	high	Edmonton	Coffee & Tea	2	1	1
UhSVDwQFW6mKmaEA5OTU7A	afternoon	1	0	1	long	high	Philadelphia	Vegetarian	2	0	0
UhjfJpaAzgSYrTZ_dMMF1Q	afternoon	4	0	1	long	high	Essington	Restaurants	2	0	0
Uj8UjZN3RTafE9gJWz1pvQ	evening	5	1	1	long	high	Hatboro	Donuts	1	0	0
UmjITdXHhEF46ho6IhaGQg	afternoon	6	0	0	long	high	New Orleans	Adult Entertainment	2	1	0
Uo7DwnBqlkRVZedFHlTRCg	afternoon	1	0	1	long	high	Saint Louis	Pizza	2	0	0
Up0a_4ZYoU5tTN6HXq59Lw	afternoon	0	0	0	long	high	Nashville	American (Traditional)	1	1	0
UqXyn-KwePFVhvo1rbQVVw	night	6	1	1	long	high	Edmonton	Breakfast & Brunch	2	1	0
UtfRoSHPShDwNBc1lLlZbw	afternoon	4	0	0	medium	low	Saint Louis	Chinese	1	0	0
Uu7jwsfsaU-VJrV8Kpb4uw	evening	6	1	0	short	high	Phoenixville	Restaurants	1	0	1
UuWNE12-HI-4UPilREGX5g	night	2	0	0	short	high	Drexel Hill	Restaurants	2	1	0
UvBSMmsmtT4RABoKy2ZJeQ	afternoon	2	0	1	long	high	Nashville	Nightlife	2	1	1
Uy0r4bzRmY5LFtDfzNgkag	afternoon	6	0	1	long	high	University City	Mexican	2	1	0
UyD7FJamt_pw1V4d00lwjA	evening	3	0	0	long	high	King of Prussia	Middle Eastern	1	0	0
V378VWx4D8BstWNRFwDULg	night	0	0	1	medium	high	Tampa	Ice Cream & Frozen Yogurt	1	0	0
V4hrRo9WgMfwaFSQy7KinQ	evening	0	0	0	long	high	Reno	Nightlife	1	1	1
V4lqQdll3_TAEtkrHDYbAA	afternoon	6	1	1	medium	high	Goleta	Italian	1	1	1
V6Om7YZhlRQRU7WfuxHq8Q	afternoon	2	0	1	medium	high	Philadelphia	Restaurants	1	0	0
V7TaLZ5EB94hqRIZ1_xjGQ	afternoon	3	0	0	long	high	Springfield	Sushi Bars	2	0	0
V84WWG0hJsCWthqxS6zftg	evening	0	0	1	long	high	Brentwood	Caterers	2	0	0
V8H6z5ulGJEkaFUyRfmLKw	night	2	0	1	medium	high	Madeira Beach	Seafood	2	1	1
V9XlikTxq0My4gE8LULsjw	afternoon	3	0	1	long	high	Tucson	Restaurants	2	1	1
VAxb8k1hygv1nc7uI3d9NA	evening	2	0	0	long	high	Levittown	Bars	2	1	1
VBWUdluhRQf5kqawykM6Nw	night	3	0	1	long	high	New Orleans	Seafood	2	1	1
VCjvaX_78oEKG3I9oTJEag	afternoon	0	0	1	long	high	New Orleans	Coffee & Tea	1	0	1
VD4Rdyj0tauBckrTYgIcpQ	afternoon	0	0	1	long	high	Philadelphia	Restaurants	2	0	0
VF2PtrstMeasOK_4d4VHVA	afternoon	4	0	0	long	high	Tucson	Restaurants	1	0	0
VJDGI6EPMa28KbNrLrITEQ	afternoon	0	0	1	medium	high	Land O Lakes	Japanese	2	1	0
VJEzpfLs_Jnzgqh5A_FVTg	afternoon	0	0	1	long	high	Philadelphia	Soup	2	0	1
VJdGQyg_OvMLDKE9lnEISA	evening	0	0	1	long	high	Carmel	Caterers	2	0	1
VK5NEKDHnZG8YcAw2JpaWw	evening	6	1	0	medium	high	Spring City	Golf	2	1	1
VKBuUNM_9TGvle-Agq-bjg	afternoon	0	0	1	long	high	Edmonton	Burgers	2	1	0
VLryc6Q-JbhMdrg7L6rRww	night	3	0	1	long	high	Franklin	Bars	2	1	1
VMzqIWdoSNHYWXxLk3C-RQ	evening	5	1	1	long	high	Broomall	Mexican	1	1	1
VOEN8f9WEysinBsLqbiVqg	morning	5	1	1	long	high	Metairie	Venues & Event Spaces	3	1	1
VOGWnQHijIpURf4eNSvIaw	evening	1	0	0	long	high	Land o lakes	Buffets	2	1	0
VRGYwKE_Z77frm5NwLvJhw	afternoon	2	0	1	long	high	Nashville	Bars	2	1	0
VRnJgj0IvxoksHppE78X2Q	afternoon	5	0	1	long	high	Philadelphia	Dim Sum	2	1	0
VVvUBlc_WIEb8obKGq39dA	evening	3	0	1	long	high	Tampa	Irish Pub	2	1	0
VYTFqb1NVLleeStQaUEP0Q	night	0	0	1	long	high	Saint Louis	Restaurants	2	1	0
VZFQS0SXzXPuxISbAgIVBA	afternoon	2	0	0	long	high	Conshohocken	Restaurants	1	0	1
VZfc50XVwgdCecH4YbGNFg	night	6	1	1	long	high	Tampa	American (New)	2	1	1
VZzivJEbmHItOxNXJB3SpA	morning	0	0	0	medium	high	Brentwood	Sandwiches	1	0	0
VbItL6RDULtnw4YvB6EhVg	afternoon	0	0	1	medium	high	Philadelphia	Tex-Mex	2	0	0
VeFfrEZ4iWaecrQg6Eq4cg	afternoon	3	0	0	long	high	Goleta	Burgers	1	1	1
VeLzZBtIDNDEtmLFEWA8sg	evening	4	0	1	short	high	Plainfield	Food	1	0	0
VenhDgh9fRrh9c0Xq0LacQ	evening	3	0	1	long	high	Pinellas Park	Barbeque	2	1	0
VeqkfRUzZAKlQer3npXPdQ	night	4	0	1	long	high	Ballwin	Restaurants	2	0	1
Vf1je11xO_8RtFeBUiV2tg	night	2	0	0	short	high	Tucson	Restaurants	1	1	0
VfgEzpaIHpq4sR2s2P6o5w	afternoon	2	0	1	long	high	New Orleans	Restaurants	2	0	1
Vgkz-0jEkYig7_WPTiTgyw	night	0	0	1	medium	high	Crestwood	Food	2	0	1
Vj_72qKqpL10ECZfbHDyBw	afternoon	3	0	1	long	high	Indianapolis	Food	1	0	1
Vnob_w_Aohf7ZDqxcJ9z2A	evening	0	0	1	long	high	New Orleans	Bars	2	1	0
VrGxoSNZfSiT-G4OqRRGIw	night	6	1	1	long	high	Saint Louis	Bars	2	1	1
VravcZnsQskdqMp9dWS3pg	night	5	1	0	long	high	West Chester	Restaurants	1	0	0
Vv5Fxre786NpKFR_3OduKw	afternoon	0	0	1	long	high	Saint Louis	Mexican	2	1	0
Vx8lGiwyVyxGM-IEwmZIxg	night	2	0	0	medium	high	Drexel Hill	Ice Cream & Frozen Yogurt	1	0	0
W0IFKY22NruJ9dC02yvVqg	evening	1	0	0	medium	high	Dunedin	Seafood	2	1	1
W0JwMDaPz4KxJPqiUuh45A	evening	2	0	1	medium	high	Bryn Mawr	Coffee & Tea	1	1	0
W0vdz23JQtVQX5vJkiCj3g	afternoon	0	0	1	long	high	Saint Petersburg	Bars	2	1	1
W3pOGK9qIZJbA6CS0HRNcQ	night	0	0	1	long	high	Indianapolis	Pizza	2	0	0
W4Nx1wALHKeO6fm9DxD7bg	evening	6	1	0	medium	high	Harahan	Furniture Stores	2	0	0
W4ZEKkva9HpAdZG88juwyQ	afternoon	2	0	1	long	high	New Orleans	Bars	3	1	0
W4rgF_1eKzFZiGUOsgbGMA	afternoon	0	0	1	long	high	Carmel	Pakistani	2	1	0
W57cR9a7XP6RX56MSWHJJA	evening	3	0	1	long	high	New Orleans	Mexican	2	1	1
W59CQDeBnA06VadX5Hk2Ow	evening	2	0	1	long	high	Tampa	Delis	1	0	0
W6S482dRQ_9nCcLjfv8VNg	night	0	0	0	medium	high	Wilmington	Indian	2	0	0
W7NxQw8UYFR0HLPrI08tvw	night	0	0	0	long	high	Tucson	Restaurants	1	1	1
W8XLPyLx5eD0SgnfxCraDQ	night	0	0	1	long	high	Oldsmar	Grocery	1	0	0
W8Z4rXYkmZlEVSaxIVjyvg	night	6	1	0	long	high	Reno	Restaurants	2	1	1
WAPhi7JdwIvdTBgM9KsxHA	afternoon	3	0	1	long	high	Haddon Township	Grocery	1	0	0
WB7-m5YtEhSwMqEOfbFfyg	night	0	0	1	medium	high	Saint Louis	Bakeries	1	0	0
WDXC3W5lDt2pK2qvw6ds3Q	evening	2	0	1	long	high	Collegeville	Food	2	0	0
WFRro-8uIBpKoJ1VSKrpdw	evening	1	0	1	long	high	Philadelphia	Ice Cream & Frozen Yogurt	1	0	0
WFdIA0fpqQwO_219H8zfQw	morning	6	1	1	medium	high	Webster Groves	Restaurants	2	1	1
WHkMM8OCQhZMsSPnwItsKg	evening	2	0	1	long	high	Tarpon Springs	Hot Dogs	1	1	1
WIv5kTb_P3jnngPkMeRRNw	night	2	0	1	medium	high	Philadelphia	Sushi Bars	2	0	0
WJeipqBVdQmVhnYrXlLb7A	evening	0	0	1	short	high	Blackwood	Beer	1	0	1
WK5Lzv1dte6XMm8Ov17THA	morning	4	0	0	medium	high	Thorndale	Nightlife	2	0	1
WKF4p8kLDng4EECYC3RoeQ	afternoon	4	0	0	long	high	Saint Petersburg	Steakhouses	2	1	0
WKMJwqnfZKsAae75RMP6jA	evening	1	0	1	long	high	Edmonton	Coffee & Tea	2	1	0
WLiqfxv_GhFFA5sm878a2w	afternoon	3	0	1	long	high	Tucson	Chinese	2	1	0
WLrFLRE9uvqj9ahrEjevYw	afternoon	6	0	0	long	high	Moorestown	Vegetarian	2	1	1
WM3q-7scdPUei6fu4SJFYw	afternoon	0	0	1	long	high	Springfield	Restaurants	1	1	0
WMI3BjDby0U-IF6NnN0SXA	afternoon	2	0	1	medium	high	Cherry Hill	Restaurants	1	1	0
WMgB7_odx8hk3BFQAIZ5hQ	afternoon	4	0	1	long	high	Smyrna	Laotian	2	0	0
WO5nr-4sjVs506BdCLL0aA	morning	0	0	1	long	high	Tampa	Restaurants	2	1	0
WQ832PDnsDshhbQFm83ISg	evening	6	0	1	long	high	Tampa	Cinema	2	1	0
WRMlifrYLjRY8q5YUUbfZA	afternoon	1	0	1	medium	high	Philadelphia	Vietnamese	2	0	0
WRQ75NLY793uvDSlura5WQ	evening	5	1	0	long	high	Norristown	Food	1	0	0
WWnRdTjwaTnsLSJX95j-Zw	evening	2	0	0	medium	high	Tampa	Lounges	2	1	1
WXxZigTHz0ap8JXVCEEepA	night	1	0	1	long	high	St Louis	Fast Food	1	0	0
WYYdQDjx-DsCanlP0DpImQ	afternoon	4	0	1	medium	high	Philadelphia	Seafood	2	1	0
WZPCfTRiN4ipajP7gFfziA	afternoon	2	0	1	long	high	Philadelphia	Restaurants	2	0	1
WaRZsQEcEHwRk0T2dJ-cuA	evening	2	0	1	long	high	New Orleans	Mexican	2	1	1
WbA5ud4InNWkizW7HE5kRQ	evening	1	0	1	long	high	Tucson	Mexican	2	1	1
Wc-c_hQK4vFCl9keeVTUZw	afternoon	1	0	1	long	high	New Orleans	Restaurants	2	1	1
Wd9JBLjCCh5yTF0vPAxCAA	evening	2	0	0	long	high	Tucson	Mexican	2	1	0
WecgAHgzAPLOmM-6-Iga2A	evening	0	0	1	medium	high	New Orleans	Sandwiches	2	1	1
WfPmZ9hp50ttugTVgfcPpA	evening	3	0	0	long	low	Boise	Pizza	2	1	1
WjsuXPWARyEYSesvfLVYkg	evening	4	0	1	long	high	Thorofare	Breakfast & Brunch	1	0	0
Wndkw2PinAwTgjeUJOTdCg	night	4	0	1	long	high	Reno	Food	2	1	1
WoFttPbJRti49sXBgOeIBQ	evening	2	0	1	long	high	Wesley Chapel	Bars	2	1	1
WpxcyiUAYYQAnivqz62JtA	evening	5	1	0	long	low	Philadelphia	Cheesesteaks	1	0	0
Wr2k0Vz8RbcumYulp-jIrA	night	5	1	1	long	high	Cherry Hill	Restaurants	2	0	0
WsutM91wvomE-P2ilXslaw	afternoon	1	0	1	long	high	Audubon	Pizza	1	1	0
Wt1W6qwCvna1KzIuJRJbwA	night	0	0	1	long	high	Glassboro	Japanese	2	0	0
WtvENhqvWpjQtfe0OvUwSg	evening	2	0	1	medium	high	Indianapolis	Restaurants	1	0	1
Wy8Hswf2cLQGRZN6armkag	morning	6	1	1	medium	high	Goleta	Restaurants	1	0	0
X-BZp1KMgGzKkf_92Y3fWw	afternoon	2	0	1	long	high	New Orleans	Restaurants	2	1	0
X64JH5kXOjWsBCsGxmFSIw	afternoon	4	0	1	medium	high	Old Hickory	Restaurants	1	1	1
X7YBx8CybmIPymZ0ThCmng	evening	4	0	1	long	high	Saint Louis	Restaurants	2	1	1
X9WTFeGEUjOQ9U6XZ7FqHg	evening	5	1	1	medium	high	Boise	Burgers	2	0	0
X9e-lTfOeY0z6C-VAiSf5Q	afternoon	4	0	1	long	high	St. Petersburg	Restaurants	2	1	0
XBdaG2kQ2Iz9VNGPZokjYg	afternoon	2	0	0	long	high	Philadelphia	Italian	2	1	0
XChttbofX6d-8vk5auNMRw	evening	2	0	0	medium	high	Medford	Food	3	0	0
XDyrMUdIWRBXA-d9kNoB5w	afternoon	5	1	1	short	high	Apollo Beach	Seafood	2	1	1
XGtQdpJh6e7m0-l_ybk2XA	afternoon	2	0	1	medium	high	Indianapolis	Mexican	2	1	1
XMGjDIAFbu9VSmWDs-Ev5w	evening	4	0	1	long	high	St. Louis	Restaurants	2	1	0
XNrhJQ2WYGxeDDTycDp7BA	morning	2	0	1	long	high	Lahaska	Food	2	0	0
XQWZQjC73fCTRGWnD18-Eg	afternoon	2	0	1	long	high	Philadelphia	American (Traditional)	1	0	1
XQnb4KnTqO-QdvEFYpcwAA	night	1	0	1	short	high	Westwego	Restaurants	1	0	0
XV-jiJ6yb0LXlh4EyEWbqQ	afternoon	2	0	1	long	high	Palm Harbor	Italian	2	1	0
XX2PSfT4xuHq0yuoPIge1A	evening	4	0	1	long	high	Zionsville	Breweries	2	1	0
XXZqNGRUyGVLx8oNm6BtBA	evening	5	1	1	medium	high	Reno	Restaurants	1	1	0
XaSNISuTB4DKvzS3Rug5Nw	afternoon	0	0	0	long	high	Flourtown	Restaurants	2	0	0
XahxHmkaFOAwXix2VGRAUQ	afternoon	0	0	1	medium	high	Philadelphia	Food Stands	1	0	1
Xbx0B7y0MAKgR4tqQvWazw	afternoon	0	0	0	short	high	King of Prussia	Food	2	0	0
Xd8wTHTsd5uXdDJDXlxY5w	evening	2	0	1	long	high	Blackwood	Burgers	2	0	0
XgLrkmIqIrD_pl67lAovEQ	afternoon	0	0	1	short	high	Philadelphia	Food Court	2	1	1
XhQYUlI68tXpwJQ0QXjJgw	night	0	0	0	medium	high	Edmonton	Food	2	1	0
XlABylkLaLRv8x4HoH5SQA	evening	1	0	1	long	high	Reno	Shopping	2	0	0
XleIcqVgh3iBeM4s-rdy6g	afternoon	5	1	0	long	high	Goleta	Sandwiches	1	1	1
Xn9XOYqXa4IHdHnaZr9JAA	afternoon	2	0	0	long	high	Saint Louis	Juice Bars & Smoothies	1	0	1
XpTNCVbO5wL1DtDyKzKqfA	afternoon	2	0	0	long	high	Philadelphia	Restaurants	1	0	0
Xsvi9wYhD7u5XrK2EKDd8w	evening	1	0	1	medium	high	Tampa	Pizza	2	1	1
XwPKw3mw214qDxJFfX-pgg	night	5	1	1	long	high	Boyertown	Pizza	2	1	0
XwoXi0M66RU6Gouq-DSDHw	afternoon	4	0	1	long	high	Odessa	Restaurants	1	1	0
Xyg68duCaWR4c-GW3Ob7Tw	morning	3	0	1	medium	high	Reno	Shopping	1	1	0
Y0JF1UN7pfWJ-GuzuVXM0g	afternoon	2	0	1	long	high	New Orleans	Restaurants	2	1	1
Y2NFeGtConx1qciSPKcRlA	evening	0	0	1	long	high	New Orleans	Restaurants	2	1	1
Y2jDVmMpRzQRg6HkNvQc8g	afternoon	4	0	0	medium	high	Smyrna	Cafes	2	1	0
Y2rYM2crYfTC25y6iquPgw	afternoon	0	0	0	long	high	Wayne	American (Traditional)	2	1	0
Y3ZCO17N1_T_Ms1JmswwzA	evening	3	0	1	long	high	Tucson	Mexican	1	0	1
Y6AmQuUO90gDO9JBogXXiA	morning	5	1	1	medium	high	Tucson	Ice Cream & Frozen Yogurt	2	0	0
Y70T1eClNnw_PlBkr1IHqg	evening	4	0	1	medium	high	Tucson	Chinese	1	0	1
YAUUdbESr8BYQ_TFgDjT5Q	evening	1	0	1	long	high	Philadelphia	Asian Fusion	2	1	0
YB26JvvGS2LgkxEKOObSAw	afternoon	3	0	1	long	high	Metairie	Sushi Bars	2	1	0
YB689VFiOlzUTBRPiauDFA	afternoon	1	0	1	medium	high	Santa Barbara	American (Traditional)	2	0	1
YCHBSWYErsKAI9AXeoPxhQ	evening	6	1	1	long	high	Reno	Sandwiches	2	1	0
YCwWrnOh8qUmQbgQ4p02AA	evening	4	0	0	medium	high	Broomall	Restaurants	2	0	0
YE3E3nFsPo0O7gpMpOL18A	evening	1	0	0	medium	high	Mt Juliet	Restaurants	1	0	0
YKpZ2Ml0NZoYZ5eb3r_Cdg	afternoon	5	1	0	long	high	Freeburg	Steakhouses	2	1	0
YMvKrVTXHeSPQswWqdwnHQ	night	3	0	1	long	high	Des Peres	Restaurants	2	1	1
YOkrUUey0K8Zy_FWp9gB9g	evening	1	0	0	long	high	Nashville	Ice Cream & Frozen Yogurt	2	1	0
YPnksHT2DQA0AhcxP6udxw	evening	1	1	1	long	high	King of Prussia	Restaurants	1	0	0
YR0nwxBOKk6DiLHNItfsBQ	afternoon	4	0	1	long	high	St Albert	Italian	2	0	1
YSJZZ1_8uHIIV4w44RSllA	evening	5	1	1	long	high	Meridian	Restaurants	2	1	1
YSuVRABFuPIy8N91x2yg5Q	night	3	0	0	short	high	St Louis	Specialty Food	1	0	0
YUDcLokFMZOtyWAmVY3jwA	afternoon	6	1	1	long	high	New Orleans	Restaurants	2	1	1
YeMouev-sLfAxykmcANNoQ	evening	6	1	1	medium	high	Nashville	Pizza	1	0	1
YgXBo2oMJXlDDafP6fqUTw	night	4	0	0	medium	high	Saint Louis	Chinese	1	0	0
Yh4OgbXQSpQ_ycK_FmNiGw	afternoon	2	0	1	medium	high	New Orleans	American (New)	2	1	1
YhQAQhG1IkXJH7oLZMbM9w	morning	2	0	1	long	high	Sparks	Restaurants	2	1	1
YhRujloQ_ioY_WclZbJuQg	night	2	0	1	medium	high	Tampa	Barbeque	1	0	1
Yh_KhyVD6ZBwsIQQ1wSUpw	afternoon	1	0	1	long	high	Tampa	Vietnamese	1	0	0
YiFx7ZLv_Nnr61i2xzfuig	evening	4	0	0	long	high	St. Louis	Shopping	2	0	0
YiGw-_idlbUXLmUaEAsi8A	afternoon	1	0	1	long	high	Edmonton	Restaurants	2	1	0
YjUWPpI6HXG530lwP-fb2A	afternoon	0	0	1	long	high	Tucson	Restaurants	1	0	0
YjcWqy2UfCmBeiPbgdFxVA	afternoon	5	1	1	medium	high	Drexel Hill	Health & Medical	1	0	0
YlVb_cW3e68Q0ifNYVKuiw	evening	0	0	0	medium	high	Shrewsbury	Tapas Bars	2	1	1
Yll7kUVI7j0gArBMQKpEaQ	night	0	0	1	long	high	Franklin	Breakfast & Brunch	1	0	1
YnfJv2xUF1GUNORfHAFRFg	afternoon	2	0	1	medium	high	Granite City	Restaurants	2	1	1
Yp8gbMuCXIWJWoRvkOJcGA	night	3	0	1	long	high	New Orleans	Restaurants	2	1	0
YpWZGcSERoROrulARYyxTg	night	4	0	0	long	high	Exton	Restaurants	2	0	1
YtFo2Mg-tNkWHz8ZYVMDVg	evening	4	0	0	medium	high	Spring Hill	Restaurants	2	1	0
YtSqYv1Q_pOltsVPSx54SA	afternoon	0	0	1	long	high	Philadelphia	Wine Bars	3	1	0
Yv6HUVu7fRMnt_NtGdVQBw	afternoon	2	0	1	medium	high	Nashville	Restaurants	2	1	0
Yv9KUZ-N3otoKUtToPPxAg	afternoon	1	0	1	long	high	Doylestown	Breakfast & Brunch	2	1	1
YvfeLey2Bnge5Mj9RY7ofA	evening	2	0	1	medium	high	New Orleans	American (Traditional)	1	1	1
YwxnKaMrUVtBygE8kagsVw	afternoon	1	0	1	medium	high	Indianapolis	Delis	1	1	1
YyJ781Cb4ZUlZv35BoBhMw	evening	0	0	1	long	high	Harvey	Sporting Goods	2	0	0
YyKB2S6YBd7aGNeIyc_sag	afternoon	1	0	0	long	high	Saint Louis	Restaurants	1	0	1
Yz6b3SrI_MXcaVekMISmIg	evening	5	1	1	medium	high	Elkins Park	Desserts	2	0	0
Z0tqMjLVWNub24JsywCwbA	night	1	0	1	long	high	Clearwater	Food	2	0	1
Z42GbJnnbVMTSBCERfoPtw	afternoon	2	0	0	long	high	Reno	Salad	1	1	1
Z4Yfcktc-2RhNprA6l35lg	night	1	0	0	medium	high	Sparks	Food	2	1	1
Z5LGSHEYjCUtKwjKotCNqA	evening	3	0	0	medium	high	Wayne	Chinese	2	0	0
Z5po0aTuzKKblek5y6Sp8Q	night	6	0	1	long	high	Philadelphia	Food	2	0	0
ZB2T9dwB4vhHPsJC_4eOnw	morning	4	0	1	long	high	Newark	Children's Clothing	3	0	0
ZB8fLbDH2gK2Ms2LqlqPWw	night	0	0	1	medium	high	Tucson	Grocery	2	0	0
ZCURd9PiH4qdEjQfrIZzFg	afternoon	5	1	1	long	high	Santa Barbara	American (New)	3	0	0
ZD7_emi7fkJLFRwP2p09vA	afternoon	2	0	1	long	high	Clearwater	Restaurants	2	0	0
ZDg4siM2zLF4Rt8ZTqR8BA	evening	4	0	1	medium	high	Wayne	Sandwiches	1	0	0
ZGErYinCaYR5UjTzovAZbw	afternoon	0	0	0	long	high	Downingtown	Nightlife	2	1	1
ZH-D4qbLggBSvwpF0zXrQQ	afternoon	0	0	0	medium	high	Boise	Breakfast & Brunch	2	0	0
ZLW8u1n776S7maN4KhN6jg	afternoon	0	0	0	long	high	Nashville	Cafes	1	0	0
ZMQrlSkugKYxgvRMU-EqFg	evening	4	0	1	long	high	Feasterville-Trevose	Local Services	2	0	0
ZNXNmJV8fXu7dv1hqXeq1Q	evening	0	0	1	long	high	New Orleans	Cajun/Creole	1	0	0
ZU82RHDmAgKg156YyYS3gA	night	0	0	0	long	high	Reno	Arts & Crafts	2	0	0
ZU9RrYZxqZufw0ya_HRqJw	night	3	0	0	long	high	Reno	Restaurants	1	0	0
ZWRgvtyHRobwpi4G-Z4STQ	evening	0	0	1	long	high	Nashville	Food	1	0	0
ZY2feSm2sc5nTXYHnKpMGQ	evening	0	0	1	long	high	New Orleans	Bars	2	1	0
Zc38kNMGlzhG1sivxyXeMA	evening	3	1	1	long	high	St. Petersburg	Restaurants	2	0	0
Zdw5rbtAWguwcT9h_X4xRA	night	3	0	1	long	high	Medford	Food	2	0	0
Zh8X1au_crT9jBs2LlPb2Q	afternoon	0	0	1	long	high	Philadelphia	Restaurants	3	1	0
ZhCnKe7U1TsHWnAlXl8Isw	evening	0	0	1	long	high	Saint Louis	Restaurants	2	1	1
Zi-F-YvyVOK0k5QD7lrLOg	afternoon	2	0	1	long	high	New Orleans	Cajun/Creole	3	1	0
ZiQiMlvgk19GrEEkN9kyRA	afternoon	6	1	1	long	high	Tampa	Shopping	2	1	1
ZjWjuo7yTUVGdztoSSmuBw	night	2	0	1	long	high	Webster Groves	Juice Bars & Smoothies	1	0	0
ZlpeXbo-5HW8CtYkzTyiZw	evening	3	0	1	long	high	Indianapolis	Desserts	2	0	0
ZnAr0AxYpEYK1ZHNc4fk7g	evening	0	0	0	medium	high	Bensalem	Japanese	2	0	0
ZnxGRJpKHRQ0SAYSJk4SFw	afternoon	4	0	1	long	high	Saint Ann	American (Traditional)	1	0	0
ZpWT4FlEVgGJUV9gNuhQ4w	evening	1	0	1	medium	high	Brandon	Restaurants	1	0	0
ZpXZgnBrNodHH8pKpOK_Kg	morning	2	0	0	long	high	Brandon	Sandwiches	2	1	0
Zq8OzV7VzEL-yd9feN_hfg	evening	6	1	1	long	high	Tampa	Grocery	2	0	0
ZrKxLiKC1d6F8oY7NXTorA	afternoon	5	1	1	long	high	Oaks	Restaurants	3	0	0
Zx7n8mdt8OzLRXVzolXNhQ	evening	4	0	1	medium	high	Nashville	American (New)	2	1	1
ZyOqGKdr5JetY4jgD_UoGw	evening	2	0	0	long	high	Bywater	Breakfast & Brunch	2	1	1
ZyyExneJPXjci7yc2CGAPQ	morning	1	0	0	long	high	Philadelphia	Coffee & Tea	1	0	1
Zz1utCut0psbC4brBjvSEg	morning	4	0	0	medium	high	Saint Louis	Nightlife	2	1	1
ZznSNkRERGH8l-wSFJKsEA	night	1	0	1	medium	high	Edmonton	Fast Food	1	0	1
ZzojMM0SQFTBrUIZ_IKqqQ	afternoon	6	1	1	long	high	New Port Richey	Restaurants	1	1	0
_-SSObHzljeA11HAF0lIrQ	afternoon	5	1	1	long	high	Tampa	Restaurants	1	1	0
_0LfTabLvmU6SssmuNoRHA	night	0	0	1	long	high	Franklin	American (New)	2	1	1
_3VCzu9a79nrU0YA-WvUCg	afternoon	5	1	1	long	high	Tampa	Coffee & Tea	1	1	0
_3m2qyCqx2pnDNyo5vYM3g	evening	0	0	0	long	high	Zionsville	Wine Bars	2	1	0
_49FsmTfruZSTjxU4OwOsg	afternoon	4	0	1	long	high	Nashville	Greek	2	1	1
_8zIpeRbMVwwyuUngyuemA	evening	0	0	1	long	high	Reno	Breakfast & Brunch	2	1	1
_9gn7gLs0YOjPfVcdvqRBg	night	3	0	1	medium	high	Greater Northdale	Bars	2	0	1
_9x1oSQghxEPuUeb5NPShw	afternoon	6	1	1	long	high	Philadelphia	Bars	2	1	0
_D7QoWuQKMXk0mEE7r_Ftw	afternoon	4	0	1	long	high	Columbia	Beer	2	1	1
_EKvNMC2Mm67HzqNIzLgXg	afternoon	6	0	1	long	high	Media	Restaurants	2	0	1
_FlhRk9KjdXyE0sLxUdEBQ	afternoon	5	1	1	long	high	Philadelphia	Cheesesteaks	2	1	0
_GwN0kWZOs3DFpNDZIblRw	afternoon	5	1	0	long	high	Paoli	Gastropubs	2	1	1
_HcAoG6Jj_XTj4-XNEbo6Q	evening	5	1	1	medium	high	Tampa	Sports Bars	1	1	1
_IQE60MK6nlpr-pP3aywLQ	afternoon	0	0	1	long	high	Indianapolis	Restaurants	2	1	1
_JXfCdMu1TFblbhJ5KT7fw	afternoon	1	0	1	long	high	Saint Louis	Thai	2	1	1
_KSRzh-ZxwKB3YcRlZQsGA	evening	3	0	1	medium	high	Tampa	Food	1	0	0
_NfEP6cuFSz7bd-7OtiJ-Q	night	5	0	0	medium	high	New Orleans	Burgers	1	0	0
_O16xyQwp0YSTG2RgweRYA	night	6	1	1	long	high	Tampa	Italian	2	1	1
_PQzeo8P2sGczzFEifrK-Q	afternoon	0	0	1	long	high	Philadelphia	Food	2	0	0
_PRReGRG73wT8edwsfWbuQ	evening	0	0	1	long	high	Saint Louis	Food	2	0	0
_RwlMTw9uFeOkfX9Ctf1HA	afternoon	1	0	1	long	high	Philadelphia	American (Traditional)	3	1	1
_SjdrpSZdiXVSwaJR5T9jw	evening	2	0	1	long	high	New Orleans	Barbeque	2	1	1
_T0cPZE2ZJOTTlYYKMP64Q	night	3	0	0	short	low	Philadelphia	Cupcakes	1	0	0
_TANOcxwIOmQhk1mnXaj7w	evening	0	0	0	long	high	Reno	Hot Dogs	1	1	0
_UkuPzo66XqIN2hvYLlqEQ	afternoon	0	0	1	long	high	Springfield	Restaurants	2	1	0
_VB4EIoGdAR4sBB6rApEAg	morning	6	1	1	long	high	Tampa	Restaurants	1	0	1
_XqG090bh8QAELm4GvN4iQ	afternoon	1	0	1	long	high	Philadelphia	Salad	1	0	0
__I81oH6jmYwh1YXjVWsWA	afternoon	6	1	0	medium	high	Reno	Food	1	1	0
_aKr7POnacW_VizRKBpCiA	evening	1	0	1	long	high	Saint Louis	Delis	1	1	0
_ahiaZVH2uVzVaZ0SF2uOg	afternoon	6	1	1	long	high	North Wales	Breakfast & Brunch	1	0	0
_bofVL_0MxlZYWBa8XEJEg	afternoon	4	0	0	long	high	St Petersburg	Wine Bars	2	1	1
_cdy7hVc32mleVooP8x0Sw	afternoon	3	0	1	long	high	Fishers	Sandwiches	1	0	0
_cndcbuaqSRW5f-MeZasNw	night	0	0	1	long	high	Nashville	Steakhouses	2	1	0
_hsEJv3KtH5Vwp2b14wCAQ	morning	5	1	0	long	high	Philadelphia	Restaurants	2	1	0
_ic0Q-ptC259Kpu8lIWxTw	afternoon	4	0	0	medium	low	O Fallon	Restaurants	1	1	1
_owHO6DTYU-XVP8jAcgZFw	evening	0	0	1	long	high	Nashville	Pizza	2	1	1
_rkjLrft2ZgHcLBLF9amXw	evening	3	0	1	long	high	Oaks	Restaurants	2	1	1
_tADqh3OmH6CzGJWKkru3g	night	0	0	1	long	high	Philadelphia	Latin American	2	0	0
_v3DcLatG70adfYzWTd-CQ	night	2	0	0	long	high	Carpinteria	Sandwiches	2	0	0
_v8Ccd70N6uXw8muQeyhOA	evening	0	0	0	long	high	Edmonton	Restaurants	2	1	1
_yjIYejZP1S-6g554Fwydg	afternoon	5	1	1	medium	high	Safety Harbor	Greek	1	0	1
_zU8uJthn3o5swP0LmfuqQ	evening	1	0	1	medium	high	Kenner	Diners	1	0	0
a1E2BPYnufFzb6YX2pplJg	evening	4	0	1	short	high	Santa Barbara	Seafood	1	1	0
a1kzPot-Q16eIUBjQTre9w	afternoon	2	0	0	long	high	Norristown	Sandwiches	1	0	0
a2ITIJRAY4Eo-xTH0vN95A	evening	6	1	0	medium	high	Tampa	Restaurants	2	1	0
a7FSs8soBoxfkPXvzSsvbg	afternoon	2	0	0	medium	high	Franklin	Mexican	2	1	1
a7ZmzKZRhVjKaJBZ7zIGzg	morning	3	0	1	long	high	Tucson	Beer	3	1	0
a7_KZUJknqRA4DHQ3j9ofA	afternoon	5	1	0	long	high	Aston	Nightlife	2	1	0
aDSfrxqOf8lelQ9Ofqt1tA	afternoon	2	0	1	long	high	Nashville	Food	2	0	1
aEEC4D-RylmiUyephE5t_g	afternoon	6	1	1	long	high	Nashville	Food	2	0	1
aG8XkIE_TMkr_QKSfaFBBg	night	3	0	1	medium	high	Tucson	Coffee & Tea	1	0	0
aIflpZXlmofFGelTlqgGEQ	afternoon	3	0	0	medium	high	Nashville	Chinese	2	1	0
aJpDjaMVhWZRLdwZtqQjEg	afternoon	0	0	1	long	high	Edmonton	Ice Cream & Frozen Yogurt	1	1	1
aJvxWyQIG5OLfBw3qAe8xA	evening	0	0	1	long	high	Nashville	Restaurants	2	0	1
aKOdfQcjDG2NQtIEmq21ew	evening	3	0	1	medium	high	New Orleans	Breweries	2	0	0
aL0eiK_8W20Z9_4LsWbYFQ	afternoon	2	0	1	long	high	Indianapolis	Buffets	2	0	0
aOJdNN7IsxR7xy9H_bJuLQ	night	0	0	1	long	high	Doylestown	Food	2	0	1
aYJjJMN8heS2PmkvsQzaZg	evening	1	1	1	medium	high	New Orleans	Restaurants	1	1	1
aYiAfRcjAQXeGGQu1aXklg	evening	0	0	0	long	high	St. Albert	Cocktail Bars	2	1	1
aZNiVR6oAMQX5__yGPvYsg	afternoon	6	1	1	long	high	Philadelphia	Chinese	3	1	0
a_ts6C7QntisENtyitJRBw	evening	4	0	1	medium	high	Tampa	Ice Cream & Frozen Yogurt	1	0	1
aaBlYQpHUuSYEv1EtWgxuQ	morning	2	0	1	medium	high	Plainfield	Caterers	1	1	0
ab3pRv-b0o-BwMK2jVbH3Q	afternoon	1	0	1	long	high	Clearwater	Restaurants	2	1	1
adb1hOYICrJ1Ix8M0sRpbw	afternoon	1	0	1	long	high	Cherry Hill	Restaurants	2	0	1
aerbI0ICiEMIgeSUaLEpHw	afternoon	0	0	0	medium	high	Skippack	Japanese	2	1	1
agzEfydzvZWlbzpcMxLPBg	afternoon	5	1	0	medium	high	Reno	Restaurants	2	0	1
ahH0MhpSAy5QEE7yTScJWA	afternoon	0	0	1	medium	high	Washington Crossing	Italian	2	1	0
ahc6Wx3A9tmoHCtad_z3wg	afternoon	0	0	1	long	high	New Orleans	Arts & Entertainment	1	1	1
ahcB5_-ZcrtHT1QqcA8Ipg	afternoon	1	0	1	long	high	Nashville	Food	1	0	1
aiggx_mzALX3kZOGYTPdjg	afternoon	4	0	0	long	high	New Orleans	Venues & Event Spaces	3	0	0
aj_NoNaOIdTjB7Rzl7lEIA	afternoon	3	0	0	long	high	Seminole	Fast Food	1	0	0
ajfBGoRGUzhD0fTXLENcrw	afternoon	2	0	1	long	high	Belle Chasse	Japanese	2	1	0
ak0PfrI9FZcFaDQv5oXtVw	night	3	0	0	medium	high	Lahaska	Cheese Shops	4	0	1
amE0EGifQUXTUf225pQ1Kw	evening	1	0	0	long	high	Kirkwood	Health Markets	2	0	0
aqWE8jXPqIQ5Tt80gNmuSA	evening	1	0	1	long	high	Clearwater	Mexican	1	1	0
aqdsoQnytxapbk5i8zksVQ	night	0	0	0	medium	low	Somerdale	Beer Bar	1	1	0
aqqZT3wqqhIkuvVxNrnbLg	afternoon	3	0	1	medium	high	Greenwood	Restaurants	2	1	1
at-NaeVYJ5VDG9pC4PXbSA	night	0	0	1	medium	high	Spring Hill	Thai	2	1	0
avcOkMsnFse9D-DpIimYkA	afternoon	5	1	1	long	high	Tucson	Asian Fusion	2	0	0
azeDCTZBlmVpaglnxBqNPw	evening	0	0	1	long	high	Collingswood	Ice Cream & Frozen Yogurt	1	0	0
b-4xNydyGmdv2bGFOHTgdw	evening	2	0	1	long	high	Edmonton	Bakeries	2	0	0
b2IDM2SC0HkcflLl_nSTrA	night	4	0	1	medium	high	Carmel	Bars	2	1	1
b4DcNSlKBGIoOmX7PLxmWw	afternoon	1	0	1	long	high	Edmonton	Canadian (New)	3	1	1
b5_ZIVZHjYjzUUsMB-5b7w	night	1	0	1	medium	high	Exton	Restaurants	3	1	1
b7V_5q22_eTeHlYzq1bpFw	afternoon	1	0	1	long	high	Kenner	Seafood	2	1	1
b7YJrFZWZdI2C5-9nZvVdw	afternoon	0	0	1	long	high	New Orleans	Specialty Food	2	1	1
b8EjtNcEKDbR1ATUaKO7WA	afternoon	0	0	0	long	high	Doylestown	Event Planning & Services	2	0	1
bCAE5NBHpFlgGsGyg2mfWA	afternoon	0	0	0	medium	high	St Petersburg	American (Traditional)	2	1	1
bFO_XYnYMDF1GMY9LK3oxQ	evening	1	0	1	long	high	Philadelphia	Seafood Markets	2	0	0
bJAY2baMKSTlWRc-QZGopQ	afternoon	3	0	1	medium	high	Doylestown	Restaurants	2	1	1
bJLQvSbVKQ1FKCNJjFa9dg	evening	4	0	1	long	high	Clearwater	Fitness & Instruction	2	1	1
bKgyXSQUGA8IHGt8ne5NuA	night	1	0	1	long	high	Reno	Restaurants	1	1	1
bKiZJTI0-zrH7n4xM5kHcA	afternoon	0	0	0	long	high	Chalmette	Burgers	1	0	0
bMIVLkX6-0U2NVPaVwt94A	afternoon	1	0	1	long	high	Clearwater	Ethnic Food	2	1	1
bMpKXcKFetJQsa42UR25cQ	afternoon	1	0	1	long	high	New Orleans	Bars	2	1	1
bMratNjTG5ZFEA6hVyr-xQ	afternoon	0	0	0	long	high	Eddystone	Restaurants	2	0	1
bN7-A2GlVz2Job3frIPy9w	afternoon	0	0	1	long	high	Tucson	Ice Cream & Frozen Yogurt	2	0	0
bPPy7yNFfb-6N_bHkn1qAw	afternoon	3	0	1	medium	high	Indianapolis	Restaurants	2	0	0
bQKqeYwaHNal7JFAXzCMFg	afternoon	5	1	0	medium	high	Belleville	Fast Food	1	1	0
bRF8nyWgzrzhQ31NoflMBA	afternoon	1	0	1	long	high	Saint Louis	Coffee & Tea	2	1	0
bRRlWJeuPtmI3UuGhh43Wg	morning	2	0	1	long	high	Indianapolis	American (New)	2	0	1
bRhnVTfuxDchyFguyDzuDQ	evening	0	0	1	long	high	Glenside	Restaurants	2	0	0
bSJczuohHVko33UT82hnfA	evening	2	0	1	long	high	New Orleans	Pizza	1	1	1
bSWL0YxfawjS03_g2kgujA	evening	6	0	1	long	high	Philadelphia	Sandwiches	1	1	1
bT3pKLDsjk7JKfbVaHf9Lw	afternoon	6	0	1	long	high	Hermitage	Food	1	1	0
bTve2mwLk5Zc01vRKqc2KQ	afternoon	0	0	0	long	high	Philadelphia	Restaurants	1	1	1
bXe7JE0bxDpoXf3UjnwoBQ	night	2	0	1	long	high	Largo	Nightlife	2	1	1
bXjnfT69E8DJinX-ifOofA	afternoon	0	0	1	long	high	Tucson	Chicken Wings	1	1	0
bb76HnMUTA-qg2UbFa9dYA	evening	2	0	0	long	high	Edmonton	Middle Eastern	3	1	1
bbEXAEFr4RYHLlZ-HFssTA	night	0	0	0	long	high	Goleta	Fast Food	2	0	1
bchZXVE4feVx4Q5rhIRCGg	night	5	1	1	medium	high	Philadelphia	Restaurants	1	1	0
bdfZdB2MTXlT6-RBjSIpQg	morning	4	0	0	medium	high	Isla Vista	Food	1	0	1
bdth7r1brx9yRU7sYwF9jQ	afternoon	6	1	1	long	high	Ballwin	Japanese	2	1	0
bf34LpGej_MZbOlAKB1beQ	evening	3	0	1	long	high	Edmonton	Beer	2	0	0
bfY9Z5zOihXRrR2aqVqHXQ	afternoon	0	0	1	long	high	Brentwood	Drugstores	2	0	0
biGIDbCGsAZJ-Y4zyV_b_A	evening	1	0	1	medium	high	Brandon	Vegan	1	1	0
bjhCtlYHrkgA5Ku8l-rB3g	evening	2	0	1	long	high	Santa Barbara	Restaurants	2	1	1
bjl2Xtm9kCWsCqz0OkS75g	night	1	0	0	short	high	Tampa	Sandwiches	1	1	1
bkVWDM_f-VJplSbUP_6urg	evening	6	1	0	long	high	Edmonton	German	2	1	0
bmz4siaejdjs4_yS_mYW4A	afternoon	1	0	1	long	high	Franklin	American (Traditional)	2	1	0
bn4N0bxa-u-kBaKLwU893w	night	4	0	0	long	high	New Orleans	Restaurants	1	0	0
bnyT03UR23AWNGN9EJFrAQ	evening	0	0	1	long	high	Saint Louis	Restaurants	2	1	1
boIphU_TlxlMJHfFrAM03g	evening	0	0	1	medium	high	Tucson	Restaurants	1	1	0
boLOUdV5T1O5a1cWaClfDA	evening	4	0	0	long	high	Edmonton	Fast Food	1	0	0
bp30i_ebNELo9UmyEqAUvw	night	5	1	0	long	high	Edmonton	Food	1	0	0
brxzxPTpbukDPTlaq7gOMw	morning	5	1	0	medium	high	Media	Restaurants	2	0	1
bsRJY9hRr_p3PNZnxCqbjw	afternoon	6	1	1	long	high	Garden City	Nightlife	2	1	1
btFjp4USFjAdCzliAaKDZw	morning	3	0	1	long	high	Ewing Township	Food	1	0	0
btKI0khzu_4GXch0Ip1i5Q	morning	0	0	1	long	high	Lahaska	Food	2	1	1
btycQr2eJqbNbArJdUxMmQ	afternoon	4	0	1	long	high	Phoenixville	Restaurants	2	0	0
buJQ6k-bLrycLwbB5Xp5YQ	afternoon	0	0	1	long	high	Metairie	Restaurants	1	1	0
bwlSGCjYLNwzXVD9CB_8EA	evening	4	0	1	long	high	Willow Grove	Ice Cream & Frozen Yogurt	1	0	0
bx04Zy6ylZEGXkBs1pU_PA	evening	0	1	1	medium	high	Bensalem	American (New)	1	0	0
byIGo_rwmoWEd6J7AsrDoQ	evening	0	0	0	medium	high	Greenwood	Burgers	1	1	1
c-IgS6Pk6vMyax7Rbr38eA	afternoon	5	0	0	long	high	Speedway	American (New)	2	1	1
c0xlgkMW1iDu7gUDPs86hQ	evening	6	1	1	long	high	Tampa	American (Traditional)	2	0	0
c37aDysgwNQsLpMWNedhTg	evening	0	0	1	medium	high	Dunedin	Bars	2	1	0
c3WKZO5vtv61xYQTt0TnNw	afternoon	1	0	1	long	high	Indianapolis	Restaurants	1	0	0
c3eWB489arZI26M8n4gAvw	afternoon	2	0	1	long	high	Saint Louis	Restaurants	2	1	0
c4IkL2K64JeFC7kcnbupsw	evening	1	0	1	medium	high	Brentwood	Mexican	1	1	1
c4x06huNhVp04VI_MUiQsw	afternoon	3	0	0	medium	high	Valley Park	Burgers	1	0	0
c5QMFe_yhgksThaR2a6rtg	evening	3	0	1	long	high	Deptford	Steakhouses	2	1	0
c6GTImF01z981_BNJIye2g	afternoon	2	0	1	long	high	Indianapolis	Event Planning & Services	3	1	1
c6xOzTbNqD-1g9PoxAh4DQ	night	1	0	1	long	high	Nashville	Tapas Bars	2	1	0
c7DQU8rHH_GjLdeIvanQmg	afternoon	0	0	1	long	high	Pitman	Restaurants	2	1	0
c7OfNRMIqAhtNOMEat3Rbg	afternoon	0	0	1	long	high	Newtown Square	Italian	2	0	1
c7h5S5Oqz3wq3KufxUlmtQ	evening	5	1	0	medium	high	Edmonton	Creperies	1	0	0
c8rjE6NcfeyzLB_aU1GdMA	afternoon	2	0	1	long	high	Philadelphia	Nightlife	2	1	0
cBp1fn2LXpSHe4VbTXLYEw	night	1	0	0	long	high	Reno	Restaurants	2	1	1
cCwGNGOCvhigKOLSFUaVDg	afternoon	2	0	1	medium	high	Saint Petersburg	Coffee & Tea	1	0	1
cDekcTE1qwpz8ROlYixhqg	afternoon	4	0	1	long	high	Philadelphia	Shopping	2	0	0
cGa8ySpfmtfQKPkHJKHnUw	afternoon	1	0	1	long	high	Montgomeryville	Restaurants	1	0	0
cHCRC7r9irhK0dIum1zeUw	evening	0	0	1	long	high	Indianapolis	Cideries	2	1	0
cMBBEj2kbAnndru5Xndg1g	evening	3	0	1	long	high	Nashville	Pizza	2	1	0
cMf3Ej3KNBoN2sIpLCm9Rg	evening	0	0	1	medium	high	Collegeville	Restaurants	2	0	1
cN4Y09a7clgjFd1tY-wSZw	afternoon	4	0	0	medium	high	Woodbury	Tex-Mex	2	1	0
cN8F-BmoHoS9eCqIHMtlHA	afternoon	3	0	1	long	high	Saint Louis	Bakeries	2	0	1
cNfeKIYIv07oxqVozMbjpw	evening	4	0	1	medium	high	Philadelphia	Sandwiches	2	1	1
cVBxfMC4lp3DnocjYA3FHQ	night	5	1	1	long	high	Edmonton	Coffee & Tea	1	0	0
cX1VH_vpqGoLrio4sV9xcA	evening	2	0	1	medium	high	Exton	American (Traditional)	2	1	1
cXAKeC-EgVChIxhS7fscmw	evening	0	0	1	long	high	Tucson	Restaurants	2	1	1
cXEx8dhmoFZcsJjXS2lLuQ	afternoon	0	0	1	long	high	Saint Louis	Italian	2	1	0
cXSyVvOr9YRN9diDkaWs0Q	afternoon	6	0	1	long	high	Philadelphia	Southern	2	1	1
cXsrd3SqPh778u2yaiAslA	afternoon	0	0	1	long	high	Saint Louis	Nightlife	2	1	1
c_K8ScxwIstZ2RCNfhldrw	night	2	0	1	medium	high	Brentwood	Restaurants	1	1	1
caGpaptBP4BKJkpH5W6cvA	afternoon	3	0	1	medium	high	Tucson	Food	1	0	0
cbkrO0zra1OiNGvtjw2igQ	morning	4	0	0	long	high	Goleta	Restaurants	2	0	0
cbsi6TU7ojJ_exZSD-zv9w	evening	1	0	0	long	high	Southport	Fast Food	1	0	0
cdIZWzfLzU8AAnS0rWQXdw	afternoon	2	0	0	medium	high	Doylestown	Restaurants	3	1	1
cdPjDZubPvok0VHv654Tvw	night	2	0	1	long	high	Nashville	Restaurants	1	0	0
cfjXBXseOIBKKnAIVf4fMw	evening	4	0	1	long	high	Philadelphia	Tea Rooms	1	0	0
cg4JFJcCxRTTMmcg9O9KtA	night	3	0	0	long	high	Tampa	Wine Bars	2	1	1
citzbW-2MVEZRNBqpVO-Jw	afternoon	3	0	0	long	high	Wilmington	American (Traditional)	2	1	1
cljHYek6vHtqUgUsnJBqmA	night	2	0	1	long	high	Saint Louis	French	2	1	1
cm0bhBDPM3bjBefmEXa3BQ	afternoon	2	0	0	medium	high	Chadds Ford	Breakfast & Brunch	2	0	1
cmkyXHQ1oqLTeLt5QjnQJQ	night	2	0	1	medium	high	Hermitage	American (Traditional)	2	1	0
cp3pRJJuQo0urJZm2inr_A	afternoon	2	0	0	medium	high	Royersford	Restaurants	2	0	0
cuNK_2CK5PParxYYByclKg	evening	6	1	1	long	high	Edmonton	Organic Stores	2	1	0
cvHY1RTAPSoH94ysP2_eyQ	afternoon	2	0	1	long	high	Nashville	Health Markets	2	1	1
cw3iA7AAKpEN3WmLs-Mo4A	evening	2	0	1	long	high	Tarpon Springs	Thai	2	1	0
cwSlDlrmK1qlOWH9zDuNKQ	afternoon	2	0	1	medium	high	Marlton	Chicken Wings	1	0	0
cx2fwY66_xTNFo0p2EEC4g	afternoon	1	0	1	medium	high	Media	American (New)	2	1	1
cz0sBSp8G2R2dqE6cccbuw	afternoon	0	0	0	long	high	Philadelphia	Restaurants	1	0	0
d-37SrSuOew0uqwuOM_w7w	evening	4	0	1	long	high	Indianapolis	Thai	1	0	0
d-VtgcAxArPxVYQUSyF6vw	afternoon	6	1	0	long	high	Drexel Hill	Couriers & Delivery Services	2	0	0
d1HcINr1Sm0ZSrU6lNl2kw	afternoon	2	0	1	medium	high	Dunedin	Specialty Food	2	0	0
d7qakwHU-hsjUgf2VypdHA	night	0	0	1	medium	high	Earth City	Restaurants	1	0	0
d8-6CFDv66xJ7bBjyZJUDQ	night	2	0	1	medium	high	New Orleans	Jazz & Blues	1	1	0
d91RHJeZE-I7TaeQdBp6MQ	evening	0	0	1	long	high	Harahan	Fast Food	1	0	1
d9vapPUlJCSSrltRRKO9ig	night	0	0	0	medium	high	Tampa	Korean	2	1	0
dBCNUSbz5-8nQNrxWo5deg	evening	0	0	1	long	high	Southampton	Restaurants	2	1	0
dChRGpit9fM_kZK5pafNyA	evening	0	0	1	long	high	Philadelphia	Restaurants	2	1	1
dD2p903p8lU0IgXT3OFluA	afternoon	2	0	1	long	high	Nashville	Breakfast & Brunch	1	1	1
dDn_NVOQh9F-t153S035Ew	evening	2	0	0	medium	high	Goodlettsville	Japanese	2	1	0
dERS4qwl9v-Gwft-Ug8APA	evening	1	0	1	long	high	Jenkintown	Restaurants	2	0	1
dGF7wLT0zN4-lVaf5LIG6Q	evening	0	0	0	medium	high	Saint Louis	Mexican	1	0	0
dI43urdMRSos9u15hP_FgA	evening	0	0	1	long	high	Saint Louis	Italian	2	1	1
dISs1oH_xeNAOOEcmJiGZQ	afternoon	5	1	1	long	high	Boothwyn	Food	2	0	0
dIpTuL2T1L98GQGU17IeSw	evening	0	0	1	long	high	Tampa	Bars	2	1	1
dJfkfBbJz7wi0RgW-ph_Eg	afternoon	5	0	0	long	high	Tampa	Restaurants	2	1	0
dM5OKNzk9AL2aiq-fV-SYg	evening	4	0	1	medium	high	Brownsburg	Discount Store	1	0	0
dMWdmZn_H3ym8zeaY90D6w	evening	1	0	0	long	high	Dunedin	Fast Food	1	0	0
dMhslmjZ0dJov0sMCxf39Q	night	2	0	0	medium	low	Greenwood	Restaurants	1	0	0
dNR-b-CsrFGYhMo9zLMrCw	night	0	0	1	long	high	Brentwood	Japanese	2	0	0
dNhuI4zka3WDhbfksalj5w	evening	2	0	1	long	high	New Orleans	Cajun/Creole	2	1	0
dPfxNIJeHLKpny0GKtAsXg	afternoon	0	0	1	long	high	Saint Petersburg	Mexican	2	1	1
dRQ070s-UZiKdCFU78aekQ	night	4	0	1	short	high	Edmonton	Food	2	0	0
dSPA4yql9vUwnYRxHiVtHA	afternoon	0	0	1	long	high	Philadelphia	Sushi Bars	2	0	1
dUOZB3F9187M8UjbAxTAkQ	evening	0	0	1	medium	high	Indianapolis	Restaurants	1	0	0
dUctvEfHQccW_uxtRup2QQ	evening	0	0	1	long	high	Saint Petersburg	Steakhouses	2	1	0
dWWOryYimQs3EzmejrVt7w	afternoon	3	0	0	medium	high	Sparks	Restaurants	2	1	0
dWoYU1l6t7_VB2LHYLHxmw	afternoon	6	1	1	short	high	Philadelphia	Grocery	2	0	0
dYYkzkiAQoOtRjdR0kcspw	evening	5	1	1	medium	high	Nashville	Breweries	2	1	1
dYicZfoQApq5y0vO6FbLtw	evening	3	0	1	long	high	Shamong	Caterers	2	1	1
d_tRshM-w6S4QxE4VVi8tQ	afternoon	0	0	1	long	high	Philadelphia	American (New)	2	1	0
ddo5eBCGedsZ1JH_8ctgnA	afternoon	6	1	0	medium	high	Glen Mills	Seafood	3	1	0
dfKF-oAUf3yjnD0WBYDyZQ	morning	6	0	1	long	high	Philadelphia	Food	1	1	0
di5ihAL9VWoctHelY8kLTQ	afternoon	0	0	1	long	high	Philadelphia	Restaurants	2	0	0
digvt_7fV-AZFwt2Fp9Z-Q	night	6	1	1	long	high	Saint Louis	Bakeries	2	0	0
diwwt5QBU3-Thig9SVlsOA	evening	0	0	1	long	high	Reno	Bars	2	1	0
dl3haWFhioAx9XvXiL7fjQ	morning	4	0	1	long	high	Saint Petersburg	Food	1	0	0
do1iQw_yAYGcaNn2RMBnSQ	evening	6	1	1	short	high	Ridley Park	Restaurants	1	0	0
dpkHdQpfgVlxA5pquGpJtw	afternoon	1	0	1	long	high	New Orleans	Breweries	1	0	0
dpwkz52tHB2MCPv53I2aRA	afternoon	0	0	0	long	high	Reno	Restaurants	2	1	0
dwoqTu3q0D_T2UfT7cgHqw	afternoon	3	0	1	long	high	Indianapolis	Bagels	1	0	1
dyVKL3qKsz_XDxtjpbNcgQ	afternoon	2	0	0	medium	high	Oro Valley	Mexican	2	1	1
dygflr6j51vf3-lM5pUIkw	night	3	0	1	long	high	Tucson	Mexican	1	1	0
dz_aIFbATP2PLWQSOBnMfw	afternoon	1	0	1	medium	high	Clearwater Beach	Restaurants	1	0	1
dzmxXC-nNyjD6ri5_0ACVg	morning	6	1	1	long	high	Pennsauken	Gift Shops	2	0	0
e-jI9zncjhVCM3YbI3K7Ng	afternoon	3	0	0	long	high	Gallatin	Mexican	2	1	1
e1jylvnhcMVr1ER8PO4dpA	night	1	0	0	long	high	Indianapolis	Barbeque	2	0	1
e2__bkb8kvgEuFHZO7iScw	night	6	1	1	long	high	Zionsville	Food	1	0	1
e4Vwtrqf-wpJfwesgvdgxQ	evening	5	1	0	long	high	New Orleans	Sandwiches	2	1	1
e86IBzGCsrnhJbD_wELj7w	afternoon	4	0	1	long	high	Saint Louis	Gluten-Free	3	1	0
e9J0IWHyYGU-AcCqTQ7lSA	afternoon	0	0	1	long	high	Tampa	Restaurants	2	1	0
e9PVKENPHM1dyyTmaBP93w	night	1	0	1	long	high	Carmel	Restaurants	3	1	1
e9YiQo_CGJrnjJXBilAEWQ	afternoon	4	0	0	long	high	New Orleans	Beer	2	0	0
eDMFTNR_o3Z2wK8WmAo77Q	evening	6	1	1	medium	high	Philadelphia	Shopping	1	0	0
eFvzHawVJofxSnD7TgbZtg	afternoon	2	0	1	long	high	Philadelphia	Food	1	0	1
eHQ0utxOdNVHVfDD7fYvdg	afternoon	2	0	1	long	high	Mooresville	Restaurants	2	0	0
eJFw8xWcqyAno0SclR4uzg	night	6	1	1	long	high	Edmonton	American (New)	3	1	1
eJYvM2Zy5BloOYGldWmAVw	evening	5	1	1	medium	high	New Orleans	Food	1	0	1
eL4lyE7LNoXEMvpcJ8WNVw	afternoon	1	0	1	long	high	Santa Barbara	Bars	2	1	1
eMiN8nm70jjKg8izikVWDA	evening	1	0	1	long	high	Philadelphia	Seafood	2	1	1
eRr4HzKYnT4ByWTIMeAciQ	evening	3	0	0	medium	high	Glen Mills	Food	3	0	0
eS4billU3Yd9hoVUFfZFbA	afternoon	1	0	1	long	high	Clearwater	Hot Dogs	1	1	1
eS5KCIrpEB1Bp-uU1JJYyw	evening	2	0	1	medium	high	Hendersonville	Burgers	2	1	0
eUO4QA6nL2XdCeWuD7tkww	afternoon	6	1	1	long	high	Saint Petersburg	Whiskey Bars	2	1	1
eWGdkt9fdwg7aKboaZIVQQ	evening	5	1	1	long	high	Lutz	Restaurants	2	1	1
eWzMF5AFIAiyixTWor9uOw	evening	0	0	0	medium	high	Nashville	Event Planning & Services	2	1	0
e_9qxd4k6z58I9-b3vBxBA	evening	1	0	0	long	high	St Albert	Vietnamese	2	0	0
eaDZlSuVS0EY67Ke6pRP6Q	evening	1	0	1	long	high	Philadelphia	Malaysian	2	1	0
edO1Rej_-_I4vPSVYIZ5NQ	afternoon	4	0	1	medium	high	New Orleans	Italian	2	0	0
ehcjV7rk61jO8ro-xW4EuQ	evening	6	1	0	long	high	St Pete Beach	Italian	2	1	1
ehnMcJZlx29XMroxMd3-mQ	afternoon	4	0	1	long	high	Saint Louis	Indian	2	0	0
ejEfdVaby6WbpB1XXlq2PQ	evening	0	0	0	short	high	Indianapolis	Restaurants	1	0	1
ejRuEF2j8_w5qQbwEQ8GfQ	afternoon	4	0	0	medium	high	Philadelphia	Pizza	1	0	0
emTNYy-Ct6pitGa0vIV03A	evening	2	0	1	medium	high	Saint Petersburg	Food	2	0	0
ena3aLdMz2ym_OPVuTIJ2g	evening	1	0	0	medium	high	Clifton Heights	Soup	2	1	0
enarGotTJq0LCk2bbCYqGA	morning	4	0	1	long	high	Tampa	Restaurants	2	1	0
encfXG_jrG1M6gX1IqrHrw	evening	2	0	1	long	high	Tampa	Restaurants	2	1	1
eqBiSzVMyUoMtUfts4hrdA	evening	4	0	1	long	high	New Orleans	Restaurants	2	0	1
eqLgpNj0DnRpMj63IfGVeA	afternoon	0	0	1	long	high	Tucson	Restaurants	1	1	0
eqNutOMnPqKa9QDAY6KfEw	afternoon	0	0	1	long	high	Philadelphia	Food	2	0	1
erpLcIZzcfGdyCKbZRMJug	afternoon	1	0	0	medium	high	Largo	American (Traditional)	1	0	1
euu_JA0YFf63f75uaVSyng	evening	0	0	0	long	high	Nashville	Tapas Bars	2	1	1
eznriqn0sKt0D594H5OCcA	evening	5	1	1	long	high	Philadelphia	Mexican	1	1	0
f-WhNOSwN1aB4nRFekf01g	evening	1	0	1	short	high	New Orleans	Arts & Entertainment	2	0	0
f06mf_7bT8FibS2UejNrfg	night	2	0	1	medium	high	Edmonton	Food	3	0	0
f2r0YzFcaFl3jSg4cST68w	night	0	0	1	long	high	Edmonton	Food	2	1	0
f31Cl39cl2T-CwwqZoMGkQ	night	1	0	1	medium	high	Trenton	Restaurants	1	0	0
f44pSEoqD2vgoOpnp5jUZw	afternoon	0	0	0	long	high	Tucson	Buffets	2	1	0
f4PA-f1tcN1bIpZJLdFsQQ	evening	2	0	1	long	high	Clearwater	Nightlife	2	1	1
f4vbnGoGo3eWorVekctVGQ	afternoon	6	0	1	medium	high	New Orleans	Restaurants	2	0	1
f82dhKNiUXsDVPMLqKYiIQ	night	5	1	1	medium	high	Tucson	Restaurants	2	1	0
f88P1gIbRpRzsYAHj9hGdA	afternoon	5	1	1	medium	high	Philadelphia	Restaurants	2	0	0
f8GG-nvuzMpcGIs3cbKUkw	evening	2	0	1	long	high	Fishers	Mexican	2	1	0
fAiPD2OIEm9wtS7uJqzu5Q	evening	6	1	1	medium	high	Goleta	Food	2	1	1
fBCv5Euudl9VieR870gwNg	afternoon	2	0	1	medium	high	Saint Louis	Food	2	1	1
fEFCglnS2V7MzqoxBoJVWA	night	0	0	1	long	high	Moorestown	Restaurants	1	0	1
fGYnHzFr1z2kv7bPRW6VMA	afternoon	6	0	1	long	high	West Chester	Pizza	2	1	1
fGeJIvuGAQE5sbVIbwQYXg	afternoon	1	0	1	long	high	Yardley	Ice Cream & Frozen Yogurt	2	0	0
fKDV_dlDhXd7P5kZi97Kng	afternoon	5	1	1	long	high	Philadelphia	Breakfast & Brunch	1	0	0
fLk_N8vU25DNZmbU-70gkw	evening	1	0	0	long	high	Santa Barbara	Restaurants	1	1	1
fM3rm3tcEcEOaH1mSrXkrA	afternoon	6	1	0	medium	high	Pinellas Park	Restaurants	1	1	0
fMsfxOQR01YZPRCnqoNuww	morning	6	0	1	medium	high	Clayton	Food	1	1	1
fNTxUyPUJNIbS7_7kiKnGQ	afternoon	1	0	1	medium	high	Palm Harbor	Restaurants	1	1	1
fNssGWMjae-SUzyyGblspQ	night	0	0	1	medium	high	Haddonfield	Caterers	2	0	1
fSx8zLSP_LBtIm_mfQRbTQ	evening	6	1	1	long	high	Fishers	Asian Fusion	1	0	0
fVPPZWf5QghlCLYRYec1rg	night	2	0	1	medium	high	Tucson	Restaurants	2	0	1
fW1hp1Lje2fBZpDgm31ohg	evening	1	0	1	medium	high	St. Petersburg	Bars	2	1	1
fYXCk6Usfd2wzyaBBIM4dw	afternoon	1	0	0	medium	high	Philadelphia	Restaurants	2	1	0
f_RSvdde7iSuvdLuQz3VgQ	evening	4	0	0	short	high	Seminole	American (New)	2	1	1
f_u3Hao7u32i2ZdSzMcuUw	night	3	0	1	medium	high	Nashville	Sandwiches	1	1	1
fdjzXyPw1Zt2avRokULJOw	night	2	0	1	long	high	Edmonton	Vietnamese	2	1	1
fgTOJRkc703E4XRdcr5zRA	night	5	1	1	long	high	Tucson	Cafes	1	1	1
fmDLQmU0lYjzU9qx6k8qug	afternoon	6	1	1	medium	high	Tucson	Grocery	2	0	0
fnO03-RX7UDC1TzXETWEsQ	evening	1	0	0	long	high	Media	Restaurants	2	1	1
fr2qDm_mY1afIGMvqsKUCg	afternoon	0	0	1	long	high	Philadelphia	American (Traditional)	1	0	0
frsUjGnPi3uZausjo_1FIQ	afternoon	0	0	0	medium	high	Reno	Arts & Entertainment	2	1	1
frsWe9bmMOMIBOBNzsCTew	evening	5	1	1	long	high	Florissant	Restaurants	2	1	0
fsFZQ2ZbTutgUlnWPhTU6A	evening	2	0	1	medium	high	New Orleans	Restaurants	2	0	1
fsPqRDDG2igV63nP89xWUA	evening	1	0	0	medium	high	Chadds Ford	Pizza	1	1	1
fw2E3GYpoJ2rq1YmzoBSmQ	morning	1	0	0	medium	high	New Orleans	Food	2	0	0
fycMe9LC7-O5ezKFrU-r_g	evening	3	0	1	long	high	Edmonton	Vietnamese	1	0	0
fzZxqe9XAtKrx10959x1Rg	afternoon	2	0	0	long	high	Philadelphia	Asian Fusion	1	0	0
g04aAvgol7IW8buqSbT4xA	afternoon	0	0	0	medium	high	New Orleans	Breakfast & Brunch	2	1	0
g1F1ZdYC6Rzl3lGjrKxrbA	night	6	1	0	medium	high	West Chester	Pizza	2	0	1
g2JHAYFX2tOJubMHSXdYQQ	afternoon	1	0	0	long	high	Glenside	Bars	2	1	1
g3LweOTJlJoALtaShN4SLA	night	0	0	1	long	high	Meridian	Burgers	2	1	1
g4KzJc8y7BhW66ieNIwJEA	afternoon	6	1	0	medium	high	Nashville	Italian	2	1	0
g50ImmCX3WY3koEDIzoKxg	evening	3	0	0	long	high	Reno	Arts & Entertainment	2	0	0
g5ogvPhw3PSobtaZFkdEXg	night	1	0	1	long	high	New Orleans	Cupcakes	2	1	0
g79jYJz3FEvgvglXqOUWxw	afternoon	1	0	1	long	high	Metairie	Breakfast & Brunch	2	0	0
g8ZqVCalVp-PsOqyS4dXGw	afternoon	2	0	1	medium	high	Media	Restaurants	2	0	0
gABEjWGwhojrub_tXqE2uw	evening	0	0	1	long	high	Chesterfield	American (New)	1	0	0
gC8i-lxwvGhVpOXM5eYdtA	afternoon	1	0	1	medium	high	New Orleans	Mexican	2	0	0
gCcJTKC40CL0XtYYGfcXDw	afternoon	3	0	1	medium	high	Philadelphia	Juice Bars & Smoothies	1	0	1
gEJ3a8-m6VB827e6GHromw	night	0	0	1	long	high	St. Louis	Bars	2	1	1
gEltZpDpY54boc3SaerMtg	morning	3	0	1	long	high	Tampa	Caribbean	2	1	0
gHMN4jk8kjG50CH-IRY2Dw	night	3	0	0	medium	high	Philadelphia	Sandwiches	1	0	0
gJ9YeSqAMMF0M0-y58j0Gg	afternoon	1	0	1	medium	high	Oldsmar	Chicken Wings	1	0	0
gJvHJcDBnrcIKDGo9_-v5Q	afternoon	1	0	0	long	high	Bala Cynwyd	Italian	3	1	0
gK9CdFaCXmHoW8aLfXiSqg	afternoon	0	0	1	long	high	Ardmore	Restaurants	2	1	0
gKPWC7F219oEbu5NXPzH4g	morning	0	0	0	medium	high	Hudson	Seafood	2	1	1
gOtY7zJ1rIu6UIHXEvh5sA	evening	2	0	1	medium	high	New Orleans	Specialty Food	2	1	0
gUCTzS2K_PkrJzTokZZSIw	night	4	0	1	medium	high	Saint Petersburg	American (Traditional)	1	1	1
gUyfJlJRxu1fHuZ4dpBheQ	evening	0	0	1	long	high	New Orleans	Mexican	2	1	1
gVfnWwDXmjXXuZPBW85XPA	afternoon	2	0	0	medium	high	Trooper	Indian	2	0	0
gXJRJnVE1nskfEFnNwbCzA	evening	4	0	0	long	high	Port Richey	Barbeque	2	0	1
gXg277YblY5xsaeMzJ73TA	afternoon	1	0	1	long	high	Edwardsville	Asian Fusion	2	1	1
gY6xgzPZXPv-8R70cADfqA	afternoon	4	0	1	long	high	Indianapolis	Restaurants	2	0	0
g_4FE6yWIihMdVi3eHAtog	afternoon	0	0	1	long	high	Edmonton	Cafes	2	0	0
g_nLH7QGP3_l1eE-7JWhwA	afternoon	0	0	1	long	high	Reno	Seafood	2	0	1
ga7jZd-JccpMqdSTgY2lUA	night	2	0	1	long	high	New Orleans	Barbeque	2	1	1
geMJbmX310M5VYe2f7au8Q	night	4	0	1	long	high	Tampa	American (Traditional)	1	0	0
geUiM_VTRmUz6dViO7E-jg	afternoon	6	1	1	long	high	Fishers	Pizza	2	1	1
gebiRewfieSdtt17PTW6Zg	afternoon	5	1	0	long	high	Santa Barbara	Steakhouses	2	1	0
gfPDLZimZu1NtBIDbeXetg	afternoon	5	1	1	long	high	Lafayette Hill	Restaurants	2	0	1
gfTWMLJmNz7YBz6332uxdg	afternoon	2	0	1	medium	high	Belleair Bluffs	Internet Cafes	1	0	1
giDsHBlGhHwqNZkmOV9aYQ	afternoon	6	1	0	long	high	Chester	Restaurants	2	1	0
gk8l75GLFUsFr0kS5uLtkQ	afternoon	0	0	1	long	high	Carrollwood	Chicken Wings	1	0	0
gmimhqv4vrG7_LYadxFYZA	afternoon	1	0	0	long	high	Nashville	Restaurants	1	0	1
gp9PRGOKR7qiRsy-vxoYVA	evening	1	0	1	long	high	Tucson	Bakeries	1	0	0
gqMRM12j5mder76t3bPxJw	afternoon	0	0	1	medium	high	Nashville	Chicken Wings	2	1	0
gsuUeNvj9iuZPapuZR45tg	evening	1	0	1	long	high	Tucson	Food	2	0	0
gu9H6XoryCn07BfPsSdeSw	afternoon	5	0	0	long	high	Springfield	Restaurants	1	1	0
guxzC4GOY1MYY5KqfItwOQ	night	6	1	0	short	high	Oaks	Nightlife	2	1	1
gwNlSSV0hGgNgTqPprj4FQ	evening	1	0	1	long	high	Tucson	Coffee & Tea	1	0	1
gzln_L7ch8z-Ob6autmumw	afternoon	0	0	0	long	high	Seminole	Salad	1	1	1
h-bXrwqcxFA5cz_ATTIQeA	night	2	0	1	long	high	Franklin	Breakfast & Brunch	2	0	1
h0Gy4HEgeZvN9kb3_rB5JA	evening	4	1	1	long	high	Philadelphia	Food	2	1	1
h2nBTqJVHAyltyeq7sZZ-w	afternoon	2	0	0	long	high	Mullica Hill	Restaurants	2	0	1
h3aPn7WjxYMu_DJqXCUAjQ	evening	4	0	1	long	high	Valrico	Restaurants	1	1	1
h4C7s_Go9UKo5twaLIWc8A	afternoon	2	0	1	long	high	Indianapolis	Thai	2	1	1
h4Um1Vu4Lpo7I1juWXFIUw	evening	1	0	1	long	high	Tucson	Food	1	0	0
h5WHp4sVy7v1ezQ95Q5Aqg	afternoon	0	0	1	medium	high	Edwardsville	Restaurants	3	1	1
h6IzeUVASeDtvKhd2PEsKA	night	4	0	1	long	high	New Orleans	Food	2	0	0
hAmuto6UndVroyd_DaD-TA	afternoon	2	0	1	long	high	Tampa	Specialty Food	2	1	0
hDVpw1PSS31uFUCOsI-eog	night	4	0	0	long	high	Smyrna	Restaurants	2	1	1
hEMNTKjcnhHxw9NRprl3Jw	afternoon	0	0	1	long	high	Norristown	Sports Bars	2	1	1
hFa7UxRZgJDQJ3UBhQsu9A	afternoon	1	0	1	medium	high	Wilmington	Restaurants	2	1	1
hI7m7riS39CrgGOhHOLH4w	evening	0	0	1	long	high	Indianapolis	Diners	2	1	1
hKameFsaXh9g8WQbv593UA	afternoon	2	0	0	medium	high	Lutz	Seafood	2	1	0
hLub5qdoU9w76O-k5pFiRg	afternoon	3	0	1	long	high	Voorhees	Burgers	1	1	1
hNH1ILskk1qu7TA0rBvvlw	evening	6	1	1	long	high	Indianapolis	Food	2	0	1
hRHhP3fhMy3LktPyQa3s_A	evening	3	0	1	long	high	Saint Louis	Restaurants	2	1	1
hRPH-pAQmxSiyyxTfljusA	afternoon	2	0	1	long	high	Saint Louis	Dive Bars	1	1	1
hS6KNGCQVTYUdLb2edt58g	night	3	0	1	long	high	New Orleans	Boat Charters	2	0	0
hUX1yAimviBIhb21D_KtcQ	afternoon	6	0	1	long	high	Philadelphia	Mexican	2	1	1
hWuLvI5QqPyQ1x9ww0HeRw	evening	2	0	1	long	high	Philadelphia	Restaurants	2	0	0
hXtXBZAP30-9dgxpzpBekQ	afternoon	3	0	1	long	high	Saint Louis	Thai	1	1	0
hYonVJe6xzVBHHT2FLo4zg	evening	1	0	1	long	high	Nashville	Restaurants	2	1	1
hdVqM-QngiiLRaMOvwXglQ	evening	5	1	1	long	high	Edmonton	Juice Bars & Smoothies	1	1	0
hfN3l0gJ-XszD1XFGNvA6A	afternoon	2	0	1	long	high	Collingswood	Japanese	2	0	0
hgMv8rN-kAY-1DJLSmi0Pg	afternoon	4	0	1	medium	high	Marlton	Food	1	0	0
hjd-dLRBTTFsPNJapCLFfg	evening	2	0	1	long	high	Avon	Fast Food	1	0	0
hkh5iyDeGLNhu-JUQFRE1Q	evening	0	0	1	medium	high	New Orleans	Event Planning & Services	3	1	1
hlf4qed6y1eQ9mvnWUU72A	night	4	0	1	medium	high	Kirkwood	Restaurants	3	1	1
hmmiyt6KljD5G3a861qsKw	afternoon	3	0	1	long	high	Nashville	Ethnic Food	1	0	0
hn3Rg2JrhQoDJBEhrpuwWg	afternoon	2	1	1	long	high	Franklin	Food	2	1	1
hnJ_Bt2-Io_Mdf9p1KlprQ	night	1	0	1	long	high	Clearwater	Restaurants	2	1	0
hnf3X-auqHuxd56YemuSqQ	night	1	0	1	long	high	Holland Southampton	Restaurants	1	0	0
hoYHhfn4w0mVjI60eHDHzA	afternoon	3	0	1	long	high	Philadelphia	Seafood	2	0	0
hpTU_2MMC9mtWQGq5Jr3ZQ	evening	0	0	1	long	high	St. Petersburg	Ice Cream & Frozen Yogurt	1	0	1
hqm2zJ1WY5UaVGZ6j07NNA	morning	0	0	1	long	high	Cherry Hill	Breakfast & Brunch	2	1	1
hr9RXMri_BltL2jJDO-15w	evening	3	0	1	long	high	Indianapolis	Mediterranean	2	0	0
htO_nlxkEsYHzDrtbiUxew	evening	1	0	1	medium	high	Philadelphia	Restaurants	1	0	0
hwrFnVzxb-hn7TiTlkZJHg	evening	5	1	1	medium	high	Saint Louis	Beer	2	0	0
hxEo_CKsmSMGXcHNLR9oow	afternoon	6	1	1	long	high	Philadelphia	Food	1	1	1
hy5GpGXAna-5qrb3zNub6g	afternoon	1	0	0	long	high	Mt. Laurel	Mexican	2	1	1
i-tDq8zC7ZmSqSbg_7oddA	afternoon	0	0	1	long	high	New Orleans	Barbeque	2	1	1
i1kwgtoCQN3t5curFYWRUg	night	4	0	1	long	high	St. Petersburg	Restaurants	2	1	1
i221dg3tgAMZLG-zeS5k3g	night	3	0	0	medium	high	Philadelphia	Food	1	0	0
i2qrXvLkhyG4xyRI-ddcZA	afternoon	4	0	1	long	high	Newark	Event Planning & Services	1	0	0
i2yCrMQx5soH0jMFG32vxQ	evening	4	0	0	medium	high	Goleta	Restaurants	1	0	0
i5CdJTdTSNUCqtKWzYNRaA	evening	5	1	1	long	high	Maplewood	Coffee & Tea	2	0	0
i5RDTd_k-D3wV-k3nkX6OQ	afternoon	3	0	1	medium	high	Chesterfield	Delis	2	1	1
i6kNeNRrER8ocnpkBJ3wBA	evening	0	0	1	medium	high	Drexel Hill	Restaurants	2	0	0
i7LerGjkoxNPrlJ1oJpbXw	evening	0	0	1	long	high	Langhorne	Restaurants	2	1	0
i7akkU95QVETwwX8D2qH-Q	afternoon	2	0	1	long	high	Metairie	Bakeries	2	0	0
i7syG2Gyr_qVPR1GwehzuA	afternoon	0	0	1	long	high	Indianapolis	Restaurants	3	1	0
iCKF72z3fqRTF1vxdBZINQ	afternoon	1	0	1	long	high	Nashville	American (Traditional)	2	1	1
iD25g7vUG3asELjXtMGF9w	afternoon	1	0	1	long	high	Willow Grove	Food	1	1	1
iDGohK_mkqnAfLeWC4P4TQ	night	3	0	1	long	high	Nashville	Restaurants	1	1	1
iDtIMWJVIGYspg5JvJKaOw	night	0	0	0	medium	high	Wynnewood	Food	2	1	0
iF_92LcvfJfrtwjHWhVb-Q	night	5	1	1	long	high	St. Petersburg	Food Delivery Services	2	0	0
iHcz4EQFvKoAvP8mhEbVew	afternoon	5	1	0	long	high	Chester	Caribbean	1	0	0
iI090K0JMViyPPh7Viovrg	afternoon	1	0	1	long	high	Nashville	Chicken Wings	2	1	1
iJKOUYgigs4VYsWny6AtEA	night	1	0	1	short	high	Wilmington	Restaurants	1	0	1
iJOwwuhHP_0BCHmpmJ8l4Q	afternoon	0	0	0	medium	high	Philadelphia	Fast Food	1	0	0
iKeIcErytzgR50hffOBLUg	evening	6	0	1	long	high	Bryn Mawr	Pizza	2	0	0
iKhJlRrpN1O0URjFTfXYcg	afternoon	3	0	1	medium	high	St Louis	Caterers	1	1	1
iPqywZdnDd-vuP5i6LUSDA	night	2	0	1	medium	high	Franklin	Grocery	2	1	0
iSJlDpeYlhUYLGpkVwolMA	night	3	0	1	medium	high	Tampa	Nightlife	1	1	0
iTbiFCjbYYHZsuNoGMhrhA	evening	0	0	1	long	high	Pinellas Park	Food	1	0	0
iU9nasCnUaf1MlI6UIzV9w	afternoon	4	0	1	long	high	West Chester	Food	1	0	0
iVegX9epKU8R0eRAEwQ6Yg	afternoon	0	0	1	medium	high	New Orleans	Restaurants	2	1	0
iWIu2qrim1PSNE0CRLyqpg	night	0	0	1	medium	high	Tampa	Arts & Entertainment	2	1	0
iXemjTj5TOByT1-cNTSaDw	morning	2	0	0	short	high	Newark	Food	1	0	0
i_5PaxI8DK9EErsHBdwP1A	afternoon	3	0	0	long	high	Philadelphia	Restaurants	2	0	0
idRTl_xdqB12GWXIsisW-g	evening	6	1	0	medium	high	Seminole	Restaurants	2	0	0
idf-eiurCrbsLRcH7c9zmw	afternoon	4	0	1	long	high	Indianapolis	American (New)	3	1	1
idu9-lsH5FJ54xt9QdNezQ	night	0	0	1	long	high	Spring House	Italian	2	0	0
if2ZvtLUOdn6EFeWjZV6tg	afternoon	6	1	1	long	high	Edmonton	Latin American	2	1	0
ilVGsC87BfopszGWw2qdXg	afternoon	0	0	1	medium	high	Trooper	Indian	2	0	0
ioAcpe5KRvacB2lna-wdaw	afternoon	0	0	1	long	high	Ardmore	Restaurants	2	0	1
ioxgFKdqjRowAj4dFM7VoA	afternoon	3	0	1	long	high	Indianapolis	Cuban	2	0	1
iq0qAJ2Oc3myUTTMLseTXA	night	1	0	1	long	high	West Chester	Restaurants	1	0	0
isvL0ni23esix-j94Gw5wQ	evening	4	0	1	long	high	Metairie	Restaurants	2	1	0
itAhmbhHOyQQparfwicjDQ	night	0	0	1	long	high	New Orleans	Coffee & Tea	2	0	1
ivqoS7vO__2-rerN_IjZmA	night	2	0	1	long	high	Edmonton	Restaurants	2	0	0
iwAFHdulOuYTevEfW8DqGQ	afternoon	1	0	1	medium	high	Valrico	Food	3	0	0
iwlPkTBb2CtjD0oe-baXnA	night	5	1	1	medium	high	Secane	Pizza	1	0	0
ixPTo6Hum7nNZ7A4VPhTXg	evening	0	0	1	long	high	Tampa	Restaurants	2	1	1
j0kqlcG_HluOEEFsA7WwCg	afternoon	1	0	0	medium	high	Berwyn	Restaurants	2	0	0
j3E_vGw47XpiEgTr-KiJUg	night	1	0	1	long	high	Saint Louis	Bakeries	1	0	0
j5U5O3scMvPe67jzJcWFug	night	6	1	0	long	high	Tampa	Restaurants	1	1	0
j8JOZvfeHEfUWq3gEz6ABQ	afternoon	1	0	1	medium	high	New Orleans	Jazz & Blues	2	1	1
j8NhrBzy1op0BfVGdSOiXQ	afternoon	1	0	1	medium	high	Boise	Restaurants	1	0	1
j99PtxlKTW_u5alE4jiqHQ	afternoon	0	0	0	long	high	Philadelphia	Restaurants	2	1	0
j9Ea81ctJGCVdU-qM1OuSQ	evening	2	0	1	medium	high	Philadelphia	Grocery	1	0	0
j9Kaj_6tSeXmVMYCgZithg	night	5	1	1	long	high	Wesley Chapel	Restaurants	2	1	1
jBCgQ6nZDsMCWU7eaSxOpw	afternoon	4	0	1	long	high	Lutz	Sandwiches	1	0	0
jC9FZXCw5as-pMAuHIMt5g	afternoon	0	0	1	medium	high	Glenolden	Grocery	1	0	0
jDCk9DEwSS_TamliID4QuQ	afternoon	0	0	1	long	high	Kenner	Bakeries	1	0	0
jE8o7lX3NMmcG0iMlqoo7A	night	2	0	1	long	high	Buckingham	Restaurants	2	1	0
jFmS7S0kU5ZQHSm4jqymQw	evening	2	0	1	long	high	Philadelphia	Sandwiches	1	1	1
jGewGnIYcf9LFBcR8lMC5g	afternoon	6	1	1	long	high	Media	Italian	2	1	1
jH1AttbdbqczQNpHorYH3g	evening	0	0	1	medium	high	Mount Laurel	Restaurants	2	1	1
jIBjZcqVOU4pOVT-sVQcfA	afternoon	2	0	0	long	high	Indian Rocks Beach	Sushi Bars	2	1	0
jIC4rTuCBTBaBDmgiAvaMQ	evening	0	0	1	medium	high	Tampa	Restaurants	1	0	0
jLDwSeoQ_kDQwhnUJQO2yw	evening	0	0	1	long	high	Philadelphia	Soup	2	0	0
jLaPtjlLfRSaoBWIcHcSQg	afternoon	2	0	1	long	high	University City	Seafood	2	1	0
jLerIZFpe25jOUf722qzBA	night	4	0	1	medium	high	New Orleans	Coffee & Tea	2	1	1
jMZ56S8Y1t7cA1Ob-d-qeA	afternoon	1	0	1	long	high	New Orleans	Nightlife	2	1	0
jOOOrH5n2ijnsZKxzPSAiw	afternoon	4	0	1	long	high	Nashville	Caterers	1	0	1
jPZN2irnNhZfPaFA3XayMg	evening	0	0	1	long	high	Metairie	Middle Eastern	2	1	0
jQ0uNiLU9mzeuQMS-YdS_Q	morning	4	0	1	long	high	Saint Petersburg	Coffee & Tea	1	1	1
jQBPO3rYkNwIaOdQS5ktgQ	night	0	0	1	long	high	Saint Louis	Ice Cream & Frozen Yogurt	2	1	0
jRLskcm_icZIKs81mYC4iQ	afternoon	0	0	1	long	high	Indianapolis	Restaurants	2	1	0
jSr8KHVtQWgC_S_xNyrG5w	evening	0	0	1	long	high	Edmonton	Coffee & Tea	1	0	0
jT8tEryYV9JznR2beI4Vtw	afternoon	0	0	1	long	high	Dunedin	Chinese	1	0	0
jULIPydhMj18KOI5OHTwfA	evening	3	0	1	long	high	Philadelphia	Tacos	2	1	1
jYMxtQhB1YP0dfhr9P96ng	afternoon	1	0	0	long	high	Tampa	Restaurants	1	1	1
jZsfzsAwwPxsBlAvcWPVUg	afternoon	2	0	1	long	high	Edmonton	Vietnamese	2	0	0
jZy7m53Eud2cGOAPSum4fg	night	4	1	1	long	high	Springfield	Restaurants	1	0	0
j_dA2oE0St07hd7bqLKgBg	evening	4	0	1	long	high	Philadelphia	Restaurants	2	0	0
jcQ2ykQjVjSiVFf0EtH6eg	afternoon	6	1	1	long	high	Tampa	American (New)	2	1	1
jf8AZyiMXd9CFxOg_fTb0g	evening	0	0	1	long	high	Brentwood	Restaurants	1	1	1
jfIWqMrdWnPNORcDnQ7VNg	night	1	0	1	long	high	Reno	Bars	2	1	0
jg1YxrBaK9cB4OT1Zx49Hg	night	2	0	1	medium	high	Tucson	Restaurants	2	1	1
jjK2eJS43eMBQEBddYldnA	evening	2	0	0	medium	high	Newtown	Restaurants	2	1	1
jlgi2sLx5i6_t4mcODJW7A	afternoon	0	0	1	long	high	New Orleans	Restaurants	3	1	1
jlkDIOPoRP9SJXTkRVpkMQ	night	3	0	1	long	high	Reno	Greek	2	0	1
jmwasbZfgj3honf79qKsnA	evening	4	0	1	medium	high	Tucson	Mexican	1	1	0
joeRm-_7T0XTkMdKo2nbaA	evening	6	1	0	medium	high	Wayne	Restaurants	1	0	1
jsQQu9rVerR3OGxIa0hRQQ	afternoon	4	0	1	long	high	Bryn Mawr	Bars	2	1	0
ju1qrGJ1mcc1sc2oRX7X5g	afternoon	3	1	1	long	high	Indianapolis	Street Vendors	1	0	1
ju4YP8SLdR_BmWr_-Xh83Q	night	1	0	0	medium	high	Goleta	Food	1	1	0
juVJO2kMrHwCYXwQQmv1Tg	evening	5	1	1	long	high	Indianapolis	Sandwiches	2	1	1
jwGGsDKKOsrLjncBtDnHtw	afternoon	1	0	1	long	high	Nashville	Hookah Bars	2	1	0
jwkgVfSLydNMAF2US6bL1g	morning	1	0	1	medium	high	Doylestown	Food	2	0	1
jx08bYW9trXnfdw9hAEoRw	afternoon	0	0	1	long	high	Upper Darby	Food	2	0	0
jxfAi7UDmtbhyPw7ZsfKVw	afternoon	0	0	1	medium	high	Media	Desserts	2	0	1
k-Wb-2Y2RFGlaY00_Hm8Sw	night	3	0	1	long	high	Holiday	Restaurants	1	0	1
k0AO8X3VzWe_F4lkMb0eSg	afternoon	6	1	1	long	high	Moorestown	Breakfast & Brunch	2	0	1
k3CjpU8COgn--pueiZm3XA	night	0	0	1	long	high	Saint Louis	Mexican	1	1	0
k3EQAQGptzHzl6oEoas61w	evening	1	0	0	long	high	Largo	Restaurants	2	1	0
k3sED9tpGEOtzhGxvcxTrw	afternoon	4	0	1	long	high	Metairie	Restaurants	1	1	0
k5WBbvefZdisYbgcswiKNA	morning	0	0	0	long	high	Reno	Restaurants	2	1	1
k6NkyANDoAMSNpa9_VD8IQ	evening	0	0	0	long	high	New Orleans	Restaurants	2	1	0
k6XrnjX2TBM_nDzD_XA9NQ	afternoon	4	0	1	long	high	Reno	Arts & Entertainment	2	1	1
k920l7wHSjLZDJLvn-UfyQ	afternoon	3	0	1	long	high	University City	Breakfast & Brunch	1	0	1
k9A4tAmei12tLprkrNPkcg	evening	2	0	0	long	high	Reno	Fast Food	1	0	0
k9W1gDPg4TziOTqY_xjTyQ	morning	0	0	0	long	high	Wilmington	Food	2	0	0
kE8XRJWDRnrihtgm5cLU_g	afternoon	4	0	1	long	high	Norristown	Event Planning & Services	2	0	0
kFxHQcrCEycaWLEOkkoE1A	afternoon	5	1	1	short	high	Indianapolis	Real Estate	1	0	1
kGMDSF0YpNwJ-c2BN5yBpw	afternoon	0	0	1	medium	high	East Norriton	Restaurants	2	0	0
kGl2zBnLWTUBQLFkd0u_FQ	afternoon	0	0	1	long	high	Tampa	Greek	2	1	1
kHuIRfZq3aadONNFO0vEnQ	afternoon	0	0	1	medium	high	Mt Juliet	Comfort Food	2	1	1
kJpoduG3wdA35WzOF_T1Aw	afternoon	5	1	1	long	high	Pinellas Park	Food	1	0	1
kKPJLiHIr9Gd9sYs3GhxDQ	evening	0	0	1	long	high	Saint Petersburg	Nightlife	2	1	1
kLS3Sth5HvO0IjrXCCvXxA	afternoon	1	0	1	medium	high	Philadelphia	Food	1	0	0
kOHcpCZQd4uNp6G2uE8o2A	morning	0	0	1	long	high	Philadelphia	Delis	1	0	0
kPG6r0h73sPgXBei0MyzYg	afternoon	0	0	1	long	high	Edmonton	Restaurants	2	1	0
kQRB8RNwd7cEMcURTS-I7A	evening	6	0	1	long	high	Collingswood	American (Traditional)	2	0	1
kSQNBSWTLlo-SwR6IcpvHA	afternoon	6	0	1	medium	high	Indianapolis	Restaurants	2	1	0
kSRTaNwuHmmcZ32yRCmhJw	afternoon	0	0	1	long	high	Wayne	Restaurants	1	1	0
kV_Q1oqis8Qli8dUoGpTyQ	morning	1	0	1	long	high	Ardmore	Pizza	1	0	0
kYFJQDMHsubrwDfRpEfDTA	afternoon	1	0	1	long	high	New Orleans	Restaurants	1	0	1
kZ3L75t_7EqE9kRS6bpWSA	afternoon	3	0	1	long	high	Reno	Restaurants	2	1	1
kZtl_NJjUnlIQgzFrBhXyQ	afternoon	4	0	0	long	high	Santa Barbara	Restaurants	2	1	0
kbFwcVMsHlNNXGWRZpEYhg	afternoon	0	0	1	medium	high	Aston	Restaurants	1	0	0
kbbh3rkueBubhJa_QQjwpA	afternoon	0	0	1	long	high	King of Prussia	Southern	1	0	0
kd0Sv_ZjnBhbMxs0U4KgQw	afternoon	0	0	1	medium	high	Phoenixville	Latin American	2	1	1
kdJMzQCyG9X07lEgTWWveQ	afternoon	2	0	0	long	high	Nashville	Restaurants	2	1	0
kex3ujGWOUvBX_ms4Etdtw	afternoon	2	0	0	long	high	Paoli	Sandwiches	2	0	0
kfN6roQlTHWvMNlYdq2zgw	afternoon	4	0	1	medium	high	Chalfont	Restaurants	2	0	0
khVgwowtBDRWHp77qDFmqQ	afternoon	3	0	1	medium	high	Boise	Food	2	0	0
ki1ji38VOBVhZJ__Awvf-Q	afternoon	0	0	0	long	high	Bensalem	Restaurants	3	1	0
ki4fAKj4ZN0cgAmw9L8PBg	afternoon	2	0	1	long	high	Zephyrhills	Restaurants	1	0	0
kimOwpoIWzJJx7NHTAj74Q	night	0	0	0	long	high	Philadelphia	Thai	2	0	0
kjhIbW8NKRvXmLDwz7lzhw	night	6	1	1	long	high	Nashville	Nightlife	2	1	0
kkcQYuF3w5iHnHMf0EnRhQ	evening	3	0	1	long	high	Philadelphia	Sandwiches	1	1	0
knA3b_WnHUJAyrIzzL9Lrg	afternoon	4	0	0	medium	high	Tampa	Event Planning & Services	1	0	1
kpK6SmxIiNoGPNhlEGiL4w	afternoon	4	0	0	long	high	Saint Louis	Italian	2	1	1
kpdGKJimp87LPV-mk1lIrg	evening	2	0	1	long	high	Franklin	Desserts	3	0	0
kq5Ghhh14r-eCxlVmlyd8w	afternoon	4	0	1	medium	high	Philadelphia	Restaurants	1	0	1
kqAa2CtPGA-QsZhhbzpzUQ	afternoon	2	0	1	long	high	Nashville	Mediterranean	2	0	1
krIXxF3-vdrnDqtaMv-5zw	afternoon	2	0	0	long	high	Ardmore	Indian	2	0	0
krTHKI0YOpASr4gz2CVWFw	afternoon	2	0	1	long	high	Philadelphia	Restaurants	1	0	0
kwQzVF5GP8DzdyBavvhIaQ	evening	1	0	1	medium	high	Kenner	Seafood Markets	2	1	0
kxX2SOes4o-D3ZQBkiMRfA	evening	6	0	0	long	high	Philadelphia	Halal	2	0	0
kz8OeP88ZYjDBWb0LePJ3A	evening	3	0	1	long	high	Philadelphia	Ice Cream & Frozen Yogurt	1	0	0
l3pO6YTjFUgVoXgm3gfUag	evening	2	0	0	medium	high	Cherry Hill	Restaurants	2	1	0
l4aS1QVy_bGnwUXSJzpbsw	morning	6	1	1	long	high	Sparks	Pizza	2	1	0
l7gFSHojInQCglAVbv2_FQ	evening	2	0	0	long	high	Glassboro	Restaurants	2	0	0
l8uzbLGk9CLjElcWGyBZ0Q	afternoon	1	0	1	medium	high	Edmonton	Food	2	0	1
lB6jIOb1UBATmdfot4KJew	evening	1	0	0	long	high	Saint Louis	Delis	1	0	0
lCBLhf37pnkyZ-1MWNF3ag	evening	5	1	1	long	high	Tampa	Delis	1	1	1
lDodrtH6kNgSCYpxr_E3-A	night	2	0	1	long	high	Metairie	Delis	2	0	1
lEOxwatxwXaCi8lPUTFKRQ	night	2	0	0	long	high	Tucson	Restaurants	1	0	1
lGbI4ub1FaTRh51GqmbXeA	evening	1	0	1	long	high	Reno	Nightlife	2	1	1
lHndmmPiVHzZ9PLz_su8Zw	evening	2	0	1	long	high	Boise	Mexican	1	0	1
lIcpuosu_UVSy-sfWDecoQ	afternoon	2	0	1	long	high	Maryland Heights	Sports Bars	1	1	0
lJXfCo0ME730q0_qvO2l2g	evening	6	1	1	long	high	Plant City	Restaurants	2	1	1
lK1upWouk_UiwJK4HpZYzw	evening	4	0	1	short	high	Tampa	Breakfast & Brunch	1	0	1
lNm6n179opkEEbxLtbiTWw	afternoon	4	0	1	long	high	Newtown	Restaurants	2	0	1
lOP3HxdUTaq0eXhwR_KC-w	evening	2	0	1	long	high	Indianapolis	Chocolatiers & Shops	2	0	0
lPPFfaAxzyj8R3dr9kasbg	night	2	0	1	long	high	Conshohocken	Ice Cream & Frozen Yogurt	1	0	1
lPPYZr1_jx0XeW-xR9WJtw	afternoon	0	0	1	long	high	Edmonton	Bars	2	1	0
lPuL8YgBHLhwaVp8ubMOFw	afternoon	2	0	0	long	high	Blue Bell	Farmers Market	1	0	0
lRbHFOIFuusN2WOR_ypQ_A	afternoon	0	0	1	long	high	Philadelphia	Restaurants	2	0	0
lS1dmSXpAtQqT04eRm9kiA	night	2	0	1	medium	high	Tucson	Restaurants	1	1	1
lTlii3QHEVvsagPGsCtu9w	afternoon	6	0	1	long	high	Exton	Restaurants	2	1	1
lV0k3BnslFRkuWD_kbKd0Q	afternoon	4	0	1	long	high	Indianapolis	American (Traditional)	2	1	1
lXCFcmhoRsyW-mnzzl6fkA	morning	6	1	1	long	high	Tampa	Chicken Wings	2	1	0
lZEYIL95hZsZS0vgaoR2aQ	evening	0	0	1	long	high	Tampa	Sandwiches	2	1	1
laBlOr7v6w7Sf5yxbHhAcA	evening	1	0	1	medium	high	Nashville	Coffee & Tea	2	0	0
laElNpr0C23diPSsx12Nvg	evening	6	1	1	long	high	Tampa	Restaurants	1	1	0
lgu_KwQLd8TX2ewsNIzsjA	evening	4	0	1	medium	high	St Louis	Restaurants	1	0	1
lhsQkb5nhf-Kd5OvgB9MNg	afternoon	4	0	1	medium	high	Tucson	Japanese	2	1	0
lj-E32x9_FA7GmUrBGBEWg	afternoon	6	0	1	long	high	St Louis	Bars	2	1	1
ljxNT9p0y7YMPx0fcNBGig	evening	6	1	1	long	high	Alton	Restaurants	2	1	1
lk9IwjZXqUMqqOhM774DtQ	afternoon	1	0	1	long	high	Nashville	Coffee & Tea	2	1	1
lkeilNhrF0zqee8dZSBamA	afternoon	3	0	1	long	high	Philadelphia	Food	1	0	0
llYsxQ0IuKh0HXULlqu6fw	night	4	0	1	long	high	Tampa	Filipino	2	0	0
lmgCjE_h9VkpJYjsD2Li0A	morning	0	0	1	long	high	Tampa	Fashion	2	0	0
ln2TenkFOODYi7AOX9we1Q	night	1	0	0	long	high	Tampa Bay	Restaurants	2	1	0
lo2VbA7Lwzu3i23pQpmzlw	evening	0	0	1	medium	high	Gloucester Township	Food	1	0	1
lpHSHbP0d2sujYTY5XW-WQ	evening	4	0	1	medium	high	Kenner	Pizza	1	1	0
lpfrjbjIWC0BNZThaSDMLw	afternoon	4	0	0	long	high	Florissant	Thai	2	0	0
lpiURb2ONfF8cHgVjKRGKg	night	2	0	1	long	high	Marana	Latin American	2	0	1
lqBurWf5LxIhUQ0HtXTu_A	afternoon	3	0	0	long	high	Philadelphia	Venues & Event Spaces	2	0	0
ls4-Q1KYVP7L6H4eMTQx4w	afternoon	0	0	1	medium	high	Reno	American (Traditional)	2	1	1
lsGZzXIJbjrWtcFGLAW5sw	night	4	0	1	long	high	Nashville	American (New)	2	1	1
ltBBYdNzkeKdCNPDAsxwAA	evening	4	0	1	long	high	Nashville	Cocktail Bars	2	1	0
luXBhJkuhBAKNCjByulizA	afternoon	4	0	1	medium	high	Indianapolis	Restaurants	2	1	1
lwdkX7KcibM4mDqpDfK7JA	evening	6	1	1	medium	high	Nashville	Caterers	2	1	1
lyFk5UsYV-qWEuv9lJZ06g	afternoon	0	0	1	long	high	Saint Louis	Ice Cream & Frozen Yogurt	1	0	0
m14o43aOPMR5Z8MhDi8wVw	afternoon	5	0	0	long	low	St. Petersburg	Restaurants	2	1	1
m1EGAIfFEN9nG2_bJqnAcQ	afternoon	2	0	1	long	high	Reno	Sushi Bars	2	1	0
m1ohyfs8gcS9X-ZQ3Coj2Q	afternoon	2	0	1	long	high	Philadelphia	Food	1	1	0
m2xX6hXy6xj4rIemZkntMw	afternoon	2	0	1	long	high	Chester Springs	Food	2	0	0
m4lkv5ksqtdXvlIVIftH_A	night	0	0	1	long	high	Philadelphia	Asian Fusion	3	1	0
m6KZGTxRb9_ZyDpB1G6O1Q	afternoon	3	0	1	long	high	Marana	Food	1	1	1
m7uGAvkjyI9iQaLJAmvCNQ	evening	2	0	1	long	high	Wayne	Restaurants	2	1	0
mA1v8uVY5IzQfOyVy7xbTw	night	3	0	1	medium	high	St. Louis	Ice Cream & Frozen Yogurt	1	0	0
mBcvp7NarEQEviJyRiX23Q	afternoon	1	1	1	medium	high	Philadelphia	Coffee & Tea	2	0	1
mCo2uVTTGYrEhRrkQW-CMw	afternoon	5	0	0	long	high	Philadelphia	Taiwanese	2	0	0
mDd3GFkYQKXhTlpm7SHtCQ	afternoon	0	0	0	long	high	Philadelphia	Thai	2	1	0
mDsElkXohOsEOH46cpx_Xw	night	0	0	0	long	low	Metairie	Wine Bars	2	1	1
mFE9V6LPpsDRUQLEBsBRRA	night	4	0	0	long	high	Philadelphia	Restaurants	2	0	0
mGBeGy02okNCY4QgNG5S0A	afternoon	6	1	1	medium	high	Havertown	Food	3	0	0
mGpLYGly9TmJsWiELfHXYg	afternoon	4	0	1	long	high	Smyrna	Cajun/Creole	2	1	1
mGxaM5kUC2GhYkp3Dip52Q	evening	6	1	0	medium	high	Reno	Food	2	0	0
mKZEuPNLVe4yRL0UfxFPTg	afternoon	1	0	1	long	high	Tampa	Modern European	2	1	1
mLNSOU8Ki0Fm09xd6ZKkcA	night	0	0	1	long	high	Tampa	Music Venues	3	1	1
mLUWI7YYwaqTWgmbjOXvKw	afternoon	5	1	1	long	high	Maple Shade Township	Restaurants	2	1	1
mMPvgBgqON8pia_4AgGTUw	evening	0	0	1	long	high	Tampa	Sushi Bars	2	1	0
mO0NXx8gr5wX4yQRQC4wRQ	afternoon	3	0	1	long	high	Saint Petersburg	Breakfast & Brunch	2	1	0
mQvRi0nm84Www71d4qOheQ	night	4	0	1	medium	high	Bryn Mawr	Seafood	2	0	0
mUIBtlWNPD7sz3rGGWQ1RA	afternoon	4	0	1	long	high	Philadelphia	Mediterranean	2	0	1
mXRnfKu9PCP3k3YIcumCJA	evening	0	0	1	medium	high	Jefferson	Food	1	0	0
mY02hIpeZSVCaWObvvyECA	afternoon	5	0	1	long	high	Saint Louis	Restaurants	2	1	1
mbMh8Wa2A5qdl64EqJKy0Q	afternoon	6	1	1	medium	high	Greenwood	Specialty Food	2	0	0
mbglgx3nbRRPKxh0SxDjNQ	afternoon	2	0	1	long	high	Philadelphia	Latin American	1	0	1
mcr1lAEdvGLMJhuPwI3I2A	evening	3	0	0	medium	high	Reno	Food	2	1	0
mg7c4-H5oU3fE-jDSUlfNw	afternoon	1	0	0	long	high	Indianapolis	Salad	2	1	0
mm4gSCCJXuAZFWDkESMjmw	night	3	0	1	long	high	Tampa	Bars	2	1	1
mmBwAe9q062vKWanRfoagQ	afternoon	0	0	1	long	high	Philadelphia	Hotels & Travel	2	0	0
mpVN_c2VeliyNcljZFgUSg	night	6	1	1	medium	high	Holland	Diners	2	0	0
mpVZG520RL-K1YeQi55ZPg	night	2	0	1	long	high	Philadelphia	Burgers	1	1	0
mqXBKsv5O2ETyD27NY1n2g	afternoon	1	0	0	medium	high	Tampa	British	2	1	1
mq_bbdY46DlwI9tj3bEXtA	afternoon	1	0	0	short	high	Gallatin	Burgers	2	0	0
msHYY8zS_8D3_BJitdGdmA	afternoon	0	0	0	medium	high	Saint Louis	Asian Fusion	1	0	1
msVMrDXdAaQZrW43XiMuGg	afternoon	2	0	1	long	high	Mont Clare	Specialty Food	1	0	0
mtGTna-hyFhErb4Zma32IA	evening	3	0	1	long	high	Glenside	Diners	1	0	1
mtHxMNtlbDIkgH6IfzBgMg	afternoon	2	0	1	medium	high	Greenwood	Cupcakes	2	0	0
mtowE4p6gOgyGrHAsMz-rg	night	0	0	1	long	high	Wilmington	Food	1	0	1
mu2yd4Z5n5NLCaLC_KlqLQ	night	1	0	0	medium	high	Nashville	Food Trucks	1	0	1
mvJazJqQvm7CO7kykpDptg	night	0	0	1	long	high	Edmonton	Fast Food	1	1	0
mx1_2BxcIbZ1RKsGG_UPHg	night	3	0	1	medium	high	Dupo	Nightlife	1	1	1
mygIk3l_ShNNB-QbWlrRyg	afternoon	1	0	1	long	high	Belle Chasse	Restaurants	2	1	0
mzZ_WTb2zvyJMBkm84B-WA	evening	0	0	1	long	high	Metairie	Donuts	2	1	0
n01xMNLylzLMUzBpB9lxZQ	night	2	0	0	long	high	Riverview	Restaurants	1	1	0
n1HOCV74TBVZdQdOUgp9xA	afternoon	2	0	0	long	high	Sicklerville	Tex-Mex	1	0	0
n1i7yciuoS2_6_g7ix9jlQ	afternoon	2	0	1	long	high	Greenwood	Sandwiches	2	0	0
n5-1AVcqXiThFojV-eQ_og	night	6	1	1	long	high	Tucson	Food	1	0	1
n5P6-HWN3kFSYBxfVfDxEg	afternoon	1	0	1	long	high	Clearwater Beach	Hotels & Travel	2	1	1
n5jsPRd2flEKEzTmf3Kl3Q	afternoon	1	0	0	medium	high	Saint Louis	Restaurants	2	0	0
nD-cMgRg5gekeB9qbuEkeA	afternoon	2	0	1	long	high	Nashville	Steakhouses	3	1	0
nDD_6elPOfDe0eRk9xVHNQ	night	1	0	1	long	high	Edmonton	Canadian (New)	2	1	1
nFSqTOt1LZSHQQKQsUZiKw	afternoon	0	0	1	long	high	Ridley Park	Diners	1	0	0
nFjk0xVI9fNiVN__5g-m8Q	night	1	0	1	long	high	Saint Petersburg	Ramen	2	1	0
nGFWg8F1dvDW3iasvyOEBg	evening	1	0	0	medium	low	Thorndale	Restaurants	1	0	0
nGYXglmKHgUcovuTHIg6_A	evening	1	0	0	medium	high	New Orleans	Event Planning & Services	2	0	0
nJ4RKwRgkGiD4fE0QAg5mg	afternoon	0	0	0	long	high	West Chester	Barbeque	2	1	1
nMxfEiAANa_FsrCZZVHoEg	afternoon	1	0	1	long	high	Springfield	Shopping	2	0	0
nP4LqTcK1USiw5WnbOjW7A	afternoon	1	0	1	long	high	Philadelphia	Moroccan	1	0	0
nQApvLYqMHEhbihbmPdngQ	evening	1	0	1	medium	high	Blackwood	Food	1	0	0
nRKndeZLQ3eDL10UMwS2rQ	afternoon	1	0	1	medium	high	Saint Louis	Ice Cream & Frozen Yogurt	1	0	0
nTry5c0z1cn4kT4OBiSEAw	afternoon	1	0	0	long	high	Woodbury	Bakeries	3	0	0
nV9XClMRPTDWhak4FTkyyg	evening	0	0	0	long	high	Springfield	Italian	2	1	0
nVI9wI9ujmrutJRMgHKSIg	evening	5	1	0	long	high	Springfield	Mexican	1	0	0
nVfkNZLElDdhqWcnaDPtPQ	night	6	1	1	long	high	Riverview	Burgers	2	1	1
nWyACfz6EBYKRu_MwOdEyA	evening	6	1	0	long	high	Oaks	Thai	2	0	0
nX-8oJQFZGVyLvjDCFAzXw	afternoon	0	0	1	long	high	Mount Laurel	Japanese	2	0	0
nX2105_S9lUhB5rbhC2n2w	evening	5	0	1	medium	high	Saint Louis	Donuts	1	0	0
nYRFGR2C-OOhRvO8rvI4qw	evening	4	0	0	long	high	Broomall	Restaurants	2	0	0
nYuwfmjaYdeJgZU_Q_ugaA	evening	2	0	0	medium	high	Nashville	Vegetarian	2	0	0
n_YT3s1qmiX7RFup7negTQ	evening	1	0	1	medium	high	Franklin	Soup	2	1	1
ncNeXDDNtO1nhwQ0Gm6pfw	afternoon	6	1	1	long	high	Newtown	Farmers Market	2	0	0
ncxN9II-MeXRudUrE3GVsA	evening	6	0	1	long	high	Bridgeport	Restaurants	2	1	0
ndJrd9xvEhtLHNmoGkC2sg	afternoon	0	0	0	long	high	Brentwood	Chicken Wings	2	1	1
ndRRvkUHQ1ruKBjdgP7kcQ	evening	1	0	1	long	high	New Orleans	Restaurants	1	0	0
neL2xrin-uMJl5ABKyPLKA	afternoon	0	0	0	long	low	Reno	Fondue	3	1	0
neWdmzHgbpqSx62jynDd7A	evening	1	0	1	long	high	New Orleans	Seafood	3	1	1
necnuacmR2jYCiEova3s-Q	afternoon	3	0	1	long	high	Blackwood	Restaurants	1	1	0
ngvE1G9IckUO-ljZBFo23w	evening	4	0	1	long	high	Philadelphia	Indian	1	0	0
nk2a2nI1jfln9zLpxEvTnw	afternoon	2	0	1	long	high	Philadelphia	Nightlife	1	1	0
nl_La1sCrZG0xq0HNt4WsQ	afternoon	6	1	1	medium	high	Philadelphia	Restaurants	1	1	0
nnZIsmpIQnuQY5S-MoGyvg	afternoon	3	0	0	long	high	Boise	Vietnamese	1	0	0
npyH-DyEMLhDMIqEedmB-g	night	2	0	1	long	high	Saint Louis	Comic Books	2	0	0
ntk3HonjsNzd2cY9o1RpZA	afternoon	0	0	1	long	high	Franklin	Barbeque	2	1	1
nvb8SFi1-LzaQHEhUnw_7g	afternoon	0	0	1	long	high	Treasure Island	Restaurants	2	1	1
o1TR7rOmAcxiNBLEM3kEqw	afternoon	0	0	1	long	high	Temple Terrace	Restaurants	1	0	0
o1bd3WLl4McflqjDTJTdHQ	afternoon	0	0	0	medium	high	Nashville	Coffee & Tea	2	1	1
o2ETM4XZXENkzuAaYT2GIg	night	4	0	1	long	high	St Louis	Nightlife	2	1	0
o3RGMdSY37_PX1k1vZsXpA	afternoon	1	0	1	medium	high	Clearwater	American (New)	3	1	1
o3ca5qJSorYBJCK-S7bVsw	night	3	0	1	long	high	North Wales	Restaurants	2	0	0
o6jfwLREaGy1mwAEybjOkg	night	6	1	1	medium	high	Tampa	Food	2	1	0
o7cD_sDA-Evj3Oh0zeH9nQ	evening	1	0	0	long	high	Reno	Restaurants	1	0	0
o8JeOB8HTa5HYHg6hfqTHw	evening	2	0	1	long	high	Wilmington	Restaurants	1	0	1
oBhJuukGRqPVvYBfTkhuZA	evening	1	0	1	long	high	Philadelphia	American (New)	2	1	1
oCFcoyGx2VRZ8MHXEsV8tQ	night	6	1	1	medium	high	Brookhaven	Food	2	0	0
oCbJpGl8IkH1WdYa25TDBA	evening	4	0	1	long	high	New Orleans	Burgers	2	1	0
oCtDz1M-m-iYH1cG2o4mtA	afternoon	2	1	1	long	high	New Orleans	Food Trucks	1	0	0
oFT-uwZJdBngbBXONAjbQQ	afternoon	1	0	1	long	high	Indianapolis	Food	2	0	0
oGdbvXKXVCQ8WC_GQePDkQ	evening	5	0	1	long	high	Indianapolis	Cafes	2	1	1
oHAAlU_Yts_avncJK0hJpw	evening	5	1	0	medium	high	Marana	Italian	2	1	0
oJ4ik-4PZe6gexxW-tSmsw	afternoon	0	0	1	long	high	Indianapolis	Nightlife	2	1	1
oJRjeio1OBablDFr--__Xg	night	0	0	1	long	high	Tampa	Food	1	1	0
oLc7k78_YcDMnMCdbC-h1A	night	2	0	1	long	high	New Orleans	American (Traditional)	2	1	1
oQ5CPRt0R3AzFvcjNOqB1w	afternoon	2	0	1	long	high	Nashville	Barbeque	2	1	1
oRZzKWdyMQld6N_y4UWkAg	night	0	0	1	long	high	Tampa	Latin American	2	1	0
oThWInL6gUCt2d98fSIAfA	night	5	0	1	medium	high	Fishers	Restaurants	2	1	1
oVdmgPooxFdR6oZ83ohERw	evening	4	0	1	long	high	Berwyn	Restaurants	1	0	1
oYzq49fG7jokPLQ38bFMOw	afternoon	2	0	1	long	high	Chalfont	Japanese	2	1	0
oaboaRBUgGjbo2kfUIKDLQ	night	3	0	1	long	high	Nashville	Ice Cream & Frozen Yogurt	2	0	0
od6skmfXz9twktEAuJHEmw	afternoon	5	1	1	long	high	Narberth	American (New)	2	0	1
odu3pNmc_aqySj5Yh7lFQw	afternoon	2	0	1	medium	high	Glen Mills	Grocery	2	0	0
ompDR5sUDpoI6gnTldmneQ	afternoon	0	0	1	medium	high	New Orleans	Seafood	2	1	0
onPYxtkOmTIGYJbLCPX9Qg	afternoon	2	0	1	long	high	Cherry Hill	Pizza	2	0	0
opVI-uorLFVxnv0urDKZUw	evening	6	1	1	long	high	Pipersville	Street Vendors	1	1	0
oqP1oQEycpp4J6u5YebRoQ	afternoon	0	0	1	long	high	Tampa	American (Traditional)	2	1	1
oqtsxtnbyAlFiDGAKwUOqQ	night	6	1	1	long	high	Burlington	Diners	2	0	0
orXtmu7JLqVy9LatRd49Sw	night	5	1	1	long	high	New Orleans	Food	2	0	0
osOONoA8wMF5ZpLWUS7VOw	afternoon	3	0	1	long	high	Indianapolis	Breakfast & Brunch	1	0	1
otQS34_MymijPTdNBoBdCw	night	0	0	1	medium	high	Tucson	Restaurants	2	1	1
ovLgaPIMrx7PDZPrEpTMvg	afternoon	5	0	1	long	high	Tampa	Salad	1	0	0
ow_vaAcbxjw-TOdGilc4AQ	afternoon	3	0	1	long	high	Saint Petersburg	Sushi Bars	2	1	0
p184f-Zvf4ToPwLba0VS4A	afternoon	0	0	1	long	high	Bensalem	Chinese	2	0	0
p21PCK17H3WL56KSr4Ykig	evening	2	0	1	medium	high	Tampa	Restaurants	1	1	0
p3Vbzk03kNiI0tr181qamA	afternoon	0	0	1	long	high	Indianapolis	American (New)	2	1	1
p5OEYAsKeMjNKZI-gZiQrg	evening	4	1	0	long	high	Boothwyn	Thai	2	0	0
p7UGlPkE3Gagm9Mq7aHfYg	night	1	0	1	long	high	Saint Louis	Food	1	0	1
pAnGtLoIkTplo2SnnrllTw	afternoon	0	0	0	medium	high	Spring Hill	Delis	1	0	1
pEkkIn1bhyACFb8vwvMxwg	afternoon	1	0	1	long	high	New Orleans	Cajun/Creole	2	1	1
pGwrPSAlwMvEnOsFHqB72Q	afternoon	1	0	1	long	high	New Orleans	Coffee & Tea	1	0	1
pHBwvBG3iZdOfpLNZTkVWQ	afternoon	0	0	0	long	high	Philadelphia	Italian	1	1	0
pIY1UltfmUX--6yrAhg-mQ	evening	6	1	0	short	high	West Chester	Steakhouses	2	0	1
pIYHiRUoUH_lsLmvzDoapw	afternoon	2	0	1	long	high	Haddonfield	Food	2	0	0
pJB63RaQpkTIKBhfTsLQQg	night	6	1	0	long	high	Noblesville	Restaurants	2	0	0
pJZq57-XUXnDU2yo8gmsUg	afternoon	1	0	1	long	high	Reno	Restaurants	2	1	0
pMdU8zqjrmHn2LQvlF9rxA	night	5	1	1	long	high	Saint Louis	Cosmetics & Beauty Supply	2	0	0
pNu5bd9aL3jcJClfdQ86MQ	afternoon	0	0	1	long	high	St Louis	Mediterranean	2	1	1
pP1V9AvK716BMxoHkNVWdw	evening	3	0	0	medium	high	Reno	Food	2	0	0
pP4q0Mym-qt20nRqTKbzhQ	afternoon	5	0	1	medium	high	Philadelphia	Steakhouses	4	1	0
pPFv6CTFK5i8FNj8f3_pVg	night	6	0	0	long	high	Edmonton	Restaurants	2	1	0
pQ0WQwBPdpngQi_HdPYIag	afternoon	6	1	0	medium	high	Abington	Thai	2	0	0
pSmOH4a3HNNpYM82J5ycLA	afternoon	0	0	1	long	high	Nashville	Restaurants	2	1	0
pVHbXwsqLxNzAx9rdwy2EA	afternoon	0	0	1	long	high	Philadelphia	American (Traditional)	3	1	1
pY7BOmdLwh8KxLGMWu_IQQ	evening	6	1	0	medium	high	Sparks	Ice Cream & Frozen Yogurt	2	0	0
paO0ETshl56TNSaEyzm9Cw	afternoon	4	0	1	long	high	Philadelphia	Coffee & Tea	2	0	1
pafrjSu3h0v0N8GR3ghNtQ	night	2	0	1	medium	high	Indianapolis	Cajun/Creole	1	0	1
piUZEndStsWNnRUwOPk8jA	afternoon	3	0	0	long	high	Philadelphia	Chinese	2	1	0
pj2A1tMl-p2ozYHS6FvHJQ	afternoon	2	0	1	medium	high	Indianapolis	Coffee & Tea	1	0	0
pj8Y-5vfbRitnnm2xJFH9w	afternoon	1	0	1	long	high	Philadelphia	Caribbean	2	1	1
pjb3xGA9ccjl49B5ERH46w	afternoon	0	0	1	long	high	Largo	Restaurants	2	1	0
plobBsTtVUODb353xxFT_g	night	0	0	0	long	high	Reno	Sushi Bars	2	1	0
pmuuoDqNZp7518AUd-YmPA	afternoon	6	1	0	medium	high	King of Prussia	Restaurants	1	0	0
pnxL0sjTp4EjL93PvdQe-w	afternoon	0	0	0	medium	high	Jeffersonville	Breakfast & Brunch	1	0	1
ppFCk9aQkM338Rgwpl2F5A	afternoon	5	1	1	long	high	Philadelphia	Restaurants	1	0	0
pqe1pCQx--uybdm6EQ8AqQ	evening	0	0	1	long	high	Wynnewood	American (New)	1	0	1
psD0qpCK-iENFO9c8hmnkw	afternoon	3	0	0	long	high	Claymont	Restaurants	2	1	0
psI9u_iVuWFcchWheFAySA	morning	0	0	0	long	high	Ardmore	Restaurants	2	1	1
pvQqt8VOEZu8lOHbl3hkGw	afternoon	4	0	1	medium	high	Tucson	Food	1	0	1
pvnv9XvTXwYBpfScd29rrQ	afternoon	2	0	1	long	high	Tucson	Caterers	2	1	1
pxITXo8ZoSmCq05eIEN1pw	evening	1	0	1	medium	high	Sparks	Seafood	2	0	0
pym7c6ZFEtmoH16xN2ApBg	night	5	0	1	medium	high	New Orleans	Restaurants	2	1	1
pzhvHwe_3-4JYTC-wXDJpA	afternoon	3	0	0	long	high	Philadelphia	Food Trucks	1	0	0
q18WLK-9HANb7gYGGHIIMw	evening	0	0	1	medium	high	Tucson	Food	1	1	1
q39t6-a47CLf1RTyqu9CYg	afternoon	1	0	1	medium	high	New Orleans	Japanese	2	1	1
q40E5X_HdjeM_Kl1BE7Gtg	evening	1	0	1	long	high	Tampa	Asian Fusion	2	0	0
q4aAaxdN4wmUZoC6sKEwsw	afternoon	0	0	1	long	high	New Orleans	Cocktail Bars	3	1	0
q6661I3CGW0UB740E5Zjfw	evening	3	0	1	short	high	Santa Barbara	Home & Garden	2	1	1
q72up2Av5yNNVPk7vdKg9w	afternoon	0	0	1	medium	high	Carmel	Cafes	2	0	1
qAFVEkIEo7KLLdM4z7h-JA	afternoon	4	0	1	long	high	Saint Louis	Arts & Entertainment	2	0	0
qALmCdmmcRHl7gAXMoY30w	afternoon	2	0	0	medium	high	Largo	Food	2	0	0
qC63cwAI-baLmbEdxbR3FA	afternoon	2	0	1	medium	high	Valrico	Italian	1	1	1
qDkbudGRfmJvf7trQZea4g	afternoon	0	0	1	long	high	Philadelphia	Restaurants	3	1	0
qGeH3eaIgJH5jctfLRT1Xg	night	0	0	1	long	high	Frontenac	Specialty Food	3	1	1
qKswqEe67vJJSW05W7Rx-A	evening	6	1	1	medium	high	Levittown	Thai	1	0	0
qLJAazq2lNFUp0nR_HT2zg	night	0	0	1	medium	high	Land O Lakes	Food	2	0	0
qLrTiIPDlnNX6FYTs29rmg	night	0	0	1	long	high	Tucson	Restaurants	2	1	0
qONvIS94nZhXYm-jccXyuw	night	5	1	1	long	high	Gallatin	Restaurants	1	1	1
qOdsOVOM98hHj1SCRscjHg	afternoon	0	0	1	medium	high	Clearwater	American (Traditional)	2	1	0
qVVz1sRZVNH2xt865M64Dg	evening	0	0	1	long	high	Nashville	Food	1	0	0
qWZimITbVwNSGJZsuM47-Q	afternoon	3	0	1	long	high	New Orleans	Nightlife	2	1	1
qWzBt1r0P_FjiinIAGFtoA	afternoon	3	0	1	long	high	Des Peres	Restaurants	1	0	1
qXZooaeOrKHCrLHK99VHwg	afternoon	0	0	1	medium	high	Fairview Heights	Event Planning & Services	1	1	1
q_CK-buoiPFNDoNNU1yb1A	evening	0	0	1	long	high	Reno	Food	2	0	1
qa1fGa9u0_awl-A8CinLRg	evening	0	0	1	long	high	Tampa	Sandwiches	2	1	1
qdL-EbgoA7Gq_2u4e4YvLw	afternoon	1	0	1	long	high	Blue Bell	Nightlife	2	1	0
qf4LecJDQWIt0gt6VJWFPw	afternoon	2	0	0	long	high	Tampa	Burgers	2	1	0
qfWJmJ0g96eM_fWma3ja0g	afternoon	1	1	1	long	high	West Chester	Seafood	2	1	1
qhsJbgxVNDb0973r3Gjrow	afternoon	0	0	1	long	high	Webster Groves	Nightlife	2	1	1
qiZ60gI5LCzhkW59cmrFoA	afternoon	0	0	1	long	high	Glassboro	Italian	2	1	1
qime1yD6_CozBvBtIpsmaw	night	0	0	1	long	high	Tucson	Middle Eastern	1	0	1
qjGS_7iaQDpbVhS6W8qkHQ	afternoon	5	1	1	medium	high	Philadelphia	Food	2	0	0
qjXqWIBNvMcs1s4iMezNag	evening	3	0	0	long	high	Clearwater	Chicken Wings	1	1	0
ql9pGsVnj0ZWAsHxO0myaQ	afternoon	2	1	0	medium	high	Nashville	American (Traditional)	1	1	0
qlC5ojQRLe26shP1Kt7hQg	evening	5	1	1	long	high	Avondale	Diners	1	0	0
qma1sGQv7ArUtzuUTQElRg	afternoon	3	0	0	long	high	Town and Country	Pasta Shops	2	1	1
qot32tHVWZpiJibLTwQGyw	morning	1	0	1	long	high	Philadelphia	Restaurants	1	0	0
qppGA9vCUPfw9ngOy_R90w	morning	1	0	1	long	high	Tampa	Restaurants	2	1	1
qq6vsh6ZEshfv4mTdrjA0g	evening	0	0	1	long	high	New Orleans	Imported Food	2	1	1
qrVCN6M272dDdEKPB1E44w	evening	2	0	1	medium	high	Philadelphia	Food	2	0	0
qs9d6iGos9UO4BzhVmJ9UA	afternoon	5	1	1	long	high	Tampa	Food	2	0	0
qt1o4H9O9lBwqf3K7GGFag	evening	5	1	1	medium	high	Clearwater	American (Traditional)	2	1	1
qtyF_DOueK4JwFn8Trsr2A	evening	5	1	1	medium	high	Doylestown	Food	1	0	1
qu0qoXXxVVDxMaof1SFzXg	afternoon	2	0	0	medium	high	Paoli	Restaurants	1	1	0
quCIR7UcrMmpaKXYwet8pw	evening	1	0	1	long	high	Carmel	Restaurants	2	1	1
qxDVtIq0EtvOtVKDwbYOiQ	evening	3	0	0	long	high	Edmonton	American (Traditional)	2	1	1
qz8ANVVHdgsyxAfktFabIQ	evening	3	0	0	medium	high	Plant City	Food	2	1	1
qzCT_X5aTj8SkGpKdBYYdg	night	1	0	1	long	high	Pinellas Park	Nightlife	2	1	0
r-kln94enJMMmCWmzbXO2g	evening	0	0	1	long	high	Philadelphia	Food	2	0	0
r1XrdSiWFp-CeZJ4ik7zoQ	afternoon	6	0	0	long	high	Wayne	Caterers	2	0	1
r1h5fdJxzHrpi_eO8c6xmA	afternoon	5	1	1	medium	high	Bryn Mawr	Desserts	2	0	0
r31oH9nLDCLcSqsd3MdT1A	evening	4	0	1	long	high	Broomall	Fast Food	1	0	1
r43DrfYAbAgifsYyNkljZw	afternoon	2	0	1	long	high	Cherry Hill	Southern	2	1	1
r5dUIJJwaChqvIjGkUJtfw	night	4	0	1	long	high	Webster Groves	Music Venues	2	1	1
r7WwdseoJpfna4a57qeiag	afternoon	3	0	1	long	high	Carmel	Fast Food	1	1	1
r9j3Ri3D2lqD2ToA49qmzg	night	6	1	1	medium	high	Saint Louis	Latin American	1	1	0
rBdG_23USc7DletfZ11xGA	evening	2	0	1	long	high	Saint Louis	Wine Bars	2	1	1
rDO6cfeiC3X1FATlNJW-wA	afternoon	3	0	1	long	high	New Orleans	Candy Stores	2	0	0
rE35KDAIC_nIAhurQCaCMA	evening	2	0	0	long	high	Avon	American (Traditional)	2	1	0
rF0xI_3jjlsEKp3N0Z0BuQ	morning	0	0	0	long	high	Conshohocken	Italian	2	0	1
rG0UTjvbmVVsh9-kGzeliQ	evening	5	1	1	medium	high	Nashville	Food	1	0	1
rKe7iEiqe8TVqvwZLdlhRA	afternoon	3	0	1	long	high	Morrisville	Fast Food	1	0	1
rKlPSPn0wF5tkCrWZzBnbA	afternoon	3	0	1	medium	high	Audubon	Restaurants	2	1	1
rKmGMZfuJFopDcV0gZ9jkg	afternoon	3	0	1	long	high	Furlong	Diners	2	0	0
rOBfhfJA2T2nyo1hPDaEYQ	afternoon	4	0	0	medium	high	Seffner	Restaurants	1	1	1
rOsC1rDpIxvNoHxEvNFjeA	evening	0	0	1	medium	high	New Orleans	Burgers	2	1	1
rQCTWNMzIZTfqWEAjxDpKQ	afternoon	4	0	1	long	high	Tampa	Ice Cream & Frozen Yogurt	1	1	1
rQW9iupvhk6ScPn2VPNLVQ	afternoon	3	0	1	long	high	Philadelphia	Food Trucks	1	0	0
rTC9QU8Vz516Tkqdwq6KSA	evening	1	0	1	long	high	Hermitage	Chinese	2	0	0
rVfe1LHo55A2fworkm_jVw	evening	0	0	1	long	high	Philadelphia	Bars	2	1	0
rVhsjZWk_u20TDcvwhbdyQ	afternoon	0	0	1	long	high	Indianapolis	Restaurants	1	1	0
rViAhfKLKmwbhTKROM9m0w	afternoon	1	0	1	long	high	Tucson	Arts & Entertainment	2	1	1
rW_9aLoDvGnkEaqJTdhiBA	afternoon	6	1	1	long	high	Tampa	Delis	2	1	1
rWt749LSFT4KBLZoclAr0A	morning	5	1	1	long	high	Indianapolis	Food	2	0	0
r_nUMtOhnbm4HULuJq45Aw	night	3	0	1	medium	high	St. Petersburg	Restaurants	2	1	0
radib3GHt_Up9-zhUjM1ew	afternoon	3	0	1	long	high	Clearwater	Fast Food	2	1	1
rdiB9Aye9-gkwd2hnckWHQ	evening	0	0	1	medium	high	Brandon	Korean	2	1	0
ri7LOsk5W_xGVfxhXFHY5Q	afternoon	0	0	0	short	high	Sparks	Dive Bars	1	1	0
riBECtbfYcUzDB26Z2pUtw	afternoon	6	1	0	medium	high	Nashville	Italian	3	1	1
rkem6aEo3vAG2VufybdwuA	evening	0	0	1	medium	high	Tampa	Steakhouses	2	1	0
rnaE88k8yV5pFAGJeiIK4Q	evening	2	0	1	long	high	Reno	Food	2	1	0
rnh2rnrQoQTqnKiY2En8Eg	evening	1	0	0	medium	high	Indianapolis	Ice Cream & Frozen Yogurt	2	0	0
rnioJAG4aQp2TJHUxLy7CQ	afternoon	1	0	1	medium	high	Sicklerville	Noodles	2	0	0
roEplTQIQAoNMEzb1jBYUw	afternoon	3	0	1	long	high	Franklin	Restaurants	1	1	1
roc-xyyzN5b_nImb0NdRLQ	night	0	0	0	medium	high	Philadelphia	Restaurants	1	0	0
rpZrUHxtj5JZuq76FkbNdA	evening	5	1	0	long	high	Willow Grove	Dim Sum	2	1	1
rsDFJ05TiW7yBMdVuQ2tQQ	night	6	1	0	medium	high	Saint Louis	Local Flavor	1	0	0
rxqcQ3fMMFsmKFo3EsBnEQ	night	0	0	1	long	high	Philadelphia	Food	1	0	0
ryinOK7C290pGMskTdlulA	night	3	0	1	long	high	Edmonton	American (Traditional)	2	1	1
s29wxFmnoRdckDjwmPi1RA	night	5	1	1	medium	high	Saint Petersburg	Restaurants	3	0	0
s2y3qUChp3l-7j8YWsjNyw	evening	1	0	0	medium	high	Elkins Park	Chinese	2	0	0
s3FRhtaNU8dt-mKkLKUQaQ	evening	2	0	1	long	high	Nashville	Sushi Bars	2	1	1
s4VzQaUCrgwPuViQYOqC2w	evening	6	1	1	long	high	Tampa	Restaurants	1	0	0
s688oKDwUayG5rjHbPwK7w	afternoon	1	0	0	long	high	New Orleans	Specialty Food	2	1	1
s8KNTkHGjMnzx5zcnWBbwQ	night	4	0	1	long	high	Edmonton	Italian	2	1	1
s8eXjE9r0vo78hzb3Br7cQ	afternoon	2	0	1	medium	high	Tampa	Restaurants	1	1	0
sB45WFgysT617bKWP_WJwA	night	0	0	1	long	high	Saint Louis	Bars	1	0	0
sDbsELyAdRlpAs8vpQeKWQ	afternoon	4	0	1	medium	high	Land O' Lakes	Chicken Wings	1	1	0
sDtIjlmqRCEq4TWGlqTqjA	night	3	0	1	long	high	Tucson	American (Traditional)	1	0	1
sEgbTx6XuvByrXsVkWRbOQ	afternoon	0	0	0	medium	high	Havertown	Restaurants	2	0	0
sFSM33WAOHufdVa7qE8zGQ	afternoon	6	1	0	short	high	Sparks	Burgers	2	1	0
sGbjViru0iJfxH5cBpMeHQ	afternoon	1	0	1	long	high	New Orleans	Vietnamese	2	1	0
sGy67CpJctjeCWClWqonjA	afternoon	5	0	0	long	high	Tucson	Hot Dogs	1	1	1
sJz2WhvVGW8jsdQhZ_BlUQ	afternoon	2	0	1	long	high	New Orleans	Jazz & Blues	2	1	0
sKQ0KYon7eT6xEnCpb18aw	afternoon	1	0	1	short	high	Wilmington	Restaurants	2	1	1
sLgnx_WFCjEoPsS6NwU70Q	evening	0	0	0	long	high	Meridian	Event Planning & Services	1	1	0
sMjjClYrGEXcTFG66qmg8A	night	3	0	1	long	high	Columbia	Thai	2	1	1
sR3vWwqzN7vexUpHW72r0A	afternoon	0	0	1	medium	high	Terrytown	Desserts	1	0	0
sTuDLAMOxhhWQAsKsbGioQ	evening	0	0	1	long	high	Reno	Sandwiches	2	1	1
sVWUxesVKseXGq78UwwajA	night	6	1	1	medium	high	Port Richey	Restaurants	1	0	0
sWCCxY1-9B1FGlSVeQvnHg	afternoon	3	0	0	long	high	St Petersburg	Restaurants	2	1	1
saJFbz12EnzanelpD8_xXQ	afternoon	0	0	1	medium	high	Riverview	Food	2	0	1
sdFJSq-EgmtplIwUamRwTQ	afternoon	6	0	1	long	high	New Orleans	Beer	2	1	1
sdWuLh-auc0nC2Jy6_26AQ	afternoon	3	0	1	long	high	Philadelphia	Bars	2	1	0
seKihQKpGGnCeLuELRQPSQ	afternoon	6	0	1	medium	high	Indianapolis	Sports Bars	2	1	1
secVicuv1pV422w5TsMpMg	afternoon	2	0	1	medium	high	Brandon	Drugstores	2	1	0
sece3MulAu81rJORM3qXQQ	evening	0	0	1	long	high	Saint Louis	Modern European	1	0	1
seouwqRlM9YNNAkZS09FuQ	night	5	1	1	long	high	Greenwood	Pizza	1	0	1
sgKIKeFXSUHLeOcX1q8nQg	afternoon	2	0	1	long	high	Tampa	Food	2	0	1
shi2MHna5oLRSU_rLDJN6A	afternoon	2	0	1	long	high	Nashville	Eyewear & Opticians	1	0	0
sjQyfgj4wUeVIRY0jYUOFg	night	5	1	0	medium	high	Sherwood Park	Bars	2	1	0
sjueAFshWHWkKn5a1AymuQ	afternoon	1	0	1	long	high	Tampa	Local Flavor	2	1	1
skIhu9uQsD1JZwGakjXNJw	afternoon	0	0	1	long	high	Philadelphia	Chicken Wings	1	0	0
skJ1w8B5YusIibyxH4ohxQ	evening	1	0	1	long	high	New Orleans	Active Life	2	1	1
skN2XhKXlcjf53uIwzAedw	evening	2	0	1	medium	high	Franklin	Burgers	2	1	1
skW4boArIApRw9DXKXukkA	afternoon	1	0	0	medium	high	Philadelphia	American (Traditional)	2	1	0
sophKEDc2rBDe-cuOaJDkA	afternoon	5	1	1	long	high	Wesley Chapel	Breakfast & Brunch	1	1	1
sr-5EY6bmp4jINhea06MjA	night	1	0	1	long	high	Indianapolis	Restaurants	2	1	1
swKXtO22QjVIZTBU8UP7Pg	afternoon	1	0	0	long	high	Ardmore	Restaurants	1	0	0
t-_pLJLaIJZDomaDQaWwaA	afternoon	0	0	1	medium	high	Southport	Pizza	2	1	0
t-bcEvAM8oE92tm9HBr7wQ	afternoon	4	0	1	long	high	Tampa	Middle Eastern	2	0	1
t0XZeA0MP0P66QyLQn_NUw	evening	6	1	1	long	high	Sparks	Restaurants	2	1	0
t1P8sQvq-XkljRDPocBZSQ	night	6	1	1	long	high	Haddonfield	Italian	2	0	0
t1qF12NdW8KvCqxqbvy-Hg	afternoon	1	0	0	long	high	New Orleans	Breakfast & Brunch	1	1	1
t23d7WBOMl6QBHdESZn8eA	evening	3	0	0	long	high	Sherwood Park	Donairs	1	0	0
t3uOJKilXAzO7vC2B83RZg	afternoon	0	0	1	long	high	Brookhaven	Restaurants	2	0	0
t5Ca7rn3NsjfZcpfbhRZKA	night	2	0	1	long	high	New Orleans	Acai Bowls	1	0	0
t5RIuLUvE5fxr0TaRWxeQg	afternoon	0	0	0	long	high	Philadelphia	Italian	3	1	1
t6ALhUz4yCVzZeTNSwVjCA	morning	5	1	1	long	high	Reno	Chicken Wings	2	1	0
t6gAgrvNQDHHvyhBXUDFrQ	night	3	0	1	long	high	Marana	American (New)	2	1	1
tCLAeZsjXFG9RumJ4Hn0Kw	evening	1	0	1	long	high	Philadelphia	Restaurants	1	0	0
tEo47ZH3WGeZstWpZp6bfA	evening	3	0	1	long	high	Creve Coeur	Sandwiches	2	0	1
tFpstYqxugKHzeyNUsuD_A	afternoon	1	0	1	medium	high	Carmel	American (Traditional)	2	1	1
tJCnUtGdyPyOGt5kudLrTA	night	0	0	1	long	high	Philadelphia	Pizza	1	0	0
tJPaPZwRqFmDSEc8VEx9hA	afternoon	3	0	1	long	high	Philadelphia	Food	1	0	0
tNnVxOC_9p8UK3N_2-yCtQ	afternoon	4	0	1	long	high	Cherry Hill	Korean	2	0	0
tP6tk-M8y09QKIoOO0JIbw	evening	4	0	1	medium	high	St Pete Beach	Nightlife	2	1	1
tP8wd-9CrI_RkHK424oifQ	afternoon	2	0	1	long	high	Tucson	Sandwiches	1	0	1
tQ6VNQ9ezkxRE4bvu9WShQ	afternoon	2	0	1	long	high	Sparks	Restaurants	2	1	1
tQYOAfl33tmP4oWpfyRr6g	afternoon	0	0	1	long	high	Philadelphia	Mexican	2	0	0
tUDZnYQe7aD2VU3Syia_RQ	afternoon	4	0	1	long	high	Nashville	Bars	2	1	1
tW-hptQp2G8ShB_In68InQ	morning	0	0	0	medium	high	Nashville	Chinese	1	0	0
tX1rierR7E6yrmBvF9nkEw	afternoon	0	0	1	long	high	Indianapolis	Diners	2	1	0
tXf6TpqHOLiwyMNbYAOOCQ	night	6	1	1	long	high	Clearwater	Pubs	2	1	1
tXfeVYKJq-bGPx1sjHOMHA	afternoon	0	0	0	medium	high	Land O' Lakes	Diners	2	0	0
tYCok-NtWvg8_k7woeB83w	afternoon	4	0	1	long	high	Cherry Hill	Desserts	2	1	1
tYqIKRQjDCywDVkbfUGSug	evening	0	0	1	medium	high	Bensalem	Bakeries	1	0	0
tez6k-WegNFjLju6Qz9Vdw	evening	4	0	1	long	high	Smyrna	Restaurants	2	1	0
tfnxPh4AFBU1QmbDO9eRRA	night	2	0	0	short	high	Mt. Juliet	American (Traditional)	2	1	0
tiVQ9_qoatNn--ITbMWRpA	evening	3	0	1	long	high	Yardley	Food	1	0	0
tj7aaF1AhAyiepySMHPK3w	night	4	0	1	short	high	Indianapolis	Fast Food	1	0	1
tnPjcpTSdCZB7LGoH1ZjuQ	evening	0	0	1	long	high	Tampa	Street Vendors	1	0	0
toMVWIsPJmS7-LiLAf2AfA	afternoon	0	0	1	long	high	Philadelphia	Food	2	1	0
tqehNWlnZ-1FYL046UqTEw	morning	0	0	1	long	high	Langhorne	American (New)	2	1	1
tqgPVExgDIx9ZxXfIZWQUg	afternoon	2	0	1	long	high	Mansfield	Local Flavor	2	0	1
tr366vgAkbcpJBVKSdBxZg	afternoon	6	0	1	long	high	Reno	Mexican	1	0	0
ts28to44UDqPxIKIlt68yQ	evening	3	0	1	long	high	Saint Louis	Restaurants	1	1	0
ttf_uOUNmuVIU-tlqabrIA	afternoon	1	0	1	medium	high	Kenner	Health Markets	1	0	0
tvbFcYCEQWc76CUK-nBw8w	afternoon	1	0	1	long	high	Nashville	Korean	2	1	0
tw7SFbDQ2gurVAzkaS2Vmw	night	5	1	1	short	high	Brownsburg	Restaurants	1	0	0
twNHYgtUkxoeFbLHxdhsOw	afternoon	4	0	1	medium	high	Indianapolis	Specialty Food	2	1	1
txyXRytGjwOXvS8s4sc-WA	evening	4	0	1	medium	high	Tucson	Vitamins & Supplements	2	0	0
u-8sFq05DQ6PYCR5HiKZ2w	evening	0	0	1	long	high	Philadelphia	Pizza	1	0	1
u-q3F-QmErRnJWtKmMXmJQ	evening	4	0	1	long	high	Largo	Fast Food	1	1	0
u1ELaa77voUfj-2GCOIUmQ	afternoon	4	0	1	long	high	Nashville	Restaurants	1	1	0
u4SoM_ljOMxmuQ8GIr1m8A	evening	1	0	1	long	high	Norristown	Indian	2	1	0
u7_3L1NBWgxhBM_B-cmmnA	afternoon	5	0	1	long	high	Philadelphia	Italian	2	1	1
u9XTeDl_If4U5Eixl6ys7g	afternoon	4	0	1	medium	high	Philadelphia	Nightlife	2	1	0
uE3yzH2l1A_FYciu95EptA	evening	4	0	0	medium	high	Franklin	Restaurants	2	1	0
uE40984_YDgVvPeRpFcCaQ	night	0	0	1	long	high	Philadelphia	Southern	2	1	0
uI9XODGY_2_ieTE6xJ0myw	evening	1	0	0	long	high	Tampa	Restaurants	2	1	1
uIZwBkvWicqyWraXvYOipw	afternoon	2	0	1	long	high	Philadelphia	Restaurants	3	1	0
uKAbrDSJJzZliY1Yqu5KxQ	evening	0	0	1	long	high	Philadelphia	Seafood	2	0	1
uKEabBQrn0gLzvTppOrKIA	evening	1	0	1	long	high	Saint Petersburg	Mexican	1	1	1
uMT7H0shZK4-pQ_J2qMEWA	afternoon	1	0	1	long	high	Philadelphia	Grocery	1	0	0
uO39--k_hrCFgZh-Bl8m8A	night	4	0	0	long	high	Santa Barbara	Mexican	2	0	1
uTq9qVkOuxjBPjqC7K0XYA	night	2	0	0	medium	high	Nashville	Custom Cakes	2	1	1
uVJkqQ1U9MH7hBorrwGhBg	evening	3	0	1	long	high	Philadelphia	Thai	2	0	1
uWc9h19N2G8cR7Vo5blL8Q	afternoon	3	0	1	long	high	Tucson	American (New)	1	0	0
uY7um5bWKhiVwzL0wakJXA	afternoon	5	0	0	medium	high	Willow Grove	Sandwiches	2	0	0
uaKXyCNVXWdfOOdbM88pMA	evening	4	0	1	long	high	Tampa	Breakfast & Brunch	2	1	1
uaipZDBSvzDzUUlazpyGCg	afternoon	6	0	1	long	high	Reno	Japanese	2	1	0
ubIwwAx-JxZmgSoJgW_0og	evening	4	1	1	long	high	Tampa	Food	2	1	1
ubkCYzHu9ZnGi3vOQy_P1A	night	1	0	1	long	high	Edmonton	Fruits & Veggies	1	0	0
ucUWdlN_j1xqq2h8Ul6Z5w	evening	3	0	1	long	high	Harvey	American (Traditional)	2	1	1
ugNplY4SZqIfP417oUxahQ	night	5	1	1	long	high	Reno	Breakfast & Brunch	1	0	0
ugSVRAKO6mxvsrElFg8USw	evening	1	0	1	long	high	Philadelphia	Mexican	1	0	0
ugSj0rWlWQ57-FuKuieGXA	afternoon	1	0	1	long	high	Tampa	Sandwiches	2	1	1
ujWCzhA9YS2fXzXPW9Lc9Q	afternoon	3	0	1	long	high	Indianapolis	Food	1	0	0
unkGQNCeDkAUOaZAg8HC5w	evening	1	0	1	long	high	Tampa	Restaurants	1	0	0
upkreyzHS0heQGzCtJ0aNg	night	3	1	0	long	high	Kimberton	Salad	3	1	1
uqXYVxIwoEsFFjEHBlMZQA	night	0	0	1	long	high	Saint Louis	Desserts	2	1	1
ut6fi2W2YaipNOqvi7e0jw	afternoon	0	0	1	medium	high	Carmel	Nightlife	2	1	1
uvAP4JuwHzZeZJ_aZyNLrg	evening	5	1	0	long	high	Swedesboro	Restaurants	2	1	1
uvQQlr5ye4ReQTxuyB7kCA	afternoon	1	0	0	long	high	New Orleans	Nightlife	2	1	1
v-CGMnVeRT_xRV6q_B7ySw	night	4	0	1	long	high	Edmonton	Chinese	2	1	0
v5ktgWMAARaczTMh2rAJKg	afternoon	0	0	0	long	high	Lutz	Restaurants	2	1	1
v5kwdvmg-J8g-ll0nkc3Sw	evening	0	0	1	long	high	Indianapolis	Restaurants	2	1	1
v72HalBu5fQIFTD-oqhSgQ	evening	1	0	1	long	high	St. Petersburg	Steakhouses	3	1	1
v8IbZ6wcvdyGqWpbDKDvfA	evening	2	0	1	long	high	Tampa	Sushi Bars	2	1	0
v8mZvt446HYQDGMCckBubQ	night	0	0	1	long	high	Indianapolis	Event Planning & Services	2	0	0
v9D3inGP2LaibM0VMufaXg	afternoon	5	1	0	medium	high	Narberth	Thai	2	0	1
vA5MHe9LqNQcp8k_CaFkHg	afternoon	5	1	1	long	high	Philadelphia	Restaurants	2	1	1
vAoCutZiiFsaZ7i8EQromg	afternoon	0	0	1	long	high	Nashville	Cocktail Bars	2	1	0
vCHNWdW-ys-nWUx3Cpvk8Q	afternoon	0	0	1	long	high	Philadelphia	Bakeries	2	1	0
vD2jzpPv4iyOLKzITscGvA	afternoon	2	0	1	long	high	Saint Louis	Wine Bars	3	1	1
vDhOjSNfgA4eE1Rj88-XDA	evening	3	0	1	medium	high	Tucson	Coffee & Tea	1	0	1
vF32KjPs8BgltSa484P1Yg	afternoon	6	1	1	medium	high	Nashville	Restaurants	1	1	1
vFpbUcVAXxrSz5mFIzKbyw	night	4	0	1	medium	high	Springfield	Sports Bars	2	1	0
vG9aD-fvsIimgo-l7u8-AA	evening	2	0	0	medium	high	Franklin	Restaurants	2	1	1
vGgAW3kLPjRFQCrndE6l9w	evening	0	0	1	long	high	Tucson	French	3	1	1
vHAjYdA3c4G3E7HKMl3OgQ	afternoon	4	0	0	medium	high	Royersford	Bagels	1	0	1
vJU7VP831iKtwdwdD49MWw	afternoon	1	0	1	long	high	Palm Harbor	Specialty Food	4	1	0
vLT1KtrA9bWvjFOg-0xVIg	night	5	1	1	medium	high	Goleta	Restaurants	1	1	1
vLwlU-_WAZfC-6VIdIK12w	night	2	0	1	short	high	Palm Harbor	Food	1	0	0
vN6v8m4DO45Z4pp8yxxF_w	evening	1	0	1	medium	high	New Orleans	Vegetarian	2	1	0
vOgQnvKbE4nMopFTjoL8Gg	night	0	0	1	medium	high	Nashville	Lounges	3	1	1
vQ3bOb_sq0peWxJx3VoCDw	evening	3	0	0	medium	high	Indianapolis	Pubs	1	1	0
vQwRn1BU24O7XHNyjkzDog	afternoon	4	0	0	medium	high	Bristol	Local Flavor	2	1	1
vR9SKMvXCXyrl6u5ouWHBQ	night	0	0	0	long	high	Philadelphia	Asian Fusion	2	0	0
vSQPjQYfMDBRS3bQ15zlGA	afternoon	0	0	0	long	high	Ardmore	Restaurants	2	0	0
vTMDSBF1znpniWjZ02hdEw	evening	1	0	1	long	high	Gretna	Chicken Wings	1	0	0
vU2BXpEwI_5mLcLAkRrbhg	evening	4	0	1	long	high	Tampa	Ice Cream & Frozen Yogurt	2	0	0
vUTkL2n4AgWj8MZuXDblWA	morning	4	0	0	medium	low	St. Pete Beach	Hotels	3	1	0
vUrTGX_7HxqeoQ_6QCVz6g	afternoon	1	0	0	medium	high	Philadelphia	Active Life	3	1	0
vVvtWcFResspvcMMNRbYWA	evening	4	0	0	long	high	Port Richey	Buffets	2	0	0
v_0WykkMaIvYttp79mnyfA	night	0	0	1	medium	high	Reno	Restaurants	2	1	0
vcyyzUqEiCTSrFmHgqvxpg	morning	4	0	0	long	high	Philadelphia	Pizza	1	0	0
vdCQoE2il097-vc_gIQzYw	afternoon	2	0	1	medium	high	Tucson	Food	1	0	0
vdpxxb6fxjYtJMnW_V0GZg	morning	0	0	1	long	high	Philadelphia	Food	1	0	1
vfmHUg7jWnfzLb90vcuLSg	afternoon	1	0	1	long	high	New Orleans	Bars	3	1	0
vfyMWLWRlnd-V41PGsZgwQ	night	6	1	1	short	high	Lambertville	Restaurants	1	0	0
vgZwA2X7X5oGcui9BDBgbw	afternoon	0	0	1	medium	high	Nolensville	Bakeries	1	0	1
vgapHNwW9C1wvHvPnxUQ3A	evening	6	1	1	medium	high	Upper Darby	Grocery	2	0	0
vh6YOciEM3M4zi2FGp-b5Q	evening	0	0	1	long	high	Saint Louis	Asian Fusion	2	1	1
viVz0HzP-_CbU07HUCquZQ	afternoon	0	0	1	long	high	Indianapolis	Vietnamese	1	0	0
vje0KIiE7vtpx7JzmBx5LQ	afternoon	1	0	1	long	high	Treasure Island	Restaurants	3	1	1
vo12FJ4dAdP8Jr4ctFYRkg	night	0	0	1	medium	high	Mount Juliet	Pizza	2	0	1
voAosWO5yGhvppHRKm-7mQ	evening	2	0	1	medium	high	New Orleans	Breakfast & Brunch	2	1	1
vuAI70USd3my2Kb9_9zajw	evening	1	0	1	long	high	Saint Louis	Restaurants	2	1	1
vzvm7_QXEDaMTxMOKLBNyQ	night	0	0	1	medium	high	Tucson	Vegetarian	1	1	0
w--nMtFJ_aqM2OlG7z0ENg	afternoon	4	0	1	long	high	Edmonton	Fashion	2	0	0
w0eMUGG8nLtQBSnCbURbZQ	evening	3	0	1	long	high	Tampa	Latin American	2	0	0
w0lcP2ngFaUpBGi5yzlYDw	afternoon	0	0	1	long	high	Tampa	Restaurants	2	1	0
w0zKpH49tW6Y-b6ZJzKMFw	night	0	0	1	long	high	Philadelphia	Food	2	1	0
w4GXOtpCDsCuXesj7bISmA	evening	3	0	1	long	high	Tuscon	Restaurants	2	1	1
w520vYWEpEYBf90rSr9NVA	evening	2	0	0	medium	high	Nashville	Thai	2	0	1
w6z28easvQLND722s4pNvw	night	2	0	1	long	high	St. Louis	Restaurants	1	0	1
w7KLf3anjdXNXNVplvOOjg	evening	3	0	1	long	high	Tampa	Restaurants	2	1	0
w9MojhsClMHHKK5pa8gcBw	afternoon	1	0	1	medium	high	Tampa	Restaurants	1	0	0
w9hS5x1F52Id-G1KTrAOZg	night	0	0	0	long	low	Philadelphia	Vegan	2	1	0
wBS-_MTeOaJKsfAy-Ts6pg	evening	4	0	1	long	high	Tucson	Salad	1	1	1
wCWtAobVuZ0N7XJTb1ugGA	night	1	0	1	medium	high	Nashville	Restaurants	1	0	0
wCgIJhH_CTuwsSZPcafkng	evening	0	0	0	medium	high	Indianapolis	Food	1	0	0
wCluBbW9nzS7MEMFltMwJw	night	3	0	0	medium	high	Philadelphia	Food	2	1	1
wDwK7Im_rXO5nVeQn4lc3g	afternoon	0	0	1	long	high	Antioch	Restaurants	1	1	0
wFES5bGDiPANW13hNHnXOQ	afternoon	2	0	1	long	high	Santa Barbara	Sushi Bars	3	1	1
wFXwmrlV8TiBS4Ac2-W_9g	afternoon	0	0	1	long	high	Tampa	Festivals	2	0	0
wHiPhPVuGnngEieDBMG00g	afternoon	6	0	1	medium	high	Brandon	Bars	2	1	1
wITX_5zymQu_JVfn569Vpg	night	1	0	1	medium	high	King of Prussia	Restaurants	2	0	0
wJmyu7W1K9A_gE8Ed4Bc9w	night	3	0	1	long	high	Tucson	Bars	2	1	0
wLHodvVFLTgK3nl2XG8OCw	afternoon	3	0	0	long	high	Nashville	Ethnic Food	3	1	1
wPViqOIThG5W_p4FKGqjrQ	evening	1	0	1	long	high	Saint Louis	Pubs	2	1	1
wUEbysNWCtMSQAio6Ktn6Q	afternoon	3	0	1	short	high	Fort Washington	Pizza	2	1	0
wUnLSg_GKfEIQ5CQQ770_g	night	0	0	1	long	high	Philadelphia	Italian	4	1	1
waPnDEqaTJ7wigQQaUcSqg	afternoon	2	0	0	long	high	Edmonton	Chinese	2	0	0
wa_bwyY57etHjtJ2Fw0E3g	evening	2	0	1	long	high	Tucson	Vegetarian	2	1	1
waasmmVpX8RlV55nEBUElA	afternoon	1	0	1	long	high	Edmonton	Kitchen & Bath	2	0	0
wgAOla9CZxzuLMyEPvl3Ng	afternoon	1	0	1	long	high	Edmonton	Restaurants	2	0	0
wifZgJ9IUjNxsmebpCRiRw	afternoon	6	1	0	medium	high	Antioch	Seafood	2	1	0
wn1rS1Ga9xZ1BIMffnJW5A	night	0	0	1	medium	high	Sicklerville	Fast Food	2	1	0
wnjFEC-w0qWnyDnO8k1RpA	afternoon	3	0	0	medium	high	Nashville	Coffee & Tea	2	1	1
wnyUATmvI6-j4_zT1aV-Sw	afternoon	3	0	0	short	low	Malvern	Juice Bars & Smoothies	2	0	0
wqj6JquckEOs1h7rs376kQ	night	0	0	1	long	high	Edmonton	Restaurants	2	0	0
wsr5zfPb6OZX4mQ7S-D8rQ	afternoon	0	0	1	long	high	Philadelphia	Bars	2	1	0
wxNrsZt7towVK4LgjjEo1g	night	0	0	0	medium	high	Moorestown	Italian	3	1	1
wyyKiE-3xugs-9i0bbKBVA	evening	5	1	1	medium	high	Spring House	Food	2	0	0
wzE61ThXOdrSegvwSOzf5w	afternoon	1	0	1	long	high	Nashville	Southern	2	1	1
x0hzVPfxWXRIu0yOSEnLCQ	afternoon	0	0	1	long	high	Marlton	Coffee & Tea	2	0	0
x1zvE33a3y4lSKnbCsaAUA	night	1	0	1	long	high	Cherry Hill	Restaurants	2	0	1
x483GUYbdSgjaX9Xi3nOUA	afternoon	4	0	0	medium	high	Jenkintown	Restaurants	2	0	0
x4BSeDfK8AFeguTRELNgUg	afternoon	2	0	0	long	high	King of Prussia	Cafes	1	1	0
x4XDkWR9fgP4TItqMr8A8A	evening	0	0	1	long	high	New Orleans	Food	2	0	0
x4XdNhp0Xn8lOivzc77J-g	afternoon	3	0	1	long	high	Phoenixville	Thai	2	1	0
x5OX99Kd6zIuVd_pnt4s3A	night	0	0	1	long	high	New Hope	Herbs & Spices	2	0	0
x7_p5O3ChQa7shdHCcLHZQ	afternoon	4	0	1	long	high	New Orleans	Event Planning & Services	2	1	0
x83J5JvK8BxYd3vs9gAPqQ	morning	0	0	1	long	high	Tucson	Restaurants	2	1	1
x8GM0uhLh90Vhbvn4WZVdQ	evening	6	1	1	long	high	Pottstown	Restaurants	3	0	0
xCW-s1hBP23-HkyqW-kngA	evening	3	0	1	long	high	Riverview	Italian	2	1	1
xCXGV3wEvYd4xBGx8ZRFQA	afternoon	2	0	1	long	high	Philadelphia	Restaurants	1	0	1
xDqifhzRrOOYMOgOtWvyWQ	afternoon	1	0	1	long	high	Nashville	Breakfast & Brunch	1	0	0
xEo-_CApwhR5cmJ47DdGkw	evening	2	0	1	long	high	Gretna	Restaurants	1	0	0
xGUAa3xa8KsmbolC3XboQg	afternoon	1	0	1	long	high	Tampa	Mexican	1	0	1
xIGiif0TmmmGuV2-sidMSw	afternoon	1	0	1	long	high	Santa Barbara	Food	1	0	0
xJ3NSwE0xhdtA-tB_y_rNQ	night	0	0	1	long	high	New Orleans	Seafood	2	1	0
xJIeT5--AiPdvPb5BRflyQ	afternoon	2	0	1	long	high	Riverview	Nightlife	1	1	1
xJyp6RLqNRv3tSu6njPKxQ	afternoon	5	1	0	medium	high	Exton	Nightlife	2	1	1
xNXQkCkiUzswX5rd7DM-Dg	afternoon	2	0	1	long	high	Edmonton	Food	1	0	0
xR1Wkmrm3yoAJuxPmS0vUw	afternoon	1	0	0	medium	high	Sparks	Grocery	2	0	0
xS4DRl1z2mQQgBUdJwzsjA	night	0	0	1	long	high	Saint Louis	Cafes	1	0	1
xT41eqUSsM_MDE1Vjhq20A	afternoon	2	0	1	long	high	Tampa	Gluten-Free	2	0	1
x_nSa_eKWDg04ud7XVwtyQ	evening	0	0	1	medium	high	O Fallon	Shopping	2	0	0
xbRbvXSAVZBEwaUUn3mzbg	afternoon	0	0	1	long	high	Tampa	Salad	2	1	1
xdZRBVs-bAJGn_IEFZAObA	afternoon	2	0	1	medium	high	Kennett Square	Chinese	2	1	0
xgPbILU4BRWZqedqyRotPg	evening	5	1	1	long	high	Edmonton	Sports Bars	2	1	1
xkTjLbBC7uB-rAIDqAm-sw	night	5	1	0	long	high	Tampa	Street Vendors	1	0	1
xkYOPbA8AL4jcQIN3xveoQ	afternoon	5	0	1	long	high	Kenner	Restaurants	1	1	0
xkgbgwTlkhzwo4ya_eIW-g	evening	0	0	1	medium	high	Metairie	Coffee & Tea	1	0	1
xppn6ViiUkZT_K_OswcB7g	evening	1	0	1	long	high	Flourtown	Mexican	2	0	1
xqFB8Vri9BTOGWmsJW9QAQ	night	6	1	1	medium	high	Tampa	Grocery	2	0	0
xruWHK8Z5N0JWyQubLHjgA	night	4	0	1	medium	high	Philadelphia	Food	2	0	0
xs5gxwXz1QFlWy62XAH-9Q	night	4	0	0	medium	high	Franklin	Pizza	1	1	1
xsTiT3S9J87uYB1P8DHLgQ	evening	0	0	1	long	high	Reno	Juice Bars & Smoothies	2	0	0
xuXNf1lkTJ382-hp0HO5Cw	afternoon	6	1	0	long	high	Spring Hill	Sandwiches	1	0	1
xutp5J4DiKAZ8aM-yRH_fw	night	1	0	1	long	high	Edmonton	Pizza	2	1	0
xwKYBPO0ByGlkvNcr8FdqQ	afternoon	1	0	0	long	high	Tucson	Restaurants	3	1	0
xwSWtJcQkzTF6HNm_IMgcg	evening	1	0	1	short	high	Goleta	Chicken Wings	2	1	0
xz3z2vqP8XkAsA11HA9pDg	evening	1	0	1	long	high	Philadelphia	Beer Bar	2	1	1
xzkrmsKT_dx9SlcLemXesg	afternoon	6	1	1	long	high	Metairie	Nightlife	1	1	0
y3iKFTk_sgIXCT6fNcBn_Q	night	1	0	1	long	high	Tampa	Chicken Wings	2	1	0
y5o2VSvj42KrXrotY3GTgA	night	6	1	1	long	high	Saint Louis	Restaurants	2	1	0
y5xKWgM6dC7a9gOgp90bsQ	afternoon	3	0	1	short	high	Runnemede	Restaurants	1	0	0
y9yUyB9qldKaibuhJkC39w	night	3	0	1	medium	high	Wayne	Flowers & Gifts	2	0	0
yBebHQPEvz8OtYKUO45QCw	afternoon	3	0	1	long	high	Cherry Hill	Restaurants	2	0	0
yDHINEt7By47My7x4Mb8oA	afternoon	0	0	1	long	high	West Conshohocken	Salad	2	1	1
yE1raqkLX7OZsjmX3qKIKg	night	1	0	0	long	high	Nashville	Middle Eastern	2	1	0
yFrOuce72KhvW0LpU5FY6A	afternoon	0	0	1	long	high	Nashville	American (New)	2	1	1
yJ2ZRXx01eF40eRQFqIBeQ	evening	3	0	1	long	high	Metairie	Restaurants	2	1	0
yKoYrahfJtHnpYXnZMg0eQ	afternoon	1	0	1	long	high	Tampa	Home & Garden	2	0	0
yLIn3po-fKb0T3UIoJdiyQ	afternoon	2	0	1	long	high	Edmonton	Italian	2	1	1
yLOWWBO0fqy29GbxkxhJCg	evening	2	0	0	long	high	Holiday	Italian	1	1	0
yN6jZyG1G1FG_HCZQlJZ1g	afternoon	0	0	1	medium	high	Fishers	Restaurants	2	1	1
yNlR9wTzd6Hg7It9fQrhdg	evening	4	0	1	medium	high	Zionsville	Nightlife	2	1	1
yQhu3LbnB2gQgrquHZ_S6Q	afternoon	1	0	1	medium	high	Newtown	Soup	2	0	0
yS0TsUzKBQlHQCZZeBrxww	evening	0	0	1	medium	high	Indianapolis	Mexican	1	1	1
ySSOZ_fz7wMhfjhWKzdR-w	night	1	0	1	long	high	Reno	Burgers	2	0	0
ySXKjndttZjNy3kcqRqG3g	afternoon	0	0	0	long	high	Tampa	Sandwiches	2	1	0
y_JZFlF-4fwSIn4RJ2vMGw	night	0	0	0	long	high	Philadelphia	Desserts	1	0	1
y_iKWRZuUKFJFldrrP8XPg	afternoon	4	0	1	long	high	Dunedin	Pizza	1	1	1
ydY1FKBgpgXvhxpVPMbinA	afternoon	0	0	1	medium	high	Philadelphia	Food	2	1	0
yeHLiKNp0hyR-ig4M6us-w	afternoon	0	0	1	long	high	Indianapolis	Food	2	1	1
yfxupsPE3O3BL_fWQwJUAw	afternoon	4	0	0	medium	high	Franklin	Sushi Bars	2	1	0
yghCRxGNOlD6-iCZVoVL8w	night	3	0	0	long	high	Edmonton	Mediterranean	1	0	0
yjYNk2K77o34anIhS4zJyg	evening	0	0	0	long	high	Fenton	Salad	1	1	1
yjcpRvhOtqgu7ykZiL4xFQ	evening	5	1	1	long	high	Philadelphia	Specialty Food	1	0	0
ymoEdJB5NE56sWw74uyX7A	afternoon	0	0	1	long	high	Indianapolis	Sushi Bars	2	1	1
ypXuDmnnPxnfP8a0qLsiEg	afternoon	2	0	1	long	high	Nashville	Chicken Wings	2	1	1
ype7l-G4zuw3pmIG-HpvZA	evening	3	0	1	medium	high	Edmonton	Coffee & Tea	2	0	1
ypp08ewHqQ-zmdTnG8qOAw	night	4	0	1	long	high	Edmonton	Restaurants	2	1	0
yq6QpxblbjGnqmEeeukfYg	night	1	0	1	medium	high	Bellmawr	Restaurants	2	1	0
yqRF449dYddbt1bDg50J_Q	evening	0	0	0	medium	high	Reno	Restaurants	2	1	0
yuW60QyweNNcyHa_3fkrYA	afternoon	1	0	1	long	high	Conshohocken	Caterers	2	0	0
yzRC9gyhblU3a5hDct2S2Q	night	0	0	1	long	high	Ardmore	Sandwiches	2	1	1
yzyVZnGoab-Vpqy69wCXjA	afternoon	6	1	1	long	high	Merchantville	Restaurants	1	0	0
z22hSRptt_DS0nWjsIka2A	afternoon	0	0	1	long	high	Royersford	Restaurants	2	1	0
z3REVRkZbxW9SUfy11mJPw	night	2	0	1	long	high	New Orleans	Food	2	1	1
z55MjytBCcIza_LFT73Lzg	afternoon	2	0	1	long	high	Tampa	Sandwiches	1	0	0
z680Aylt8wN2KAeFM1hy-A	afternoon	0	0	1	long	high	Indianapolis	Bars	2	1	1
z7em5co2qckbAXoDGXynsA	afternoon	5	1	0	long	high	Maplewood	Salad	2	1	1
zAz_ROUOX0s6_Z7N3gqbHw	evening	1	0	1	medium	high	Mount Ephraim	Restaurants	2	0	0
zBOy9arp97nuwKuTal5Mkg	evening	2	0	0	short	high	Philadelphia	Chinese	1	0	0
zCGoQt3VCVP0iT6WtIeHZA	evening	3	0	1	medium	high	Edmonton	Restaurants	2	1	1
zDEzXNbn84HD0lR0KD0seg	afternoon	2	0	0	long	high	Drexel Hill	Restaurants	2	0	0
zIDuAuwyaLmNwv4k18mbwA	afternoon	4	0	1	long	high	Indianapolis	Indian	2	1	0
zLRRim8tu00cvU7QjAJAmQ	evening	1	0	1	medium	high	Philadelphia	Delis	1	1	0
zMMSWTHxkLWYR359o-IuAg	evening	0	0	0	long	high	Reno	Restaurants	1	0	1
zPmSsAdvoBbo94msaYCLYg	morning	4	0	0	long	high	Tampa	Restaurants	1	1	0
zQ3tnBABoypncWu5oW2bKA	night	2	0	1	long	high	Carmel	Ice Cream & Frozen Yogurt	1	0	0
zQPHrply2yeB1EGNnoS66A	afternoon	4	0	1	long	high	Feasterville-Trevose	Mexican	1	0	1
zS2T7gQNhfUDBi2Y2_fbWw	night	6	1	1	short	high	Nashville	Breakfast & Brunch	1	0	0
zSqTndm5Alq9dW1PyzbdTA	afternoon	1	0	1	long	high	New Orleans	Seafood	2	1	1
zTdUzhwCUDglY6bHJUEuzg	afternoon	0	0	1	long	high	Edmonton	Sushi Bars	2	1	0
zTp2lpm3z5tVk62rA-pCdQ	afternoon	0	0	1	long	high	Indianapolis	Nightlife	2	1	1
zU4k_q6_ZX9gVYtvxtu4tw	morning	1	0	1	short	high	Wesley Chapel	Restaurants	1	0	1
zUJMvjK6aBeQtVCowZ85-w	night	0	0	0	short	high	Philadelphia	Pan Asian	2	1	0
zVoxVPHEt11_0GzqNuT2ZQ	afternoon	0	0	1	long	high	Saint Louis	Restaurants	2	1	0
zYty3y2eQZQfdCSzyUUbzw	afternoon	2	0	1	long	high	Philadelphia	American (New)	2	0	0
zYu2D8FzczailDkEMURExg	night	3	0	0	medium	high	Indian Rocks Beach	Sandwiches	2	1	1
zaC6coZ5Gp8mLjeg7Slh6A	evening	2	0	1	long	high	Edmonton	Coffee & Tea	2	0	1
zcvidgcPO7RYvH8ltaQ_qQ	afternoon	0	0	0	medium	high	Indianapolis	Cosmetics & Beauty Supply	2	0	0
zedtiorJSVxjpqMKdyp9TA	afternoon	0	0	1	long	high	Reno	Bars	2	1	1
zhFKtchGIpRTfOZSpm4Zvg	morning	3	0	0	medium	high	Exton	Sandwiches	1	0	1
ziFtaIQdzQfFL79iLTq_zQ	afternoon	0	0	0	medium	high	Folsom	Burgers	1	0	1
zjNcjqgQlPrbnn-pV5YCSg	afternoon	0	0	1	long	high	King of Prussia	Coffee & Tea	3	0	0
zmpNbfRPecNkb1FhNbL1IA	evening	3	0	1	medium	high	Tucson	Vietnamese	1	0	0
zmpRwOqxaajeh2YvAKxLaQ	afternoon	1	0	1	long	high	King Of Prussia	Restaurants	4	1	0
zrd6bulYNAKhCdSVtJ8aXQ	night	4	0	0	long	high	Sicklerville	American (Traditional)	2	1	0
zsDjnBHyJsYfkdry96x75g	evening	1	0	1	long	high	Indianapolis	Breakfast & Brunch	1	1	0
zun6IVJa7wYe3wAPqWnPGw	evening	2	0	0	long	high	St. Louis	Sushi Bars	2	0	0
zvVJFBnDYOz_hsm5DLQJMA	evening	0	0	1	long	high	Edmonton	Beer	2	0	0
zwTmOj4B_OVPMTMYijQiKg	afternoon	4	0	1	long	high	Philadelphia	Nightlife	1	1	1
zwXT4m9svdg-xh2cKjEp-Q	evening	0	0	1	long	high	Kennett Square	Mexican	2	1	0
zxuVnNVAUm16Sro0dS_lmg	night	4	0	1	long	high	Reno	Breakfast & Brunch	2	1	0
zzIF9qp2UoHN48EeZH_IDg	night	6	1	1	long	high	Tarpon Springs	Italian	1	0	0
