user_id,business_id,stars,date,hour_of_day,day_of_week,is_weekend,user_elite,review_length,user_experience,city,category,price_range,alcohol,outdoor_seating
n-lBS02-3yvlY5Q91mmwDA,eJYvM2Zy5BloOYGldWmAVw,4.0,2005-07-10 05:44:25,night,6,1,1,medium,high,New Orleans,Food,1,0,1
n-lBS02-3yvlY5Q91mmwDA,0ndzIekJs0PRPA5Aoz9sow,4.0,2005-07-10 05:58:26,night,6,1,1,short,high,Metairie,Coffee & Tea,1,0,0
n-lBS02-3yvlY5Q91mmwDA,xkgbgwTlkhzwo4ya_eIW-g,3.0,2005-07-10 06:00:20,night,6,1,1,medium,high,Metairie,Coffee & Tea,1,0,1
n-lBS02-3yvlY5Q91mmwDA,ompDR5sUDpoI6gnTldmneQ,4.0,2005-07-10 16:46:05,afternoon,6,1,1,medium,high,New Orleans,Seafood,2,1,0
n-lBS02-3yvlY5Q91mmwDA,pym7c6ZFEtmoH16xN2ApBg,3.0,2005-07-10 21:25:46,evening,6,1,1,medium,high,New Orleans,Restaurants,2,1,1
n-lBS02-3yvlY5Q91mmwDA,ahc6Wx3A9tmoHCtad_z3wg,4.0,2005-07-10 21:29:29,evening,6,1,1,medium,high,New Orleans,Arts & Entertainment,1,1,1
n-lBS02-3yvlY5Q91mmwDA,Y2NFeGtConx1qciSPKcRlA,4.0,2005-07-24 20:49:51,evening,6,1,1,medium,high,New Orleans,Restaurants,2,1,1
3W-lOOaIVQZONZP83kab6g,1Pxg1AMf0rEn9QF__ZYoWw,4.0,2005-09-06 17:57:13,afternoon,1,0,0,medium,high,Nashville,Japanese,2,1,0
jTXj5uf5ER5siDnQK_y4aA,pj8Y-5vfbRitnnm2xJFH9w,3.0,2005-09-06 22:37:28,evening,1,0,1,medium,high,Philadelphia,Caribbean,2,1,1
jTXj5uf5ER5siDnQK_y4aA,sdWuLh-auc0nC2Jy6_26AQ,4.0,2005-09-06 22:42:58,evening,1,0,1,medium,high,Philadelphia,Bars,2,1,0
jTXj5uf5ER5siDnQK_y4aA,3lBooCffgkW7tVSG5kILBA,3.0,2005-11-07 13:56:05,afternoon,0,0,1,medium,high,Philadelphia,Restaurants,2,0,0
jTXj5uf5ER5siDnQK_y4aA,d_tRshM-w6S4QxE4VVi8tQ,4.0,2005-12-19 18:51:01,afternoon,0,0,1,medium,high,Philadelphia,American (New),2,1,0
3xX-Et9I4Bi4wdRPWJkAFg,hRHhP3fhMy3LktPyQa3s_A,2.0,2005-12-29 20:48:19,evening,3,0,1,medium,high,Saint Louis,Restaurants,2,1,1
3xX-Et9I4Bi4wdRPWJkAFg,lj-E32x9_FA7GmUrBGBEWg,4.0,2006-01-03 02:37:12,night,1,0,1,medium,high,St Louis,Bars,2,1,1
FZQXGfmkMASFWq3JnuQZqg,TV81bpCQ6p6o4Hau5hk-zw,4.0,2006-01-20 05:34:47,night,4,0,1,medium,high,Tarpon Springs,Food,2,1,1
TDXV6AC5PYOZEyN9eeODfA,fNTxUyPUJNIbS7_7kiKnGQ,3.0,2006-01-20 15:48:54,afternoon,4,0,1,medium,high,Palm Harbor,Restaurants,1,1,1
jTXj5uf5ER5siDnQK_y4aA,wUnLSg_GKfEIQ5CQQ770_g,3.0,2006-01-21 22:08:33,evening,5,1,1,long,high,Philadelphia,Italian,4,1,1
3xX-Et9I4Bi4wdRPWJkAFg,B-NqcrIhvzCIkLCCpmhdvg,4.0,2006-01-30 01:04:56,night,0,0,1,medium,high,Saint Louis,Food,1,0,1
mZokz37TaR5jFgMrx4WyFw,bbEXAEFr4RYHLlZ-HFssTA,5.0,2006-02-02 06:36:06,night,3,0,0,medium,high,Goleta,Fast Food,2,0,1
mZokz37TaR5jFgMrx4WyFw,0qu0fNTOsSmuREYVIMPuIQ,5.0,2006-02-05 23:04:17,evening,6,1,0,long,high,Santa Barbara,American (Traditional),2,1,1
3xX-Et9I4Bi4wdRPWJkAFg,KA9WEoGHr9Ae0pFXZqzylQ,4.0,2006-02-19 21:50:54,evening,6,1,1,short,high,Saint Louis,Dance Clubs,2,1,1
3xX-Et9I4Bi4wdRPWJkAFg,CLt1k_vtdU962GZGl5U48g,5.0,2006-03-26 02:34:38,night,6,1,1,medium,high,Saint Louis,Restaurants,2,1,1
3xX-Et9I4Bi4wdRPWJkAFg,EvZxyqrR2xej3CT14pLa7w,5.0,2006-03-26 02:47:31,night,6,1,1,long,high,Saint Louis,Restaurants,3,1,1
jTXj5uf5ER5siDnQK_y4aA,W4ZEKkva9HpAdZG88juwyQ,5.0,2006-04-02 18:17:55,afternoon,6,1,1,medium,high,New Orleans,Bars,3,1,0
jTXj5uf5ER5siDnQK_y4aA,9nkYaCQRyO0fi8SrXDFhGw,2.0,2006-04-02 22:21:34,evening,6,1,1,long,high,Philadelphia,Food,3,0,0
26YpEJpa4uwJ60ezG9MIfQ,5cpiSREZioyiHVHXJ9WRqA,4.0,2006-04-19 17:09:28,afternoon,2,0,1,long,high,Nashville,Restaurants,1,0,0
26YpEJpa4uwJ60ezG9MIfQ,0BNR2_vrxuXG6I7f3Y6LZQ,5.0,2006-04-19 22:04:56,evening,2,0,1,medium,high,NASHVILLE,Food,2,0,0
gfQqQYI5_hCAGEHlHXIz2Q,FKrP06TDAKtxNG1vrRQcQQ,3.0,2006-05-04 02:21:30,night,3,0,1,medium,high,Philadelphia,Burgers,2,0,0
gfQqQYI5_hCAGEHlHXIz2Q,HTqXI5S2XcSlh_ylx9sE6g,5.0,2006-05-12 01:53:54,night,4,0,1,short,high,Philadelphia,Food,2,0,0
jTXj5uf5ER5siDnQK_y4aA,aZNiVR6oAMQX5__yGPvYsg,5.0,2006-05-23 00:06:31,night,1,0,1,medium,high,Philadelphia,Chinese,3,1,0
nnImk681KaRqUVHlSfZjGQ,3SHw4aZW_muE1kRSLQQjjA,4.0,2006-07-19 00:24:31,night,2,0,1,medium,high,TAMPA,Breakfast & Brunch,1,1,0
nnImk681KaRqUVHlSfZjGQ,9DhjKaR2f9wKATnUvxBAgg,1.0,2006-07-19 01:28:35,night,2,0,1,medium,high,Brandon,Coffee & Tea,1,1,1
nnImk681KaRqUVHlSfZjGQ,7BdU02Hf1QQx5YE3WYGcxQ,4.0,2006-07-19 14:34:03,afternoon,2,0,1,medium,high,Tampa,Fast Food,1,0,1
nnImk681KaRqUVHlSfZjGQ,p21PCK17H3WL56KSr4Ykig,4.0,2006-07-19 20:05:25,evening,2,0,1,medium,high,Tampa,Restaurants,1,1,0
3W-lOOaIVQZONZP83kab6g,_owHO6DTYU-XVP8jAcgZFw,2.0,2006-07-26 20:18:52,evening,2,0,0,medium,high,Nashville,Pizza,2,1,1
3W-lOOaIVQZONZP83kab6g,pSmOH4a3HNNpYM82J5ycLA,5.0,2006-07-26 20:34:00,evening,2,0,0,long,high,Nashville,Restaurants,2,1,0
3W-lOOaIVQZONZP83kab6g,Yv6HUVu7fRMnt_NtGdVQBw,3.0,2006-07-26 20:38:07,evening,2,0,0,medium,high,Nashville,Restaurants,2,1,0
3W-lOOaIVQZONZP83kab6g,s3FRhtaNU8dt-mKkLKUQaQ,4.0,2006-07-26 21:08:06,evening,2,0,0,medium,high,Nashville,Sushi Bars,2,1,1
3W-lOOaIVQZONZP83kab6g,ByTZJsTDDhvOYKCj7uoy4w,1.0,2006-07-26 21:25:55,evening,2,0,0,medium,high,Nashville,Nightlife,2,1,1
FZQXGfmkMASFWq3JnuQZqg,TghRoAMx43V-9l7mH-SENg,4.0,2006-07-27 14:19:35,afternoon,3,0,1,long,high,Clearwater Beach,Food,2,1,1
gfQqQYI5_hCAGEHlHXIz2Q,-ATiAtTikuGuqvaW2O6tNA,5.0,2006-07-28 02:56:48,night,4,0,1,long,high,Philadelphia,Sandwiches,2,1,1
nnImk681KaRqUVHlSfZjGQ,vU2BXpEwI_5mLcLAkRrbhg,5.0,2006-07-30 16:57:21,afternoon,6,1,1,medium,high,Tampa,Ice Cream & Frozen Yogurt,2,0,0
TDXV6AC5PYOZEyN9eeODfA,-mq1DwgcLU96PQbmcv3jRQ,4.0,2006-07-31 16:16:54,afternoon,0,0,1,long,high,Indian Rocks Beach,Nightlife,2,1,1
nnImk681KaRqUVHlSfZjGQ,mMPvgBgqON8pia_4AgGTUw,2.0,2006-08-01 21:55:51,evening,1,0,1,long,high,Tampa,Sushi Bars,2,1,0
gfQqQYI5_hCAGEHlHXIz2Q,OZ0t8PySiJGxpyGWPOpL6A,3.0,2006-08-06 02:10:31,night,6,1,1,short,high,Paulsboro,Food,1,0,0
gfQqQYI5_hCAGEHlHXIz2Q,dWoYU1l6t7_VB2LHYLHxmw,3.0,2006-08-13 02:56:39,night,6,1,1,short,high,Philadelphia,Grocery,2,0,0
zD1T8JFx3O1Rf9aNu49rpQ,eMiN8nm70jjKg8izikVWDA,5.0,2006-08-15 01:57:09,night,1,0,0,medium,high,Philadelphia,Seafood,2,1,1
26YpEJpa4uwJ60ezG9MIfQ,_owHO6DTYU-XVP8jAcgZFw,2.0,2006-08-15 20:07:42,evening,1,0,1,medium,high,Nashville,Pizza,2,1,1
26YpEJpa4uwJ60ezG9MIfQ,H3JjbID9Zhukpqr9uupHAA,3.0,2006-08-15 20:15:38,evening,1,0,1,medium,high,Nashville,Burgers,2,1,1
qjkOmSEFFEeWVTtsIl0aAw,nRKndeZLQ3eDL10UMwS2rQ,5.0,2006-08-22 20:29:25,evening,1,0,1,long,high,Saint Louis,Ice Cream & Frozen Yogurt,1,0,0
qjkOmSEFFEeWVTtsIl0aAw,2QWJsN0yk0FkkSUO_xVMKw,2.0,2006-08-22 20:38:44,evening,1,0,1,long,high,Saint Louis,Pizza,2,1,0
gfQqQYI5_hCAGEHlHXIz2Q,I5KZm-NnxYeEQsmp6nK5_w,4.0,2006-08-28 12:47:04,morning,0,0,1,long,high,Philadelphia,Food,2,1,1
FZQXGfmkMASFWq3JnuQZqg,hnJ_Bt2-Io_Mdf9p1KlprQ,3.0,2006-08-29 03:19:33,night,1,0,1,short,high,Clearwater,Restaurants,2,1,0
FZQXGfmkMASFWq3JnuQZqg,7Du9oW73YcYFmXdtU5aiSg,5.0,2006-08-29 03:21:41,night,1,0,1,medium,high,Saint Petersburg,Japanese,2,1,0
TDXV6AC5PYOZEyN9eeODfA,hnJ_Bt2-Io_Mdf9p1KlprQ,5.0,2006-08-29 15:17:46,afternoon,1,0,1,medium,high,Clearwater,Restaurants,2,1,0
TDXV6AC5PYOZEyN9eeODfA,PBtZNTQl5tRReeC8It1G7g,5.0,2006-08-30 13:23:00,afternoon,2,0,1,medium,high,Safety Harbor,Restaurants,3,1,1
TDXV6AC5PYOZEyN9eeODfA,vJU7VP831iKtwdwdD49MWw,5.0,2006-08-30 16:04:17,afternoon,2,0,1,medium,high,Palm Harbor,Specialty Food,4,1,0
4PE0tDvV9Lo8VW8kDW1SFQ,5iuo1kvv0XZMS0bUOoLz2Q,2.0,2006-09-02 17:13:53,afternoon,5,1,1,medium,high,Philadelphia,Restaurants,2,1,0
4PE0tDvV9Lo8VW8kDW1SFQ,pP4q0Mym-qt20nRqTKbzhQ,5.0,2006-09-02 17:32:06,afternoon,5,1,1,medium,high,Philadelphia,Steakhouses,4,1,0
4PE0tDvV9Lo8VW8kDW1SFQ,aZNiVR6oAMQX5__yGPvYsg,3.0,2006-09-02 17:40:58,afternoon,5,1,1,long,high,Philadelphia,Chinese,3,1,0
4PE0tDvV9Lo8VW8kDW1SFQ,8-j10_I745ITrczbkfD-Pw,5.0,2006-09-02 18:16:42,afternoon,5,1,1,medium,high,King Of Prussia,Indian,2,0,0
4PE0tDvV9Lo8VW8kDW1SFQ,d_tRshM-w6S4QxE4VVi8tQ,5.0,2006-09-02 21:44:01,evening,5,1,1,medium,high,Philadelphia,American (New),2,1,0
4PE0tDvV9Lo8VW8kDW1SFQ,eMiN8nm70jjKg8izikVWDA,5.0,2006-09-03 17:50:19,afternoon,6,1,1,short,high,Philadelphia,Seafood,2,1,1
gfQqQYI5_hCAGEHlHXIz2Q,3ZynJ94VpIdDlaArmEp2Rg,4.0,2006-09-18 20:48:30,evening,0,0,1,long,high,Philadelphia,Food,2,0,1
3W-lOOaIVQZONZP83kab6g,37BpNvlEAT6WVGsksrHbBQ,2.0,2006-09-25 03:46:06,night,0,0,0,medium,high,Nashville,Sushi Bars,2,1,1
gfQqQYI5_hCAGEHlHXIz2Q,1DFvkUjtsqNRNlORaUYlFQ,5.0,2006-10-09 15:50:23,afternoon,0,0,1,long,high,Philadelphia,Modern European,2,1,0
gfQqQYI5_hCAGEHlHXIz2Q,lRbHFOIFuusN2WOR_ypQ_A,3.0,2006-10-30 02:58:12,night,0,0,1,long,high,Philadelphia,Restaurants,2,0,0
mZokz37TaR5jFgMrx4WyFw,kZtl_NJjUnlIQgzFrBhXyQ,4.0,2006-12-29 04:30:37,night,4,0,0,short,high,Santa Barbara,Restaurants,2,1,0
3xX-Et9I4Bi4wdRPWJkAFg,EpREWeEpmR8f1qLHzzF0AA,3.0,2007-01-05 14:06:10,afternoon,4,0,1,medium,high,Saint Louis,Local Flavor,2,1,1
biiytB_o3KzSq_s2WlDkOw,DzpaiMQnB_sNhZPrgdvKHg,3.0,2007-01-14 00:29:05,night,6,1,1,medium,high,Goleta,Sushi Bars,2,0,1
mZokz37TaR5jFgMrx4WyFw,gebiRewfieSdtt17PTW6Zg,2.0,2007-01-28 17:39:40,afternoon,6,1,0,short,high,Santa Barbara,Steakhouses,2,1,0
0yYCMhDWCEIVUyZLzDWwqQ,pj8Y-5vfbRitnnm2xJFH9w,4.0,2007-02-01 14:54:11,afternoon,3,0,1,long,high,Philadelphia,Caribbean,2,1,1
0yYCMhDWCEIVUyZLzDWwqQ,_9x1oSQghxEPuUeb5NPShw,5.0,2007-02-07 15:59:20,afternoon,2,0,1,long,high,Philadelphia,Bars,2,1,0
0yYCMhDWCEIVUyZLzDWwqQ,d_tRshM-w6S4QxE4VVi8tQ,4.0,2007-02-09 18:07:43,afternoon,4,0,1,medium,high,Philadelphia,American (New),2,1,0
4PE0tDvV9Lo8VW8kDW1SFQ,eaDZlSuVS0EY67Ke6pRP6Q,5.0,2007-02-14 17:14:56,afternoon,2,0,1,medium,high,Philadelphia,Malaysian,2,1,0
0yYCMhDWCEIVUyZLzDWwqQ,_PQzeo8P2sGczzFEifrK-Q,4.0,2007-02-19 17:55:59,afternoon,0,0,1,medium,high,Philadelphia,Food,2,0,0
0yYCMhDWCEIVUyZLzDWwqQ,b5_ZIVZHjYjzUUsMB-5b7w,4.0,2007-02-27 01:25:44,night,1,0,1,medium,high,Exton,Restaurants,3,1,1
gZcxXnogU1O-gPTbqqtMYw,vN6v8m4DO45Z4pp8yxxF_w,5.0,2007-03-11 22:09:39,evening,6,1,1,medium,high,New Orleans,Vegetarian,2,1,0
P0GbmdzeEJtx4CBsksTKIA,pSmOH4a3HNNpYM82J5ycLA,2.0,2007-05-27 15:17:08,afternoon,6,1,1,long,high,Nashville,Restaurants,2,1,0
Qa2NoSc6DphQArihBgY9Gg,B10mqANgHvL8gBteo1UhAA,3.0,2007-05-31 04:53:15,night,3,0,1,short,high,Tucson,Restaurants,2,1,1
Qa2NoSc6DphQArihBgY9Gg,sDtIjlmqRCEq4TWGlqTqjA,2.0,2007-05-31 05:28:47,night,3,0,1,long,high,Tucson,American (Traditional),1,0,1
Qa2NoSc6DphQArihBgY9Gg,0Kn5W22UmxOqPj2cjouFNA,3.0,2007-06-01 19:39:47,evening,4,0,1,long,high,Tucson,Restaurants,1,0,1
gfQqQYI5_hCAGEHlHXIz2Q,sdWuLh-auc0nC2Jy6_26AQ,4.0,2007-06-05 23:14:12,evening,1,0,1,long,high,Philadelphia,Bars,2,1,0
KwC7I2KR-HlEb3KSH4a0bw,3ZynJ94VpIdDlaArmEp2Rg,4.0,2007-06-06 00:35:49,night,2,0,0,long,low,Philadelphia,Food,2,0,1
JM2PVRrNAXTtHVT5Nbo3jg,cXSyVvOr9YRN9diDkaWs0Q,4.0,2007-06-07 03:10:52,night,3,0,0,medium,high,Philadelphia,Southern,2,1,1
3W-lOOaIVQZONZP83kab6g,H3JjbID9Zhukpqr9uupHAA,3.0,2007-06-08 18:27:08,afternoon,4,0,0,medium,high,Nashville,Burgers,2,1,1
JM2PVRrNAXTtHVT5Nbo3jg,htO_nlxkEsYHzDrtbiUxew,5.0,2007-06-09 23:28:58,evening,5,1,0,long,high,Philadelphia,Restaurants,1,0,0
JM2PVRrNAXTtHVT5Nbo3jg,3ZynJ94VpIdDlaArmEp2Rg,4.0,2007-06-10 00:46:56,night,6,1,0,medium,high,Philadelphia,Food,2,0,1
JM2PVRrNAXTtHVT5Nbo3jg,N1ZXhAVzOzbyCBPEXTaUUw,2.0,2007-06-10 01:02:26,night,6,1,0,short,high,Philadelphia,Food Delivery Services,2,0,0
RdJ7Ykelg8w4y5FTmxjT8g,1UNorskttXSWuEcgzKzXcA,5.0,2007-06-11 20:43:25,evening,0,0,1,long,high,Philadelphia,Lounges,3,1,1
gfQqQYI5_hCAGEHlHXIz2Q,htO_nlxkEsYHzDrtbiUxew,5.0,2007-06-13 00:45:41,night,2,0,1,medium,high,Philadelphia,Restaurants,1,0,0
JM2PVRrNAXTtHVT5Nbo3jg,cNfeKIYIv07oxqVozMbjpw,5.0,2007-06-15 06:16:36,night,4,0,0,long,high,Philadelphia,Sandwiches,2,1,1
JM2PVRrNAXTtHVT5Nbo3jg,D4AJVjAiJULF04BjN7bhiA,3.0,2007-06-15 17:38:58,afternoon,4,0,0,medium,high,Philadelphia,Bars,3,1,1
JM2PVRrNAXTtHVT5Nbo3jg,u9XTeDl_If4U5Eixl6ys7g,5.0,2007-06-21 04:29:52,night,3,0,0,medium,high,Philadelphia,Nightlife,2,1,0
JM2PVRrNAXTtHVT5Nbo3jg,UhSVDwQFW6mKmaEA5OTU7A,5.0,2007-06-22 04:16:56,night,4,0,0,medium,high,Philadelphia,Vegetarian,2,0,0
JM2PVRrNAXTtHVT5Nbo3jg,AbtYqoBGuvlWmR1gU0c3XA,5.0,2007-06-22 04:49:01,night,4,0,0,medium,high,Philadelphia,Food,2,1,0
gpqGjIHlvUKDTttna4wcZQ,mpVZG520RL-K1YeQi55ZPg,4.0,2007-06-28 00:14:35,night,3,0,1,long,high,Philadelphia,Burgers,1,1,0
JM2PVRrNAXTtHVT5Nbo3jg,FKrP06TDAKtxNG1vrRQcQQ,2.0,2007-06-29 08:39:42,morning,4,0,0,medium,high,Philadelphia,Burgers,2,0,0
gpqGjIHlvUKDTttna4wcZQ,eaDZlSuVS0EY67Ke6pRP6Q,4.0,2007-07-03 01:12:20,night,1,0,1,long,high,Philadelphia,Malaysian,2,1,0
RdJ7Ykelg8w4y5FTmxjT8g,-ATiAtTikuGuqvaW2O6tNA,4.0,2007-07-04 20:11:43,evening,2,0,1,long,high,Philadelphia,Sandwiches,2,1,1
Bo8l98htNUOzPLcCBM86Bg,lS1dmSXpAtQqT04eRm9kiA,5.0,2007-07-05 01:17:21,night,3,0,0,medium,high,Tucson,Restaurants,1,1,1
RdJ7Ykelg8w4y5FTmxjT8g,UhSVDwQFW6mKmaEA5OTU7A,5.0,2007-07-06 18:37:54,afternoon,4,0,1,long,high,Philadelphia,Vegetarian,2,0,0
RdJ7Ykelg8w4y5FTmxjT8g,-V0vIgo6196MDn_x3ZaYmA,4.0,2007-07-06 18:58:47,afternoon,4,0,1,long,high,Philadelphia,Restaurants,2,0,0
Xlb-Hxrvkfyadnkmk5hrgw,osOONoA8wMF5ZpLWUS7VOw,5.0,2007-07-07 00:18:03,night,5,1,1,medium,high,Indianapolis,Breakfast & Brunch,1,0,1
3W-lOOaIVQZONZP83kab6g,ZWRgvtyHRobwpi4G-Z4STQ,4.0,2007-07-09 20:12:31,evening,0,0,0,medium,high,Nashville,Food,1,0,0
gpqGjIHlvUKDTttna4wcZQ,1-OSwGhAUi7w9T4Ru-IRjA,3.0,2007-07-13 00:36:26,night,4,0,1,long,high,Philadelphia,Event Planning & Services,2,0,0
Xlb-Hxrvkfyadnkmk5hrgw,Gf1EboxqdJ9SPsVJur93Cw,1.0,2007-07-13 13:42:53,afternoon,4,0,1,medium,high,Indianapolis,Fast Food,1,1,0
CV8aQ9nTu4_1yKtd2D38hA,I5KZm-NnxYeEQsmp6nK5_w,2.0,2007-07-15 03:21:40,night,6,1,1,medium,high,Philadelphia,Food,2,1,1
CV8aQ9nTu4_1yKtd2D38hA,3sdlpskDaXr1P59BYjGoFw,4.0,2007-07-15 22:22:55,evening,6,1,1,long,high,Philadelphia,Burgers,1,0,0
gfQqQYI5_hCAGEHlHXIz2Q,pj8Y-5vfbRitnnm2xJFH9w,4.0,2007-07-17 02:46:13,night,1,0,1,long,high,Philadelphia,Caribbean,2,1,1
biiytB_o3KzSq_s2WlDkOw,xwSWtJcQkzTF6HNm_IMgcg,4.0,2007-07-17 23:55:22,evening,1,0,1,short,high,Goleta,Chicken Wings,2,1,0
biiytB_o3KzSq_s2WlDkOw,bdfZdB2MTXlT6-RBjSIpQg,2.0,2007-07-19 10:13:03,morning,3,0,1,long,high,Isla Vista,Food,1,0,1
RdJ7Ykelg8w4y5FTmxjT8g,d_tRshM-w6S4QxE4VVi8tQ,4.0,2007-07-20 19:05:06,evening,4,0,1,long,high,Philadelphia,American (New),2,1,0
RdJ7Ykelg8w4y5FTmxjT8g,4SQ5uczVt66-GGGeNQRfEA,3.0,2007-07-20 19:13:42,evening,4,0,1,medium,high,Philadelphia,Nightlife,2,1,1
gfQqQYI5_hCAGEHlHXIz2Q,RZtGWDLCAtuipwaZ-UfjmQ,3.0,2007-07-21 14:50:39,afternoon,5,1,1,long,high,Philadelphia,Pizza,2,1,1
biiytB_o3KzSq_s2WlDkOw,Wy8Hswf2cLQGRZN6armkag,3.0,2007-07-22 11:03:58,morning,6,1,1,medium,high,Goleta,Restaurants,1,0,0
gpqGjIHlvUKDTttna4wcZQ,MbKhuO-4uYPc0NRZDRWoew,2.0,2007-07-23 00:53:07,night,0,0,1,long,high,Philadelphia,Restaurants,1,0,0
gpqGjIHlvUKDTttna4wcZQ,9uHEhLKTVXATCt7JSvUsCg,3.0,2007-07-24 01:14:58,night,1,0,1,medium,high,Philadelphia,Local Flavor,1,0,0
RdJ7Ykelg8w4y5FTmxjT8g,fr2qDm_mY1afIGMvqsKUCg,5.0,2007-07-27 16:40:01,afternoon,4,0,1,long,high,Philadelphia,American (Traditional),1,0,0
CV8aQ9nTu4_1yKtd2D38hA,rxqcQ3fMMFsmKFo3EsBnEQ,1.0,2007-08-05 21:14:39,evening,6,1,1,long,high,Philadelphia,Food,1,0,0
RdJ7Ykelg8w4y5FTmxjT8g,4sLW6iLkh5ELw0XvuwGyrA,3.0,2007-08-06 02:32:49,night,0,0,1,long,high,Bensalem,Venues & Event Spaces,3,1,0
gpqGjIHlvUKDTttna4wcZQ,bSWL0YxfawjS03_g2kgujA,3.0,2007-08-10 22:20:44,evening,4,0,1,long,high,Philadelphia,Sandwiches,1,1,1
gpqGjIHlvUKDTttna4wcZQ,78kUZU8GPfHgoYO_2CNbuQ,3.0,2007-08-15 16:21:29,afternoon,2,0,1,medium,high,Philadelphia,Ice Cream & Frozen Yogurt,1,0,0
3W-lOOaIVQZONZP83kab6g,lwdkX7KcibM4mDqpDfK7JA,4.0,2007-08-25 20:36:59,evening,5,1,0,medium,high,Nashville,Caterers,2,1,1
kS1MQHYwIfD0462PE61IBw,rsDFJ05TiW7yBMdVuQ2tQQ,4.0,2007-08-26 03:17:17,night,6,1,1,medium,high,Saint Louis,Local Flavor,1,0,0
kS1MQHYwIfD0462PE61IBw,GV-e7Op4aU98xkjjoKlRhA,5.0,2007-08-26 23:31:36,evening,6,1,1,medium,high,Saint Louis,Basque,2,1,1
kS1MQHYwIfD0462PE61IBw,YlVb_cW3e68Q0ifNYVKuiw,5.0,2007-08-27 00:01:17,night,0,0,1,medium,high,Shrewsbury,Tapas Bars,2,1,1
RdJ7Ykelg8w4y5FTmxjT8g,zmpRwOqxaajeh2YvAKxLaQ,3.0,2007-08-30 15:54:42,afternoon,3,0,1,long,high,King Of Prussia,Restaurants,4,1,0
gZcxXnogU1O-gPTbqqtMYw,f4vbnGoGo3eWorVekctVGQ,5.0,2007-09-09 20:21:26,evening,6,1,1,medium,high,New Orleans,Restaurants,2,0,1
84HvpQDxcHWmbMDfs8IEYw,lRbHFOIFuusN2WOR_ypQ_A,3.0,2007-12-16 01:40:25,night,6,1,0,long,high,Philadelphia,Restaurants,2,0,0
84HvpQDxcHWmbMDfs8IEYw,piUZEndStsWNnRUwOPk8jA,4.0,2007-12-16 17:49:26,afternoon,6,1,0,medium,high,Philadelphia,Chinese,2,1,0
84HvpQDxcHWmbMDfs8IEYw,g2JHAYFX2tOJubMHSXdYQQ,3.0,2007-12-30 00:26:18,night,6,1,0,medium,high,Glenside,Bars,2,1,1
m-n_AHwndmHAgZIsu52kYA,J5-Y4ujpElrzPGJLYJ4tEg,3.0,2007-12-30 09:12:40,morning,6,1,1,medium,high,Reno,Restaurants,2,1,0
m-n_AHwndmHAgZIsu52kYA,l4aS1QVy_bGnwUXSJzpbsw,4.0,2007-12-30 10:02:05,morning,6,1,1,long,high,Sparks,Pizza,2,1,0
y8aWXOimQ9ZgUgZ6q--nCQ,dERS4qwl9v-Gwft-Ug8APA,5.0,2008-01-05 19:35:47,evening,5,1,1,long,high,Jenkintown,Restaurants,2,0,1
veU-4bglmxVg0PtkZRBETg,JgTSG4rIDf20Kgp6U_asng,5.0,2008-01-08 02:21:04,night,1,0,1,long,high,St. Louis,Pizza,2,1,0
ET3TgSSQ3shm2mj5vZ8IVQ,htO_nlxkEsYHzDrtbiUxew,2.0,2008-01-08 15:17:59,afternoon,1,0,1,long,high,Philadelphia,Restaurants,1,0,0
ET3TgSSQ3shm2mj5vZ8IVQ,N1ZXhAVzOzbyCBPEXTaUUw,2.0,2008-01-08 15:32:34,afternoon,1,0,1,medium,high,Philadelphia,Food Delivery Services,2,0,0
ET3TgSSQ3shm2mj5vZ8IVQ,bSWL0YxfawjS03_g2kgujA,3.0,2008-01-08 16:44:26,afternoon,1,0,1,medium,high,Philadelphia,Sandwiches,1,1,1
m-n_AHwndmHAgZIsu52kYA,q_CK-buoiPFNDoNNU1yb1A,4.0,2008-01-13 21:04:02,evening,6,1,1,medium,high,Reno,Food,2,0,1
kS1MQHYwIfD0462PE61IBw,Uy0r4bzRmY5LFtDfzNgkag,3.0,2008-01-14 06:53:39,night,0,0,1,short,high,University City,Mexican,2,1,0
xyFtRXaTjhStZB3Zb9uFvA,B10mqANgHvL8gBteo1UhAA,1.0,2008-01-15 03:47:48,night,1,0,1,medium,high,Tucson,Restaurants,2,1,1
ET3TgSSQ3shm2mj5vZ8IVQ,E1gf1YIWOo1BgzMUwJtEZg,3.0,2008-01-15 18:52:25,afternoon,1,0,1,medium,high,Philadelphia,Pizza,1,1,1
xyFtRXaTjhStZB3Zb9uFvA,1feuZITxuTrl9mr7V11kwQ,5.0,2008-01-15 23:00:17,evening,1,0,1,medium,high,Tucson,Coffee & Tea,1,0,1
xyFtRXaTjhStZB3Zb9uFvA,bXjnfT69E8DJinX-ifOofA,1.0,2008-01-15 23:34:38,evening,1,0,1,medium,high,Tucson,Chicken Wings,1,1,0
xyFtRXaTjhStZB3Zb9uFvA,W7NxQw8UYFR0HLPrI08tvw,1.0,2008-01-16 01:14:41,night,2,0,1,medium,high,Tucson,Restaurants,1,1,1
xyFtRXaTjhStZB3Zb9uFvA,SLreQZjicOqB_7MCfJ8MdQ,1.0,2008-01-16 01:17:33,night,2,0,1,short,high,Tucson,Restaurants,2,0,1
gZcxXnogU1O-gPTbqqtMYw,jLerIZFpe25jOUf722qzBA,4.0,2008-01-27 00:04:52,night,6,1,1,medium,high,New Orleans,Coffee & Tea,2,1,1
kS1MQHYwIfD0462PE61IBw,CLt1k_vtdU962GZGl5U48g,3.0,2008-01-27 09:29:44,morning,6,1,1,medium,high,Saint Louis,Restaurants,2,1,1
veU-4bglmxVg0PtkZRBETg,ULReFPrCIDRbGKwP3ZsHwg,4.0,2008-02-01 02:10:28,night,4,0,1,medium,high,Saint Louis,Donuts,1,0,0
qunxFdBDVl0ordRJEPVNtQ,fLk_N8vU25DNZmbU-70gkw,3.0,2008-02-03 03:30:35,night,6,1,0,long,high,Santa Barbara,Restaurants,1,1,1
dIRTUvNn9HSG7SlCB1CdKw,3Ry5aKcMuTdp9m1E7n_WiA,2.0,2008-02-08 00:15:00,night,4,0,0,long,high,King of Prussia,Food,2,1,0
m-n_AHwndmHAgZIsu52kYA,FYw5uf26ry8-MuPKD10z0Q,4.0,2008-02-11 21:29:54,evening,0,0,1,long,high,Reno,Grocery,2,1,1
kmXNP537i0dyYOFF-sxtdg,ByTZJsTDDhvOYKCj7uoy4w,4.0,2008-02-11 23:59:07,evening,0,0,0,long,high,Nashville,Nightlife,2,1,1
FZQXGfmkMASFWq3JnuQZqg,fNTxUyPUJNIbS7_7kiKnGQ,5.0,2008-02-14 03:34:53,night,3,0,1,medium,high,Palm Harbor,Restaurants,1,1,1
y8aWXOimQ9ZgUgZ6q--nCQ,piUZEndStsWNnRUwOPk8jA,3.0,2008-02-14 19:53:55,evening,3,0,1,long,high,Philadelphia,Chinese,2,1,0
ZGjgfSvjQK886kiTzLwfLQ,Es39sSDXiReBthHLBSD_Xw,2.0,2008-02-20 16:35:39,afternoon,2,0,1,medium,high,Philadelphia,Seafood,3,0,0
oSeE_p_gYxI82APPWJhJjg,-OIUunijjcq_ZzyyQhPPFQ,4.0,2008-02-29 04:46:01,night,4,0,1,long,high,Philadelphia,Restaurants,2,0,0
HQG3no8C5U31z-k1MaYCqQ,9fNy_ulPeK74-a7Dnyg6xw,2.0,2008-04-30 14:01:44,afternoon,2,0,1,medium,high,Hazelwood,Cheesesteaks,1,1,0
Kj-u8Yq1d3mLKitWsDAxpg,YtSqYv1Q_pOltsVPSx54SA,4.0,2008-04-30 15:26:12,afternoon,2,0,1,long,high,Philadelphia,Wine Bars,3,1,0
3xX-Et9I4Bi4wdRPWJkAFg,MaYb7qMN6BomP1zQGj3Wjg,4.0,2008-04-30 16:29:07,afternoon,2,0,1,medium,high,Saint Louis,Nightlife,2,1,1
Qa2NoSc6DphQArihBgY9Gg,vzvm7_QXEDaMTxMOKLBNyQ,2.0,2008-05-01 00:44:00,night,3,0,1,medium,high,Tucson,Vegetarian,1,1,0
HQG3no8C5U31z-k1MaYCqQ,F0AAzMdhv2RyjwHVned5bQ,4.0,2008-05-01 13:41:51,afternoon,3,0,1,long,high,Florissant,American (Traditional),2,1,1
RkTfZGAksML93OYzvW4TMQ,dD2p903p8lU0IgXT3OFluA,4.0,2008-05-01 21:00:48,evening,3,0,0,long,high,Nashville,Breakfast & Brunch,1,1,1
bnVzSHI48lEHPaEzZNIqJg,-D_L4GHXJQvy2wv0RkrupA,4.0,2008-05-01 21:01:08,evening,3,0,0,medium,high,St. Louis,American (Traditional),1,0,0
ZCVEZmTB_StK-UXA3WPVlQ,sdWuLh-auc0nC2Jy6_26AQ,3.0,2008-05-02 12:29:50,morning,4,0,1,medium,high,Philadelphia,Bars,2,1,0
pxBmvgpiDMN161PwHDtsLw,eaDZlSuVS0EY67Ke6pRP6Q,4.0,2008-05-02 13:45:04,afternoon,4,0,1,medium,high,Philadelphia,Malaysian,2,1,0
RkTfZGAksML93OYzvW4TMQ,5cpiSREZioyiHVHXJ9WRqA,5.0,2008-05-02 21:57:24,evening,4,0,0,long,high,Nashville,Restaurants,1,0,0
Js4nQlGRjS1Bd5vsAQQfgA,nl_La1sCrZG0xq0HNt4WsQ,4.0,2008-05-03 00:27:24,night,5,1,1,medium,high,Philadelphia,Restaurants,1,1,0
hxDma9MF5LhG2JnCbw2zWw,_aKr7POnacW_VizRKBpCiA,5.0,2008-05-03 22:03:09,evening,5,1,0,medium,high,Saint Louis,Delis,1,1,0
WlgB9SAzYAyHEAlawc27xg,0zf4KKZqbqoxiuKzeZLDdg,4.0,2008-05-04 01:22:48,night,6,1,1,medium,high,Philadelphia,Italian,1,0,0
hxDma9MF5LhG2JnCbw2zWw,pNu5bd9aL3jcJClfdQ86MQ,5.0,2008-05-04 03:20:37,night,6,1,0,medium,high,St Louis,Mediterranean,2,1,1
S-P2haI61umZRkGPCWrqfA,jQBPO3rYkNwIaOdQS5ktgQ,5.0,2008-05-04 03:47:18,night,6,1,0,long,high,Saint Louis,Ice Cream & Frozen Yogurt,2,1,0
iNWfLMXuXG19fpLzTMylkQ,lwdkX7KcibM4mDqpDfK7JA,4.0,2008-05-04 03:51:16,night,6,1,1,long,high,Nashville,Caterers,2,1,1
RkTfZGAksML93OYzvW4TMQ,g4KzJc8y7BhW66ieNIwJEA,4.0,2008-05-05 17:29:17,afternoon,0,0,0,long,high,Nashville,Italian,2,1,0
HZRfI9weev2Vr_w0jPF8-Q,UNRqCfwvvcU7jdbvExbhDg,4.0,2008-05-06 18:52:41,afternoon,1,0,1,long,high,Bryn Mawr,Irish Pub,2,1,0
sLqm9fRo_u81kJCIRdzrMg,SSZDGl2J-CEyIzuIbEiYNQ,3.0,2008-05-06 21:33:39,evening,1,0,1,medium,high,Saint Louis,Bars,2,1,0
sLqm9fRo_u81kJCIRdzrMg,1MeIwdbTnZOBFCKOrgaxuw,4.0,2008-05-06 21:46:19,evening,1,0,1,long,high,Saint Louis,American (New),2,1,0
riWDgbauId8TK7YFVgMNJw,D7Os2-9ApTGmNyzidqfwGA,4.0,2008-05-07 01:16:07,night,2,0,1,long,high,New Orleans,Beauty & Spas,4,1,0
y8aWXOimQ9ZgUgZ6q--nCQ,PW6C4OMpPQ_Zm7oiwNIVgw,2.0,2008-05-07 23:08:00,evening,2,0,1,long,high,Philadelphia,French,2,1,1
hxDma9MF5LhG2JnCbw2zWw,uqXYVxIwoEsFFjEHBlMZQA,4.0,2008-05-08 04:56:54,night,3,0,0,long,high,Saint Louis,Desserts,2,1,1
ZCVEZmTB_StK-UXA3WPVlQ,9Pvwx_IfQgQL4ykmlGV6yA,5.0,2008-05-08 19:12:21,evening,3,0,1,long,high,Plymouth Meeting,Asian Fusion,2,1,1
RkTfZGAksML93OYzvW4TMQ,0BNR2_vrxuXG6I7f3Y6LZQ,5.0,2008-05-08 22:55:22,evening,3,0,0,long,high,NASHVILLE,Food,2,0,0
hxDma9MF5LhG2JnCbw2zWw,GV-e7Op4aU98xkjjoKlRhA,5.0,2008-05-09 18:05:29,afternoon,4,0,0,medium,high,Saint Louis,Basque,2,1,1
S-P2haI61umZRkGPCWrqfA,_aKr7POnacW_VizRKBpCiA,5.0,2008-05-09 22:24:38,evening,4,0,0,medium,high,Saint Louis,Delis,1,1,0
S-P2haI61umZRkGPCWrqfA,RwOV1rfT7vA1qw8vgf-yBA,4.0,2008-05-09 22:57:13,evening,4,0,0,medium,high,Saint Louis,Burgers,1,1,1
S-P2haI61umZRkGPCWrqfA,EvZxyqrR2xej3CT14pLa7w,5.0,2008-05-09 23:12:25,evening,4,0,0,medium,high,Saint Louis,Restaurants,3,1,1
iNWfLMXuXG19fpLzTMylkQ,5cpiSREZioyiHVHXJ9WRqA,4.0,2008-05-11 00:41:49,night,6,1,1,long,high,Nashville,Restaurants,1,0,0
hxDma9MF5LhG2JnCbw2zWw,L9sNYgV-TKTQdkaeEZBqEg,3.0,2008-05-11 01:23:04,night,6,1,0,medium,high,Saint Louis,Thai,2,1,0
iNWfLMXuXG19fpLzTMylkQ,C1D2o1VV2TDjpkG3BsdseA,3.0,2008-05-11 01:23:44,night,6,1,1,long,high,Nashville,Tex-Mex,1,1,1
hxDma9MF5LhG2JnCbw2zWw,EpREWeEpmR8f1qLHzzF0AA,4.0,2008-05-11 05:03:06,night,6,1,0,long,high,Saint Louis,Local Flavor,2,1,1
HZRfI9weev2Vr_w0jPF8-Q,kSRTaNwuHmmcZ32yRCmhJw,4.0,2008-05-12 18:16:34,afternoon,0,0,1,long,high,Wayne,Restaurants,1,1,0
84HvpQDxcHWmbMDfs8IEYw,sdWuLh-auc0nC2Jy6_26AQ,2.0,2008-05-13 13:22:58,afternoon,1,0,0,medium,high,Philadelphia,Bars,2,1,0
RkTfZGAksML93OYzvW4TMQ,oaboaRBUgGjbo2kfUIKDLQ,5.0,2008-05-13 18:32:49,afternoon,1,0,0,long,high,Nashville,Ice Cream & Frozen Yogurt,2,0,0
YE3NsQGCoCu4WHaKQ3Kddg,_JXfCdMu1TFblbhJ5KT7fw,2.0,2008-05-14 13:59:18,afternoon,2,0,1,long,high,Saint Louis,Thai,2,1,1
iNWfLMXuXG19fpLzTMylkQ,H3JjbID9Zhukpqr9uupHAA,4.0,2008-05-16 01:51:00,night,4,0,1,long,high,Nashville,Burgers,2,1,1
bnVzSHI48lEHPaEzZNIqJg,YiFx7ZLv_Nnr61i2xzfuig,4.0,2008-05-16 22:19:35,evening,4,0,0,long,high,St. Louis,Shopping,2,0,0
kmXNP537i0dyYOFF-sxtdg,5cpiSREZioyiHVHXJ9WRqA,3.0,2008-05-16 22:39:01,evening,4,0,0,long,high,Nashville,Restaurants,1,0,0
Xlb-Hxrvkfyadnkmk5hrgw,DeVlppoc8dPBhOCPrm4wmg,4.0,2008-05-19 12:48:16,morning,0,0,1,medium,high,Indianapolis,American (Traditional),3,1,1
zAMpV0uFt9XpqRDFNLWPrQ,osOONoA8wMF5ZpLWUS7VOw,5.0,2008-05-22 16:19:36,afternoon,3,0,1,short,high,Indianapolis,Breakfast & Brunch,1,0,1
NyqoJTiKgXi1h7MDJDGbxg,CiDF-bnN18SBrGpMGFybSA,4.0,2008-05-22 22:06:59,evening,3,0,1,long,high,Creve Coeur,Restaurants,1,1,1
veU-4bglmxVg0PtkZRBETg,jQBPO3rYkNwIaOdQS5ktgQ,4.0,2008-05-23 22:44:22,evening,4,0,1,medium,high,Saint Louis,Ice Cream & Frozen Yogurt,2,1,0
sLqm9fRo_u81kJCIRdzrMg,EvZxyqrR2xej3CT14pLa7w,4.0,2008-05-24 19:04:35,evening,5,1,1,long,high,Saint Louis,Restaurants,3,1,1
sLqm9fRo_u81kJCIRdzrMg,r5dUIJJwaChqvIjGkUJtfw,3.0,2008-05-24 19:41:39,evening,5,1,1,medium,high,Webster Groves,Music Venues,2,1,1
sLqm9fRo_u81kJCIRdzrMg,uqXYVxIwoEsFFjEHBlMZQA,3.0,2008-05-24 19:43:02,evening,5,1,1,medium,high,Saint Louis,Desserts,2,1,1
sLqm9fRo_u81kJCIRdzrMg,YlVb_cW3e68Q0ifNYVKuiw,4.0,2008-05-24 19:46:00,evening,5,1,1,medium,high,Shrewsbury,Tapas Bars,2,1,1
sLqm9fRo_u81kJCIRdzrMg,MaYb7qMN6BomP1zQGj3Wjg,4.0,2008-05-24 19:47:28,evening,5,1,1,medium,high,Saint Louis,Nightlife,2,1,1
sLqm9fRo_u81kJCIRdzrMg,1P_mGUY1PyPq7_ZabrzpBw,4.0,2008-05-24 20:26:09,evening,5,1,1,medium,high,Saint Louis,Italian,3,1,1
sLqm9fRo_u81kJCIRdzrMg,1P_mGUY1PyPq7_ZabrzpBw,4.0,2008-05-24 20:27:23,evening,5,1,1,medium,high,Saint Louis,Italian,3,1,1
veU-4bglmxVg0PtkZRBETg,nX2105_S9lUhB5rbhC2n2w,4.0,2008-05-24 20:46:43,evening,5,1,1,medium,high,Saint Louis,Donuts,1,0,0
sLqm9fRo_u81kJCIRdzrMg,hRPH-pAQmxSiyyxTfljusA,4.0,2008-05-24 20:53:12,evening,5,1,1,long,high,Saint Louis,Dive Bars,1,1,1
sLqm9fRo_u81kJCIRdzrMg,GV-e7Op4aU98xkjjoKlRhA,4.0,2008-05-24 20:57:47,evening,5,1,1,medium,high,Saint Louis,Basque,2,1,1
HQG3no8C5U31z-k1MaYCqQ,ULReFPrCIDRbGKwP3ZsHwg,4.0,2008-05-24 22:39:06,evening,5,1,1,medium,high,Saint Louis,Donuts,1,0,0
HQG3no8C5U31z-k1MaYCqQ,nX2105_S9lUhB5rbhC2n2w,3.0,2008-05-25 14:20:39,afternoon,6,1,1,medium,high,Saint Louis,Donuts,1,0,0
YE3NsQGCoCu4WHaKQ3Kddg,jQBPO3rYkNwIaOdQS5ktgQ,5.0,2008-05-26 05:31:01,night,0,0,1,long,high,Saint Louis,Ice Cream & Frozen Yogurt,2,1,0
NyqoJTiKgXi1h7MDJDGbxg,UN2UmcNSI_7HKdfVvLbkgw,5.0,2008-05-28 21:00:06,evening,2,0,1,long,high,Creve Coeur,Vietnamese,2,1,0
NyqoJTiKgXi1h7MDJDGbxg,cljHYek6vHtqUgUsnJBqmA,4.0,2008-05-28 21:05:41,evening,2,0,1,long,high,Saint Louis,French,2,1,1
kmXNP537i0dyYOFF-sxtdg,rG0UTjvbmVVsh9-kGzeliQ,4.0,2008-05-28 21:34:02,evening,2,0,0,medium,high,Nashville,Food,1,0,1
_BcWyKQL16ndpBdggh2kNA,1UNorskttXSWuEcgzKzXcA,5.0,2008-05-29 15:15:17,afternoon,3,0,1,medium,high,Philadelphia,Lounges,3,1,1
HQG3no8C5U31z-k1MaYCqQ,cN8F-BmoHoS9eCqIHMtlHA,3.0,2008-05-29 17:19:26,afternoon,3,0,1,medium,high,Saint Louis,Bakeries,2,0,1
5Fjs7GKqFu1Feg6-RufCuA,IAyHcNx5IHoLf3V4dlgFCw,5.0,2008-05-30 14:41:42,afternoon,4,0,1,long,high,Philadelphia,Restaurants,2,1,1
NyqoJTiKgXi1h7MDJDGbxg,B-NqcrIhvzCIkLCCpmhdvg,4.0,2008-05-31 16:59:27,afternoon,5,1,1,long,high,Saint Louis,Food,1,0,1
mqBWACmaHflW4eh_Ofp16Q,sdWuLh-auc0nC2Jy6_26AQ,2.0,2008-05-31 18:50:58,afternoon,5,1,0,long,low,Philadelphia,Bars,2,1,0
S-P2haI61umZRkGPCWrqfA,1MeIwdbTnZOBFCKOrgaxuw,5.0,2008-05-31 21:43:12,evening,5,1,0,long,high,Saint Louis,American (New),2,1,0
hxDma9MF5LhG2JnCbw2zWw,kpK6SmxIiNoGPNhlEGiL4w,5.0,2008-06-01 03:29:37,night,6,1,0,medium,high,Saint Louis,Italian,2,1,1
kmXNP537i0dyYOFF-sxtdg,tvbFcYCEQWc76CUK-nBw8w,2.0,2008-06-01 16:31:05,afternoon,6,1,0,long,high,Nashville,Korean,2,1,0
iNWfLMXuXG19fpLzTMylkQ,9mE7Xp0hH6TMv3eaf2Ylxg,5.0,2008-06-02 04:47:16,night,0,0,1,medium,high,Franklin,Bars,3,1,0
N11AGsSHMp9ZhOARSq8LNQ,pJZq57-XUXnDU2yo8gmsUg,4.0,2008-06-03 17:41:21,afternoon,1,0,1,long,high,Reno,Restaurants,2,1,0
5Fjs7GKqFu1Feg6-RufCuA,EAtdpksdWfWAaqh3XdnNNg,4.0,2008-06-03 18:40:50,afternoon,1,0,1,long,high,Philadelphia,Restaurants,3,0,0
S-P2haI61umZRkGPCWrqfA,_JXfCdMu1TFblbhJ5KT7fw,4.0,2008-06-03 18:43:03,afternoon,1,0,0,long,high,Saint Louis,Thai,2,1,1
S-P2haI61umZRkGPCWrqfA,62pABDhLkUPAcNgxum_mpw,5.0,2008-06-03 19:47:52,evening,1,0,0,long,high,Saint Louis,Restaurants,3,1,1
5Fjs7GKqFu1Feg6-RufCuA,3kiB39JzdovdlOhQj-nMCw,4.0,2008-06-03 20:31:02,evening,1,0,1,long,high,Philadelphia,Restaurants,1,1,0
veU-4bglmxVg0PtkZRBETg,71q2UD1A7KL2q4AA8mPobQ,5.0,2008-06-03 23:58:41,evening,1,0,1,long,high,Saint Louis,Pizza,1,1,1
S-P2haI61umZRkGPCWrqfA,71q2UD1A7KL2q4AA8mPobQ,5.0,2008-06-04 18:01:50,afternoon,2,0,0,long,high,Saint Louis,Pizza,1,1,1
gfQqQYI5_hCAGEHlHXIz2Q,16zHT7zp6K9IEQZ1oW6xXg,3.0,2008-06-05 13:51:00,afternoon,3,0,1,medium,high,Glassboro,Pubs,2,1,1
rduiiFS8pVcvWVfnkm8Quw,p7UGlPkE3Gagm9Mq7aHfYg,4.0,2008-06-05 20:02:01,evening,3,0,1,long,high,Saint Louis,Food,1,0,1
5Fjs7GKqFu1Feg6-RufCuA,xCXGV3wEvYd4xBGx8ZRFQA,4.0,2008-06-06 17:50:27,afternoon,4,0,1,long,high,Philadelphia,Restaurants,1,0,1
NyqoJTiKgXi1h7MDJDGbxg,jQBPO3rYkNwIaOdQS5ktgQ,5.0,2008-06-07 22:55:33,evening,5,1,1,long,high,Saint Louis,Ice Cream & Frozen Yogurt,2,1,0
NyqoJTiKgXi1h7MDJDGbxg,y5o2VSvj42KrXrotY3GTgA,4.0,2008-06-08 03:14:00,night,6,1,1,long,high,Saint Louis,Restaurants,2,1,0
84HvpQDxcHWmbMDfs8IEYw,kq5Ghhh14r-eCxlVmlyd8w,4.0,2008-06-09 14:52:00,afternoon,0,0,0,medium,high,Philadelphia,Restaurants,1,0,1
_p5ydZPNMkyTJoPtE0QUJw,ARgidflSXPHj7uhK-Y7hwA,5.0,2008-06-09 21:53:01,evening,0,0,1,long,high,St Louis,Japanese,2,1,0
qjkOmSEFFEeWVTtsIl0aAw,nX2105_S9lUhB5rbhC2n2w,3.0,2008-06-10 19:16:51,evening,1,0,1,long,high,Saint Louis,Donuts,1,0,0
S-P2haI61umZRkGPCWrqfA,GV-e7Op4aU98xkjjoKlRhA,5.0,2008-06-10 21:32:38,evening,1,0,0,long,high,Saint Louis,Basque,2,1,1
HZRfI9weev2Vr_w0jPF8-Q,jsQQu9rVerR3OGxIa0hRQQ,4.0,2008-06-13 03:32:21,night,4,0,1,long,high,Bryn Mawr,Bars,2,1,0
ShKjMaDTPfKDuwzL5WIfgA,Z4Yfcktc-2RhNprA6l35lg,4.0,2008-06-15 04:56:07,night,6,1,0,medium,high,Sparks,Food,2,1,1
iPkdNziqnhNukjnmsrSzmg,GV-e7Op4aU98xkjjoKlRhA,5.0,2008-06-17 20:04:46,evening,1,0,1,long,high,Saint Louis,Basque,2,1,1
kmXNP537i0dyYOFF-sxtdg,1Pxg1AMf0rEn9QF__ZYoWw,3.0,2008-06-18 03:16:11,night,2,0,0,long,high,Nashville,Japanese,2,1,0
qunxFdBDVl0ordRJEPVNtQ,VeFfrEZ4iWaecrQg6Eq4cg,4.0,2008-06-19 01:56:19,night,3,0,0,long,high,Goleta,Burgers,1,1,1
iPkdNziqnhNukjnmsrSzmg,sMjjClYrGEXcTFG66qmg8A,5.0,2008-06-19 04:55:06,night,3,0,1,long,high,Columbia,Thai,2,1,1
-hKniZN2OdshWLHYuj21jQ,i7LerGjkoxNPrlJ1oJpbXw,3.0,2008-06-24 01:04:31,night,1,0,1,medium,high,Langhorne,Restaurants,2,1,0
-hKniZN2OdshWLHYuj21jQ,dBCNUSbz5-8nQNrxWo5deg,5.0,2008-06-27 23:59:06,evening,4,0,1,long,high,Southampton,Restaurants,2,1,0
-hKniZN2OdshWLHYuj21jQ,4RMHlggaIdNibPUJPVEd6w,4.0,2008-06-29 15:43:38,afternoon,6,1,1,medium,high,Philadelphia,American (New),2,1,1
m-n_AHwndmHAgZIsu52kYA,q_CK-buoiPFNDoNNU1yb1A,4.0,2008-06-30 06:33:02,night,0,0,1,long,high,Reno,Food,2,0,1
oSeE_p_gYxI82APPWJhJjg,u9XTeDl_If4U5Eixl6ys7g,4.0,2008-07-01 05:58:23,night,1,0,1,medium,high,Philadelphia,Nightlife,2,1,0
IyIsFkVY48JWa01inv-7zA,o3RGMdSY37_PX1k1vZsXpA,4.0,2008-07-01 17:50:19,afternoon,1,0,1,medium,high,Clearwater,American (New),3,1,1
qunxFdBDVl0ordRJEPVNtQ,fLk_N8vU25DNZmbU-70gkw,4.0,2008-07-02 01:41:29,night,2,0,0,long,high,Santa Barbara,Restaurants,1,1,1
-hKniZN2OdshWLHYuj21jQ,d_tRshM-w6S4QxE4VVi8tQ,3.0,2008-07-04 00:04:50,night,4,0,1,medium,high,Philadelphia,American (New),2,1,0
iPkdNziqnhNukjnmsrSzmg,HinqCyHjP0eRgoNTu-pmgQ,5.0,2008-07-04 22:25:19,evening,4,0,1,long,high,Kirkwood,Shaved Ice,1,0,0
ei8X5pyCur3d0CGb5EbnFA,HTqXI5S2XcSlh_ylx9sE6g,4.0,2008-07-07 16:32:51,afternoon,0,0,1,medium,high,Philadelphia,Food,2,0,0
5Fjs7GKqFu1Feg6-RufCuA,kkcQYuF3w5iHnHMf0EnRhQ,5.0,2008-07-10 19:13:27,evening,3,0,1,long,high,Philadelphia,Sandwiches,1,1,0
63-2PK0__Z3Zr1X-2mu1wQ,0vCsslN-TYnDeOSNT4rIfg,4.0,2008-08-18 17:21:51,afternoon,0,0,1,long,high,Carmel,Food,3,0,0
k_muz40jJaiY1PVga6NDXA,htO_nlxkEsYHzDrtbiUxew,4.0,2008-08-18 20:45:14,evening,0,0,1,long,high,Philadelphia,Restaurants,1,0,0
84HvpQDxcHWmbMDfs8IEYw,eaDZlSuVS0EY67Ke6pRP6Q,3.0,2008-08-19 12:52:07,morning,1,0,0,medium,high,Philadelphia,Malaysian,2,1,0
84HvpQDxcHWmbMDfs8IEYw,L3V21nAe-CicW2bvtNWa0g,2.0,2008-08-19 13:01:29,afternoon,1,0,0,long,high,Philadelphia,Sushi Bars,2,1,0
pxBmvgpiDMN161PwHDtsLw,qfWJmJ0g96eM_fWma3ja0g,4.0,2008-08-19 17:48:22,afternoon,1,0,1,long,high,West Chester,Seafood,2,1,1
SpuK67B0EVHX0DuMEgPq3w,pafrjSu3h0v0N8GR3ghNtQ,5.0,2008-08-19 21:11:18,evening,1,0,1,long,high,Indianapolis,Cajun/Creole,1,0,1
ALWSjow1qxW4SFFZ0ZNB6Q,AbtYqoBGuvlWmR1gU0c3XA,5.0,2008-08-20 19:07:33,evening,2,0,1,medium,high,Philadelphia,Food,2,1,0
ei8X5pyCur3d0CGb5EbnFA,3BJxm-HnvzdwD1zjmSbmyQ,1.0,2008-08-21 20:45:58,evening,3,0,1,long,high,Philadelphia,Restaurants,1,0,0
iyh0e8DUjnrnq2-kirK09g,WLiqfxv_GhFFA5sm878a2w,4.0,2008-08-22 17:36:29,afternoon,4,0,1,long,high,Tucson,Chinese,2,1,0
84HvpQDxcHWmbMDfs8IEYw,fzZxqe9XAtKrx10959x1Rg,5.0,2008-08-22 17:44:22,afternoon,4,0,0,medium,high,Philadelphia,Asian Fusion,1,0,0
63-2PK0__Z3Zr1X-2mu1wQ,4puDEkq0E27Nrq5nQiVqzg,2.0,2008-08-22 18:56:02,afternoon,4,0,1,long,high,Indianapolis,Restaurants,1,0,0
y8aWXOimQ9ZgUgZ6q--nCQ,8Ak2iPlR4fCziMQZ11ohAA,4.0,2008-08-22 21:28:11,evening,4,0,1,long,high,Philadelphia,Restaurants,3,1,0
ua6QuBe6mar6pDrhHETzJQ,GYAX9mPGYx9VfwDiuIl_9Q,3.0,2008-08-22 23:38:15,evening,4,0,1,long,high,Philadelphia,Restaurants,1,0,0
iPkdNziqnhNukjnmsrSzmg,_JXfCdMu1TFblbhJ5KT7fw,4.0,2008-08-23 03:00:42,night,5,1,1,long,high,Saint Louis,Thai,2,1,1
3n-8y4LckDDJC7MDLjX0GA,cXSyVvOr9YRN9diDkaWs0Q,4.0,2008-08-23 19:06:20,evening,5,1,1,long,high,Philadelphia,Southern,2,1,1
84HvpQDxcHWmbMDfs8IEYw,d_tRshM-w6S4QxE4VVi8tQ,3.0,2008-08-23 20:35:18,evening,5,1,0,medium,high,Philadelphia,American (New),2,1,0
B_RhT6CpAllq9NxtkpiDTA,8s1uT8dyBEUwTNeHoZntMg,4.0,2008-08-24 00:29:21,night,6,1,0,medium,high,Nashville,Restaurants,1,1,1
_BcWyKQL16ndpBdggh2kNA,aZNiVR6oAMQX5__yGPvYsg,4.0,2008-08-24 16:01:20,afternoon,6,1,1,long,high,Philadelphia,Chinese,3,1,0
_BcWyKQL16ndpBdggh2kNA,PW6C4OMpPQ_Zm7oiwNIVgw,2.0,2008-08-24 16:19:42,afternoon,6,1,1,medium,high,Philadelphia,French,2,1,1
oSeE_p_gYxI82APPWJhJjg,0zf4KKZqbqoxiuKzeZLDdg,3.0,2008-08-25 04:03:38,night,0,0,1,long,high,Philadelphia,Italian,1,0,0
oSeE_p_gYxI82APPWJhJjg,TCdNYh5tdjoNmA1WMx3ZPg,4.0,2008-08-25 06:04:07,night,0,0,1,medium,high,Philadelphia,Restaurants,1,1,1
CV8aQ9nTu4_1yKtd2D38hA,UhSVDwQFW6mKmaEA5OTU7A,1.0,2008-08-25 15:54:26,afternoon,0,0,1,long,high,Philadelphia,Vegetarian,2,0,0
u8EgqDkF24x26DCQA6KYQA,_RwlMTw9uFeOkfX9Ctf1HA,2.0,2008-08-26 16:11:08,afternoon,1,0,1,long,high,Philadelphia,American (Traditional),3,1,1
pxBmvgpiDMN161PwHDtsLw,GqUv8rF5h3ZZFfj7S9tgyQ,4.0,2008-08-26 19:30:51,evening,1,0,1,long,high,Wayne,Buffets,2,0,0
rUESL58ZoOwra3TqIpBQ3A,s3FRhtaNU8dt-mKkLKUQaQ,4.0,2008-08-26 20:19:51,evening,1,0,1,long,high,Nashville,Sushi Bars,2,1,1
bnVzSHI48lEHPaEzZNIqJg,0YiRkVMR2cg17hk9u6nGhg,4.0,2008-08-27 12:58:26,morning,2,0,0,long,high,Saint Louis,Restaurants,2,0,0
u8EgqDkF24x26DCQA6KYQA,IgNDlyLERBwFGphgcC5VDQ,3.0,2008-08-27 15:28:29,afternoon,2,0,1,long,high,Philadelphia,Sandwiches,1,0,1
B_RhT6CpAllq9NxtkpiDTA,pSmOH4a3HNNpYM82J5ycLA,4.0,2008-08-28 02:58:06,night,3,0,0,long,high,Nashville,Restaurants,2,1,0
HZRfI9weev2Vr_w0jPF8-Q,5FuQbcHTF_I7PWJzhCMObw,4.0,2008-08-28 03:13:21,night,3,0,1,medium,high,Philadelphia,Cheesesteaks,1,0,0
HZRfI9weev2Vr_w0jPF8-Q,htO_nlxkEsYHzDrtbiUxew,3.0,2008-08-28 03:32:08,night,3,0,1,medium,high,Philadelphia,Restaurants,1,0,0
_BcWyKQL16ndpBdggh2kNA,xCXGV3wEvYd4xBGx8ZRFQA,4.0,2008-08-28 13:41:45,afternoon,3,0,1,medium,high,Philadelphia,Restaurants,1,0,1
Mf2NAhMTiYk0DC0fZjhNMw,RZtGWDLCAtuipwaZ-UfjmQ,1.0,2008-08-28 18:41:43,afternoon,3,0,1,medium,high,Philadelphia,Pizza,2,1,1
aSRlObf4CsqCLzfbs2r9FA,DK7buvGqeO9p3L7F7JiaGg,2.0,2008-08-28 21:00:04,evening,3,0,1,medium,low,Norristown,Restaurants,2,1,0
rUESL58ZoOwra3TqIpBQ3A,C1D2o1VV2TDjpkG3BsdseA,2.0,2008-08-28 21:01:03,evening,3,0,1,long,high,Nashville,Tex-Mex,1,1,1
aSRlObf4CsqCLzfbs2r9FA,wITX_5zymQu_JVfn569Vpg,4.0,2008-08-29 00:55:53,night,4,0,1,medium,low,King of Prussia,Restaurants,2,0,0
eAWnP9ZeVo8kp808y-0LXA,pSmOH4a3HNNpYM82J5ycLA,4.0,2008-08-29 02:07:57,night,4,0,1,long,high,Nashville,Restaurants,2,1,0
ua6QuBe6mar6pDrhHETzJQ,d_tRshM-w6S4QxE4VVi8tQ,4.0,2008-08-31 05:50:38,night,6,1,1,short,high,Philadelphia,American (New),2,1,0
zD1T8JFx3O1Rf9aNu49rpQ,W4ZEKkva9HpAdZG88juwyQ,5.0,2008-08-31 06:35:42,night,6,1,0,medium,high,New Orleans,Bars,3,1,0
aSRlObf4CsqCLzfbs2r9FA,m7uGAvkjyI9iQaLJAmvCNQ,4.0,2008-08-31 12:15:36,morning,6,1,1,long,low,Wayne,Restaurants,2,1,0
84HvpQDxcHWmbMDfs8IEYw,FsRAHiYUERqUIeGVt49svA,3.0,2008-09-01 21:03:59,evening,0,0,0,medium,high,Philadelphia,Restaurants,1,0,0
y8aWXOimQ9ZgUgZ6q--nCQ,d_tRshM-w6S4QxE4VVi8tQ,4.0,2008-09-01 23:46:26,evening,0,0,1,medium,high,Philadelphia,American (New),2,1,0
RB1eNPEDYtrH_azM46IgUA,hUX1yAimviBIhb21D_KtcQ,2.0,2008-09-02 02:49:04,night,1,0,1,long,high,Philadelphia,Mexican,2,1,1
cO0sWpjjSyIqngT2U4oZ9Q,2zocwC7qMq3LsivPn9Z-Eg,4.0,2008-09-02 16:06:15,afternoon,1,0,1,long,high,Wayne,Restaurants,1,0,0
bnVzSHI48lEHPaEzZNIqJg,YlVb_cW3e68Q0ifNYVKuiw,5.0,2008-09-02 19:10:18,evening,1,0,0,long,high,Shrewsbury,Tapas Bars,2,1,1
bnVzSHI48lEHPaEzZNIqJg,uqXYVxIwoEsFFjEHBlMZQA,5.0,2008-09-03 16:14:54,afternoon,2,0,0,long,high,Saint Louis,Desserts,2,1,1
rUESL58ZoOwra3TqIpBQ3A,ZWRgvtyHRobwpi4G-Z4STQ,4.0,2008-09-03 20:22:40,evening,2,0,1,long,high,Nashville,Food,1,0,0
SpuK67B0EVHX0DuMEgPq3w,E-4t5Hoon6aVFTWDPz26fQ,3.0,2008-09-03 23:54:32,evening,2,0,1,long,high,Indianapolis,Restaurants,2,1,1
SpuK67B0EVHX0DuMEgPq3w,4puDEkq0E27Nrq5nQiVqzg,3.0,2008-09-04 00:30:12,night,3,0,1,long,high,Indianapolis,Restaurants,1,0,0
B_RhT6CpAllq9NxtkpiDTA,H3JjbID9Zhukpqr9uupHAA,4.0,2008-09-04 02:18:00,night,3,0,0,long,high,Nashville,Burgers,2,1,1
aSRlObf4CsqCLzfbs2r9FA,y9yUyB9qldKaibuhJkC39w,4.0,2008-09-04 21:16:54,evening,3,0,1,medium,low,Wayne,Flowers & Gifts,2,0,0
B_RhT6CpAllq9NxtkpiDTA,eWzMF5AFIAiyixTWor9uOw,3.0,2008-09-05 04:13:46,night,4,0,0,medium,high,Nashville,Event Planning & Services,2,1,0
Va1VeFo3so8d444ohkSGjg,-mq1DwgcLU96PQbmcv3jRQ,4.0,2008-09-05 16:43:59,afternoon,4,0,1,long,high,Indian Rocks Beach,Nightlife,2,1,1
B_RhT6CpAllq9NxtkpiDTA,YOkrUUey0K8Zy_FWp9gB9g,3.0,2008-09-05 21:44:52,evening,4,0,0,long,high,Nashville,Ice Cream & Frozen Yogurt,2,1,0
rUESL58ZoOwra3TqIpBQ3A,H3JjbID9Zhukpqr9uupHAA,4.0,2008-09-07 01:06:44,night,6,1,1,long,high,Nashville,Burgers,2,1,1
FlvxeXfNW8IHDYDIsHjSgg,HjLYCBxJti8V-hsP_yVZ3w,4.0,2008-09-07 03:58:07,night,6,1,1,long,high,Boise,Vegan,2,1,1
63-2PK0__Z3Zr1X-2mu1wQ,COclRBaXBjYpomS4syUmvg,5.0,2008-09-08 18:41:28,afternoon,0,0,1,long,high,Indianapolis,Restaurants,1,0,1
_BcWyKQL16ndpBdggh2kNA,3ZynJ94VpIdDlaArmEp2Rg,4.0,2008-09-08 19:28:59,evening,0,0,1,medium,high,Philadelphia,Food,2,0,1
zsIvunC1NALQe7zgpbrxcQ,COclRBaXBjYpomS4syUmvg,4.0,2008-09-08 20:37:48,evening,0,0,1,long,high,Indianapolis,Restaurants,1,0,1
rUESL58ZoOwra3TqIpBQ3A,1Pxg1AMf0rEn9QF__ZYoWw,5.0,2008-09-08 22:25:27,evening,0,0,1,long,high,Nashville,Japanese,2,1,0
ua6QuBe6mar6pDrhHETzJQ,3kiB39JzdovdlOhQj-nMCw,5.0,2008-09-09 15:24:46,afternoon,1,0,1,long,high,Philadelphia,Restaurants,1,1,0
_BcWyKQL16ndpBdggh2kNA,fzZxqe9XAtKrx10959x1Rg,4.0,2008-09-10 14:38:35,afternoon,2,0,1,long,high,Philadelphia,Asian Fusion,1,0,0
Kj-u8Yq1d3mLKitWsDAxpg,i7LerGjkoxNPrlJ1oJpbXw,1.0,2008-09-10 21:28:37,evening,2,0,1,long,high,Langhorne,Restaurants,2,1,0
rUESL58ZoOwra3TqIpBQ3A,ORL4JE6tz3rJxVqkdKfegA,4.0,2008-09-10 22:35:52,evening,2,0,1,long,high,Nashville,Venues & Event Spaces,3,1,1
n-lBS02-3yvlY5Q91mmwDA,neWdmzHgbpqSx62jynDd7A,3.0,2008-09-11 01:28:12,night,3,0,1,medium,high,New Orleans,Seafood,3,1,1
bnVzSHI48lEHPaEzZNIqJg,r5dUIJJwaChqvIjGkUJtfw,4.0,2008-09-12 02:01:10,night,4,0,0,long,high,Webster Groves,Music Venues,2,1,1
zAMpV0uFt9XpqRDFNLWPrQ,z680Aylt8wN2KAeFM1hy-A,5.0,2008-09-12 02:47:20,night,4,0,1,short,high,Indianapolis,Bars,2,1,1
SpuK67B0EVHX0DuMEgPq3w,W3pOGK9qIZJbA6CS0HRNcQ,4.0,2008-09-13 00:19:03,night,5,1,1,long,high,Indianapolis,Pizza,2,0,0
SpuK67B0EVHX0DuMEgPq3w,z680Aylt8wN2KAeFM1hy-A,4.0,2008-09-13 01:24:17,night,5,1,1,long,high,Indianapolis,Bars,2,1,1
B_RhT6CpAllq9NxtkpiDTA,C1D2o1VV2TDjpkG3BsdseA,3.0,2008-09-13 03:14:21,night,5,1,0,long,high,Nashville,Tex-Mex,1,1,1
B_RhT6CpAllq9NxtkpiDTA,1165tVWCcxFvYoHT1-I2mw,5.0,2008-09-14 02:07:23,night,6,1,0,long,high,Nashville,American (New),3,1,0
ua6QuBe6mar6pDrhHETzJQ,VRnJgj0IvxoksHppE78X2Q,2.0,2008-09-14 03:40:22,night,6,1,1,long,high,Philadelphia,Dim Sum,2,1,0
rUESL58ZoOwra3TqIpBQ3A,0BNR2_vrxuXG6I7f3Y6LZQ,4.0,2008-09-14 06:04:27,night,6,1,1,long,high,NASHVILLE,Food,2,0,0
ROzJ3UppTc8AKpSpKs-bzA,aZNiVR6oAMQX5__yGPvYsg,3.0,2008-09-14 16:04:43,afternoon,6,1,0,medium,high,Philadelphia,Chinese,3,1,0
ROzJ3UppTc8AKpSpKs-bzA,1UNorskttXSWuEcgzKzXcA,4.0,2008-09-14 17:52:20,afternoon,6,1,0,medium,high,Philadelphia,Lounges,3,1,1
df3kNNGt5nykGt4Q6MH1ew,HSyOKS1cbfNWFoRCARNfcw,3.0,2008-09-14 19:43:27,evening,6,1,1,long,high,Indianapolis,Restaurants,2,0,0
3k7GJ9_zqE14Z3IZ9M4iSA,jSr8KHVtQWgC_S_xNyrG5w,5.0,2008-09-14 21:25:05,evening,6,1,1,long,high,Edmonton,Coffee & Tea,1,0,0
B_RhT6CpAllq9NxtkpiDTA,_owHO6DTYU-XVP8jAcgZFw,4.0,2008-09-15 00:08:49,night,0,0,0,long,high,Nashville,Pizza,2,1,1
zsIvunC1NALQe7zgpbrxcQ,DeVlppoc8dPBhOCPrm4wmg,4.0,2008-09-15 15:51:05,afternoon,0,0,1,long,high,Indianapolis,American (Traditional),3,1,1
_BcWyKQL16ndpBdggh2kNA,d_tRshM-w6S4QxE4VVi8tQ,4.0,2008-09-15 23:54:29,evening,0,0,1,medium,high,Philadelphia,American (New),2,1,0
HKIFN7bin1aKtQZ9k9tRlQ,f82dhKNiUXsDVPMLqKYiIQ,4.0,2008-09-16 03:22:50,night,1,0,0,medium,high,Tucson,Restaurants,2,1,0
bnVzSHI48lEHPaEzZNIqJg,kpK6SmxIiNoGPNhlEGiL4w,5.0,2008-09-16 15:14:13,afternoon,1,0,0,long,high,Saint Louis,Italian,2,1,1
nnwBdqGHIAJQ5QX9lHOtrQ,IH_ZeeTh13jQURbh31d1Kw,4.0,2008-09-17 02:42:35,night,2,0,1,medium,high,Philadelphia,Restaurants,1,1,0
ZCVEZmTB_StK-UXA3WPVlQ,N1ZXhAVzOzbyCBPEXTaUUw,4.0,2008-09-17 19:18:45,evening,2,0,1,long,high,Philadelphia,Food Delivery Services,2,0,0
ALWSjow1qxW4SFFZ0ZNB6Q,d_tRshM-w6S4QxE4VVi8tQ,4.0,2008-09-17 19:41:49,evening,2,0,1,medium,high,Philadelphia,American (New),2,1,0
-hKniZN2OdshWLHYuj21jQ,dBCNUSbz5-8nQNrxWo5deg,5.0,2008-09-18 12:18:55,morning,3,0,1,long,high,Southampton,Restaurants,2,1,0
ou6T6K7vDEveO7BXMl1N0w,qDkbudGRfmJvf7trQZea4g,4.0,2008-09-18 17:27:41,afternoon,3,0,1,long,high,Philadelphia,Restaurants,3,1,0
rUESL58ZoOwra3TqIpBQ3A,pSmOH4a3HNNpYM82J5ycLA,3.0,2008-09-18 18:50:58,afternoon,3,0,1,long,high,Nashville,Restaurants,2,1,0
84HvpQDxcHWmbMDfs8IEYw,C_EtrXTygRX5RTUOKtO6Dg,3.0,2008-09-19 13:23:08,afternoon,4,0,0,medium,high,Philadelphia,Nightlife,2,1,1
63-2PK0__Z3Zr1X-2mu1wQ,e2__bkb8kvgEuFHZO7iScw,4.0,2008-09-21 00:12:10,night,6,1,1,long,high,Zionsville,Food,1,0,1
qunxFdBDVl0ordRJEPVNtQ,wFES5bGDiPANW13hNHnXOQ,4.0,2008-09-21 05:05:35,night,6,1,0,long,high,Santa Barbara,Sushi Bars,3,1,1
B_RhT6CpAllq9NxtkpiDTA,Up0a_4ZYoU5tTN6HXq59Lw,4.0,2008-09-22 02:15:58,night,0,0,0,long,high,Nashville,American (Traditional),1,1,0
pgQurApfbrV-rPKZKYo-Tw,xJ3NSwE0xhdtA-tB_y_rNQ,5.0,2008-09-22 06:28:04,night,0,0,1,medium,high,New Orleans,Seafood,2,1,0
zsIvunC1NALQe7zgpbrxcQ,DeVlppoc8dPBhOCPrm4wmg,4.0,2008-09-22 12:15:15,morning,0,0,1,medium,high,Indianapolis,American (Traditional),3,1,1
3n-8y4LckDDJC7MDLjX0GA,u9XTeDl_If4U5Eixl6ys7g,4.0,2008-09-22 23:42:27,evening,0,0,1,long,high,Philadelphia,Nightlife,2,1,0
fYB4nPD2Y0uXXpVo20ZrNg,-V0vIgo6196MDn_x3ZaYmA,1.0,2008-09-23 05:45:30,night,1,0,1,long,high,Philadelphia,Restaurants,2,0,0
Asx28DdgUx6vYWSxl0oOAQ,ppFCk9aQkM338Rgwpl2F5A,4.0,2008-09-23 16:52:20,afternoon,1,0,1,medium,high,Philadelphia,Restaurants,1,0,0
S_gfT9oI-vVmp-LPBdHT1A,lS1dmSXpAtQqT04eRm9kiA,4.0,2008-09-24 02:58:54,night,2,0,1,medium,high,Tucson,Restaurants,1,1,1
6WG2IGTVr-xKn0pYQZJGjw,7lwe7n-Yc-V9E_HfLAeylg,4.0,2008-09-24 03:17:21,night,2,0,1,long,high,Philadelphia,Restaurants,2,1,1
u8EgqDkF24x26DCQA6KYQA,HTqXI5S2XcSlh_ylx9sE6g,4.0,2008-09-24 13:13:00,afternoon,2,0,1,long,high,Philadelphia,Food,2,0,0
B_RhT6CpAllq9NxtkpiDTA,BWPokhrYnWdfxdaUaM6l9Q,4.0,2008-09-28 23:40:46,evening,6,1,0,long,high,Nashville,Venues & Event Spaces,3,1,1
Asx28DdgUx6vYWSxl0oOAQ,eaDZlSuVS0EY67Ke6pRP6Q,4.0,2008-09-29 03:08:23,night,0,0,1,long,high,Philadelphia,Malaysian,2,1,0
ShKjMaDTPfKDuwzL5WIfgA,sFSM33WAOHufdVa7qE8zGQ,3.0,2008-09-29 17:35:37,afternoon,0,0,0,long,high,Sparks,Burgers,2,1,0
_BcWyKQL16ndpBdggh2kNA,htO_nlxkEsYHzDrtbiUxew,5.0,2008-09-30 14:54:54,afternoon,1,0,1,long,high,Philadelphia,Restaurants,1,0,0
63-2PK0__Z3Zr1X-2mu1wQ,e9PVKENPHM1dyyTmaBP93w,4.0,2008-10-01 00:56:18,night,2,0,1,long,high,Carmel,Restaurants,3,1,1
cUk4n3GMShdIr5pLyt9PFQ,eaDZlSuVS0EY67Ke6pRP6Q,3.0,2008-10-01 20:09:58,evening,2,0,1,medium,high,Philadelphia,Malaysian,2,1,0
ua6QuBe6mar6pDrhHETzJQ,Q-prSTdggNlxAEFV88BZOw,4.0,2008-10-02 06:27:09,night,3,0,1,short,high,Philadelphia,Beer,2,1,1
cUk4n3GMShdIr5pLyt9PFQ,XahxHmkaFOAwXix2VGRAUQ,4.0,2008-10-06 18:36:09,afternoon,0,0,1,long,high,Philadelphia,Food Stands,1,0,1
ua6QuBe6mar6pDrhHETzJQ,Q-prSTdggNlxAEFV88BZOw,4.0,2008-10-06 21:28:06,evening,0,0,1,medium,high,Philadelphia,Beer,2,1,1
r3QexFIhBXBT99canAgVEg,0CLCzdedGT2DPjkYM52Tqg,4.0,2008-10-08 17:24:20,afternoon,2,0,1,long,high,Edmonton,American (Traditional),2,1,1
df3kNNGt5nykGt4Q6MH1ew,oJ4ik-4PZe6gexxW-tSmsw,2.0,2008-10-10 12:37:47,morning,4,0,1,long,high,Indianapolis,Nightlife,2,1,1
WlgB9SAzYAyHEAlawc27xg,HTqXI5S2XcSlh_ylx9sE6g,3.0,2008-10-18 07:06:21,morning,5,1,1,medium,high,Philadelphia,Food,2,0,0
84HvpQDxcHWmbMDfs8IEYw,DJJtybSWY0BygESsSrabqg,5.0,2008-10-27 21:34:24,evening,0,0,0,medium,high,Philadelphia,Breakfast & Brunch,1,0,0
uAu772KpSkb-tPFgZmU-lA,2GYg3liJ9-m6Z67L_4_BRQ,5.0,2008-12-03 04:13:43,night,2,0,1,long,high,Philadelphia,Pets,2,0,0
uAu772KpSkb-tPFgZmU-lA,aZNiVR6oAMQX5__yGPvYsg,3.0,2008-12-03 04:24:16,night,2,0,1,long,high,Philadelphia,Chinese,3,1,0
_rWCX5E8R_3Ufv9JetOtHw,ORL4JE6tz3rJxVqkdKfegA,4.0,2008-12-03 17:24:31,afternoon,2,0,1,long,high,Nashville,Venues & Event Spaces,3,1,1
_BcWyKQL16ndpBdggh2kNA,bJAY2baMKSTlWRc-QZGopQ,3.0,2008-12-04 13:49:58,afternoon,3,0,1,medium,high,Doylestown,Restaurants,2,1,1
KsTA7_Ps9NucN-VAjy4GOA,dBCNUSbz5-8nQNrxWo5deg,5.0,2008-12-04 14:32:25,afternoon,3,0,1,long,high,Southampton,Restaurants,2,1,0
ou6T6K7vDEveO7BXMl1N0w,kbbh3rkueBubhJa_QQjwpA,5.0,2008-12-04 17:43:16,afternoon,3,0,1,long,high,King of Prussia,Southern,1,0,0
u8EgqDkF24x26DCQA6KYQA,cfjXBXseOIBKKnAIVf4fMw,5.0,2008-12-05 13:37:55,afternoon,4,0,1,long,high,Philadelphia,Tea Rooms,1,0,0
_rWCX5E8R_3Ufv9JetOtHw,pSmOH4a3HNNpYM82J5ycLA,5.0,2008-12-05 17:14:01,afternoon,4,0,1,long,high,Nashville,Restaurants,2,1,0
pgQurApfbrV-rPKZKYo-Tw,vN6v8m4DO45Z4pp8yxxF_w,5.0,2008-12-05 19:32:55,evening,4,0,1,short,high,New Orleans,Vegetarian,2,1,0
pgQurApfbrV-rPKZKYo-Tw,xkgbgwTlkhzwo4ya_eIW-g,5.0,2008-12-05 19:36:34,evening,4,0,1,medium,high,Metairie,Coffee & Tea,1,0,1
EXXdXcxflkg9moppilHoCA,RZtGWDLCAtuipwaZ-UfjmQ,3.0,2008-12-05 19:45:00,evening,4,0,1,medium,high,Philadelphia,Pizza,2,1,1
y8aWXOimQ9ZgUgZ6q--nCQ,cfjXBXseOIBKKnAIVf4fMw,4.0,2008-12-05 20:36:16,evening,4,0,1,long,high,Philadelphia,Tea Rooms,1,0,0
zAMpV0uFt9XpqRDFNLWPrQ,FLvsHSO09AY5BlaibUkLzw,5.0,2008-12-05 21:45:02,evening,4,0,1,medium,high,Greenwood,Department Stores,1,0,0
zAMpV0uFt9XpqRDFNLWPrQ,dM5OKNzk9AL2aiq-fV-SYg,5.0,2008-12-05 21:52:01,evening,4,0,1,medium,high,Brownsburg,Discount Store,1,0,0
cPN4Kkk6UDTXCynsp_-7KQ,5iuo1kvv0XZMS0bUOoLz2Q,3.0,2008-12-06 15:03:49,afternoon,5,1,0,medium,high,Philadelphia,Restaurants,2,1,0
3n-8y4LckDDJC7MDLjX0GA,pP4q0Mym-qt20nRqTKbzhQ,4.0,2008-12-06 17:05:48,afternoon,5,1,1,medium,high,Philadelphia,Steakhouses,4,1,0
3n-8y4LckDDJC7MDLjX0GA,qDkbudGRfmJvf7trQZea4g,3.0,2008-12-06 17:10:40,afternoon,5,1,1,medium,high,Philadelphia,Restaurants,3,1,0
xyFtRXaTjhStZB3Zb9uFvA,vzvm7_QXEDaMTxMOKLBNyQ,3.0,2008-12-07 05:17:36,night,6,1,1,medium,high,Tucson,Vegetarian,1,1,0
gZcxXnogU1O-gPTbqqtMYw,f4vbnGoGo3eWorVekctVGQ,4.0,2008-12-07 21:34:09,evening,6,1,1,medium,high,New Orleans,Restaurants,2,0,1
aSRlObf4CsqCLzfbs2r9FA,2XYPFRm7teCUr3eGsB2-qw,5.0,2008-12-07 22:43:31,evening,6,1,1,long,low,Blue Bell,Thai,2,0,1
ei8X5pyCur3d0CGb5EbnFA,cXSyVvOr9YRN9diDkaWs0Q,5.0,2008-12-08 17:16:03,afternoon,0,0,1,long,high,Philadelphia,Southern,2,1,1
ismefElz3DjrkRbtHATz-g,_owHO6DTYU-XVP8jAcgZFw,4.0,2008-12-09 14:17:49,afternoon,1,0,0,long,high,Nashville,Pizza,2,1,1
KsTA7_Ps9NucN-VAjy4GOA,9Pvwx_IfQgQL4ykmlGV6yA,2.0,2008-12-09 16:34:27,afternoon,1,0,1,long,high,Plymouth Meeting,Asian Fusion,2,1,1
EXXdXcxflkg9moppilHoCA,yDHINEt7By47My7x4Mb8oA,4.0,2008-12-09 16:48:57,afternoon,1,0,1,long,high,West Conshohocken,Salad,2,1,1
vLxpEHKZFzv8LYY5eeGjTg,4puDEkq0E27Nrq5nQiVqzg,2.0,2008-12-09 19:24:02,evening,1,0,1,long,high,Indianapolis,Restaurants,1,0,0
ou6T6K7vDEveO7BXMl1N0w,zmpRwOqxaajeh2YvAKxLaQ,4.0,2008-12-10 13:10:53,afternoon,2,0,1,long,high,King Of Prussia,Restaurants,4,1,0
_rWCX5E8R_3Ufv9JetOtHw,ZWRgvtyHRobwpi4G-Z4STQ,3.0,2008-12-11 03:52:05,night,3,0,1,long,high,Nashville,Food,1,0,0
oXHd9HUOGd9Lk_3nUNDYVA,cXSyVvOr9YRN9diDkaWs0Q,5.0,2008-12-11 16:22:40,afternoon,3,0,1,long,high,Philadelphia,Southern,2,1,1
ALWSjow1qxW4SFFZ0ZNB6Q,0zf4KKZqbqoxiuKzeZLDdg,4.0,2008-12-11 18:09:08,afternoon,3,0,1,medium,high,Philadelphia,Italian,1,0,0
EXXdXcxflkg9moppilHoCA,zmpRwOqxaajeh2YvAKxLaQ,4.0,2008-12-12 14:44:56,afternoon,4,0,1,long,high,King Of Prussia,Restaurants,4,1,0
uAu772KpSkb-tPFgZmU-lA,O286wXm4mcznQn_1JieD1g,3.0,2008-12-13 00:28:49,night,5,1,1,long,high,Philadelphia,Event Planning & Services,3,0,0
0oWnBfUjAv7ZmTWaW8Ufdg,nl_La1sCrZG0xq0HNt4WsQ,3.0,2008-12-14 03:10:29,night,6,1,1,medium,high,Philadelphia,Restaurants,1,1,0
nnImk681KaRqUVHlSfZjGQ,Mha77MN_BYGB-w7DONZ5YA,4.0,2008-12-14 22:43:51,evening,6,1,1,long,high,Tampa,Peruvian,1,0,0
qunxFdBDVl0ordRJEPVNtQ,CYwC5OjwCN6ib_AQDxi3Ow,3.0,2008-12-16 01:14:05,night,1,0,0,long,high,Goleta,Restaurants,1,0,0
ei8X5pyCur3d0CGb5EbnFA,DRr5xdfHtqgWfhmdTU1B8Q,3.0,2008-12-17 14:53:15,afternoon,2,0,1,long,high,Philadelphia,Breakfast & Brunch,2,1,1
uKZaU4nnY9EI8Ir7BSA5nA,cfjXBXseOIBKKnAIVf4fMw,4.0,2008-12-17 20:45:58,evening,2,0,1,long,high,Philadelphia,Tea Rooms,1,0,0
EXXdXcxflkg9moppilHoCA,wITX_5zymQu_JVfn569Vpg,4.0,2008-12-19 16:06:49,afternoon,4,0,1,medium,high,King of Prussia,Restaurants,2,0,0
ou6T6K7vDEveO7BXMl1N0w,m7uGAvkjyI9iQaLJAmvCNQ,4.0,2008-12-19 17:31:35,afternoon,4,0,1,long,high,Wayne,Restaurants,2,1,0
84HvpQDxcHWmbMDfs8IEYw,_hsEJv3KtH5Vwp2b14wCAQ,4.0,2008-12-20 12:51:33,morning,5,1,0,long,high,Philadelphia,Restaurants,2,1,0
3k7GJ9_zqE14Z3IZ9M4iSA,Iur3GHkwb4mJfrPhy_-48g,4.0,2008-12-20 20:26:05,evening,5,1,1,long,high,Edmonton,Restaurants,2,1,0
ismefElz3DjrkRbtHATz-g,ZWRgvtyHRobwpi4G-Z4STQ,4.0,2008-12-21 17:45:37,afternoon,6,1,0,long,high,Nashville,Food,1,0,0
ismefElz3DjrkRbtHATz-g,37BpNvlEAT6WVGsksrHbBQ,4.0,2008-12-21 18:09:34,afternoon,6,1,0,long,high,Nashville,Sushi Bars,2,1,1
df3kNNGt5nykGt4Q6MH1ew,8K_iq2Hvqln7RggyY5L0AA,3.0,2008-12-22 13:26:24,afternoon,0,0,1,long,high,Indianapolis,Restaurants,1,0,0
YR7atQMrq-7d_JyLY-WI6Q,14ZGwnDyydXdSBsLXpSUrA,5.0,2008-12-24 11:20:57,morning,2,0,1,long,high,Philadelphia,Vietnamese,2,1,1
YR7atQMrq-7d_JyLY-WI6Q,AY1SyySRyTnBwBdf7qfGxQ,4.0,2008-12-24 11:29:55,morning,2,0,1,medium,high,Philadelphia,Grocery,2,0,0
mqBWACmaHflW4eh_Ofp16Q,dBCNUSbz5-8nQNrxWo5deg,4.0,2008-12-24 22:21:59,evening,2,0,0,long,low,Southampton,Restaurants,2,1,0
_rWCX5E8R_3Ufv9JetOtHw,s3FRhtaNU8dt-mKkLKUQaQ,3.0,2008-12-25 21:24:11,evening,3,0,1,long,high,Nashville,Sushi Bars,2,1,1
_rWCX5E8R_3Ufv9JetOtHw,vOgQnvKbE4nMopFTjoL8Gg,4.0,2008-12-25 21:35:37,evening,3,0,1,long,high,Nashville,Lounges,3,1,1
Jt3GylPuH64uA3zTdbMdCg,rKmGMZfuJFopDcV0gZ9jkg,5.0,2008-12-27 15:36:22,afternoon,5,1,1,long,high,Furlong,Diners,2,0,0
Jt3GylPuH64uA3zTdbMdCg,dERS4qwl9v-Gwft-Ug8APA,4.0,2008-12-27 15:43:53,afternoon,5,1,1,long,high,Jenkintown,Restaurants,2,0,1
ismefElz3DjrkRbtHATz-g,eWzMF5AFIAiyixTWor9uOw,3.0,2008-12-27 19:07:12,evening,5,1,0,long,high,Nashville,Event Planning & Services,2,1,0
ismefElz3DjrkRbtHATz-g,s3FRhtaNU8dt-mKkLKUQaQ,3.0,2008-12-27 19:09:23,evening,5,1,0,long,high,Nashville,Sushi Bars,2,1,1
ismefElz3DjrkRbtHATz-g,pSmOH4a3HNNpYM82J5ycLA,3.0,2008-12-27 19:24:57,evening,5,1,0,long,high,Nashville,Restaurants,2,1,0
zD1T8JFx3O1Rf9aNu49rpQ,cXSyVvOr9YRN9diDkaWs0Q,4.0,2008-12-28 23:33:04,evening,6,1,0,short,high,Philadelphia,Southern,2,1,1
A_BF2dDDUTKGVXrqxO9mag,VRnJgj0IvxoksHppE78X2Q,3.0,2008-12-29 03:53:45,night,0,0,1,long,high,Philadelphia,Dim Sum,2,1,0
HZRfI9weev2Vr_w0jPF8-Q,ioAcpe5KRvacB2lna-wdaw,4.0,2008-12-29 16:20:07,afternoon,0,0,1,medium,high,Ardmore,Restaurants,2,0,1
FZQXGfmkMASFWq3JnuQZqg,UakVMT3xrpbFB2pHdxPjnw,4.0,2008-12-30 01:23:05,night,1,0,1,long,high,Dunedin,Bars,2,1,1
_rWCX5E8R_3Ufv9JetOtHw,H3JjbID9Zhukpqr9uupHAA,3.0,2008-12-30 02:28:20,night,1,0,1,long,high,Nashville,Burgers,2,1,1
S_gfT9oI-vVmp-LPBdHT1A,B10mqANgHvL8gBteo1UhAA,4.0,2008-12-30 16:54:58,afternoon,1,0,1,medium,high,Tucson,Restaurants,2,1,1
S_gfT9oI-vVmp-LPBdHT1A,CA5BOxKRDPGJgdUQ8OUOpw,5.0,2008-12-30 17:15:24,afternoon,1,0,1,medium,high,Tucson,Grocery,2,1,1
_rWCX5E8R_3Ufv9JetOtHw,hmmiyt6KljD5G3a861qsKw,4.0,2009-01-01 17:51:29,afternoon,3,0,1,long,high,Nashville,Ethnic Food,1,0,0
nnImk681KaRqUVHlSfZjGQ,rdiB9Aye9-gkwd2hnckWHQ,2.0,2009-01-01 20:43:53,evening,3,0,1,medium,high,Brandon,Korean,2,1,0
QhzzVcCXetK2hCctHsMzmg,PBtZNTQl5tRReeC8It1G7g,3.0,2009-01-02 17:29:12,afternoon,4,0,0,long,high,Safety Harbor,Restaurants,3,1,1
8gc8dZzfHuH1Q2tf8cz3EQ,WjsuXPWARyEYSesvfLVYkg,4.0,2009-01-02 23:05:26,evening,4,0,1,long,high,Thorofare,Breakfast & Brunch,1,0,0
ismefElz3DjrkRbtHATz-g,H3JjbID9Zhukpqr9uupHAA,2.0,2009-01-04 00:59:25,night,6,1,0,long,high,Nashville,Burgers,2,1,1
ismefElz3DjrkRbtHATz-g,7BiIK58dZNSICPN4n4qWmw,3.0,2009-01-04 01:15:04,night,6,1,0,long,high,Nashville,Japanese,2,1,0
MT65fT216MAENAaY-SIV-g,8-AIbFaP6GP9BwHZdclBog,5.0,2009-01-04 02:33:45,night,6,1,1,long,high,Cherry Hill,Specialty Food,3,0,0
y6SzYr7xpMmpobNmWaTZTQ,vN6v8m4DO45Z4pp8yxxF_w,4.0,2009-01-04 03:49:55,night,6,1,1,medium,high,New Orleans,Vegetarian,2,1,0
Jt3GylPuH64uA3zTdbMdCg,wITX_5zymQu_JVfn569Vpg,5.0,2009-01-06 09:45:14,morning,1,0,1,long,high,King of Prussia,Restaurants,2,0,0
Jt3GylPuH64uA3zTdbMdCg,YPnksHT2DQA0AhcxP6udxw,3.0,2009-01-06 09:51:59,morning,1,0,1,medium,high,King of Prussia,Restaurants,1,0,0
Qa2NoSc6DphQArihBgY9Gg,bXjnfT69E8DJinX-ifOofA,3.0,2009-01-07 01:55:47,night,2,0,1,long,high,Tucson,Chicken Wings,1,1,0
y8aWXOimQ9ZgUgZ6q--nCQ,JUlsvVAvZvGHWFfkKm0nlg,5.0,2009-01-08 00:53:22,night,3,0,1,long,high,Philadelphia,Mexican,2,1,1
Qa2NoSc6DphQArihBgY9Gg,NesMl0Tiq1FsPoX2LzHkNg,3.0,2009-01-09 00:55:00,night,4,0,1,long,high,Tucson,Cheesesteaks,1,1,1
Yl4W33ShuKg0IBOZqZfQcw,s3FRhtaNU8dt-mKkLKUQaQ,1.0,2009-01-09 19:46:45,evening,4,0,1,long,high,Nashville,Sushi Bars,2,1,1
47oIw-CN1guUKx2_vUdsgw,Tq5jFk_BMSJG8-flqj5Bgw,5.0,2009-01-09 23:07:36,evening,4,0,1,medium,high,University City,Salad,2,1,1
47oIw-CN1guUKx2_vUdsgw,nRKndeZLQ3eDL10UMwS2rQ,3.0,2009-01-09 23:30:02,evening,4,0,1,medium,high,Saint Louis,Ice Cream & Frozen Yogurt,1,0,0
yon21mgAit4FGUZVWs_yfw,h6IzeUVASeDtvKhd2PEsKA,3.0,2009-01-10 00:27:59,night,5,1,1,medium,high,New Orleans,Food,2,0,0
_BcWyKQL16ndpBdggh2kNA,_PQzeo8P2sGczzFEifrK-Q,5.0,2009-01-12 14:20:13,afternoon,0,0,1,medium,high,Philadelphia,Food,2,0,0
nnwBdqGHIAJQ5QX9lHOtrQ,eaDZlSuVS0EY67Ke6pRP6Q,3.0,2009-01-12 14:44:15,afternoon,0,0,1,long,high,Philadelphia,Malaysian,2,1,0
pgQurApfbrV-rPKZKYo-Tw,D73evJ9PZKxO3E5TaThe3w,4.0,2009-01-13 00:35:13,night,1,0,1,medium,high,New Orleans,Tex-Mex,2,1,1
0Igx-a1wAstiBDerGxXk2A,jLerIZFpe25jOUf722qzBA,4.0,2009-01-14 20:00:48,evening,2,0,1,medium,high,New Orleans,Coffee & Tea,2,1,1
WlgB9SAzYAyHEAlawc27xg,IgNDlyLERBwFGphgcC5VDQ,1.0,2009-01-14 23:57:55,evening,2,0,1,long,high,Philadelphia,Sandwiches,1,0,1
_BcWyKQL16ndpBdggh2kNA,uMT7H0shZK4-pQ_J2qMEWA,4.0,2009-01-20 19:46:57,evening,1,0,1,medium,high,Philadelphia,Grocery,1,0,0
ZCVEZmTB_StK-UXA3WPVlQ,Shywx8-jqV1IxwLaefbcSA,3.0,2009-02-03 11:43:52,morning,1,0,1,medium,high,Philadelphia,Food,1,0,0
0Igx-a1wAstiBDerGxXk2A,D73evJ9PZKxO3E5TaThe3w,3.0,2009-03-01 05:52:05,night,6,1,1,medium,high,New Orleans,Tex-Mex,2,1,1
WxfcSFiz7U8roEBcZ21JPA,MaYb7qMN6BomP1zQGj3Wjg,4.0,2009-03-02 00:11:45,night,0,0,0,short,low,Saint Louis,Nightlife,2,1,1
WxfcSFiz7U8roEBcZ21JPA,YlVb_cW3e68Q0ifNYVKuiw,5.0,2009-03-02 00:17:29,night,0,0,0,medium,low,Shrewsbury,Tapas Bars,2,1,1
WxfcSFiz7U8roEBcZ21JPA,JgTSG4rIDf20Kgp6U_asng,4.0,2009-03-02 00:21:16,night,0,0,0,medium,low,St. Louis,Pizza,2,1,0
7ktyPHE-NGnWxarOqjIQiQ,DRr5xdfHtqgWfhmdTU1B8Q,3.0,2009-03-02 01:21:40,night,0,0,1,long,high,Philadelphia,Breakfast & Brunch,2,1,1
CV8aQ9nTu4_1yKtd2D38hA,JUlsvVAvZvGHWFfkKm0nlg,5.0,2009-03-02 01:41:00,night,0,0,1,long,high,Philadelphia,Mexican,2,1,1
7ktyPHE-NGnWxarOqjIQiQ,CinrOH8rMB2hEvPY_iFOHA,1.0,2009-03-02 02:05:49,night,0,0,1,long,high,Philadelphia,Restaurants,2,1,0
oXHd9HUOGd9Lk_3nUNDYVA,kkcQYuF3w5iHnHMf0EnRhQ,5.0,2009-03-03 22:06:50,evening,1,0,1,long,high,Philadelphia,Sandwiches,1,1,0
1bEllN7PwMVH10U0fXBZMg,d_tRshM-w6S4QxE4VVi8tQ,3.0,2009-03-04 02:46:04,night,2,0,1,medium,high,Philadelphia,American (New),2,1,0
HW-QgyCq4DzUQCFRaYn6Fg,4_W5pstoN1166TGjjPOrMg,4.0,2009-03-05 16:05:51,afternoon,3,0,1,long,high,Philadelphia,American (Traditional),2,1,1
HW-QgyCq4DzUQCFRaYn6Fg,pj8Y-5vfbRitnnm2xJFH9w,2.0,2009-03-05 17:05:55,afternoon,3,0,1,long,high,Philadelphia,Caribbean,2,1,1
zsIvunC1NALQe7zgpbrxcQ,pafrjSu3h0v0N8GR3ghNtQ,4.0,2009-03-05 20:58:33,evening,3,0,1,medium,high,Indianapolis,Cajun/Creole,1,0,1
oXHd9HUOGd9Lk_3nUNDYVA,vCHNWdW-ys-nWUx3Cpvk8Q,4.0,2009-03-06 02:51:35,night,4,0,1,long,high,Philadelphia,Bakeries,2,1,0
_BcWyKQL16ndpBdggh2kNA,PjknD8uD_0tisZQbomiYoQ,2.0,2009-03-06 17:20:46,afternoon,4,0,1,medium,high,Philadelphia,Restaurants,1,0,0
36rYo-dZTwy8LUlmimgdbg,Bw0cpnfI-Y9QmjWzqS-oFg,5.0,2009-03-06 19:44:56,evening,4,0,1,long,high,Philadelphia,Restaurants,2,0,1
pxBmvgpiDMN161PwHDtsLw,jsQQu9rVerR3OGxIa0hRQQ,4.0,2009-03-06 19:52:09,evening,4,0,1,long,high,Bryn Mawr,Bars,2,1,0
0Igx-a1wAstiBDerGxXk2A,x4XDkWR9fgP4TItqMr8A8A,5.0,2009-03-07 19:56:43,evening,5,1,1,medium,high,New Orleans,Food,2,0,0
agQIzYCb8Qc5f8a1JEb5og,USyJiGIvZ8fHjRVaVTu1Zw,4.0,2009-03-08 20:12:33,evening,6,1,1,short,high,Philadelphia,Restaurants,1,0,0
y3Wtx1pOvTiqsJRkjceXiw,04UD14gamNjLY0IDYVhHJg,3.0,2009-03-09 03:27:44,night,0,0,1,long,high,Philadelphia,Mediterranean,2,1,0
YR7atQMrq-7d_JyLY-WI6Q,DRr5xdfHtqgWfhmdTU1B8Q,2.0,2009-03-09 18:42:19,afternoon,0,0,1,long,high,Philadelphia,Breakfast & Brunch,2,1,1
YR7atQMrq-7d_JyLY-WI6Q,14ZGwnDyydXdSBsLXpSUrA,5.0,2009-03-09 18:50:09,afternoon,0,0,1,long,high,Philadelphia,Vietnamese,2,1,1
EXXdXcxflkg9moppilHoCA,wUnLSg_GKfEIQ5CQQ770_g,5.0,2009-03-09 22:51:12,evening,0,0,1,long,high,Philadelphia,Italian,4,1,1
zAMpV0uFt9XpqRDFNLWPrQ,DeVlppoc8dPBhOCPrm4wmg,5.0,2009-03-10 03:16:06,night,1,0,1,short,high,Indianapolis,American (Traditional),3,1,1
FjmgJIvYxt5TTJSToiPn8g,t1qF12NdW8KvCqxqbvy-Hg,4.0,2009-03-10 03:32:08,night,1,0,0,long,high,New Orleans,Breakfast & Brunch,1,1,1
gBpxjo01cpY_5stvzru46Q,htO_nlxkEsYHzDrtbiUxew,5.0,2009-03-12 20:18:37,evening,3,0,1,medium,high,Philadelphia,Restaurants,1,0,0
CV8aQ9nTu4_1yKtd2D38hA,cDekcTE1qwpz8ROlYixhqg,5.0,2009-03-13 14:54:55,afternoon,4,0,1,long,high,Philadelphia,Shopping,2,0,0
riWDgbauId8TK7YFVgMNJw,Y2NFeGtConx1qciSPKcRlA,3.0,2009-03-13 17:40:21,afternoon,4,0,1,long,high,New Orleans,Restaurants,2,1,1
gBpxjo01cpY_5stvzru46Q,cNfeKIYIv07oxqVozMbjpw,3.0,2009-03-13 22:22:13,evening,4,0,1,medium,high,Philadelphia,Sandwiches,2,1,1
gBpxjo01cpY_5stvzru46Q,sdWuLh-auc0nC2Jy6_26AQ,3.0,2009-03-13 23:18:19,evening,4,0,1,short,high,Philadelphia,Bars,2,1,0
4wFZgzj4DXB3Mn7Q1WLhXg,1-z7wd860Rii4kbEMCT8DA,1.0,2009-03-14 05:06:58,night,5,1,1,long,high,Boise,Breakfast & Brunch,2,1,0
4wFZgzj4DXB3Mn7Q1WLhXg,PwcYNxBGzefCM1ofAMZJ9Q,5.0,2009-03-14 05:15:54,night,5,1,1,long,high,Boise,Restaurants,1,0,0
90LRTAl9knIOAN_HwHqcBQ,JUlsvVAvZvGHWFfkKm0nlg,4.0,2009-03-15 15:33:59,afternoon,6,1,1,long,high,Philadelphia,Mexican,2,1,1
XQk-XZKwNim2fsc8_LHksA,cXSyVvOr9YRN9diDkaWs0Q,5.0,2009-03-16 02:34:09,night,0,0,1,long,high,Philadelphia,Southern,2,1,1
Asx28DdgUx6vYWSxl0oOAQ,-ATiAtTikuGuqvaW2O6tNA,4.0,2009-03-16 03:37:22,night,0,0,1,long,high,Philadelphia,Sandwiches,2,1,1
ei8X5pyCur3d0CGb5EbnFA,O286wXm4mcznQn_1JieD1g,3.0,2009-03-16 17:22:27,afternoon,0,0,1,long,high,Philadelphia,Event Planning & Services,3,0,0
IlbqI2QmRgT-QnjAnv7Y_g,1UNorskttXSWuEcgzKzXcA,4.0,2009-03-16 17:27:24,afternoon,0,0,1,long,high,Philadelphia,Lounges,3,1,1
5Fjs7GKqFu1Feg6-RufCuA,SVV1VmybJGXGge6nFuHy_A,5.0,2009-03-16 19:55:54,evening,0,0,1,long,high,Philadelphia,Specialty Food,3,0,0
fiU7TnWwHFlhD259ur0bEw,vCHNWdW-ys-nWUx3Cpvk8Q,4.0,2009-03-17 00:34:03,night,1,0,1,long,high,Philadelphia,Bakeries,2,1,0
5Fjs7GKqFu1Feg6-RufCuA,_XqG090bh8QAELm4GvN4iQ,5.0,2009-03-18 13:53:27,afternoon,2,0,1,short,high,Philadelphia,Salad,1,0,0
8ybqiIIq9AWe4AmrQEq8qA,tNnVxOC_9p8UK3N_2-yCtQ,2.0,2009-03-21 14:29:44,afternoon,5,1,0,long,high,Cherry Hill,Korean,2,0,0
ytqI9hBiB17L2nUCYbuI5Q,4fQPIhCh2bUJBZcxQlLGFQ,3.0,2009-03-21 20:53:45,evening,5,1,0,long,high,Carmel,Buffets,1,0,0
K97i0e7MaxYfvCCwPFMjuw,4_W5pstoN1166TGjjPOrMg,3.0,2009-03-22 22:13:30,evening,6,1,1,long,high,Philadelphia,American (Traditional),2,1,1
K97i0e7MaxYfvCCwPFMjuw,hUX1yAimviBIhb21D_KtcQ,3.0,2009-03-22 22:21:02,evening,6,1,1,long,high,Philadelphia,Mexican,2,1,1
RgDVC3ZUBqpEe6Y1kPhIpw,eaDZlSuVS0EY67Ke6pRP6Q,4.0,2009-03-23 19:34:15,evening,0,0,1,long,high,Philadelphia,Malaysian,2,1,0
IlbqI2QmRgT-QnjAnv7Y_g,n5P6-HWN3kFSYBxfVfDxEg,4.0,2009-03-24 18:22:32,afternoon,1,0,1,long,high,Clearwater Beach,Hotels & Travel,2,1,1
nn7aw-T8v1R4lNp3noRhnw,14ZGwnDyydXdSBsLXpSUrA,5.0,2009-03-24 18:35:06,afternoon,1,0,0,long,high,Philadelphia,Vietnamese,2,1,1
nnwBdqGHIAJQ5QX9lHOtrQ,F8yozE3NWnImNApHO347gQ,3.0,2009-03-28 02:06:41,night,5,1,1,long,high,Philadelphia,Restaurants,2,1,1
agQIzYCb8Qc5f8a1JEb5og,lRbHFOIFuusN2WOR_ypQ_A,5.0,2009-03-28 17:45:44,afternoon,5,1,1,long,high,Philadelphia,Restaurants,2,0,0
agQIzYCb8Qc5f8a1JEb5og,rQW9iupvhk6ScPn2VPNLVQ,4.0,2009-03-28 17:51:15,afternoon,5,1,1,medium,high,Philadelphia,Food Trucks,1,0,0
fiU7TnWwHFlhD259ur0bEw,JUlsvVAvZvGHWFfkKm0nlg,3.0,2009-03-28 19:05:04,evening,5,1,1,long,high,Philadelphia,Mexican,2,1,1
EMJjstNBGfIlJbooOO1i_g,joeRm-_7T0XTkMdKo2nbaA,5.0,2009-03-29 19:00:29,evening,6,1,0,medium,high,Wayne,Restaurants,1,0,1
RgDVC3ZUBqpEe6Y1kPhIpw,JUlsvVAvZvGHWFfkKm0nlg,4.0,2009-03-30 23:28:50,evening,0,0,1,long,high,Philadelphia,Mexican,2,1,1
0Igx-a1wAstiBDerGxXk2A,q39t6-a47CLf1RTyqu9CYg,4.0,2009-04-05 03:59:43,night,6,1,1,medium,high,New Orleans,Japanese,2,1,1
-hKniZN2OdshWLHYuj21jQ,psI9u_iVuWFcchWheFAySA,4.0,2009-04-06 12:56:55,morning,0,0,1,long,high,Ardmore,Restaurants,2,1,1
XrFCag4AMW5qta9QXokWPA,Iv8-bf_PC-wGn5alDpaABg,4.0,2009-04-08 19:00:04,evening,2,0,1,medium,high,Saint Louis,Restaurants,1,1,1
-ZHlPAvlVdgtiu6DiCq7Yg,ioxgFKdqjRowAj4dFM7VoA,4.0,2009-04-17 16:03:02,afternoon,4,0,1,medium,high,Indianapolis,Cuban,2,0,1
Asx28DdgUx6vYWSxl0oOAQ,-4dYswJy7SPcbcERvitmIg,1.0,2009-04-21 20:27:51,evening,1,0,1,long,high,Philadelphia,Food,2,0,0
ou6T6K7vDEveO7BXMl1N0w,GqUv8rF5h3ZZFfj7S9tgyQ,3.0,2009-05-19 17:26:01,afternoon,1,0,1,long,high,Wayne,Buffets,2,0,0
ShKjMaDTPfKDuwzL5WIfgA,6dDC5PSmPEoJYuM8r8dN_A,4.0,2009-05-19 18:10:25,afternoon,1,0,0,medium,high,Reno,Food,3,1,0
gZcxXnogU1O-gPTbqqtMYw,z3REVRkZbxW9SUfy11mJPw,2.0,2009-05-20 01:24:36,night,2,0,1,long,high,New Orleans,Food,2,1,1
P-7VidyXqOGd6zBnT85pDA,RhuYqAT45uIR2NNdDsolXQ,5.0,2009-05-21 14:19:14,afternoon,3,0,1,long,high,Tucson,Restaurants,1,0,0
XrFCag4AMW5qta9QXokWPA,_aKr7POnacW_VizRKBpCiA,5.0,2009-05-21 18:12:33,afternoon,3,0,1,long,high,Saint Louis,Delis,1,1,0
rAIBoxoBz0TF7f8036JGJw,s3FRhtaNU8dt-mKkLKUQaQ,1.0,2009-05-21 18:39:33,afternoon,3,0,1,long,high,Nashville,Sushi Bars,2,1,1
iPkdNziqnhNukjnmsrSzmg,vuAI70USd3my2Kb9_9zajw,3.0,2009-05-21 21:16:12,evening,3,0,1,long,high,Saint Louis,Restaurants,2,1,1
0Igx-a1wAstiBDerGxXk2A,d8-6CFDv66xJ7bBjyZJUDQ,5.0,2009-05-22 03:46:47,night,4,0,1,medium,high,New Orleans,Jazz & Blues,1,1,0
cUk4n3GMShdIr5pLyt9PFQ,F8yozE3NWnImNApHO347gQ,5.0,2009-05-22 13:59:43,afternoon,4,0,1,long,high,Philadelphia,Restaurants,2,1,1
DDJliZbj8VYfwikMQWbrBA,c7OfNRMIqAhtNOMEat3Rbg,4.0,2009-05-22 18:28:33,afternoon,4,0,1,long,high,Newtown Square,Italian,2,0,1
o3Xs5Sm_jZiRJam0ucjUhQ,_aKr7POnacW_VizRKBpCiA,5.0,2009-05-23 22:03:20,evening,5,1,1,long,low,Saint Louis,Delis,1,1,0
Jt3GylPuH64uA3zTdbMdCg,nl_La1sCrZG0xq0HNt4WsQ,5.0,2009-05-24 13:54:53,afternoon,6,1,1,medium,high,Philadelphia,Restaurants,1,1,0
o3Xs5Sm_jZiRJam0ucjUhQ,62pABDhLkUPAcNgxum_mpw,4.0,2009-05-24 17:13:25,afternoon,6,1,1,long,low,Saint Louis,Restaurants,3,1,1
o3Xs5Sm_jZiRJam0ucjUhQ,p7UGlPkE3Gagm9Mq7aHfYg,4.0,2009-05-24 17:26:21,afternoon,6,1,1,long,low,Saint Louis,Food,1,0,1
cJCiN7dtlGLW2-zApamFQA,kpK6SmxIiNoGPNhlEGiL4w,4.0,2009-05-24 23:59:16,evening,6,1,1,long,high,Saint Louis,Italian,2,1,1
UXcOSMHZM2RPWTgjQbKDJg,Q-prSTdggNlxAEFV88BZOw,5.0,2009-05-26 15:39:48,afternoon,1,0,1,long,high,Philadelphia,Beer,2,1,1
enaHB1e956thdnafcHVAig,zmpRwOqxaajeh2YvAKxLaQ,5.0,2009-05-26 18:28:19,afternoon,1,0,1,long,high,King Of Prussia,Restaurants,4,1,0
Mf2NAhMTiYk0DC0fZjhNMw,JUlsvVAvZvGHWFfkKm0nlg,2.0,2009-05-26 22:45:26,evening,1,0,1,medium,high,Philadelphia,Mexican,2,1,1
Mf2NAhMTiYk0DC0fZjhNMw,cNfeKIYIv07oxqVozMbjpw,3.0,2009-05-26 23:05:47,evening,1,0,1,medium,high,Philadelphia,Sandwiches,2,1,1
iPkdNziqnhNukjnmsrSzmg,A0zZI5AnaeK4-vKoc9ABmg,5.0,2009-05-27 20:38:00,evening,2,0,1,long,high,O Fallon,Thai,2,1,1
KwC7I2KR-HlEb3KSH4a0bw,hy5GpGXAna-5qrb3zNub6g,3.0,2009-05-27 21:08:53,evening,2,0,0,long,low,Mt. Laurel,Mexican,2,1,1
KwC7I2KR-HlEb3KSH4a0bw,Wt1W6qwCvna1KzIuJRJbwA,5.0,2009-05-27 21:48:30,evening,2,0,0,long,low,Glassboro,Japanese,2,0,0
XrFCag4AMW5qta9QXokWPA,RKVZbcCKNcAM5Jk_cV7I9A,4.0,2009-05-28 13:47:42,afternoon,3,0,1,long,high,Saint Louis,American (New),2,1,1
K97i0e7MaxYfvCCwPFMjuw,F8yozE3NWnImNApHO347gQ,4.0,2009-05-28 15:30:06,afternoon,3,0,1,long,high,Philadelphia,Restaurants,2,1,1
KwC7I2KR-HlEb3KSH4a0bw,zrd6bulYNAKhCdSVtJ8aXQ,4.0,2009-05-28 18:09:04,afternoon,3,0,0,long,low,Sicklerville,American (Traditional),2,1,0
KwC7I2KR-HlEb3KSH4a0bw,y_JZFlF-4fwSIn4RJ2vMGw,5.0,2009-05-29 00:23:42,night,4,0,0,long,low,Philadelphia,Desserts,1,0,1
x6erNzhuM_c7xW6PlqClIQ,F8yozE3NWnImNApHO347gQ,1.0,2009-05-31 20:38:44,evening,6,1,1,long,high,Philadelphia,Restaurants,2,1,1
xyFtRXaTjhStZB3Zb9uFvA,qime1yD6_CozBvBtIpsmaw,5.0,2009-06-01 00:05:12,night,0,0,1,long,high,Tucson,Middle Eastern,1,0,1
Jt3GylPuH64uA3zTdbMdCg,bRhnVTfuxDchyFguyDzuDQ,5.0,2009-06-01 00:44:44,night,0,0,1,short,high,Glenside,Restaurants,2,0,0
1bEllN7PwMVH10U0fXBZMg,m4lkv5ksqtdXvlIVIftH_A,2.0,2009-06-01 03:21:06,night,0,0,1,long,high,Philadelphia,Asian Fusion,3,1,0
df3kNNGt5nykGt4Q6MH1ew,0vCsslN-TYnDeOSNT4rIfg,2.0,2009-06-03 13:00:59,afternoon,2,0,1,long,high,Carmel,Food,3,0,0
JTqQ9C9S2Qc8_aHtO1965g,DRr5xdfHtqgWfhmdTU1B8Q,2.0,2009-06-03 13:32:06,afternoon,2,0,1,medium,high,Philadelphia,Breakfast & Brunch,2,1,1
0Igx-a1wAstiBDerGxXk2A,gUyfJlJRxu1fHuZ4dpBheQ,4.0,2009-06-03 22:35:35,evening,2,0,1,medium,high,New Orleans,Mexican,2,1,1
CAy7UDGySy5DzsgCxktpLg,7lwe7n-Yc-V9E_HfLAeylg,3.0,2009-06-04 15:27:22,afternoon,3,0,1,long,high,Philadelphia,Restaurants,2,1,1
df3kNNGt5nykGt4Q6MH1ew,DgA-_6242CtjmierRWmO9w,3.0,2009-06-04 16:51:41,afternoon,3,0,1,long,high,Fishers,Restaurants,1,0,0
gfQqQYI5_hCAGEHlHXIz2Q,rQW9iupvhk6ScPn2VPNLVQ,4.0,2009-06-04 20:32:13,evening,3,0,1,long,high,Philadelphia,Food Trucks,1,0,0
cO0sWpjjSyIqngT2U4oZ9Q,oVdmgPooxFdR6oZ83ohERw,3.0,2009-06-05 19:39:29,evening,4,0,1,long,high,Berwyn,Restaurants,1,0,1
cO0sWpjjSyIqngT2U4oZ9Q,ZDg4siM2zLF4Rt8ZTqR8BA,3.0,2009-06-05 19:43:38,evening,4,0,1,medium,high,Wayne,Sandwiches,1,0,0
ou6T6K7vDEveO7BXMl1N0w,02jZC7oX0SbWXVFboNwFGA,3.0,2009-06-08 11:42:53,morning,0,0,1,long,high,King of Prussia,Food,1,0,0
sh3V6hnNMLVV9YwFA9QNaw,dPfxNIJeHLKpny0GKtAsXg,3.0,2009-06-08 18:23:25,afternoon,0,0,1,long,high,Saint Petersburg,Mexican,2,1,1
y3Wtx1pOvTiqsJRkjceXiw,JUlsvVAvZvGHWFfkKm0nlg,2.0,2009-06-08 19:18:12,evening,0,0,1,long,high,Philadelphia,Mexican,2,1,1
n3Gg5mIokBirc8s_unINnQ,kkcQYuF3w5iHnHMf0EnRhQ,5.0,2009-06-08 22:10:56,evening,0,0,1,short,high,Philadelphia,Sandwiches,1,1,0
FlvxeXfNW8IHDYDIsHjSgg,LqaIFNWnwmy3PInuBDpAxg,4.0,2009-06-09 03:56:57,night,1,0,1,short,high,Boise,Restaurants,2,1,0
ZGjgfSvjQK886kiTzLwfLQ,-ATiAtTikuGuqvaW2O6tNA,4.0,2009-06-09 13:55:01,afternoon,1,0,1,long,high,Philadelphia,Sandwiches,2,1,1
y3Wtx1pOvTiqsJRkjceXiw,VD4Rdyj0tauBckrTYgIcpQ,2.0,2009-06-09 17:29:21,afternoon,1,0,1,long,high,Philadelphia,Restaurants,2,0,0
8pD-h427Y_aDcPxhDR7z8g,pSmOH4a3HNNpYM82J5ycLA,3.0,2009-06-10 11:23:47,morning,2,0,1,long,high,Nashville,Restaurants,2,1,0
8pD-h427Y_aDcPxhDR7z8g,H3JjbID9Zhukpqr9uupHAA,4.0,2009-06-10 11:27:39,morning,2,0,1,medium,high,Nashville,Burgers,2,1,1
RgDVC3ZUBqpEe6Y1kPhIpw,eaDZlSuVS0EY67Ke6pRP6Q,5.0,2009-06-11 01:42:25,night,3,0,1,long,high,Philadelphia,Malaysian,2,1,0
RgDVC3ZUBqpEe6Y1kPhIpw,JUlsvVAvZvGHWFfkKm0nlg,5.0,2009-06-11 01:48:43,night,3,0,1,long,high,Philadelphia,Mexican,2,1,1
Jt3GylPuH64uA3zTdbMdCg,nl_La1sCrZG0xq0HNt4WsQ,5.0,2009-06-11 13:11:32,afternoon,3,0,1,medium,high,Philadelphia,Restaurants,1,1,0
cO0sWpjjSyIqngT2U4oZ9Q,SuQgcpL-aZeuyRjBdA0pHw,4.0,2009-06-11 14:41:46,afternoon,3,0,1,medium,high,Rosemont,Restaurants,2,1,0
GevrFd8ojonAr4fEQB9WfA,u9XTeDl_If4U5Eixl6ys7g,4.0,2009-06-14 19:18:19,evening,6,1,1,medium,high,Philadelphia,Nightlife,2,1,0
ZCVEZmTB_StK-UXA3WPVlQ,g2JHAYFX2tOJubMHSXdYQQ,2.0,2009-06-16 13:42:43,afternoon,1,0,1,long,high,Glenside,Bars,2,1,1
rohwiags-kVO_IgYK1sIfw,FKrP06TDAKtxNG1vrRQcQQ,3.0,2009-06-16 16:54:25,afternoon,1,0,1,medium,high,Philadelphia,Burgers,2,0,0
sh3V6hnNMLVV9YwFA9QNaw,2tg6sMQr9rrXVXmgrqBYmg,4.0,2009-06-16 18:24:46,afternoon,1,0,1,long,high,Saint Petersburg,Pubs,2,1,0
xy8g2CWmhScQ946xSyRUAw,JUlsvVAvZvGHWFfkKm0nlg,2.0,2009-06-16 22:25:16,evening,1,0,1,long,high,Philadelphia,Mexican,2,1,1
sh3V6hnNMLVV9YwFA9QNaw,-mq1DwgcLU96PQbmcv3jRQ,4.0,2009-06-17 13:51:31,afternoon,2,0,1,medium,high,Indian Rocks Beach,Nightlife,2,1,1
YE3NsQGCoCu4WHaKQ3Kddg,mY02hIpeZSVCaWObvvyECA,4.0,2009-06-18 14:23:32,afternoon,3,0,1,long,high,Saint Louis,Restaurants,2,1,1
84HvpQDxcHWmbMDfs8IEYw,7lwe7n-Yc-V9E_HfLAeylg,2.0,2009-06-19 11:38:38,morning,4,0,0,long,high,Philadelphia,Restaurants,2,1,1
S_gfT9oI-vVmp-LPBdHT1A,8QJTzIaR5FceGds8HBSIig,4.0,2009-06-20 09:53:46,morning,5,1,1,medium,high,Tucson,Nightlife,2,1,1
mGUYWSFpmVvDQTLDvkzk4w,TV81bpCQ6p6o4Hau5hk-zw,5.0,2009-06-20 20:26:38,evening,5,1,0,medium,high,Tarpon Springs,Food,2,1,1
CAy7UDGySy5DzsgCxktpLg,lRbHFOIFuusN2WOR_ypQ_A,2.0,2009-06-22 12:53:05,morning,0,0,1,long,high,Philadelphia,Restaurants,2,0,0
sh3V6hnNMLVV9YwFA9QNaw,pjb3xGA9ccjl49B5ERH46w,2.0,2009-06-23 17:18:55,afternoon,1,0,1,medium,high,Largo,Restaurants,2,1,0
oSeE_p_gYxI82APPWJhJjg,azeDCTZBlmVpaglnxBqNPw,1.0,2009-06-26 23:45:49,evening,4,0,1,long,high,Collingswood,Ice Cream & Frozen Yogurt,1,0,0
7ktyPHE-NGnWxarOqjIQiQ,2XYPFRm7teCUr3eGsB2-qw,5.0,2009-06-28 01:34:44,night,6,1,1,long,high,Blue Bell,Thai,2,0,1
1bEllN7PwMVH10U0fXBZMg,L3V21nAe-CicW2bvtNWa0g,3.0,2009-06-28 02:57:50,night,6,1,1,long,high,Philadelphia,Sushi Bars,2,1,0
nnImk681KaRqUVHlSfZjGQ,nVfkNZLElDdhqWcnaDPtPQ,3.0,2009-06-28 04:38:41,night,6,1,1,long,high,Riverview,Burgers,2,1,1
y9WhhW724xLQ4p_lGQCQkA,IFKCqDKdrAOtph_TEi8ycw,4.0,2009-07-06 02:25:19,night,0,0,1,medium,high,Saint Louis,Sports Bars,1,1,1
EXXdXcxflkg9moppilHoCA,TqgsB91kKWjU4aKGR4GCgQ,2.0,2009-07-06 15:17:26,afternoon,0,0,1,long,high,Eagleville,American (Traditional),2,1,1
d3uua2aVk1OMUywzp9dEgw,frsUjGnPi3uZausjo_1FIQ,3.0,2009-08-03 18:34:31,afternoon,0,0,0,long,low,Reno,Arts & Entertainment,2,1,1
d3uua2aVk1OMUywzp9dEgw,neL2xrin-uMJl5ABKyPLKA,3.0,2009-08-03 18:49:36,afternoon,0,0,0,long,low,Reno,Fondue,3,1,0
d3uua2aVk1OMUywzp9dEgw,pJZq57-XUXnDU2yo8gmsUg,4.0,2009-08-03 19:01:01,evening,0,0,0,long,low,Reno,Restaurants,2,1,0
GdmJInilh9WAqAISitNGRw,vCHNWdW-ys-nWUx3Cpvk8Q,1.0,2009-08-04 16:09:49,afternoon,1,0,1,medium,high,Philadelphia,Bakeries,2,1,0
YV6uaSzANkraOQQzN0alWg,AY1SyySRyTnBwBdf7qfGxQ,5.0,2009-08-05 19:58:23,evening,2,0,1,long,high,Philadelphia,Grocery,2,0,0
HQG3no8C5U31z-k1MaYCqQ,hXtXBZAP30-9dgxpzpBekQ,2.0,2009-08-06 13:33:39,afternoon,3,0,1,long,high,Saint Louis,Thai,1,1,0
XIYTfrSDoBDPo_hlx1vu6Q,1-z7wd860Rii4kbEMCT8DA,5.0,2009-08-06 18:13:49,afternoon,3,0,0,medium,low,Boise,Breakfast & Brunch,2,1,0
ytqI9hBiB17L2nUCYbuI5Q,9MHe5jAym2d8VhT_NbCRyw,4.0,2009-08-07 02:28:32,night,4,0,0,long,high,Indianapolis,Restaurants,1,0,0
yPa_4u6hcWEHkziHAeRapw,1UNorskttXSWuEcgzKzXcA,4.0,2009-08-07 14:58:29,afternoon,4,0,1,long,high,Philadelphia,Lounges,3,1,1
_rWCX5E8R_3Ufv9JetOtHw,EDjEVzmoQVHzboFqC-M6Ew,3.0,2009-08-08 21:16:03,evening,5,1,1,long,high,Nashville,Food,2,1,1
hVPyu7QWaSQgOlz0rppmkg,lTlii3QHEVvsagPGsCtu9w,5.0,2009-08-09 02:48:08,night,6,1,1,long,high,Exton,Restaurants,2,1,1
Kj-u8Yq1d3mLKitWsDAxpg,ncNeXDDNtO1nhwQ0Gm6pfw,4.0,2009-08-09 14:30:44,afternoon,6,1,1,long,high,Newtown,Farmers Market,2,0,0
bnVzSHI48lEHPaEzZNIqJg,X7YBx8CybmIPymZ0ThCmng,4.0,2009-08-09 17:48:12,afternoon,6,1,0,long,high,Saint Louis,Restaurants,2,1,1
8M4_nA8e9VacrirvCwrl8Q,zMMSWTHxkLWYR359o-IuAg,3.0,2009-08-09 22:24:20,evening,6,1,0,long,high,Reno,Restaurants,1,0,1
fiU7TnWwHFlhD259ur0bEw,sdWuLh-auc0nC2Jy6_26AQ,3.0,2009-08-09 22:36:45,evening,6,1,1,medium,high,Philadelphia,Bars,2,1,0
xy8g2CWmhScQ946xSyRUAw,nl_La1sCrZG0xq0HNt4WsQ,3.0,2009-08-09 23:27:48,evening,6,1,1,long,high,Philadelphia,Restaurants,1,1,0
KsTA7_Ps9NucN-VAjy4GOA,TfcdLs2Re40wIz6UmYpaAQ,4.0,2009-08-10 02:08:13,night,0,0,1,long,high,Bryn Mawr,Restaurants,2,1,0
njJjEOLRTo03Fwp4jg_Jpg,F_wIC6i5y4zdQyp99R7PdQ,4.0,2009-08-10 18:18:15,afternoon,0,0,1,long,high,Indianapolis,American (Traditional),1,0,0
XIYTfrSDoBDPo_hlx1vu6Q,TvAgXHsAt1s2PgxA1pQa-w,2.0,2009-08-10 18:24:34,afternoon,0,0,0,long,low,Eagle,Food,2,1,1
A_BF2dDDUTKGVXrqxO9mag,adb1hOYICrJ1Ix8M0sRpbw,5.0,2009-08-11 00:55:53,night,1,0,1,long,high,Cherry Hill,Restaurants,2,0,1
uKZaU4nnY9EI8Ir7BSA5nA,MbKhuO-4uYPc0NRZDRWoew,4.0,2009-08-11 18:07:22,afternoon,1,0,1,medium,high,Philadelphia,Restaurants,1,0,0
36rYo-dZTwy8LUlmimgdbg,1UNorskttXSWuEcgzKzXcA,4.0,2009-08-12 05:48:33,night,2,0,1,long,high,Philadelphia,Lounges,3,1,1
36rYo-dZTwy8LUlmimgdbg,DRr5xdfHtqgWfhmdTU1B8Q,4.0,2009-08-12 06:11:54,night,2,0,1,long,high,Philadelphia,Breakfast & Brunch,2,1,1
36rYo-dZTwy8LUlmimgdbg,d_tRshM-w6S4QxE4VVi8tQ,2.0,2009-08-12 06:20:53,night,2,0,1,medium,high,Philadelphia,American (New),2,1,0
Kj-u8Yq1d3mLKitWsDAxpg,GJC3QI31IV5Q4kVHIM498Q,4.0,2009-08-12 11:02:53,morning,2,0,1,long,high,Newtown,Restaurants,1,0,1
ZcNLb0XgmVOPcYvElhz3WA,oaboaRBUgGjbo2kfUIKDLQ,4.0,2009-08-13 02:33:39,night,3,0,1,long,high,Nashville,Ice Cream & Frozen Yogurt,2,0,0
GdmJInilh9WAqAISitNGRw,vCHNWdW-ys-nWUx3Cpvk8Q,3.0,2009-08-13 13:49:51,afternoon,3,0,1,long,high,Philadelphia,Bakeries,2,1,0
CV8aQ9nTu4_1yKtd2D38hA,GYAX9mPGYx9VfwDiuIl_9Q,5.0,2009-08-13 15:06:28,afternoon,3,0,1,medium,high,Philadelphia,Restaurants,1,0,0
_BcWyKQL16ndpBdggh2kNA,mUIBtlWNPD7sz3rGGWQ1RA,4.0,2009-08-13 19:21:10,evening,3,0,1,long,high,Philadelphia,Mediterranean,2,0,1
veU-4bglmxVg0PtkZRBETg,0HCMp7WxB7ZWtoVl5qGl1A,5.0,2009-08-14 18:59:08,afternoon,4,0,1,long,high,Saint Louis,Restaurants,1,0,0
47oIw-CN1guUKx2_vUdsgw,p7UGlPkE3Gagm9Mq7aHfYg,5.0,2009-08-16 05:18:05,night,6,1,1,medium,high,Saint Louis,Food,1,0,1
Wshkpj8aHWuzIeca1QxWTA,MbKhuO-4uYPc0NRZDRWoew,3.0,2009-08-16 16:28:39,afternoon,6,1,1,long,high,Philadelphia,Restaurants,1,0,0
njJjEOLRTo03Fwp4jg_Jpg,ioxgFKdqjRowAj4dFM7VoA,1.0,2009-08-16 22:14:47,evening,6,1,1,long,high,Indianapolis,Cuban,2,0,1
_BcWyKQL16ndpBdggh2kNA,JUlsvVAvZvGHWFfkKm0nlg,2.0,2009-08-17 00:36:10,night,0,0,1,long,high,Philadelphia,Mexican,2,1,1
oXHd9HUOGd9Lk_3nUNDYVA,w0zKpH49tW6Y-b6ZJzKMFw,4.0,2009-08-17 19:20:11,evening,0,0,1,long,high,Philadelphia,Food,2,1,0
qc3DJxkOfxKH6zcVlAPofA,Yv6HUVu7fRMnt_NtGdVQBw,1.0,2009-08-17 20:35:56,evening,0,0,1,medium,high,Nashville,Restaurants,2,1,0
1bEllN7PwMVH10U0fXBZMg,TfcdLs2Re40wIz6UmYpaAQ,5.0,2009-08-18 12:32:57,morning,1,0,1,long,high,Bryn Mawr,Restaurants,2,1,0
_BcWyKQL16ndpBdggh2kNA,D5V0Fawd6ODVgqCY8xngsw,4.0,2009-08-18 13:06:45,afternoon,1,0,1,medium,high,Philadelphia,Event Planning & Services,3,1,0
3k7GJ9_zqE14Z3IZ9M4iSA,yLIn3po-fKb0T3UIoJdiyQ,4.0,2009-08-19 00:46:55,night,2,0,1,long,high,Edmonton,Italian,2,1,1
HQG3no8C5U31z-k1MaYCqQ,JgTSG4rIDf20Kgp6U_asng,3.0,2009-08-23 18:30:41,afternoon,6,1,1,medium,high,St. Louis,Pizza,2,1,0
S_gfT9oI-vVmp-LPBdHT1A,A3vvP7tuNU5Tj2qII6fJIw,4.0,2009-08-23 20:34:42,evening,6,1,1,long,high,Tucson,Latin American,2,1,0
tWES6_T7MRybOtqNS9NcVw,JUlsvVAvZvGHWFfkKm0nlg,4.0,2009-08-24 02:41:14,night,0,0,1,medium,high,Philadelphia,Mexican,2,1,1
RB1eNPEDYtrH_azM46IgUA,yDHINEt7By47My7x4Mb8oA,4.0,2009-08-24 14:15:59,afternoon,0,0,1,medium,high,West Conshohocken,Salad,2,1,1
HZRfI9weev2Vr_w0jPF8-Q,pqe1pCQx--uybdm6EQ8AqQ,4.0,2009-08-24 17:41:02,afternoon,0,0,1,long,high,Wynnewood,American (New),1,0,1
nnwBdqGHIAJQ5QX9lHOtrQ,HTqXI5S2XcSlh_ylx9sE6g,3.0,2009-08-24 17:55:24,afternoon,0,0,1,short,high,Philadelphia,Food,2,0,0
806piRS5Ueod_7oNHQDW-Q,4_W5pstoN1166TGjjPOrMg,4.0,2009-08-24 19:23:34,evening,0,0,1,long,high,Philadelphia,American (Traditional),2,1,1
nnwBdqGHIAJQ5QX9lHOtrQ,78kUZU8GPfHgoYO_2CNbuQ,3.0,2009-08-24 22:51:31,evening,0,0,1,medium,high,Philadelphia,Ice Cream & Frozen Yogurt,1,0,0
df3kNNGt5nykGt4Q6MH1ew,_cdy7hVc32mleVooP8x0Sw,4.0,2009-08-26 15:23:38,afternoon,2,0,1,long,high,Fishers,Sandwiches,1,0,0
4kKngcDGjuzo18pxx5jHog,pvnv9XvTXwYBpfScd29rrQ,1.0,2009-08-26 18:34:39,afternoon,2,0,1,long,high,Tucson,Caterers,2,1,1
806piRS5Ueod_7oNHQDW-Q,sdWuLh-auc0nC2Jy6_26AQ,4.0,2009-08-26 20:00:25,evening,2,0,1,medium,high,Philadelphia,Bars,2,1,0
yon21mgAit4FGUZVWs_yfw,x4XDkWR9fgP4TItqMr8A8A,4.0,2009-08-31 03:34:38,night,0,0,1,long,high,New Orleans,Food,2,0,0
agQIzYCb8Qc5f8a1JEb5og,xCXGV3wEvYd4xBGx8ZRFQA,2.0,2009-09-02 15:49:06,afternoon,2,0,1,long,high,Philadelphia,Restaurants,1,0,1
ALWSjow1qxW4SFFZ0ZNB6Q,YtSqYv1Q_pOltsVPSx54SA,5.0,2009-09-04 22:17:25,evening,4,0,1,long,high,Philadelphia,Wine Bars,3,1,0
WxfcSFiz7U8roEBcZ21JPA,mY02hIpeZSVCaWObvvyECA,3.0,2009-09-06 03:47:19,night,6,1,0,long,low,Saint Louis,Restaurants,2,1,1
jYknm57qpeZzTueiVIYTOA,EtKSTHV5Qx_Q7Aur9o4kQQ,4.0,2009-09-08 15:50:57,afternoon,1,0,1,long,high,Philadelphia,Bars,2,1,1
1bEllN7PwMVH10U0fXBZMg,eaDZlSuVS0EY67Ke6pRP6Q,4.0,2009-09-08 19:13:23,evening,1,0,1,long,high,Philadelphia,Malaysian,2,1,0
ZGjgfSvjQK886kiTzLwfLQ,F8yozE3NWnImNApHO347gQ,5.0,2009-09-08 23:18:53,evening,1,0,1,long,high,Philadelphia,Restaurants,2,1,1
tmWwHfhaR0bNTKlr9dXsOQ,vN6v8m4DO45Z4pp8yxxF_w,5.0,2009-09-18 03:21:08,night,4,0,0,long,high,New Orleans,Vegetarian,2,1,0
OY0lWSo1kw_B84JF89kAFQ,cx2fwY66_xTNFo0p2EEC4g,4.0,2009-10-13 12:52:03,morning,1,0,1,medium,high,Media,American (New),2,1,1
RlEryoNlZnAj6r-9GSwLPg,u9XTeDl_If4U5Eixl6ys7g,5.0,2009-10-13 23:36:03,evening,1,0,1,long,high,Philadelphia,Nightlife,2,1,0
ZGjgfSvjQK886kiTzLwfLQ,EtKSTHV5Qx_Q7Aur9o4kQQ,5.0,2009-10-14 01:15:04,night,2,0,1,long,high,Philadelphia,Bars,2,1,1
tmWwHfhaR0bNTKlr9dXsOQ,g04aAvgol7IW8buqSbT4xA,3.0,2009-10-14 03:18:37,night,2,0,0,medium,high,New Orleans,Breakfast & Brunch,2,1,0
ABy_uGiyQ7zlndwnodvFaw,yLIn3po-fKb0T3UIoJdiyQ,5.0,2009-10-15 21:27:20,evening,3,0,1,long,high,Edmonton,Italian,2,1,1
XQk-XZKwNim2fsc8_LHksA,dBCNUSbz5-8nQNrxWo5deg,5.0,2009-10-16 13:26:27,afternoon,4,0,1,long,high,Southampton,Restaurants,2,1,0
ev_mrEIDJauxugj1r8Z3qg,FKrP06TDAKtxNG1vrRQcQQ,2.0,2009-10-16 16:07:31,afternoon,4,0,1,medium,high,Philadelphia,Burgers,2,0,0
fiU7TnWwHFlhD259ur0bEw,MbKhuO-4uYPc0NRZDRWoew,2.0,2009-10-16 21:46:29,evening,4,0,1,long,high,Philadelphia,Restaurants,1,0,0
vLxpEHKZFzv8LYY5eeGjTg,idf-eiurCrbsLRcH7c9zmw,4.0,2009-10-18 03:21:52,night,6,1,1,long,high,Indianapolis,American (New),3,1,1
FlvxeXfNW8IHDYDIsHjSgg,nnZIsmpIQnuQY5S-MoGyvg,4.0,2009-10-18 04:53:32,night,6,1,1,long,high,Boise,Vietnamese,1,0,0
IpLRJY4CP3fXtlEd8Y4GFQ,cXSyVvOr9YRN9diDkaWs0Q,2.0,2009-10-18 17:27:57,afternoon,6,1,1,long,high,Philadelphia,Southern,2,1,1
ev_mrEIDJauxugj1r8Z3qg,9Pvwx_IfQgQL4ykmlGV6yA,3.0,2009-10-19 14:58:42,afternoon,0,0,1,long,high,Plymouth Meeting,Asian Fusion,2,1,1
ev_mrEIDJauxugj1r8Z3qg,_PQzeo8P2sGczzFEifrK-Q,5.0,2009-10-19 15:44:50,afternoon,0,0,1,long,high,Philadelphia,Food,2,0,0
IyIsFkVY48JWa01inv-7zA,hkh5iyDeGLNhu-JUQFRE1Q,3.0,2009-10-19 20:16:18,evening,0,0,1,medium,high,New Orleans,Event Planning & Services,3,1,1
MdUimpfJQHijcy1DZu-r4A,psI9u_iVuWFcchWheFAySA,3.0,2009-10-19 20:49:56,evening,0,0,1,medium,high,Ardmore,Restaurants,2,1,1
oXHd9HUOGd9Lk_3nUNDYVA,dBCNUSbz5-8nQNrxWo5deg,5.0,2009-10-19 23:33:52,evening,0,0,1,long,high,Southampton,Restaurants,2,1,0
Mf2NAhMTiYk0DC0fZjhNMw,pj8Y-5vfbRitnnm2xJFH9w,3.0,2009-10-20 14:48:05,afternoon,1,0,1,long,high,Philadelphia,Caribbean,2,1,1
bBd8sOgkhbaEeZHjczV8ZQ,dERS4qwl9v-Gwft-Ug8APA,5.0,2009-10-20 20:04:47,evening,1,0,1,long,high,Jenkintown,Restaurants,2,0,1
riWDgbauId8TK7YFVgMNJw,D7Os2-9ApTGmNyzidqfwGA,4.0,2009-10-21 19:45:44,evening,2,0,1,medium,high,New Orleans,Beauty & Spas,4,1,0
iPkdNziqnhNukjnmsrSzmg,_aKr7POnacW_VizRKBpCiA,5.0,2009-10-22 12:07:50,morning,3,0,1,long,high,Saint Louis,Delis,1,1,0
XIYTfrSDoBDPo_hlx1vu6Q,nnZIsmpIQnuQY5S-MoGyvg,5.0,2009-10-22 17:16:09,afternoon,3,0,0,medium,low,Boise,Vietnamese,1,0,0
gZcxXnogU1O-gPTbqqtMYw,j8JOZvfeHEfUWq3gEz6ABQ,5.0,2009-10-22 19:56:27,evening,3,0,1,medium,high,New Orleans,Jazz & Blues,2,1,1
ABy_uGiyQ7zlndwnodvFaw,bf34LpGej_MZbOlAKB1beQ,4.0,2009-10-22 21:52:11,evening,3,0,1,long,high,Edmonton,Beer,2,0,0
QsByY2gW90viW7wiqWeEcg,3ZynJ94VpIdDlaArmEp2Rg,3.0,2009-10-23 13:42:36,afternoon,4,0,0,long,high,Philadelphia,Food,2,0,1
u8EgqDkF24x26DCQA6KYQA,L3V21nAe-CicW2bvtNWa0g,4.0,2009-10-23 18:38:43,afternoon,4,0,1,medium,high,Philadelphia,Sushi Bars,2,1,0
nnImk681KaRqUVHlSfZjGQ,w7KLf3anjdXNXNVplvOOjg,5.0,2009-10-23 23:46:34,evening,4,0,1,long,high,Tampa,Restaurants,2,1,0
nnImk681KaRqUVHlSfZjGQ,dJfkfBbJz7wi0RgW-ph_Eg,3.0,2009-10-24 00:07:02,night,5,1,1,long,high,Tampa,Restaurants,2,1,0
BOM58nAhmaoOC_Si4u4lOw,cXSyVvOr9YRN9diDkaWs0Q,5.0,2009-10-24 15:25:03,afternoon,5,1,0,short,high,Philadelphia,Southern,2,1,1
oSeE_p_gYxI82APPWJhJjg,C_EtrXTygRX5RTUOKtO6Dg,2.0,2009-10-25 01:09:39,night,6,1,1,long,high,Philadelphia,Nightlife,2,1,1
xy8g2CWmhScQ946xSyRUAw,j99PtxlKTW_u5alE4jiqHQ,5.0,2009-10-25 04:09:07,night,6,1,1,long,high,Philadelphia,Restaurants,2,1,0
36rYo-dZTwy8LUlmimgdbg,7lwe7n-Yc-V9E_HfLAeylg,4.0,2009-10-25 13:48:45,afternoon,6,1,1,long,high,Philadelphia,Restaurants,2,1,1
IpLRJY4CP3fXtlEd8Y4GFQ,WZPCfTRiN4ipajP7gFfziA,5.0,2009-10-25 18:47:47,afternoon,6,1,1,long,high,Philadelphia,Restaurants,2,0,1
DDJliZbj8VYfwikMQWbrBA,RZtGWDLCAtuipwaZ-UfjmQ,2.0,2009-10-26 15:11:09,afternoon,0,0,1,long,high,Philadelphia,Pizza,2,1,1
DDJliZbj8VYfwikMQWbrBA,FsRAHiYUERqUIeGVt49svA,4.0,2009-10-26 15:27:19,afternoon,0,0,1,long,high,Philadelphia,Restaurants,1,0,0
YV6uaSzANkraOQQzN0alWg,cXSyVvOr9YRN9diDkaWs0Q,4.0,2009-10-26 20:34:52,evening,0,0,1,long,high,Philadelphia,Southern,2,1,1
QsByY2gW90viW7wiqWeEcg,mUIBtlWNPD7sz3rGGWQ1RA,4.0,2009-10-27 15:18:54,afternoon,1,0,0,medium,high,Philadelphia,Mediterranean,2,0,1
3n-8y4LckDDJC7MDLjX0GA,JUlsvVAvZvGHWFfkKm0nlg,3.0,2009-10-27 16:23:22,afternoon,1,0,1,long,high,Philadelphia,Mexican,2,1,1
YV6uaSzANkraOQQzN0alWg,-ATiAtTikuGuqvaW2O6tNA,2.0,2009-10-27 17:25:09,afternoon,1,0,1,long,high,Philadelphia,Sandwiches,2,1,1
fYB4nPD2Y0uXXpVo20ZrNg,bTve2mwLk5Zc01vRKqc2KQ,4.0,2009-10-28 14:38:58,afternoon,2,0,1,long,high,Philadelphia,Restaurants,1,1,1
bnVzSHI48lEHPaEzZNIqJg,jQBPO3rYkNwIaOdQS5ktgQ,4.0,2009-10-29 17:07:04,afternoon,3,0,0,long,high,Saint Louis,Ice Cream & Frozen Yogurt,2,1,0
CMQ66mdfbGZkeU5K-KVOCw,vQ3bOb_sq0peWxJx3VoCDw,4.0,2009-10-29 19:08:49,evening,3,0,0,medium,high,Indianapolis,Pubs,1,1,0
lLM0kPqTuGlBlbJ2veYGxg,_aKr7POnacW_VizRKBpCiA,4.0,2009-10-29 19:13:43,evening,3,0,0,medium,high,Saint Louis,Delis,1,1,0
lLM0kPqTuGlBlbJ2veYGxg,GV-e7Op4aU98xkjjoKlRhA,4.0,2009-10-29 19:59:03,evening,3,0,0,medium,high,Saint Louis,Basque,2,1,1
lLM0kPqTuGlBlbJ2veYGxg,VYTFqb1NVLleeStQaUEP0Q,4.0,2009-10-30 01:47:09,night,4,0,0,long,high,Saint Louis,Restaurants,2,1,0
lLM0kPqTuGlBlbJ2veYGxg,EKbb62ui8LgHk3B7OJMyBw,4.0,2009-10-30 02:30:30,night,4,0,0,long,high,Saint Louis,Restaurants,2,1,1
BnBQ0UU9uSiI_0cbCZ4lsw,-K0zTgGyxo-AeSkcV0IVaA,5.0,2009-10-30 20:39:04,evening,4,0,1,long,high,Chesterfield,Mediterranean,2,1,1
iPkdNziqnhNukjnmsrSzmg,B-NqcrIhvzCIkLCCpmhdvg,3.0,2009-10-31 05:39:25,night,5,1,1,short,high,Saint Louis,Food,1,0,1
rt3MZtOmwB0hohjILz45DQ,t6ALhUz4yCVzZeTNSwVjCA,4.0,2009-10-31 07:20:07,morning,5,1,1,long,high,Reno,Chicken Wings,2,1,0
IpLRJY4CP3fXtlEd8Y4GFQ,zjNcjqgQlPrbnn-pV5YCSg,2.0,2009-10-31 14:09:49,afternoon,5,1,1,long,high,King of Prussia,Coffee & Tea,3,0,0
A3v4mtWlnaYZpHKKqzNhJg,dBCNUSbz5-8nQNrxWo5deg,5.0,2009-11-01 21:48:04,evening,6,1,1,long,high,Southampton,Restaurants,2,1,0
fiU7TnWwHFlhD259ur0bEw,vCHNWdW-ys-nWUx3Cpvk8Q,5.0,2009-11-01 22:57:21,evening,6,1,1,long,high,Philadelphia,Bakeries,2,1,0
_BcWyKQL16ndpBdggh2kNA,04UD14gamNjLY0IDYVhHJg,5.0,2009-11-02 00:54:13,night,0,0,1,medium,high,Philadelphia,Mediterranean,2,1,0
sh3V6hnNMLVV9YwFA9QNaw,DNkz1z53dS2CUUWI1Skg2g,4.0,2009-11-02 15:54:50,afternoon,0,0,1,medium,high,St. Petersburg,Sandwiches,2,1,1
_BcWyKQL16ndpBdggh2kNA,skIhu9uQsD1JZwGakjXNJw,4.0,2009-11-02 16:46:08,afternoon,0,0,1,medium,high,Philadelphia,Chicken Wings,1,0,0
nlsxDX6nKcVDGWzVxdsWiQ,Y2NFeGtConx1qciSPKcRlA,3.0,2009-11-02 18:00:14,afternoon,0,0,1,long,high,New Orleans,Restaurants,2,1,1
53ApJTgvnYlEPgP0xgc6YA,GUNpbcLvHZLE3NpOifjNUQ,3.0,2009-11-02 21:54:54,evening,0,0,0,long,high,Philadelphia,Restaurants,2,1,1
7wlG7YooB2AUZRyKnqEi1A,3kiB39JzdovdlOhQj-nMCw,4.0,2009-11-03 02:49:43,night,1,0,1,medium,high,Philadelphia,Restaurants,1,1,0
FlvxeXfNW8IHDYDIsHjSgg,HjLYCBxJti8V-hsP_yVZ3w,5.0,2009-11-03 12:41:28,morning,1,0,1,short,high,Boise,Vegan,2,1,1
u8EgqDkF24x26DCQA6KYQA,1UNorskttXSWuEcgzKzXcA,4.0,2009-11-03 19:36:19,evening,1,0,1,long,high,Philadelphia,Lounges,3,1,1
N11AGsSHMp9ZhOARSq8LNQ,F1xE--Gb4rNFAwHkNkV31A,4.0,2009-11-05 00:41:15,night,3,0,1,long,high,Reno,Pizza,2,1,1
lLM0kPqTuGlBlbJ2veYGxg,Xn9XOYqXa4IHdHnaZr9JAA,4.0,2009-11-05 17:56:51,afternoon,3,0,0,medium,high,Saint Louis,Juice Bars & Smoothies,1,0,1
y3Wtx1pOvTiqsJRkjceXiw,rQW9iupvhk6ScPn2VPNLVQ,5.0,2009-11-06 15:23:08,afternoon,4,0,1,long,high,Philadelphia,Food Trucks,1,0,0
RdJ7Ykelg8w4y5FTmxjT8g,od6skmfXz9twktEAuJHEmw,5.0,2009-11-07 17:26:16,afternoon,5,1,1,long,high,Narberth,American (New),2,0,1
zsIvunC1NALQe7zgpbrxcQ,Zi-F-YvyVOK0k5QD7lrLOg,5.0,2009-11-07 18:12:47,afternoon,5,1,1,long,high,New Orleans,Cajun/Creole,3,1,0
8-U6FgqWxNmXz80JhJQXZg,E-4t5Hoon6aVFTWDPz26fQ,3.0,2009-11-07 18:29:57,afternoon,5,1,1,long,high,Indianapolis,Restaurants,2,1,1
f9lq4KAus-xCsmJmjXeKVw,yLIn3po-fKb0T3UIoJdiyQ,2.0,2009-11-08 00:23:00,night,6,1,0,long,high,Edmonton,Italian,2,1,1
jYknm57qpeZzTueiVIYTOA,7lwe7n-Yc-V9E_HfLAeylg,4.0,2009-11-09 03:36:02,night,0,0,1,long,high,Philadelphia,Restaurants,2,1,1
7DUrZclovHlOwuJdMybnCQ,GUNpbcLvHZLE3NpOifjNUQ,3.0,2009-11-10 18:35:51,afternoon,1,0,1,long,high,Philadelphia,Restaurants,2,1,1
MT65fT216MAENAaY-SIV-g,jE8o7lX3NMmcG0iMlqoo7A,4.0,2009-11-11 00:23:34,night,2,0,1,long,high,Buckingham,Restaurants,2,1,0
fYB4nPD2Y0uXXpVo20ZrNg,nl_La1sCrZG0xq0HNt4WsQ,3.0,2009-11-11 03:37:17,night,2,0,1,long,high,Philadelphia,Restaurants,1,1,0
HW-QgyCq4DzUQCFRaYn6Fg,I5KZm-NnxYeEQsmp6nK5_w,2.0,2009-11-11 22:16:11,evening,2,0,1,long,high,Philadelphia,Food,2,1,1
nnImk681KaRqUVHlSfZjGQ,mm4gSCCJXuAZFWDkESMjmw,4.0,2009-11-12 02:41:18,night,3,0,1,long,high,Tampa,Bars,2,1,1
84HvpQDxcHWmbMDfs8IEYw,i_5PaxI8DK9EErsHBdwP1A,2.0,2009-11-12 13:35:47,afternoon,3,0,0,medium,high,Philadelphia,Restaurants,2,0,0
enaHB1e956thdnafcHVAig,PCM-vL-vRLJ4HB2OE8Nnbg,3.0,2009-11-12 21:17:03,evening,3,0,1,medium,high,Malvern,Bars,2,1,1
tHsxcCUUQYkypUxssH48yg,1UNorskttXSWuEcgzKzXcA,4.0,2009-11-14 20:31:58,evening,5,1,0,long,high,Philadelphia,Lounges,3,1,1
Xlb-Hxrvkfyadnkmk5hrgw,z680Aylt8wN2KAeFM1hy-A,4.0,2009-11-15 02:16:55,night,6,1,1,short,high,Indianapolis,Bars,2,1,1
njJjEOLRTo03Fwp4jg_Jpg,Dtuf4vD0znzwJW9vk3iTNw,3.0,2009-11-15 23:50:20,evening,6,1,1,long,high,Indianapolis,Steakhouses,2,1,0
lLM0kPqTuGlBlbJ2veYGxg,jQBPO3rYkNwIaOdQS5ktgQ,5.0,2009-11-16 03:50:41,night,0,0,0,long,high,Saint Louis,Ice Cream & Frozen Yogurt,2,1,0
806piRS5Ueod_7oNHQDW-Q,Q-prSTdggNlxAEFV88BZOw,5.0,2009-11-16 16:45:28,afternoon,0,0,1,long,high,Philadelphia,Beer,2,1,1
zUk_Ww2q1At1QSyRbUjIGQ,JVekj-AqcU46mg7rzN_nOg,4.0,2009-11-16 19:22:22,evening,0,0,1,long,high,West Berlin,Diners,2,1,0
zUk_Ww2q1At1QSyRbUjIGQ,RuuGJoMm2Y3wbLbPPHTvqw,4.0,2009-11-16 19:26:45,evening,0,0,1,long,high,Runnemede,Restaurants,2,1,1
yon21mgAit4FGUZVWs_yfw,G1fQJ8k5U1gdX0vWODCZYA,2.0,2009-11-17 06:17:50,night,1,0,1,medium,high,New Orleans,Pizza,1,1,1
V9n2Qyr-dvNg00BwMWqquQ,Q-prSTdggNlxAEFV88BZOw,5.0,2009-11-17 16:36:45,afternoon,1,0,1,long,high,Philadelphia,Beer,2,1,1
zyNrXvJyYdC34tS6BcCykA,zLRRim8tu00cvU7QjAJAmQ,4.0,2009-11-17 20:28:01,evening,1,0,1,medium,high,Philadelphia,Delis,1,1,0
nlsxDX6nKcVDGWzVxdsWiQ,hXtXBZAP30-9dgxpzpBekQ,3.0,2009-11-19 22:00:38,evening,3,0,1,long,high,Saint Louis,Thai,1,1,0
nlsxDX6nKcVDGWzVxdsWiQ,lj-E32x9_FA7GmUrBGBEWg,4.0,2009-11-20 16:19:53,afternoon,4,0,1,long,high,St Louis,Bars,2,1,1
X1nvKXUJ5Lp3W9Oe-_JrMQ,zwTmOj4B_OVPMTMYijQiKg,3.0,2009-11-20 16:25:32,afternoon,4,0,1,medium,high,Philadelphia,Nightlife,1,1,1
N_mlUKdFuFN6Z6LiDWfTdw,N44roXfLNkBdpINQDjEFOQ,4.0,2009-11-20 19:32:41,evening,4,0,1,long,high,Collinsville,Mexican,1,1,1
bBd8sOgkhbaEeZHjczV8ZQ,NeY1bH6IKJxnn4YAixibsQ,3.0,2009-11-20 19:38:55,evening,4,0,1,long,high,Philadelphia,Coffee & Tea,1,0,1
ABy_uGiyQ7zlndwnodvFaw,TTUsGHhMch_hW03be2H0oA,4.0,2009-11-21 02:16:46,night,5,1,1,long,high,Edmonton,Restaurants,2,1,0
Xlb-Hxrvkfyadnkmk5hrgw,kSQNBSWTLlo-SwR6IcpvHA,5.0,2009-11-23 19:42:59,evening,0,0,1,short,high,Indianapolis,Restaurants,2,1,0
A3v4mtWlnaYZpHKKqzNhJg,sdWuLh-auc0nC2Jy6_26AQ,4.0,2009-11-26 16:31:20,afternoon,3,0,1,long,high,Philadelphia,Bars,2,1,0
ENmDzDzeup9IpuelBqFzIw,cx2fwY66_xTNFo0p2EEC4g,4.0,2009-12-03 17:42:51,afternoon,3,0,0,medium,high,Media,American (New),2,1,1
8Oj4m1xxNoI1P_1mek9fQQ,xruWHK8Z5N0JWyQubLHjgA,5.0,2009-12-04 01:02:42,night,4,0,1,long,high,Philadelphia,Food,2,0,0
8Oj4m1xxNoI1P_1mek9fQQ,yzyVZnGoab-Vpqy69wCXjA,3.0,2009-12-06 21:44:48,evening,6,1,1,long,high,Merchantville,Restaurants,1,0,0
1ypK74Sr0QmsJ8IZG8v0cQ,Q1HHAb4FzrzfnnrRyA8fgg,1.0,2009-12-09 20:30:21,evening,2,0,1,medium,high,Indianapolis,Restaurants,2,1,1
8Oj4m1xxNoI1P_1mek9fQQ,mUIBtlWNPD7sz3rGGWQ1RA,4.0,2010-01-08 02:26:34,night,4,0,1,long,high,Philadelphia,Mediterranean,2,0,1
Xlb-Hxrvkfyadnkmk5hrgw,z680Aylt8wN2KAeFM1hy-A,4.0,2010-01-08 14:18:00,afternoon,4,0,1,medium,high,Indianapolis,Bars,2,1,1
8-U6FgqWxNmXz80JhJQXZg,z680Aylt8wN2KAeFM1hy-A,3.0,2010-01-08 16:26:03,afternoon,4,0,1,long,high,Indianapolis,Bars,2,1,1
nn7aw-T8v1R4lNp3noRhnw,3lBooCffgkW7tVSG5kILBA,4.0,2010-01-08 19:41:17,evening,4,0,0,long,high,Philadelphia,Restaurants,2,0,0
oSeE_p_gYxI82APPWJhJjg,nP4LqTcK1USiw5WnbOjW7A,4.0,2010-01-08 19:51:01,evening,4,0,1,long,high,Philadelphia,Moroccan,1,0,0
nn7aw-T8v1R4lNp3noRhnw,zwTmOj4B_OVPMTMYijQiKg,5.0,2010-01-08 20:13:42,evening,4,0,0,medium,high,Philadelphia,Nightlife,1,1,1
GIWBa-4K9ejyiO6e7HOntA,oBhJuukGRqPVvYBfTkhuZA,3.0,2010-01-09 10:04:42,morning,5,1,1,long,high,Philadelphia,American (New),2,1,1
jYknm57qpeZzTueiVIYTOA,EtKSTHV5Qx_Q7Aur9o4kQQ,5.0,2010-01-09 23:30:49,evening,5,1,1,short,high,Philadelphia,Bars,2,1,1
RCZ5M9o2-fxgFuurpmEs3w,upkreyzHS0heQGzCtJ0aNg,5.0,2010-01-10 02:20:00,night,6,1,0,short,high,Kimberton,Salad,3,1,1
ALWSjow1qxW4SFFZ0ZNB6Q,1UNorskttXSWuEcgzKzXcA,5.0,2010-01-10 21:32:38,evening,6,1,1,long,high,Philadelphia,Lounges,3,1,1
MT65fT216MAENAaY-SIV-g,Cj4SH7N9HKtPhG_wp9ZiOA,4.0,2010-01-10 21:58:18,evening,6,1,1,long,high,Warrington,Bars,2,1,1
ZOmHHLEYTXxxs3nWJhKoaA,EpREWeEpmR8f1qLHzzF0AA,4.0,2010-01-11 06:01:12,night,0,0,1,long,high,Saint Louis,Local Flavor,2,1,1
ZOmHHLEYTXxxs3nWJhKoaA,RKVZbcCKNcAM5Jk_cV7I9A,1.0,2010-01-11 06:46:17,night,0,0,1,long,high,Saint Louis,American (New),2,1,1
8-U6FgqWxNmXz80JhJQXZg,W4rgF_1eKzFZiGUOsgbGMA,4.0,2010-01-11 14:13:18,afternoon,0,0,1,long,high,Carmel,Pakistani,2,1,0
B-s-8VUnuBjGTP3d01jsyw,ls4-Q1KYVP7L6H4eMTQx4w,3.0,2010-01-11 16:44:01,afternoon,0,0,1,long,high,Reno,American (Traditional),2,1,1
EXXdXcxflkg9moppilHoCA,kSRTaNwuHmmcZ32yRCmhJw,4.0,2010-01-11 17:10:54,afternoon,0,0,1,long,high,Wayne,Restaurants,1,1,0
oXHd9HUOGd9Lk_3nUNDYVA,ahH0MhpSAy5QEE7yTScJWA,3.0,2010-01-11 17:17:23,afternoon,0,0,1,medium,high,Washington Crossing,Italian,2,1,0
8Oj4m1xxNoI1P_1mek9fQQ,AbtYqoBGuvlWmR1gU0c3XA,2.0,2010-01-12 02:58:09,night,1,0,1,long,high,Philadelphia,Food,2,1,0
IpLRJY4CP3fXtlEd8Y4GFQ,-V0vIgo6196MDn_x3ZaYmA,3.0,2010-01-12 04:47:11,night,1,0,1,long,high,Philadelphia,Restaurants,2,0,0
7DUrZclovHlOwuJdMybnCQ,lRbHFOIFuusN2WOR_ypQ_A,3.0,2010-01-12 18:58:02,afternoon,1,0,1,long,high,Philadelphia,Restaurants,2,0,0
lLM0kPqTuGlBlbJ2veYGxg,MaYb7qMN6BomP1zQGj3Wjg,5.0,2010-01-12 23:04:17,evening,1,0,0,long,high,Saint Louis,Nightlife,2,1,1
Mf2NAhMTiYk0DC0fZjhNMw,IAyHcNx5IHoLf3V4dlgFCw,5.0,2010-01-13 21:13:43,evening,2,0,1,medium,high,Philadelphia,Restaurants,2,1,1
cogPv5baWhsR-_Dcw3-Taw,MaYb7qMN6BomP1zQGj3Wjg,1.0,2010-01-14 06:12:09,night,3,0,1,long,high,Saint Louis,Nightlife,2,1,1
8-U6FgqWxNmXz80JhJQXZg,z680Aylt8wN2KAeFM1hy-A,3.0,2010-01-14 19:10:51,evening,3,0,1,medium,high,Indianapolis,Bars,2,1,1
47oIw-CN1guUKx2_vUdsgw,Llu8_Lx2DFthmr99_eiOLA,3.0,2010-01-14 19:24:03,evening,3,0,1,medium,high,Saint Louis,Bakeries,1,1,0
GIWBa-4K9ejyiO6e7HOntA,oBhJuukGRqPVvYBfTkhuZA,2.0,2010-01-15 17:00:52,afternoon,4,0,1,long,high,Philadelphia,American (New),2,1,1
BDyCY898xb7QexX-XJgrEw,Ryt1Fhgz7sixMQSJiLyP_g,3.0,2010-01-15 19:40:28,evening,4,0,1,long,high,Philadelphia,Restaurants,2,1,1
uKZaU4nnY9EI8Ir7BSA5nA,04UD14gamNjLY0IDYVhHJg,4.0,2010-01-15 23:22:46,evening,4,0,1,medium,high,Philadelphia,Mediterranean,2,1,0
uKZaU4nnY9EI8Ir7BSA5nA,oBhJuukGRqPVvYBfTkhuZA,3.0,2010-01-15 23:30:15,evening,4,0,1,long,high,Philadelphia,American (New),2,1,1
uKZaU4nnY9EI8Ir7BSA5nA,Q-prSTdggNlxAEFV88BZOw,4.0,2010-01-15 23:32:16,evening,4,0,1,medium,high,Philadelphia,Beer,2,1,1
HOy4vtxyF-UD9bv9jmZGEw,JUlsvVAvZvGHWFfkKm0nlg,5.0,2010-01-16 00:14:19,night,5,1,0,short,high,Philadelphia,Mexican,2,1,1
GIWBa-4K9ejyiO6e7HOntA,7lwe7n-Yc-V9E_HfLAeylg,4.0,2010-01-16 01:15:21,night,5,1,1,long,high,Philadelphia,Restaurants,2,1,1
ABy_uGiyQ7zlndwnodvFaw,fycMe9LC7-O5ezKFrU-r_g,3.0,2010-01-16 01:36:48,night,5,1,1,long,high,Edmonton,Vietnamese,1,0,0
ABy_uGiyQ7zlndwnodvFaw,ubkCYzHu9ZnGi3vOQy_P1A,3.0,2010-01-16 01:42:26,night,5,1,1,long,high,Edmonton,Fruits & Veggies,1,0,0
HuoP7ejN-LSwkO1UIgmtaw,TRxR32_T_7Ly_RW4Ke97fw,4.0,2010-01-16 02:54:24,night,5,1,1,long,high,Saint Louis,Chinese,1,0,0
EXXdXcxflkg9moppilHoCA,ZrKxLiKC1d6F8oY7NXTorA,2.0,2010-01-16 15:03:48,afternoon,5,1,1,long,high,Oaks,Restaurants,3,0,0
HOy4vtxyF-UD9bv9jmZGEw,L3V21nAe-CicW2bvtNWa0g,4.0,2010-01-18 02:58:49,night,0,0,0,medium,high,Philadelphia,Sushi Bars,2,1,0
TylOr9YYTV3znqIvH7kdmQ,pSmOH4a3HNNpYM82J5ycLA,4.0,2010-01-18 04:46:49,night,0,0,1,long,high,Nashville,Restaurants,2,1,0
rduiiFS8pVcvWVfnkm8Quw,_JXfCdMu1TFblbhJ5KT7fw,4.0,2010-01-19 14:39:58,afternoon,1,0,1,long,high,Saint Louis,Thai,2,1,1
CAy7UDGySy5DzsgCxktpLg,sdWuLh-auc0nC2Jy6_26AQ,3.0,2010-01-19 15:27:46,afternoon,1,0,1,long,high,Philadelphia,Bars,2,1,0
CozGguiwx7JEVk7cAwdvpA,F1xE--Gb4rNFAwHkNkV31A,5.0,2010-01-19 16:51:13,afternoon,1,0,1,long,high,Reno,Pizza,2,1,1
BDyCY898xb7QexX-XJgrEw,C_EtrXTygRX5RTUOKtO6Dg,5.0,2010-01-19 17:01:30,afternoon,1,0,1,long,high,Philadelphia,Nightlife,2,1,1
B-s-8VUnuBjGTP3d01jsyw,zedtiorJSVxjpqMKdyp9TA,3.0,2010-01-19 19:23:07,evening,1,0,1,long,high,Reno,Bars,2,1,1
RgDVC3ZUBqpEe6Y1kPhIpw,EAtdpksdWfWAaqh3XdnNNg,4.0,2010-01-19 21:51:05,evening,1,0,1,long,high,Philadelphia,Restaurants,3,0,0
0MJ5sKX5uq7Ma5hbl4l3BQ,lRbHFOIFuusN2WOR_ypQ_A,5.0,2010-01-20 16:58:14,afternoon,2,0,1,medium,high,Philadelphia,Restaurants,2,0,0
_BcWyKQL16ndpBdggh2kNA,2GYg3liJ9-m6Z67L_4_BRQ,4.0,2010-01-20 17:16:12,afternoon,2,0,1,long,high,Philadelphia,Pets,2,0,0
ztVQFPr9khc_TjsBny-3rA,12_YxEYiswleR_TMtxkuHg,4.0,2010-01-21 00:52:46,night,3,0,0,long,high,Edmonton,Donairs,2,0,0
GIWBa-4K9ejyiO6e7HOntA,5iuo1kvv0XZMS0bUOoLz2Q,1.0,2010-01-21 03:41:19,night,3,0,1,long,high,Philadelphia,Restaurants,2,1,0
TylOr9YYTV3znqIvH7kdmQ,oaboaRBUgGjbo2kfUIKDLQ,4.0,2010-01-21 04:08:53,night,3,0,1,long,high,Nashville,Ice Cream & Frozen Yogurt,2,0,0
S1bcv4QpwW7Ysy0T9edlOQ,NB9wGhMqy27suWqNzk3laA,5.0,2010-01-21 14:04:57,afternoon,3,0,1,long,high,Philadelphia,Middle Eastern,2,0,0
nn7aw-T8v1R4lNp3noRhnw,VRnJgj0IvxoksHppE78X2Q,4.0,2010-01-21 14:43:10,afternoon,3,0,0,long,high,Philadelphia,Dim Sum,2,1,0
AF2wygvqImI9gbFijr13rw,9XpU6r6ATXSWYfbU7kibaQ,4.0,2010-01-21 18:27:44,afternoon,3,0,1,long,high,Philadelphia,Coffee & Tea,1,0,0
806piRS5Ueod_7oNHQDW-Q,9nkYaCQRyO0fi8SrXDFhGw,2.0,2010-01-21 22:45:23,evening,3,0,1,long,high,Philadelphia,Food,3,0,0
mxZfJDk8_cOO19c7xiMffQ,F8yozE3NWnImNApHO347gQ,5.0,2010-01-22 03:43:22,night,4,0,1,long,high,Philadelphia,Restaurants,2,1,1
XQk-XZKwNim2fsc8_LHksA,xCXGV3wEvYd4xBGx8ZRFQA,4.0,2010-01-22 04:48:07,night,4,0,1,long,high,Philadelphia,Restaurants,1,0,1
0MJ5sKX5uq7Ma5hbl4l3BQ,T9n_LqUUhC2b1ALhg57Y5Q,4.0,2010-01-22 12:51:29,morning,4,0,1,medium,high,Bensalem,Steakhouses,2,1,0
JxA595MQSkNqzSfMXYWatw,z3REVRkZbxW9SUfy11mJPw,5.0,2010-01-23 03:41:32,night,5,1,1,short,high,New Orleans,Food,2,1,1
A_BF2dDDUTKGVXrqxO9mag,zrd6bulYNAKhCdSVtJ8aXQ,2.0,2010-01-23 04:25:30,night,5,1,1,long,high,Sicklerville,American (Traditional),2,1,0
uAu772KpSkb-tPFgZmU-lA,O286wXm4mcznQn_1JieD1g,5.0,2010-01-23 14:34:50,afternoon,5,1,1,long,high,Philadelphia,Event Planning & Services,3,0,0
BDyCY898xb7QexX-XJgrEw,ppFCk9aQkM338Rgwpl2F5A,4.0,2010-01-23 18:49:53,afternoon,5,1,1,long,high,Philadelphia,Restaurants,1,0,0
2vgqdk3vuAM-LTRKxI9nfA,L9sNYgV-TKTQdkaeEZBqEg,4.0,2010-01-24 01:51:17,night,6,1,1,long,high,Saint Louis,Thai,2,1,0
8gc8dZzfHuH1Q2tf8cz3EQ,Aphp-EdFass877c-sWp5eg,4.0,2010-01-24 02:00:09,night,6,1,1,long,high,Woodbury,Diners,2,1,1
ZdYHJ-hctaaDeH1CpP7-EA,cXSyVvOr9YRN9diDkaWs0Q,4.0,2010-01-24 15:49:38,afternoon,6,1,1,long,high,Philadelphia,Southern,2,1,1
ZGjgfSvjQK886kiTzLwfLQ,cXSyVvOr9YRN9diDkaWs0Q,3.0,2010-01-24 20:56:19,evening,6,1,1,long,high,Philadelphia,Southern,2,1,1
y3Wtx1pOvTiqsJRkjceXiw,9gObo5ltOMo6UgsaXaHPWA,2.0,2010-01-25 15:30:09,afternoon,0,0,1,long,high,Philadelphia,American (New),3,1,0
lYQk0R6sPfo3WeX-l_5BuA,pNu5bd9aL3jcJClfdQ86MQ,3.0,2010-01-25 15:30:52,afternoon,0,0,1,long,high,St Louis,Mediterranean,2,1,1
0MJ5sKX5uq7Ma5hbl4l3BQ,hy5GpGXAna-5qrb3zNub6g,1.0,2010-01-26 11:50:16,morning,1,0,1,long,high,Mt. Laurel,Mexican,2,1,1
f9lq4KAus-xCsmJmjXeKVw,JX4tUpd09YFchLBuI43lGw,3.0,2010-01-26 21:14:29,evening,1,0,0,long,high,Edmonton,Arts & Entertainment,2,0,0
ztVQFPr9khc_TjsBny-3rA,ubkCYzHu9ZnGi3vOQy_P1A,5.0,2010-01-27 03:00:51,night,2,0,0,long,high,Edmonton,Fruits & Veggies,1,0,0
ZcNLb0XgmVOPcYvElhz3WA,AtIGlkUITdQFhAG_JWp-Og,2.0,2010-01-27 05:46:02,night,2,0,1,long,high,Hermitage,Modern European,2,0,0
47oIw-CN1guUKx2_vUdsgw,I13c2-Yo7hn2BKwCI81HSQ,5.0,2010-01-27 15:21:30,afternoon,2,0,1,long,high,Saint Louis,Pizza,1,0,1
sh3V6hnNMLVV9YwFA9QNaw,nvb8SFi1-LzaQHEhUnw_7g,1.0,2010-01-27 16:49:45,afternoon,2,0,1,medium,high,Treasure Island,Restaurants,2,1,1
RgDVC3ZUBqpEe6Y1kPhIpw,d_tRshM-w6S4QxE4VVi8tQ,3.0,2010-01-27 17:17:52,afternoon,2,0,1,long,high,Philadelphia,American (New),2,1,0
exDOIbSQ2S5hSwewrs1MVw,DRr5xdfHtqgWfhmdTU1B8Q,4.0,2010-01-27 19:23:15,evening,2,0,1,medium,high,Philadelphia,Breakfast & Brunch,2,1,1
K45F8uWoeXLXt-CXjCAbFQ,Wd9JBLjCCh5yTF0vPAxCAA,5.0,2010-01-27 21:50:59,evening,2,0,0,long,high,Tucson,Mexican,2,1,0
f9lq4KAus-xCsmJmjXeKVw,S3Kl763P-wKnDLFy0iirqA,4.0,2010-01-29 00:07:37,night,4,0,0,long,high,Edmonton,Bars,2,1,0
zrESudirjip-s8wxxAB0xw,1UNorskttXSWuEcgzKzXcA,4.0,2010-01-29 00:43:02,night,4,0,1,long,high,Philadelphia,Lounges,3,1,1
ztVQFPr9khc_TjsBny-3rA,B3JF06ctShiYJeg1FyJ5jA,4.0,2010-01-31 00:09:12,night,6,1,0,long,high,Edmonton,Indian,2,1,1
qunxFdBDVl0ordRJEPVNtQ,D1OT9vuepvXJrn5VDgm4YA,5.0,2010-01-31 20:39:15,evening,6,1,0,long,high,Santa Barbara,Food,2,0,0
8M4_nA8e9VacrirvCwrl8Q,ZU82RHDmAgKg156YyYS3gA,3.0,2010-02-01 02:21:03,night,0,0,0,long,high,Reno,Arts & Crafts,2,0,0
cJCiN7dtlGLW2-zApamFQA,nX2105_S9lUhB5rbhC2n2w,5.0,2010-02-01 23:58:33,evening,0,0,1,long,high,Saint Louis,Donuts,1,0,0
ZGjgfSvjQK886kiTzLwfLQ,REt83ozDeIl6fCYZuAjNrA,4.0,2010-02-03 04:42:11,night,2,0,1,long,high,Philadelphia,Chinese,1,0,0
vr-Rw3nMKIgGrVNT6A7p9g,tCLAeZsjXFG9RumJ4Hn0Kw,4.0,2010-02-05 01:29:20,night,4,0,1,long,high,Philadelphia,Restaurants,1,0,0
qA_8SkGk6ub8nTjoY1q6Cw,kSQNBSWTLlo-SwR6IcpvHA,2.0,2010-02-07 17:23:39,afternoon,6,1,1,medium,high,Indianapolis,Restaurants,2,1,0
yPa_4u6hcWEHkziHAeRapw,9gObo5ltOMo6UgsaXaHPWA,2.0,2010-02-16 03:41:31,night,1,0,1,long,high,Philadelphia,American (New),3,1,0
f9lq4KAus-xCsmJmjXeKVw,boLOUdV5T1O5a1cWaClfDA,2.0,2010-03-12 20:46:44,evening,4,0,0,long,high,Edmonton,Fast Food,1,0,0
qunxFdBDVl0ordRJEPVNtQ,SaUbh0sMSev8gKNJYtC76g,4.0,2010-03-13 07:27:58,morning,5,1,0,long,high,Santa Barbara,American (New),2,1,1
qunxFdBDVl0ordRJEPVNtQ,IUgQmteI-mbt_qjL2ZENKA,4.0,2010-03-13 07:30:05,morning,5,1,0,medium,high,Santa Barbara,Restaurants,3,1,1
WlgB9SAzYAyHEAlawc27xg,i_5PaxI8DK9EErsHBdwP1A,4.0,2010-03-13 16:24:33,afternoon,5,1,1,long,high,Philadelphia,Restaurants,2,0,0
WlgB9SAzYAyHEAlawc27xg,3ZynJ94VpIdDlaArmEp2Rg,4.0,2010-03-13 17:35:20,afternoon,5,1,1,long,high,Philadelphia,Food,2,0,1
KsTA7_Ps9NucN-VAjy4GOA,9gObo5ltOMo6UgsaXaHPWA,5.0,2010-03-13 17:40:15,afternoon,5,1,1,long,high,Philadelphia,American (New),3,1,0
KsTA7_Ps9NucN-VAjy4GOA,r1XrdSiWFp-CeZJ4ik7zoQ,5.0,2010-03-13 18:03:03,afternoon,5,1,1,long,high,Wayne,Caterers,2,0,1
-B-QEUESGWHPE_889WJaeg,SaUbh0sMSev8gKNJYtC76g,2.0,2010-03-13 22:04:25,evening,5,1,1,long,high,Santa Barbara,American (New),2,1,1
PuvfPONWyhdtRVPWu7kLpQ,-bGw8ARHQucKWEHEkxpGFw,1.0,2010-03-13 22:33:10,evening,5,1,0,long,low,St. Louis,Bakeries,1,0,1
DDJliZbj8VYfwikMQWbrBA,2XYPFRm7teCUr3eGsB2-qw,3.0,2010-03-13 23:49:26,evening,5,1,1,long,high,Blue Bell,Thai,2,0,1
ET3TgSSQ3shm2mj5vZ8IVQ,1UNorskttXSWuEcgzKzXcA,4.0,2010-03-14 21:03:40,evening,6,1,1,long,high,Philadelphia,Lounges,3,1,1
RB1eNPEDYtrH_azM46IgUA,cz0sBSp8G2R2dqE6cccbuw,4.0,2010-03-15 17:44:04,afternoon,0,0,1,long,high,Philadelphia,Restaurants,1,0,0
vNTIw7KCKcRi6s9NJPzGTg,37BpNvlEAT6WVGsksrHbBQ,4.0,2010-03-15 18:01:05,afternoon,0,0,0,medium,high,Nashville,Sushi Bars,2,1,1
8TQ4QWrbS6nKvQAjvQMbug,OlOVRlcEstxKK_6hMjy63A,5.0,2010-03-16 00:40:52,night,1,0,1,medium,high,Wilmington,Restaurants,2,1,0
8TQ4QWrbS6nKvQAjvQMbug,iJKOUYgigs4VYsWny6AtEA,5.0,2010-03-16 00:49:12,night,1,0,1,short,high,Wilmington,Restaurants,1,0,1
ztVQFPr9khc_TjsBny-3rA,ubkCYzHu9ZnGi3vOQy_P1A,4.0,2010-03-16 17:47:54,afternoon,1,0,0,long,high,Edmonton,Fruits & Veggies,1,0,0
47oIw-CN1guUKx2_vUdsgw,J_195G8K_MziKZEXj7Nxdw,3.0,2010-03-16 19:12:37,evening,1,0,1,long,high,Saint Louis,Food,1,0,0
7DUrZclovHlOwuJdMybnCQ,9nkYaCQRyO0fi8SrXDFhGw,3.0,2010-03-16 21:03:50,evening,1,0,1,long,high,Philadelphia,Food,3,0,0
aGI_wfhcJ86DJ-67Lkty8g,E1gf1YIWOo1BgzMUwJtEZg,1.0,2010-03-17 16:01:30,afternoon,2,0,1,medium,high,Philadelphia,Pizza,1,1,1
ycXDvH-nE4SbKOr5hyTVkQ,zIDuAuwyaLmNwv4k18mbwA,4.0,2010-03-17 17:18:31,afternoon,2,0,1,medium,high,Indianapolis,Indian,2,1,0
k8y8sNAXTl6XMzg5Qr61rg,ncxN9II-MeXRudUrE3GVsA,4.0,2010-03-17 19:18:10,evening,2,0,1,medium,high,Bridgeport,Restaurants,2,1,0
ztVQFPr9khc_TjsBny-3rA,qxDVtIq0EtvOtVKDwbYOiQ,1.0,2010-03-18 22:16:29,evening,3,0,0,long,high,Edmonton,American (Traditional),2,1,1
IpLRJY4CP3fXtlEd8Y4GFQ,pqe1pCQx--uybdm6EQ8AqQ,2.0,2010-03-18 23:28:04,evening,3,0,1,medium,high,Wynnewood,American (New),1,0,1
0Igx-a1wAstiBDerGxXk2A,GBTPC53ZrG1ZBY3DT8Mbcw,3.0,2010-03-18 23:52:13,evening,3,0,1,long,high,New Orleans,German,2,1,0
DDJliZbj8VYfwikMQWbrBA,-OIUunijjcq_ZzyyQhPPFQ,5.0,2010-03-20 12:51:10,morning,5,1,1,long,high,Philadelphia,Restaurants,2,0,0
d3uua2aVk1OMUywzp9dEgw,FYw5uf26ry8-MuPKD10z0Q,5.0,2010-03-20 23:30:30,evening,5,1,0,medium,low,Reno,Grocery,2,1,1
f9lq4KAus-xCsmJmjXeKVw,c7h5S5Oqz3wq3KufxUlmtQ,4.0,2010-03-20 23:48:50,evening,5,1,0,medium,high,Edmonton,Creperies,1,0,0
LkXNQQaIc5yrKu9Ap87RrA,ls4-Q1KYVP7L6H4eMTQx4w,2.0,2010-03-21 02:35:06,night,6,1,1,medium,high,Reno,American (Traditional),2,1,1
zrESudirjip-s8wxxAB0xw,d_tRshM-w6S4QxE4VVi8tQ,5.0,2010-03-21 18:59:08,afternoon,6,1,1,long,high,Philadelphia,American (New),2,1,0
zrESudirjip-s8wxxAB0xw,EtKSTHV5Qx_Q7Aur9o4kQQ,5.0,2010-03-21 19:18:16,evening,6,1,1,long,high,Philadelphia,Bars,2,1,1
BrfStKKOVtT-BZGuT9qJwA,3kiB39JzdovdlOhQj-nMCw,4.0,2010-03-22 14:03:08,afternoon,0,0,1,long,high,Philadelphia,Restaurants,1,1,0
BrfStKKOVtT-BZGuT9qJwA,pqe1pCQx--uybdm6EQ8AqQ,4.0,2010-03-22 14:17:32,afternoon,0,0,1,long,high,Wynnewood,American (New),1,0,1
RB1eNPEDYtrH_azM46IgUA,4SQ5uczVt66-GGGeNQRfEA,2.0,2010-03-22 14:59:02,afternoon,0,0,1,long,high,Philadelphia,Nightlife,2,1,1
lT0jFHCIloX3bnF5eu0ERg,Z5po0aTuzKKblek5y6Sp8Q,4.0,2010-03-23 15:29:47,afternoon,1,0,1,long,high,Philadelphia,Food,2,0,0
zyNrXvJyYdC34tS6BcCykA,Z5po0aTuzKKblek5y6Sp8Q,4.0,2010-03-23 20:12:36,evening,1,0,1,long,high,Philadelphia,Food,2,0,0
d3uua2aVk1OMUywzp9dEgw,neL2xrin-uMJl5ABKyPLKA,5.0,2010-03-23 20:51:47,evening,1,0,0,medium,low,Reno,Fondue,3,1,0
IpLRJY4CP3fXtlEd8Y4GFQ,pj8Y-5vfbRitnnm2xJFH9w,3.0,2010-03-23 21:07:36,evening,1,0,1,medium,high,Philadelphia,Caribbean,2,1,1
7DUrZclovHlOwuJdMybnCQ,Z5po0aTuzKKblek5y6Sp8Q,4.0,2010-03-24 00:38:46,night,2,0,1,long,high,Philadelphia,Food,2,0,0
OY0lWSo1kw_B84JF89kAFQ,g8ZqVCalVp-PsOqyS4dXGw,4.0,2010-03-24 12:44:27,morning,2,0,1,long,high,Media,Restaurants,2,0,0
8-U6FgqWxNmXz80JhJQXZg,oJ4ik-4PZe6gexxW-tSmsw,4.0,2010-03-24 13:10:49,afternoon,2,0,1,long,high,Indianapolis,Nightlife,2,1,1
agQIzYCb8Qc5f8a1JEb5og,sdWuLh-auc0nC2Jy6_26AQ,4.0,2010-03-24 17:35:02,afternoon,2,0,1,long,high,Philadelphia,Bars,2,1,0
qTMK2qr6ngof4fe29qyooA,Xn9XOYqXa4IHdHnaZr9JAA,3.0,2010-03-24 23:02:26,evening,2,0,1,long,high,Saint Louis,Juice Bars & Smoothies,1,0,1
S1bcv4QpwW7Ysy0T9edlOQ,Z5po0aTuzKKblek5y6Sp8Q,3.0,2010-03-25 11:55:38,morning,3,0,1,long,high,Philadelphia,Food,2,0,0
4kKngcDGjuzo18pxx5jHog,CA5BOxKRDPGJgdUQ8OUOpw,4.0,2010-03-25 16:38:20,afternoon,3,0,1,long,high,Tucson,Grocery,2,1,1
IpLRJY4CP3fXtlEd8Y4GFQ,NeY1bH6IKJxnn4YAixibsQ,3.0,2010-03-25 17:12:20,afternoon,3,0,1,medium,high,Philadelphia,Coffee & Tea,1,0,1
0G-QF457q_0Z_jKqh6xWiA,MaYb7qMN6BomP1zQGj3Wjg,4.0,2010-03-26 20:09:11,evening,4,0,1,long,high,Saint Louis,Nightlife,2,1,1
56gp5RUwFLckqvph8E5R3A,bfY9Z5zOihXRrR2aqVqHXQ,2.0,2010-03-26 20:36:01,evening,4,0,1,medium,high,Brentwood,Drugstores,2,0,0
Kj-u8Yq1d3mLKitWsDAxpg,ki1ji38VOBVhZJ__Awvf-Q,3.0,2010-03-27 20:33:19,evening,5,1,1,long,high,Bensalem,Restaurants,3,1,0
gOAvWocRyGbKvUaitVy8fQ,C5zdtQSfK_bjWi81MMI0SQ,1.0,2010-03-27 22:09:49,evening,5,1,1,short,high,Philadelphia,Mediterranean,1,0,1
f9lq4KAus-xCsmJmjXeKVw,12_YxEYiswleR_TMtxkuHg,4.0,2010-03-27 22:28:42,evening,5,1,0,long,high,Edmonton,Donairs,2,0,0
Asx28DdgUx6vYWSxl0oOAQ,Z5po0aTuzKKblek5y6Sp8Q,4.0,2010-03-27 23:39:07,evening,5,1,1,long,high,Philadelphia,Food,2,0,0
cJCiN7dtlGLW2-zApamFQA,GV-e7Op4aU98xkjjoKlRhA,4.0,2010-03-29 01:56:16,night,0,0,1,medium,high,Saint Louis,Basque,2,1,1
cFaHx-FkCnzdfF8BccukIg,iJOwwuhHP_0BCHmpmJ8l4Q,4.0,2010-03-29 18:04:24,afternoon,0,0,0,medium,high,Philadelphia,Fast Food,1,0,0
rohwiags-kVO_IgYK1sIfw,3ZynJ94VpIdDlaArmEp2Rg,5.0,2010-03-30 19:24:32,evening,1,0,1,long,high,Philadelphia,Food,2,0,1
eh03Ytv4exbW33L2erx1kA,_aKr7POnacW_VizRKBpCiA,5.0,2010-03-31 07:21:38,morning,2,0,0,short,high,Saint Louis,Delis,1,1,0
zAMpV0uFt9XpqRDFNLWPrQ,AmnnsJq4Pz1jJUFzHwtsOA,5.0,2010-03-31 23:16:52,evening,2,0,1,medium,high,Indianapolis,Fast Food,1,1,1
f9lq4KAus-xCsmJmjXeKVw,yghCRxGNOlD6-iCZVoVL8w,4.0,2010-04-01 04:29:10,night,3,0,0,long,high,Edmonton,Mediterranean,1,0,0
B-s-8VUnuBjGTP3d01jsyw,bn4N0bxa-u-kBaKLwU893w,1.0,2010-04-02 00:12:59,night,4,0,1,long,high,New Orleans,Restaurants,1,0,0
rTKK_-3W3gIQEohj0QSFWA,OQBgwnIHY7vOrbjft8RM8w,3.0,2010-04-02 14:42:44,afternoon,4,0,1,long,high,Saint Louis,Food,1,1,1
rTKK_-3W3gIQEohj0QSFWA,RKVZbcCKNcAM5Jk_cV7I9A,4.0,2010-04-02 14:49:29,afternoon,4,0,1,long,high,Saint Louis,American (New),2,1,1
HW-QgyCq4DzUQCFRaYn6Fg,EtKSTHV5Qx_Q7Aur9o4kQQ,5.0,2010-04-02 19:56:16,evening,4,0,1,long,high,Philadelphia,Bars,2,1,1
47oIw-CN1guUKx2_vUdsgw,F0AAzMdhv2RyjwHVned5bQ,4.0,2010-04-02 22:03:43,evening,4,0,1,long,high,Florissant,American (Traditional),2,1,1
-hKniZN2OdshWLHYuj21jQ,ak0PfrI9FZcFaDQv5oXtVw,5.0,2010-04-04 00:18:01,night,6,1,1,medium,high,Lahaska,Cheese Shops,4,0,1
36rYo-dZTwy8LUlmimgdbg,Q-prSTdggNlxAEFV88BZOw,5.0,2010-04-04 13:12:54,afternoon,6,1,1,long,high,Philadelphia,Beer,2,1,1
FlvxeXfNW8IHDYDIsHjSgg,AIuczSOGI3zX0kwGxtPApg,4.0,2010-04-05 03:47:31,night,0,0,1,long,high,Boise,Italian,2,1,0
YV6uaSzANkraOQQzN0alWg,DRr5xdfHtqgWfhmdTU1B8Q,2.0,2010-04-05 17:44:52,afternoon,0,0,1,long,high,Philadelphia,Breakfast & Brunch,2,1,1
rduiiFS8pVcvWVfnkm8Quw,J_195G8K_MziKZEXj7Nxdw,4.0,2010-04-07 19:28:40,evening,2,0,1,long,high,Saint Louis,Food,1,0,0
Z-ee4V5_ZFsI2ltccSpqyw,-K0zTgGyxo-AeSkcV0IVaA,5.0,2010-04-07 22:43:42,evening,2,0,1,long,high,Chesterfield,Mediterranean,2,1,1
Z-ee4V5_ZFsI2ltccSpqyw,MaYb7qMN6BomP1zQGj3Wjg,5.0,2010-04-12 04:34:25,night,0,0,1,long,high,Saint Louis,Nightlife,2,1,1
Cbr8ES0BPeXzmGssfgIvqg,at-NaeVYJ5VDG9pC4PXbSA,5.0,2010-04-13 00:14:55,night,1,0,1,medium,high,Spring Hill,Thai,2,1,0
7DUrZclovHlOwuJdMybnCQ,4_W5pstoN1166TGjjPOrMg,4.0,2010-04-15 23:17:31,evening,3,0,1,long,high,Philadelphia,American (Traditional),2,1,1
7fDqaGdUMccXQ4bnPwR6yg,jQBPO3rYkNwIaOdQS5ktgQ,4.0,2010-04-16 22:02:55,evening,4,0,1,long,high,Saint Louis,Ice Cream & Frozen Yogurt,2,1,0
sh3V6hnNMLVV9YwFA9QNaw,9ouyziwYpSvJzlLFpukSgA,2.0,2010-04-20 13:37:25,afternoon,1,0,1,medium,high,Pinellas Park,Mexican,1,1,1
HuoP7ejN-LSwkO1UIgmtaw,J_195G8K_MziKZEXj7Nxdw,4.0,2010-05-14 18:46:58,afternoon,4,0,1,long,high,Saint Louis,Food,1,0,0
WFXqCsd97UsXcE8K_uQ4_Q,c3eWB489arZI26M8n4gAvw,5.0,2010-05-14 19:22:55,evening,4,0,1,long,high,Saint Louis,Restaurants,2,1,0
ENmDzDzeup9IpuelBqFzIw,nYRFGR2C-OOhRvO8rvI4qw,2.0,2010-05-14 20:35:36,evening,4,0,0,long,high,Broomall,Restaurants,2,0,0
HuoP7ejN-LSwkO1UIgmtaw,EpREWeEpmR8f1qLHzzF0AA,5.0,2010-05-15 13:58:00,afternoon,5,1,1,long,high,Saint Louis,Local Flavor,2,1,1
1A0zd56jS9AFuXFPS5JmUg,ncxN9II-MeXRudUrE3GVsA,2.0,2010-05-16 01:23:31,night,6,1,1,medium,high,Bridgeport,Restaurants,2,1,0
1A0zd56jS9AFuXFPS5JmUg,02jZC7oX0SbWXVFboNwFGA,5.0,2010-05-16 01:30:38,night,6,1,1,medium,high,King of Prussia,Food,1,0,0
HuoP7ejN-LSwkO1UIgmtaw,sB45WFgysT617bKWP_WJwA,4.0,2010-05-16 06:20:20,night,6,1,1,long,high,Saint Louis,Bars,1,0,0
k_muz40jJaiY1PVga6NDXA,GUNpbcLvHZLE3NpOifjNUQ,5.0,2010-05-16 20:51:03,evening,6,1,1,long,high,Philadelphia,Restaurants,2,1,1
Hxx8FmhpxiugIrGRh8RDOg,ARgidflSXPHj7uhK-Y7hwA,4.0,2010-05-17 13:01:22,afternoon,0,0,1,long,high,St Louis,Japanese,2,1,0
IpLRJY4CP3fXtlEd8Y4GFQ,pj8Y-5vfbRitnnm2xJFH9w,4.0,2010-05-17 13:11:07,afternoon,0,0,1,long,high,Philadelphia,Caribbean,2,1,1
toQe9adQWV7iC7KM_eugsA,skW4boArIApRw9DXKXukkA,3.0,2010-05-18 16:20:18,afternoon,1,0,1,medium,high,Philadelphia,American (Traditional),2,1,0
r8KcPxZ-x-SjDMl7V_IWlQ,Y2NFeGtConx1qciSPKcRlA,4.0,2010-05-18 22:18:32,evening,1,0,1,long,high,New Orleans,Restaurants,2,1,1
eZ8PQPFuR8yfwQOU9IANGw,1Pxg1AMf0rEn9QF__ZYoWw,3.0,2010-05-19 14:43:22,afternoon,2,0,1,long,high,Nashville,Japanese,2,1,0
1A0zd56jS9AFuXFPS5JmUg,5Z-z5-ZYmrJ8RW_oOpp9lQ,4.0,2010-05-19 16:22:13,afternoon,2,0,1,long,high,Oaks,Sandwiches,1,0,1
SXeMGP5lNgc03z7cl9Xihg,AtIGlkUITdQFhAG_JWp-Og,3.0,2010-05-19 18:41:05,afternoon,2,0,1,long,high,Hermitage,Modern European,2,0,0
fxeRdFmgY6tbTyidpcdFLw,mx1_2BxcIbZ1RKsGG_UPHg,3.0,2010-05-20 01:16:58,night,3,0,1,medium,high,Dupo,Nightlife,1,1,1
tJZnXf1mafOOEcUNd3yoiA,F-vfI049swuwDR7HMOW1Fg,5.0,2010-05-20 03:25:19,night,3,0,0,medium,high,Fishers,Mexican,2,1,1
ouODopBKF3AqfCkuQEnrDg,2XYPFRm7teCUr3eGsB2-qw,4.0,2010-05-20 13:30:17,afternoon,3,0,1,long,high,Blue Bell,Thai,2,0,1
U7JinPjZhXocl8FL_5cJ0A,j99PtxlKTW_u5alE4jiqHQ,3.0,2010-05-20 17:53:26,afternoon,3,0,0,medium,high,Philadelphia,Restaurants,2,1,0
WFXqCsd97UsXcE8K_uQ4_Q,Q-a-DzqRufrPL6EcUDpyag,4.0,2010-05-20 19:26:05,evening,3,0,1,long,high,Saint Charles,Beer,2,1,0
82UbpDEPMGJ9Sod8a1U-cg,rQW9iupvhk6ScPn2VPNLVQ,5.0,2010-05-20 19:45:26,evening,3,0,1,long,high,Philadelphia,Food Trucks,1,0,0
1A0zd56jS9AFuXFPS5JmUg,7utsfp2dXJ09j8Gb9hAIvA,5.0,2010-05-21 10:16:39,morning,4,0,1,medium,high,Bridgeport,Restaurants,1,0,0
ouODopBKF3AqfCkuQEnrDg,mQvRi0nm84Www71d4qOheQ,4.0,2010-05-21 13:20:09,afternoon,4,0,1,medium,high,Bryn Mawr,Seafood,2,0,0
0mYNAVDIzW4fzgAQ5opGWg,nl_La1sCrZG0xq0HNt4WsQ,4.0,2010-05-21 14:43:44,afternoon,4,0,1,long,high,Philadelphia,Restaurants,1,1,0
kX8VElJe7Pj-cJ-yZAzHdA,nl_La1sCrZG0xq0HNt4WsQ,4.0,2010-05-21 16:53:46,afternoon,4,0,1,long,high,Philadelphia,Restaurants,1,1,0
pNF7ShX5v_BqbRNe0mFCUw,EAtdpksdWfWAaqh3XdnNNg,4.0,2010-05-21 19:10:13,evening,4,0,0,long,low,Philadelphia,Restaurants,3,0,0
pNF7ShX5v_BqbRNe0mFCUw,u9XTeDl_If4U5Eixl6ys7g,4.0,2010-05-21 19:18:48,evening,4,0,0,medium,low,Philadelphia,Nightlife,2,1,0
1A0zd56jS9AFuXFPS5JmUg,YPnksHT2DQA0AhcxP6udxw,4.0,2010-05-22 02:36:25,night,5,1,1,long,high,King of Prussia,Restaurants,1,0,0
mZrbrAAtQ0Xmt_MMUEs6Kg,5FuQbcHTF_I7PWJzhCMObw,3.0,2010-05-22 14:36:17,afternoon,5,1,1,medium,high,Philadelphia,Cheesesteaks,1,0,0
7ktyPHE-NGnWxarOqjIQiQ,Mufi8VH23CoxIZNftf-lZw,4.0,2010-05-23 01:47:00,night,6,1,1,long,high,Southampton,Pizza,2,0,1
_BcWyKQL16ndpBdggh2kNA,RZtGWDLCAtuipwaZ-UfjmQ,4.0,2010-05-23 13:46:29,afternoon,6,1,1,long,high,Philadelphia,Pizza,2,1,1
LlLNWV5FmKvjOj0p5qGYeg,pQ0WQwBPdpngQi_HdPYIag,4.0,2010-05-23 13:52:14,afternoon,6,1,0,long,high,Abington,Thai,2,0,0
LlLNWV5FmKvjOj0p5qGYeg,14ZGwnDyydXdSBsLXpSUrA,5.0,2010-05-23 14:27:17,afternoon,6,1,0,long,high,Philadelphia,Vietnamese,2,1,1
LlLNWV5FmKvjOj0p5qGYeg,c8rjE6NcfeyzLB_aU1GdMA,2.0,2010-05-23 15:03:21,afternoon,6,1,0,medium,high,Philadelphia,Nightlife,2,1,0
LlLNWV5FmKvjOj0p5qGYeg,QWqKTWQ2OiDgo3dzNkpung,5.0,2010-05-23 15:10:34,afternoon,6,1,0,medium,high,Philadelphia,Korean,2,0,0
LlLNWV5FmKvjOj0p5qGYeg,T4rJKYfjty5-2N2QTcvGyw,4.0,2010-05-23 15:17:11,afternoon,6,1,0,medium,high,Jenkintown,Dive Bars,1,1,0
k_muz40jJaiY1PVga6NDXA,cGa8ySpfmtfQKPkHJKHnUw,4.0,2010-05-23 19:57:28,evening,6,1,1,medium,high,Montgomeryville,Restaurants,1,0,0
ptszYqvULb9AT04VfKaXfg,i7LerGjkoxNPrlJ1oJpbXw,4.0,2010-05-23 21:29:48,evening,6,1,1,long,high,Langhorne,Restaurants,2,1,0
LlLNWV5FmKvjOj0p5qGYeg,rpZrUHxtj5JZuq76FkbNdA,4.0,2010-05-23 23:03:31,evening,6,1,0,medium,high,Willow Grove,Dim Sum,2,1,1
fiU7TnWwHFlhD259ur0bEw,cXSyVvOr9YRN9diDkaWs0Q,3.0,2010-05-23 23:47:23,evening,6,1,1,medium,high,Philadelphia,Southern,2,1,1
CDxlgCoUoNRV3VMkYZrUuQ,HTqXI5S2XcSlh_ylx9sE6g,5.0,2010-05-24 13:42:50,afternoon,0,0,1,medium,high,Philadelphia,Food,2,0,0
V9n2Qyr-dvNg00BwMWqquQ,VD4Rdyj0tauBckrTYgIcpQ,4.0,2010-05-24 17:05:37,afternoon,0,0,1,long,high,Philadelphia,Restaurants,2,0,0
BDyCY898xb7QexX-XJgrEw,VD4Rdyj0tauBckrTYgIcpQ,4.0,2010-05-24 17:17:41,afternoon,0,0,1,long,high,Philadelphia,Restaurants,2,0,0
V9n2Qyr-dvNg00BwMWqquQ,EtKSTHV5Qx_Q7Aur9o4kQQ,3.0,2010-05-24 19:08:39,evening,0,0,1,long,high,Philadelphia,Bars,2,1,1
DDJliZbj8VYfwikMQWbrBA,-ATiAtTikuGuqvaW2O6tNA,3.0,2010-05-24 19:42:14,evening,0,0,1,medium,high,Philadelphia,Sandwiches,2,1,1
Hxx8FmhpxiugIrGRh8RDOg,sece3MulAu81rJORM3qXQQ,4.0,2010-05-24 19:49:31,evening,0,0,1,long,high,Saint Louis,Modern European,1,0,1
S1bcv4QpwW7Ysy0T9edlOQ,mUIBtlWNPD7sz3rGGWQ1RA,4.0,2010-05-24 23:09:59,evening,0,0,1,medium,high,Philadelphia,Mediterranean,2,0,1
CDxlgCoUoNRV3VMkYZrUuQ,dERS4qwl9v-Gwft-Ug8APA,5.0,2010-05-25 00:18:11,night,1,0,1,medium,high,Jenkintown,Restaurants,2,0,1
7Td9DntkgdAMmXqxHTo-Kg,OX-Y_c0iZTVNUSzxauiJCg,3.0,2010-05-25 01:46:45,night,1,0,1,medium,high,Nashville,Department Stores,1,0,0
ScuWOAFGiCSDkZPI4x5mAQ,9wa2FJBzEk8Gv0ahK2o_hA,4.0,2010-05-25 12:21:09,morning,1,0,1,medium,high,New Port Richey,Breakfast & Brunch,1,0,0
LlLNWV5FmKvjOj0p5qGYeg,qDkbudGRfmJvf7trQZea4g,3.0,2010-05-25 14:33:27,afternoon,1,0,0,medium,high,Philadelphia,Restaurants,3,1,0
Yl4W33ShuKg0IBOZqZfQcw,iCKF72z3fqRTF1vxdBZINQ,4.0,2010-05-25 14:44:49,afternoon,1,0,1,long,high,Nashville,American (Traditional),2,1,1
Cbr8ES0BPeXzmGssfgIvqg,EP2jFD3aGoSBCWb7irY5-w,3.0,2010-05-25 15:31:57,afternoon,1,0,1,medium,high,Temple Terrace,Ethiopian,2,1,1
RMrWegRjr3gn_g7fOLxHRA,9nkYaCQRyO0fi8SrXDFhGw,3.0,2010-05-25 17:10:56,afternoon,1,0,1,long,high,Philadelphia,Food,3,0,0
k_muz40jJaiY1PVga6NDXA,jxfAi7UDmtbhyPw7ZsfKVw,4.0,2010-05-25 20:35:31,evening,1,0,1,medium,high,Media,Desserts,2,0,1
6WG2IGTVr-xKn0pYQZJGjw,1UNorskttXSWuEcgzKzXcA,5.0,2010-05-26 13:18:10,afternoon,2,0,1,long,high,Philadelphia,Lounges,3,1,1
Wshkpj8aHWuzIeca1QxWTA,3BJxm-HnvzdwD1zjmSbmyQ,2.0,2010-05-26 15:06:05,afternoon,2,0,1,long,high,Philadelphia,Restaurants,1,0,0
GJ0H2kne3nnzYBavbH4RHw,u9XTeDl_If4U5Eixl6ys7g,4.0,2010-05-26 18:58:58,afternoon,2,0,0,short,high,Philadelphia,Nightlife,2,1,0
Cbr8ES0BPeXzmGssfgIvqg,KVwQkBd8tJCDVc8O6_tMOg,4.0,2010-05-26 21:21:23,evening,2,0,1,long,high,Oldsmar,Chinese,2,1,0
S1bcv4QpwW7Ysy0T9edlOQ,EtKSTHV5Qx_Q7Aur9o4kQQ,4.0,2010-05-27 12:59:00,morning,3,0,1,medium,high,Philadelphia,Bars,2,1,1
0mYNAVDIzW4fzgAQ5opGWg,FKrP06TDAKtxNG1vrRQcQQ,4.0,2010-05-27 15:32:43,afternoon,3,0,1,long,high,Philadelphia,Burgers,2,0,0
nn7aw-T8v1R4lNp3noRhnw,7lwe7n-Yc-V9E_HfLAeylg,4.0,2010-05-27 15:35:47,afternoon,3,0,0,long,high,Philadelphia,Restaurants,2,1,1
zF10BKjK4Lz9U_8Yqw28ww,NT5S6JV5wPwKOd3s3Yh1zQ,3.0,2010-05-27 15:51:39,afternoon,3,0,1,long,high,Nashville,Restaurants,2,1,0
PuvfPONWyhdtRVPWu7kLpQ,mY02hIpeZSVCaWObvvyECA,4.0,2010-05-27 15:55:21,afternoon,3,0,0,medium,low,Saint Louis,Restaurants,2,1,1
0mYNAVDIzW4fzgAQ5opGWg,zwTmOj4B_OVPMTMYijQiKg,4.0,2010-05-27 16:06:51,afternoon,3,0,1,long,high,Philadelphia,Nightlife,1,1,1
jQF9CqbIfpQit9B0MAG4Wg,mUIBtlWNPD7sz3rGGWQ1RA,4.0,2010-05-27 17:58:40,afternoon,3,0,1,long,high,Philadelphia,Mediterranean,2,0,1
eZ8PQPFuR8yfwQOU9IANGw,iCKF72z3fqRTF1vxdBZINQ,4.0,2010-05-27 20:36:14,evening,3,0,1,long,high,Nashville,American (Traditional),2,1,1
AvGJVv7Z3a0q1MJT1Ykd0w,NB9wGhMqy27suWqNzk3laA,4.0,2010-05-27 22:28:46,evening,3,0,1,long,high,Philadelphia,Middle Eastern,2,0,0
RMrWegRjr3gn_g7fOLxHRA,D4AJVjAiJULF04BjN7bhiA,3.0,2010-05-30 19:51:40,evening,6,1,1,long,high,Philadelphia,Bars,3,1,1
8M4_nA8e9VacrirvCwrl8Q,zMMSWTHxkLWYR359o-IuAg,3.0,2010-05-31 01:29:56,night,0,0,0,long,high,Reno,Restaurants,1,0,1
TVN3qoXU0-sateboutdCZg,Qbxo9pb5yDsbD3GSuzYOjQ,5.0,2010-05-31 01:57:40,night,0,0,1,long,high,Collingswood,American (New),2,0,0
Z-ee4V5_ZFsI2ltccSpqyw,uqXYVxIwoEsFFjEHBlMZQA,3.0,2010-05-31 05:38:43,night,0,0,1,long,high,Saint Louis,Desserts,2,1,1
riWDgbauId8TK7YFVgMNJw,KZe5kpIHWVuJl6WgNYzceg,4.0,2010-05-31 12:52:56,morning,0,0,1,long,high,New Orleans,Cajun/Creole,1,1,0
K97i0e7MaxYfvCCwPFMjuw,QWqKTWQ2OiDgo3dzNkpung,4.0,2010-05-31 14:26:35,afternoon,0,0,1,long,high,Philadelphia,Korean,2,0,0
BOM58nAhmaoOC_Si4u4lOw,EtKSTHV5Qx_Q7Aur9o4kQQ,2.0,2010-05-31 17:53:55,afternoon,0,0,0,long,high,Philadelphia,Bars,2,1,1
ouODopBKF3AqfCkuQEnrDg,02jZC7oX0SbWXVFboNwFGA,3.0,2010-06-01 02:16:54,night,1,0,1,medium,high,King of Prussia,Food,1,0,0
Z-ee4V5_ZFsI2ltccSpqyw,k3CjpU8COgn--pueiZm3XA,5.0,2010-06-01 03:22:52,night,1,0,1,long,high,Saint Louis,Mexican,1,1,0
6WG2IGTVr-xKn0pYQZJGjw,04UD14gamNjLY0IDYVhHJg,5.0,2010-06-01 20:44:13,evening,1,0,1,long,high,Philadelphia,Mediterranean,2,1,0
Asx28DdgUx6vYWSxl0oOAQ,1DFvkUjtsqNRNlORaUYlFQ,3.0,2010-06-02 01:55:44,night,2,0,1,long,high,Philadelphia,Modern European,2,1,0
bbtc1OcdwTOsz3i7WwpHGA,skW4boArIApRw9DXKXukkA,2.0,2010-06-02 13:10:21,afternoon,2,0,0,medium,high,Philadelphia,American (Traditional),2,1,0
6WG2IGTVr-xKn0pYQZJGjw,Z5po0aTuzKKblek5y6Sp8Q,4.0,2010-06-04 17:01:26,afternoon,4,0,1,long,high,Philadelphia,Food,2,0,0
njJjEOLRTo03Fwp4jg_Jpg,ZlpeXbo-5HW8CtYkzTyiZw,5.0,2010-06-04 19:21:52,evening,4,0,1,long,high,Indianapolis,Desserts,2,0,0
HuoP7ejN-LSwkO1UIgmtaw,EpREWeEpmR8f1qLHzzF0AA,3.0,2010-06-05 15:31:18,afternoon,5,1,1,long,high,Saint Louis,Local Flavor,2,1,1
mGUYWSFpmVvDQTLDvkzk4w,nvb8SFi1-LzaQHEhUnw_7g,1.0,2010-06-05 22:26:35,evening,5,1,0,medium,high,Treasure Island,Restaurants,2,1,1
SXeMGP5lNgc03z7cl9Xihg,NT5S6JV5wPwKOd3s3Yh1zQ,2.0,2010-06-05 22:55:01,evening,5,1,1,long,high,Nashville,Restaurants,2,1,0
jQF9CqbIfpQit9B0MAG4Wg,3ZynJ94VpIdDlaArmEp2Rg,3.0,2010-06-06 04:07:27,night,6,1,1,long,high,Philadelphia,Food,2,0,1
YE3NsQGCoCu4WHaKQ3Kddg,RKVZbcCKNcAM5Jk_cV7I9A,4.0,2010-06-07 06:18:47,night,0,0,1,medium,high,Saint Louis,American (New),2,1,1
kX8VElJe7Pj-cJ-yZAzHdA,JUlsvVAvZvGHWFfkKm0nlg,4.0,2010-06-07 14:06:46,afternoon,0,0,1,long,high,Philadelphia,Mexican,2,1,1
qjkOmSEFFEeWVTtsIl0aAw,k3CjpU8COgn--pueiZm3XA,4.0,2010-06-08 01:01:16,night,1,0,1,long,high,Saint Louis,Mexican,1,1,0
0mYNAVDIzW4fzgAQ5opGWg,JUlsvVAvZvGHWFfkKm0nlg,3.0,2010-06-08 12:24:02,morning,1,0,1,long,high,Philadelphia,Mexican,2,1,1
yPa_4u6hcWEHkziHAeRapw,nP4LqTcK1USiw5WnbOjW7A,4.0,2010-06-08 18:02:10,afternoon,1,0,1,long,high,Philadelphia,Moroccan,1,0,0
V9DkyuJkU3YcUjZ8b98I8A,EpREWeEpmR8f1qLHzzF0AA,2.0,2010-06-09 14:33:23,afternoon,2,0,0,medium,high,Saint Louis,Local Flavor,2,1,1
ouODopBKF3AqfCkuQEnrDg,wITX_5zymQu_JVfn569Vpg,3.0,2010-06-10 22:06:32,evening,3,0,1,long,high,King of Prussia,Restaurants,2,0,0
7Td9DntkgdAMmXqxHTo-Kg,_cndcbuaqSRW5f-MeZasNw,4.0,2010-06-14 02:41:21,night,0,0,1,long,high,Nashville,Steakhouses,2,1,0
IlbqI2QmRgT-QnjAnv7Y_g,lRbHFOIFuusN2WOR_ypQ_A,4.0,2010-06-24 15:20:54,afternoon,3,0,1,medium,high,Philadelphia,Restaurants,2,0,0
Asx28DdgUx6vYWSxl0oOAQ,Wt1W6qwCvna1KzIuJRJbwA,5.0,2010-06-27 02:13:30,night,6,1,1,long,high,Glassboro,Japanese,2,0,0
mWamaq-Awy6tf7U4bCtT1A,F8yozE3NWnImNApHO347gQ,4.0,2010-07-07 15:56:31,afternoon,2,0,1,long,high,Philadelphia,Restaurants,2,1,1
B-s-8VUnuBjGTP3d01jsyw,SVSafDWg9r2Q5XEVOLPSSA,3.0,2010-07-08 21:46:08,evening,3,0,1,long,high,Reno,Cantonese,2,1,0
_uSY2XUS2JCkoJspaRjO2A,wUnLSg_GKfEIQ5CQQ770_g,4.0,2010-07-09 00:30:32,night,4,0,1,medium,high,Philadelphia,Italian,4,1,1
_uSY2XUS2JCkoJspaRjO2A,3lBooCffgkW7tVSG5kILBA,2.0,2010-07-09 00:37:37,night,4,0,1,medium,high,Philadelphia,Restaurants,2,0,0
_uSY2XUS2JCkoJspaRjO2A,eaDZlSuVS0EY67Ke6pRP6Q,5.0,2010-07-09 00:52:07,night,4,0,1,short,high,Philadelphia,Malaysian,2,1,0
_uSY2XUS2JCkoJspaRjO2A,EtKSTHV5Qx_Q7Aur9o4kQQ,3.0,2010-07-09 00:59:59,night,4,0,1,medium,high,Philadelphia,Bars,2,1,1
_uSY2XUS2JCkoJspaRjO2A,mUIBtlWNPD7sz3rGGWQ1RA,4.0,2010-07-09 01:07:18,night,4,0,1,short,high,Philadelphia,Mediterranean,2,0,1
mWamaq-Awy6tf7U4bCtT1A,EAtdpksdWfWAaqh3XdnNNg,4.0,2010-07-09 02:43:43,night,4,0,1,medium,high,Philadelphia,Restaurants,3,0,0
56gp5RUwFLckqvph8E5R3A,nRKndeZLQ3eDL10UMwS2rQ,3.0,2010-07-09 21:19:55,evening,4,0,1,long,high,Saint Louis,Ice Cream & Frozen Yogurt,1,0,0
ouODopBKF3AqfCkuQEnrDg,Ryt1Fhgz7sixMQSJiLyP_g,3.0,2010-07-09 22:32:55,evening,4,0,1,long,high,Philadelphia,Restaurants,2,1,1
y9WhhW724xLQ4p_lGQCQkA,VYTFqb1NVLleeStQaUEP0Q,2.0,2010-07-10 00:32:13,night,5,1,1,long,high,Saint Louis,Restaurants,2,1,0
jQF9CqbIfpQit9B0MAG4Wg,tCLAeZsjXFG9RumJ4Hn0Kw,3.0,2010-07-10 03:14:12,night,5,1,1,long,high,Philadelphia,Restaurants,1,0,0
84HvpQDxcHWmbMDfs8IEYw,xCXGV3wEvYd4xBGx8ZRFQA,4.0,2010-07-10 04:54:35,night,5,1,0,medium,high,Philadelphia,Restaurants,1,0,1
IpLRJY4CP3fXtlEd8Y4GFQ,cXSyVvOr9YRN9diDkaWs0Q,3.0,2010-07-10 14:10:03,afternoon,5,1,1,medium,high,Philadelphia,Southern,2,1,1
pxBmvgpiDMN161PwHDtsLw,d_tRshM-w6S4QxE4VVi8tQ,5.0,2010-07-10 17:12:04,afternoon,5,1,1,long,high,Philadelphia,American (New),2,1,0
_p5ydZPNMkyTJoPtE0QUJw,jQBPO3rYkNwIaOdQS5ktgQ,5.0,2010-07-10 23:27:38,evening,5,1,1,long,high,Saint Louis,Ice Cream & Frozen Yogurt,2,1,0
tJZnXf1mafOOEcUNd3yoiA,oThWInL6gUCt2d98fSIAfA,4.0,2010-07-11 01:16:53,night,6,1,0,medium,high,Fishers,Restaurants,2,1,1
tJZnXf1mafOOEcUNd3yoiA,8xz4jzsKSU10CFvbHhYJXw,4.0,2010-07-11 01:28:12,night,6,1,0,medium,high,Indianapolis,Seafood,2,1,1
z-30NhddTouV8pz42IEx1g,EKbb62ui8LgHk3B7OJMyBw,4.0,2010-07-11 14:33:15,afternoon,6,1,1,long,high,Saint Louis,Restaurants,2,1,1
zfD3xhVNkGJs-AOOSslqtQ,lRbHFOIFuusN2WOR_ypQ_A,4.0,2010-07-11 15:09:11,afternoon,6,1,1,long,high,Philadelphia,Restaurants,2,0,0
riWDgbauId8TK7YFVgMNJw,mzZ_WTb2zvyJMBkm84B-WA,4.0,2010-07-11 23:47:00,evening,6,1,1,long,high,Metairie,Donuts,2,1,0
3JUC7dFE8sKBrDrbTtSkaA,nRKndeZLQ3eDL10UMwS2rQ,4.0,2010-07-12 01:12:26,night,0,0,1,medium,high,Saint Louis,Ice Cream & Frozen Yogurt,1,0,0
A3v4mtWlnaYZpHKKqzNhJg,4_W5pstoN1166TGjjPOrMg,4.0,2010-07-12 03:24:16,night,0,0,1,long,high,Philadelphia,American (Traditional),2,1,1
sLqm9fRo_u81kJCIRdzrMg,VeqkfRUzZAKlQer3npXPdQ,4.0,2010-07-12 05:07:44,night,0,0,1,medium,high,Ballwin,Restaurants,2,0,1
P-7VidyXqOGd6zBnT85pDA,otQS34_MymijPTdNBoBdCw,5.0,2010-07-12 09:55:07,morning,0,0,1,long,high,Tucson,Restaurants,2,1,1
YV6uaSzANkraOQQzN0alWg,GYAX9mPGYx9VfwDiuIl_9Q,5.0,2010-07-12 14:09:12,afternoon,0,0,1,long,high,Philadelphia,Restaurants,1,0,0
Hxx8FmhpxiugIrGRh8RDOg,RKVZbcCKNcAM5Jk_cV7I9A,4.0,2010-07-12 15:00:11,afternoon,0,0,1,long,high,Saint Louis,American (New),2,1,1
4tK3tiB3zggiYudjU9H03g,1gWUE5Avh_pswlHhf813EQ,4.0,2010-07-12 19:04:49,evening,0,0,0,short,high,Greenwood,Restaurants,1,1,0
4tK3tiB3zggiYudjU9H03g,byIGo_rwmoWEd6J7AsrDoQ,4.0,2010-07-12 23:13:06,evening,0,0,0,medium,high,Greenwood,Burgers,1,1,1
K17847uudqPFPIjSPgxs2A,cXSyVvOr9YRN9diDkaWs0Q,4.0,2010-07-13 03:55:34,night,1,0,1,medium,high,Philadelphia,Southern,2,1,1
Oi1qbcz2m2SnwUeztGYcnQ,2rQFgavS-942RapZTBSBTw,4.0,2010-07-13 12:27:08,morning,1,0,1,long,high,Bryn Mawr,Italian,2,1,1
HW-QgyCq4DzUQCFRaYn6Fg,pqe1pCQx--uybdm6EQ8AqQ,4.0,2010-07-13 20:10:27,evening,1,0,1,long,high,Wynnewood,American (New),1,0,1
4tK3tiB3zggiYudjU9H03g,rnh2rnrQoQTqnKiY2En8Eg,4.0,2010-07-13 20:49:35,evening,1,0,0,medium,high,Indianapolis,Ice Cream & Frozen Yogurt,2,0,0
4tK3tiB3zggiYudjU9H03g,FLvsHSO09AY5BlaibUkLzw,4.0,2010-07-13 20:51:56,evening,1,0,0,medium,high,Greenwood,Department Stores,1,0,0
m-n_AHwndmHAgZIsu52kYA,AjfvLdQSl2JRYuYdfeE7Qg,5.0,2010-07-13 22:44:11,evening,1,0,1,medium,high,Reno,Pakistani,1,1,0
rohwiags-kVO_IgYK1sIfw,cX1VH_vpqGoLrio4sV9xcA,5.0,2010-07-14 02:13:49,night,2,0,1,medium,high,Exton,American (Traditional),2,1,1
YR7atQMrq-7d_JyLY-WI6Q,EtKSTHV5Qx_Q7Aur9o4kQQ,4.0,2010-07-14 12:05:57,morning,2,0,1,long,high,Philadelphia,Bars,2,1,1
4tK3tiB3zggiYudjU9H03g,mtHxMNtlbDIkgH6IfzBgMg,4.0,2010-07-14 13:10:15,afternoon,2,0,0,short,high,Greenwood,Cupcakes,2,0,0
4tK3tiB3zggiYudjU9H03g,EdysxosAepdogof_YDAgeQ,4.0,2010-07-14 13:11:48,afternoon,2,0,0,short,high,Greenwood,Bagels,1,0,0
4tK3tiB3zggiYudjU9H03g,1QtF1bFgzG3Jo0-L4kv0Cg,1.0,2010-07-14 14:37:07,afternoon,2,0,0,medium,high,Indianapolis,Restaurants,1,0,0
ojxS1v-8nUvEEx4DlsPQrA,Q-prSTdggNlxAEFV88BZOw,3.0,2010-07-14 17:47:28,afternoon,2,0,1,medium,high,Philadelphia,Beer,2,1,1
hZ-ZtZ3bqZg6GhWepqj20g,fBCv5Euudl9VieR870gwNg,4.0,2010-07-14 18:48:29,afternoon,2,0,1,medium,high,Saint Louis,Food,2,1,1
hZ-ZtZ3bqZg6GhWepqj20g,RwOV1rfT7vA1qw8vgf-yBA,4.0,2010-07-14 19:47:16,evening,2,0,1,medium,high,Saint Louis,Burgers,1,1,1
nqHmFx837BIlsYNX5LsR4w,RZtGWDLCAtuipwaZ-UfjmQ,5.0,2010-07-15 01:06:04,night,3,0,0,long,high,Philadelphia,Pizza,2,1,1
KDewJBJknfWvQyHHFNbfdg,pafrjSu3h0v0N8GR3ghNtQ,4.0,2010-07-15 02:07:43,night,3,0,1,long,high,Indianapolis,Cajun/Creole,1,0,1
_BcWyKQL16ndpBdggh2kNA,mUIBtlWNPD7sz3rGGWQ1RA,4.0,2010-07-15 13:51:55,afternoon,3,0,1,long,high,Philadelphia,Mediterranean,2,0,1
Wshkpj8aHWuzIeca1QxWTA,u9XTeDl_If4U5Eixl6ys7g,5.0,2010-07-15 18:31:57,afternoon,3,0,1,medium,high,Philadelphia,Nightlife,2,1,0
6WG2IGTVr-xKn0pYQZJGjw,JZVK_yoV48O_2gDykG_1Ow,3.0,2010-07-15 20:08:10,evening,3,0,1,long,high,Philadelphia,Seafood,2,1,0
cSBFkBE3z5EO6rRS9PJvAg,0z1VO3Js0NdTOKLYDa15zw,5.0,2010-07-16 03:39:47,night,4,0,0,long,low,Indianapolis,Asian Fusion,2,0,0
cSBFkBE3z5EO6rRS9PJvAg,jRLskcm_icZIKs81mYC4iQ,5.0,2010-07-16 04:15:10,night,4,0,0,long,low,Indianapolis,Restaurants,2,1,0
GJ0H2kne3nnzYBavbH4RHw,JUlsvVAvZvGHWFfkKm0nlg,4.0,2010-07-17 01:56:54,night,5,1,0,short,high,Philadelphia,Mexican,2,1,1
GJ0H2kne3nnzYBavbH4RHw,8-AIbFaP6GP9BwHZdclBog,4.0,2010-07-17 01:59:41,night,5,1,0,short,high,Cherry Hill,Specialty Food,3,0,0
UXcOSMHZM2RPWTgjQbKDJg,pqe1pCQx--uybdm6EQ8AqQ,4.0,2010-07-17 09:05:42,morning,5,1,1,long,high,Wynnewood,American (New),1,0,1
PKzt4KMQpQIRSvOYo3EdFw,Ety2Z0CImO6FYDV6L5Ahkw,4.0,2010-07-17 23:43:53,evening,5,1,0,long,high,Lansdale,Thai,2,0,0
7ktyPHE-NGnWxarOqjIQiQ,hUX1yAimviBIhb21D_KtcQ,3.0,2010-07-18 02:39:33,night,6,1,1,long,high,Philadelphia,Mexican,2,1,1
rpUOaLv_7QkDeFQSZMZhOg,nRKndeZLQ3eDL10UMwS2rQ,5.0,2010-07-18 19:01:38,evening,6,1,1,short,high,Saint Louis,Ice Cream & Frozen Yogurt,1,0,0
0MJ5sKX5uq7Ma5hbl4l3BQ,V6Om7YZhlRQRU7WfuxHq8Q,2.0,2010-07-19 10:41:13,morning,0,0,1,long,high,Philadelphia,Restaurants,1,0,0
nlsxDX6nKcVDGWzVxdsWiQ,k3CjpU8COgn--pueiZm3XA,4.0,2010-07-19 16:32:00,afternoon,0,0,1,long,high,Saint Louis,Mexican,1,1,0
KDewJBJknfWvQyHHFNbfdg,z680Aylt8wN2KAeFM1hy-A,3.0,2010-07-19 18:34:52,afternoon,0,0,1,long,high,Indianapolis,Bars,2,1,1
N11AGsSHMp9ZhOARSq8LNQ,N5QQdPac1cXwOHr-ePr90g,5.0,2010-07-19 19:00:09,evening,0,0,1,long,high,Reno,Food,1,1,1
N11AGsSHMp9ZhOARSq8LNQ,xsTiT3S9J87uYB1P8DHLgQ,4.0,2010-07-19 20:52:30,evening,0,0,1,long,high,Reno,Juice Bars & Smoothies,2,0,0
DDJliZbj8VYfwikMQWbrBA,Q-prSTdggNlxAEFV88BZOw,4.0,2010-07-20 20:13:22,evening,1,0,1,long,high,Philadelphia,Beer,2,1,1
lYQk0R6sPfo3WeX-l_5BuA,J_195G8K_MziKZEXj7Nxdw,3.0,2010-07-21 14:36:20,afternoon,2,0,1,medium,high,Saint Louis,Food,1,0,0
3W-lOOaIVQZONZP83kab6g,tvbFcYCEQWc76CUK-nBw8w,3.0,2010-07-22 15:57:53,afternoon,3,0,0,medium,high,Nashville,Korean,2,1,0
ShKjMaDTPfKDuwzL5WIfgA,ls4-Q1KYVP7L6H4eMTQx4w,2.0,2010-07-22 17:12:44,afternoon,3,0,0,medium,high,Reno,American (Traditional),2,1,1
mZrbrAAtQ0Xmt_MMUEs6Kg,Z5po0aTuzKKblek5y6Sp8Q,2.0,2010-07-22 17:56:17,afternoon,3,0,1,long,high,Philadelphia,Food,2,0,0
0MJ5sKX5uq7Ma5hbl4l3BQ,cXSyVvOr9YRN9diDkaWs0Q,2.0,2010-07-23 11:27:54,morning,4,0,1,long,high,Philadelphia,Southern,2,1,1
QqMvBqTuefFMJEJTWZV2Sg,ju1qrGJ1mcc1sc2oRX7X5g,1.0,2010-07-25 21:48:38,evening,6,1,1,long,high,Indianapolis,Street Vendors,1,0,1
mswloq-IjRr9yXLhBqBPAw,azeDCTZBlmVpaglnxBqNPw,4.0,2010-07-26 02:10:02,night,0,0,1,short,high,Collingswood,Ice Cream & Frozen Yogurt,1,0,0
h1KzT38UnfzR7maSi7oVUw,_JXfCdMu1TFblbhJ5KT7fw,4.0,2010-07-26 20:34:22,evening,0,0,1,medium,high,Saint Louis,Thai,2,1,1
36rYo-dZTwy8LUlmimgdbg,O286wXm4mcznQn_1JieD1g,5.0,2010-07-26 22:23:11,evening,0,0,1,long,high,Philadelphia,Event Planning & Services,3,0,0
mqBWACmaHflW4eh_Ofp16Q,kxX2SOes4o-D3ZQBkiMRfA,5.0,2010-08-20 19:16:04,evening,4,0,0,long,low,Philadelphia,Halal,2,0,0
zyNrXvJyYdC34tS6BcCykA,ngvE1G9IckUO-ljZBFo23w,3.0,2010-08-20 19:22:05,evening,4,0,1,medium,high,Philadelphia,Indian,1,0,0
Jt3GylPuH64uA3zTdbMdCg,nl_La1sCrZG0xq0HNt4WsQ,5.0,2010-08-21 01:10:29,night,5,1,1,medium,high,Philadelphia,Restaurants,1,1,0
Jt3GylPuH64uA3zTdbMdCg,WIv5kTb_P3jnngPkMeRRNw,4.0,2010-08-21 01:26:02,night,5,1,1,long,high,Philadelphia,Sushi Bars,2,0,0
Jt3GylPuH64uA3zTdbMdCg,78kUZU8GPfHgoYO_2CNbuQ,4.0,2010-08-21 01:36:18,night,5,1,1,long,high,Philadelphia,Ice Cream & Frozen Yogurt,1,0,0
y9WhhW724xLQ4p_lGQCQkA,4xEJiEQERBvr2jAZQSeF2g,2.0,2010-08-21 02:51:46,night,5,1,1,long,high,Saint Louis,Tapas/Small Plates,2,1,1
owRJSf6XpxG0d9vBl04uAQ,C1D2o1VV2TDjpkG3BsdseA,4.0,2010-08-21 05:04:39,night,5,1,1,medium,high,Nashville,Tex-Mex,1,1,1
ITa3vh5ERI90G_WP4SmGUQ,A0F-h3xJm_6gHDKcDQwSrQ,4.0,2010-08-21 12:51:45,morning,5,1,1,medium,high,Philadelphia,Pizza,2,1,1
FlvxeXfNW8IHDYDIsHjSgg,AyGJNTLh9abu8R14mYPAjA,3.0,2010-08-21 16:33:13,afternoon,5,1,1,medium,high,Boise,American (Traditional),2,1,1
kX8VElJe7Pj-cJ-yZAzHdA,WFRro-8uIBpKoJ1VSKrpdw,3.0,2010-08-21 23:40:00,evening,5,1,1,long,high,Philadelphia,Ice Cream & Frozen Yogurt,1,0,0
7ktyPHE-NGnWxarOqjIQiQ,EtKSTHV5Qx_Q7Aur9o4kQQ,4.0,2010-08-22 01:09:23,night,6,1,1,long,high,Philadelphia,Bars,2,1,1
kfiBpwAZFxAo_RcrBmQjbA,bdth7r1brx9yRU7sYwF9jQ,3.0,2010-08-22 04:33:06,night,6,1,1,long,high,Ballwin,Japanese,2,1,0
LlLNWV5FmKvjOj0p5qGYeg,pQ0WQwBPdpngQi_HdPYIag,5.0,2010-08-22 07:00:22,morning,6,1,0,medium,high,Abington,Thai,2,0,0
ojxS1v-8nUvEEx4DlsPQrA,d_tRshM-w6S4QxE4VVi8tQ,3.0,2010-08-22 17:12:31,afternoon,6,1,1,long,high,Philadelphia,American (New),2,1,0
Nxr5C4m0edwetAeRUacP6A,RMjHlAejNrLHzF4-G4uyng,4.0,2010-08-22 19:30:35,evening,6,1,1,long,high,Safety Harbor,Southern,2,1,1
tdi88PK5-TE7ASV6dtXpjQ,WFRro-8uIBpKoJ1VSKrpdw,4.0,2010-08-22 21:57:34,evening,6,1,0,long,high,Philadelphia,Ice Cream & Frozen Yogurt,1,0,0
mswloq-IjRr9yXLhBqBPAw,_PQzeo8P2sGczzFEifrK-Q,5.0,2010-08-22 22:30:27,evening,6,1,1,medium,high,Philadelphia,Food,2,0,0
0MJ5sKX5uq7Ma5hbl4l3BQ,lRbHFOIFuusN2WOR_ypQ_A,4.0,2010-08-23 10:52:24,morning,0,0,1,long,high,Philadelphia,Restaurants,2,0,0
lYQk0R6sPfo3WeX-l_5BuA,fBCv5Euudl9VieR870gwNg,4.0,2010-08-23 14:58:14,afternoon,0,0,1,medium,high,Saint Louis,Food,2,1,1
WFXqCsd97UsXcE8K_uQ4_Q,jQBPO3rYkNwIaOdQS5ktgQ,5.0,2010-08-23 19:08:05,evening,0,0,1,long,high,Saint Louis,Ice Cream & Frozen Yogurt,2,1,0
0mYNAVDIzW4fzgAQ5opGWg,lRbHFOIFuusN2WOR_ypQ_A,4.0,2010-08-24 17:41:08,afternoon,1,0,1,long,high,Philadelphia,Restaurants,2,0,0
0mYNAVDIzW4fzgAQ5opGWg,WFRro-8uIBpKoJ1VSKrpdw,3.0,2010-08-24 17:53:52,afternoon,1,0,1,long,high,Philadelphia,Ice Cream & Frozen Yogurt,1,0,0
jklCtvLWbkuoBiw60i1g3g,Z5po0aTuzKKblek5y6Sp8Q,4.0,2010-08-24 18:11:23,afternoon,1,0,1,long,high,Philadelphia,Food,2,0,0
rduiiFS8pVcvWVfnkm8Quw,ARgidflSXPHj7uhK-Y7hwA,5.0,2010-08-24 18:45:21,afternoon,1,0,1,long,high,St Louis,Japanese,2,1,0
3Zl3RokY8eyRJQbbQmuOuA,htO_nlxkEsYHzDrtbiUxew,4.0,2010-08-24 21:07:00,evening,1,0,1,long,high,Philadelphia,Restaurants,1,0,0
DP7ddvk4zqxdbYeHU2Qa0g,eaDZlSuVS0EY67Ke6pRP6Q,5.0,2010-08-24 21:42:35,evening,1,0,1,medium,high,Philadelphia,Malaysian,2,1,0
3Zl3RokY8eyRJQbbQmuOuA,N1ZXhAVzOzbyCBPEXTaUUw,3.0,2010-08-24 21:55:31,evening,1,0,1,long,high,Philadelphia,Food Delivery Services,2,0,0
GJ0H2kne3nnzYBavbH4RHw,RuuGJoMm2Y3wbLbPPHTvqw,4.0,2010-08-25 15:02:17,afternoon,2,0,0,short,high,Runnemede,Restaurants,2,1,1
PuvfPONWyhdtRVPWu7kLpQ,_JXfCdMu1TFblbhJ5KT7fw,4.0,2010-08-25 15:07:47,afternoon,2,0,0,long,low,Saint Louis,Thai,2,1,1
jklCtvLWbkuoBiw60i1g3g,WIv5kTb_P3jnngPkMeRRNw,3.0,2010-08-26 01:19:48,night,3,0,1,long,high,Philadelphia,Sushi Bars,2,0,0
jklCtvLWbkuoBiw60i1g3g,-ATiAtTikuGuqvaW2O6tNA,1.0,2010-08-27 01:16:07,night,4,0,1,long,high,Philadelphia,Sandwiches,2,1,1
yPa_4u6hcWEHkziHAeRapw,HTqXI5S2XcSlh_ylx9sE6g,2.0,2010-08-27 13:33:18,afternoon,4,0,1,long,high,Philadelphia,Food,2,0,0
cFaHx-FkCnzdfF8BccukIg,OEzYP44ER97a1hi4LgR6bA,3.0,2010-08-29 01:53:04,night,6,1,0,long,high,Springfield,Event Planning & Services,1,0,0
3Zl3RokY8eyRJQbbQmuOuA,Z5po0aTuzKKblek5y6Sp8Q,1.0,2010-08-29 04:38:19,night,6,1,1,long,high,Philadelphia,Food,2,0,0
lYQk0R6sPfo3WeX-l_5BuA,jQBPO3rYkNwIaOdQS5ktgQ,3.0,2010-08-29 22:32:02,evening,6,1,1,medium,high,Saint Louis,Ice Cream & Frozen Yogurt,2,1,0
3Zl3RokY8eyRJQbbQmuOuA,EtKSTHV5Qx_Q7Aur9o4kQQ,3.0,2010-08-30 04:04:40,night,0,0,1,long,high,Philadelphia,Bars,2,1,1
47oIw-CN1guUKx2_vUdsgw,VYTFqb1NVLleeStQaUEP0Q,2.0,2010-08-30 18:26:40,afternoon,0,0,1,long,high,Saint Louis,Restaurants,2,1,0
WFXqCsd97UsXcE8K_uQ4_Q,2x3wM06LEbaAR81AeKk44w,5.0,2010-08-30 19:02:32,evening,0,0,1,medium,high,Saint Louis,Pizza,2,0,1
ojxS1v-8nUvEEx4DlsPQrA,GUNpbcLvHZLE3NpOifjNUQ,3.0,2010-08-31 01:48:17,night,1,0,1,long,high,Philadelphia,Restaurants,2,1,1
7XIHzdQb7ecKLDoLqJYOtA,2Q1R2OhBbAQ581vK_r7NhA,2.0,2010-08-31 17:32:40,afternoon,1,0,0,medium,high,Willow Grove,Sushi Bars,2,0,0
7XIHzdQb7ecKLDoLqJYOtA,QWqKTWQ2OiDgo3dzNkpung,5.0,2010-08-31 17:40:11,afternoon,1,0,0,medium,high,Philadelphia,Korean,2,0,0
7XIHzdQb7ecKLDoLqJYOtA,pQ0WQwBPdpngQi_HdPYIag,2.0,2010-08-31 17:49:55,afternoon,1,0,0,medium,high,Abington,Thai,2,0,0
jBzITjfkC7M99oN6a5HErQ,4fQPIhCh2bUJBZcxQlLGFQ,3.0,2010-08-31 18:45:06,afternoon,1,0,1,long,high,Carmel,Buffets,1,0,0
F7oysaWequH7GB5f_pY2iA,0wIZdTqdL2LTPkv0avHPeA,2.0,2010-08-31 19:27:06,evening,1,0,0,short,high,Bridgeton,Restaurants,2,1,1
LkXNQQaIc5yrKu9Ap87RrA,UKA2eeAZmO4ACB2J0kFISw,4.0,2010-09-01 03:49:52,night,2,0,1,long,high,Reno,Fast Food,1,0,1
OIl_ZSc0rDE8iphiAjS-xQ,ASEt7HnmxVXYr3fezrahCA,4.0,2010-09-01 13:39:48,afternoon,2,0,1,medium,high,Chester,Caribbean,1,1,0
7XIHzdQb7ecKLDoLqJYOtA,-CRjqZ4GxZ6lIa_qMj7-yw,4.0,2010-09-01 14:13:59,afternoon,2,0,0,medium,high,Philadelphia,Chinese,1,1,0
Xlb-Hxrvkfyadnkmk5hrgw,MnxMt3CErrx4dXll4ADqLg,5.0,2010-09-01 20:34:45,evening,2,0,1,medium,high,Indianapolis,Bakeries,2,1,0
KDewJBJknfWvQyHHFNbfdg,pafrjSu3h0v0N8GR3ghNtQ,5.0,2010-09-01 22:08:08,evening,2,0,1,medium,high,Indianapolis,Cajun/Creole,1,0,1
Bq-BIdYrWloJXq6v6v_iiA,WFRro-8uIBpKoJ1VSKrpdw,4.0,2010-09-02 00:13:51,night,3,0,1,medium,high,Philadelphia,Ice Cream & Frozen Yogurt,1,0,0
kfiBpwAZFxAo_RcrBmQjbA,YMvKrVTXHeSPQswWqdwnHQ,4.0,2010-09-02 00:21:13,night,3,0,1,long,high,Des Peres,Restaurants,2,1,1
Hn8O2RQijYIVLFNF5VPWTA,OINbC0rpDVJ5bfxt3LO9fw,5.0,2010-09-02 07:30:22,morning,3,0,1,medium,high,New Orleans,Restaurants,2,0,1
Hn8O2RQijYIVLFNF5VPWTA,ADgeB1sfOGbzCR3LIi-4lg,5.0,2010-09-02 08:00:28,morning,3,0,1,short,high,New Orleans,Cajun/Creole,2,0,1
Hn8O2RQijYIVLFNF5VPWTA,D73evJ9PZKxO3E5TaThe3w,2.0,2010-09-02 08:50:57,morning,3,0,1,medium,high,New Orleans,Tex-Mex,2,1,1
Hn8O2RQijYIVLFNF5VPWTA,2wwhMKlfpOd0dpk_AQdt8w,2.0,2010-09-02 08:53:15,morning,3,0,1,medium,high,New Orleans,Nightlife,3,1,1
Hn8O2RQijYIVLFNF5VPWTA,jDCk9DEwSS_TamliID4QuQ,4.0,2010-09-02 14:30:59,afternoon,3,0,1,short,high,Kenner,Bakeries,1,0,0
3Zl3RokY8eyRJQbbQmuOuA,3lBooCffgkW7tVSG5kILBA,2.0,2010-09-02 15:44:37,afternoon,3,0,1,medium,high,Philadelphia,Restaurants,2,0,0
Nxr5C4m0edwetAeRUacP6A,_yjIYejZP1S-6g554Fwydg,3.0,2010-09-04 15:16:39,afternoon,5,1,1,medium,high,Safety Harbor,Greek,1,0,1
zvq6qxc2IVA08jaUelUMRw,kfN6roQlTHWvMNlYdq2zgw,5.0,2010-09-04 19:11:26,evening,5,1,1,long,high,Chalfont,Restaurants,2,0,0
K45F8uWoeXLXt-CXjCAbFQ,Y3ZCO17N1_T_Ms1JmswwzA,3.0,2010-09-05 02:52:15,night,6,1,0,long,high,Tucson,Mexican,1,0,1
3Zl3RokY8eyRJQbbQmuOuA,DRr5xdfHtqgWfhmdTU1B8Q,2.0,2010-09-05 21:11:06,evening,6,1,1,long,high,Philadelphia,Breakfast & Brunch,2,1,1
iT1AA74QFn_a0Xq9-ggSGA,xEo-_CApwhR5cmJ47DdGkw,3.0,2010-09-08 11:22:38,morning,2,0,1,medium,high,Gretna,Restaurants,1,0,0
5Y5KbsI5buMcNh2hTFaRpA,iCKF72z3fqRTF1vxdBZINQ,2.0,2010-09-08 18:54:50,afternoon,2,0,1,long,high,Nashville,American (Traditional),2,1,1
UEIOT1JdvCDIXLN8dQIiGg,eJYvM2Zy5BloOYGldWmAVw,4.0,2010-09-11 04:14:57,night,5,1,1,medium,high,New Orleans,Food,1,0,1
Jtfz1WbIB_FtYDkO3MtRXg,14ZGwnDyydXdSBsLXpSUrA,3.0,2010-09-11 16:36:40,afternoon,5,1,0,long,high,Philadelphia,Vietnamese,2,1,1
SJvCPlJ5X6Jkbc0TggIiCg,ARgidflSXPHj7uhK-Y7hwA,1.0,2010-09-11 20:26:43,evening,5,1,1,long,high,St Louis,Japanese,2,1,0
3k7GJ9_zqE14Z3IZ9M4iSA,zTdUzhwCUDglY6bHJUEuzg,4.0,2010-09-12 19:16:38,evening,6,1,1,long,high,Edmonton,Sushi Bars,2,1,0
owRJSf6XpxG0d9vBl04uAQ,DuPRwh_pNsp4LkbICuF3Ig,4.0,2010-09-12 23:09:47,evening,6,1,1,long,high,Nashville,Event Planning & Services,3,0,0
wmqsehbFirZPlAluJUakeQ,vCHNWdW-ys-nWUx3Cpvk8Q,2.0,2010-09-12 23:15:20,evening,6,1,0,medium,high,Philadelphia,Bakeries,2,1,0
Wshkpj8aHWuzIeca1QxWTA,WIv5kTb_P3jnngPkMeRRNw,3.0,2010-09-14 14:35:35,afternoon,1,0,1,medium,high,Philadelphia,Sushi Bars,2,0,0
Xlb-Hxrvkfyadnkmk5hrgw,kSQNBSWTLlo-SwR6IcpvHA,5.0,2010-09-16 12:43:01,morning,3,0,1,medium,high,Indianapolis,Restaurants,2,1,0
GJv1yf_IhUZqpDjFr86DmA,VCjvaX_78oEKG3I9oTJEag,5.0,2010-09-22 06:14:55,night,2,0,1,long,high,New Orleans,Coffee & Tea,1,0,1
K97i0e7MaxYfvCCwPFMjuw,tCLAeZsjXFG9RumJ4Hn0Kw,3.0,2010-10-05 20:45:30,evening,1,0,1,long,high,Philadelphia,Restaurants,1,0,0
B4cnr5d2S_7McR3XBfrscA,TUhRukcZb3tG0cB_X68FCQ,4.0,2010-10-06 04:47:03,night,2,0,0,long,high,North Wales,Restaurants,2,1,0
KsTA7_Ps9NucN-VAjy4GOA,WZPCfTRiN4ipajP7gFfziA,4.0,2010-10-06 17:04:20,afternoon,2,0,1,long,high,Philadelphia,Restaurants,2,0,1
o3Xs5Sm_jZiRJam0ucjUhQ,EpREWeEpmR8f1qLHzzF0AA,4.0,2010-10-06 21:07:56,evening,2,0,1,long,low,Saint Louis,Local Flavor,2,1,1
mswloq-IjRr9yXLhBqBPAw,y5xKWgM6dC7a9gOgp90bsQ,4.0,2010-10-07 16:55:28,afternoon,3,0,1,short,high,Runnemede,Restaurants,1,0,0
P-7VidyXqOGd6zBnT85pDA,wJmyu7W1K9A_gE8Ed4Bc9w,4.0,2010-10-07 18:00:42,afternoon,3,0,1,medium,high,Tucson,Bars,2,1,0
36rYo-dZTwy8LUlmimgdbg,1DkolDhbc0kydORZCIp7Fw,1.0,2010-10-08 01:07:12,night,4,0,1,long,high,Philadelphia,Food Stands,1,1,1
jQF9CqbIfpQit9B0MAG4Wg,1DkolDhbc0kydORZCIp7Fw,3.0,2010-10-08 01:44:11,night,4,0,1,long,high,Philadelphia,Food Stands,1,1,1
RMrWegRjr3gn_g7fOLxHRA,1DkolDhbc0kydORZCIp7Fw,2.0,2010-10-08 02:08:31,night,4,0,1,long,high,Philadelphia,Food Stands,1,1,1
YV6uaSzANkraOQQzN0alWg,1DkolDhbc0kydORZCIp7Fw,2.0,2010-10-08 13:50:10,afternoon,4,0,1,long,high,Philadelphia,Food Stands,1,1,1
6WG2IGTVr-xKn0pYQZJGjw,1DkolDhbc0kydORZCIp7Fw,3.0,2010-10-08 14:35:25,afternoon,4,0,1,long,high,Philadelphia,Food Stands,1,1,1
7XIHzdQb7ecKLDoLqJYOtA,SyfP3r24NyOICnWrAYZgeQ,5.0,2010-10-08 15:38:23,afternoon,4,0,0,long,high,Willow Grove,Asian Fusion,2,0,0
JxA595MQSkNqzSfMXYWatw,-WgD54ji0_MgHWgf9WBXrQ,5.0,2010-10-08 17:39:46,afternoon,4,0,1,long,high,New Orleans,Middle Eastern,1,0,0
iT1AA74QFn_a0Xq9-ggSGA,KUYGwEEEM8yFkCf-CxpRPQ,4.0,2010-10-09 01:13:13,night,5,1,1,long,high,New Orleans,Restaurants,2,1,0
iT1AA74QFn_a0Xq9-ggSGA,orXtmu7JLqVy9LatRd49Sw,3.0,2010-10-09 01:18:04,night,5,1,1,long,high,New Orleans,Food,2,0,0
Oi1qbcz2m2SnwUeztGYcnQ,SIoCIxjn4jLt2O-4DajWJw,4.0,2010-10-09 15:02:56,afternoon,5,1,1,long,high,Philadelphia,Nightlife,2,1,1
3Zl3RokY8eyRJQbbQmuOuA,NeY1bH6IKJxnn4YAixibsQ,3.0,2010-10-09 21:10:42,evening,5,1,1,medium,high,Philadelphia,Coffee & Tea,1,0,1
fJ8VAC3EuN4OEoh-WzL2Og,at-NaeVYJ5VDG9pC4PXbSA,4.0,2010-10-10 03:24:20,night,6,1,0,long,high,Spring Hill,Thai,2,1,0
6woTWCjHDMEjQclniEei-A,VRnJgj0IvxoksHppE78X2Q,4.0,2010-10-10 05:42:41,night,6,1,1,medium,high,Philadelphia,Dim Sum,2,1,0
mzL0zHFGyd9866OUljq49g,7lwe7n-Yc-V9E_HfLAeylg,3.0,2010-10-10 11:09:25,morning,6,1,1,long,high,Philadelphia,Restaurants,2,1,1
riWDgbauId8TK7YFVgMNJw,ADgeB1sfOGbzCR3LIi-4lg,2.0,2010-10-10 15:21:32,afternoon,6,1,1,medium,high,New Orleans,Cajun/Creole,2,0,1
1EJYgQ-ja_UbTWR_FDj4_A,EP2jFD3aGoSBCWb7irY5-w,4.0,2010-10-10 21:41:28,evening,6,1,1,medium,high,Temple Terrace,Ethiopian,2,1,1
1EJYgQ-ja_UbTWR_FDj4_A,mLNSOU8Ki0Fm09xd6ZKkcA,5.0,2010-10-10 21:45:58,evening,6,1,1,medium,high,Tampa,Music Venues,3,1,1
UEIOT1JdvCDIXLN8dQIiGg,GBTPC53ZrG1ZBY3DT8Mbcw,5.0,2010-10-11 00:11:03,night,0,0,1,long,high,New Orleans,German,2,1,0
YV6uaSzANkraOQQzN0alWg,j99PtxlKTW_u5alE4jiqHQ,5.0,2010-10-11 14:06:39,afternoon,0,0,1,long,high,Philadelphia,Restaurants,2,1,0
CozGguiwx7JEVk7cAwdvpA,diwwt5QBU3-Thig9SVlsOA,3.0,2010-10-11 16:57:11,afternoon,0,0,1,medium,high,Reno,Bars,2,1,0
P-7VidyXqOGd6zBnT85pDA,otQS34_MymijPTdNBoBdCw,5.0,2010-10-11 18:31:06,afternoon,0,0,1,long,high,Tucson,Restaurants,2,1,1
bBd8sOgkhbaEeZHjczV8ZQ,2rQFgavS-942RapZTBSBTw,4.0,2010-10-11 18:55:20,afternoon,0,0,1,long,high,Bryn Mawr,Italian,2,1,1
JfqaznyuI0N4FnAXa-644Q,pSmOH4a3HNNpYM82J5ycLA,5.0,2010-10-11 22:02:32,evening,0,0,1,long,high,Nashville,Restaurants,2,1,0
JfqaznyuI0N4FnAXa-644Q,1Pxg1AMf0rEn9QF__ZYoWw,3.0,2010-10-11 22:07:59,evening,0,0,1,medium,high,Nashville,Japanese,2,1,0
PAc93PtEbYDtytBQ9Dyjug,RhuYqAT45uIR2NNdDsolXQ,3.0,2010-10-11 23:46:07,evening,0,0,1,long,high,Tucson,Restaurants,1,0,0
GJv1yf_IhUZqpDjFr86DmA,GBTPC53ZrG1ZBY3DT8Mbcw,3.0,2010-10-12 12:10:20,morning,1,0,1,long,high,New Orleans,German,2,1,0
CAy7UDGySy5DzsgCxktpLg,GUNpbcLvHZLE3NpOifjNUQ,4.0,2010-10-12 17:28:49,afternoon,1,0,1,long,high,Philadelphia,Restaurants,2,1,1
mWamaq-Awy6tf7U4bCtT1A,cfjXBXseOIBKKnAIVf4fMw,4.0,2010-10-12 22:06:24,evening,1,0,1,short,high,Philadelphia,Tea Rooms,1,0,0
7ktyPHE-NGnWxarOqjIQiQ,FsRAHiYUERqUIeGVt49svA,2.0,2010-10-13 01:49:23,night,2,0,1,long,high,Philadelphia,Restaurants,1,0,0
nn7aw-T8v1R4lNp3noRhnw,Su_KoRa64akK19myzyK3xA,5.0,2010-10-13 14:18:11,afternoon,2,0,0,long,high,Philadelphia,Restaurants,3,1,1
owRJSf6XpxG0d9vBl04uAQ,nD-cMgRg5gekeB9qbuEkeA,3.0,2010-10-13 15:05:11,afternoon,2,0,1,long,high,Nashville,Steakhouses,3,1,0
Yl4W33ShuKg0IBOZqZfQcw,ByTZJsTDDhvOYKCj7uoy4w,2.0,2010-10-13 16:09:19,afternoon,2,0,1,long,high,Nashville,Nightlife,2,1,1
ZTvil7E2JbtORKm0bu6MKQ,B6qHZCAs7Nka-1zdjCzAIQ,5.0,2010-10-13 16:13:59,afternoon,2,0,1,medium,high,Philadelphia,Food,2,0,1
Yl4W33ShuKg0IBOZqZfQcw,1Pxg1AMf0rEn9QF__ZYoWw,5.0,2010-10-13 18:06:47,afternoon,2,0,1,long,high,Nashville,Japanese,2,1,0
zF10BKjK4Lz9U_8Yqw28ww,shi2MHna5oLRSU_rLDJN6A,3.0,2010-10-13 18:15:11,afternoon,2,0,1,long,high,Nashville,Eyewear & Opticians,1,0,0
7wlG7YooB2AUZRyKnqEi1A,7lwe7n-Yc-V9E_HfLAeylg,4.0,2010-10-14 13:08:53,afternoon,3,0,1,long,high,Philadelphia,Restaurants,2,1,1
y9WhhW724xLQ4p_lGQCQkA,SSZDGl2J-CEyIzuIbEiYNQ,3.0,2010-10-14 14:10:47,afternoon,3,0,1,long,high,Saint Louis,Bars,2,1,0
ev_mrEIDJauxugj1r8Z3qg,TQloD2_k3J67Q1J_picgfw,4.0,2010-10-14 15:07:00,afternoon,3,0,1,medium,high,Philadelphia,Convenience Stores,1,0,0
ev_mrEIDJauxugj1r8Z3qg,H47H_73y7aZ9KHpzct-xBg,5.0,2010-10-14 16:00:39,afternoon,3,0,1,medium,high,Philadelphia,Ice Cream & Frozen Yogurt,2,0,0
2T8cxl3Y_JhCE8o80BSp0A,Juoz1CK-bqCNFtOA02BtjA,5.0,2010-10-14 17:47:42,afternoon,3,0,1,medium,high,Indianapolis,Bakeries,1,0,0
Hxx8FmhpxiugIrGRh8RDOg,MaYb7qMN6BomP1zQGj3Wjg,5.0,2010-10-14 19:49:14,evening,3,0,1,long,high,Saint Louis,Nightlife,2,1,1
nlsxDX6nKcVDGWzVxdsWiQ,nRKndeZLQ3eDL10UMwS2rQ,5.0,2010-10-14 20:06:32,evening,3,0,1,medium,high,Saint Louis,Ice Cream & Frozen Yogurt,1,0,0
xjQSpme1Z7Xw8XehRLpYuA,_SjdrpSZdiXVSwaJR5T9jw,4.0,2010-10-14 20:13:00,evening,3,0,0,long,high,New Orleans,Barbeque,2,1,1
PAc93PtEbYDtytBQ9Dyjug,Y3ZCO17N1_T_Ms1JmswwzA,4.0,2010-10-14 21:29:40,evening,3,0,1,long,high,Tucson,Mexican,1,0,1
GJv1yf_IhUZqpDjFr86DmA,gUyfJlJRxu1fHuZ4dpBheQ,3.0,2010-10-15 04:09:10,night,4,0,1,long,high,New Orleans,Mexican,2,1,1
WFXqCsd97UsXcE8K_uQ4_Q,2x3wM06LEbaAR81AeKk44w,5.0,2010-10-15 18:12:09,afternoon,4,0,1,long,high,Saint Louis,Pizza,2,0,1
8ybqiIIq9AWe4AmrQEq8qA,Gpf61fcPpeUgnG0aMEbhoQ,1.0,2010-10-16 02:08:34,night,5,1,0,long,high,Cherry Hill,Hotels & Travel,2,0,0
K97i0e7MaxYfvCCwPFMjuw,c8rjE6NcfeyzLB_aU1GdMA,4.0,2010-10-16 06:15:20,night,5,1,1,long,high,Philadelphia,Nightlife,2,1,0
IpLRJY4CP3fXtlEd8Y4GFQ,9Pvwx_IfQgQL4ykmlGV6yA,4.0,2010-10-16 15:51:08,afternoon,5,1,1,medium,high,Plymouth Meeting,Asian Fusion,2,1,1
3Zl3RokY8eyRJQbbQmuOuA,vCHNWdW-ys-nWUx3Cpvk8Q,1.0,2010-10-16 22:10:11,evening,5,1,1,medium,high,Philadelphia,Bakeries,2,1,0
ojxS1v-8nUvEEx4DlsPQrA,DRr5xdfHtqgWfhmdTU1B8Q,1.0,2010-10-16 23:02:21,evening,5,1,1,medium,high,Philadelphia,Breakfast & Brunch,2,1,1
XRodxenm9sHoYbD15Em4nQ,H3JjbID9Zhukpqr9uupHAA,4.0,2010-10-18 03:03:28,night,0,0,1,long,high,Nashville,Burgers,2,1,1
66WeYHwruzUtHqTNCioSZg,0NkRPv4QdGubH4xVD1DuNA,3.0,2010-10-18 17:52:38,afternoon,0,0,1,long,high,Haddonfield,Food,1,0,1
JxA595MQSkNqzSfMXYWatw,D73evJ9PZKxO3E5TaThe3w,2.0,2010-10-18 20:02:57,evening,0,0,1,long,high,New Orleans,Tex-Mex,2,1,1
lT0jFHCIloX3bnF5eu0ERg,JUlsvVAvZvGHWFfkKm0nlg,3.0,2010-10-18 22:34:30,evening,0,0,1,long,high,Philadelphia,Mexican,2,1,1
-Tg5YTEMbnYw3fQN99xKCQ,xJ3NSwE0xhdtA-tB_y_rNQ,4.0,2010-10-19 01:20:19,night,1,0,1,short,high,New Orleans,Seafood,2,1,0
8Oj4m1xxNoI1P_1mek9fQQ,ngvE1G9IckUO-ljZBFo23w,3.0,2010-10-20 03:06:46,night,2,0,1,medium,high,Philadelphia,Indian,1,0,0
vLxpEHKZFzv8LYY5eeGjTg,c6GTImF01z981_BNJIye2g,5.0,2010-10-21 20:28:47,evening,3,0,1,long,high,Indianapolis,Event Planning & Services,3,1,1
26YpEJpa4uwJ60ezG9MIfQ,CmaMxRtf0NJxOR5r0Pw_mQ,4.0,2010-10-22 23:09:28,evening,4,0,1,long,high,Nashville,Barbeque,1,0,1
TUR21jv1-_GCwmeO3ouOBg,SySSMQNIfXN4KZyMtEukEw,5.0,2010-10-23 01:10:16,night,5,1,1,long,high,Tampa,Steakhouses,3,1,0
_BcWyKQL16ndpBdggh2kNA,9gObo5ltOMo6UgsaXaHPWA,5.0,2010-10-24 13:42:33,afternoon,6,1,1,long,high,Philadelphia,American (New),3,1,0
ouODopBKF3AqfCkuQEnrDg,MTSW4McQd7CbVtyjqoe9mw,4.0,2010-10-25 03:52:44,night,0,0,1,medium,high,Philadelphia,Restaurants,1,0,0
hla_Au4fcGMHU8PTFd05nA,qLrTiIPDlnNX6FYTs29rmg,5.0,2010-10-25 04:22:14,night,0,0,1,long,high,Tucson,Restaurants,2,1,0
HOy4vtxyF-UD9bv9jmZGEw,cz0sBSp8G2R2dqE6cccbuw,4.0,2010-10-26 00:31:02,night,1,0,0,medium,high,Philadelphia,Restaurants,1,0,0
8ybqiIIq9AWe4AmrQEq8qA,TuYx8LUw7shzFGXQuUmbNA,4.0,2010-10-26 01:03:56,night,1,0,0,long,high,Cherry Hill,Restaurants,2,0,1
b2YL4kdvU7Nx8mMhqfyXgg,3ZynJ94VpIdDlaArmEp2Rg,2.0,2010-10-26 04:31:04,night,1,0,1,long,high,Philadelphia,Food,2,0,1
BDyCY898xb7QexX-XJgrEw,c8rjE6NcfeyzLB_aU1GdMA,4.0,2010-11-22 04:37:23,night,0,0,1,long,high,Philadelphia,Nightlife,2,1,0
JUT0U3HTSB3kz9Wh7N0GqA,cXAKeC-EgVChIxhS7fscmw,4.0,2010-11-22 05:35:31,night,0,0,1,long,high,Tucson,Restaurants,2,1,1
8MKygqfspKqG2-X9ycR-Ow,2rQFgavS-942RapZTBSBTw,2.0,2010-11-22 05:57:39,night,0,0,1,long,high,Bryn Mawr,Italian,2,1,1
riWDgbauId8TK7YFVgMNJw,GBTPC53ZrG1ZBY3DT8Mbcw,4.0,2010-11-22 17:33:40,afternoon,0,0,1,long,high,New Orleans,German,2,1,0
2LfozZiejXfQHcS52-Fv5w,c8rjE6NcfeyzLB_aU1GdMA,3.0,2010-11-22 22:49:52,evening,0,0,1,medium,high,Philadelphia,Nightlife,2,1,0
MdUimpfJQHijcy1DZu-r4A,4_W5pstoN1166TGjjPOrMg,4.0,2010-11-23 03:51:40,night,1,0,1,medium,high,Philadelphia,American (Traditional),2,1,1
8-U6FgqWxNmXz80JhJQXZg,oJ4ik-4PZe6gexxW-tSmsw,4.0,2010-11-23 14:00:29,afternoon,1,0,1,long,high,Indianapolis,Nightlife,2,1,1
V9n2Qyr-dvNg00BwMWqquQ,ngvE1G9IckUO-ljZBFo23w,3.0,2010-11-23 19:12:44,evening,1,0,1,long,high,Philadelphia,Indian,1,0,0
0Igx-a1wAstiBDerGxXk2A,-If0ps0QhOLCYVWQWs9RYg,4.0,2010-11-23 19:49:51,evening,1,0,1,medium,high,New Orleans,Restaurants,1,0,1
WlgB9SAzYAyHEAlawc27xg,u4SoM_ljOMxmuQ8GIr1m8A,3.0,2010-11-23 22:00:21,evening,1,0,1,medium,high,Norristown,Indian,2,1,0
b2YL4kdvU7Nx8mMhqfyXgg,tCLAeZsjXFG9RumJ4Hn0Kw,5.0,2010-11-24 02:34:32,night,2,0,1,long,high,Philadelphia,Restaurants,1,0,0
5Y5KbsI5buMcNh2hTFaRpA,iCKF72z3fqRTF1vxdBZINQ,4.0,2010-11-24 03:20:27,night,2,0,1,long,high,Nashville,American (Traditional),2,1,1
26YpEJpa4uwJ60ezG9MIfQ,iCKF72z3fqRTF1vxdBZINQ,5.0,2010-11-24 03:39:41,night,2,0,1,long,high,Nashville,American (Traditional),2,1,1
0mYNAVDIzW4fzgAQ5opGWg,eFvzHawVJofxSnD7TgbZtg,3.0,2010-11-24 15:30:49,afternoon,2,0,1,long,high,Philadelphia,Food,1,0,1
kX8VElJe7Pj-cJ-yZAzHdA,AbtYqoBGuvlWmR1gU0c3XA,4.0,2010-11-24 17:37:37,afternoon,2,0,1,long,high,Philadelphia,Food,2,1,0
DJp-RvWsIyX9z-8SN2N7Ag,rQW9iupvhk6ScPn2VPNLVQ,3.0,2010-11-24 18:02:04,afternoon,2,0,1,long,high,Philadelphia,Food Trucks,1,0,0
aGI_wfhcJ86DJ-67Lkty8g,c8rjE6NcfeyzLB_aU1GdMA,2.0,2010-11-24 21:05:57,evening,2,0,1,long,high,Philadelphia,Nightlife,2,1,0
QsByY2gW90viW7wiqWeEcg,EtKSTHV5Qx_Q7Aur9o4kQQ,4.0,2010-11-25 17:33:26,afternoon,3,0,0,medium,high,Philadelphia,Bars,2,1,1
yon21mgAit4FGUZVWs_yfw,jLerIZFpe25jOUf722qzBA,4.0,2010-11-26 04:37:13,night,4,0,1,medium,high,New Orleans,Coffee & Tea,2,1,1
Jt3GylPuH64uA3zTdbMdCg,UhjfJpaAzgSYrTZ_dMMF1Q,4.0,2010-11-26 17:37:20,afternoon,4,0,1,long,high,Essington,Restaurants,2,0,0
EP8o8JnQSI0WEkeodwA8lA,k3sED9tpGEOtzhGxvcxTrw,1.0,2010-11-26 19:16:20,evening,4,0,1,long,high,Metairie,Restaurants,1,1,0
EP8o8JnQSI0WEkeodwA8lA,xJ3NSwE0xhdtA-tB_y_rNQ,3.0,2010-11-26 20:25:09,evening,4,0,1,long,high,New Orleans,Seafood,2,1,0
WFXqCsd97UsXcE8K_uQ4_Q,XMGjDIAFbu9VSmWDs-Ev5w,5.0,2010-11-26 20:35:24,evening,4,0,1,long,high,St. Louis,Restaurants,2,1,0
6woTWCjHDMEjQclniEei-A,4_W5pstoN1166TGjjPOrMg,4.0,2010-11-27 06:08:35,night,5,1,1,long,high,Philadelphia,American (Traditional),2,1,1
GJv1yf_IhUZqpDjFr86DmA,-If0ps0QhOLCYVWQWs9RYg,3.0,2010-11-27 07:46:26,morning,5,1,1,long,high,New Orleans,Restaurants,1,0,1
CHYvZ-r1_bSMfBCswelaBw,RTEdyP_6wGvXQugln1jxbg,3.0,2010-11-27 20:42:21,evening,5,1,1,medium,high,Brentwood,American (Traditional),2,1,0
wmqsehbFirZPlAluJUakeQ,EtKSTHV5Qx_Q7Aur9o4kQQ,3.0,2010-11-27 21:19:20,evening,5,1,0,long,high,Philadelphia,Bars,2,1,1
jQF9CqbIfpQit9B0MAG4Wg,Z5po0aTuzKKblek5y6Sp8Q,4.0,2010-11-27 21:45:45,evening,5,1,1,long,high,Philadelphia,Food,2,0,0
hla_Au4fcGMHU8PTFd05nA,2cpdYwMOeKQtiMDvm39nKg,4.0,2010-11-27 22:42:11,evening,5,1,1,long,high,Tucson,Burgers,2,1,0
8MKygqfspKqG2-X9ycR-Ow,JUlsvVAvZvGHWFfkKm0nlg,4.0,2010-11-28 17:41:37,afternoon,6,1,1,long,high,Philadelphia,Mexican,2,1,1
tHsxcCUUQYkypUxssH48yg,gJvHJcDBnrcIKDGo9_-v5Q,4.0,2010-11-28 17:44:27,afternoon,6,1,0,long,high,Bala Cynwyd,Italian,3,1,0
AznsQ60apcdmn4klSTpwtw,Yv6HUVu7fRMnt_NtGdVQBw,2.0,2010-11-28 18:10:26,afternoon,6,1,1,long,high,Nashville,Restaurants,2,1,0
z67oNAZR_uHG84k3Dntckg,EtKSTHV5Qx_Q7Aur9o4kQQ,4.0,2010-11-28 20:01:23,evening,6,1,1,long,high,Philadelphia,Bars,2,1,1
IpLRJY4CP3fXtlEd8Y4GFQ,cXSyVvOr9YRN9diDkaWs0Q,1.0,2010-11-28 21:54:34,evening,6,1,1,long,high,Philadelphia,Southern,2,1,1
JITevzyEgskIJc6sgOyEgw,c6xOzTbNqD-1g9PoxAh4DQ,3.0,2010-11-28 21:57:31,evening,6,1,1,long,high,Nashville,Tapas Bars,2,1,0
r3QexFIhBXBT99canAgVEg,QU6xxKwHXR6xQ5oi2yIKLw,4.0,2010-11-29 01:42:22,night,0,0,1,long,high,Edmonton,Grocery,1,0,0
5Y5KbsI5buMcNh2hTFaRpA,ZWRgvtyHRobwpi4G-Z4STQ,3.0,2010-11-29 05:14:12,night,0,0,1,long,high,Nashville,Food,1,0,0
4kKngcDGjuzo18pxx5jHog,-y5vYOsyL4bSFxeOtQtYbg,5.0,2010-11-29 15:47:11,afternoon,0,0,1,medium,high,Tucson,Delis,2,1,1
B-s-8VUnuBjGTP3d01jsyw,zedtiorJSVxjpqMKdyp9TA,2.0,2010-11-29 16:46:57,afternoon,0,0,1,long,high,Reno,Bars,2,1,1
gOAvWocRyGbKvUaitVy8fQ,bSWL0YxfawjS03_g2kgujA,4.0,2010-11-29 22:41:42,evening,0,0,1,long,high,Philadelphia,Sandwiches,1,1,1
MEa1LSKvSjs8-wZdEpa0hA,9fjdQvNl1yWKCNgo0VaCyA,2.0,2010-11-30 00:10:55,night,1,0,0,short,high,Tampa,Discount Store,1,1,0
X-8WUdJ1hYidYXQygzTEBw,Tl24lMv2aCuLs4u45NquJQ,5.0,2010-12-01 00:35:36,night,2,0,1,long,high,Cherry Hill,Italian,2,0,1
X-8WUdJ1hYidYXQygzTEBw,pP4q0Mym-qt20nRqTKbzhQ,3.0,2010-12-01 01:06:29,night,2,0,1,long,high,Philadelphia,Steakhouses,4,1,0
X-8WUdJ1hYidYXQygzTEBw,-ATiAtTikuGuqvaW2O6tNA,1.0,2010-12-01 01:12:18,night,2,0,1,medium,high,Philadelphia,Sandwiches,2,1,1
FZQXGfmkMASFWq3JnuQZqg,GBTPC53ZrG1ZBY3DT8Mbcw,3.0,2010-12-01 01:57:06,night,2,0,1,long,high,New Orleans,German,2,1,0
ZGjgfSvjQK886kiTzLwfLQ,sdWuLh-auc0nC2Jy6_26AQ,4.0,2010-12-01 14:48:21,afternoon,2,0,1,medium,high,Philadelphia,Bars,2,1,0
kX8VElJe7Pj-cJ-yZAzHdA,c8rjE6NcfeyzLB_aU1GdMA,3.0,2010-12-01 17:08:52,afternoon,2,0,1,long,high,Philadelphia,Nightlife,2,1,0
HuoP7ejN-LSwkO1UIgmtaw,_aKr7POnacW_VizRKBpCiA,4.0,2010-12-01 18:14:20,afternoon,2,0,1,long,high,Saint Louis,Delis,1,1,0
26YpEJpa4uwJ60ezG9MIfQ,_owHO6DTYU-XVP8jAcgZFw,3.0,2010-12-01 22:10:24,evening,2,0,1,medium,high,Nashville,Pizza,2,1,1
X-8WUdJ1hYidYXQygzTEBw,sdWuLh-auc0nC2Jy6_26AQ,3.0,2010-12-02 16:10:41,afternoon,3,0,1,short,high,Philadelphia,Bars,2,1,0
6WG2IGTVr-xKn0pYQZJGjw,pqe1pCQx--uybdm6EQ8AqQ,4.0,2010-12-03 00:05:45,night,4,0,1,long,high,Wynnewood,American (New),1,0,1
_p5ydZPNMkyTJoPtE0QUJw,Tq5jFk_BMSJG8-flqj5Bgw,3.0,2010-12-03 02:30:40,night,4,0,1,long,high,University City,Salad,2,1,1
AznsQ60apcdmn4klSTpwtw,Jn_F3hYqknRTepCg6om04Q,3.0,2010-12-03 03:05:49,night,4,0,1,long,high,Brentwood,Mexican,1,0,1
K45F8uWoeXLXt-CXjCAbFQ,SjjrTfCxmLp0kJgy62sRAg,4.0,2010-12-03 06:10:41,night,4,0,0,long,high,Tucson,Restaurants,1,0,1
Xlb-Hxrvkfyadnkmk5hrgw,c6GTImF01z981_BNJIye2g,5.0,2010-12-03 13:11:34,afternoon,4,0,1,long,high,Indianapolis,Event Planning & Services,3,1,1
Jtfz1WbIB_FtYDkO3MtRXg,nP4LqTcK1USiw5WnbOjW7A,4.0,2010-12-03 14:14:13,afternoon,4,0,0,long,high,Philadelphia,Moroccan,1,0,0
Bq-BIdYrWloJXq6v6v_iiA,d_tRshM-w6S4QxE4VVi8tQ,3.0,2010-12-03 14:21:01,afternoon,4,0,1,long,high,Philadelphia,American (New),2,1,0
Jtfz1WbIB_FtYDkO3MtRXg,ki1ji38VOBVhZJ__Awvf-Q,4.0,2010-12-03 14:23:11,afternoon,4,0,0,long,high,Bensalem,Restaurants,3,1,0
cAl0Xqh_PFiMJl10ZlcDIg,pafrjSu3h0v0N8GR3ghNtQ,4.0,2010-12-03 21:05:16,evening,4,0,1,medium,high,Indianapolis,Cajun/Creole,1,0,1
owRJSf6XpxG0d9vBl04uAQ,tvbFcYCEQWc76CUK-nBw8w,4.0,2010-12-04 02:55:11,night,5,1,1,long,high,Nashville,Korean,2,1,0
8wQIoFapkegkC5fcVYg_Iw,C_EtrXTygRX5RTUOKtO6Dg,3.0,2010-12-04 13:56:46,afternoon,5,1,1,long,high,Philadelphia,Nightlife,2,1,1
6woTWCjHDMEjQclniEei-A,LACylKxImNI29DKUQpWuHw,2.0,2010-12-05 05:14:59,night,6,1,1,medium,high,Philadelphia,Restaurants,1,0,0
ITa3vh5ERI90G_WP4SmGUQ,4RMHlggaIdNibPUJPVEd6w,4.0,2010-12-05 14:35:12,afternoon,6,1,1,long,high,Philadelphia,American (New),2,1,1
cAl0Xqh_PFiMJl10ZlcDIg,osOONoA8wMF5ZpLWUS7VOw,2.0,2010-12-05 19:52:59,evening,6,1,1,medium,high,Indianapolis,Breakfast & Brunch,1,0,1
VFp9AYShu_C9T4QsHpM3yA,cXAKeC-EgVChIxhS7fscmw,3.0,2010-12-05 22:09:58,evening,6,1,1,long,high,Tucson,Restaurants,2,1,1
0MJ5sKX5uq7Ma5hbl4l3BQ,btKI0khzu_4GXch0Ip1i5Q,4.0,2010-12-06 12:46:53,morning,0,0,1,long,high,Lahaska,Food,2,1,1
g7pK3HSnO8VRueIn5zUt9w,Dtuf4vD0znzwJW9vk3iTNw,4.0,2010-12-07 13:00:54,afternoon,1,0,1,long,high,Indianapolis,Steakhouses,2,1,0
7wlG7YooB2AUZRyKnqEi1A,OHzX-ZD9qyoeoxR8Z0dlIA,4.0,2010-12-07 18:41:11,afternoon,1,0,1,long,high,Philadelphia,Restaurants,2,1,1
26YpEJpa4uwJ60ezG9MIfQ,cvHY1RTAPSoH94ysP2_eyQ,4.0,2010-12-07 18:43:12,afternoon,1,0,1,long,high,Nashville,Health Markets,2,1,1
bYENop4BuQepBjM1-BI3fA,vD2jzpPv4iyOLKzITscGvA,4.0,2010-12-07 19:40:44,evening,1,0,1,long,high,Saint Louis,Wine Bars,3,1,1
quF5ORcDanGUIR5P3AsRQA,htO_nlxkEsYHzDrtbiUxew,4.0,2010-12-07 23:25:06,evening,1,0,0,medium,high,Philadelphia,Restaurants,1,0,0
0MJ5sKX5uq7Ma5hbl4l3BQ,XNrhJQ2WYGxeDDTycDp7BA,5.0,2010-12-08 11:54:10,morning,2,0,1,long,high,Lahaska,Food,2,0,0
fJ8VAC3EuN4OEoh-WzL2Og,qf4LecJDQWIt0gt6VJWFPw,4.0,2010-12-08 15:04:55,afternoon,2,0,0,long,high,Tampa,Burgers,2,1,0
JfqaznyuI0N4FnAXa-644Q,s3FRhtaNU8dt-mKkLKUQaQ,1.0,2010-12-08 15:27:16,afternoon,2,0,1,long,high,Nashville,Sushi Bars,2,1,1
VFp9AYShu_C9T4QsHpM3yA,vdCQoE2il097-vc_gIQzYw,4.0,2010-12-08 18:42:11,afternoon,2,0,1,medium,high,Tucson,Food,1,0,0
8pD-h427Y_aDcPxhDR7z8g,_owHO6DTYU-XVP8jAcgZFw,3.0,2010-12-09 12:47:19,morning,3,0,1,long,high,Nashville,Pizza,2,1,1
z9sL9d4kfAiQeGJ1dGmBng,xCXGV3wEvYd4xBGx8ZRFQA,3.0,2010-12-09 17:22:26,afternoon,3,0,1,long,high,Philadelphia,Restaurants,1,0,1
AmM4Lfk15XfqRGCINWgkOQ,vD2jzpPv4iyOLKzITscGvA,4.0,2010-12-09 20:23:50,evening,3,0,1,long,high,Saint Louis,Wine Bars,3,1,1
GIWBa-4K9ejyiO6e7HOntA,4_W5pstoN1166TGjjPOrMg,3.0,2010-12-10 13:41:47,afternoon,4,0,1,long,high,Philadelphia,American (Traditional),2,1,1
PAc93PtEbYDtytBQ9Dyjug,Wd9JBLjCCh5yTF0vPAxCAA,5.0,2010-12-11 01:01:26,night,5,1,1,long,high,Tucson,Mexican,2,1,0
bYENop4BuQepBjM1-BI3fA,MHqeqoJEjsTHivmuXOW4iQ,2.0,2010-12-11 20:50:11,evening,5,1,1,long,high,Saint Louis,Wine Bars,2,1,1
Oi1qbcz2m2SnwUeztGYcnQ,mGBeGy02okNCY4QgNG5S0A,3.0,2010-12-12 15:56:49,afternoon,6,1,1,medium,high,Havertown,Food,3,0,0
PKzt4KMQpQIRSvOYo3EdFw,t5RIuLUvE5fxr0TaRWxeQg,4.0,2010-12-12 16:25:03,afternoon,6,1,0,long,high,Philadelphia,Italian,3,1,1
iT1AA74QFn_a0Xq9-ggSGA,YyJ781Cb4ZUlZv35BoBhMw,4.0,2010-12-13 10:55:09,morning,0,0,1,medium,high,Harvey,Sporting Goods,2,0,0
XQk-XZKwNim2fsc8_LHksA,eFvzHawVJofxSnD7TgbZtg,4.0,2010-12-13 17:36:58,afternoon,0,0,1,long,high,Philadelphia,Food,1,0,1
-Ub6sTS9u9scC5y_85l8xg,yjYNk2K77o34anIhS4zJyg,4.0,2010-12-13 22:51:24,evening,0,0,0,long,high,Fenton,Salad,1,1,1
g7pK3HSnO8VRueIn5zUt9w,eHQ0utxOdNVHVfDD7fYvdg,3.0,2010-12-14 14:06:12,afternoon,1,0,1,long,high,Mooresville,Restaurants,2,0,0
hZ-ZtZ3bqZg6GhWepqj20g,_JXfCdMu1TFblbhJ5KT7fw,4.0,2010-12-14 18:50:51,afternoon,1,0,1,long,high,Saint Louis,Thai,2,1,1
g7pK3HSnO8VRueIn5zUt9w,W3pOGK9qIZJbA6CS0HRNcQ,4.0,2010-12-15 19:19:36,evening,2,0,1,long,high,Indianapolis,Pizza,2,0,0
o0emAbW2Z9MnyGxBUzH2ZA,oThWInL6gUCt2d98fSIAfA,4.0,2010-12-17 00:41:05,night,4,0,1,long,high,Fishers,Restaurants,2,1,1
r3QexFIhBXBT99canAgVEg,ISBBeqLeERHiKfqa7PZkuA,3.0,2010-12-17 04:42:15,night,4,0,1,long,high,Edmonton,Diners,2,0,1
ycXDvH-nE4SbKOr5hyTVkQ,pafrjSu3h0v0N8GR3ghNtQ,5.0,2010-12-18 04:24:40,night,5,1,1,medium,high,Indianapolis,Cajun/Creole,1,0,1
FAxwG5UGRi0fIIIWJq7eEg,yLOWWBO0fqy29GbxkxhJCg,4.0,2010-12-22 02:09:40,night,2,0,0,long,high,Holiday,Italian,1,1,0
z9sL9d4kfAiQeGJ1dGmBng,lRbHFOIFuusN2WOR_ypQ_A,5.0,2010-12-22 02:37:40,night,2,0,1,long,high,Philadelphia,Restaurants,2,0,0
ZcNLb0XgmVOPcYvElhz3WA,7IGODjRWVo96UF71P_nJqg,4.0,2010-12-22 03:53:47,night,2,0,1,long,high,Brentwood,Food,2,0,0
iPkdNziqnhNukjnmsrSzmg,X7YBx8CybmIPymZ0ThCmng,5.0,2010-12-22 23:06:53,evening,2,0,1,medium,high,Saint Louis,Restaurants,2,1,1
nnImk681KaRqUVHlSfZjGQ,9dGzGbNKLMP0_wOqI5GffQ,4.0,2010-12-23 16:04:02,afternoon,3,0,1,medium,high,Brandon,Restaurants,2,1,0
A_BF2dDDUTKGVXrqxO9mag,OHzX-ZD9qyoeoxR8Z0dlIA,4.0,2011-01-09 03:35:51,night,6,1,1,medium,high,Philadelphia,Restaurants,2,1,1
EMJV9rib660I4RpMsbzWbg,mzZ_WTb2zvyJMBkm84B-WA,4.0,2011-01-09 04:27:56,night,6,1,1,long,high,Metairie,Donuts,2,1,0
SJvCPlJ5X6Jkbc0TggIiCg,MaYb7qMN6BomP1zQGj3Wjg,5.0,2011-01-09 05:34:28,night,6,1,1,long,high,Saint Louis,Nightlife,2,1,1
lYQk0R6sPfo3WeX-l_5BuA,EKbb62ui8LgHk3B7OJMyBw,4.0,2011-01-09 17:29:11,afternoon,6,1,1,long,high,Saint Louis,Restaurants,2,1,1
drui1iMt-TPzJiSkQp5CtA,AzseSGgDC6bVtMPEYo1CNQ,5.0,2011-01-09 22:50:05,evening,6,1,1,medium,high,New Orleans,Food,2,0,0
uUcNCwf86aea7F9AGFBJNQ,3Ry5aKcMuTdp9m1E7n_WiA,3.0,2011-01-09 22:57:00,evening,6,1,0,medium,high,King of Prussia,Food,2,1,0
uUcNCwf86aea7F9AGFBJNQ,0zf4KKZqbqoxiuKzeZLDdg,2.0,2011-01-09 23:01:13,evening,6,1,0,short,high,Philadelphia,Italian,1,0,0
kx1AyDQfkPHSkPstBQlDzg,lj-E32x9_FA7GmUrBGBEWg,4.0,2011-01-09 23:03:07,evening,6,1,1,long,high,St Louis,Bars,2,1,1
kx1AyDQfkPHSkPstBQlDzg,e86IBzGCsrnhJbD_wELj7w,5.0,2011-01-09 23:38:27,evening,6,1,1,long,high,Saint Louis,Gluten-Free,3,1,0
kx1AyDQfkPHSkPstBQlDzg,GV-e7Op4aU98xkjjoKlRhA,4.0,2011-01-09 23:50:12,evening,6,1,1,long,high,Saint Louis,Basque,2,1,1
b2YL4kdvU7Nx8mMhqfyXgg,Fc_8eLlcq5yy4DzrEeqEaQ,3.0,2011-01-10 15:10:53,afternoon,0,0,1,long,high,Philadelphia,Seafood,2,1,0
7wlG7YooB2AUZRyKnqEi1A,OHzX-ZD9qyoeoxR8Z0dlIA,5.0,2011-01-10 15:24:01,afternoon,0,0,1,medium,high,Philadelphia,Restaurants,2,1,1
KDewJBJknfWvQyHHFNbfdg,z680Aylt8wN2KAeFM1hy-A,4.0,2011-01-10 17:47:12,afternoon,0,0,1,long,high,Indianapolis,Bars,2,1,1
b2YL4kdvU7Nx8mMhqfyXgg,6CsLAjWXFlLpErBZEmGQ5g,4.0,2011-01-10 18:22:42,afternoon,0,0,1,medium,high,Philadelphia,Indonesian,1,0,0
cogPv5baWhsR-_Dcw3-Taw,GV-e7Op4aU98xkjjoKlRhA,5.0,2011-01-10 18:26:54,afternoon,0,0,1,long,high,Saint Louis,Basque,2,1,1
_BcWyKQL16ndpBdggh2kNA,skIhu9uQsD1JZwGakjXNJw,5.0,2011-01-10 20:26:12,evening,0,0,1,long,high,Philadelphia,Chicken Wings,1,0,0
K97i0e7MaxYfvCCwPFMjuw,wUnLSg_GKfEIQ5CQQ770_g,4.0,2011-01-10 20:52:24,evening,0,0,1,long,high,Philadelphia,Italian,4,1,1
enaHB1e956thdnafcHVAig,kbbh3rkueBubhJa_QQjwpA,4.0,2011-01-10 21:52:43,evening,0,0,1,medium,high,King of Prussia,Southern,1,0,0
90LRTAl9knIOAN_HwHqcBQ,WJeipqBVdQmVhnYrXlLb7A,4.0,2011-01-10 22:36:15,evening,0,0,1,short,high,Blackwood,Beer,1,0,1
nqHmFx837BIlsYNX5LsR4w,fGYnHzFr1z2kv7bPRW6VMA,4.0,2011-01-11 00:33:09,night,1,0,0,long,high,West Chester,Pizza,2,1,1
z9sL9d4kfAiQeGJ1dGmBng,eaDZlSuVS0EY67Ke6pRP6Q,4.0,2011-01-11 01:07:09,night,1,0,1,long,high,Philadelphia,Malaysian,2,1,0
iJiWgNrcQMCKkgUaoYOe0A,10wt8eSXI_PZfl9dRIiWmg,3.0,2011-01-11 02:49:47,night,1,0,1,short,high,Philadelphia,Pakistani,2,0,0
iJiWgNrcQMCKkgUaoYOe0A,wHiPhPVuGnngEieDBMG00g,4.0,2011-01-11 02:51:11,night,1,0,1,medium,high,Brandon,Bars,2,1,1
Va1VeFo3so8d444ohkSGjg,2KIDQyTh-HzLxOUEDqtDBg,5.0,2011-01-11 06:55:14,night,1,0,1,medium,high,Saint Petersburg,Specialty Food,2,1,0
Hn8O2RQijYIVLFNF5VPWTA,j8JOZvfeHEfUWq3gEz6ABQ,4.0,2011-01-11 14:36:10,afternoon,1,0,1,long,high,New Orleans,Jazz & Blues,2,1,1
Ii4fgwfnyv9l8S_7p-nkkA,nP4LqTcK1USiw5WnbOjW7A,5.0,2011-01-11 14:43:58,afternoon,1,0,0,medium,high,Philadelphia,Moroccan,1,0,0
7wlG7YooB2AUZRyKnqEi1A,EtKSTHV5Qx_Q7Aur9o4kQQ,5.0,2011-01-11 15:13:49,afternoon,1,0,1,medium,high,Philadelphia,Bars,2,1,1
Hn8O2RQijYIVLFNF5VPWTA,oLc7k78_YcDMnMCdbC-h1A,3.0,2011-01-11 15:48:51,afternoon,1,0,1,medium,high,New Orleans,American (Traditional),2,1,1
Kj-u8Yq1d3mLKitWsDAxpg,_RwlMTw9uFeOkfX9Ctf1HA,2.0,2011-01-11 17:04:12,afternoon,1,0,1,long,high,Philadelphia,American (Traditional),3,1,1
Ii4fgwfnyv9l8S_7p-nkkA,OHzX-ZD9qyoeoxR8Z0dlIA,4.0,2011-01-11 20:53:43,evening,1,0,0,medium,high,Philadelphia,Restaurants,2,1,1
7fDqaGdUMccXQ4bnPwR6yg,Tq5jFk_BMSJG8-flqj5Bgw,3.0,2011-01-12 01:00:13,night,2,0,1,medium,high,University City,Salad,2,1,1
iJiWgNrcQMCKkgUaoYOe0A,2kuhZOrWcLYe_XePccr4lA,3.0,2011-01-12 01:57:19,night,2,0,1,short,high,Tampa,Restaurants,2,1,1
GJv1yf_IhUZqpDjFr86DmA,oLc7k78_YcDMnMCdbC-h1A,3.0,2011-01-12 05:49:54,night,2,0,1,long,high,New Orleans,American (Traditional),2,1,1
Xw7ZjaGfr0WNVt6s_5KZfA,KSP4BhUnu-skBxlRT9MLRQ,4.0,2011-01-12 09:32:39,morning,2,0,1,medium,high,Gretna,Grocery,2,0,0
qTMK2qr6ngof4fe29qyooA,jQBPO3rYkNwIaOdQS5ktgQ,5.0,2011-01-12 19:05:19,evening,2,0,1,long,high,Saint Louis,Ice Cream & Frozen Yogurt,2,1,0
Hn8O2RQijYIVLFNF5VPWTA,yJ2ZRXx01eF40eRQFqIBeQ,2.0,2011-01-12 20:38:42,evening,2,0,1,long,high,Metairie,Restaurants,2,1,0
eh03Ytv4exbW33L2erx1kA,JroMBSRiVq1u8-KZVDZh7g,4.0,2011-01-12 23:42:31,evening,2,0,0,medium,high,Saint Louis,Restaurants,1,0,0
gdE08fH1krgdIykCyWUj1A,rxqcQ3fMMFsmKFo3EsBnEQ,2.0,2011-01-13 01:09:20,night,3,0,0,short,high,Philadelphia,Food,1,0,0
gdE08fH1krgdIykCyWUj1A,4_W5pstoN1166TGjjPOrMg,3.0,2011-01-13 01:12:35,night,3,0,0,medium,high,Philadelphia,American (Traditional),2,1,1
1ypK74Sr0QmsJ8IZG8v0cQ,2W0P6hXCbE6EgP5R6y9eBw,4.0,2011-01-13 02:21:24,night,3,0,1,medium,high,Indianapolis,Pizza,2,1,0
zAMpV0uFt9XpqRDFNLWPrQ,72Y65Cg8MO1t9cWCHpwEQQ,5.0,2011-01-13 02:28:00,night,3,0,1,long,high,Indianapolis,Italian,1,0,1
Xw7ZjaGfr0WNVt6s_5KZfA,xEo-_CApwhR5cmJ47DdGkw,1.0,2011-01-13 19:33:46,evening,3,0,1,long,high,Gretna,Restaurants,1,0,0
Xw7ZjaGfr0WNVt6s_5KZfA,IZmCSGeXLCB-Y2UvJrvr-A,2.0,2011-01-13 20:54:44,evening,3,0,1,long,high,New Orleans,Salad,2,1,0
TINJU5ib4OMlCL07JqYGhA,k3sED9tpGEOtzhGxvcxTrw,4.0,2011-01-14 00:53:36,night,4,0,1,medium,high,Metairie,Restaurants,1,1,0
A_BF2dDDUTKGVXrqxO9mag,3m72qrDirMZDOhaG3FR6HQ,4.0,2011-01-14 02:06:39,night,4,0,1,long,high,Voorhees Township,Restaurants,1,0,1
nDvQAlraWcKds2XJLS2GkA,vU2BXpEwI_5mLcLAkRrbhg,4.0,2011-01-14 03:53:01,night,4,0,0,medium,high,Tampa,Ice Cream & Frozen Yogurt,2,0,0
5Y5KbsI5buMcNh2hTFaRpA,c6xOzTbNqD-1g9PoxAh4DQ,3.0,2011-01-14 06:51:23,night,4,0,1,long,high,Nashville,Tapas Bars,2,1,0
ycXDvH-nE4SbKOr5hyTVkQ,oJ4ik-4PZe6gexxW-tSmsw,4.0,2011-01-14 12:28:26,morning,4,0,1,long,high,Indianapolis,Nightlife,2,1,1
HW-QgyCq4DzUQCFRaYn6Fg,4RMHlggaIdNibPUJPVEd6w,4.0,2011-01-14 14:14:35,afternoon,4,0,1,long,high,Philadelphia,American (New),2,1,1
mzL0zHFGyd9866OUljq49g,uMT7H0shZK4-pQ_J2qMEWA,4.0,2011-01-14 16:55:58,afternoon,4,0,1,long,high,Philadelphia,Grocery,1,0,0
82UbpDEPMGJ9Sod8a1U-cg,O286wXm4mcznQn_1JieD1g,4.0,2011-01-14 17:36:43,afternoon,4,0,1,long,high,Philadelphia,Event Planning & Services,3,0,0
8gc8dZzfHuH1Q2tf8cz3EQ,WLrFLRE9uvqj9ahrEjevYw,2.0,2011-01-15 00:12:40,night,5,1,1,long,high,Moorestown,Vegetarian,2,1,1
AznsQ60apcdmn4klSTpwtw,6kAXOzE7fqaBZINQV_-_mg,4.0,2011-01-15 05:44:47,night,5,1,1,long,high,Nashville,Vietnamese,1,1,0
exDOIbSQ2S5hSwewrs1MVw,Z5po0aTuzKKblek5y6Sp8Q,4.0,2011-01-15 13:27:47,afternoon,5,1,1,medium,high,Philadelphia,Food,2,0,0
DejbySADs66NO3RMAuzBIw,GsDwQ9NzKu8eaAGFhkOtnQ,3.0,2011-01-15 21:19:23,evening,5,1,1,long,high,Marrero,Bakeries,1,1,1
Jtfz1WbIB_FtYDkO3MtRXg,SIoCIxjn4jLt2O-4DajWJw,3.0,2011-01-16 03:15:21,night,6,1,0,medium,high,Philadelphia,Nightlife,2,1,1
PAc93PtEbYDtytBQ9Dyjug,-pRU97z3uPU_M7yUf5yzMg,3.0,2011-01-16 11:09:23,morning,6,1,1,long,high,Tucson,Event Planning & Services,2,1,0
gr528N9hWldCgfKp99zWKw,Ryt1Fhgz7sixMQSJiLyP_g,3.0,2011-01-16 16:19:43,afternoon,6,1,1,long,high,Philadelphia,Restaurants,2,1,1
elRzjUBwGD99updMZ4I8dQ,gC8i-lxwvGhVpOXM5eYdtA,5.0,2011-01-16 17:51:07,afternoon,6,1,1,medium,high,New Orleans,Mexican,2,0,0
elRzjUBwGD99updMZ4I8dQ,f4vbnGoGo3eWorVekctVGQ,5.0,2011-01-16 18:15:29,afternoon,6,1,1,medium,high,New Orleans,Restaurants,2,0,1
tNdTtSXhSoxwra6Q1L2L4g,EtKSTHV5Qx_Q7Aur9o4kQQ,4.0,2011-01-16 23:57:53,evening,6,1,0,long,high,Philadelphia,Bars,2,1,1
Jt3GylPuH64uA3zTdbMdCg,L3V21nAe-CicW2bvtNWa0g,4.0,2011-01-17 19:04:07,evening,0,0,1,long,high,Philadelphia,Sushi Bars,2,1,0
AmM4Lfk15XfqRGCINWgkOQ,vD2jzpPv4iyOLKzITscGvA,5.0,2011-01-17 21:45:17,evening,0,0,1,long,high,Saint Louis,Wine Bars,3,1,1
elRzjUBwGD99updMZ4I8dQ,mzZ_WTb2zvyJMBkm84B-WA,5.0,2011-01-18 00:57:09,night,1,0,1,long,high,Metairie,Donuts,2,1,0
YV6uaSzANkraOQQzN0alWg,OHzX-ZD9qyoeoxR8Z0dlIA,4.0,2011-01-18 01:06:58,night,1,0,1,long,high,Philadelphia,Restaurants,2,1,1
GIWBa-4K9ejyiO6e7HOntA,7lwe7n-Yc-V9E_HfLAeylg,5.0,2011-01-18 01:52:10,night,1,0,1,long,high,Philadelphia,Restaurants,2,1,1
Pgf0XLDGVMLcVis8w5XMHw,d_tRshM-w6S4QxE4VVi8tQ,4.0,2011-01-18 17:36:53,afternoon,1,0,0,medium,high,Philadelphia,American (New),2,1,0
Pgf0XLDGVMLcVis8w5XMHw,D5V0Fawd6ODVgqCY8xngsw,4.0,2011-01-18 17:53:41,afternoon,1,0,0,medium,high,Philadelphia,Event Planning & Services,3,1,0
Pgf0XLDGVMLcVis8w5XMHw,04UD14gamNjLY0IDYVhHJg,4.0,2011-01-18 19:50:24,evening,1,0,0,long,high,Philadelphia,Mediterranean,2,1,0
nDvQAlraWcKds2XJLS2GkA,SwBhaxfQPbyhsi0QHUAN0A,2.0,2011-01-18 21:33:35,evening,1,0,0,long,high,Tampa,Food,2,1,0
2xWGCfc2GeTEaspPPPKSOA,2zocwC7qMq3LsivPn9Z-Eg,5.0,2011-01-19 15:52:07,afternoon,2,0,1,long,high,Wayne,Restaurants,1,0,0
g7pK3HSnO8VRueIn5zUt9w,1T9F7iLDFAYWJvif1RKneg,2.0,2011-01-19 22:08:04,evening,2,0,1,long,high,Indianapolis,Restaurants,2,1,0
1fXS4UoB6VPPPiKISWb6uQ,nRKndeZLQ3eDL10UMwS2rQ,5.0,2011-01-20 16:36:32,afternoon,3,0,1,long,high,Saint Louis,Ice Cream & Frozen Yogurt,1,0,0
Uv5v7r1eN4XFsKZ2jwn1sg,b7V_5q22_eTeHlYzq1bpFw,4.0,2011-01-20 20:41:07,evening,3,0,1,medium,high,Kenner,Seafood,2,1,1
tNdTtSXhSoxwra6Q1L2L4g,wUnLSg_GKfEIQ5CQQ770_g,5.0,2011-01-21 13:43:41,afternoon,4,0,0,long,high,Philadelphia,Italian,4,1,1
X-8WUdJ1hYidYXQygzTEBw,0zf4KKZqbqoxiuKzeZLDdg,5.0,2011-01-21 14:21:43,afternoon,4,0,1,short,high,Philadelphia,Italian,1,0,0
YV6uaSzANkraOQQzN0alWg,cXSyVvOr9YRN9diDkaWs0Q,5.0,2011-01-21 15:16:17,afternoon,4,0,1,long,high,Philadelphia,Southern,2,1,1
x6erNzhuM_c7xW6PlqClIQ,u9XTeDl_If4U5Eixl6ys7g,4.0,2011-01-21 17:54:09,afternoon,4,0,1,long,high,Philadelphia,Nightlife,2,1,0
VYuuNzTWju8D0rr8SvaZjA,OHzX-ZD9qyoeoxR8Z0dlIA,4.0,2011-01-21 20:06:07,evening,4,0,1,medium,high,Philadelphia,Restaurants,2,1,1
veU-4bglmxVg0PtkZRBETg,JgTSG4rIDf20Kgp6U_asng,5.0,2011-01-21 23:36:15,evening,4,0,1,medium,high,St. Louis,Pizza,2,1,0
quF5ORcDanGUIR5P3AsRQA,-ATiAtTikuGuqvaW2O6tNA,4.0,2011-01-22 22:43:27,evening,5,1,0,long,high,Philadelphia,Sandwiches,2,1,1
8Oj4m1xxNoI1P_1mek9fQQ,wUnLSg_GKfEIQ5CQQ770_g,5.0,2011-01-23 03:20:37,night,6,1,1,long,high,Philadelphia,Italian,4,1,1
8M4_nA8e9VacrirvCwrl8Q,SVSafDWg9r2Q5XEVOLPSSA,3.0,2011-01-23 10:44:10,morning,6,1,0,long,high,Reno,Cantonese,2,1,0
ZdYHJ-hctaaDeH1CpP7-EA,d_tRshM-w6S4QxE4VVi8tQ,3.0,2011-01-23 22:19:06,evening,6,1,1,long,high,Philadelphia,American (New),2,1,0
EP8o8JnQSI0WEkeodwA8lA,b7YJrFZWZdI2C5-9nZvVdw,3.0,2011-01-24 02:13:29,night,0,0,1,long,high,New Orleans,Specialty Food,2,1,1
qTMK2qr6ngof4fe29qyooA,nX2105_S9lUhB5rbhC2n2w,4.0,2011-01-27 00:44:16,night,3,0,1,long,high,Saint Louis,Donuts,1,0,0
zAMpV0uFt9XpqRDFNLWPrQ,-xzkqW1y4L9PTAPJjJu3yQ,4.0,2011-01-28 10:05:58,morning,4,0,1,long,high,Indianapolis,Italian,2,0,0
EMJV9rib660I4RpMsbzWbg,HWTQEMcz38T34AA7Q4vagg,4.0,2011-01-29 04:25:39,night,5,1,1,medium,high,Metairie,Food,2,0,0
jQF9CqbIfpQit9B0MAG4Wg,1UNorskttXSWuEcgzKzXcA,3.0,2011-01-30 01:23:05,night,6,1,1,long,high,Philadelphia,Lounges,3,1,1
UIfrDcxG6JqZKBjOG3xQ-Q,34Eqv8jXgxg_EEwcsNgeeg,5.0,2011-01-31 01:01:59,night,0,0,0,medium,high,Santa Barbara,Health Markets,2,0,1
XRodxenm9sHoYbD15Em4nQ,H3JjbID9Zhukpqr9uupHAA,3.0,2011-02-01 04:18:01,night,1,0,1,medium,high,Nashville,Burgers,2,1,1
z-30NhddTouV8pz42IEx1g,qWzBt1r0P_FjiinIAGFtoA,4.0,2011-02-03 03:14:39,night,3,0,1,long,high,Des Peres,Restaurants,1,0,1
elRzjUBwGD99updMZ4I8dQ,_SjdrpSZdiXVSwaJR5T9jw,5.0,2011-02-03 14:10:30,afternoon,3,0,1,long,high,New Orleans,Barbeque,2,1,1
P9hbcVoZIPKF4gV8KH427A,Q-prSTdggNlxAEFV88BZOw,5.0,2011-02-13 15:55:25,afternoon,6,1,1,medium,high,Philadelphia,Beer,2,1,1
Ii4fgwfnyv9l8S_7p-nkkA,GUNpbcLvHZLE3NpOifjNUQ,3.0,2011-02-13 16:19:58,afternoon,6,1,0,long,high,Philadelphia,Restaurants,2,1,1
eTvp_hYnsrI5-ow_sQ31_g,gABEjWGwhojrub_tXqE2uw,3.0,2011-02-13 18:37:01,afternoon,6,1,1,long,high,Chesterfield,American (New),1,0,0
NqZJMXmwEtirJvx-qpyLmQ,mUIBtlWNPD7sz3rGGWQ1RA,4.0,2011-02-13 20:39:21,evening,6,1,1,long,high,Philadelphia,Mediterranean,2,0,1
3z2FQKEmFZ7zKuFIG1B1qw,htO_nlxkEsYHzDrtbiUxew,4.0,2011-02-14 01:21:35,night,0,0,1,medium,high,Philadelphia,Restaurants,1,0,0
3z2FQKEmFZ7zKuFIG1B1qw,rxqcQ3fMMFsmKFo3EsBnEQ,3.0,2011-02-14 01:28:53,night,0,0,1,long,high,Philadelphia,Food,1,0,0
CozGguiwx7JEVk7cAwdvpA,zMMSWTHxkLWYR359o-IuAg,3.0,2011-02-14 18:38:33,afternoon,0,0,1,long,high,Reno,Restaurants,1,0,1
exDOIbSQ2S5hSwewrs1MVw,7e4Z9_qGA0Vjb8xlFC61PA,2.0,2011-02-14 19:21:24,evening,0,0,1,long,high,Philadelphia,Ethnic Food,3,0,0
1i4YvXLh5c-z7ayYlAUOJw,dUctvEfHQccW_uxtRup2QQ,2.0,2011-02-14 19:25:45,evening,0,0,1,long,high,Saint Petersburg,Steakhouses,2,1,0
Xw7ZjaGfr0WNVt6s_5KZfA,YyJ781Cb4ZUlZv35BoBhMw,5.0,2011-02-14 21:22:22,evening,0,0,1,long,high,Harvey,Sporting Goods,2,0,0
cLpT9ZCzgr7H6BWqDRs2Og,AzseSGgDC6bVtMPEYo1CNQ,5.0,2011-02-14 22:37:44,evening,0,0,1,long,high,New Orleans,Food,2,0,0
mxZfJDk8_cOO19c7xiMffQ,7lwe7n-Yc-V9E_HfLAeylg,4.0,2011-02-15 00:08:01,night,1,0,1,long,high,Philadelphia,Restaurants,2,1,1
JxA595MQSkNqzSfMXYWatw,h6IzeUVASeDtvKhd2PEsKA,3.0,2011-02-15 01:18:41,night,1,0,1,long,high,New Orleans,Food,2,0,0
ppsm8EDKjA1fp1yTCP3RrQ,GqUv8rF5h3ZZFfj7S9tgyQ,3.0,2011-02-15 01:34:31,night,1,0,1,long,high,Wayne,Buffets,2,0,0
ppsm8EDKjA1fp1yTCP3RrQ,HPVpxcwDVjgZatc4M8bEnw,3.0,2011-02-15 02:28:46,night,1,0,1,medium,high,Frazer,Restaurants,1,0,0
ppsm8EDKjA1fp1yTCP3RrQ,WM3q-7scdPUei6fu4SJFYw,5.0,2011-02-15 02:45:42,night,1,0,1,medium,high,Springfield,Restaurants,1,1,0
ppsm8EDKjA1fp1yTCP3RrQ,UhSVDwQFW6mKmaEA5OTU7A,4.0,2011-02-15 03:13:58,night,1,0,1,medium,high,Philadelphia,Vegetarian,2,0,0
owRJSf6XpxG0d9vBl04uAQ,cdPjDZubPvok0VHv654Tvw,2.0,2011-02-15 03:52:10,night,1,0,1,long,high,Nashville,Restaurants,1,0,0
b2YL4kdvU7Nx8mMhqfyXgg,cXSyVvOr9YRN9diDkaWs0Q,4.0,2011-02-15 05:58:52,night,1,0,1,long,high,Philadelphia,Southern,2,1,1
MEa1LSKvSjs8-wZdEpa0hA,2KIDQyTh-HzLxOUEDqtDBg,4.0,2011-02-15 07:38:43,morning,1,0,0,medium,high,Saint Petersburg,Specialty Food,2,1,0
Uk3X2AypU8AqvcYEVf7s6Q,Ey0t4U6yqtxCeMaGPf7GcA,5.0,2011-02-15 15:14:09,afternoon,1,0,1,long,high,Santa Barbara,German,2,1,0
qTMK2qr6ngof4fe29qyooA,bRF8nyWgzrzhQ31NoflMBA,5.0,2011-02-15 15:43:19,afternoon,1,0,1,long,high,Saint Louis,Coffee & Tea,2,1,0
cLpT9ZCzgr7H6BWqDRs2Og,_SjdrpSZdiXVSwaJR5T9jw,3.0,2011-02-15 17:34:37,afternoon,1,0,1,medium,high,New Orleans,Barbeque,2,1,1
yPdPATvZ95l366Pp8nVzLQ,d_tRshM-w6S4QxE4VVi8tQ,3.0,2011-02-15 20:12:07,evening,1,0,1,long,high,Philadelphia,American (New),2,1,0
60RKNAZwY5EUooJf624aKw,cN8F-BmoHoS9eCqIHMtlHA,4.0,2011-02-16 01:44:38,night,2,0,1,long,high,Saint Louis,Bakeries,2,0,1
9zG2PRZnMGe5F29a5NK6Rw,NT5S6JV5wPwKOd3s3Yh1zQ,3.0,2011-02-16 08:56:07,morning,2,0,1,medium,high,Nashville,Restaurants,2,1,0
9zG2PRZnMGe5F29a5NK6Rw,6LyhttbsQn6a6PDxQDojCw,3.0,2011-02-16 09:19:55,morning,2,0,1,long,high,Smyrna,Sushi Bars,2,1,0
Wshkpj8aHWuzIeca1QxWTA,4_W5pstoN1166TGjjPOrMg,5.0,2011-02-16 14:36:29,afternoon,2,0,1,medium,high,Philadelphia,American (Traditional),2,1,1
82UbpDEPMGJ9Sod8a1U-cg,cXSyVvOr9YRN9diDkaWs0Q,4.0,2011-02-16 19:39:03,evening,2,0,1,long,high,Philadelphia,Southern,2,1,1
h_WJ9jf22thDw10b1KL-cg,SoJwDKedR7SJh7-G69C38A,2.0,2011-02-17 14:29:16,afternoon,3,0,1,medium,high,New Hope,Chinese,1,0,0
y9WhhW724xLQ4p_lGQCQkA,MnlHMZ9RGVaS71rVwINyOA,3.0,2011-02-17 19:15:33,evening,3,0,1,long,high,Saint Louis,Ethnic Food,1,0,0
8gc8dZzfHuH1Q2tf8cz3EQ,pIYHiRUoUH_lsLmvzDoapw,4.0,2011-02-18 12:23:06,morning,4,0,1,long,high,Haddonfield,Food,2,0,0
mZrbrAAtQ0Xmt_MMUEs6Kg,E1gf1YIWOo1BgzMUwJtEZg,3.0,2011-02-18 17:07:21,afternoon,4,0,1,long,high,Philadelphia,Pizza,1,1,1
_BcWyKQL16ndpBdggh2kNA,cfjXBXseOIBKKnAIVf4fMw,4.0,2011-02-18 19:45:39,evening,4,0,1,medium,high,Philadelphia,Tea Rooms,1,0,0
RCZ5M9o2-fxgFuurpmEs3w,vHAjYdA3c4G3E7HKMl3OgQ,2.0,2011-02-18 19:53:18,evening,4,0,0,medium,high,Royersford,Bagels,1,0,1
FAxwG5UGRi0fIIIWJq7eEg,yLOWWBO0fqy29GbxkxhJCg,4.0,2011-02-18 23:39:41,evening,4,0,0,short,high,Holiday,Italian,1,1,0
g7pK3HSnO8VRueIn5zUt9w,rWt749LSFT4KBLZoclAr0A,4.0,2011-02-19 08:01:58,morning,5,1,1,medium,high,Indianapolis,Food,2,0,0
k_muz40jJaiY1PVga6NDXA,25btSWnOGwwB2IQMXF7A-A,4.0,2011-02-19 17:15:19,afternoon,5,1,1,medium,high,Wilmington,Grocery,2,0,0
DJp-RvWsIyX9z-8SN2N7Ag,cXSyVvOr9YRN9diDkaWs0Q,3.0,2011-02-19 19:16:28,evening,5,1,1,long,high,Philadelphia,Southern,2,1,1
elRzjUBwGD99updMZ4I8dQ,t1qF12NdW8KvCqxqbvy-Hg,3.0,2011-02-19 20:30:14,evening,5,1,1,medium,high,New Orleans,Breakfast & Brunch,1,1,1
WVqS85AUR20gbSFkuKH8Ig,WecgAHgzAPLOmM-6-Iga2A,3.0,2011-02-19 23:55:10,evening,5,1,1,medium,high,New Orleans,Sandwiches,2,1,1
qunxFdBDVl0ordRJEPVNtQ,34Eqv8jXgxg_EEwcsNgeeg,3.0,2011-02-20 06:10:01,night,6,1,0,long,high,Santa Barbara,Health Markets,2,0,1
7ktyPHE-NGnWxarOqjIQiQ,GUNpbcLvHZLE3NpOifjNUQ,3.0,2011-02-20 13:54:58,afternoon,6,1,1,long,high,Philadelphia,Restaurants,2,1,1
mGUYWSFpmVvDQTLDvkzk4w,xuXNf1lkTJ382-hp0HO5Cw,5.0,2011-02-20 16:51:12,afternoon,6,1,0,long,high,Spring Hill,Sandwiches,1,0,1
3QnoTcrxuafMCoTzW_AH7A,RZtGWDLCAtuipwaZ-UfjmQ,3.0,2011-02-20 17:24:37,afternoon,6,1,1,long,high,Philadelphia,Pizza,2,1,1
mDyU8vgxCqqcdmf7SBoA5Q,pSmOH4a3HNNpYM82J5ycLA,4.0,2011-02-20 18:42:28,afternoon,6,1,1,long,high,Nashville,Restaurants,2,1,0
mWamaq-Awy6tf7U4bCtT1A,E1gf1YIWOo1BgzMUwJtEZg,4.0,2011-02-21 01:22:49,night,0,0,1,short,high,Philadelphia,Pizza,1,1,1
2LfozZiejXfQHcS52-Fv5w,1UNorskttXSWuEcgzKzXcA,4.0,2011-02-21 01:41:00,night,0,0,1,long,high,Philadelphia,Lounges,3,1,1
mGUYWSFpmVvDQTLDvkzk4w,TV81bpCQ6p6o4Hau5hk-zw,5.0,2011-02-21 02:36:01,night,0,0,0,medium,high,Tarpon Springs,Food,2,1,1
qc3DJxkOfxKH6zcVlAPofA,TfcpJBiFNnDaochnmp4M2Q,5.0,2011-02-21 14:44:51,afternoon,0,0,1,long,high,Nashville,Cafes,2,1,0
cLpT9ZCzgr7H6BWqDRs2Og,k3sED9tpGEOtzhGxvcxTrw,4.0,2011-02-21 17:25:55,afternoon,0,0,1,long,high,Metairie,Restaurants,1,1,0
cLpT9ZCzgr7H6BWqDRs2Og,oLc7k78_YcDMnMCdbC-h1A,4.0,2011-02-21 19:31:54,evening,0,0,1,long,high,New Orleans,American (Traditional),2,1,1
CV4BMLxPSuC5V92JUfQlsw,jf8AZyiMXd9CFxOg_fTb0g,3.0,2011-02-21 20:01:49,evening,0,0,1,long,high,Brentwood,Restaurants,1,1,1
z9sL9d4kfAiQeGJ1dGmBng,Q-prSTdggNlxAEFV88BZOw,4.0,2011-02-22 01:01:52,night,1,0,1,long,high,Philadelphia,Beer,2,1,1
A3v4mtWlnaYZpHKKqzNhJg,nP4LqTcK1USiw5WnbOjW7A,3.0,2011-02-22 01:28:27,night,1,0,1,long,high,Philadelphia,Moroccan,1,0,0
Bq-BIdYrWloJXq6v6v_iiA,5IFqqWJTaPNoY2ZgRlX73w,4.0,2011-02-22 13:29:55,afternoon,1,0,1,long,high,Wilmington,Restaurants,2,1,0
Pgf0XLDGVMLcVis8w5XMHw,lTlii3QHEVvsagPGsCtu9w,4.0,2011-02-22 17:01:20,afternoon,1,0,0,long,high,Exton,Restaurants,2,1,1
XS4rYA1V_Ru7tyf0Jl15aw,_aKr7POnacW_VizRKBpCiA,4.0,2011-02-22 19:49:07,evening,1,0,1,short,high,Saint Louis,Delis,1,1,0
WJR8f_QNG1kuPq5V6RxeFA,FtkYGVPVCRuuhQhYJBSVQw,5.0,2011-02-23 00:52:45,night,2,0,1,medium,high,New Orleans,Food,2,0,0
kfiBpwAZFxAo_RcrBmQjbA,lj-E32x9_FA7GmUrBGBEWg,4.0,2011-02-23 05:48:44,night,2,0,1,long,high,St Louis,Bars,2,1,1
hVPyu7QWaSQgOlz0rppmkg,4_W5pstoN1166TGjjPOrMg,4.0,2011-02-23 12:40:30,morning,2,0,1,long,high,Philadelphia,American (Traditional),2,1,1
mqBWACmaHflW4eh_Ofp16Q,oBhJuukGRqPVvYBfTkhuZA,3.0,2011-02-23 18:25:36,afternoon,2,0,0,long,low,Philadelphia,American (New),2,1,1
FlXBpK_YZxLo27jcMdII1w,9XpU6r6ATXSWYfbU7kibaQ,4.0,2011-02-23 19:04:06,evening,2,0,1,medium,high,Philadelphia,Coffee & Tea,1,0,0
gBpxjo01cpY_5stvzru46Q,TFnGJlA5l_HDdzGDkNTdTA,4.0,2011-02-23 20:10:51,evening,2,0,1,medium,high,Philadelphia,American (New),2,1,0
UIfrDcxG6JqZKBjOG3xQ-Q,DzpaiMQnB_sNhZPrgdvKHg,2.0,2011-02-24 04:55:02,night,3,0,0,medium,high,Goleta,Sushi Bars,2,0,1
_BcWyKQL16ndpBdggh2kNA,5iuo1kvv0XZMS0bUOoLz2Q,3.0,2011-02-24 20:00:10,evening,3,0,1,medium,high,Philadelphia,Restaurants,2,1,0
eZ8PQPFuR8yfwQOU9IANGw,ltBBYdNzkeKdCNPDAsxwAA,1.0,2011-02-25 03:10:36,night,4,0,1,long,high,Nashville,Cocktail Bars,2,1,0
Hn8O2RQijYIVLFNF5VPWTA,gUyfJlJRxu1fHuZ4dpBheQ,2.0,2011-02-26 13:16:44,afternoon,5,1,1,long,high,New Orleans,Mexican,2,1,1
Hn8O2RQijYIVLFNF5VPWTA,VCjvaX_78oEKG3I9oTJEag,2.0,2011-02-26 13:28:26,afternoon,5,1,1,long,high,New Orleans,Coffee & Tea,1,0,1
zUk_Ww2q1At1QSyRbUjIGQ,ED4XisAKJ0IDLqCuS38eFQ,5.0,2011-02-26 15:37:15,afternoon,5,1,1,medium,high,Voorhees Township,Ice Cream & Frozen Yogurt,1,0,0
3Zl3RokY8eyRJQbbQmuOuA,mUIBtlWNPD7sz3rGGWQ1RA,5.0,2011-02-28 00:44:24,night,0,0,1,long,high,Philadelphia,Mediterranean,2,0,1
nlsxDX6nKcVDGWzVxdsWiQ,MaYb7qMN6BomP1zQGj3Wjg,4.0,2011-02-28 17:34:52,afternoon,0,0,1,long,high,Saint Louis,Nightlife,2,1,1
RCZ5M9o2-fxgFuurpmEs3w,T5f-IRQWQYgFQbgO_kVkvg,5.0,2011-02-28 17:37:49,afternoon,0,0,0,short,high,West Chester,Breakfast & Brunch,1,1,1
yPdPATvZ95l366Pp8nVzLQ,tCLAeZsjXFG9RumJ4Hn0Kw,5.0,2011-02-28 19:32:55,evening,0,0,1,long,high,Philadelphia,Restaurants,1,0,0
WjP-1YJ-uHsSD47_Gh1Zfw,HoJGFsgQUDSgVMwjNaofDg,4.0,2011-02-28 21:13:40,evening,0,0,0,long,high,Collingswood,Steakhouses,3,0,0
EP8o8JnQSI0WEkeodwA8lA,h6IzeUVASeDtvKhd2PEsKA,3.0,2011-02-28 22:47:35,evening,0,0,1,medium,high,New Orleans,Food,2,0,0
ycXDvH-nE4SbKOr5hyTVkQ,Dtuf4vD0znzwJW9vk3iTNw,3.0,2011-03-04 04:09:38,night,4,0,1,long,high,Indianapolis,Steakhouses,2,1,0
adi9O9g6X9ksr0wxFG9Yrw,7lwe7n-Yc-V9E_HfLAeylg,3.0,2011-03-04 17:40:59,afternoon,4,0,1,long,high,Philadelphia,Restaurants,2,1,1
mDyU8vgxCqqcdmf7SBoA5Q,NT5S6JV5wPwKOd3s3Yh1zQ,3.0,2011-03-05 20:53:38,evening,5,1,1,long,high,Nashville,Restaurants,2,1,0
2vgqdk3vuAM-LTRKxI9nfA,ARgidflSXPHj7uhK-Y7hwA,4.0,2011-03-06 03:18:08,night,6,1,1,long,high,St Louis,Japanese,2,1,0
mWamaq-Awy6tf7U4bCtT1A,ngvE1G9IckUO-ljZBFo23w,4.0,2011-03-20 02:57:12,night,6,1,1,medium,high,Philadelphia,Indian,1,0,0
7fDqaGdUMccXQ4bnPwR6yg,p7UGlPkE3Gagm9Mq7aHfYg,4.0,2011-03-20 05:10:02,night,6,1,1,medium,high,Saint Louis,Food,1,0,1
GJ0H2kne3nnzYBavbH4RHw,cXSyVvOr9YRN9diDkaWs0Q,4.0,2011-03-20 11:55:21,morning,6,1,0,medium,high,Philadelphia,Southern,2,1,1
P9hbcVoZIPKF4gV8KH427A,SlGNxQI23jc9iTZNTs_I3g,4.0,2011-03-20 17:30:54,afternoon,6,1,1,long,high,Exton,Restaurants,2,1,1
8ybqiIIq9AWe4AmrQEq8qA,adb1hOYICrJ1Ix8M0sRpbw,4.0,2011-03-20 19:35:13,evening,6,1,0,long,high,Cherry Hill,Restaurants,2,0,1
kx1AyDQfkPHSkPstBQlDzg,-D_L4GHXJQvy2wv0RkrupA,5.0,2011-03-20 21:13:43,evening,6,1,1,long,high,St. Louis,American (Traditional),1,0,0
DJp-RvWsIyX9z-8SN2N7Ag,mUIBtlWNPD7sz3rGGWQ1RA,4.0,2011-03-20 22:25:34,evening,6,1,1,medium,high,Philadelphia,Mediterranean,2,0,1
HQG3no8C5U31z-k1MaYCqQ,8G4mt9y5mRg161XBs-hePw,4.0,2011-03-20 23:37:37,evening,6,1,1,long,high,Valley Park,Food,2,1,0
Hxx8FmhpxiugIrGRh8RDOg,uqXYVxIwoEsFFjEHBlMZQA,4.0,2011-03-21 14:54:54,afternoon,0,0,1,long,high,Saint Louis,Desserts,2,1,1
Pgf0XLDGVMLcVis8w5XMHw,1UNorskttXSWuEcgzKzXcA,3.0,2011-03-21 15:03:30,afternoon,0,0,0,long,high,Philadelphia,Lounges,3,1,1
56gp5RUwFLckqvph8E5R3A,_aKr7POnacW_VizRKBpCiA,5.0,2011-03-21 21:09:50,evening,0,0,1,medium,high,Saint Louis,Delis,1,1,0
yNEuxv_oq2w2bVkMy7Gz6A,vSQPjQYfMDBRS3bQ15zlGA,4.0,2011-03-21 21:39:53,evening,0,0,0,short,high,Ardmore,Restaurants,2,0,0
8CcBu5xno_eFPAzxA1psDA,mqXBKsv5O2ETyD27NY1n2g,4.0,2011-03-22 18:29:38,afternoon,1,0,0,medium,high,Tampa,British,2,1,1
kfiBpwAZFxAo_RcrBmQjbA,EpREWeEpmR8f1qLHzzF0AA,4.0,2011-03-22 19:08:53,evening,1,0,1,long,high,Saint Louis,Local Flavor,2,1,1
kfiBpwAZFxAo_RcrBmQjbA,DNtXVS0xYn0n8Cscmj9JSg,4.0,2011-03-22 19:29:39,evening,1,0,1,long,high,Saint Louis,Chicken Wings,2,1,1
8MKygqfspKqG2-X9ycR-Ow,D73evJ9PZKxO3E5TaThe3w,2.0,2011-03-22 19:36:31,evening,1,0,1,long,high,New Orleans,Tex-Mex,2,1,1
8MKygqfspKqG2-X9ycR-Ow,bMpKXcKFetJQsa42UR25cQ,2.0,2011-03-22 19:55:41,evening,1,0,1,long,high,New Orleans,Bars,2,1,1
yEEyM-T0hLQCqiTPfbyeTQ,7BiIK58dZNSICPN4n4qWmw,4.0,2011-03-22 20:52:37,evening,1,0,0,medium,high,Nashville,Japanese,2,1,0
-Tg5YTEMbnYw3fQN99xKCQ,gOtY7zJ1rIu6UIHXEvh5sA,5.0,2011-03-22 21:35:42,evening,1,0,1,medium,high,New Orleans,Specialty Food,2,1,0
66WeYHwruzUtHqTNCioSZg,TFnGJlA5l_HDdzGDkNTdTA,3.0,2011-03-23 01:54:11,night,2,0,1,long,high,Philadelphia,American (New),2,1,0
GJv1yf_IhUZqpDjFr86DmA,ahc6Wx3A9tmoHCtad_z3wg,5.0,2011-03-23 04:48:22,night,2,0,1,long,high,New Orleans,Arts & Entertainment,1,1,1
Xlb-Hxrvkfyadnkmk5hrgw,c6GTImF01z981_BNJIye2g,5.0,2011-03-23 13:16:32,afternoon,2,0,1,long,high,Indianapolis,Event Planning & Services,3,1,1
GIWBa-4K9ejyiO6e7HOntA,EtKSTHV5Qx_Q7Aur9o4kQQ,4.0,2011-03-23 13:32:23,afternoon,2,0,1,long,high,Philadelphia,Bars,2,1,1
tHsxcCUUQYkypUxssH48yg,v9D3inGP2LaibM0VMufaXg,3.0,2011-03-23 14:50:37,afternoon,2,0,0,long,high,Narberth,Thai,2,0,1
9EMgczqumS10LYSbsaiKdQ,nvb8SFi1-LzaQHEhUnw_7g,5.0,2011-03-23 18:43:40,afternoon,2,0,1,medium,high,Treasure Island,Restaurants,2,1,1
_R-xEEF119h1faZ2xfSpjA,GUNpbcLvHZLE3NpOifjNUQ,2.0,2011-03-23 22:45:17,evening,2,0,0,medium,high,Philadelphia,Restaurants,2,1,1
hVPyu7QWaSQgOlz0rppmkg,4_W5pstoN1166TGjjPOrMg,4.0,2011-03-23 23:52:17,evening,2,0,1,medium,high,Philadelphia,American (Traditional),2,1,1
5uxCdmMjtxVTxJpZwTB8kg,Y2NFeGtConx1qciSPKcRlA,4.0,2011-03-24 03:26:08,night,3,0,1,long,high,New Orleans,Restaurants,2,1,1
5uxCdmMjtxVTxJpZwTB8kg,AzseSGgDC6bVtMPEYo1CNQ,5.0,2011-03-24 03:31:18,night,3,0,1,long,high,New Orleans,Food,2,0,0
quF5ORcDanGUIR5P3AsRQA,oBhJuukGRqPVvYBfTkhuZA,4.0,2011-03-24 18:52:08,afternoon,3,0,0,long,high,Philadelphia,American (New),2,1,1
gRL9s6ENxV1qermRYDWjPQ,AzseSGgDC6bVtMPEYo1CNQ,5.0,2011-03-24 19:29:16,evening,3,0,1,long,high,New Orleans,Food,2,0,0
yPdPATvZ95l366Pp8nVzLQ,4sLW6iLkh5ELw0XvuwGyrA,3.0,2011-03-24 19:35:11,evening,3,0,1,long,high,Bensalem,Venues & Event Spaces,3,1,0
eZ8PQPFuR8yfwQOU9IANGw,53A7Yne_S_KizF3i-sDzgg,3.0,2011-03-25 02:09:46,night,4,0,1,long,high,Nashville,Restaurants,3,1,1
QqMvBqTuefFMJEJTWZV2Sg,IYlUaKC9nICjiWdk-ShPlg,4.0,2011-03-25 02:46:34,night,4,0,1,medium,high,Carmel,Restaurants,2,1,1
0Igx-a1wAstiBDerGxXk2A,jLerIZFpe25jOUf722qzBA,5.0,2011-03-25 04:47:30,night,4,0,1,medium,high,New Orleans,Coffee & Tea,2,1,1
SXeMGP5lNgc03z7cl9Xihg,jMZ56S8Y1t7cA1Ob-d-qeA,4.0,2011-03-25 14:48:10,afternoon,4,0,1,long,high,New Orleans,Nightlife,2,1,0
Ii4fgwfnyv9l8S_7p-nkkA,DRr5xdfHtqgWfhmdTU1B8Q,4.0,2011-03-25 15:10:38,afternoon,4,0,0,medium,high,Philadelphia,Breakfast & Brunch,2,1,1
Ii4fgwfnyv9l8S_7p-nkkA,u9XTeDl_If4U5Eixl6ys7g,5.0,2011-03-25 15:17:34,afternoon,4,0,0,short,high,Philadelphia,Nightlife,2,1,0
qc3DJxkOfxKH6zcVlAPofA,kqAa2CtPGA-QsZhhbzpzUQ,4.0,2011-03-25 15:39:03,afternoon,4,0,1,long,high,Nashville,Mediterranean,2,0,1
yb5coZxxqLeq3Aweu3ORdA,MaYb7qMN6BomP1zQGj3Wjg,5.0,2011-03-25 17:31:22,afternoon,4,0,1,long,high,Saint Louis,Nightlife,2,1,1
eTvp_hYnsrI5-ow_sQ31_g,MaYb7qMN6BomP1zQGj3Wjg,5.0,2011-03-26 03:34:27,night,5,1,1,long,high,Saint Louis,Nightlife,2,1,1
3Zl3RokY8eyRJQbbQmuOuA,7lwe7n-Yc-V9E_HfLAeylg,3.0,2011-03-26 04:20:34,night,5,1,1,long,high,Philadelphia,Restaurants,2,1,1
3k7GJ9_zqE14Z3IZ9M4iSA,wgAOla9CZxzuLMyEPvl3Ng,4.0,2011-03-26 07:38:18,morning,5,1,1,long,high,Edmonton,Restaurants,2,0,0
-B-QEUESGWHPE_889WJaeg,H-1qpp_77KggOAr9htUrEw,4.0,2011-03-26 16:24:46,afternoon,5,1,1,long,high,Montecito,Tapas Bars,2,1,1
3Zl3RokY8eyRJQbbQmuOuA,9gObo5ltOMo6UgsaXaHPWA,3.0,2011-03-27 00:41:27,night,6,1,1,medium,high,Philadelphia,American (New),3,1,0
PKzt4KMQpQIRSvOYo3EdFw,Z5po0aTuzKKblek5y6Sp8Q,3.0,2011-03-27 01:37:16,night,6,1,0,long,high,Philadelphia,Food,2,0,0
z67oNAZR_uHG84k3Dntckg,wUnLSg_GKfEIQ5CQQ770_g,4.0,2011-03-27 02:04:25,night,6,1,1,long,high,Philadelphia,Italian,4,1,1
fJ8VAC3EuN4OEoh-WzL2Og,oRZzKWdyMQld6N_y4UWkAg,4.0,2011-03-27 02:10:45,night,6,1,0,long,high,Tampa,Latin American,2,1,0
jFEYrS6SZz9ucrZjxJsqhg,kHuIRfZq3aadONNFO0vEnQ,5.0,2011-03-27 03:11:08,night,6,1,0,long,high,Mt Juliet,Comfort Food,2,1,1
kd42gKNHR8c4NLKNBQByfw,6kAXOzE7fqaBZINQV_-_mg,5.0,2011-03-27 20:12:37,evening,6,1,1,medium,high,Nashville,Vietnamese,1,1,0
lYQk0R6sPfo3WeX-l_5BuA,X7YBx8CybmIPymZ0ThCmng,3.0,2011-03-27 20:33:23,evening,6,1,1,long,high,Saint Louis,Restaurants,2,1,1
8M4_nA8e9VacrirvCwrl8Q,N5QQdPac1cXwOHr-ePr90g,5.0,2011-03-27 23:04:11,evening,6,1,0,long,high,Reno,Food,1,1,1
kfiBpwAZFxAo_RcrBmQjbA,_aKr7POnacW_VizRKBpCiA,4.0,2011-03-28 03:23:58,night,0,0,1,medium,high,Saint Louis,Delis,1,1,0
S1bcv4QpwW7Ysy0T9edlOQ,WM3q-7scdPUei6fu4SJFYw,5.0,2011-03-28 11:53:20,morning,0,0,1,long,high,Springfield,Restaurants,1,1,0
8wQIoFapkegkC5fcVYg_Iw,tqehNWlnZ-1FYL046UqTEw,3.0,2011-03-28 12:05:42,morning,0,0,1,long,high,Langhorne,American (New),2,1,1
Oi1qbcz2m2SnwUeztGYcnQ,sEgbTx6XuvByrXsVkWRbOQ,4.0,2011-03-28 14:59:27,afternoon,0,0,1,medium,high,Havertown,Restaurants,2,0,0
bA7aFsC0q_XIh7BOrYbgnA,ORL4JE6tz3rJxVqkdKfegA,5.0,2011-03-28 15:08:57,afternoon,0,0,1,medium,high,Nashville,Venues & Event Spaces,3,1,1
exDOIbSQ2S5hSwewrs1MVw,4_W5pstoN1166TGjjPOrMg,3.0,2011-03-28 17:28:18,afternoon,0,0,1,medium,high,Philadelphia,American (Traditional),2,1,1
fxeRdFmgY6tbTyidpcdFLw,_aKr7POnacW_VizRKBpCiA,4.0,2011-03-28 17:36:30,afternoon,0,0,1,long,high,Saint Louis,Delis,1,1,0
z9uf9-0uX5Jh8-4Y5l2PQg,ydY1FKBgpgXvhxpVPMbinA,3.0,2011-03-28 18:53:56,afternoon,0,0,1,medium,high,Philadelphia,Food,2,1,0
Jt3GylPuH64uA3zTdbMdCg,dSPA4yql9vUwnYRxHiVtHA,4.0,2011-03-28 19:41:06,evening,0,0,1,medium,high,Philadelphia,Sushi Bars,2,0,1
5Y5KbsI5buMcNh2hTFaRpA,NT5S6JV5wPwKOd3s3Yh1zQ,5.0,2011-03-29 06:24:28,night,1,0,1,medium,high,Nashville,Restaurants,2,1,0
Pgf0XLDGVMLcVis8w5XMHw,RMjHlAejNrLHzF4-G4uyng,5.0,2011-03-29 16:06:36,afternoon,1,0,0,long,high,Safety Harbor,Southern,2,1,1
sVr6_v-lwixu3VREOO9XpA,B3JF06ctShiYJeg1FyJ5jA,3.0,2011-03-29 19:02:44,evening,1,0,1,long,high,Edmonton,Indian,2,1,1
mDyU8vgxCqqcdmf7SBoA5Q,EDjEVzmoQVHzboFqC-M6Ew,5.0,2011-03-29 22:15:12,evening,1,0,1,long,high,Nashville,Food,2,1,1
r3QexFIhBXBT99canAgVEg,N-4ZOrM_qAnzBiCsJ7-ENA,4.0,2011-03-29 23:23:28,evening,1,0,1,long,high,St Albert,Canadian (New),2,1,0
TVN3qoXU0-sateboutdCZg,pIYHiRUoUH_lsLmvzDoapw,3.0,2011-03-30 01:04:41,night,2,0,1,long,high,Haddonfield,Food,2,0,0
LkXNQQaIc5yrKu9Ap87RrA,plobBsTtVUODb353xxFT_g,4.0,2011-03-30 04:13:52,night,2,0,1,long,high,Reno,Sushi Bars,2,1,0
tOMztypmq06beq-zncxjiw,Ety2Z0CImO6FYDV6L5Ahkw,4.0,2011-03-30 13:26:40,afternoon,2,0,0,medium,high,Lansdale,Thai,2,0,0
Pgf0XLDGVMLcVis8w5XMHw,PBtZNTQl5tRReeC8It1G7g,3.0,2011-03-30 15:29:20,afternoon,2,0,0,long,high,Safety Harbor,Restaurants,3,1,1
tWES6_T7MRybOtqNS9NcVw,9nkYaCQRyO0fi8SrXDFhGw,4.0,2011-03-31 00:24:45,night,3,0,1,long,high,Philadelphia,Food,3,0,0
nlQGyti20c07rpTSYYoNZQ,IW_uYAP59YwLVurBUfhs4A,3.0,2011-03-31 02:06:18,night,3,0,0,long,high,St. Petersburg,Restaurants,2,1,0
exDOIbSQ2S5hSwewrs1MVw,C_EtrXTygRX5RTUOKtO6Dg,2.0,2011-04-01 14:51:23,afternoon,4,0,1,long,high,Philadelphia,Nightlife,2,1,1
aGI_wfhcJ86DJ-67Lkty8g,mUIBtlWNPD7sz3rGGWQ1RA,5.0,2011-04-01 17:25:03,afternoon,4,0,1,long,high,Philadelphia,Mediterranean,2,0,1
rTKK_-3W3gIQEohj0QSFWA,4xEJiEQERBvr2jAZQSeF2g,3.0,2011-04-01 20:31:05,evening,4,0,1,medium,high,Saint Louis,Tapas/Small Plates,2,1,1
CHYvZ-r1_bSMfBCswelaBw,vOgQnvKbE4nMopFTjoL8Gg,5.0,2011-04-02 13:00:44,afternoon,5,1,1,long,high,Nashville,Lounges,3,1,1
66WeYHwruzUtHqTNCioSZg,t1P8sQvq-XkljRDPocBZSQ,4.0,2011-04-03 04:11:54,night,6,1,1,long,high,Haddonfield,Italian,2,0,0
GJv1yf_IhUZqpDjFr86DmA,5wgoIQXyP3BEPZLiVi1W8A,4.0,2011-04-04 06:18:16,night,0,0,1,long,high,New Orleans,Arts & Entertainment,2,1,1
XS4rYA1V_Ru7tyf0Jl15aw,EpREWeEpmR8f1qLHzzF0AA,4.0,2011-04-04 14:39:51,afternoon,0,0,1,medium,high,Saint Louis,Local Flavor,2,1,1
YE3NsQGCoCu4WHaKQ3Kddg,Tq5jFk_BMSJG8-flqj5Bgw,5.0,2011-04-04 23:49:30,evening,0,0,1,long,high,University City,Salad,2,1,1
rduiiFS8pVcvWVfnkm8Quw,MnlHMZ9RGVaS71rVwINyOA,3.0,2011-04-06 19:44:25,evening,2,0,1,long,high,Saint Louis,Ethnic Food,1,0,0
7ktyPHE-NGnWxarOqjIQiQ,AbtYqoBGuvlWmR1gU0c3XA,3.0,2011-04-07 01:30:51,night,3,0,1,long,high,Philadelphia,Food,2,1,0
7fDqaGdUMccXQ4bnPwR6yg,J_195G8K_MziKZEXj7Nxdw,2.0,2011-04-07 02:20:04,night,3,0,1,long,high,Saint Louis,Food,1,0,0
4kKngcDGjuzo18pxx5jHog,Y3ZCO17N1_T_Ms1JmswwzA,4.0,2011-04-07 15:40:41,afternoon,3,0,1,long,high,Tucson,Mexican,1,0,1
I0ezkVvCcBnavJf2soWHjA,_PQzeo8P2sGczzFEifrK-Q,4.0,2011-04-22 01:53:18,night,4,0,1,long,high,Philadelphia,Food,2,0,0
BnBQ0UU9uSiI_0cbCZ4lsw,8G4mt9y5mRg161XBs-hePw,4.0,2011-04-22 01:54:29,night,4,0,1,long,high,Valley Park,Food,2,1,0
cJCiN7dtlGLW2-zApamFQA,e86IBzGCsrnhJbD_wELj7w,3.0,2011-04-22 16:33:58,afternoon,4,0,1,long,high,Saint Louis,Gluten-Free,3,1,0
ojxS1v-8nUvEEx4DlsPQrA,dSPA4yql9vUwnYRxHiVtHA,4.0,2011-04-23 01:25:55,night,5,1,1,long,high,Philadelphia,Sushi Bars,2,0,1
I0ezkVvCcBnavJf2soWHjA,GYAX9mPGYx9VfwDiuIl_9Q,4.0,2011-04-23 05:51:31,night,5,1,1,long,high,Philadelphia,Restaurants,1,0,0
zfD3xhVNkGJs-AOOSslqtQ,r43DrfYAbAgifsYyNkljZw,3.0,2011-04-23 13:08:57,afternoon,5,1,1,long,high,Cherry Hill,Southern,2,1,1
tNdTtSXhSoxwra6Q1L2L4g,1UNorskttXSWuEcgzKzXcA,5.0,2011-04-24 02:09:41,night,6,1,0,long,high,Philadelphia,Lounges,3,1,1
CV4BMLxPSuC5V92JUfQlsw,Ahwed4jRpXhmSCkcLL7FOw,3.0,2011-04-24 15:30:50,afternoon,6,1,1,medium,high,Brentwood,Mexican,1,1,1
CV4BMLxPSuC5V92JUfQlsw,vF32KjPs8BgltSa484P1Yg,3.0,2011-04-24 15:41:27,afternoon,6,1,1,medium,high,Nashville,Restaurants,1,1,1
CV4BMLxPSuC5V92JUfQlsw,vG9aD-fvsIimgo-l7u8-AA,4.0,2011-04-24 15:50:01,afternoon,6,1,1,medium,high,Franklin,Restaurants,2,1,1
iPkdNziqnhNukjnmsrSzmg,MHqeqoJEjsTHivmuXOW4iQ,3.0,2011-04-24 19:25:32,evening,6,1,1,long,high,Saint Louis,Wine Bars,2,1,1
a_jH1ewLLYzEfPnKjE66DQ,CraVVOWt3BRFDC9T7aupAw,2.0,2011-04-24 20:17:34,evening,6,1,1,medium,high,Smyrna,Steakhouses,2,1,0
hla_Au4fcGMHU8PTFd05nA,SKgD0jRWVKk3NqOtSs3VFA,3.0,2011-04-24 22:44:08,evening,6,1,1,long,high,Tucson,Restaurants,1,0,0
XRodxenm9sHoYbD15Em4nQ,lwdkX7KcibM4mDqpDfK7JA,4.0,2011-04-24 23:26:02,evening,6,1,1,long,high,Nashville,Caterers,2,1,1
EMMKdK1cGrLSo08wgSYHJQ,qDkbudGRfmJvf7trQZea4g,4.0,2011-04-25 00:54:24,night,0,0,1,long,high,Philadelphia,Restaurants,3,1,0
jFEYrS6SZz9ucrZjxJsqhg,kHuIRfZq3aadONNFO0vEnQ,5.0,2011-04-25 02:20:23,night,0,0,0,short,high,Mt Juliet,Comfort Food,2,1,1
3z2FQKEmFZ7zKuFIG1B1qw,cXSyVvOr9YRN9diDkaWs0Q,4.0,2011-04-25 13:33:09,afternoon,0,0,1,long,high,Philadelphia,Southern,2,1,1
56gp5RUwFLckqvph8E5R3A,cXsrd3SqPh778u2yaiAslA,4.0,2011-04-25 14:59:05,afternoon,0,0,1,long,high,Saint Louis,Nightlife,2,1,1
B-s-8VUnuBjGTP3d01jsyw,6dDC5PSmPEoJYuM8r8dN_A,3.0,2011-04-25 16:23:57,afternoon,0,0,1,long,high,Reno,Food,3,1,0
qA_8SkGk6ub8nTjoY1q6Cw,z680Aylt8wN2KAeFM1hy-A,4.0,2011-04-25 18:14:40,afternoon,0,0,1,medium,high,Indianapolis,Bars,2,1,1
qA_8SkGk6ub8nTjoY1q6Cw,2W0P6hXCbE6EgP5R6y9eBw,3.0,2011-04-25 18:18:13,afternoon,0,0,1,medium,high,Indianapolis,Pizza,2,1,0
gRL9s6ENxV1qermRYDWjPQ,gUyfJlJRxu1fHuZ4dpBheQ,3.0,2011-04-25 19:16:32,evening,0,0,1,long,high,New Orleans,Mexican,2,1,1
y3Wtx1pOvTiqsJRkjceXiw,wUnLSg_GKfEIQ5CQQ770_g,4.0,2011-04-25 19:40:25,evening,0,0,1,long,high,Philadelphia,Italian,4,1,1
gRL9s6ENxV1qermRYDWjPQ,Y2NFeGtConx1qciSPKcRlA,5.0,2011-04-25 23:41:13,evening,0,0,1,long,high,New Orleans,Restaurants,2,1,1
Tzql1xnrk8BLS3-h7-eYTQ,SNQ8sn7R9_e92GWKMCNSgg,2.0,2011-04-26 01:46:06,night,1,0,1,long,high,Saint Louis,Fast Food,1,0,0
5uxCdmMjtxVTxJpZwTB8kg,RCy4M2ND4YK0uRbodV_v8g,3.0,2011-04-26 02:56:26,night,1,0,1,long,high,New Orleans,Coffee & Tea,2,0,1
tdi88PK5-TE7ASV6dtXpjQ,WFRro-8uIBpKoJ1VSKrpdw,3.0,2011-04-26 07:03:18,morning,1,0,0,long,high,Philadelphia,Ice Cream & Frozen Yogurt,1,0,0
qZDo73leTHIcM8ZOb4nRRw,psI9u_iVuWFcchWheFAySA,4.0,2011-04-26 10:41:36,morning,1,0,0,long,high,Ardmore,Restaurants,2,1,1
sVr6_v-lwixu3VREOO9XpA,ubkCYzHu9ZnGi3vOQy_P1A,3.0,2011-04-26 10:56:48,morning,1,0,1,long,high,Edmonton,Fruits & Veggies,1,0,0
eQB-zeNwKOGk3F1xLQDp5g,Z5po0aTuzKKblek5y6Sp8Q,3.0,2011-04-26 13:26:14,afternoon,1,0,0,medium,high,Philadelphia,Food,2,0,0
ky3m9-iihoIPInRcJM1r0Q,-mq1DwgcLU96PQbmcv3jRQ,1.0,2011-04-26 20:03:07,evening,1,0,0,long,high,Indian Rocks Beach,Nightlife,2,1,1
DDJliZbj8VYfwikMQWbrBA,7lwe7n-Yc-V9E_HfLAeylg,4.0,2011-04-26 20:54:03,evening,1,0,1,long,high,Philadelphia,Restaurants,2,1,1
DDJliZbj8VYfwikMQWbrBA,9nkYaCQRyO0fi8SrXDFhGw,4.0,2011-04-26 21:06:05,evening,1,0,1,long,high,Philadelphia,Food,3,0,0
AmM4Lfk15XfqRGCINWgkOQ,MnlHMZ9RGVaS71rVwINyOA,4.0,2011-04-26 21:50:48,evening,1,0,1,short,high,Saint Louis,Ethnic Food,1,0,0
Xlb-Hxrvkfyadnkmk5hrgw,c6GTImF01z981_BNJIye2g,5.0,2011-04-27 14:04:42,afternoon,2,0,1,long,high,Indianapolis,Event Planning & Services,3,1,1
mzL0zHFGyd9866OUljq49g,mUIBtlWNPD7sz3rGGWQ1RA,4.0,2011-04-27 14:53:30,afternoon,2,0,1,long,high,Philadelphia,Mediterranean,2,0,1
lRRuTimITgwzoXLIM3g9qw,zDEzXNbn84HD0lR0KD0seg,4.0,2011-04-27 16:46:45,afternoon,2,0,1,long,high,Drexel Hill,Restaurants,2,0,0
jYknm57qpeZzTueiVIYTOA,EtKSTHV5Qx_Q7Aur9o4kQQ,4.0,2011-04-27 18:46:45,afternoon,2,0,1,long,high,Philadelphia,Bars,2,1,1
Xlb-Hxrvkfyadnkmk5hrgw,eHQ0utxOdNVHVfDD7fYvdg,4.0,2011-04-27 20:31:24,evening,2,0,1,medium,high,Mooresville,Restaurants,2,0,0
66WeYHwruzUtHqTNCioSZg,OHzX-ZD9qyoeoxR8Z0dlIA,4.0,2011-04-27 21:45:23,evening,2,0,1,long,high,Philadelphia,Restaurants,2,1,1
eAWnP9ZeVo8kp808y-0LXA,EDjEVzmoQVHzboFqC-M6Ew,3.0,2011-04-28 03:55:31,night,3,0,1,long,high,Nashville,Food,2,1,1
5uxCdmMjtxVTxJpZwTB8kg,t1qF12NdW8KvCqxqbvy-Hg,4.0,2011-04-28 07:47:04,morning,3,0,1,long,high,New Orleans,Breakfast & Brunch,1,1,1
5uxCdmMjtxVTxJpZwTB8kg,f4vbnGoGo3eWorVekctVGQ,5.0,2011-04-28 08:20:09,morning,3,0,1,long,high,New Orleans,Restaurants,2,0,1
EMJjstNBGfIlJbooOO1i_g,fGYnHzFr1z2kv7bPRW6VMA,4.0,2011-04-28 14:33:52,afternoon,3,0,0,medium,high,West Chester,Pizza,2,1,1
HQG3no8C5U31z-k1MaYCqQ,GgkQtx8S_UvqO9vRJNqANA,4.0,2011-04-28 19:07:32,evening,3,0,1,long,high,Brentwood,Chinese,1,0,0
K97i0e7MaxYfvCCwPFMjuw,5S3Cc7EsEo66BSL7s6iF-w,3.0,2011-04-29 00:38:28,night,4,0,1,long,high,Philadelphia,Bubble Tea,1,1,0
eTvp_hYnsrI5-ow_sQ31_g,lyFk5UsYV-qWEuv9lJZ06g,4.0,2011-04-29 01:02:10,night,4,0,1,long,high,Saint Louis,Ice Cream & Frozen Yogurt,1,0,0
owRJSf6XpxG0d9vBl04uAQ,nD-cMgRg5gekeB9qbuEkeA,2.0,2011-04-29 03:58:26,night,4,0,1,medium,high,Nashville,Steakhouses,3,1,0
tw7FIwLw8-GqiuqxJ7A2pg,mLNSOU8Ki0Fm09xd6ZKkcA,4.0,2011-04-29 04:19:33,night,4,0,1,long,high,Tampa,Music Venues,3,1,1
P9hbcVoZIPKF4gV8KH427A,ZB2T9dwB4vhHPsJC_4eOnw,4.0,2011-04-29 11:21:53,morning,4,0,1,long,high,Newark,Children's Clothing,3,0,0
JTqQ9C9S2Qc8_aHtO1965g,3kiB39JzdovdlOhQj-nMCw,4.0,2011-04-29 16:03:34,afternoon,4,0,1,medium,high,Philadelphia,Restaurants,1,1,0
TVN3qoXU0-sateboutdCZg,Qbxo9pb5yDsbD3GSuzYOjQ,3.0,2011-04-30 15:12:23,afternoon,5,1,1,long,high,Collingswood,American (New),2,0,0
CjJhEzdWQNEKa7grwPRQyg,64i1xdiU1Wvo1Cuu0erFGA,5.0,2011-04-30 16:16:15,afternoon,5,1,1,long,high,Cherry Hill,Japanese,2,0,1
iyh0e8DUjnrnq2-kirK09g,QdQpt47Xg6GXZfJm-Kaebw,4.0,2011-04-30 17:17:10,afternoon,5,1,1,medium,high,Tucson,Restaurants,1,1,0
QhzzVcCXetK2hCctHsMzmg,EP2jFD3aGoSBCWb7irY5-w,4.0,2011-04-30 22:18:52,evening,5,1,0,long,high,Temple Terrace,Ethiopian,2,1,1
7fDqaGdUMccXQ4bnPwR6yg,EpREWeEpmR8f1qLHzzF0AA,4.0,2011-05-01 01:00:33,night,6,1,1,long,high,Saint Louis,Local Flavor,2,1,1
iJiWgNrcQMCKkgUaoYOe0A,JUlsvVAvZvGHWFfkKm0nlg,3.0,2011-05-01 01:40:30,night,6,1,1,medium,high,Philadelphia,Mexican,2,1,1
cogPv5baWhsR-_Dcw3-Taw,SNQ8sn7R9_e92GWKMCNSgg,5.0,2011-05-01 21:53:39,evening,6,1,1,medium,high,Saint Louis,Fast Food,1,0,0
-ZHlPAvlVdgtiu6DiCq7Yg,72Y65Cg8MO1t9cWCHpwEQQ,4.0,2011-05-02 13:34:44,afternoon,0,0,1,medium,high,Indianapolis,Italian,1,0,1
UXcOSMHZM2RPWTgjQbKDJg,AlxnbBd2JNkozNvI0OvRLQ,5.0,2011-05-02 14:41:58,afternoon,0,0,1,long,high,Philadelphia,Italian,2,1,1
Kj-u8Yq1d3mLKitWsDAxpg,ki1ji38VOBVhZJ__Awvf-Q,4.0,2011-05-02 15:45:41,afternoon,0,0,1,long,high,Bensalem,Restaurants,3,1,0
P-7VidyXqOGd6zBnT85pDA,oJ4ik-4PZe6gexxW-tSmsw,2.0,2011-05-02 16:32:10,afternoon,0,0,1,long,high,Indianapolis,Nightlife,2,1,1
U7JinPjZhXocl8FL_5cJ0A,2Q1R2OhBbAQ581vK_r7NhA,3.0,2011-05-02 21:43:56,evening,0,0,0,short,high,Willow Grove,Sushi Bars,2,0,0
X1nvKXUJ5Lp3W9Oe-_JrMQ,4_W5pstoN1166TGjjPOrMg,3.0,2011-05-02 23:31:03,evening,0,0,1,medium,high,Philadelphia,American (Traditional),2,1,1
h1KzT38UnfzR7maSi7oVUw,p7UGlPkE3Gagm9Mq7aHfYg,5.0,2011-05-03 00:05:02,night,1,0,1,short,high,Saint Louis,Food,1,0,1
z9uf9-0uX5Jh8-4Y5l2PQg,7lwe7n-Yc-V9E_HfLAeylg,5.0,2011-05-03 14:35:09,afternoon,1,0,1,long,high,Philadelphia,Restaurants,2,1,1
rohwiags-kVO_IgYK1sIfw,5v9Voa4a5MON7mAQO3gV3A,5.0,2011-05-03 15:46:47,afternoon,1,0,1,medium,high,Chester Springs,Sandwiches,2,1,1
yYAjnGg9nNcC98ri_0dk-w,dJfkfBbJz7wi0RgW-ph_Eg,4.0,2011-05-03 21:34:54,evening,1,0,0,medium,high,Tampa,Restaurants,2,1,0
ZdODEy4O0-nPdPKwkdQkdw,ndRRvkUHQ1ruKBjdgP7kcQ,4.0,2011-05-04 21:29:19,evening,2,0,1,long,high,New Orleans,Restaurants,1,0,0
DrPyJ2RO1VxF2BejN3Bvig,EDjEVzmoQVHzboFqC-M6Ew,3.0,2011-05-05 17:12:33,afternoon,3,0,1,long,high,Nashville,Food,2,1,1
zrESudirjip-s8wxxAB0xw,Q_Wo3rX84Dy-YdQsiDmrWw,5.0,2011-05-06 00:49:39,night,4,0,1,long,high,New Orleans,Jazz & Blues,2,1,1
26YpEJpa4uwJ60ezG9MIfQ,720J1v3TX-J95cdTJbCpKA,5.0,2011-05-06 03:52:43,night,4,0,1,long,high,Nashville,Sushi Bars,2,1,0
QsByY2gW90viW7wiqWeEcg,tCLAeZsjXFG9RumJ4Hn0Kw,4.0,2011-05-06 13:54:36,afternoon,4,0,0,long,high,Philadelphia,Restaurants,1,0,0
eQB-zeNwKOGk3F1xLQDp5g,Z5po0aTuzKKblek5y6Sp8Q,3.0,2011-05-06 16:50:20,afternoon,4,0,0,long,high,Philadelphia,Food,2,0,0
DJp-RvWsIyX9z-8SN2N7Ag,GYAX9mPGYx9VfwDiuIl_9Q,3.0,2011-05-07 22:41:20,evening,5,1,1,medium,high,Philadelphia,Restaurants,1,0,0
CHYvZ-r1_bSMfBCswelaBw,I2CxrvM0BGH1svfxqGGD2g,2.0,2011-05-08 18:47:53,afternoon,6,1,1,long,high,Nashville,Automotive,2,1,1
2xWGCfc2GeTEaspPPPKSOA,JUlsvVAvZvGHWFfkKm0nlg,3.0,2011-05-09 15:42:36,afternoon,0,0,1,long,high,Philadelphia,Mexican,2,1,1
47oIw-CN1guUKx2_vUdsgw,OQBgwnIHY7vOrbjft8RM8w,3.0,2011-05-10 13:53:53,afternoon,1,0,1,long,high,Saint Louis,Food,1,1,1
Jtfz1WbIB_FtYDkO3MtRXg,9gObo5ltOMo6UgsaXaHPWA,3.0,2011-05-11 17:40:05,afternoon,2,0,0,long,high,Philadelphia,American (New),3,1,0
7Td9DntkgdAMmXqxHTo-Kg,kqAa2CtPGA-QsZhhbzpzUQ,4.0,2011-05-11 21:26:39,evening,2,0,1,medium,high,Nashville,Mediterranean,2,0,1
_BcWyKQL16ndpBdggh2kNA,Z5po0aTuzKKblek5y6Sp8Q,4.0,2011-05-11 23:29:12,evening,2,0,1,medium,high,Philadelphia,Food,2,0,0
VFp9AYShu_C9T4QsHpM3yA,zmpNbfRPecNkb1FhNbL1IA,2.0,2011-05-12 03:25:03,night,3,0,1,medium,high,Tucson,Vietnamese,1,0,0
5Y5KbsI5buMcNh2hTFaRpA,JhrvtLpCEQcYrZLbb6CZGw,5.0,2011-05-12 20:58:49,evening,3,0,1,long,high,Nashville,Sandwiches,1,1,1
Oi1qbcz2m2SnwUeztGYcnQ,WM3q-7scdPUei6fu4SJFYw,4.0,2011-05-27 14:06:47,afternoon,4,0,1,long,high,Springfield,Restaurants,1,1,0
3hANLGwpP5tXgHOes2XheA,pafrjSu3h0v0N8GR3ghNtQ,5.0,2011-05-27 17:08:34,afternoon,4,0,1,long,high,Indianapolis,Cajun/Creole,1,0,1
WjP-1YJ-uHsSD47_Gh1Zfw,LGi-u2zVoSciM0F_2nSg8g,3.0,2011-05-27 19:19:39,evening,4,0,0,medium,high,Maple Shade,Department Stores,2,0,0
7fDqaGdUMccXQ4bnPwR6yg,4xEJiEQERBvr2jAZQSeF2g,4.0,2011-05-28 03:38:28,night,5,1,1,long,high,Saint Louis,Tapas/Small Plates,2,1,1
lT0jFHCIloX3bnF5eu0ERg,OHzX-ZD9qyoeoxR8Z0dlIA,5.0,2011-05-28 15:14:28,afternoon,5,1,1,long,high,Philadelphia,Restaurants,2,1,1
VEj1OuO6QrQMXFhuMZJ8cQ,2rQFgavS-942RapZTBSBTw,3.0,2011-05-28 18:14:36,afternoon,5,1,1,long,high,Bryn Mawr,Italian,2,1,1
Ht8lEQKD9tG7_2KnsZ4slg,KDC4yE8av8-A5TxgmjjUiw,3.0,2011-05-28 19:04:07,evening,5,1,1,long,high,Tucson,Bowling,1,1,0
9zG2PRZnMGe5F29a5NK6Rw,dD2p903p8lU0IgXT3OFluA,4.0,2011-05-28 20:22:38,evening,5,1,1,long,high,Nashville,Breakfast & Brunch,1,1,1
7yuBjruAJfk0n0eTFONMSg,qVVz1sRZVNH2xt865M64Dg,3.0,2011-05-28 21:27:50,evening,5,1,1,long,high,Nashville,Food,1,0,0
kDeyHdQGVGdqYM11Q6lMTA,EpREWeEpmR8f1qLHzzF0AA,5.0,2011-05-29 00:31:04,night,6,1,1,long,high,Saint Louis,Local Flavor,2,1,1
6woTWCjHDMEjQclniEei-A,EtKSTHV5Qx_Q7Aur9o4kQQ,2.0,2011-05-29 10:20:51,morning,6,1,1,long,high,Philadelphia,Bars,2,1,1
6woTWCjHDMEjQclniEei-A,Q-prSTdggNlxAEFV88BZOw,5.0,2011-05-29 10:34:00,morning,6,1,1,long,high,Philadelphia,Beer,2,1,1
Jt3GylPuH64uA3zTdbMdCg,Z5po0aTuzKKblek5y6Sp8Q,5.0,2011-05-29 12:33:39,morning,6,1,1,long,high,Philadelphia,Food,2,0,0
SJvCPlJ5X6Jkbc0TggIiCg,EpREWeEpmR8f1qLHzzF0AA,5.0,2011-05-29 15:33:36,afternoon,6,1,1,long,high,Saint Louis,Local Flavor,2,1,1
2dbTm5EscZT4kso6x1V5BA,MnxMt3CErrx4dXll4ADqLg,5.0,2011-05-29 15:38:38,afternoon,6,1,1,short,high,Indianapolis,Bakeries,2,1,0
tw7FIwLw8-GqiuqxJ7A2pg,BjBDHqHhMXSxgyVipccznQ,2.0,2011-05-29 21:25:59,evening,6,1,1,long,high,Tampa,African,3,1,0
3z2FQKEmFZ7zKuFIG1B1qw,9uHEhLKTVXATCt7JSvUsCg,3.0,2011-05-29 22:27:13,evening,6,1,1,medium,high,Philadelphia,Local Flavor,1,0,0
8M4_nA8e9VacrirvCwrl8Q,F1xE--Gb4rNFAwHkNkV31A,3.0,2011-05-29 22:57:44,evening,6,1,0,medium,high,Reno,Pizza,2,1,1
TVN3qoXU0-sateboutdCZg,x5OX99Kd6zIuVd_pnt4s3A,4.0,2011-05-30 00:03:17,night,0,0,1,long,high,New Hope,Herbs & Spices,2,0,0
tw7FIwLw8-GqiuqxJ7A2pg,SySSMQNIfXN4KZyMtEukEw,1.0,2011-05-30 04:12:16,night,0,0,1,long,high,Tampa,Steakhouses,3,1,0
3k7GJ9_zqE14Z3IZ9M4iSA,kPG6r0h73sPgXBei0MyzYg,5.0,2011-05-30 07:04:57,morning,0,0,1,long,high,Edmonton,Restaurants,2,1,0
Ase_kJIYuT6yOsqqVPuWUA,-9yzQQ0d_rcOD2CzdTNO_Q,1.0,2011-05-30 08:18:55,morning,0,0,1,medium,high,New Orleans,Fast Food,1,0,0
ky3m9-iihoIPInRcJM1r0Q,2KIDQyTh-HzLxOUEDqtDBg,5.0,2011-05-30 17:37:02,afternoon,0,0,0,long,high,Saint Petersburg,Specialty Food,2,1,0
yFOhA0a7toBwUffjC68FrA,Nolwnmtnt5QeDGlS0bsCGQ,5.0,2011-05-30 22:21:21,evening,0,0,1,long,high,Sherwood Park,Burgers,2,0,0
88Ij88GMC7tcIegOicRdYA,nV9XClMRPTDWhak4FTkyyg,2.0,2011-05-30 22:35:11,evening,0,0,1,long,high,Springfield,Italian,2,1,0
OExmdhEdcKHQQqXrv6ftTg,O286wXm4mcznQn_1JieD1g,3.0,2011-05-31 01:52:58,night,1,0,1,long,high,Philadelphia,Event Planning & Services,3,0,0
JTqQ9C9S2Qc8_aHtO1965g,dSPA4yql9vUwnYRxHiVtHA,3.0,2011-05-31 15:45:07,afternoon,1,0,1,long,high,Philadelphia,Sushi Bars,2,0,1
iyh0e8DUjnrnq2-kirK09g,gsuUeNvj9iuZPapuZR45tg,2.0,2011-05-31 15:58:25,afternoon,1,0,1,medium,high,Tucson,Food,2,0,0
VEj1OuO6QrQMXFhuMZJ8cQ,EtKSTHV5Qx_Q7Aur9o4kQQ,5.0,2011-05-31 18:43:15,afternoon,1,0,1,long,high,Philadelphia,Bars,2,1,1
mDyU8vgxCqqcdmf7SBoA5Q,H3JjbID9Zhukpqr9uupHAA,4.0,2011-05-31 22:31:04,evening,1,0,1,long,high,Nashville,Burgers,2,1,1
RCZ5M9o2-fxgFuurpmEs3w,brxzxPTpbukDPTlaq7gOMw,3.0,2011-06-01 02:57:11,night,2,0,0,medium,high,Media,Restaurants,2,0,1
tx7RTGrlLKBG9c93lnio5Q,C_EtrXTygRX5RTUOKtO6Dg,4.0,2011-06-01 14:56:52,afternoon,2,0,1,long,high,Philadelphia,Nightlife,2,1,1
tx7RTGrlLKBG9c93lnio5Q,eaDZlSuVS0EY67Ke6pRP6Q,5.0,2011-06-01 15:14:55,afternoon,2,0,1,long,high,Philadelphia,Malaysian,2,1,0
VTHNbsEN_tmd7_--2Wv6LQ,oJ4ik-4PZe6gexxW-tSmsw,4.0,2011-06-01 23:04:16,evening,2,0,1,long,high,Indianapolis,Nightlife,2,1,1
H7lVlSAtpaTzt7eqr63sJw,htO_nlxkEsYHzDrtbiUxew,5.0,2011-06-01 23:15:12,evening,2,0,0,medium,high,Philadelphia,Restaurants,1,0,0
zD1T8JFx3O1Rf9aNu49rpQ,wUnLSg_GKfEIQ5CQQ770_g,3.0,2011-06-02 01:04:56,night,3,0,0,medium,high,Philadelphia,Italian,4,1,1
82UbpDEPMGJ9Sod8a1U-cg,SIoCIxjn4jLt2O-4DajWJw,3.0,2011-06-02 13:42:30,afternoon,3,0,1,long,high,Philadelphia,Nightlife,2,1,1
H7lVlSAtpaTzt7eqr63sJw,cXSyVvOr9YRN9diDkaWs0Q,5.0,2011-06-02 22:43:40,evening,3,0,0,long,high,Philadelphia,Southern,2,1,1
yFOhA0a7toBwUffjC68FrA,fycMe9LC7-O5ezKFrU-r_g,4.0,2011-06-02 23:18:05,evening,3,0,1,long,high,Edmonton,Vietnamese,1,0,0
goySBsZ3QJfSaElPIDIzLw,14ZGwnDyydXdSBsLXpSUrA,5.0,2011-06-03 03:54:54,night,4,0,0,long,high,Philadelphia,Vietnamese,2,1,1
goySBsZ3QJfSaElPIDIzLw,zwTmOj4B_OVPMTMYijQiKg,2.0,2011-06-03 03:58:26,night,4,0,0,long,high,Philadelphia,Nightlife,1,1,1
goySBsZ3QJfSaElPIDIzLw,EAtdpksdWfWAaqh3XdnNNg,4.0,2011-06-03 04:05:34,night,4,0,0,medium,high,Philadelphia,Restaurants,3,0,0
goySBsZ3QJfSaElPIDIzLw,U30ggGzFpXvc2NZYwOW3qg,4.0,2011-06-03 04:22:08,night,4,0,0,long,high,Philadelphia,Cafes,1,0,1
WjP-1YJ-uHsSD47_Gh1Zfw,WLrFLRE9uvqj9ahrEjevYw,2.0,2011-06-03 13:31:45,afternoon,4,0,0,long,high,Moorestown,Vegetarian,2,1,1
jFEYrS6SZz9ucrZjxJsqhg,mq_bbdY46DlwI9tj3bEXtA,5.0,2011-06-03 16:59:11,afternoon,4,0,0,short,high,Gallatin,Burgers,2,0,0
B-s-8VUnuBjGTP3d01jsyw,pJZq57-XUXnDU2yo8gmsUg,4.0,2011-06-03 18:28:57,afternoon,4,0,1,long,high,Reno,Restaurants,2,1,0
VYuuNzTWju8D0rr8SvaZjA,RZtGWDLCAtuipwaZ-UfjmQ,3.0,2011-06-03 19:59:02,evening,4,0,1,long,high,Philadelphia,Pizza,2,1,1
8M4_nA8e9VacrirvCwrl8Q,xR1Wkmrm3yoAJuxPmS0vUw,4.0,2011-06-03 20:44:09,evening,4,0,0,medium,high,Sparks,Grocery,2,0,0
z67oNAZR_uHG84k3Dntckg,-ATiAtTikuGuqvaW2O6tNA,4.0,2011-06-04 00:35:07,night,5,1,1,long,high,Philadelphia,Sandwiches,2,1,1
z67oNAZR_uHG84k3Dntckg,cXSyVvOr9YRN9diDkaWs0Q,2.0,2011-06-04 00:41:48,night,5,1,1,long,high,Philadelphia,Southern,2,1,1
5uxCdmMjtxVTxJpZwTB8kg,pym7c6ZFEtmoH16xN2ApBg,5.0,2011-06-04 02:40:18,night,5,1,1,long,high,New Orleans,Restaurants,2,1,1
8M4_nA8e9VacrirvCwrl8Q,pJZq57-XUXnDU2yo8gmsUg,3.0,2011-06-04 03:16:34,night,5,1,0,long,high,Reno,Restaurants,2,1,0
SJvCPlJ5X6Jkbc0TggIiCg,mY02hIpeZSVCaWObvvyECA,4.0,2011-06-04 19:27:17,evening,5,1,1,long,high,Saint Louis,Restaurants,2,1,1
qjfMBIZpQT9DDtw_BWCopQ,Sw7qcWQ5_iOUjBZMhSxyOQ,2.0,2011-06-05 00:17:06,night,6,1,1,medium,high,South Pasadena,Seafood,2,1,1
DbNKK25oOzfHxyfBHlOaDg,kjhIbW8NKRvXmLDwz7lzhw,4.0,2011-06-05 00:34:17,night,6,1,1,long,high,Nashville,Nightlife,2,1,0
aHl-3UItyhhS9P40Nr9EaA,f82dhKNiUXsDVPMLqKYiIQ,5.0,2011-06-05 05:09:21,night,6,1,1,medium,high,Tucson,Restaurants,2,1,0
aHl-3UItyhhS9P40Nr9EaA,a7ZmzKZRhVjKaJBZ7zIGzg,4.0,2011-06-05 05:33:49,night,6,1,1,long,high,Tucson,Beer,3,1,0
z9uf9-0uX5Jh8-4Y5l2PQg,lRbHFOIFuusN2WOR_ypQ_A,5.0,2011-06-05 15:24:11,afternoon,6,1,1,long,high,Philadelphia,Restaurants,2,0,0
kx1AyDQfkPHSkPstBQlDzg,RfO-dnZM_KCIPELt6q0dWg,2.0,2011-06-05 19:30:31,evening,6,1,1,long,high,Saint Louis,Pizza,1,1,1
kx1AyDQfkPHSkPstBQlDzg,KA9WEoGHr9Ae0pFXZqzylQ,4.0,2011-06-05 19:48:30,evening,6,1,1,medium,high,Saint Louis,Dance Clubs,2,1,1
lSJAz1la2MngxNqSFSmUsQ,9nkYaCQRyO0fi8SrXDFhGw,3.0,2011-06-05 22:42:14,evening,6,1,0,long,high,Philadelphia,Food,3,0,0
7XIHzdQb7ecKLDoLqJYOtA,ORL4JE6tz3rJxVqkdKfegA,4.0,2011-06-06 03:33:38,night,0,0,0,medium,high,Nashville,Venues & Event Spaces,3,1,1
Hxx8FmhpxiugIrGRh8RDOg,Llu8_Lx2DFthmr99_eiOLA,3.0,2011-06-06 13:12:02,afternoon,0,0,1,long,high,Saint Louis,Bakeries,1,1,0
Bq-BIdYrWloJXq6v6v_iiA,7lwe7n-Yc-V9E_HfLAeylg,3.0,2011-06-06 14:03:23,afternoon,0,0,1,medium,high,Philadelphia,Restaurants,2,1,1
ojxS1v-8nUvEEx4DlsPQrA,-d8B04ueyxADRutlcHYewQ,2.0,2011-06-06 23:33:30,evening,0,0,1,long,high,Doylestown,American (New),2,0,1
I0ezkVvCcBnavJf2soWHjA,EAtdpksdWfWAaqh3XdnNNg,4.0,2011-06-07 01:24:47,night,1,0,1,long,high,Philadelphia,Restaurants,3,0,0
lAW03ccfMEuRZiDqvVgc0w,e_9qxd4k6z58I9-b3vBxBA,4.0,2011-06-07 04:52:11,night,1,0,1,long,high,St Albert,Vietnamese,2,0,0
pArrklxdwi3WaZxqezbSBw,Uy0r4bzRmY5LFtDfzNgkag,1.0,2011-06-07 17:58:10,afternoon,1,0,0,medium,high,University City,Mexican,2,1,0
pArrklxdwi3WaZxqezbSBw,nRKndeZLQ3eDL10UMwS2rQ,5.0,2011-06-07 18:08:21,afternoon,1,0,0,short,high,Saint Louis,Ice Cream & Frozen Yogurt,1,0,0
Ht8lEQKD9tG7_2KnsZ4slg,1feuZITxuTrl9mr7V11kwQ,3.0,2011-06-07 21:35:00,evening,1,0,1,long,high,Tucson,Coffee & Tea,1,0,1
yFOhA0a7toBwUffjC68FrA,wqj6JquckEOs1h7rs376kQ,4.0,2011-06-07 21:42:56,evening,1,0,1,long,high,Edmonton,Restaurants,2,0,0
tOMztypmq06beq-zncxjiw,WIv5kTb_P3jnngPkMeRRNw,3.0,2011-06-08 01:58:10,night,2,0,0,medium,high,Philadelphia,Sushi Bars,2,0,0
JUT0U3HTSB3kz9Wh7N0GqA,TTl2V6mG7IAMi_JK16bgow,5.0,2011-06-08 06:28:39,night,2,0,1,long,high,Tucson,Coffee & Tea,2,0,0
Kj-u8Yq1d3mLKitWsDAxpg,At6iwGTy6bDxc7PUEOTvQw,4.0,2011-06-08 12:48:46,morning,2,0,1,long,high,Willow Grove,Burgers,1,0,0
3hANLGwpP5tXgHOes2XheA,COclRBaXBjYpomS4syUmvg,4.0,2011-06-08 14:30:20,afternoon,2,0,1,long,high,Indianapolis,Restaurants,1,0,1
ojxS1v-8nUvEEx4DlsPQrA,WIv5kTb_P3jnngPkMeRRNw,2.0,2011-06-09 01:01:31,night,3,0,1,medium,high,Philadelphia,Sushi Bars,2,0,0
njJjEOLRTo03Fwp4jg_Jpg,ju1qrGJ1mcc1sc2oRX7X5g,5.0,2011-06-09 17:20:09,afternoon,3,0,1,medium,high,Indianapolis,Street Vendors,1,0,1
XQk-XZKwNim2fsc8_LHksA,1DkolDhbc0kydORZCIp7Fw,4.0,2011-06-10 15:01:03,afternoon,4,0,1,long,high,Philadelphia,Food Stands,1,1,1
TINJU5ib4OMlCL07JqYGhA,k3sED9tpGEOtzhGxvcxTrw,4.0,2011-06-10 16:47:59,afternoon,4,0,1,long,high,Metairie,Restaurants,1,1,0
2mehWDiaP-8CcZRtLGlYIA,MaYb7qMN6BomP1zQGj3Wjg,5.0,2011-06-10 18:56:36,afternoon,4,0,1,long,high,Saint Louis,Nightlife,2,1,1
z9uf9-0uX5Jh8-4Y5l2PQg,1DkolDhbc0kydORZCIp7Fw,4.0,2011-06-10 19:03:54,evening,4,0,1,long,high,Philadelphia,Food Stands,1,1,1
lYQk0R6sPfo3WeX-l_5BuA,bdth7r1brx9yRU7sYwF9jQ,4.0,2011-06-12 04:43:24,night,6,1,1,medium,high,Ballwin,Japanese,2,1,0
zfD3xhVNkGJs-AOOSslqtQ,iKeIcErytzgR50hffOBLUg,4.0,2011-06-12 22:18:19,evening,6,1,1,long,high,Bryn Mawr,Pizza,2,0,0
k_muz40jJaiY1PVga6NDXA,t3uOJKilXAzO7vC2B83RZg,4.0,2011-06-13 13:06:43,afternoon,0,0,1,long,high,Brookhaven,Restaurants,2,0,0
lN_sKVrvdQA_N58IhpSEyQ,tNnVxOC_9p8UK3N_2-yCtQ,3.0,2011-06-13 16:02:14,afternoon,0,0,1,long,high,Cherry Hill,Korean,2,0,0
U7JinPjZhXocl8FL_5cJ0A,QWqKTWQ2OiDgo3dzNkpung,3.0,2011-06-13 19:13:59,evening,0,0,0,short,high,Philadelphia,Korean,2,0,0
ET3TgSSQ3shm2mj5vZ8IVQ,GYAX9mPGYx9VfwDiuIl_9Q,4.0,2011-06-14 20:24:54,evening,1,0,1,medium,high,Philadelphia,Restaurants,1,0,0
aHl-3UItyhhS9P40Nr9EaA,B10mqANgHvL8gBteo1UhAA,2.0,2011-06-15 19:27:35,evening,2,0,1,medium,high,Tucson,Restaurants,2,1,1
DejbySADs66NO3RMAuzBIw,GBTPC53ZrG1ZBY3DT8Mbcw,3.0,2011-06-15 20:40:23,evening,2,0,1,long,high,New Orleans,German,2,1,0
eAWnP9ZeVo8kp808y-0LXA,xs5gxwXz1QFlWy62XAH-9Q,4.0,2011-06-16 02:03:48,night,3,0,1,long,high,Franklin,Pizza,1,1,1
njJjEOLRTo03Fwp4jg_Jpg,F2C5ENuY8CXfgoW-gAMdDA,4.0,2011-06-16 04:40:40,night,3,0,1,medium,high,Indianapolis,Bars,2,1,1
z9uf9-0uX5Jh8-4Y5l2PQg,9gObo5ltOMo6UgsaXaHPWA,3.0,2011-06-16 13:54:59,afternoon,3,0,1,medium,high,Philadelphia,American (New),3,1,0
eWu1xPt52B-yMZmIyBIUsw,0wIZdTqdL2LTPkv0avHPeA,2.0,2011-06-29 02:49:24,night,2,0,1,long,high,Bridgeton,Restaurants,2,1,1
9zG2PRZnMGe5F29a5NK6Rw,tvbFcYCEQWc76CUK-nBw8w,4.0,2011-06-29 06:31:00,night,2,0,1,medium,high,Nashville,Korean,2,1,0
7fDqaGdUMccXQ4bnPwR6yg,MaYb7qMN6BomP1zQGj3Wjg,5.0,2011-06-29 14:15:13,afternoon,2,0,1,long,high,Saint Louis,Nightlife,2,1,1
I7dAMFEIk0ecgfalWiJLqQ,mY02hIpeZSVCaWObvvyECA,4.0,2011-06-29 17:43:08,afternoon,2,0,1,medium,high,Saint Louis,Restaurants,2,1,1
ie9VaHvAaQgjMJP3Gn-AQQ,Q-prSTdggNlxAEFV88BZOw,5.0,2011-06-29 18:02:05,afternoon,2,0,1,long,high,Philadelphia,Beer,2,1,1
I7dAMFEIk0ecgfalWiJLqQ,vD2jzpPv4iyOLKzITscGvA,3.0,2011-06-29 18:32:29,afternoon,2,0,1,long,high,Saint Louis,Wine Bars,3,1,1
I7dAMFEIk0ecgfalWiJLqQ,RwOV1rfT7vA1qw8vgf-yBA,4.0,2011-06-29 19:25:10,evening,2,0,1,medium,high,Saint Louis,Burgers,1,1,1
I7dAMFEIk0ecgfalWiJLqQ,nX2105_S9lUhB5rbhC2n2w,5.0,2011-06-29 19:28:53,evening,2,0,1,short,high,Saint Louis,Donuts,1,0,0
Xth3HA2SYz34ae1r4w8NqA,vuAI70USd3my2Kb9_9zajw,4.0,2011-06-29 22:08:58,evening,2,0,0,long,high,Saint Louis,Restaurants,2,1,1
tmWwHfhaR0bNTKlr9dXsOQ,Q_Wo3rX84Dy-YdQsiDmrWw,5.0,2011-06-29 22:09:19,evening,2,0,0,long,high,New Orleans,Jazz & Blues,2,1,1
ie9VaHvAaQgjMJP3Gn-AQQ,9XpU6r6ATXSWYfbU7kibaQ,4.0,2011-06-30 01:00:09,night,3,0,1,long,high,Philadelphia,Coffee & Tea,1,0,0
kDeyHdQGVGdqYM11Q6lMTA,Uy0r4bzRmY5LFtDfzNgkag,3.0,2011-06-30 01:21:48,night,3,0,1,long,high,University City,Mexican,2,1,0
h1KzT38UnfzR7maSi7oVUw,71q2UD1A7KL2q4AA8mPobQ,3.0,2011-06-30 04:50:09,night,3,0,1,medium,high,Saint Louis,Pizza,1,1,1
45BL_H-mDCoiuA9k8iGv5g,RZtGWDLCAtuipwaZ-UfjmQ,2.0,2011-06-30 13:45:50,afternoon,3,0,0,short,high,Philadelphia,Pizza,2,1,1
WZ4vEAuJdBgHrnIZlBQLig,nX2105_S9lUhB5rbhC2n2w,5.0,2011-06-30 15:41:26,afternoon,3,0,1,medium,high,Saint Louis,Donuts,1,0,0
WZ4vEAuJdBgHrnIZlBQLig,_aKr7POnacW_VizRKBpCiA,5.0,2011-06-30 15:41:55,afternoon,3,0,1,medium,high,Saint Louis,Delis,1,1,0
WZ4vEAuJdBgHrnIZlBQLig,ARgidflSXPHj7uhK-Y7hwA,5.0,2011-06-30 15:53:48,afternoon,3,0,1,medium,high,St Louis,Japanese,2,1,0
I7dAMFEIk0ecgfalWiJLqQ,GV-e7Op4aU98xkjjoKlRhA,4.0,2011-06-30 16:32:22,afternoon,3,0,1,medium,high,Saint Louis,Basque,2,1,1
WZ4vEAuJdBgHrnIZlBQLig,GV-e7Op4aU98xkjjoKlRhA,5.0,2011-06-30 16:47:23,afternoon,3,0,1,long,high,Saint Louis,Basque,2,1,1
IKbjLnfBQtEyVzEu8CuOLg,E1gf1YIWOo1BgzMUwJtEZg,4.0,2011-06-30 18:45:42,afternoon,3,0,1,medium,high,Philadelphia,Pizza,1,1,1
TINJU5ib4OMlCL07JqYGhA,EtkNplbYROY-8nZz0YQbMQ,4.0,2011-06-30 19:44:29,evening,3,0,1,medium,high,Metairie,Restaurants,1,1,0
cogPv5baWhsR-_Dcw3-Taw,JBGNJR4pBRiyThsoKWsdnQ,5.0,2011-06-30 21:30:33,evening,3,0,1,medium,high,Creve Coeur,Salad,1,0,1
I0ezkVvCcBnavJf2soWHjA,NVN_23yYJDf_RAinqFICDA,4.0,2011-07-01 00:47:01,night,4,0,1,long,high,Philadelphia,Hot Dogs,1,0,0
X0Bmllln5u8i37-Fo8leVg,ltBBYdNzkeKdCNPDAsxwAA,3.0,2011-07-01 00:47:41,night,4,0,1,long,high,Nashville,Cocktail Bars,2,1,0
ZdYHJ-hctaaDeH1CpP7-EA,CJ3t6dw60CdpflWKe3b78Q,4.0,2011-07-01 03:46:56,night,4,0,1,long,high,Plymouth Meeting,Japanese,3,1,0
iyh0e8DUjnrnq2-kirK09g,V9XlikTxq0My4gE8LULsjw,1.0,2011-07-01 13:47:52,afternoon,4,0,1,long,high,Tucson,Restaurants,2,1,1
jQF9CqbIfpQit9B0MAG4Wg,NVN_23yYJDf_RAinqFICDA,4.0,2011-07-01 14:16:17,afternoon,4,0,1,long,high,Philadelphia,Hot Dogs,1,0,0
cogPv5baWhsR-_Dcw3-Taw,r5dUIJJwaChqvIjGkUJtfw,4.0,2011-07-01 15:23:49,afternoon,4,0,1,long,high,Webster Groves,Music Venues,2,1,1
KXYRjdlgg-Gw7mwF22ZAJg,WIv5kTb_P3jnngPkMeRRNw,4.0,2011-07-01 22:42:08,evening,4,0,1,medium,high,Philadelphia,Sushi Bars,2,0,0
bAzdeuQiR80wVOLUh7ox7g,KUYGwEEEM8yFkCf-CxpRPQ,3.0,2011-07-02 01:20:23,night,5,1,1,long,high,New Orleans,Restaurants,2,1,0
tw7FIwLw8-GqiuqxJ7A2pg,P5Wq5OwEJ0Zz7piLoToXDA,2.0,2011-07-02 19:01:17,evening,5,1,1,medium,high,Temple Terrace,Bars,2,1,1
lSJAz1la2MngxNqSFSmUsQ,JUlsvVAvZvGHWFfkKm0nlg,3.0,2011-07-02 23:45:40,evening,5,1,0,medium,high,Philadelphia,Mexican,2,1,1
lSJAz1la2MngxNqSFSmUsQ,pj8Y-5vfbRitnnm2xJFH9w,1.0,2011-07-03 00:18:48,night,6,1,0,long,high,Philadelphia,Caribbean,2,1,1
FjmgJIvYxt5TTJSToiPn8g,OHzX-ZD9qyoeoxR8Z0dlIA,4.0,2011-07-03 04:23:06,night,6,1,0,long,high,Philadelphia,Restaurants,2,1,1
kDeyHdQGVGdqYM11Q6lMTA,cN8F-BmoHoS9eCqIHMtlHA,4.0,2011-07-03 04:33:06,night,6,1,1,long,high,Saint Louis,Bakeries,2,0,1
bA7aFsC0q_XIh7BOrYbgnA,pSmOH4a3HNNpYM82J5ycLA,4.0,2011-07-03 22:56:50,evening,6,1,1,medium,high,Nashville,Restaurants,2,1,0
k8y8sNAXTl6XMzg5Qr61rg,qfWJmJ0g96eM_fWma3ja0g,4.0,2011-07-03 23:45:06,evening,6,1,1,long,high,West Chester,Seafood,2,1,1
AaPhPor834YyMwCqOxytdQ,LH7kN8nAyF2JE5higfK4ZA,5.0,2011-07-04 00:00:17,night,0,0,1,medium,high,Wimauma,Mexican,1,1,1
60RKNAZwY5EUooJf624aKw,MnlHMZ9RGVaS71rVwINyOA,4.0,2011-07-04 02:56:30,night,0,0,1,long,high,Saint Louis,Ethnic Food,1,0,0
mswloq-IjRr9yXLhBqBPAw,pqe1pCQx--uybdm6EQ8AqQ,3.0,2011-07-04 03:53:12,night,0,0,1,medium,high,Wynnewood,American (New),1,0,1
0Igx-a1wAstiBDerGxXk2A,NxJk32DFY06EbFAvcQJumw,4.0,2011-07-04 15:22:26,afternoon,0,0,1,medium,high,New Orleans,Restaurants,2,0,1
bGREVtD0aDERKe5k4d5Zkg,vD2jzpPv4iyOLKzITscGvA,3.0,2011-07-04 16:42:22,afternoon,0,0,1,medium,high,Saint Louis,Wine Bars,3,1,1
bGREVtD0aDERKe5k4d5Zkg,UN2UmcNSI_7HKdfVvLbkgw,4.0,2011-07-04 17:02:28,afternoon,0,0,1,medium,high,Creve Coeur,Vietnamese,2,1,0
jFEYrS6SZz9ucrZjxJsqhg,kHuIRfZq3aadONNFO0vEnQ,5.0,2011-07-04 18:27:54,afternoon,0,0,0,short,high,Mt Juliet,Comfort Food,2,1,1
3x-kbXQUhrsWOcp8mUimbw,N-ej51lLtIl4TMC-Qb3k4A,4.0,2011-07-04 22:02:46,evening,0,0,1,long,high,Edmonton,Restaurants,2,1,0
bGREVtD0aDERKe5k4d5Zkg,jQBPO3rYkNwIaOdQS5ktgQ,3.0,2011-07-05 03:43:55,night,1,0,1,medium,high,Saint Louis,Ice Cream & Frozen Yogurt,2,1,0
IKbjLnfBQtEyVzEu8CuOLg,Z5po0aTuzKKblek5y6Sp8Q,4.0,2011-07-05 10:30:32,morning,1,0,1,medium,high,Philadelphia,Food,2,0,0
HDbBsdnvPXDCDdWFYWEMkA,MnlHMZ9RGVaS71rVwINyOA,5.0,2011-07-05 20:45:58,evening,1,0,1,long,high,Saint Louis,Ethnic Food,1,0,0
v1pKH5c7C5pEyrlVjIbr-w,fNTxUyPUJNIbS7_7kiKnGQ,4.0,2011-07-05 20:52:44,evening,1,0,1,medium,high,Palm Harbor,Restaurants,1,1,1
bYENop4BuQepBjM1-BI3fA,vuAI70USd3my2Kb9_9zajw,4.0,2011-07-06 00:08:53,night,2,0,1,long,high,Saint Louis,Restaurants,2,1,1
46Wi08T5D3phf3SMgi7U3w,Hr2uEAG9O2q0nDwEs4cExg,4.0,2011-07-06 15:16:53,afternoon,2,0,1,long,high,Cherry Hill,Restaurants,2,1,0
WFXqCsd97UsXcE8K_uQ4_Q,vD2jzpPv4iyOLKzITscGvA,5.0,2011-07-06 15:33:31,afternoon,2,0,1,long,high,Saint Louis,Wine Bars,3,1,1
4kKngcDGjuzo18pxx5jHog,DgCqXgSG_WjreSgYaxZdVg,4.0,2011-07-06 17:49:57,afternoon,2,0,1,long,high,Tucson,Wine Tasting Room,1,0,0
ptszYqvULb9AT04VfKaXfg,AOdw-xjhc-ZRVhJzAgJxSw,4.0,2011-07-06 19:12:15,evening,2,0,1,long,high,Rockledge,Sandwiches,1,0,0
4qWYQFByYk7GXaoKKX8EHQ,CyGxCUdTRGUPKGOgzC6Zug,4.0,2011-07-06 19:30:36,evening,2,0,1,medium,high,Edmonton,Chicken Wings,2,1,1
JpaCmyBabWdrF5XqARF2eA,vG9aD-fvsIimgo-l7u8-AA,4.0,2011-07-06 19:35:39,evening,2,0,1,medium,high,Franklin,Restaurants,2,1,1
JpaCmyBabWdrF5XqARF2eA,AtIGlkUITdQFhAG_JWp-Og,4.0,2011-07-06 20:07:50,evening,2,0,1,long,high,Hermitage,Modern European,2,0,0
3hANLGwpP5tXgHOes2XheA,W3pOGK9qIZJbA6CS0HRNcQ,4.0,2011-07-06 20:33:06,evening,2,0,1,long,high,Indianapolis,Pizza,2,0,0
JpaCmyBabWdrF5XqARF2eA,kHuIRfZq3aadONNFO0vEnQ,1.0,2011-07-06 20:53:53,evening,2,0,1,medium,high,Mt Juliet,Comfort Food,2,1,1
m-n_AHwndmHAgZIsu52kYA,rnaE88k8yV5pFAGJeiIK4Q,5.0,2011-07-06 20:54:21,evening,2,0,1,long,high,Reno,Food,2,1,0
8CcBu5xno_eFPAzxA1psDA,MZW_eTFYFBvHYg5OFqDRCA,2.0,2011-07-06 21:39:39,evening,2,0,0,medium,high,Wilmington,Burgers,2,1,1
VTHNbsEN_tmd7_--2Wv6LQ,8xz4jzsKSU10CFvbHhYJXw,3.0,2011-07-06 22:48:25,evening,2,0,1,long,high,Indianapolis,Seafood,2,1,1
X0Bmllln5u8i37-Fo8leVg,kqAa2CtPGA-QsZhhbzpzUQ,3.0,2011-07-06 23:21:40,evening,2,0,1,long,high,Nashville,Mediterranean,2,0,1
rAIBoxoBz0TF7f8036JGJw,1Pxg1AMf0rEn9QF__ZYoWw,5.0,2011-07-07 03:36:01,night,3,0,1,long,high,Nashville,Japanese,2,1,0
rAIBoxoBz0TF7f8036JGJw,wLHodvVFLTgK3nl2XG8OCw,5.0,2011-07-07 04:47:03,night,3,0,1,long,high,Nashville,Ethnic Food,3,1,1
0du93EkEwKuxRG_x6hqVUg,_owHO6DTYU-XVP8jAcgZFw,4.0,2011-07-07 15:20:39,afternoon,3,0,1,long,high,Nashville,Pizza,2,1,1
2mehWDiaP-8CcZRtLGlYIA,RKVZbcCKNcAM5Jk_cV7I9A,3.0,2011-07-07 21:14:18,evening,3,0,1,long,high,Saint Louis,American (New),2,1,1
JpaCmyBabWdrF5XqARF2eA,CmaMxRtf0NJxOR5r0Pw_mQ,4.0,2011-07-07 21:39:13,evening,3,0,1,long,high,Nashville,Barbeque,1,0,1
-Tg5YTEMbnYw3fQN99xKCQ,C-anTsItNvJHHR__DiGEqQ,5.0,2011-07-07 23:42:38,evening,3,0,1,long,high,New Orleans,Chicken Wings,2,0,0
0us9bFdds4rqm117K-DCHw,cXSyVvOr9YRN9diDkaWs0Q,5.0,2011-07-08 01:11:20,night,4,0,1,long,high,Philadelphia,Southern,2,1,1
0us9bFdds4rqm117K-DCHw,TCROPjxfzCZzrQjqLqstSg,4.0,2011-07-08 01:44:04,night,4,0,1,long,high,Philadelphia,Coffee & Tea,1,0,1
rAIBoxoBz0TF7f8036JGJw,8s1uT8dyBEUwTNeHoZntMg,2.0,2011-07-08 04:30:11,night,4,0,1,medium,high,Nashville,Restaurants,1,1,1
1i4YvXLh5c-z7ayYlAUOJw,lZEYIL95hZsZS0vgaoR2aQ,4.0,2011-07-08 12:04:48,morning,4,0,1,long,high,Tampa,Sandwiches,2,1,1
I7dAMFEIk0ecgfalWiJLqQ,JgTSG4rIDf20Kgp6U_asng,2.0,2011-07-08 13:25:12,afternoon,4,0,1,medium,high,St. Louis,Pizza,2,1,0
JpaCmyBabWdrF5XqARF2eA,vo12FJ4dAdP8Jr4ctFYRkg,4.0,2011-07-08 15:50:13,afternoon,4,0,1,long,high,Mount Juliet,Pizza,2,0,1
ShKjMaDTPfKDuwzL5WIfgA,frsUjGnPi3uZausjo_1FIQ,1.0,2011-07-08 19:04:13,evening,4,0,0,medium,high,Reno,Arts & Entertainment,2,1,1
EP8o8JnQSI0WEkeodwA8lA,Q_Wo3rX84Dy-YdQsiDmrWw,4.0,2011-07-08 20:15:02,evening,4,0,1,medium,high,New Orleans,Jazz & Blues,2,1,1
0us9bFdds4rqm117K-DCHw,17Y8circEnkMMXKfLo8Ztg,3.0,2011-07-08 23:26:25,evening,4,0,1,long,high,Philadelphia,Restaurants,1,0,1
0us9bFdds4rqm117K-DCHw,JUlsvVAvZvGHWFfkKm0nlg,4.0,2011-07-08 23:53:59,evening,4,0,1,long,high,Philadelphia,Mexican,2,1,1
rAIBoxoBz0TF7f8036JGJw,tvbFcYCEQWc76CUK-nBw8w,3.0,2011-07-09 06:27:58,night,5,1,1,long,high,Nashville,Korean,2,1,0
Hn8O2RQijYIVLFNF5VPWTA,-If0ps0QhOLCYVWQWs9RYg,2.0,2011-07-09 13:22:11,afternoon,5,1,1,long,high,New Orleans,Restaurants,1,0,1
0E-IU4qDXps1MHQhNZx6vA,jRLskcm_icZIKs81mYC4iQ,5.0,2011-07-09 20:03:38,evening,5,1,1,long,high,Indianapolis,Restaurants,2,1,0
ow1YVonkr8G-8kFUKo-bJg,K1r1fGmCbrmC_V6Aj22Zew,5.0,2011-07-09 21:55:47,evening,5,1,1,long,high,Tucson,Bakeries,2,0,1
tOMztypmq06beq-zncxjiw,wITX_5zymQu_JVfn569Vpg,4.0,2011-07-10 02:00:17,night,6,1,0,medium,high,King of Prussia,Restaurants,2,0,0
tOMztypmq06beq-zncxjiw,DK7buvGqeO9p3L7F7JiaGg,2.0,2011-07-10 02:04:33,night,6,1,0,medium,high,Norristown,Restaurants,2,1,0
-THLGnsYKu3yQAsy_tt1fw,eHQ0utxOdNVHVfDD7fYvdg,5.0,2011-07-10 16:19:13,afternoon,6,1,1,long,high,Mooresville,Restaurants,2,0,0
vr-Rw3nMKIgGrVNT6A7p9g,6LCZLGa09Qifn6rG7-DNrg,4.0,2011-07-10 22:58:28,evening,6,1,1,long,high,Philadelphia,Thai,2,0,0
GJv1yf_IhUZqpDjFr86DmA,Q_Wo3rX84Dy-YdQsiDmrWw,5.0,2011-07-11 06:47:31,night,0,0,1,medium,high,New Orleans,Jazz & Blues,2,1,1
0du93EkEwKuxRG_x6hqVUg,pSmOH4a3HNNpYM82J5ycLA,5.0,2011-07-11 15:29:29,afternoon,0,0,1,long,high,Nashville,Restaurants,2,1,0
YEiJOtOBBRKEpRuvZNA9Cg,vzvm7_QXEDaMTxMOKLBNyQ,5.0,2011-07-11 18:12:07,afternoon,0,0,1,short,high,Tucson,Vegetarian,1,1,0
k8y8sNAXTl6XMzg5Qr61rg,2zocwC7qMq3LsivPn9Z-Eg,4.0,2011-07-11 18:49:39,afternoon,0,0,1,medium,high,Wayne,Restaurants,1,0,0
0du93EkEwKuxRG_x6hqVUg,EDjEVzmoQVHzboFqC-M6Ew,4.0,2011-07-11 19:00:31,evening,0,0,1,long,high,Nashville,Food,2,1,1
cLpT9ZCzgr7H6BWqDRs2Og,EDjEVzmoQVHzboFqC-M6Ew,4.0,2011-07-12 13:30:20,afternoon,1,0,1,long,high,Nashville,Food,2,1,1
x6erNzhuM_c7xW6PlqClIQ,K8b2MQ5Az59-nzvqUfjJEQ,5.0,2011-07-12 19:37:06,evening,1,0,1,long,high,Philadelphia,American (New),3,0,0
0us9bFdds4rqm117K-DCHw,4_W5pstoN1166TGjjPOrMg,4.0,2011-07-12 20:28:45,evening,1,0,1,long,high,Philadelphia,American (Traditional),2,1,1
WZ4vEAuJdBgHrnIZlBQLig,_aKr7POnacW_VizRKBpCiA,5.0,2011-07-13 15:47:04,afternoon,2,0,1,short,high,Saint Louis,Delis,1,1,0
WZ4vEAuJdBgHrnIZlBQLig,4xEJiEQERBvr2jAZQSeF2g,3.0,2011-07-13 18:04:48,afternoon,2,0,1,long,high,Saint Louis,Tapas/Small Plates,2,1,1
EP8o8JnQSI0WEkeodwA8lA,hmmiyt6KljD5G3a861qsKw,4.0,2011-07-14 20:11:03,evening,3,0,1,medium,high,Nashville,Ethnic Food,1,0,0
Ase_kJIYuT6yOsqqVPuWUA,kwQzVF5GP8DzdyBavvhIaQ,2.0,2011-07-14 20:15:55,evening,3,0,1,long,high,Kenner,Seafood Markets,2,1,0
fxeRdFmgY6tbTyidpcdFLw,pSmOH4a3HNNpYM82J5ycLA,3.0,2011-07-14 23:56:53,evening,3,0,1,long,high,Nashville,Restaurants,2,1,0
GdGGZo98_xRwbrZiYRP1ew,GgkQtx8S_UvqO9vRJNqANA,4.0,2011-07-15 15:38:22,afternoon,4,0,1,long,high,Brentwood,Chinese,1,0,0
S9vtNMvKK3B8V6dWaiS0Mg,a7FSs8soBoxfkPXvzSsvbg,4.0,2011-07-20 14:55:51,afternoon,2,0,1,medium,high,Franklin,Mexican,2,1,1
88Ij88GMC7tcIegOicRdYA,VRnJgj0IvxoksHppE78X2Q,2.0,2011-07-28 12:45:48,morning,3,0,1,long,high,Philadelphia,Dim Sum,2,1,0
z9uf9-0uX5Jh8-4Y5l2PQg,SIoCIxjn4jLt2O-4DajWJw,4.0,2011-07-28 13:39:34,afternoon,3,0,1,medium,high,Philadelphia,Nightlife,2,1,1
2xWGCfc2GeTEaspPPPKSOA,c8rjE6NcfeyzLB_aU1GdMA,4.0,2011-07-28 14:52:15,afternoon,3,0,1,long,high,Philadelphia,Nightlife,2,1,0
FVzA-5cUVRYttsv5aFOqQA,bT3pKLDsjk7JKfbVaHf9Lw,5.0,2011-07-28 18:50:18,afternoon,3,0,1,long,high,Hermitage,Food,1,1,0
_qRphMRxUzp_Vjk7ZIjWBA,s3FRhtaNU8dt-mKkLKUQaQ,4.0,2011-07-28 19:27:13,evening,3,0,1,long,high,Nashville,Sushi Bars,2,1,1
ojxS1v-8nUvEEx4DlsPQrA,eaDZlSuVS0EY67Ke6pRP6Q,3.0,2011-07-28 23:07:14,evening,3,0,1,long,high,Philadelphia,Malaysian,2,1,0
aHl-3UItyhhS9P40Nr9EaA,hS6KNGCQVTYUdLb2edt58g,4.0,2011-07-29 05:22:46,night,4,0,1,long,high,New Orleans,Boat Charters,2,0,0
IpLRJY4CP3fXtlEd8Y4GFQ,R76nXl5oTep-d1ZGPZSimQ,4.0,2011-07-29 15:53:26,afternoon,4,0,1,long,high,Philadelphia,Restaurants,1,1,0
Hxx8FmhpxiugIrGRh8RDOg,ZnxGRJpKHRQ0SAYSJk4SFw,3.0,2011-07-29 18:29:15,afternoon,4,0,1,long,high,Saint Ann,American (Traditional),1,0,0
SpuK67B0EVHX0DuMEgPq3w,F2C5ENuY8CXfgoW-gAMdDA,4.0,2011-07-29 18:35:06,afternoon,4,0,1,long,high,Indianapolis,Bars,2,1,1
0du93EkEwKuxRG_x6hqVUg,lsGZzXIJbjrWtcFGLAW5sw,5.0,2011-07-29 19:42:26,evening,4,0,1,long,high,Nashville,American (New),2,1,1
-Tg5YTEMbnYw3fQN99xKCQ,R07rb3FN2QoRIbB6r6HDxQ,5.0,2011-07-29 19:42:30,evening,4,0,1,long,high,Kenner,Breakfast & Brunch,1,0,0
cLpT9ZCzgr7H6BWqDRs2Og,lsGZzXIJbjrWtcFGLAW5sw,5.0,2011-07-29 20:55:59,evening,4,0,1,long,high,Nashville,American (New),2,1,1
60RKNAZwY5EUooJf624aKw,zVoxVPHEt11_0GzqNuT2ZQ,4.0,2011-07-29 21:23:18,evening,4,0,1,long,high,Saint Louis,Restaurants,2,1,0
8pD-h427Y_aDcPxhDR7z8g,C1D2o1VV2TDjpkG3BsdseA,4.0,2011-07-29 21:23:51,evening,4,0,1,long,high,Nashville,Tex-Mex,1,1,1
lT0jFHCIloX3bnF5eu0ERg,7mpYTDb24SywNMRn3yeakQ,4.0,2011-07-29 22:00:17,evening,4,0,1,medium,high,Philadelphia,Event Planning & Services,2,1,1
X1nvKXUJ5Lp3W9Oe-_JrMQ,RrqRin8BYGrTlJbCDwtLzA,5.0,2011-07-29 23:14:23,evening,4,0,1,long,high,Philadelphia,Delis,1,1,0
X1nvKXUJ5Lp3W9Oe-_JrMQ,mpVZG520RL-K1YeQi55ZPg,2.0,2011-07-29 23:26:01,evening,4,0,1,medium,high,Philadelphia,Burgers,1,1,0
1i4YvXLh5c-z7ayYlAUOJw,3OGzmGqWwsyGLkhnxrA9Pw,3.0,2011-07-30 06:14:36,night,5,1,1,long,high,Tampa,Pizza,2,1,0
T7zDIwRFAKvinm8OEGNN4A,ndJrd9xvEhtLHNmoGkC2sg,2.0,2011-07-30 12:15:54,morning,5,1,0,long,high,Brentwood,Chicken Wings,2,1,1
3hANLGwpP5tXgHOes2XheA,F2C5ENuY8CXfgoW-gAMdDA,3.0,2011-07-30 14:31:36,afternoon,5,1,1,long,high,Indianapolis,Bars,2,1,1
q5g3dj7DJAPks8p4vZUsHA,0l0R_1x2RC8pEwP-OG6UxA,3.0,2011-07-30 17:12:31,afternoon,5,1,0,medium,high,TAMPA,Restaurants,2,0,0
mGUYWSFpmVvDQTLDvkzk4w,M0Cb0ufPxOSHSrZAKMmUmg,5.0,2011-07-31 13:07:49,afternoon,6,1,0,medium,high,New Port Richey,Restaurants,1,0,1
1ypK74Sr0QmsJ8IZG8v0cQ,F2C5ENuY8CXfgoW-gAMdDA,5.0,2011-07-31 15:46:53,afternoon,6,1,1,medium,high,Indianapolis,Bars,2,1,1
FAxwG5UGRi0fIIIWJq7eEg,P_x9fEz8efemqOIV46S0tg,4.0,2011-07-31 17:12:55,afternoon,6,1,0,long,high,St Petersburg,Bars,2,1,1
GdGGZo98_xRwbrZiYRP1ew,i5RDTd_k-D3wV-k3nkX6OQ,2.0,2011-07-31 17:39:46,afternoon,6,1,1,medium,high,Chesterfield,Delis,2,1,1
QLPylO8wa5C4XeY4LhGUuw,Ety2Z0CImO6FYDV6L5Ahkw,5.0,2011-07-31 21:06:26,evening,6,1,0,medium,high,Lansdale,Thai,2,0,0
X0Bmllln5u8i37-Fo8leVg,_cndcbuaqSRW5f-MeZasNw,3.0,2011-08-01 01:22:09,night,0,0,1,long,high,Nashville,Steakhouses,2,1,0
8VNmuYmFboXleIFf-stnFg,plobBsTtVUODb353xxFT_g,4.0,2011-08-01 01:25:39,night,0,0,0,long,high,Reno,Sushi Bars,2,1,0
aHl-3UItyhhS9P40Nr9EaA,ZB8fLbDH2gK2Ms2LqlqPWw,4.0,2011-08-01 01:26:03,night,0,0,1,medium,high,Tucson,Grocery,2,0,0
61FNJUiDqXReViksOYiILQ,3kiB39JzdovdlOhQj-nMCw,3.0,2011-08-01 01:34:37,night,0,0,1,medium,high,Philadelphia,Restaurants,1,1,0
q5g3dj7DJAPks8p4vZUsHA,dIpTuL2T1L98GQGU17IeSw,5.0,2011-08-01 01:43:15,night,0,0,0,medium,high,Tampa,Bars,2,1,1
z9sL9d4kfAiQeGJ1dGmBng,dSPA4yql9vUwnYRxHiVtHA,3.0,2011-08-01 02:28:11,night,0,0,1,long,high,Philadelphia,Sushi Bars,2,0,1
IpLRJY4CP3fXtlEd8Y4GFQ,d_tRshM-w6S4QxE4VVi8tQ,3.0,2011-08-01 02:34:34,night,0,0,1,long,high,Philadelphia,American (New),2,1,0
eWu1xPt52B-yMZmIyBIUsw,xS4DRl1z2mQQgBUdJwzsjA,5.0,2011-08-01 03:30:39,night,0,0,1,long,high,Saint Louis,Cafes,1,0,1
_YBX0Fy9pI0ktOQ9RtFhAg,D73evJ9PZKxO3E5TaThe3w,4.0,2011-08-01 12:49:43,morning,0,0,1,long,high,New Orleans,Tex-Mex,2,1,1
_YBX0Fy9pI0ktOQ9RtFhAg,jDCk9DEwSS_TamliID4QuQ,4.0,2011-08-01 12:57:48,morning,0,0,1,long,high,Kenner,Bakeries,1,0,0
yR6Y6PIGwzBy2qFoL6O3BA,1gWUE5Avh_pswlHhf813EQ,2.0,2011-08-01 13:57:31,afternoon,0,0,1,medium,high,Greenwood,Restaurants,1,1,0
eTvp_hYnsrI5-ow_sQ31_g,lyFk5UsYV-qWEuv9lJZ06g,4.0,2011-08-01 14:05:12,afternoon,0,0,1,long,high,Saint Louis,Ice Cream & Frozen Yogurt,1,0,0
exDOIbSQ2S5hSwewrs1MVw,ZGErYinCaYR5UjTzovAZbw,5.0,2011-08-01 14:19:33,afternoon,0,0,1,long,high,Downingtown,Nightlife,2,1,1
Zsucq1c-sjuGxs5jZuUEEg,yLIn3po-fKb0T3UIoJdiyQ,5.0,2011-08-01 17:01:02,afternoon,0,0,1,long,high,Edmonton,Italian,2,1,1
nDvQAlraWcKds2XJLS2GkA,Mha77MN_BYGB-w7DONZ5YA,1.0,2011-08-01 18:06:55,afternoon,0,0,0,medium,high,Tampa,Peruvian,1,0,0
riWDgbauId8TK7YFVgMNJw,b7YJrFZWZdI2C5-9nZvVdw,3.0,2011-08-01 18:51:53,afternoon,0,0,1,medium,high,New Orleans,Specialty Food,2,1,1
JxA595MQSkNqzSfMXYWatw,ttf_uOUNmuVIU-tlqabrIA,4.0,2011-08-02 13:41:36,afternoon,1,0,1,medium,high,Kenner,Health Markets,1,0,0
rL5uMarIYnEMgDr09pafqg,SSZDGl2J-CEyIzuIbEiYNQ,3.0,2011-08-02 14:57:32,afternoon,1,0,1,long,high,Saint Louis,Bars,2,1,0
KnPrhgAtSuUEA4PYSLFDVg,dSPA4yql9vUwnYRxHiVtHA,2.0,2011-08-02 16:31:44,afternoon,1,0,1,medium,high,Philadelphia,Sushi Bars,2,0,1
nLOF2qXMJfTbbcVtDo8oZA,SlGNxQI23jc9iTZNTs_I3g,2.0,2011-08-02 17:12:20,afternoon,1,0,1,medium,high,Exton,Restaurants,2,1,1
cUk4n3GMShdIr5pLyt9PFQ,INWHqjudS0vDcVKlHyz69A,4.0,2011-08-02 19:00:34,evening,1,0,1,long,high,Drexel Hill,Event Planning & Services,2,0,1
JTqQ9C9S2Qc8_aHtO1965g,HTqXI5S2XcSlh_ylx9sE6g,2.0,2011-08-02 20:32:50,evening,1,0,1,long,high,Philadelphia,Food,2,0,0
qA_8SkGk6ub8nTjoY1q6Cw,NUGu31Ou05hGdZ1YPhVdNA,4.0,2011-08-02 22:50:11,evening,1,0,1,medium,high,Indianapolis,Shopping,2,0,0
qA_8SkGk6ub8nTjoY1q6Cw,oThWInL6gUCt2d98fSIAfA,2.0,2011-08-02 22:58:56,evening,1,0,1,medium,high,Fishers,Restaurants,2,1,1
LruOyCDYa-hfSwJkOt46VA,dSPA4yql9vUwnYRxHiVtHA,4.0,2011-08-02 23:32:26,evening,1,0,1,medium,high,Philadelphia,Sushi Bars,2,0,1
LruOyCDYa-hfSwJkOt46VA,Q-prSTdggNlxAEFV88BZOw,4.0,2011-08-02 23:38:09,evening,1,0,1,long,high,Philadelphia,Beer,2,1,1
DrPyJ2RO1VxF2BejN3Bvig,ltBBYdNzkeKdCNPDAsxwAA,3.0,2011-08-03 04:39:32,night,2,0,1,long,high,Nashville,Cocktail Bars,2,1,0
6YhsP22QqgDgA8PnLigQkw,OHzX-ZD9qyoeoxR8Z0dlIA,5.0,2011-08-03 11:20:06,morning,2,0,0,long,low,Philadelphia,Restaurants,2,1,1
6YhsP22QqgDgA8PnLigQkw,EtKSTHV5Qx_Q7Aur9o4kQQ,2.0,2011-08-03 11:44:59,morning,2,0,0,long,low,Philadelphia,Bars,2,1,1
q5g3dj7DJAPks8p4vZUsHA,-lhHSR1Aws4CyYC1XOPVTw,3.0,2011-08-03 14:50:33,afternoon,2,0,0,medium,high,Tampa,Greek,2,1,1
03F1c27jkAikld3z5tSdpQ,GBTPC53ZrG1ZBY3DT8Mbcw,4.0,2011-08-03 15:14:07,afternoon,2,0,1,long,high,New Orleans,German,2,1,0
yb5coZxxqLeq3Aweu3ORdA,Llu8_Lx2DFthmr99_eiOLA,4.0,2011-08-03 21:06:01,evening,2,0,1,medium,high,Saint Louis,Bakeries,1,1,0
yb5coZxxqLeq3Aweu3ORdA,_PRReGRG73wT8edwsfWbuQ,4.0,2011-08-03 23:35:47,evening,2,0,1,long,high,Saint Louis,Food,2,0,0
03F1c27jkAikld3z5tSdpQ,j8JOZvfeHEfUWq3gEz6ABQ,4.0,2011-08-04 01:37:09,night,3,0,1,medium,high,New Orleans,Jazz & Blues,2,1,1
RMrWegRjr3gn_g7fOLxHRA,mtGTna-hyFhErb4Zma32IA,4.0,2011-08-04 02:09:02,night,3,0,1,long,high,Glenside,Diners,1,0,1
mWamaq-Awy6tf7U4bCtT1A,3ZynJ94VpIdDlaArmEp2Rg,4.0,2011-08-04 02:33:34,night,3,0,1,short,high,Philadelphia,Food,2,0,1
2xWGCfc2GeTEaspPPPKSOA,SlGNxQI23jc9iTZNTs_I3g,2.0,2011-08-04 13:37:12,afternoon,3,0,1,long,high,Exton,Restaurants,2,1,1
jYknm57qpeZzTueiVIYTOA,K8b2MQ5Az59-nzvqUfjJEQ,3.0,2011-08-04 14:35:31,afternoon,3,0,1,long,high,Philadelphia,American (New),3,0,0
pArrklxdwi3WaZxqezbSBw,GV-e7Op4aU98xkjjoKlRhA,1.0,2011-08-04 16:34:03,afternoon,3,0,0,long,high,Saint Louis,Basque,2,1,1
pArrklxdwi3WaZxqezbSBw,SNQ8sn7R9_e92GWKMCNSgg,4.0,2011-08-04 16:47:24,afternoon,3,0,0,long,high,Saint Louis,Fast Food,1,0,0
FVzA-5cUVRYttsv5aFOqQA,w520vYWEpEYBf90rSr9NVA,5.0,2011-08-04 18:27:18,afternoon,3,0,1,medium,high,Nashville,Thai,2,0,1
Xw7ZjaGfr0WNVt6s_5KZfA,Q_Wo3rX84Dy-YdQsiDmrWw,3.0,2011-08-04 20:33:45,evening,3,0,1,long,high,New Orleans,Jazz & Blues,2,1,1
EMMKdK1cGrLSo08wgSYHJQ,dERS4qwl9v-Gwft-Ug8APA,4.0,2011-08-04 22:41:06,evening,3,0,1,long,high,Jenkintown,Restaurants,2,0,1
MTd-2hIbsAg8_r0qSoHqMQ,pafrjSu3h0v0N8GR3ghNtQ,5.0,2011-08-05 00:27:30,night,4,0,0,medium,high,Indianapolis,Cajun/Creole,1,0,1
UXcOSMHZM2RPWTgjQbKDJg,toMVWIsPJmS7-LiLAf2AfA,4.0,2011-08-05 14:35:08,afternoon,4,0,1,long,high,Philadelphia,Food,2,1,0
V9n2Qyr-dvNg00BwMWqquQ,OHzX-ZD9qyoeoxR8Z0dlIA,4.0,2011-08-05 18:28:56,afternoon,4,0,1,long,high,Philadelphia,Restaurants,2,1,1
60RKNAZwY5EUooJf624aKw,Uy0r4bzRmY5LFtDfzNgkag,1.0,2011-08-05 20:11:37,evening,4,0,1,long,high,University City,Mexican,2,1,0
k9E3YPbXMzGvA6IaLX1wAQ,-pRU97z3uPU_M7yUf5yzMg,5.0,2011-08-06 14:38:57,afternoon,5,1,1,medium,high,Tucson,Event Planning & Services,2,1,0
mDyU8vgxCqqcdmf7SBoA5Q,5cpiSREZioyiHVHXJ9WRqA,5.0,2011-08-06 20:27:52,evening,5,1,1,long,high,Nashville,Restaurants,1,0,0
P9hbcVoZIPKF4gV8KH427A,cXSyVvOr9YRN9diDkaWs0Q,4.0,2011-08-07 00:20:37,night,6,1,1,long,high,Philadelphia,Southern,2,1,1
8wQIoFapkegkC5fcVYg_Iw,oqtsxtnbyAlFiDGAKwUOqQ,3.0,2011-08-07 02:43:37,night,6,1,1,long,high,Burlington,Diners,2,0,0
JUT0U3HTSB3kz9Wh7N0GqA,CA5BOxKRDPGJgdUQ8OUOpw,5.0,2011-08-07 06:32:42,night,6,1,1,long,high,Tucson,Grocery,2,1,1
DJp-RvWsIyX9z-8SN2N7Ag,I5KZm-NnxYeEQsmp6nK5_w,3.0,2011-08-07 22:06:31,evening,6,1,1,long,high,Philadelphia,Food,2,1,1
kDeyHdQGVGdqYM11Q6lMTA,pNu5bd9aL3jcJClfdQ86MQ,4.0,2011-08-08 00:23:01,night,0,0,1,long,high,St Louis,Mediterranean,2,1,1
-ZHlPAvlVdgtiu6DiCq7Yg,i7syG2Gyr_qVPR1GwehzuA,4.0,2011-08-08 15:14:57,afternoon,0,0,1,long,high,Indianapolis,Restaurants,3,1,0
ZdODEy4O0-nPdPKwkdQkdw,IZmCSGeXLCB-Y2UvJrvr-A,4.0,2011-08-08 17:15:50,afternoon,0,0,1,long,high,New Orleans,Salad,2,1,0
qc3DJxkOfxKH6zcVlAPofA,vN6v8m4DO45Z4pp8yxxF_w,5.0,2011-08-09 12:24:02,morning,1,0,1,medium,high,New Orleans,Vegetarian,2,1,0
i84YDhPbxtq9F8ipmtR5vg,B-DiQpcSTJ7oMMnwzbAGTQ,4.0,2011-08-09 22:57:11,evening,1,0,1,medium,high,Philadelphia,Thai,1,0,0
cAl0Xqh_PFiMJl10ZlcDIg,osOONoA8wMF5ZpLWUS7VOw,4.0,2011-08-10 18:01:20,afternoon,2,0,1,medium,high,Indianapolis,Breakfast & Brunch,1,0,1
MEa1LSKvSjs8-wZdEpa0hA,7EhTT4iEuA7JaaWA-eI3Qw,3.0,2011-08-11 18:14:18,afternoon,3,0,0,long,high,Pinellas Park,Food,1,0,1
TINJU5ib4OMlCL07JqYGhA,rDO6cfeiC3X1FATlNJW-wA,4.0,2011-08-11 18:22:09,afternoon,3,0,1,long,high,New Orleans,Candy Stores,2,0,0
UIfrDcxG6JqZKBjOG3xQ-Q,Ey0t4U6yqtxCeMaGPf7GcA,5.0,2011-08-11 22:12:27,evening,3,0,0,medium,high,Santa Barbara,German,2,1,0
88Ij88GMC7tcIegOicRdYA,-ATiAtTikuGuqvaW2O6tNA,2.0,2011-08-14 14:25:17,afternoon,6,1,1,long,high,Philadelphia,Sandwiches,2,1,1
lvrLf7yb4QD9JIKdIXaFTQ,oThWInL6gUCt2d98fSIAfA,3.0,2011-08-17 04:11:27,night,2,0,1,long,high,Fishers,Restaurants,2,1,1
gdE08fH1krgdIykCyWUj1A,JUlsvVAvZvGHWFfkKm0nlg,4.0,2011-08-24 21:27:59,evening,2,0,0,medium,high,Philadelphia,Mexican,2,1,1
HuoP7ejN-LSwkO1UIgmtaw,zVoxVPHEt11_0GzqNuT2ZQ,4.0,2011-08-25 01:22:34,night,3,0,1,long,high,Saint Louis,Restaurants,2,1,0
z67oNAZR_uHG84k3Dntckg,14ZGwnDyydXdSBsLXpSUrA,3.0,2011-08-25 01:43:58,night,3,0,1,long,high,Philadelphia,Vietnamese,2,1,1
Uk3X2AypU8AqvcYEVf7s6Q,eL4lyE7LNoXEMvpcJ8WNVw,3.0,2011-08-25 16:14:24,afternoon,3,0,1,long,high,Santa Barbara,Bars,2,1,1
wAgg_B9OQzL8_UF8ozu1eQ,vuAI70USd3my2Kb9_9zajw,4.0,2011-08-25 16:42:16,afternoon,3,0,1,long,high,Saint Louis,Restaurants,2,1,1
DJp-RvWsIyX9z-8SN2N7Ag,3kiB39JzdovdlOhQj-nMCw,4.0,2011-08-25 17:46:26,afternoon,3,0,1,medium,high,Philadelphia,Restaurants,1,1,0
qjkOmSEFFEeWVTtsIl0aAw,zVoxVPHEt11_0GzqNuT2ZQ,5.0,2011-08-25 18:36:29,afternoon,3,0,1,long,high,Saint Louis,Restaurants,2,1,0
mswloq-IjRr9yXLhBqBPAw,htO_nlxkEsYHzDrtbiUxew,3.0,2011-08-26 03:02:40,night,4,0,1,medium,high,Philadelphia,Restaurants,1,0,0
0du93EkEwKuxRG_x6hqVUg,720J1v3TX-J95cdTJbCpKA,2.0,2011-08-26 13:11:51,afternoon,4,0,1,long,high,Nashville,Sushi Bars,2,1,0
56gp5RUwFLckqvph8E5R3A,zVoxVPHEt11_0GzqNuT2ZQ,4.0,2011-08-26 14:03:56,afternoon,4,0,1,long,high,Saint Louis,Restaurants,2,1,0
USD9k93iOIB88v93B5iBcw,mUIBtlWNPD7sz3rGGWQ1RA,5.0,2011-08-26 15:46:52,afternoon,4,0,1,medium,high,Philadelphia,Mediterranean,2,0,1
Zsucq1c-sjuGxs5jZuUEEg,kPG6r0h73sPgXBei0MyzYg,4.0,2011-08-26 17:00:04,afternoon,4,0,1,long,high,Edmonton,Restaurants,2,1,0
LruOyCDYa-hfSwJkOt46VA,JUlsvVAvZvGHWFfkKm0nlg,5.0,2011-08-26 19:40:03,evening,4,0,1,long,high,Philadelphia,Mexican,2,1,1
5k_g7SIrcVotE8tqNcQVOQ,gJvHJcDBnrcIKDGo9_-v5Q,2.0,2011-08-27 01:41:25,night,5,1,0,medium,high,Bala Cynwyd,Italian,3,1,0
iYXQCx7IWJslr_WTLjn6lw,mCo2uVTTGYrEhRrkQW-CMw,4.0,2011-08-27 15:05:45,afternoon,5,1,1,long,high,Philadelphia,Taiwanese,2,0,0
DwyevLE3RWfuBzgcJtRFyg,r1XrdSiWFp-CeZJ4ik7zoQ,5.0,2011-08-28 00:06:48,night,6,1,0,short,high,Wayne,Caterers,2,0,1
z9sL9d4kfAiQeGJ1dGmBng,NVN_23yYJDf_RAinqFICDA,5.0,2011-08-28 04:07:43,night,6,1,1,long,high,Philadelphia,Hot Dogs,1,0,0
lSJAz1la2MngxNqSFSmUsQ,F8yozE3NWnImNApHO347gQ,4.0,2011-08-28 17:38:28,afternoon,6,1,0,long,high,Philadelphia,Restaurants,2,1,1
XrFCag4AMW5qta9QXokWPA,Uy0r4bzRmY5LFtDfzNgkag,4.0,2011-08-28 17:56:17,afternoon,6,1,1,long,high,University City,Mexican,2,1,0
jAP_EiSAz9r3q7o3ZGAS8g,25btSWnOGwwB2IQMXF7A-A,4.0,2011-08-28 22:00:48,evening,6,1,1,medium,high,Wilmington,Grocery,2,0,0
VEj1OuO6QrQMXFhuMZJ8cQ,cXSyVvOr9YRN9diDkaWs0Q,5.0,2011-08-29 00:59:20,night,0,0,1,short,high,Philadelphia,Southern,2,1,1
ouODopBKF3AqfCkuQEnrDg,y9yUyB9qldKaibuhJkC39w,5.0,2011-08-29 03:22:18,night,0,0,1,medium,high,Wayne,Flowers & Gifts,2,0,0
2dbTm5EscZT4kso6x1V5BA,p3Vbzk03kNiI0tr181qamA,4.0,2011-08-29 03:31:49,night,0,0,1,long,high,Indianapolis,American (New),2,1,1
jAP_EiSAz9r3q7o3ZGAS8g,mtowE4p6gOgyGrHAsMz-rg,3.0,2011-08-29 04:22:45,night,0,0,1,short,high,Wilmington,Food,1,0,1
56gp5RUwFLckqvph8E5R3A,_PRReGRG73wT8edwsfWbuQ,4.0,2011-08-29 13:25:03,afternoon,0,0,1,long,high,Saint Louis,Food,2,0,0
iPkdNziqnhNukjnmsrSzmg,IFKCqDKdrAOtph_TEi8ycw,4.0,2011-08-29 15:27:25,afternoon,0,0,1,long,high,Saint Louis,Sports Bars,1,1,1
UEIOT1JdvCDIXLN8dQIiGg,Y0JF1UN7pfWJ-GuzuVXM0g,3.0,2011-08-29 15:56:01,afternoon,0,0,1,medium,high,New Orleans,Restaurants,2,1,1
FVzA-5cUVRYttsv5aFOqQA,4oh1vo3mQwhJ7lC3gtw73w,5.0,2011-08-29 21:02:43,evening,0,0,1,medium,high,Nashville,Active Life,2,0,0
FVzA-5cUVRYttsv5aFOqQA,kHuIRfZq3aadONNFO0vEnQ,3.0,2011-08-29 22:07:43,evening,0,0,1,medium,high,Mt Juliet,Comfort Food,2,1,1
vffKQc_WQMYFGY4JS5VAOw,lZEYIL95hZsZS0vgaoR2aQ,3.0,2011-08-29 23:15:02,evening,0,0,1,medium,high,Tampa,Sandwiches,2,1,1
8JaJl5ZRMT4o2q10DVIZGg,XQnb4KnTqO-QdvEFYpcwAA,3.0,2011-08-30 03:00:00,night,1,0,1,short,high,Westwego,Restaurants,1,0,0
TES0PPhg-9jaFj9v28M0cw,2KIDQyTh-HzLxOUEDqtDBg,5.0,2011-08-30 04:40:16,night,1,0,1,long,high,Saint Petersburg,Specialty Food,2,1,0
GG0mFsEXb-02_dzFPqRV1Q,sdWuLh-auc0nC2Jy6_26AQ,4.0,2011-08-30 15:04:01,afternoon,1,0,1,long,high,Philadelphia,Bars,2,1,0
5vIQn1_g5_mXgDoas30KXg,iCKF72z3fqRTF1vxdBZINQ,4.0,2011-08-30 19:01:39,evening,1,0,1,medium,high,Nashville,American (Traditional),2,1,1
5vIQn1_g5_mXgDoas30KXg,5cpiSREZioyiHVHXJ9WRqA,5.0,2011-08-30 20:59:40,evening,1,0,1,long,high,Nashville,Restaurants,1,0,0
VTHNbsEN_tmd7_--2Wv6LQ,IYlUaKC9nICjiWdk-ShPlg,3.0,2011-08-30 21:36:07,evening,1,0,1,long,high,Carmel,Restaurants,2,1,1
_BcWyKQL16ndpBdggh2kNA,bFO_XYnYMDF1GMY9LK3oxQ,5.0,2011-08-30 22:26:25,evening,1,0,1,long,high,Philadelphia,Seafood Markets,2,0,0
tw7FIwLw8-GqiuqxJ7A2pg,V8H6z5ulGJEkaFUyRfmLKw,1.0,2011-08-31 02:37:34,night,2,0,1,short,high,Madeira Beach,Seafood,2,1,1
0MJ5sKX5uq7Ma5hbl4l3BQ,lRbHFOIFuusN2WOR_ypQ_A,2.0,2011-08-31 13:33:17,afternoon,2,0,1,long,high,Philadelphia,Restaurants,2,0,0
0du93EkEwKuxRG_x6hqVUg,NT5S6JV5wPwKOd3s3Yh1zQ,5.0,2011-08-31 20:11:07,evening,2,0,1,long,high,Nashville,Restaurants,2,1,0
khvn7hhX08g33N5niO676w,-y5vYOsyL4bSFxeOtQtYbg,5.0,2011-08-31 21:03:32,evening,2,0,0,long,high,Tucson,Delis,2,1,1
ytqI9hBiB17L2nUCYbuI5Q,F-vfI049swuwDR7HMOW1Fg,4.0,2011-08-31 23:05:18,evening,2,0,0,long,high,Fishers,Mexican,2,1,1
FVzA-5cUVRYttsv5aFOqQA,C1D2o1VV2TDjpkG3BsdseA,4.0,2011-08-31 23:54:03,evening,2,0,1,medium,high,Nashville,Tex-Mex,1,1,1
5dYduxPNouuR5SI3V1OtCw,BrYoQyygyIb-FsVJ0AMpLg,4.0,2011-09-01 02:27:52,night,3,0,1,long,high,Nashville,Local Flavor,2,0,0
MdUimpfJQHijcy1DZu-r4A,EtKSTHV5Qx_Q7Aur9o4kQQ,3.0,2011-09-01 03:01:36,night,3,0,1,medium,high,Philadelphia,Bars,2,1,1
mJy-5ShuwwYRayxRtl6xxA,SLreQZjicOqB_7MCfJ8MdQ,3.0,2011-09-01 06:24:15,night,3,0,1,long,high,Tucson,Restaurants,2,0,1
HQG3no8C5U31z-k1MaYCqQ,_PRReGRG73wT8edwsfWbuQ,4.0,2011-09-01 13:11:46,afternoon,3,0,1,long,high,Saint Louis,Food,2,0,0
lYQk0R6sPfo3WeX-l_5BuA,vD2jzpPv4iyOLKzITscGvA,4.0,2011-09-01 18:14:46,afternoon,3,0,1,long,high,Saint Louis,Wine Bars,3,1,1
bYENop4BuQepBjM1-BI3fA,IFKCqDKdrAOtph_TEi8ycw,4.0,2011-09-01 21:26:15,evening,3,0,1,long,high,Saint Louis,Sports Bars,1,1,1
1HM81n6n4iPIFU5d2Lokhw,vN6v8m4DO45Z4pp8yxxF_w,4.0,2011-09-02 20:14:39,evening,4,0,1,long,high,New Orleans,Vegetarian,2,1,0
wfi0T-xq_P5sKQvwQitlYg,-ui0RWrHmm4DQPFMVh2_Yw,3.0,2011-09-03 02:12:22,night,5,1,1,long,high,Edmonton,Japanese,2,1,0
mJy-5ShuwwYRayxRtl6xxA,-pRU97z3uPU_M7yUf5yzMg,3.0,2011-09-03 02:17:27,night,5,1,1,long,high,Tucson,Event Planning & Services,2,1,0
nlQGyti20c07rpTSYYoNZQ,7EhTT4iEuA7JaaWA-eI3Qw,4.0,2011-09-03 02:42:33,night,5,1,0,long,high,Pinellas Park,Food,1,0,1
fJ8VAC3EuN4OEoh-WzL2Og,SySSMQNIfXN4KZyMtEukEw,4.0,2011-09-03 16:50:52,afternoon,5,1,0,long,high,Tampa,Steakhouses,3,1,0
DJp-RvWsIyX9z-8SN2N7Ag,Bw0cpnfI-Y9QmjWzqS-oFg,3.0,2011-09-03 18:04:05,afternoon,5,1,1,long,high,Philadelphia,Restaurants,2,0,1
bA7aFsC0q_XIh7BOrYbgnA,bT3pKLDsjk7JKfbVaHf9Lw,4.0,2011-09-04 03:18:27,night,6,1,1,medium,high,Hermitage,Food,1,1,0
FqYiCra6wbBpN_jTWpaOAg,mpVN_c2VeliyNcljZFgUSg,4.0,2011-09-04 04:49:31,night,6,1,1,medium,high,Holland,Diners,2,0,0
EP8o8JnQSI0WEkeodwA8lA,mzZ_WTb2zvyJMBkm84B-WA,4.0,2011-09-04 05:33:35,night,6,1,1,long,high,Metairie,Donuts,2,1,0
T7zDIwRFAKvinm8OEGNN4A,pSmOH4a3HNNpYM82J5ycLA,2.0,2011-09-04 05:41:35,night,6,1,0,long,high,Nashville,Restaurants,2,1,0
T7zDIwRFAKvinm8OEGNN4A,1Pxg1AMf0rEn9QF__ZYoWw,3.0,2011-09-04 05:57:28,night,6,1,0,medium,high,Nashville,Japanese,2,1,0
h4ZqDUqVcektL45xG4QDew,jQBPO3rYkNwIaOdQS5ktgQ,4.0,2011-09-04 07:22:24,morning,6,1,1,long,high,Saint Louis,Ice Cream & Frozen Yogurt,2,1,0
-THLGnsYKu3yQAsy_tt1fw,Kzf6VUWTKtSBd4OWUfwlkg,5.0,2011-09-04 17:02:29,afternoon,6,1,1,medium,high,New Palestine,Hot Dogs,1,0,1
-ZHlPAvlVdgtiu6DiCq7Yg,McQo2QJGt1BI9oPu6KLDjg,5.0,2011-09-04 22:27:09,evening,6,1,1,short,high,Indianapolis,Specialty Food,2,0,0
FqYiCra6wbBpN_jTWpaOAg,dBCNUSbz5-8nQNrxWo5deg,5.0,2011-09-05 04:44:19,night,0,0,1,long,high,Southampton,Restaurants,2,1,0
FqYiCra6wbBpN_jTWpaOAg,H-8Z-HoiattyFaZSv6M2XA,1.0,2011-09-05 13:35:49,afternoon,0,0,1,long,high,Southampton,Sports Bars,1,1,0
BSwdigoJugbFKFBoocJorQ,-kGUmgyeYcNDcuEr4FoVeA,5.0,2011-09-05 20:18:39,evening,0,0,1,medium,high,Sparks,Pizza,2,1,1
5vIQn1_g5_mXgDoas30KXg,iCKF72z3fqRTF1vxdBZINQ,5.0,2011-09-05 23:56:52,evening,0,0,1,medium,high,Nashville,American (Traditional),2,1,1
q5g3dj7DJAPks8p4vZUsHA,bjl2Xtm9kCWsCqz0OkS75g,2.0,2011-09-06 00:33:08,night,1,0,0,short,high,Tampa,Sandwiches,1,1,1
kX8VElJe7Pj-cJ-yZAzHdA,Q-prSTdggNlxAEFV88BZOw,4.0,2011-09-06 15:50:55,afternoon,1,0,1,long,high,Philadelphia,Beer,2,1,1
dqucQwA-CHWhUczwqIxKKg,fnO03-RX7UDC1TzXETWEsQ,3.0,2011-09-06 23:39:56,evening,1,0,1,short,high,Media,Restaurants,2,1,1
i84YDhPbxtq9F8ipmtR5vg,oaboaRBUgGjbo2kfUIKDLQ,4.0,2011-09-07 00:43:02,night,2,0,1,medium,high,Nashville,Ice Cream & Frozen Yogurt,2,0,0
Hxx8FmhpxiugIrGRh8RDOg,MHqeqoJEjsTHivmuXOW4iQ,4.0,2011-09-07 13:28:57,afternoon,2,0,1,long,high,Saint Louis,Wine Bars,2,1,1
JTqQ9C9S2Qc8_aHtO1965g,04UD14gamNjLY0IDYVhHJg,4.0,2011-09-07 15:23:46,afternoon,2,0,1,medium,high,Philadelphia,Mediterranean,2,1,0
1HM81n6n4iPIFU5d2Lokhw,sGbjViru0iJfxH5cBpMeHQ,2.0,2011-09-07 21:15:53,evening,2,0,1,long,high,New Orleans,Vietnamese,2,1,0
Oi1qbcz2m2SnwUeztGYcnQ,c7OfNRMIqAhtNOMEat3Rbg,4.0,2011-09-08 13:17:09,afternoon,3,0,1,long,high,Newtown Square,Italian,2,0,1
uUcNCwf86aea7F9AGFBJNQ,9gObo5ltOMo6UgsaXaHPWA,4.0,2011-09-08 19:53:54,evening,3,0,0,medium,high,Philadelphia,American (New),3,1,0
6UsMM-rKqm2tMju0RTGnOQ,E1gf1YIWOo1BgzMUwJtEZg,5.0,2011-09-09 00:53:15,night,4,0,1,medium,high,Philadelphia,Pizza,1,1,1
TES0PPhg-9jaFj9v28M0cw,TV81bpCQ6p6o4Hau5hk-zw,2.0,2011-09-09 05:49:27,night,4,0,1,long,high,Tarpon Springs,Food,2,1,1
VEj1OuO6QrQMXFhuMZJ8cQ,WFRro-8uIBpKoJ1VSKrpdw,4.0,2011-09-13 02:15:31,night,1,0,1,long,high,Philadelphia,Ice Cream & Frozen Yogurt,1,0,0
cPN4Kkk6UDTXCynsp_-7KQ,I5KZm-NnxYeEQsmp6nK5_w,4.0,2011-09-26 02:09:53,night,0,0,0,long,high,Philadelphia,Food,2,1,1
RRsbPGYyKJ3zqMMkzcHZaQ,C_EtrXTygRX5RTUOKtO6Dg,3.0,2011-09-26 02:31:58,night,0,0,1,medium,high,Philadelphia,Nightlife,2,1,1
RRsbPGYyKJ3zqMMkzcHZaQ,bSWL0YxfawjS03_g2kgujA,3.0,2011-09-26 02:41:04,night,0,0,1,medium,high,Philadelphia,Sandwiches,1,1,1
wu8Qh6QzgdoFuXux59p8QA,nX-8oJQFZGVyLvjDCFAzXw,4.0,2011-09-26 14:06:22,afternoon,0,0,1,medium,high,Mount Laurel,Japanese,2,0,0
yPdPATvZ95l366Pp8nVzLQ,cx2fwY66_xTNFo0p2EEC4g,4.0,2011-09-26 15:58:02,afternoon,0,0,1,long,high,Media,American (New),2,1,1
yPdPATvZ95l366Pp8nVzLQ,cXSyVvOr9YRN9diDkaWs0Q,4.0,2011-09-26 16:35:06,afternoon,0,0,1,long,high,Philadelphia,Southern,2,1,1
Nxr5C4m0edwetAeRUacP6A,1Efad30BdOeqqjX2d6P4sw,5.0,2011-09-26 19:41:35,evening,0,0,1,long,high,Palm Harbor,Vegan,2,1,0
A3v4mtWlnaYZpHKKqzNhJg,HA-X-YkTt9K7c-fkhE-g4Q,4.0,2011-09-26 23:57:10,evening,0,0,1,long,high,Doylestown,Local Flavor,2,0,0
ytqI9hBiB17L2nUCYbuI5Q,e1jylvnhcMVr1ER8PO4dpA,3.0,2011-09-27 01:03:44,night,1,0,0,long,high,Indianapolis,Barbeque,2,0,1
quF5ORcDanGUIR5P3AsRQA,VJEzpfLs_Jnzgqh5A_FVTg,4.0,2011-09-27 02:07:51,night,1,0,0,long,high,Philadelphia,Soup,2,0,1
MR39Vmbfr3StG-Atok3tHA,HCqmx4ENAZ76SAjoalj-MQ,5.0,2011-09-27 12:56:27,morning,1,0,1,long,high,Franklin,Barbeque,2,1,0
2vgqdk3vuAM-LTRKxI9nfA,OQBgwnIHY7vOrbjft8RM8w,2.0,2011-09-27 13:25:25,afternoon,1,0,1,long,high,Saint Louis,Food,1,1,1
sh3V6hnNMLVV9YwFA9QNaw,qppGA9vCUPfw9ngOy_R90w,4.0,2011-09-27 13:41:43,afternoon,1,0,1,medium,high,Tampa,Restaurants,2,1,1
QqMvBqTuefFMJEJTWZV2Sg,TvyaZIcbjAgO-r8m3oz8sA,3.0,2011-09-27 16:48:18,afternoon,1,0,1,long,high,Fishers,American (Traditional),2,1,1
QqMvBqTuefFMJEJTWZV2Sg,p3Vbzk03kNiI0tr181qamA,4.0,2011-09-27 16:54:38,afternoon,1,0,1,long,high,Indianapolis,American (New),2,1,1
03F1c27jkAikld3z5tSdpQ,rQW9iupvhk6ScPn2VPNLVQ,5.0,2011-09-27 18:23:19,afternoon,1,0,1,long,high,Philadelphia,Food Trucks,1,0,0
tHsxcCUUQYkypUxssH48yg,0zf4KKZqbqoxiuKzeZLDdg,1.0,2011-09-27 22:00:05,evening,1,0,0,long,high,Philadelphia,Italian,1,0,0
6UsMM-rKqm2tMju0RTGnOQ,wITX_5zymQu_JVfn569Vpg,3.0,2011-09-28 01:08:29,night,2,0,1,medium,high,King of Prussia,Restaurants,2,0,0
6UsMM-rKqm2tMju0RTGnOQ,CJ3t6dw60CdpflWKe3b78Q,3.0,2011-09-28 01:45:24,night,2,0,1,long,high,Plymouth Meeting,Japanese,3,1,0
KXYRjdlgg-Gw7mwF22ZAJg,Z5po0aTuzKKblek5y6Sp8Q,2.0,2011-09-28 02:47:15,night,2,0,1,medium,high,Philadelphia,Food,2,0,0
m8q0X8bt7UAlawSjbG0c7Q,1_hDCN3iioFR3XnUr32ZtA,4.0,2011-09-28 13:38:18,afternoon,2,0,0,short,high,Saint Petersburg,Fast Food,1,1,1
mzL0zHFGyd9866OUljq49g,-t9AIWJbQbpVKTV8Xoa5fw,4.0,2011-09-28 17:19:44,afternoon,2,0,1,long,high,Upper Darby,American (New),2,0,1
A3v4mtWlnaYZpHKKqzNhJg,b8EjtNcEKDbR1ATUaKO7WA,4.0,2011-09-29 03:07:27,night,3,0,1,long,high,Doylestown,Event Planning & Services,2,0,1
ZOmHHLEYTXxxs3nWJhKoaA,1skzWN0fxGgZNRE53Y_3gw,3.0,2011-09-29 04:00:38,night,3,0,1,medium,high,Saint Louis,Breweries,2,0,0
S_gfT9oI-vVmp-LPBdHT1A,aG8XkIE_TMkr_QKSfaFBBg,5.0,2011-09-29 05:50:34,night,3,0,1,medium,high,Tucson,Coffee & Tea,1,0,0
mJy-5ShuwwYRayxRtl6xxA,-y5vYOsyL4bSFxeOtQtYbg,5.0,2011-09-29 06:41:32,night,3,0,1,long,high,Tucson,Delis,2,1,1
cFaHx-FkCnzdfF8BccukIg,citzbW-2MVEZRNBqpVO-Jw,3.0,2011-09-29 16:14:43,afternoon,3,0,0,long,high,Wilmington,American (Traditional),2,1,1
2LfozZiejXfQHcS52-Fv5w,R76nXl5oTep-d1ZGPZSimQ,3.0,2011-09-29 22:09:22,evening,3,0,1,long,high,Philadelphia,Restaurants,1,1,0
8ybqiIIq9AWe4AmrQEq8qA,zrd6bulYNAKhCdSVtJ8aXQ,4.0,2011-09-30 02:28:31,night,4,0,0,long,high,Sicklerville,American (Traditional),2,1,0
bGREVtD0aDERKe5k4d5Zkg,62pABDhLkUPAcNgxum_mpw,4.0,2011-09-30 02:34:24,night,4,0,1,long,high,Saint Louis,Restaurants,3,1,1
nLOF2qXMJfTbbcVtDo8oZA,qhsJbgxVNDb0973r3Gjrow,4.0,2011-09-30 13:38:35,afternoon,4,0,1,medium,high,Webster Groves,Nightlife,2,1,1
0E-IU4qDXps1MHQhNZx6vA,LH8R7UsbSQfvojE7xbgHJw,5.0,2011-09-30 16:36:12,afternoon,4,0,1,long,high,Greenwood,Ice Cream & Frozen Yogurt,1,0,0
_YBX0Fy9pI0ktOQ9RtFhAg,Y0JF1UN7pfWJ-GuzuVXM0g,3.0,2011-09-30 19:16:43,evening,4,0,1,medium,high,New Orleans,Restaurants,2,1,1
Z5uqR7U-s-YnSW67ak1XLw,D5V0Fawd6ODVgqCY8xngsw,3.0,2011-09-30 19:20:46,evening,4,0,0,medium,high,Philadelphia,Event Planning & Services,3,1,0
TES0PPhg-9jaFj9v28M0cw,2Cd4sRn-dI0OkoLxmTi3bg,1.0,2011-09-30 23:00:56,evening,4,0,1,long,high,Tampa,Breakfast & Brunch,2,1,1
TES0PPhg-9jaFj9v28M0cw,JOvNunKJlWhwJRwLmUR9ZA,4.0,2011-09-30 23:14:21,evening,4,0,1,long,high,St Petersburg,Bars,2,1,1
ouODopBKF3AqfCkuQEnrDg,-t9AIWJbQbpVKTV8Xoa5fw,4.0,2011-10-01 16:10:38,afternoon,5,1,1,medium,high,Upper Darby,American (New),2,0,1
1HM81n6n4iPIFU5d2Lokhw,jLerIZFpe25jOUf722qzBA,1.0,2011-10-01 18:31:09,afternoon,5,1,1,long,high,New Orleans,Coffee & Tea,2,1,1
VEj1OuO6QrQMXFhuMZJ8cQ,QWqKTWQ2OiDgo3dzNkpung,5.0,2011-10-01 21:09:20,evening,5,1,1,medium,high,Philadelphia,Korean,2,0,0
tx7RTGrlLKBG9c93lnio5Q,bSWL0YxfawjS03_g2kgujA,4.0,2011-10-01 22:07:09,evening,5,1,1,long,high,Philadelphia,Sandwiches,1,1,1
tx7RTGrlLKBG9c93lnio5Q,RrqRin8BYGrTlJbCDwtLzA,5.0,2011-10-01 22:13:33,evening,5,1,1,medium,high,Philadelphia,Delis,1,1,0
VFp9AYShu_C9T4QsHpM3yA,uWc9h19N2G8cR7Vo5blL8Q,4.0,2011-10-02 00:12:18,night,6,1,1,short,high,Tucson,American (New),1,0,0
kDeyHdQGVGdqYM11Q6lMTA,hXtXBZAP30-9dgxpzpBekQ,3.0,2011-10-02 04:18:41,night,6,1,1,long,high,Saint Louis,Thai,1,1,0
P9hbcVoZIPKF4gV8KH427A,hxEo_CKsmSMGXcHNLR9oow,4.0,2011-10-02 14:07:50,afternoon,6,1,1,long,high,Philadelphia,Food,1,1,1
EDP-WIrKO3JP6PKu5hrMEg,VJEzpfLs_Jnzgqh5A_FVTg,2.0,2011-10-02 16:46:53,afternoon,6,1,0,long,high,Philadelphia,Soup,2,0,1
z9sL9d4kfAiQeGJ1dGmBng,VRnJgj0IvxoksHppE78X2Q,2.0,2011-10-02 17:08:40,afternoon,6,1,1,long,high,Philadelphia,Dim Sum,2,1,0
tx7RTGrlLKBG9c93lnio5Q,MbKhuO-4uYPc0NRZDRWoew,4.0,2011-10-02 22:30:47,evening,6,1,1,long,high,Philadelphia,Restaurants,1,0,0
i84YDhPbxtq9F8ipmtR5vg,3sdlpskDaXr1P59BYjGoFw,4.0,2011-10-02 23:35:40,evening,6,1,1,medium,high,Philadelphia,Burgers,1,0,0
IsEqTj43_J253muXem2S0g,8-AIbFaP6GP9BwHZdclBog,5.0,2011-10-02 23:46:49,evening,6,1,0,medium,high,Cherry Hill,Specialty Food,3,0,0
Tzql1xnrk8BLS3-h7-eYTQ,G6qbByoO3QE-rft_1J94eQ,3.0,2011-10-03 00:10:01,night,0,0,1,long,high,Bridgeton,American (Traditional),2,1,0
v98WXw1EToiuPIxtE0aekQ,Qbxo9pb5yDsbD3GSuzYOjQ,2.0,2011-10-03 01:46:14,night,0,0,1,medium,high,Collingswood,American (New),2,0,0
v98WXw1EToiuPIxtE0aekQ,Aphp-EdFass877c-sWp5eg,3.0,2011-10-03 04:31:26,night,0,0,1,medium,high,Woodbury,Diners,2,1,1
1HM81n6n4iPIFU5d2Lokhw,oLc7k78_YcDMnMCdbC-h1A,2.0,2011-10-03 14:11:41,afternoon,0,0,1,long,high,New Orleans,American (Traditional),2,1,1
1HM81n6n4iPIFU5d2Lokhw,-If0ps0QhOLCYVWQWs9RYg,3.0,2011-10-03 14:27:13,afternoon,0,0,1,long,high,New Orleans,Restaurants,1,0,1
v98WXw1EToiuPIxtE0aekQ,cXSyVvOr9YRN9diDkaWs0Q,4.0,2011-10-03 15:55:18,afternoon,0,0,1,long,high,Philadelphia,Southern,2,1,1
v98WXw1EToiuPIxtE0aekQ,di5ihAL9VWoctHelY8kLTQ,4.0,2011-10-03 16:18:55,afternoon,0,0,1,medium,high,Philadelphia,Restaurants,2,0,0
F7oysaWequH7GB5f_pY2iA,zVoxVPHEt11_0GzqNuT2ZQ,5.0,2011-10-03 18:07:23,afternoon,0,0,0,medium,high,Saint Louis,Restaurants,2,1,0
yYAjnGg9nNcC98ri_0dk-w,d9vapPUlJCSSrltRRKO9ig,3.0,2011-10-03 23:52:52,evening,0,0,0,medium,high,Tampa,Korean,2,1,0
yYAjnGg9nNcC98ri_0dk-w,jcQ2ykQjVjSiVFf0EtH6eg,4.0,2011-10-04 00:00:36,night,1,0,0,short,high,Tampa,American (New),2,1,1
T4Pq2T8WGExBbFGX6XPpYQ,qppGA9vCUPfw9ngOy_R90w,4.0,2011-10-04 08:20:19,morning,1,0,1,long,high,Tampa,Restaurants,2,1,1
T4Pq2T8WGExBbFGX6XPpYQ,TghRoAMx43V-9l7mH-SENg,4.0,2011-10-04 09:20:17,morning,1,0,1,long,high,Clearwater Beach,Food,2,1,1
ie9VaHvAaQgjMJP3Gn-AQQ,ZyyExneJPXjci7yc2CGAPQ,5.0,2011-10-04 11:37:00,morning,1,0,1,long,high,Philadelphia,Coffee & Tea,1,0,1
ie9VaHvAaQgjMJP3Gn-AQQ,ngvE1G9IckUO-ljZBFo23w,5.0,2011-10-04 11:46:29,morning,1,0,1,long,high,Philadelphia,Indian,1,0,0
47oIw-CN1guUKx2_vUdsgw,jQBPO3rYkNwIaOdQS5ktgQ,4.0,2011-10-04 18:24:40,afternoon,1,0,1,long,high,Saint Louis,Ice Cream & Frozen Yogurt,2,1,0
Hn8O2RQijYIVLFNF5VPWTA,iVegX9epKU8R0eRAEwQ6Yg,4.0,2011-10-05 02:28:13,night,2,0,1,medium,high,New Orleans,Restaurants,2,1,0
2dbTm5EscZT4kso6x1V5BA,5FDt7sy-70y4_37Dh2qcbw,3.0,2011-10-05 18:47:46,afternoon,2,0,1,long,high,Indianapolis,Latin American,1,1,0
StZTVDuFzahNvjl5qu6l7Q,W4ZEKkva9HpAdZG88juwyQ,5.0,2011-10-05 23:25:03,evening,2,0,0,medium,high,New Orleans,Bars,3,1,0
quF5ORcDanGUIR5P3AsRQA,rQW9iupvhk6ScPn2VPNLVQ,3.0,2011-10-06 03:45:12,night,3,0,0,long,high,Philadelphia,Food Trucks,1,0,0
jklCtvLWbkuoBiw60i1g3g,T9n_LqUUhC2b1ALhg57Y5Q,4.0,2011-10-06 04:39:27,night,3,0,1,long,high,Bensalem,Steakhouses,2,1,0
mzL0zHFGyd9866OUljq49g,7mpYTDb24SywNMRn3yeakQ,3.0,2011-10-06 14:05:07,afternoon,3,0,1,long,high,Philadelphia,Event Planning & Services,2,1,1
pUNvLJwdJIOemOgU98mp1w,rKlPSPn0wF5tkCrWZzBnbA,2.0,2011-10-06 21:37:05,evening,3,0,1,medium,high,Audubon,Restaurants,2,1,1
z9uf9-0uX5Jh8-4Y5l2PQg,1DkolDhbc0kydORZCIp7Fw,4.0,2011-10-07 14:07:06,afternoon,4,0,1,medium,high,Philadelphia,Food Stands,1,1,1
0MJ5sKX5uq7Ma5hbl4l3BQ,1DkolDhbc0kydORZCIp7Fw,4.0,2011-10-07 17:49:46,afternoon,4,0,1,long,high,Philadelphia,Food Stands,1,1,1
veU-4bglmxVg0PtkZRBETg,8JoO_AUqcqjwHiMrRvaGIg,2.0,2011-10-09 03:55:31,night,6,1,1,medium,high,Saint Louis,Coffee & Tea,1,0,0
4wFZgzj4DXB3Mn7Q1WLhXg,1-z7wd860Rii4kbEMCT8DA,4.0,2011-10-10 19:43:20,evening,0,0,1,long,high,Boise,Breakfast & Brunch,2,1,0
LruOyCDYa-hfSwJkOt46VA,AbtYqoBGuvlWmR1gU0c3XA,2.0,2011-10-10 22:24:32,evening,0,0,1,long,high,Philadelphia,Food,2,1,0
cAl0Xqh_PFiMJl10ZlcDIg,LqF5QiIm89Ea9wtc0cdPCA,3.0,2011-10-11 02:26:57,night,1,0,1,long,high,Indianapolis,Dive Bars,1,1,1
-KduD3wwydWDq2GrODh2tw,IYlUaKC9nICjiWdk-ShPlg,3.0,2011-10-11 16:44:10,afternoon,1,0,1,medium,high,Carmel,Restaurants,2,1,1
0us9bFdds4rqm117K-DCHw,17Y8circEnkMMXKfLo8Ztg,4.0,2011-10-12 14:46:12,afternoon,2,0,1,medium,high,Philadelphia,Restaurants,1,0,1
cFaHx-FkCnzdfF8BccukIg,1Ye_elsSB-XjKgWAHDwPbw,3.0,2011-10-12 15:44:51,afternoon,2,0,0,medium,high,New Castle,Restaurants,2,1,0
4PE0tDvV9Lo8VW8kDW1SFQ,6LCZLGa09Qifn6rG7-DNrg,5.0,2011-10-27 19:31:05,evening,3,0,1,long,high,Philadelphia,Thai,2,0,0
0mYNAVDIzW4fzgAQ5opGWg,SIoCIxjn4jLt2O-4DajWJw,3.0,2011-10-27 23:33:56,evening,3,0,1,long,high,Philadelphia,Nightlife,2,1,1
PrJ37Ik9DxritxGPqI9ktw,EmbZ4QwVt_zgfqMOCATsyA,3.0,2011-10-28 13:53:36,afternoon,4,0,0,medium,high,Tampa,Food,2,0,0
P-YebwBHwvPL4kfU8xXhNA,NT5S6JV5wPwKOd3s3Yh1zQ,4.0,2011-10-28 14:20:45,afternoon,4,0,1,long,high,Nashville,Restaurants,2,1,0
F7oysaWequH7GB5f_pY2iA,vD2jzpPv4iyOLKzITscGvA,5.0,2011-10-28 16:33:40,afternoon,4,0,0,long,high,Saint Louis,Wine Bars,3,1,1
GMHt-cbWlqNyd9UqIjZdDg,YCwWrnOh8qUmQbgQ4p02AA,5.0,2011-10-28 20:57:38,evening,4,0,0,long,high,Broomall,Restaurants,2,0,0
GMHt-cbWlqNyd9UqIjZdDg,GUNpbcLvHZLE3NpOifjNUQ,4.0,2011-10-28 21:26:33,evening,4,0,0,long,high,Philadelphia,Restaurants,2,1,1
zidK7sC6ekLjGndRZeoGKQ,f_RSvdde7iSuvdLuQz3VgQ,5.0,2011-10-28 23:29:58,evening,4,0,0,short,high,Seminole,American (New),2,1,1
KDewJBJknfWvQyHHFNbfdg,2W0P6hXCbE6EgP5R6y9eBw,3.0,2011-10-29 18:21:11,afternoon,5,1,1,long,high,Indianapolis,Pizza,2,1,0
60RKNAZwY5EUooJf624aKw,M0r9lUn2gLFYgIwIfG8-bQ,2.0,2011-10-29 20:53:34,evening,5,1,1,long,high,Saint Louis,Ice Cream & Frozen Yogurt,2,1,0
IKbjLnfBQtEyVzEu8CuOLg,eaDZlSuVS0EY67Ke6pRP6Q,4.0,2011-10-29 21:34:19,evening,5,1,1,medium,high,Philadelphia,Malaysian,2,1,0
rpUOaLv_7QkDeFQSZMZhOg,Llu8_Lx2DFthmr99_eiOLA,4.0,2011-10-29 21:52:37,evening,5,1,1,long,high,Saint Louis,Bakeries,1,1,0
rpUOaLv_7QkDeFQSZMZhOg,_JXfCdMu1TFblbhJ5KT7fw,3.0,2011-10-29 22:03:40,evening,5,1,1,medium,high,Saint Louis,Thai,2,1,1
T4Pq2T8WGExBbFGX6XPpYQ,TV81bpCQ6p6o4Hau5hk-zw,4.0,2011-10-30 06:11:43,night,6,1,1,long,high,Tarpon Springs,Food,2,1,1
YV6uaSzANkraOQQzN0alWg,Oun4NN-u5yiHIxDqtJnxgA,5.0,2011-10-30 20:27:16,evening,6,1,1,long,high,Philadelphia,Restaurants,1,0,0
JTqQ9C9S2Qc8_aHtO1965g,TCROPjxfzCZzrQjqLqstSg,5.0,2011-10-30 21:28:32,evening,6,1,1,long,high,Philadelphia,Coffee & Tea,1,0,1
H8evlZitNdbCar4jqG_lZw,zVoxVPHEt11_0GzqNuT2ZQ,3.0,2011-10-30 22:04:48,evening,6,1,1,long,high,Saint Louis,Restaurants,2,1,0
2FXonxXq5e_6pu07x4hWwA,2rQFgavS-942RapZTBSBTw,4.0,2011-10-30 23:34:11,evening,6,1,0,medium,high,Bryn Mawr,Italian,2,1,1
y9WhhW724xLQ4p_lGQCQkA,M0r9lUn2gLFYgIwIfG8-bQ,3.0,2011-10-31 00:42:39,night,0,0,1,long,high,Saint Louis,Ice Cream & Frozen Yogurt,2,1,0
mJy-5ShuwwYRayxRtl6xxA,MO82R6jbTZQJDSFgjde2NQ,5.0,2011-10-31 03:58:50,night,0,0,1,long,high,Tucson,Department Stores,2,0,0
ouODopBKF3AqfCkuQEnrDg,bx04Zy6ylZEGXkBs1pU_PA,2.0,2011-10-31 04:09:33,night,0,0,1,medium,high,Bensalem,American (New),1,0,0
8wQIoFapkegkC5fcVYg_Iw,hEMNTKjcnhHxw9NRprl3Jw,4.0,2011-10-31 05:27:09,night,0,0,1,long,high,Norristown,Sports Bars,2,1,1
jk0Yf80nGLQkVwsx6tRBsQ,tX1rierR7E6yrmBvF9nkEw,4.0,2011-10-31 07:57:59,morning,0,0,0,long,high,Indianapolis,Diners,2,1,0
z9uf9-0uX5Jh8-4Y5l2PQg,cfjXBXseOIBKKnAIVf4fMw,3.0,2011-10-31 11:48:08,morning,0,0,1,medium,high,Philadelphia,Tea Rooms,1,0,0
mzL0zHFGyd9866OUljq49g,Oun4NN-u5yiHIxDqtJnxgA,5.0,2011-10-31 12:28:00,morning,0,0,1,medium,high,Philadelphia,Restaurants,1,0,0
wAgg_B9OQzL8_UF8ozu1eQ,N44roXfLNkBdpINQDjEFOQ,3.0,2011-10-31 13:10:11,afternoon,0,0,1,medium,high,Collinsville,Mexican,1,1,1
h_WJ9jf22thDw10b1KL-cg,-d8B04ueyxADRutlcHYewQ,2.0,2011-10-31 13:13:05,afternoon,0,0,1,long,high,Doylestown,American (New),2,0,1
EouCKoDfzaVG0klEgdDvCQ,yzyVZnGoab-Vpqy69wCXjA,3.0,2011-10-31 16:08:40,afternoon,0,0,1,long,high,Merchantville,Restaurants,1,0,0
56gp5RUwFLckqvph8E5R3A,M0r9lUn2gLFYgIwIfG8-bQ,3.0,2011-10-31 18:46:00,afternoon,0,0,1,long,high,Saint Louis,Ice Cream & Frozen Yogurt,2,1,0
VEj1OuO6QrQMXFhuMZJ8cQ,Ryt1Fhgz7sixMQSJiLyP_g,3.0,2011-10-31 19:39:33,evening,0,0,1,medium,high,Philadelphia,Restaurants,2,1,1
1HM81n6n4iPIFU5d2Lokhw,5wgoIQXyP3BEPZLiVi1W8A,4.0,2011-10-31 20:32:44,evening,0,0,1,long,high,New Orleans,Arts & Entertainment,2,1,1
PrJ37Ik9DxritxGPqI9ktw,0l0R_1x2RC8pEwP-OG6UxA,3.0,2011-10-31 21:56:28,evening,0,0,0,medium,high,TAMPA,Restaurants,2,0,0
eTvp_hYnsrI5-ow_sQ31_g,GV-e7Op4aU98xkjjoKlRhA,5.0,2011-11-01 00:48:24,night,1,0,1,long,high,Saint Louis,Basque,2,1,1
MkXDu9bVpaUq3QL6_RU9yg,3CsBRtDT5WOUu8IY0mHhXw,3.0,2011-11-01 02:30:56,night,1,0,0,long,high,Philadelphia,Pizza,1,0,1
h4ZqDUqVcektL45xG4QDew,I13c2-Yo7hn2BKwCI81HSQ,2.0,2011-11-01 02:52:13,night,1,0,1,medium,high,Saint Louis,Pizza,1,0,1
KVN1eio-4QU3zlkPmZHRFQ,W4rgF_1eKzFZiGUOsgbGMA,5.0,2011-11-01 03:51:06,night,1,0,1,long,high,Carmel,Pakistani,2,1,0
y9WhhW724xLQ4p_lGQCQkA,FF45pKN_lzqG8Bqk-_HQvw,4.0,2011-11-01 18:07:23,afternoon,1,0,1,long,high,Saint Louis,Street Vendors,1,0,0
47oIw-CN1guUKx2_vUdsgw,pNu5bd9aL3jcJClfdQ86MQ,3.0,2011-11-01 18:37:09,afternoon,1,0,1,long,high,St Louis,Mediterranean,2,1,1
k8y8sNAXTl6XMzg5Qr61rg,8-j10_I745ITrczbkfD-Pw,3.0,2011-11-01 19:40:08,evening,1,0,1,long,high,King Of Prussia,Indian,2,0,0
T4Pq2T8WGExBbFGX6XPpYQ,aqWE8jXPqIQ5Tt80gNmuSA,4.0,2011-11-01 21:07:32,evening,1,0,1,long,high,Clearwater,Mexican,1,1,0
mZrbrAAtQ0Xmt_MMUEs6Kg,cfjXBXseOIBKKnAIVf4fMw,4.0,2011-11-02 14:11:02,afternoon,2,0,1,long,high,Philadelphia,Tea Rooms,1,0,0
9qBdzBzoDxLFSMhhGrTWJg,1aps22WlhV4bHPaEQZxkKQ,4.0,2011-11-02 14:43:40,afternoon,2,0,0,medium,high,Saint Louis,American (Traditional),2,1,1
aGI_wfhcJ86DJ-67Lkty8g,pj8Y-5vfbRitnnm2xJFH9w,2.0,2011-11-02 20:18:22,evening,2,0,1,medium,high,Philadelphia,Caribbean,2,1,1
bbtc1OcdwTOsz3i7WwpHGA,j99PtxlKTW_u5alE4jiqHQ,4.0,2011-11-02 21:48:13,evening,2,0,0,medium,high,Philadelphia,Restaurants,2,1,0
mzL0zHFGyd9866OUljq49g,uIZwBkvWicqyWraXvYOipw,5.0,2011-11-03 11:48:33,morning,3,0,1,long,high,Philadelphia,Restaurants,3,1,0
z9uf9-0uX5Jh8-4Y5l2PQg,uIZwBkvWicqyWraXvYOipw,5.0,2011-11-03 13:30:55,afternoon,3,0,1,long,high,Philadelphia,Restaurants,3,1,0
HW-QgyCq4DzUQCFRaYn6Fg,KTGEa8V9ec0QBYM_uk1YLQ,5.0,2011-11-03 15:28:15,afternoon,3,0,1,medium,high,Philadelphia,Food,2,0,0
Z5uqR7U-s-YnSW67ak1XLw,JUlsvVAvZvGHWFfkKm0nlg,3.0,2011-11-03 16:45:43,afternoon,3,0,0,long,high,Philadelphia,Mexican,2,1,1
Z5uqR7U-s-YnSW67ak1XLw,9gObo5ltOMo6UgsaXaHPWA,5.0,2011-11-03 16:47:25,afternoon,3,0,0,medium,high,Philadelphia,American (New),3,1,0
DJp-RvWsIyX9z-8SN2N7Ag,OHzX-ZD9qyoeoxR8Z0dlIA,4.0,2011-11-03 17:31:27,afternoon,3,0,1,long,high,Philadelphia,Restaurants,2,1,1
qb93lt68RXCsrmAc9AYJeQ,d_tRshM-w6S4QxE4VVi8tQ,4.0,2011-11-03 19:12:57,evening,3,0,1,long,high,Philadelphia,American (New),2,1,0
ZOmHHLEYTXxxs3nWJhKoaA,4xEJiEQERBvr2jAZQSeF2g,3.0,2011-11-03 20:37:04,evening,3,0,1,long,high,Saint Louis,Tapas/Small Plates,2,1,1
XsnL3gdNiPRnj9svFvz-EA,GBTPC53ZrG1ZBY3DT8Mbcw,5.0,2011-11-03 21:43:33,evening,3,0,1,long,high,New Orleans,German,2,1,0
kx1AyDQfkPHSkPstBQlDzg,UM6XgOtTX4DWWcGDTWtjEg,4.0,2011-11-03 21:59:10,evening,3,0,1,medium,high,St Louis,Dance Clubs,1,1,1
BDyCY898xb7QexX-XJgrEw,MbKhuO-4uYPc0NRZDRWoew,5.0,2011-11-03 22:19:31,evening,3,0,1,long,high,Philadelphia,Restaurants,1,0,0
wfi0T-xq_P5sKQvwQitlYg,fdjzXyPw1Zt2avRokULJOw,3.0,2011-11-04 00:03:53,night,4,0,1,long,high,Edmonton,Vietnamese,2,1,1
bA7aFsC0q_XIh7BOrYbgnA,kHuIRfZq3aadONNFO0vEnQ,3.0,2011-11-04 02:03:36,night,4,0,1,short,high,Mt Juliet,Comfort Food,2,1,1
U7aysStyFtCUVdFRTpMQ3A,EAtdpksdWfWAaqh3XdnNNg,4.0,2011-11-04 02:55:02,night,4,0,0,long,high,Philadelphia,Restaurants,3,0,0
_BcWyKQL16ndpBdggh2kNA,AY1SyySRyTnBwBdf7qfGxQ,4.0,2011-11-04 15:26:04,afternoon,4,0,1,medium,high,Philadelphia,Grocery,2,0,0
XsnL3gdNiPRnj9svFvz-EA,f4vbnGoGo3eWorVekctVGQ,3.0,2011-11-04 16:43:20,afternoon,4,0,1,long,high,New Orleans,Restaurants,2,0,1
pqBLlY7_IoGbu6ZdTFjzxw,G4lRmwDHdvhZAhmtlsYYBw,1.0,2011-11-04 18:17:41,afternoon,4,0,1,medium,high,Nashville,Burgers,1,0,0
XsnL3gdNiPRnj9svFvz-EA,5AOkxsg6UJQ_CoJTMBDUmQ,4.0,2011-11-04 20:22:26,evening,4,0,1,long,high,New Orleans,American (New),3,1,1
DJp-RvWsIyX9z-8SN2N7Ag,eaDZlSuVS0EY67Ke6pRP6Q,3.0,2011-11-04 20:53:25,evening,4,0,1,long,high,Philadelphia,Malaysian,2,1,0
AF2wygvqImI9gbFijr13rw,Oun4NN-u5yiHIxDqtJnxgA,5.0,2011-11-05 15:06:46,afternoon,5,1,1,medium,high,Philadelphia,Restaurants,1,0,0
-hKniZN2OdshWLHYuj21jQ,fGeJIvuGAQE5sbVIbwQYXg,5.0,2011-11-05 15:44:06,afternoon,5,1,1,long,high,Yardley,Ice Cream & Frozen Yogurt,2,0,0
JUT0U3HTSB3kz9Wh7N0GqA,n5-1AVcqXiThFojV-eQ_og,3.0,2011-11-06 00:31:00,night,6,1,1,long,high,Tucson,Food,1,0,1
47oIw-CN1guUKx2_vUdsgw,J_195G8K_MziKZEXj7Nxdw,5.0,2011-11-06 01:34:38,night,6,1,1,long,high,Saint Louis,Food,1,0,0
IKbjLnfBQtEyVzEu8CuOLg,x5OX99Kd6zIuVd_pnt4s3A,4.0,2011-11-06 01:49:31,night,6,1,1,medium,high,New Hope,Herbs & Spices,2,0,0
T4Pq2T8WGExBbFGX6XPpYQ,cw3iA7AAKpEN3WmLs-Mo4A,5.0,2011-11-06 03:33:07,night,6,1,1,long,high,Tarpon Springs,Thai,2,1,0
qRb3sant7B3ua99_NYi9Ww,URp-c4MOFJPLsfES_JBmBg,5.0,2011-11-06 03:53:19,night,6,1,1,short,high,Bryn Mawr,Restaurants,1,1,0
DejbySADs66NO3RMAuzBIw,Tt4byMYA7FvAkQ3MigcJWQ,4.0,2011-11-06 08:37:55,morning,6,1,1,long,high,New Orleans,Restaurants,2,1,1
ouODopBKF3AqfCkuQEnrDg,5QKzE17vyeQbxtZs-yKV1g,3.0,2011-11-06 14:30:14,afternoon,6,1,1,medium,high,Paoli,Vietnamese,2,0,1
X0Bmllln5u8i37-Fo8leVg,7BiIK58dZNSICPN4n4qWmw,3.0,2011-11-06 16:05:41,afternoon,6,1,1,long,high,Nashville,Japanese,2,1,0
uAu772KpSkb-tPFgZmU-lA,lRbHFOIFuusN2WOR_ypQ_A,5.0,2011-11-06 18:30:15,afternoon,6,1,1,long,high,Philadelphia,Restaurants,2,0,0
z67oNAZR_uHG84k3Dntckg,3kiB39JzdovdlOhQj-nMCw,3.0,2011-11-06 23:58:04,evening,6,1,1,long,high,Philadelphia,Restaurants,1,1,0
DrPyJ2RO1VxF2BejN3Bvig,9XkgYvXhYibe85V6mNE_TQ,3.0,2011-11-07 00:29:07,night,0,0,1,long,high,Nashville,American (Traditional),2,1,1
H8evlZitNdbCar4jqG_lZw,EpREWeEpmR8f1qLHzzF0AA,3.0,2011-11-07 01:12:58,night,0,0,1,long,high,Saint Louis,Local Flavor,2,1,1
5dYduxPNouuR5SI3V1OtCw,720J1v3TX-J95cdTJbCpKA,3.0,2011-11-07 04:19:13,night,0,0,1,long,high,Nashville,Sushi Bars,2,1,0
eVWgnIaMMelbcIzydSqWMA,VJEzpfLs_Jnzgqh5A_FVTg,2.0,2011-11-07 13:30:17,afternoon,0,0,1,long,high,Philadelphia,Soup,2,0,1
_qRphMRxUzp_Vjk7ZIjWBA,kHuIRfZq3aadONNFO0vEnQ,4.0,2011-11-07 19:51:53,evening,0,0,1,long,high,Mt Juliet,Comfort Food,2,1,1
Xw7ZjaGfr0WNVt6s_5KZfA,Y2NFeGtConx1qciSPKcRlA,4.0,2011-11-08 00:46:39,night,1,0,1,long,high,New Orleans,Restaurants,2,1,1
Xw7ZjaGfr0WNVt6s_5KZfA,4fUok5d5vgdQEb1Bzzg0rA,3.0,2011-11-08 01:03:35,night,1,0,1,long,high,Kenner,Restaurants,2,1,0
Xth3HA2SYz34ae1r4w8NqA,Uy0r4bzRmY5LFtDfzNgkag,3.0,2011-11-08 17:10:24,afternoon,1,0,0,long,high,University City,Mexican,2,1,0
Z5uqR7U-s-YnSW67ak1XLw,YtSqYv1Q_pOltsVPSx54SA,4.0,2011-11-08 18:07:16,afternoon,1,0,0,long,high,Philadelphia,Wine Bars,3,1,0
47oIw-CN1guUKx2_vUdsgw,JgTSG4rIDf20Kgp6U_asng,5.0,2011-11-09 05:42:56,night,2,0,1,long,high,St. Louis,Pizza,2,1,0
ouODopBKF3AqfCkuQEnrDg,XpTNCVbO5wL1DtDyKzKqfA,5.0,2011-11-09 13:46:23,afternoon,2,0,1,medium,high,Philadelphia,Restaurants,1,0,0
y9WhhW724xLQ4p_lGQCQkA,33JlrWf0kmHd2VzW58Wp0g,3.0,2011-11-09 15:13:32,afternoon,2,0,1,long,high,Saint Louis,Bars,2,1,1
AvGJVv7Z3a0q1MJT1Ykd0w,Oun4NN-u5yiHIxDqtJnxgA,5.0,2011-11-09 16:28:51,afternoon,2,0,1,long,high,Philadelphia,Restaurants,1,0,0
yFOhA0a7toBwUffjC68FrA,kPG6r0h73sPgXBei0MyzYg,4.0,2011-11-09 17:06:12,afternoon,2,0,1,long,high,Edmonton,Restaurants,2,1,0
_BcWyKQL16ndpBdggh2kNA,-4dYswJy7SPcbcERvitmIg,2.0,2011-11-09 18:04:49,afternoon,2,0,1,medium,high,Philadelphia,Food,2,0,0
jFSrZYDK85AM4Yhrbg99kg,_JXfCdMu1TFblbhJ5KT7fw,1.0,2011-11-10 21:54:09,evening,3,0,0,short,high,Saint Louis,Thai,2,1,1
jFSrZYDK85AM4Yhrbg99kg,kpK6SmxIiNoGPNhlEGiL4w,4.0,2011-11-10 21:56:30,evening,3,0,0,short,high,Saint Louis,Italian,2,1,1
hla_Au4fcGMHU8PTFd05nA,vDhOjSNfgA4eE1Rj88-XDA,5.0,2011-11-10 22:31:58,evening,3,0,1,medium,high,Tucson,Coffee & Tea,1,0,1
ppsm8EDKjA1fp1yTCP3RrQ,jZy7m53Eud2cGOAPSum4fg,3.0,2011-11-11 01:31:47,night,4,0,1,long,high,Springfield,Restaurants,1,0,0
rAIBoxoBz0TF7f8036JGJw,_49FsmTfruZSTjxU4OwOsg,4.0,2011-11-11 14:35:48,afternoon,4,0,1,long,high,Nashville,Greek,2,1,1
2iS1vg5TYpV_iEiNC8osTg,1T9F7iLDFAYWJvif1RKneg,3.0,2011-11-11 16:15:51,afternoon,4,0,1,long,high,Indianapolis,Restaurants,2,1,0
2iS1vg5TYpV_iEiNC8osTg,7clCBgNbd-x2Wj96lZ6Mjw,4.0,2011-11-11 16:29:34,afternoon,4,0,1,long,high,Indianapolis,Food,2,1,0
PrJ37Ik9DxritxGPqI9ktw,0hIXH9jMdHov1VrLC8ujUg,4.0,2011-11-11 19:56:19,evening,4,0,0,long,high,Tampa,American (Traditional),2,1,1
c88Hk7eXBNJrGOB_4his8w,VRnJgj0IvxoksHppE78X2Q,5.0,2011-11-12 00:55:47,night,5,1,1,short,high,Philadelphia,Dim Sum,2,1,0
Tzql1xnrk8BLS3-h7-eYTQ,U3cudGMQsFqpAgpnonvYqA,2.0,2011-11-12 16:03:11,afternoon,5,1,1,medium,high,Bridgeton,Mexican,2,1,1
yR6Y6PIGwzBy2qFoL6O3BA,5FDt7sy-70y4_37Dh2qcbw,2.0,2011-11-13 20:58:57,evening,6,1,1,medium,high,Indianapolis,Latin American,1,1,0
8M4_nA8e9VacrirvCwrl8Q,k5WBbvefZdisYbgcswiKNA,3.0,2011-11-14 08:04:32,morning,0,0,0,long,high,Reno,Restaurants,2,1,1
Xlb-Hxrvkfyadnkmk5hrgw,Gf1EboxqdJ9SPsVJur93Cw,1.0,2011-11-14 15:47:00,afternoon,0,0,1,long,high,Indianapolis,Fast Food,1,1,0
2xWGCfc2GeTEaspPPPKSOA,Oun4NN-u5yiHIxDqtJnxgA,5.0,2011-11-16 23:00:07,evening,2,0,1,long,high,Philadelphia,Restaurants,1,0,0
VUllFn1I5j056JyVqsQXBQ,7L1kXfwU5XM6f6Jxo_L7Yg,5.0,2011-11-22 17:38:55,afternoon,1,0,1,long,high,Tucson,Latin American,2,1,1
cogPv5baWhsR-_Dcw3-Taw,EKbb62ui8LgHk3B7OJMyBw,4.0,2011-11-29 23:58:32,evening,1,0,1,long,high,Saint Louis,Restaurants,2,1,1
_BcWyKQL16ndpBdggh2kNA,9gObo5ltOMo6UgsaXaHPWA,5.0,2011-11-30 00:36:35,night,2,0,1,medium,high,Philadelphia,American (New),3,1,0
1A0zd56jS9AFuXFPS5JmUg,m7uGAvkjyI9iQaLJAmvCNQ,4.0,2011-11-30 01:03:07,night,2,0,1,medium,high,Wayne,Restaurants,2,1,0
JMsKTU2OCwC5VY8Zrl5tAA,QUxFneps0qX5S8XpEUnazg,5.0,2011-11-30 05:52:15,night,2,0,1,medium,high,Nashville,Restaurants,2,1,0
eVWgnIaMMelbcIzydSqWMA,OHzX-ZD9qyoeoxR8Z0dlIA,4.0,2011-11-30 14:11:22,afternoon,2,0,1,medium,high,Philadelphia,Restaurants,2,1,1
GG0mFsEXb-02_dzFPqRV1Q,JUlsvVAvZvGHWFfkKm0nlg,4.0,2011-11-30 14:35:07,afternoon,2,0,1,long,high,Philadelphia,Mexican,2,1,1
hk6B1ZdzI62jMGo6e2IuuA,ZGErYinCaYR5UjTzovAZbw,4.0,2011-11-30 15:59:40,afternoon,2,0,0,medium,high,Downingtown,Nightlife,2,1,1
aN3hqwdyeT6AmyUq3GgIIA,d_tRshM-w6S4QxE4VVi8tQ,4.0,2011-11-30 16:04:24,afternoon,2,0,1,long,high,Philadelphia,American (New),2,1,0
aN3hqwdyeT6AmyUq3GgIIA,0NkRPv4QdGubH4xVD1DuNA,4.0,2011-11-30 16:07:42,afternoon,2,0,1,medium,high,Haddonfield,Food,1,0,1
qc3DJxkOfxKH6zcVlAPofA,_49FsmTfruZSTjxU4OwOsg,3.0,2011-11-30 17:00:56,afternoon,2,0,1,long,high,Nashville,Greek,2,1,1
AvGJVv7Z3a0q1MJT1Ykd0w,Oun4NN-u5yiHIxDqtJnxgA,5.0,2011-11-30 17:27:19,afternoon,2,0,1,medium,high,Philadelphia,Restaurants,1,0,0
1HM81n6n4iPIFU5d2Lokhw,0ndzIekJs0PRPA5Aoz9sow,3.0,2011-11-30 18:18:21,afternoon,2,0,1,medium,high,Metairie,Coffee & Tea,1,0,0
PLjbQwb1jpuzJwTv9nSI1g,Ety2Z0CImO6FYDV6L5Ahkw,5.0,2011-11-30 20:40:29,evening,2,0,1,medium,high,Lansdale,Thai,2,0,0
PLjbQwb1jpuzJwTv9nSI1g,cx2fwY66_xTNFo0p2EEC4g,5.0,2011-11-30 21:42:18,evening,2,0,1,medium,high,Media,American (New),2,1,1
Ff_kwM1B9CyOZCMK_1rOHg,5S3Cc7EsEo66BSL7s6iF-w,4.0,2011-12-01 13:21:16,afternoon,3,0,1,long,high,Philadelphia,Bubble Tea,1,1,0
PrJ37Ik9DxritxGPqI9ktw,2Cd4sRn-dI0OkoLxmTi3bg,3.0,2011-12-01 20:22:02,evening,3,0,0,long,high,Tampa,Breakfast & Brunch,2,1,1
o3Xs5Sm_jZiRJam0ucjUhQ,2x3wM06LEbaAR81AeKk44w,5.0,2011-12-01 21:22:45,evening,3,0,1,long,low,Saint Louis,Pizza,2,0,1
sMPqByfefvg_ITlz9t5dPA,Z5po0aTuzKKblek5y6Sp8Q,4.0,2011-12-01 21:59:14,evening,3,0,0,medium,high,Philadelphia,Food,2,0,0
sMPqByfefvg_ITlz9t5dPA,cXSyVvOr9YRN9diDkaWs0Q,5.0,2011-12-01 23:17:11,evening,3,0,0,medium,high,Philadelphia,Southern,2,1,1
z9uf9-0uX5Jh8-4Y5l2PQg,3lBooCffgkW7tVSG5kILBA,4.0,2011-12-02 13:30:41,afternoon,4,0,1,long,high,Philadelphia,Restaurants,2,0,0
HKIFN7bin1aKtQZ9k9tRlQ,f44pSEoqD2vgoOpnp5jUZw,3.0,2011-12-02 17:16:21,afternoon,4,0,0,medium,high,Tucson,Buffets,2,1,0
X0Bmllln5u8i37-Fo8leVg,_49FsmTfruZSTjxU4OwOsg,3.0,2011-12-02 17:41:22,afternoon,4,0,1,long,high,Nashville,Greek,2,1,1
KjlYa3Wlr60j-PSUZ-KfOg,3lBooCffgkW7tVSG5kILBA,3.0,2011-12-02 20:35:02,evening,4,0,0,long,high,Philadelphia,Restaurants,2,0,0
m8q0X8bt7UAlawSjbG0c7Q,1_hDCN3iioFR3XnUr32ZtA,3.0,2011-12-03 01:14:49,night,5,1,0,long,high,Saint Petersburg,Fast Food,1,1,1
VFRIv3-_Og34wZyy-LigQQ,3ZynJ94VpIdDlaArmEp2Rg,5.0,2011-12-03 03:03:25,night,5,1,1,long,high,Philadelphia,Food,2,0,1
tw7FIwLw8-GqiuqxJ7A2pg,dIpTuL2T1L98GQGU17IeSw,4.0,2011-12-03 03:23:52,night,5,1,1,long,high,Tampa,Bars,2,1,1
Tzql1xnrk8BLS3-h7-eYTQ,IZv79jZv6el1sBHrG7426g,4.0,2011-12-03 04:23:17,night,5,1,1,long,high,Des Peres,Steakhouses,3,1,1
4Psac6uj06y_5EPv6CL56g,ju1qrGJ1mcc1sc2oRX7X5g,4.0,2011-12-03 09:56:16,morning,5,1,0,short,high,Indianapolis,Street Vendors,1,0,1
BOM58nAhmaoOC_Si4u4lOw,uIZwBkvWicqyWraXvYOipw,5.0,2011-12-03 17:03:00,afternoon,5,1,0,long,high,Philadelphia,Restaurants,3,1,0
EouCKoDfzaVG0klEgdDvCQ,8-AIbFaP6GP9BwHZdclBog,2.0,2011-12-03 20:36:52,evening,5,1,1,long,high,Cherry Hill,Specialty Food,3,0,0
Kj-u8Yq1d3mLKitWsDAxpg,DRr5xdfHtqgWfhmdTU1B8Q,3.0,2011-12-04 16:19:57,afternoon,6,1,1,long,high,Philadelphia,Breakfast & Brunch,2,1,1
tywhgQd-CMbishWP-v6W2Q,CA5BOxKRDPGJgdUQ8OUOpw,5.0,2011-12-04 21:40:18,evening,6,1,1,medium,high,Tucson,Grocery,2,1,1
4Psac6uj06y_5EPv6CL56g,byIGo_rwmoWEd6J7AsrDoQ,3.0,2011-12-04 21:51:44,evening,6,1,0,short,high,Greenwood,Burgers,1,1,1
FZQXGfmkMASFWq3JnuQZqg,_PQzeo8P2sGczzFEifrK-Q,4.0,2011-12-05 01:01:22,night,0,0,1,long,high,Philadelphia,Food,2,0,0
56gp5RUwFLckqvph8E5R3A,33JlrWf0kmHd2VzW58Wp0g,4.0,2011-12-05 01:51:45,night,0,0,1,long,high,Saint Louis,Bars,2,1,1
JITevzyEgskIJc6sgOyEgw,1165tVWCcxFvYoHT1-I2mw,4.0,2011-12-05 16:05:57,afternoon,0,0,1,long,high,Nashville,American (New),3,1,0
60RKNAZwY5EUooJf624aKw,zVoxVPHEt11_0GzqNuT2ZQ,5.0,2011-12-05 16:43:23,afternoon,0,0,1,long,high,Saint Louis,Restaurants,2,1,0
Hxx8FmhpxiugIrGRh8RDOg,jQBPO3rYkNwIaOdQS5ktgQ,4.0,2011-12-05 19:10:03,evening,0,0,1,long,high,Saint Louis,Ice Cream & Frozen Yogurt,2,1,0
x6erNzhuM_c7xW6PlqClIQ,_PQzeo8P2sGczzFEifrK-Q,4.0,2011-12-05 19:23:34,evening,0,0,1,long,high,Philadelphia,Food,2,0,0
HDbBsdnvPXDCDdWFYWEMkA,qhsJbgxVNDb0973r3Gjrow,5.0,2011-12-05 20:27:29,evening,0,0,1,long,high,Webster Groves,Nightlife,2,1,1
MTd-2hIbsAg8_r0qSoHqMQ,e1jylvnhcMVr1ER8PO4dpA,5.0,2011-12-06 00:25:46,night,1,0,0,medium,high,Indianapolis,Barbeque,2,0,1
MTd-2hIbsAg8_r0qSoHqMQ,7clCBgNbd-x2Wj96lZ6Mjw,5.0,2011-12-06 00:28:44,night,1,0,0,medium,high,Indianapolis,Food,2,1,0
8VNmuYmFboXleIFf-stnFg,9OG5YkX1g2GReZM0AskizA,1.0,2011-12-06 17:41:04,afternoon,1,0,0,long,high,Reno,Restaurants,2,1,1
CDxlgCoUoNRV3VMkYZrUuQ,UhSVDwQFW6mKmaEA5OTU7A,5.0,2011-12-06 19:56:47,evening,1,0,1,medium,high,Philadelphia,Vegetarian,2,0,0
1HM81n6n4iPIFU5d2Lokhw,zSqTndm5Alq9dW1PyzbdTA,3.0,2011-12-06 21:53:45,evening,1,0,1,long,high,New Orleans,Seafood,2,1,1
lvrLf7yb4QD9JIKdIXaFTQ,osOONoA8wMF5ZpLWUS7VOw,4.0,2011-12-07 00:02:59,night,2,0,1,long,high,Indianapolis,Breakfast & Brunch,1,0,1
Xw7ZjaGfr0WNVt6s_5KZfA,oLc7k78_YcDMnMCdbC-h1A,4.0,2011-12-07 00:49:34,night,2,0,1,long,high,New Orleans,American (Traditional),2,1,1
lvrLf7yb4QD9JIKdIXaFTQ,ET5hD0a-Gr6xitL70iK1NA,4.0,2011-12-07 00:54:03,night,2,0,1,long,high,Indianapolis,Restaurants,1,0,1
_YBX0Fy9pI0ktOQ9RtFhAg,_SjdrpSZdiXVSwaJR5T9jw,4.0,2011-12-07 20:24:38,evening,2,0,1,long,high,New Orleans,Barbeque,2,1,1
0xZucjnNt2beD1veIAWLwA,Sw7qcWQ5_iOUjBZMhSxyOQ,5.0,2011-12-07 20:57:52,evening,2,0,1,long,high,South Pasadena,Seafood,2,1,1
0xZucjnNt2beD1veIAWLwA,QcuTCSfnI6WqKpuDL_a0OA,5.0,2011-12-07 21:25:22,evening,2,0,1,medium,high,St. Petersburg,Food,2,0,0
XRodxenm9sHoYbD15Em4nQ,9mE7Xp0hH6TMv3eaf2Ylxg,5.0,2011-12-07 22:44:43,evening,2,0,1,long,high,Franklin,Bars,3,1,0
z-30NhddTouV8pz42IEx1g,IZv79jZv6el1sBHrG7426g,5.0,2011-12-08 16:24:11,afternoon,3,0,1,long,high,Des Peres,Steakhouses,3,1,1
afGccMxMBgLD4i-8EUE06w,EpREWeEpmR8f1qLHzzF0AA,4.0,2011-12-08 23:12:51,evening,3,0,1,medium,high,Saint Louis,Local Flavor,2,1,1
_p5ydZPNMkyTJoPtE0QUJw,zVoxVPHEt11_0GzqNuT2ZQ,5.0,2011-12-09 02:31:07,night,4,0,1,long,high,Saint Louis,Restaurants,2,1,0
4qWYQFByYk7GXaoKKX8EHQ,ivqoS7vO__2-rerN_IjZmA,4.0,2011-12-09 03:44:21,night,4,0,1,medium,high,Edmonton,Restaurants,2,0,0
n3Gg5mIokBirc8s_unINnQ,_SjdrpSZdiXVSwaJR5T9jw,5.0,2011-12-09 19:55:21,evening,4,0,1,long,high,New Orleans,Barbeque,2,1,1
n3Gg5mIokBirc8s_unINnQ,OyHbS1sJ4CguExlWa-XWDg,2.0,2011-12-09 19:59:31,evening,4,0,1,medium,high,Metairie,American (Traditional),2,1,0
qTMK2qr6ngof4fe29qyooA,FF45pKN_lzqG8Bqk-_HQvw,4.0,2011-12-09 20:58:09,evening,4,0,1,long,high,Saint Louis,Street Vendors,1,0,0
Y-HpR79F_ZqRtGMjZnhwVg,jRLskcm_icZIKs81mYC4iQ,5.0,2011-12-09 22:21:21,evening,4,0,1,medium,high,Indianapolis,Restaurants,2,1,0
Oi1qbcz2m2SnwUeztGYcnQ,SIoCIxjn4jLt2O-4DajWJw,4.0,2011-12-10 01:15:58,night,5,1,1,long,high,Philadelphia,Nightlife,2,1,1
toQe9adQWV7iC7KM_eugsA,dSPA4yql9vUwnYRxHiVtHA,4.0,2011-12-10 02:51:34,night,5,1,1,long,high,Philadelphia,Sushi Bars,2,0,1
Zsucq1c-sjuGxs5jZuUEEg,151ujtgcbkGzAHUnctSg4w,3.0,2011-12-10 04:17:42,night,5,1,1,long,high,Edmonton,Event Planning & Services,2,1,1
A3v4mtWlnaYZpHKKqzNhJg,yDHINEt7By47My7x4Mb8oA,2.0,2011-12-10 17:21:49,afternoon,5,1,1,long,high,West Conshohocken,Salad,2,1,1
A3v4mtWlnaYZpHKKqzNhJg,17Y8circEnkMMXKfLo8Ztg,2.0,2011-12-10 17:35:54,afternoon,5,1,1,long,high,Philadelphia,Restaurants,1,0,1
2mehWDiaP-8CcZRtLGlYIA,JroMBSRiVq1u8-KZVDZh7g,4.0,2011-12-11 18:29:07,afternoon,6,1,1,long,high,Saint Louis,Restaurants,1,0,0
ouODopBKF3AqfCkuQEnrDg,iKeIcErytzgR50hffOBLUg,5.0,2011-12-11 21:17:23,evening,6,1,1,medium,high,Bryn Mawr,Pizza,2,0,0
Slc16vviuuTWgZ9OsaJzKQ,sEgbTx6XuvByrXsVkWRbOQ,2.0,2011-12-11 22:05:28,evening,6,1,0,medium,high,Havertown,Restaurants,2,0,0
NqZJMXmwEtirJvx-qpyLmQ,1UNorskttXSWuEcgzKzXcA,2.0,2011-12-11 22:30:19,evening,6,1,1,long,high,Philadelphia,Lounges,3,1,1
8lH88XdzbQKTFg9WQZeuCw,lsGZzXIJbjrWtcFGLAW5sw,4.0,2011-12-12 06:52:51,night,0,0,1,long,high,Nashville,American (New),2,1,1
k9E3YPbXMzGvA6IaLX1wAQ,rViAhfKLKmwbhTKROM9m0w,5.0,2011-12-12 16:45:03,afternoon,0,0,1,long,high,Tucson,Arts & Entertainment,2,1,1
KFFIyUxC0TQjx__OYlmhnA,QyWxTsVvvqSEpU1KNblRbQ,5.0,2011-12-12 20:23:51,evening,0,0,1,long,high,Philadelphia,Restaurants,1,0,1
PrJ37Ik9DxritxGPqI9ktw,MyON48Q_Ql9IjLc0PPXLDQ,4.0,2011-12-12 21:09:11,evening,0,0,0,long,high,Tampa,Fast Food,1,1,1
iJiWgNrcQMCKkgUaoYOe0A,V6Om7YZhlRQRU7WfuxHq8Q,4.0,2011-12-13 17:41:59,afternoon,1,0,1,short,high,Philadelphia,Restaurants,1,0,0
m-n_AHwndmHAgZIsu52kYA,pJZq57-XUXnDU2yo8gmsUg,2.0,2011-12-13 17:42:20,afternoon,1,0,1,long,high,Reno,Restaurants,2,1,0
y3Wtx1pOvTiqsJRkjceXiw,uIZwBkvWicqyWraXvYOipw,5.0,2011-12-14 14:57:11,afternoon,2,0,1,long,high,Philadelphia,Restaurants,3,1,0
ouODopBKF3AqfCkuQEnrDg,17Y8circEnkMMXKfLo8Ztg,3.0,2011-12-16 23:46:24,evening,4,0,1,medium,high,Philadelphia,Restaurants,1,0,1
MR39Vmbfr3StG-Atok3tHA,oQ5CPRt0R3AzFvcjNOqB1w,3.0,2011-12-17 04:28:24,night,5,1,1,medium,high,Nashville,Barbeque,2,1,1
ow1YVonkr8G-8kFUKo-bJg,DdqPNe8W1XF44CLw94Zb6A,3.0,2011-12-17 23:48:45,evening,5,1,1,medium,high,Tucson,Food,2,0,0
bAzdeuQiR80wVOLUh7ox7g,Q_Wo3rX84Dy-YdQsiDmrWw,4.0,2011-12-18 00:04:42,night,6,1,1,long,high,New Orleans,Jazz & Blues,2,1,1
bAzdeuQiR80wVOLUh7ox7g,b7V_5q22_eTeHlYzq1bpFw,5.0,2011-12-18 00:32:00,night,6,1,1,long,high,Kenner,Seafood,2,1,1
_p5ydZPNMkyTJoPtE0QUJw,M0r9lUn2gLFYgIwIfG8-bQ,4.0,2011-12-18 17:02:37,afternoon,6,1,1,long,high,Saint Louis,Ice Cream & Frozen Yogurt,2,1,0
K97i0e7MaxYfvCCwPFMjuw,dSPA4yql9vUwnYRxHiVtHA,3.0,2011-12-18 17:51:12,afternoon,6,1,1,long,high,Philadelphia,Sushi Bars,2,0,1
cAl0Xqh_PFiMJl10ZlcDIg,cHCRC7r9irhK0dIum1zeUw,4.0,2011-12-19 05:18:32,night,0,0,1,long,high,Indianapolis,Cideries,2,1,0
q5g3dj7DJAPks8p4vZUsHA,7ZAIFmz5fBaCvCGXrJZBkg,4.0,2011-12-19 14:27:48,afternoon,0,0,0,medium,high,Tampa,Beer,2,0,0
kfiBpwAZFxAo_RcrBmQjbA,qhsJbgxVNDb0973r3Gjrow,4.0,2011-12-22 18:27:21,afternoon,3,0,1,long,high,Webster Groves,Nightlife,2,1,1
8wQIoFapkegkC5fcVYg_Iw,m7uGAvkjyI9iQaLJAmvCNQ,4.0,2011-12-22 20:33:31,evening,3,0,1,medium,high,Wayne,Restaurants,2,1,0
VEj1OuO6QrQMXFhuMZJ8cQ,NVN_23yYJDf_RAinqFICDA,4.0,2012-01-03 16:55:22,afternoon,1,0,1,long,high,Philadelphia,Hot Dogs,1,0,0
qT2W8QV0YuuUy8tUXZ8jeg,swKXtO22QjVIZTBU8UP7Pg,2.0,2012-01-03 17:22:08,afternoon,1,0,0,medium,high,Ardmore,Restaurants,1,0,0
qT2W8QV0YuuUy8tUXZ8jeg,VRnJgj0IvxoksHppE78X2Q,5.0,2012-01-03 17:44:15,afternoon,1,0,0,medium,high,Philadelphia,Dim Sum,2,1,0
HDbBsdnvPXDCDdWFYWEMkA,MnKgN5crTUuxROY2aoadtQ,5.0,2012-01-03 23:00:36,evening,1,0,1,medium,high,Saint Louis,Music Venues,2,1,1
HDbBsdnvPXDCDdWFYWEMkA,_JXfCdMu1TFblbhJ5KT7fw,5.0,2012-01-03 23:07:35,evening,1,0,1,medium,high,Saint Louis,Thai,2,1,1
I0ezkVvCcBnavJf2soWHjA,tCLAeZsjXFG9RumJ4Hn0Kw,4.0,2012-01-03 23:36:08,evening,1,0,1,long,high,Philadelphia,Restaurants,1,0,0
mWamaq-Awy6tf7U4bCtT1A,4_W5pstoN1166TGjjPOrMg,3.0,2012-01-04 02:53:14,night,2,0,1,long,high,Philadelphia,American (Traditional),2,1,1
CV4BMLxPSuC5V92JUfQlsw,w520vYWEpEYBf90rSr9NVA,5.0,2012-01-04 05:33:12,night,2,0,1,long,high,Nashville,Thai,2,0,1
GG0mFsEXb-02_dzFPqRV1Q,uMT7H0shZK4-pQ_J2qMEWA,4.0,2012-01-04 15:15:37,afternoon,2,0,1,long,high,Philadelphia,Grocery,1,0,0
XS4rYA1V_Ru7tyf0Jl15aw,vD2jzpPv4iyOLKzITscGvA,4.0,2012-01-04 15:30:14,afternoon,2,0,1,short,high,Saint Louis,Wine Bars,3,1,1
fYB4nPD2Y0uXXpVo20ZrNg,9EgoCSRFfXUEGiJWFQLJ1w,5.0,2012-01-04 15:31:36,afternoon,2,0,1,long,high,Philadelphia,Beer,2,0,0
AmM4Lfk15XfqRGCINWgkOQ,UM6XgOtTX4DWWcGDTWtjEg,5.0,2012-01-04 18:31:03,afternoon,2,0,1,long,high,St Louis,Dance Clubs,1,1,1
2FXonxXq5e_6pu07x4hWwA,psI9u_iVuWFcchWheFAySA,1.0,2012-01-04 18:41:48,afternoon,2,0,0,long,high,Ardmore,Restaurants,2,1,1
47oIw-CN1guUKx2_vUdsgw,9fNy_ulPeK74-a7Dnyg6xw,4.0,2012-01-04 19:07:18,evening,2,0,1,long,high,Hazelwood,Cheesesteaks,1,1,0
VEj1OuO6QrQMXFhuMZJ8cQ,d_tRshM-w6S4QxE4VVi8tQ,3.0,2012-01-04 19:33:46,evening,2,0,1,long,high,Philadelphia,American (New),2,1,0
Vm0fyrUjwMTDgwqV6DhqDw,tNnVxOC_9p8UK3N_2-yCtQ,4.0,2012-01-04 20:04:44,evening,2,0,1,long,high,Cherry Hill,Korean,2,0,0
1i4YvXLh5c-z7ayYlAUOJw,7EhTT4iEuA7JaaWA-eI3Qw,4.0,2012-01-04 23:24:31,evening,2,0,1,long,high,Pinellas Park,Food,1,0,1
ZCVEZmTB_StK-UXA3WPVlQ,WAPhi7JdwIvdTBgM9KsxHA,5.0,2012-01-05 03:19:50,night,3,0,1,long,high,Haddon Township,Grocery,1,0,0
EMJV9rib660I4RpMsbzWbg,ONmS8r1C0F0vglz2nKjkPA,3.0,2012-01-05 04:57:38,night,3,0,1,medium,high,Belle Chasse,Pizza,2,1,0
qWYEuBZP7av55tewg3PXKg,JgTSG4rIDf20Kgp6U_asng,4.0,2012-01-05 05:25:02,night,3,0,1,long,high,St. Louis,Pizza,2,1,0
TylOr9YYTV3znqIvH7kdmQ,ORL4JE6tz3rJxVqkdKfegA,4.0,2012-01-06 03:19:11,night,4,0,1,long,high,Nashville,Venues & Event Spaces,3,1,1
dgGUKdOh2a01OwLw1qgfDw,6kAXOzE7fqaBZINQV_-_mg,3.0,2012-01-06 03:48:19,night,4,0,1,long,high,Nashville,Vietnamese,1,1,0
RB1eNPEDYtrH_azM46IgUA,2Q1R2OhBbAQ581vK_r7NhA,4.0,2012-01-06 15:19:44,afternoon,4,0,1,medium,high,Willow Grove,Sushi Bars,2,0,0
Z-ee4V5_ZFsI2ltccSpqyw,EpREWeEpmR8f1qLHzzF0AA,4.0,2012-01-06 16:01:32,afternoon,4,0,1,long,high,Saint Louis,Local Flavor,2,1,1
U7JinPjZhXocl8FL_5cJ0A,EtKSTHV5Qx_Q7Aur9o4kQQ,4.0,2012-01-06 17:47:01,afternoon,4,0,0,short,high,Philadelphia,Bars,2,1,1
Z-ee4V5_ZFsI2ltccSpqyw,VeqkfRUzZAKlQer3npXPdQ,5.0,2012-01-06 19:10:50,evening,4,0,1,long,high,Ballwin,Restaurants,2,0,1
BDyCY898xb7QexX-XJgrEw,MN-Em6pY0ZXZQsLv6uBhrA,4.0,2012-01-06 19:53:53,evening,4,0,1,long,high,Philadelphia,Chinese,1,0,0
rduiiFS8pVcvWVfnkm8Quw,e86IBzGCsrnhJbD_wELj7w,3.0,2012-01-06 19:54:35,evening,4,0,1,long,high,Saint Louis,Gluten-Free,3,1,0
DrPyJ2RO1VxF2BejN3Bvig,ltBBYdNzkeKdCNPDAsxwAA,3.0,2012-01-06 19:55:04,evening,4,0,1,long,high,Nashville,Cocktail Bars,2,1,0
5vIQn1_g5_mXgDoas30KXg,5cpiSREZioyiHVHXJ9WRqA,1.0,2012-01-06 20:07:57,evening,4,0,1,medium,high,Nashville,Restaurants,1,0,0
Jtfz1WbIB_FtYDkO3MtRXg,tNnVxOC_9p8UK3N_2-yCtQ,4.0,2012-01-06 20:13:54,evening,4,0,0,long,high,Cherry Hill,Korean,2,0,0
y9WhhW724xLQ4p_lGQCQkA,MnKgN5crTUuxROY2aoadtQ,3.0,2012-01-06 20:15:00,evening,4,0,1,long,high,Saint Louis,Music Venues,2,1,1
mZrbrAAtQ0Xmt_MMUEs6Kg,L2pmVQMrpY-yZwZkZoRt5g,2.0,2012-01-06 21:04:23,evening,4,0,1,long,high,Philadelphia,Restaurants,1,1,0
8pD-h427Y_aDcPxhDR7z8g,_49FsmTfruZSTjxU4OwOsg,5.0,2012-01-06 21:52:28,evening,4,0,1,long,high,Nashville,Greek,2,1,1
3Zl3RokY8eyRJQbbQmuOuA,uIZwBkvWicqyWraXvYOipw,4.0,2012-01-07 05:01:26,night,5,1,1,long,high,Philadelphia,Restaurants,3,1,0
3Zl3RokY8eyRJQbbQmuOuA,O286wXm4mcznQn_1JieD1g,5.0,2012-01-07 15:00:17,afternoon,5,1,1,long,high,Philadelphia,Event Planning & Services,3,0,0
3wNiPOX1pN0Q5DGXG2KfSA,9dGzGbNKLMP0_wOqI5GffQ,3.0,2012-01-07 16:52:53,afternoon,5,1,1,long,high,Brandon,Restaurants,2,1,0
3wNiPOX1pN0Q5DGXG2KfSA,dIpTuL2T1L98GQGU17IeSw,4.0,2012-01-07 17:04:40,afternoon,5,1,1,long,high,Tampa,Bars,2,1,1
j7gM2jTyQu3EIXVDvZSQ8Q,IgNDlyLERBwFGphgcC5VDQ,1.0,2012-01-07 21:42:45,evening,5,1,0,long,high,Philadelphia,Sandwiches,1,0,1
JfqaznyuI0N4FnAXa-644Q,-YjlbpEMGw_6VHAYH8gnCQ,5.0,2012-01-07 23:18:20,evening,5,1,1,long,high,Franklin,Noodles,1,0,1
60RKNAZwY5EUooJf624aKw,jQBPO3rYkNwIaOdQS5ktgQ,3.0,2012-01-08 00:11:46,night,6,1,1,long,high,Saint Louis,Ice Cream & Frozen Yogurt,2,1,0
Js4nQlGRjS1Bd5vsAQQfgA,5S3Cc7EsEo66BSL7s6iF-w,4.0,2012-01-08 01:55:33,night,6,1,1,long,high,Philadelphia,Bubble Tea,1,1,0
_BcWyKQL16ndpBdggh2kNA,oCFcoyGx2VRZ8MHXEsV8tQ,4.0,2012-01-08 02:17:00,night,6,1,1,medium,high,Brookhaven,Food,2,0,0
82UbpDEPMGJ9Sod8a1U-cg,lNm6n179opkEEbxLtbiTWw,4.0,2012-01-08 16:51:11,afternoon,6,1,1,long,high,Newtown,Restaurants,2,0,1
Y-HpR79F_ZqRtGMjZnhwVg,tX1rierR7E6yrmBvF9nkEw,4.0,2012-01-08 18:41:28,afternoon,6,1,1,medium,high,Indianapolis,Diners,2,1,0
iy48sXsYF2wdO7u98rS3ww,mQvRi0nm84Www71d4qOheQ,3.0,2012-01-08 20:19:15,evening,6,1,1,medium,high,Bryn Mawr,Seafood,2,0,0
iy48sXsYF2wdO7u98rS3ww,UNRqCfwvvcU7jdbvExbhDg,4.0,2012-01-08 20:21:53,evening,6,1,1,medium,high,Bryn Mawr,Irish Pub,2,1,0
TylOr9YYTV3znqIvH7kdmQ,cvHY1RTAPSoH94ysP2_eyQ,2.0,2012-01-08 20:56:27,evening,6,1,1,long,high,Nashville,Health Markets,2,1,1
i84YDhPbxtq9F8ipmtR5vg,TFnGJlA5l_HDdzGDkNTdTA,4.0,2012-01-08 20:56:45,evening,6,1,1,long,high,Philadelphia,American (New),2,1,0
0us9bFdds4rqm117K-DCHw,EtKSTHV5Qx_Q7Aur9o4kQQ,5.0,2012-01-08 22:48:34,evening,6,1,1,long,high,Philadelphia,Bars,2,1,1
goySBsZ3QJfSaElPIDIzLw,JomDoQafikclSVVCPkWjnA,3.0,2012-01-09 01:57:19,night,0,0,0,short,high,Philadelphia,Diners,1,0,0
btzyD8sU1n7dlgHRBECgzw,9mE7Xp0hH6TMv3eaf2Ylxg,5.0,2012-01-09 04:08:04,night,0,0,1,long,high,Franklin,Bars,3,1,0
USD9k93iOIB88v93B5iBcw,L3V21nAe-CicW2bvtNWa0g,4.0,2012-01-09 04:18:43,night,0,0,1,long,high,Philadelphia,Sushi Bars,2,1,0
btzyD8sU1n7dlgHRBECgzw,EBn3U4mpnIRLIy2lKuilRQ,3.0,2012-01-09 07:41:00,morning,0,0,1,medium,high,Nashville,Restaurants,2,1,0
8pD-h427Y_aDcPxhDR7z8g,_49FsmTfruZSTjxU4OwOsg,3.0,2012-01-09 16:02:54,afternoon,0,0,1,long,high,Nashville,Greek,2,1,1
JITevzyEgskIJc6sgOyEgw,NT5S6JV5wPwKOd3s3Yh1zQ,3.0,2012-01-09 20:09:48,evening,0,0,1,long,high,Nashville,Restaurants,2,1,0
qb93lt68RXCsrmAc9AYJeQ,VJEzpfLs_Jnzgqh5A_FVTg,2.0,2012-01-09 21:00:36,evening,0,0,1,long,high,Philadelphia,Soup,2,0,1
T7zDIwRFAKvinm8OEGNN4A,lsGZzXIJbjrWtcFGLAW5sw,3.0,2012-01-10 00:53:37,night,1,0,0,long,high,Nashville,American (New),2,1,1
47oIw-CN1guUKx2_vUdsgw,pNu5bd9aL3jcJClfdQ86MQ,4.0,2012-01-10 14:51:10,afternoon,1,0,1,long,high,St Louis,Mediterranean,2,1,1
mxZfJDk8_cOO19c7xiMffQ,7lwe7n-Yc-V9E_HfLAeylg,5.0,2012-01-10 15:43:52,afternoon,1,0,1,medium,high,Philadelphia,Restaurants,2,1,1
IkLdv0dFGfRJrtFVJYJnLg,_aKr7POnacW_VizRKBpCiA,5.0,2012-01-10 19:58:33,evening,1,0,1,long,high,Saint Louis,Delis,1,1,0
RCZ5M9o2-fxgFuurpmEs3w,I3xJD0fXyiokQtb_6sn0fQ,4.0,2012-01-11 00:41:13,night,2,0,0,medium,high,Wayne,Food,1,0,0
8JaJl5ZRMT4o2q10DVIZGg,_SjdrpSZdiXVSwaJR5T9jw,3.0,2012-01-11 03:03:10,night,2,0,1,long,high,New Orleans,Barbeque,2,1,1
8pD-h427Y_aDcPxhDR7z8g,cdPjDZubPvok0VHv654Tvw,4.0,2012-01-11 14:05:01,afternoon,2,0,1,medium,high,Nashville,Restaurants,1,0,0
8pD-h427Y_aDcPxhDR7z8g,Yv6HUVu7fRMnt_NtGdVQBw,3.0,2012-01-11 14:17:32,afternoon,2,0,1,long,high,Nashville,Restaurants,2,1,0
P-7VidyXqOGd6zBnT85pDA,2W0P6hXCbE6EgP5R6y9eBw,4.0,2012-01-11 16:06:38,afternoon,2,0,1,long,high,Indianapolis,Pizza,2,1,0
DrPyJ2RO1VxF2BejN3Bvig,bmz4siaejdjs4_yS_mYW4A,3.0,2012-01-11 16:43:56,afternoon,2,0,1,long,high,Franklin,American (Traditional),2,1,0
lMY8NBPyzlPbbu-KBYfD9A,4xEJiEQERBvr2jAZQSeF2g,4.0,2012-01-11 17:18:20,afternoon,2,0,1,medium,high,Saint Louis,Tapas/Small Plates,2,1,1
RRsbPGYyKJ3zqMMkzcHZaQ,m1ohyfs8gcS9X-ZQ3Coj2Q,2.0,2012-01-11 17:51:42,afternoon,2,0,1,long,high,Philadelphia,Food,1,1,0
P9hbcVoZIPKF4gV8KH427A,eFvzHawVJofxSnD7TgbZtg,4.0,2012-01-12 03:13:52,night,3,0,1,long,high,Philadelphia,Food,1,0,1
GG0mFsEXb-02_dzFPqRV1Q,F8yozE3NWnImNApHO347gQ,3.0,2012-01-12 14:00:17,afternoon,3,0,1,long,high,Philadelphia,Restaurants,2,1,1
P-YebwBHwvPL4kfU8xXhNA,c4IkL2K64JeFC7kcnbupsw,3.0,2012-01-12 14:34:24,afternoon,3,0,1,medium,high,Brentwood,Mexican,1,1,1
P-YebwBHwvPL4kfU8xXhNA,6kAXOzE7fqaBZINQV_-_mg,5.0,2012-01-12 15:07:57,afternoon,3,0,1,medium,high,Nashville,Vietnamese,1,1,0
nC9V777rlZbKWm3m0QlXYg,P48O-s2OOVq8UBtskQ90tQ,3.0,2012-01-13 03:03:57,night,4,0,0,medium,high,Edmonton,Fast Food,2,1,0
elRzjUBwGD99updMZ4I8dQ,pym7c6ZFEtmoH16xN2ApBg,1.0,2012-01-13 03:31:42,night,4,0,1,long,high,New Orleans,Restaurants,2,1,1
z9uf9-0uX5Jh8-4Y5l2PQg,eFvzHawVJofxSnD7TgbZtg,3.0,2012-01-13 17:41:50,afternoon,4,0,1,medium,high,Philadelphia,Food,1,0,1
qT2W8QV0YuuUy8tUXZ8jeg,EtKSTHV5Qx_Q7Aur9o4kQQ,4.0,2012-01-13 18:03:33,afternoon,4,0,0,short,high,Philadelphia,Bars,2,1,1
nLOF2qXMJfTbbcVtDo8oZA,sB45WFgysT617bKWP_WJwA,5.0,2012-01-13 18:25:25,afternoon,4,0,1,medium,high,Saint Louis,Bars,1,0,0
qT2W8QV0YuuUy8tUXZ8jeg,eMiN8nm70jjKg8izikVWDA,2.0,2012-01-13 19:15:36,evening,4,0,0,medium,high,Philadelphia,Seafood,2,1,1
pqBLlY7_IoGbu6ZdTFjzxw,s3FRhtaNU8dt-mKkLKUQaQ,2.0,2012-01-13 20:13:45,evening,4,0,1,long,high,Nashville,Sushi Bars,2,1,1
P-YebwBHwvPL4kfU8xXhNA,jOOOrH5n2ijnsZKxzPSAiw,4.0,2012-01-13 20:30:34,evening,4,0,1,short,high,Nashville,Caterers,1,0,1
5dYduxPNouuR5SI3V1OtCw,BrYoQyygyIb-FsVJ0AMpLg,5.0,2012-01-14 07:06:49,morning,5,1,1,long,high,Nashville,Local Flavor,2,0,0
Uv5v7r1eN4XFsKZ2jwn1sg,Q_Wo3rX84Dy-YdQsiDmrWw,4.0,2012-01-15 01:55:17,night,6,1,1,long,high,New Orleans,Jazz & Blues,2,1,1
lvrLf7yb4QD9JIKdIXaFTQ,i7syG2Gyr_qVPR1GwehzuA,4.0,2012-01-15 16:45:17,afternoon,6,1,1,long,high,Indianapolis,Restaurants,3,1,0
Z-ee4V5_ZFsI2ltccSpqyw,L9sNYgV-TKTQdkaeEZBqEg,4.0,2012-01-15 19:23:09,evening,6,1,1,long,high,Saint Louis,Thai,2,1,0
0du93EkEwKuxRG_x6hqVUg,0BNR2_vrxuXG6I7f3Y6LZQ,5.0,2012-01-16 23:56:11,evening,0,0,1,long,high,NASHVILLE,Food,2,0,0
iT1AA74QFn_a0Xq9-ggSGA,5wgoIQXyP3BEPZLiVi1W8A,4.0,2012-01-17 03:57:14,night,1,0,1,long,high,New Orleans,Arts & Entertainment,2,1,1
P-YebwBHwvPL4kfU8xXhNA,b7V_5q22_eTeHlYzq1bpFw,5.0,2012-01-17 14:55:57,afternoon,1,0,1,short,high,Kenner,Seafood,2,1,1
B-s-8VUnuBjGTP3d01jsyw,AbbIoHhBEMZndmIm07L4Og,4.0,2012-01-17 19:47:13,evening,1,0,1,long,high,Reno,Food,1,0,0
P9hbcVoZIPKF4gV8KH427A,I5KZm-NnxYeEQsmp6nK5_w,5.0,2012-01-17 23:44:35,evening,1,0,1,long,high,Philadelphia,Food,2,1,1
vffKQc_WQMYFGY4JS5VAOw,YhRujloQ_ioY_WclZbJuQg,4.0,2012-01-18 01:12:13,night,2,0,1,long,high,Tampa,Barbeque,1,0,1
oxJJ0N82GFZeBCxBi6vH1A,3CsBRtDT5WOUu8IY0mHhXw,4.0,2012-01-18 11:19:17,morning,2,0,1,short,high,Philadelphia,Pizza,1,0,1
JITevzyEgskIJc6sgOyEgw,w520vYWEpEYBf90rSr9NVA,3.0,2012-01-18 23:01:24,evening,2,0,1,long,high,Nashville,Thai,2,0,1
4Psac6uj06y_5EPv6CL56g,Q1HHAb4FzrzfnnrRyA8fgg,4.0,2012-01-19 04:34:34,night,3,0,0,medium,high,Indianapolis,Restaurants,2,1,1
82UbpDEPMGJ9Sod8a1U-cg,Oun4NN-u5yiHIxDqtJnxgA,5.0,2012-01-19 16:39:02,afternoon,3,0,1,long,high,Philadelphia,Restaurants,1,0,0
iT1AA74QFn_a0Xq9-ggSGA,ucUWdlN_j1xqq2h8Ul6Z5w,3.0,2012-01-19 21:21:14,evening,3,0,1,long,high,Harvey,American (Traditional),2,1,1
2mguZPvbCa4lwT_ULfTmHQ,RKVZbcCKNcAM5Jk_cV7I9A,4.0,2012-01-24 21:12:18,evening,1,0,1,long,high,Saint Louis,American (New),2,1,1
nlQGyti20c07rpTSYYoNZQ,QGUj9Za0iG_OJz0CqujE_Q,4.0,2012-02-01 02:03:27,night,2,0,0,long,high,Saint Petersburg,Sandwiches,1,0,1
8wQIoFapkegkC5fcVYg_Iw,9Pvwx_IfQgQL4ykmlGV6yA,3.0,2012-02-01 05:28:26,night,2,0,1,long,high,Plymouth Meeting,Asian Fusion,2,1,1
TLpnu9BZNLTuB1ngxjnIpA,zMMSWTHxkLWYR359o-IuAg,4.0,2012-02-01 05:36:14,night,2,0,1,long,high,Reno,Restaurants,1,0,1
ScuWOAFGiCSDkZPI4x5mAQ,_VB4EIoGdAR4sBB6rApEAg,5.0,2012-02-01 09:27:37,morning,2,0,1,long,high,Tampa,Restaurants,1,0,1
mzL0zHFGyd9866OUljq49g,Qbxo9pb5yDsbD3GSuzYOjQ,4.0,2012-02-01 12:54:46,morning,2,0,1,long,high,Collingswood,American (New),2,0,0
TUR21jv1-_GCwmeO3ouOBg,H2nFgEFitRk7ltE8IRH0xA,4.0,2012-02-01 19:52:21,evening,2,0,1,long,high,Tampa,Restaurants,1,0,0
t1NNDZV1kMoyZeE5mr3U3w,vD2jzpPv4iyOLKzITscGvA,4.0,2012-02-01 20:42:18,evening,2,0,1,long,high,Saint Louis,Wine Bars,3,1,1
8JaJl5ZRMT4o2q10DVIZGg,t5Ca7rn3NsjfZcpfbhRZKA,4.0,2012-02-01 21:06:22,evening,2,0,1,long,high,New Orleans,Acai Bowls,1,0,0
ei3O4gS4YaEfQW2vpDdYkA,qrVCN6M272dDdEKPB1E44w,4.0,2012-02-01 22:42:30,evening,2,0,1,medium,high,Philadelphia,Food,2,0,0
ei3O4gS4YaEfQW2vpDdYkA,gHMN4jk8kjG50CH-IRY2Dw,5.0,2012-02-02 00:36:58,night,3,0,1,medium,high,Philadelphia,Sandwiches,1,0,0
CfX4sTIFFNaRchNswqhVfg,IZmCSGeXLCB-Y2UvJrvr-A,4.0,2012-02-02 01:15:25,night,3,0,1,medium,high,New Orleans,Salad,2,1,0
ouODopBKF3AqfCkuQEnrDg,o3ca5qJSorYBJCK-S7bVsw,3.0,2012-02-02 01:22:01,night,3,0,1,long,high,North Wales,Restaurants,2,0,0
EMJV9rib660I4RpMsbzWbg,AOlB9GRr5v89k_Gof3b_DA,3.0,2012-02-02 01:40:16,night,3,0,1,long,high,Metairie,Southern,2,1,0
h1KzT38UnfzR7maSi7oVUw,ARgidflSXPHj7uhK-Y7hwA,3.0,2012-02-02 04:30:48,night,3,0,1,medium,high,St Louis,Japanese,2,1,0
h1KzT38UnfzR7maSi7oVUw,MaYb7qMN6BomP1zQGj3Wjg,4.0,2012-02-02 04:47:38,night,3,0,1,short,high,Saint Louis,Nightlife,2,1,1
a5BcGDFDXh6KxfG1A4pilw,33JlrWf0kmHd2VzW58Wp0g,5.0,2012-02-02 08:04:04,morning,3,0,1,long,high,Saint Louis,Bars,2,1,1
yb5coZxxqLeq3Aweu3ORdA,_aKr7POnacW_VizRKBpCiA,5.0,2012-02-02 18:49:48,afternoon,3,0,1,long,high,Saint Louis,Delis,1,1,0
sVr6_v-lwixu3VREOO9XpA,bf34LpGej_MZbOlAKB1beQ,4.0,2012-02-02 19:40:14,evening,3,0,1,long,high,Edmonton,Beer,2,0,0
6wN6SzUY9KmantGkRPnP9A,JOvNunKJlWhwJRwLmUR9ZA,4.0,2012-02-02 22:16:57,evening,3,0,1,long,high,St Petersburg,Bars,2,1,1
WuiEYopWZOWOuWQD87fVSw,Q-prSTdggNlxAEFV88BZOw,5.0,2012-02-02 23:14:02,evening,3,0,1,long,high,Philadelphia,Beer,2,1,1
h1KzT38UnfzR7maSi7oVUw,JgTSG4rIDf20Kgp6U_asng,3.0,2012-02-03 01:35:20,night,4,0,1,long,high,St. Louis,Pizza,2,1,0
h1KzT38UnfzR7maSi7oVUw,cN8F-BmoHoS9eCqIHMtlHA,4.0,2012-02-03 01:56:31,night,4,0,1,medium,high,Saint Louis,Bakeries,2,0,1
h1KzT38UnfzR7maSi7oVUw,hlf4qed6y1eQ9mvnWUU72A,3.0,2012-02-03 02:33:38,night,4,0,1,medium,high,Kirkwood,Restaurants,3,1,1
TUR21jv1-_GCwmeO3ouOBg,vU2BXpEwI_5mLcLAkRrbhg,4.0,2012-02-03 04:21:07,night,4,0,1,long,high,Tampa,Ice Cream & Frozen Yogurt,2,0,0
ouODopBKF3AqfCkuQEnrDg,2XYPFRm7teCUr3eGsB2-qw,5.0,2012-02-03 04:28:34,night,4,0,1,medium,high,Blue Bell,Thai,2,0,1
a5BcGDFDXh6KxfG1A4pilw,Tq5jFk_BMSJG8-flqj5Bgw,5.0,2012-02-03 06:13:33,night,4,0,1,medium,high,University City,Salad,2,1,1
afGccMxMBgLD4i-8EUE06w,33JlrWf0kmHd2VzW58Wp0g,3.0,2012-02-03 16:44:13,afternoon,4,0,1,medium,high,Saint Louis,Bars,2,1,1
tGEkFShSLzO5BACDDBPb2Q,EtKSTHV5Qx_Q7Aur9o4kQQ,5.0,2012-02-03 19:31:24,evening,4,0,1,long,high,Philadelphia,Bars,2,1,1
TylOr9YYTV3znqIvH7kdmQ,ORL4JE6tz3rJxVqkdKfegA,2.0,2012-02-04 00:18:28,night,5,1,1,medium,high,Nashville,Venues & Event Spaces,3,1,1
2vgqdk3vuAM-LTRKxI9nfA,c3eWB489arZI26M8n4gAvw,4.0,2012-02-04 02:20:02,night,5,1,1,long,high,Saint Louis,Restaurants,2,1,0
GG0mFsEXb-02_dzFPqRV1Q,VRnJgj0IvxoksHppE78X2Q,2.0,2012-02-04 03:53:08,night,5,1,1,long,high,Philadelphia,Dim Sum,2,1,0
ouODopBKF3AqfCkuQEnrDg,J2Jl-zmU7bjKsc9JZ65c-Q,3.0,2012-02-04 04:40:40,night,5,1,1,medium,high,Jenkintown,Coffee & Tea,1,0,1
adi9O9g6X9ksr0wxFG9Yrw,9gObo5ltOMo6UgsaXaHPWA,3.0,2012-02-04 19:31:42,evening,5,1,1,long,high,Philadelphia,American (New),3,1,0
lYQk0R6sPfo3WeX-l_5BuA,mY02hIpeZSVCaWObvvyECA,3.0,2012-02-04 21:22:06,evening,5,1,1,long,high,Saint Louis,Restaurants,2,1,1
TsurX2CrXCVebYR7cG5_lQ,ngvE1G9IckUO-ljZBFo23w,4.0,2012-02-05 04:55:47,night,6,1,1,medium,high,Philadelphia,Indian,1,0,0
TsurX2CrXCVebYR7cG5_lQ,Q-prSTdggNlxAEFV88BZOw,5.0,2012-02-05 05:02:21,night,6,1,1,short,high,Philadelphia,Beer,2,1,1
TsurX2CrXCVebYR7cG5_lQ,mUIBtlWNPD7sz3rGGWQ1RA,5.0,2012-02-05 05:04:56,night,6,1,1,medium,high,Philadelphia,Mediterranean,2,0,1
TsurX2CrXCVebYR7cG5_lQ,K8b2MQ5Az59-nzvqUfjJEQ,3.0,2012-02-05 05:09:23,night,6,1,1,long,high,Philadelphia,American (New),3,0,0
5dYduxPNouuR5SI3V1OtCw,EDjEVzmoQVHzboFqC-M6Ew,2.0,2012-02-05 09:48:28,morning,6,1,1,long,high,Nashville,Food,2,1,1
gr528N9hWldCgfKp99zWKw,9Pvwx_IfQgQL4ykmlGV6yA,4.0,2012-02-05 15:58:20,afternoon,6,1,1,long,high,Plymouth Meeting,Asian Fusion,2,1,1
gr528N9hWldCgfKp99zWKw,C_EtrXTygRX5RTUOKtO6Dg,4.0,2012-02-05 16:12:58,afternoon,6,1,1,long,high,Philadelphia,Nightlife,2,1,1
6wN6SzUY9KmantGkRPnP9A,GWUkk9aKgvE4iRbDmJtuVw,5.0,2012-02-05 18:05:39,afternoon,6,1,1,long,high,Largo,Restaurants,1,0,0
61FNJUiDqXReViksOYiILQ,jsQQu9rVerR3OGxIa0hRQQ,4.0,2012-02-05 19:22:19,evening,6,1,1,long,high,Bryn Mawr,Bars,2,1,0
Mf2NAhMTiYk0DC0fZjhNMw,eMiN8nm70jjKg8izikVWDA,5.0,2012-02-05 19:26:07,evening,6,1,1,long,high,Philadelphia,Seafood,2,1,1
kd42gKNHR8c4NLKNBQByfw,_49FsmTfruZSTjxU4OwOsg,4.0,2012-02-05 20:02:43,evening,6,1,1,medium,high,Nashville,Greek,2,1,1
Slc16vviuuTWgZ9OsaJzKQ,ZGErYinCaYR5UjTzovAZbw,5.0,2012-02-05 22:58:03,evening,6,1,0,long,high,Downingtown,Nightlife,2,1,1
dbWn8HCsG3eI9AmS2G3O2g,GyC36Pn0Q1-qHnqXys6yFg,4.0,2012-02-05 23:40:29,evening,6,1,1,medium,high,Tampa,Southern,2,0,1
N0duXRMkI3zKTDUEBai_Yg,5BWh2ViME8lAm1G1SDVtSg,2.0,2012-02-06 00:38:38,night,0,0,0,medium,high,Edmonton,Jazz & Blues,3,1,0
hVPyu7QWaSQgOlz0rppmkg,7mpYTDb24SywNMRn3yeakQ,4.0,2012-02-06 02:10:36,night,0,0,1,long,high,Philadelphia,Event Planning & Services,2,1,1
ehgLycOK6qKj-CT9B36_oQ,-y5vYOsyL4bSFxeOtQtYbg,5.0,2012-02-06 02:12:03,night,0,0,1,long,high,Tucson,Delis,2,1,1
JUT0U3HTSB3kz9Wh7N0GqA,GlYN-RJyL_YwxIqsSDo1ag,4.0,2012-02-06 06:48:59,night,0,0,1,long,high,Tucson,Diners,1,0,0
CV4BMLxPSuC5V92JUfQlsw,wDwK7Im_rXO5nVeQn4lc3g,3.0,2012-02-06 14:43:45,afternoon,0,0,1,long,high,Antioch,Restaurants,1,1,0
lSJAz1la2MngxNqSFSmUsQ,JUlsvVAvZvGHWFfkKm0nlg,4.0,2012-02-06 19:42:27,evening,0,0,0,medium,high,Philadelphia,Mexican,2,1,1
9OPEXZyh8LU3mJ6eP2uy3A,DJJtybSWY0BygESsSrabqg,2.0,2012-02-06 23:54:32,evening,0,0,0,medium,high,Philadelphia,Breakfast & Brunch,1,0,0
TUR21jv1-_GCwmeO3ouOBg,NL-pATcAaXHwxrm7ODwEig,4.0,2012-02-07 01:59:01,night,1,0,1,medium,high,Tampa,American (Traditional),1,1,0
cLpT9ZCzgr7H6BWqDRs2Og,c6xOzTbNqD-1g9PoxAh4DQ,2.0,2012-02-07 02:17:10,night,1,0,1,long,high,Nashville,Tapas Bars,2,1,0
RY4dBYybgQLaXQYz-LMpLA,P_x9fEz8efemqOIV46S0tg,4.0,2012-02-07 02:55:38,night,1,0,1,long,high,St Petersburg,Bars,2,1,1
btzyD8sU1n7dlgHRBECgzw,wCWtAobVuZ0N7XJTb1ugGA,1.0,2012-02-07 04:24:55,night,1,0,1,medium,high,Nashville,Restaurants,1,0,0
riWDgbauId8TK7YFVgMNJw,NxJk32DFY06EbFAvcQJumw,2.0,2012-02-07 16:21:14,afternoon,1,0,1,long,high,New Orleans,Restaurants,2,0,1
0oWnBfUjAv7ZmTWaW8Ufdg,JUlsvVAvZvGHWFfkKm0nlg,4.0,2012-02-07 16:23:24,afternoon,1,0,1,long,high,Philadelphia,Mexican,2,1,1
bBd8sOgkhbaEeZHjczV8ZQ,t5RIuLUvE5fxr0TaRWxeQg,4.0,2012-02-07 21:08:45,evening,1,0,1,long,high,Philadelphia,Italian,3,1,1
xy8g2CWmhScQ946xSyRUAw,kq5Ghhh14r-eCxlVmlyd8w,2.0,2012-02-07 23:34:02,evening,1,0,1,short,high,Philadelphia,Restaurants,1,0,1
btzyD8sU1n7dlgHRBECgzw,RTEdyP_6wGvXQugln1jxbg,2.0,2012-02-08 01:50:37,night,2,0,1,long,high,Brentwood,American (Traditional),2,1,0
Hxx8FmhpxiugIrGRh8RDOg,kpK6SmxIiNoGPNhlEGiL4w,5.0,2012-02-08 14:56:12,afternoon,2,0,1,long,high,Saint Louis,Italian,2,1,1
Jt3GylPuH64uA3zTdbMdCg,Oun4NN-u5yiHIxDqtJnxgA,5.0,2012-02-08 15:26:40,afternoon,2,0,1,long,high,Philadelphia,Restaurants,1,0,0
P-YebwBHwvPL4kfU8xXhNA,gmimhqv4vrG7_LYadxFYZA,5.0,2012-02-08 17:35:21,afternoon,2,0,1,long,high,Nashville,Restaurants,1,0,1
Wmux4GgQkNBGz4mb0BBT3w,KTGEa8V9ec0QBYM_uk1YLQ,5.0,2012-02-08 18:59:59,afternoon,2,0,1,medium,high,Philadelphia,Food,2,0,0
I0ezkVvCcBnavJf2soWHjA,VRnJgj0IvxoksHppE78X2Q,3.0,2012-02-08 21:12:33,evening,2,0,1,long,high,Philadelphia,Dim Sum,2,1,0
Wmux4GgQkNBGz4mb0BBT3w,B6Lvq3sOYwhKxPzadDka9g,5.0,2012-02-08 21:22:24,evening,2,0,1,long,high,Collingswood,Food,3,0,1
TylOr9YYTV3znqIvH7kdmQ,oQ5CPRt0R3AzFvcjNOqB1w,4.0,2012-02-09 01:56:31,night,3,0,1,long,high,Nashville,Barbeque,2,1,1
4Psac6uj06y_5EPv6CL56g,PYW8Buz8S8LpjIe6mZTAcw,5.0,2012-02-09 02:17:05,night,3,0,0,medium,high,Greenwood,Food,2,0,0
3PB1TY8e8NnnHBHTb96p7Q,17Y8circEnkMMXKfLo8Ztg,5.0,2012-02-09 15:21:45,afternoon,3,0,1,long,high,Philadelphia,Restaurants,1,0,1
P-YebwBHwvPL4kfU8xXhNA,jOOOrH5n2ijnsZKxzPSAiw,4.0,2012-02-09 15:36:03,afternoon,3,0,1,long,high,Nashville,Caterers,1,0,1
t1NmJ-g09NijXqycgF-evA,f4vbnGoGo3eWorVekctVGQ,5.0,2012-02-09 16:57:38,afternoon,3,0,1,long,high,New Orleans,Restaurants,2,0,1
TUR21jv1-_GCwmeO3ouOBg,unkGQNCeDkAUOaZAg8HC5w,3.0,2012-02-09 18:12:03,afternoon,3,0,1,long,high,Tampa,Restaurants,1,0,0
DbNKK25oOzfHxyfBHlOaDg,0BNR2_vrxuXG6I7f3Y6LZQ,5.0,2012-02-10 01:34:00,night,4,0,1,long,high,NASHVILLE,Food,2,0,0
HQG3no8C5U31z-k1MaYCqQ,X7YBx8CybmIPymZ0ThCmng,3.0,2012-02-10 03:34:02,night,4,0,1,long,high,Saint Louis,Restaurants,2,1,1
HQG3no8C5U31z-k1MaYCqQ,_aKr7POnacW_VizRKBpCiA,4.0,2012-02-10 03:52:31,night,4,0,1,medium,high,Saint Louis,Delis,1,1,0
LfW6kFWMDV0NC6Dl1Xy9Mg,encfXG_jrG1M6gX1IqrHrw,2.0,2012-02-10 20:36:19,evening,4,0,1,short,high,Tampa,Restaurants,2,1,1
RY4dBYybgQLaXQYz-LMpLA,QGUj9Za0iG_OJz0CqujE_Q,2.0,2012-02-11 02:38:12,night,5,1,1,medium,high,Saint Petersburg,Sandwiches,1,0,1
CMQ66mdfbGZkeU5K-KVOCw,7clCBgNbd-x2Wj96lZ6Mjw,4.0,2012-02-11 19:14:11,evening,5,1,0,medium,high,Indianapolis,Food,2,1,0
ptszYqvULb9AT04VfKaXfg,NVpbPRDvfwjb85CJwWE0nQ,3.0,2012-02-11 20:17:56,evening,5,1,1,long,high,Huntingdon Valley,Chinese,2,0,0
ptszYqvULb9AT04VfKaXfg,Uj8UjZN3RTafE9gJWz1pvQ,4.0,2012-02-11 20:23:18,evening,5,1,1,long,high,Hatboro,Donuts,1,0,0
ptszYqvULb9AT04VfKaXfg,mtGTna-hyFhErb4Zma32IA,2.0,2012-02-11 20:39:20,evening,5,1,1,long,high,Glenside,Diners,1,0,1
lMY8NBPyzlPbbu-KBYfD9A,uqXYVxIwoEsFFjEHBlMZQA,5.0,2012-02-12 00:05:46,night,6,1,1,medium,high,Saint Louis,Desserts,2,1,1
VEj1OuO6QrQMXFhuMZJ8cQ,sdWuLh-auc0nC2Jy6_26AQ,4.0,2012-02-12 00:49:19,night,6,1,1,long,high,Philadelphia,Bars,2,1,0
JMsKTU2OCwC5VY8Zrl5tAA,jOOOrH5n2ijnsZKxzPSAiw,2.0,2012-02-12 02:13:23,night,6,1,1,short,high,Nashville,Caterers,1,0,1
o15SFerEo23dMSiY_P2xEw,VrGxoSNZfSiT-G4OqRRGIw,5.0,2012-02-12 06:20:11,night,6,1,1,long,high,Saint Louis,Bars,2,1,1
GG0mFsEXb-02_dzFPqRV1Q,eMiN8nm70jjKg8izikVWDA,3.0,2012-02-12 16:01:34,afternoon,6,1,1,long,high,Philadelphia,Seafood,2,1,1
ojxS1v-8nUvEEx4DlsPQrA,FsRAHiYUERqUIeGVt49svA,3.0,2012-02-13 02:40:55,night,0,0,1,medium,high,Philadelphia,Restaurants,1,0,0
5k_g7SIrcVotE8tqNcQVOQ,Ql466RUZPLvKo_Cc9kIWzQ,2.0,2012-02-13 03:22:49,night,0,0,0,medium,high,Lafayette Hill,Sushi Bars,2,0,0
P-YebwBHwvPL4kfU8xXhNA,ndJrd9xvEhtLHNmoGkC2sg,1.0,2012-02-13 16:14:37,afternoon,0,0,1,medium,high,Brentwood,Chicken Wings,2,1,1
5Y5KbsI5buMcNh2hTFaRpA,dD2p903p8lU0IgXT3OFluA,5.0,2012-02-14 03:41:49,night,1,0,1,long,high,Nashville,Breakfast & Brunch,1,1,1
b-DA7VhnYRLg6q5jIK3RNw,AzseSGgDC6bVtMPEYo1CNQ,5.0,2012-02-14 09:07:58,morning,1,0,0,long,high,New Orleans,Food,2,0,0
24n-CeWJiJMTV1cYvNmezQ,Oun4NN-u5yiHIxDqtJnxgA,4.0,2012-02-15 00:04:34,night,2,0,1,long,high,Philadelphia,Restaurants,1,0,0
2xWGCfc2GeTEaspPPPKSOA,O286wXm4mcznQn_1JieD1g,4.0,2012-02-15 13:07:15,afternoon,2,0,1,long,high,Philadelphia,Event Planning & Services,3,0,0
pNF7ShX5v_BqbRNe0mFCUw,pHBwvBG3iZdOfpLNZTkVWQ,4.0,2012-02-15 23:31:23,evening,2,0,0,medium,low,Philadelphia,Italian,1,1,0
pNF7ShX5v_BqbRNe0mFCUw,_T0cPZE2ZJOTTlYYKMP64Q,4.0,2012-02-16 01:34:46,night,3,0,0,short,low,Philadelphia,Cupcakes,1,0,0
TVN3qoXU0-sateboutdCZg,Qbxo9pb5yDsbD3GSuzYOjQ,4.0,2012-02-16 03:46:00,night,3,0,1,medium,high,Collingswood,American (New),2,0,0
ouODopBKF3AqfCkuQEnrDg,dBCNUSbz5-8nQNrxWo5deg,5.0,2012-02-16 04:49:08,night,3,0,1,long,high,Southampton,Restaurants,2,1,0
eTvp_hYnsrI5-ow_sQ31_g,nRKndeZLQ3eDL10UMwS2rQ,5.0,2012-02-19 19:11:11,evening,6,1,1,medium,high,Saint Louis,Ice Cream & Frozen Yogurt,1,0,0
WuiEYopWZOWOuWQD87fVSw,WIv5kTb_P3jnngPkMeRRNw,3.0,2012-02-29 21:46:26,evening,2,0,1,medium,high,Philadelphia,Sushi Bars,2,0,0
owRJSf6XpxG0d9vBl04uAQ,_49FsmTfruZSTjxU4OwOsg,3.0,2012-02-29 23:21:07,evening,2,0,1,long,high,Nashville,Greek,2,1,1
_YBX0Fy9pI0ktOQ9RtFhAg,vN6v8m4DO45Z4pp8yxxF_w,3.0,2012-03-01 01:00:00,night,3,0,1,long,high,New Orleans,Vegetarian,2,1,0
oSeE_p_gYxI82APPWJhJjg,Oun4NN-u5yiHIxDqtJnxgA,4.0,2012-03-01 02:07:58,night,3,0,1,long,high,Philadelphia,Restaurants,1,0,0
kaa6i7IHMyYIom7DIul9EQ,EtKSTHV5Qx_Q7Aur9o4kQQ,5.0,2012-03-01 04:59:48,night,3,0,1,long,high,Philadelphia,Bars,2,1,1
eVWgnIaMMelbcIzydSqWMA,I5KZm-NnxYeEQsmp6nK5_w,4.0,2012-03-01 14:20:37,afternoon,3,0,1,long,high,Philadelphia,Food,2,1,1
XjLvFaNKzzprEDRR-3kxsQ,MZW_eTFYFBvHYg5OFqDRCA,2.0,2012-03-01 14:26:19,afternoon,3,0,0,long,high,Wilmington,Burgers,2,1,1
XjLvFaNKzzprEDRR-3kxsQ,OlOVRlcEstxKK_6hMjy63A,4.0,2012-03-01 14:29:02,afternoon,3,0,0,medium,high,Wilmington,Restaurants,2,1,0
pqBLlY7_IoGbu6ZdTFjzxw,jwGGsDKKOsrLjncBtDnHtw,5.0,2012-03-01 17:16:22,afternoon,3,0,1,long,high,Nashville,Hookah Bars,2,1,0
TINJU5ib4OMlCL07JqYGhA,YB26JvvGS2LgkxEKOObSAw,2.0,2012-03-01 18:53:15,afternoon,3,0,1,long,high,Metairie,Sushi Bars,2,1,0
1HM81n6n4iPIFU5d2Lokhw,_SjdrpSZdiXVSwaJR5T9jw,3.0,2012-03-01 19:53:58,evening,3,0,1,long,high,New Orleans,Barbeque,2,1,1
vDACtEdgJP3mS-U0_NA0Pw,33JlrWf0kmHd2VzW58Wp0g,5.0,2012-03-02 01:45:53,night,4,0,1,long,high,Saint Louis,Bars,2,1,1
ouODopBKF3AqfCkuQEnrDg,4iTsgayXGV8zYppognuQXg,2.0,2012-03-02 01:53:30,night,4,0,1,long,high,Radnor,Food,2,0,0
haebF6ELoYWkHcwODPPBmw,NVN_23yYJDf_RAinqFICDA,4.0,2012-03-02 14:54:26,afternoon,4,0,1,long,high,Philadelphia,Hot Dogs,1,0,0
MO-ecGSRdYr4aF92G3Rc0g,M0r9lUn2gLFYgIwIfG8-bQ,4.0,2012-03-02 15:43:30,afternoon,4,0,1,long,high,Saint Louis,Ice Cream & Frozen Yogurt,2,1,0
_BcWyKQL16ndpBdggh2kNA,L3V21nAe-CicW2bvtNWa0g,1.0,2012-03-02 18:52:38,afternoon,4,0,1,medium,high,Philadelphia,Sushi Bars,2,1,0
vLxpEHKZFzv8LYY5eeGjTg,twNHYgtUkxoeFbLHxdhsOw,4.0,2012-03-02 19:22:29,evening,4,0,1,long,high,Indianapolis,Specialty Food,2,1,1
gGuAM6Cw1VXJGLssm24ehA,5AOkxsg6UJQ_CoJTMBDUmQ,2.0,2012-03-02 21:08:29,evening,4,0,1,medium,high,New Orleans,American (New),3,1,1
RCZ5M9o2-fxgFuurpmEs3w,HwzX71bG7DVciNpuW32M3A,4.0,2012-03-03 01:06:40,night,5,1,0,medium,high,Exton,Restaurants,2,1,0
3Zl3RokY8eyRJQbbQmuOuA,1UNorskttXSWuEcgzKzXcA,1.0,2012-03-03 06:10:39,night,5,1,1,long,high,Philadelphia,Lounges,3,1,1
Zn8tgekH0oCfyk4SUtygoA,SySSMQNIfXN4KZyMtEukEw,3.0,2012-03-03 13:22:49,afternoon,5,1,1,medium,high,Tampa,Steakhouses,3,1,0
ld0AperBXk1h6UbqmM80zw,NT5S6JV5wPwKOd3s3Yh1zQ,5.0,2012-03-03 15:32:13,afternoon,5,1,1,short,high,Nashville,Restaurants,2,1,0
N0duXRMkI3zKTDUEBai_Yg,Hcn6gI1MLg4tUJ9SfdUVqg,5.0,2012-03-03 16:21:50,afternoon,5,1,0,medium,high,Edmonton,Food,2,1,1
VUllFn1I5j056JyVqsQXBQ,7L1kXfwU5XM6f6Jxo_L7Yg,3.0,2012-03-03 16:23:40,afternoon,5,1,1,long,high,Tucson,Latin American,2,1,1
xc1opNkFCnAjsPXs7jqtfg,K8b2MQ5Az59-nzvqUfjJEQ,5.0,2012-03-03 17:30:06,afternoon,5,1,0,long,high,Philadelphia,American (New),3,0,0
mmSvRe11vbz3XTXw5bFJJg,MO82R6jbTZQJDSFgjde2NQ,4.0,2012-03-03 18:47:38,afternoon,5,1,1,long,high,Tucson,Department Stores,2,0,0
6wN6SzUY9KmantGkRPnP9A,7EhTT4iEuA7JaaWA-eI3Qw,3.0,2012-03-03 20:40:05,evening,5,1,1,long,high,Pinellas Park,Food,1,0,1
RgDVC3ZUBqpEe6Y1kPhIpw,5xokROlB8Zo5T-_qbHzsrQ,5.0,2012-03-03 21:53:05,evening,5,1,1,medium,high,Tampa,Food,2,1,1
8lH88XdzbQKTFg9WQZeuCw,oJRjeio1OBablDFr--__Xg,2.0,2012-03-04 01:58:24,night,6,1,1,long,high,Tampa,Food,1,1,0
UIfrDcxG6JqZKBjOG3xQ-Q,I0jFTYVDs-WHwKR2XHQlRA,4.0,2012-03-04 03:43:52,night,6,1,0,long,high,Santa Barbara,Thai,2,1,0
fs5bpfk-2pvq2v8S1De5pQ,mBcvp7NarEQEviJyRiX23Q,4.0,2012-03-04 07:15:22,morning,6,1,0,medium,high,Philadelphia,Coffee & Tea,2,0,1
TINJU5ib4OMlCL07JqYGhA,5wgoIQXyP3BEPZLiVi1W8A,4.0,2012-03-04 16:32:06,afternoon,6,1,1,long,high,New Orleans,Arts & Entertainment,2,1,1
fs5bpfk-2pvq2v8S1De5pQ,dWoYU1l6t7_VB2LHYLHxmw,3.0,2012-03-04 18:57:11,afternoon,6,1,0,short,high,Philadelphia,Grocery,2,0,0
ouODopBKF3AqfCkuQEnrDg,_PQzeo8P2sGczzFEifrK-Q,5.0,2012-03-04 19:31:07,evening,6,1,1,medium,high,Philadelphia,Food,2,0,0
-B-QEUESGWHPE_889WJaeg,S3QHy1sshUeZwXOYviVsXQ,3.0,2012-03-04 22:23:18,evening,6,1,1,long,high,Montecito,Food,3,1,1
-B-QEUESGWHPE_889WJaeg,MAIfD4kJDCydgoD1l2b_vw,4.0,2012-03-04 22:52:35,evening,6,1,1,long,high,Santa Barbara,Wine Bars,2,1,1
xc1opNkFCnAjsPXs7jqtfg,K8b2MQ5Az59-nzvqUfjJEQ,5.0,2012-03-05 00:35:39,night,0,0,0,long,high,Philadelphia,American (New),3,0,0
shtMJsO82eegjgtjlCZmKg,IZv79jZv6el1sBHrG7426g,5.0,2012-03-05 00:45:37,night,0,0,0,long,high,Des Peres,Steakhouses,3,1,1
kDeyHdQGVGdqYM11Q6lMTA,RwOV1rfT7vA1qw8vgf-yBA,3.0,2012-03-05 00:51:58,night,0,0,1,long,high,Saint Louis,Burgers,1,1,1
lYQk0R6sPfo3WeX-l_5BuA,zVoxVPHEt11_0GzqNuT2ZQ,4.0,2012-03-05 02:25:46,night,0,0,1,long,high,Saint Louis,Restaurants,2,1,0
ouODopBKF3AqfCkuQEnrDg,iKeIcErytzgR50hffOBLUg,4.0,2012-03-05 03:26:31,night,0,0,1,long,high,Bryn Mawr,Pizza,2,0,0
AmM4Lfk15XfqRGCINWgkOQ,zVoxVPHEt11_0GzqNuT2ZQ,4.0,2012-03-05 04:03:47,night,0,0,1,long,high,Saint Louis,Restaurants,2,1,0
AmM4Lfk15XfqRGCINWgkOQ,TRxR32_T_7Ly_RW4Ke97fw,4.0,2012-03-05 04:20:15,night,0,0,1,long,high,Saint Louis,Chinese,1,0,0
S1bcv4QpwW7Ysy0T9edlOQ,ydY1FKBgpgXvhxpVPMbinA,3.0,2012-03-05 12:46:01,morning,0,0,1,medium,high,Philadelphia,Food,2,1,0
z9uf9-0uX5Jh8-4Y5l2PQg,NVN_23yYJDf_RAinqFICDA,4.0,2012-03-05 14:31:26,afternoon,0,0,1,long,high,Philadelphia,Hot Dogs,1,0,0
IKbjLnfBQtEyVzEu8CuOLg,F8yozE3NWnImNApHO347gQ,4.0,2012-03-05 15:16:30,afternoon,0,0,1,long,high,Philadelphia,Restaurants,2,1,1
wAgg_B9OQzL8_UF8ozu1eQ,0CeDwvLyRVgr-fq-DHk1sQ,3.0,2012-03-05 15:37:13,afternoon,0,0,1,medium,high,St. Louis,American (New),1,1,0
1HM81n6n4iPIFU5d2Lokhw,gC8i-lxwvGhVpOXM5eYdtA,3.0,2012-03-05 15:50:43,afternoon,0,0,1,long,high,New Orleans,Mexican,2,0,0
1HM81n6n4iPIFU5d2Lokhw,Q_Wo3rX84Dy-YdQsiDmrWw,3.0,2012-03-05 16:27:02,afternoon,0,0,1,long,high,New Orleans,Jazz & Blues,2,1,1
U7JinPjZhXocl8FL_5cJ0A,dSPA4yql9vUwnYRxHiVtHA,4.0,2012-03-05 18:45:43,afternoon,0,0,0,medium,high,Philadelphia,Sushi Bars,2,0,1
eWu1xPt52B-yMZmIyBIUsw,TRxR32_T_7Ly_RW4Ke97fw,4.0,2012-03-05 19:10:03,evening,0,0,1,long,high,Saint Louis,Chinese,1,0,0
S9vtNMvKK3B8V6dWaiS0Mg,_owHO6DTYU-XVP8jAcgZFw,4.0,2012-03-05 20:10:41,evening,0,0,1,long,high,Nashville,Pizza,2,1,1
gGuAM6Cw1VXJGLssm24ehA,xkgbgwTlkhzwo4ya_eIW-g,4.0,2012-03-05 20:50:50,evening,0,0,1,medium,high,Metairie,Coffee & Tea,1,0,1
03F1c27jkAikld3z5tSdpQ,zwXT4m9svdg-xh2cKjEp-Q,4.0,2012-03-05 20:50:50,evening,0,0,1,long,high,Kennett Square,Mexican,2,1,0
4qWYQFByYk7GXaoKKX8EHQ,9ErL3RgoLljuSZdDmk-iRw,3.0,2012-03-06 00:31:36,night,1,0,1,medium,high,Sherwood Park,Nightlife,2,1,1
r8KcPxZ-x-SjDMl7V_IWlQ,f4vbnGoGo3eWorVekctVGQ,2.0,2012-03-06 01:03:59,night,1,0,1,medium,high,New Orleans,Restaurants,2,0,1
r8KcPxZ-x-SjDMl7V_IWlQ,bMpKXcKFetJQsa42UR25cQ,5.0,2012-03-06 01:09:35,night,1,0,1,medium,high,New Orleans,Bars,2,1,1
EMMKdK1cGrLSo08wgSYHJQ,5S3Cc7EsEo66BSL7s6iF-w,4.0,2012-03-06 02:35:54,night,1,0,1,medium,high,Philadelphia,Bubble Tea,1,1,0
PLjbQwb1jpuzJwTv9nSI1g,cx2fwY66_xTNFo0p2EEC4g,5.0,2012-03-06 03:47:59,night,1,0,1,medium,high,Media,American (New),2,1,1
0Igx-a1wAstiBDerGxXk2A,kYFJQDMHsubrwDfRpEfDTA,4.0,2012-03-06 04:21:37,night,1,0,1,long,high,New Orleans,Restaurants,1,0,1
EP8o8JnQSI0WEkeodwA8lA,kYFJQDMHsubrwDfRpEfDTA,2.0,2012-03-06 12:50:52,morning,1,0,1,long,high,New Orleans,Restaurants,1,0,1
SJvCPlJ5X6Jkbc0TggIiCg,fMsfxOQR01YZPRCnqoNuww,3.0,2012-03-06 15:20:57,afternoon,1,0,1,long,high,Clayton,Food,1,1,1
z-30NhddTouV8pz42IEx1g,HjQO6KoOsdNk-rHpYwYfNQ,2.0,2012-03-06 16:32:09,afternoon,1,0,1,long,high,Frontenac,Food,3,1,0
khvn7hhX08g33N5niO676w,B10mqANgHvL8gBteo1UhAA,2.0,2012-03-06 22:13:39,evening,1,0,0,medium,high,Tucson,Restaurants,2,1,1
yNEuxv_oq2w2bVkMy7Gz6A,Ety2Z0CImO6FYDV6L5Ahkw,4.0,2012-03-06 23:22:22,evening,1,0,0,medium,high,Lansdale,Thai,2,0,0
USD9k93iOIB88v93B5iBcw,7lwe7n-Yc-V9E_HfLAeylg,4.0,2012-03-07 02:23:59,night,2,0,1,medium,high,Philadelphia,Restaurants,2,1,1
_qRphMRxUzp_Vjk7ZIjWBA,cmkyXHQ1oqLTeLt5QjnQJQ,3.0,2012-03-07 05:18:01,night,2,0,1,medium,high,Hermitage,American (Traditional),2,1,0
x7UU1bdc2INFrZFwp6yOPw,xJIeT5--AiPdvPb5BRflyQ,2.0,2012-03-07 06:06:25,night,2,0,1,medium,high,Riverview,Nightlife,1,1,1
aM3T4jeHY_fswn6xQ41rtw,h2nBTqJVHAyltyeq7sZZ-w,4.0,2012-03-07 13:56:15,afternoon,2,0,1,long,high,Mullica Hill,Restaurants,2,0,1
TsurX2CrXCVebYR7cG5_lQ,Oun4NN-u5yiHIxDqtJnxgA,5.0,2012-03-07 15:20:32,afternoon,2,0,1,long,high,Philadelphia,Restaurants,1,0,0
TINJU5ib4OMlCL07JqYGhA,kYFJQDMHsubrwDfRpEfDTA,2.0,2012-03-07 18:20:30,afternoon,2,0,1,long,high,New Orleans,Restaurants,1,0,1
hZ-ZtZ3bqZg6GhWepqj20g,4xEJiEQERBvr2jAZQSeF2g,5.0,2012-03-07 19:24:32,evening,2,0,1,long,high,Saint Louis,Tapas/Small Plates,2,1,1
cqc-QLN0HjcyoERza34HGg,SySSMQNIfXN4KZyMtEukEw,5.0,2012-03-08 02:25:16,night,3,0,0,short,high,Tampa,Steakhouses,3,1,0
JITevzyEgskIJc6sgOyEgw,1Pxg1AMf0rEn9QF__ZYoWw,4.0,2012-03-08 14:42:33,afternoon,3,0,1,long,high,Nashville,Japanese,2,1,0
Hn8O2RQijYIVLFNF5VPWTA,iVegX9epKU8R0eRAEwQ6Yg,5.0,2012-03-08 15:07:43,afternoon,3,0,1,medium,high,New Orleans,Restaurants,2,1,0
bAzdeuQiR80wVOLUh7ox7g,VCjvaX_78oEKG3I9oTJEag,4.0,2012-03-08 17:38:48,afternoon,3,0,1,long,high,New Orleans,Coffee & Tea,1,0,1
VTHNbsEN_tmd7_--2Wv6LQ,-ksLHy9XXZVYuIVowdRc_w,4.0,2012-03-09 00:00:16,night,4,0,1,long,high,Carmel,American (New),2,1,1
cFaHx-FkCnzdfF8BccukIg,citzbW-2MVEZRNBqpVO-Jw,2.0,2012-03-09 15:42:53,afternoon,4,0,0,long,high,Wilmington,American (Traditional),2,1,1
Xth3HA2SYz34ae1r4w8NqA,MnKgN5crTUuxROY2aoadtQ,3.0,2012-03-09 19:37:55,evening,4,0,0,long,high,Saint Louis,Music Venues,2,1,1
mxZfJDk8_cOO19c7xiMffQ,uIZwBkvWicqyWraXvYOipw,4.0,2012-03-09 20:56:22,evening,4,0,1,long,high,Philadelphia,Restaurants,3,1,0
nC9V777rlZbKWm3m0QlXYg,bb76HnMUTA-qg2UbFa9dYA,2.0,2012-03-09 21:11:23,evening,4,0,0,long,high,Edmonton,Middle Eastern,3,1,1
fs5bpfk-2pvq2v8S1De5pQ,IgNDlyLERBwFGphgcC5VDQ,3.0,2012-03-10 06:41:57,night,5,1,0,medium,high,Philadelphia,Sandwiches,1,0,1
ZdYHJ-hctaaDeH1CpP7-EA,HwzX71bG7DVciNpuW32M3A,3.0,2012-03-10 14:45:01,afternoon,5,1,1,long,high,Exton,Restaurants,2,1,0
9kbV0gn3Ea2eAMV-Z_eX8Q,p3Vbzk03kNiI0tr181qamA,4.0,2012-03-10 15:04:41,afternoon,5,1,1,long,high,Indianapolis,American (New),2,1,1
ie9VaHvAaQgjMJP3Gn-AQQ,lRbHFOIFuusN2WOR_ypQ_A,3.0,2012-03-10 17:13:11,afternoon,5,1,1,long,high,Philadelphia,Restaurants,2,0,0
9kbV0gn3Ea2eAMV-Z_eX8Q,Dtuf4vD0znzwJW9vk3iTNw,5.0,2012-03-11 05:21:03,night,6,1,1,medium,high,Indianapolis,Steakhouses,2,1,0
cIVmIJD7nIiEcVGamfBoVw,yzyVZnGoab-Vpqy69wCXjA,4.0,2012-03-11 16:16:31,afternoon,6,1,1,medium,high,Merchantville,Restaurants,1,0,0
shtMJsO82eegjgtjlCZmKg,lj-E32x9_FA7GmUrBGBEWg,5.0,2012-03-12 00:02:30,night,0,0,0,long,high,St Louis,Bars,2,1,1
0oWnBfUjAv7ZmTWaW8Ufdg,4_W5pstoN1166TGjjPOrMg,5.0,2012-03-12 18:55:18,afternoon,0,0,1,long,high,Philadelphia,American (Traditional),2,1,1
Jt3GylPuH64uA3zTdbMdCg,WFRro-8uIBpKoJ1VSKrpdw,4.0,2012-03-13 02:45:09,night,1,0,1,long,high,Philadelphia,Ice Cream & Frozen Yogurt,1,0,0
BrfStKKOVtT-BZGuT9qJwA,EjwrtCJDCZBUS_uTvpHMSw,3.0,2012-03-13 13:36:33,afternoon,1,0,1,medium,high,Blackwood,Bars,2,1,1
_YBX0Fy9pI0ktOQ9RtFhAg,Y0JF1UN7pfWJ-GuzuVXM0g,1.0,2012-03-13 16:22:13,afternoon,1,0,1,long,high,New Orleans,Restaurants,2,1,1
XsnL3gdNiPRnj9svFvz-EA,neWdmzHgbpqSx62jynDd7A,4.0,2012-03-13 21:02:50,evening,1,0,1,long,high,New Orleans,Seafood,3,1,1
B3s7gBz3NMFOaNvrzWzLIA,Iv8-bf_PC-wGn5alDpaABg,4.0,2012-03-14 01:25:19,night,2,0,1,long,high,Saint Louis,Restaurants,1,1,1
XsnL3gdNiPRnj9svFvz-EA,_SjdrpSZdiXVSwaJR5T9jw,4.0,2012-03-14 06:13:30,night,2,0,1,long,high,New Orleans,Barbeque,2,1,1
Slc16vviuuTWgZ9OsaJzKQ,Vx8lGiwyVyxGM-IEwmZIxg,4.0,2012-03-14 17:25:32,afternoon,2,0,0,medium,high,Drexel Hill,Ice Cream & Frozen Yogurt,1,0,0
82UbpDEPMGJ9Sod8a1U-cg,-ATiAtTikuGuqvaW2O6tNA,4.0,2012-03-14 19:25:45,evening,2,0,1,long,high,Philadelphia,Sandwiches,2,1,1
XRodxenm9sHoYbD15Em4nQ,Zi-F-YvyVOK0k5QD7lrLOg,5.0,2012-03-15 01:56:48,night,3,0,1,long,high,New Orleans,Cajun/Creole,3,1,0
cIVmIJD7nIiEcVGamfBoVw,Iz3nG8ikhvLob4w8jLRlCg,2.0,2012-03-15 14:47:23,afternoon,3,0,1,long,high,Clementon,Bars,2,1,0
cIVmIJD7nIiEcVGamfBoVw,tNnVxOC_9p8UK3N_2-yCtQ,4.0,2012-03-16 13:05:20,afternoon,4,0,1,long,high,Cherry Hill,Korean,2,0,0
CHYvZ-r1_bSMfBCswelaBw,oQ5CPRt0R3AzFvcjNOqB1w,4.0,2012-03-18 13:47:27,afternoon,6,1,1,long,high,Nashville,Barbeque,2,1,1
ycXDvH-nE4SbKOr5hyTVkQ,McQo2QJGt1BI9oPu6KLDjg,5.0,2012-03-18 17:18:58,afternoon,6,1,1,long,high,Indianapolis,Specialty Food,2,0,0
_YBX0Fy9pI0ktOQ9RtFhAg,oLc7k78_YcDMnMCdbC-h1A,4.0,2012-03-19 06:24:09,night,0,0,1,long,high,New Orleans,American (Traditional),2,1,1
RMrWegRjr3gn_g7fOLxHRA,JbKTtN9goxrWEvuGmE4FOQ,4.0,2012-03-19 17:08:54,afternoon,0,0,1,short,high,Philadelphia,Restaurants,1,0,0
ZTvil7E2JbtORKm0bu6MKQ,eaDZlSuVS0EY67Ke6pRP6Q,5.0,2012-03-20 19:17:42,evening,1,0,1,medium,high,Philadelphia,Malaysian,2,1,0
ehyPshZQevkQCmKKFOTZTQ,7IGODjRWVo96UF71P_nJqg,5.0,2012-03-30 12:52:00,morning,4,0,0,long,high,Brentwood,Food,2,0,0
ehyPshZQevkQCmKKFOTZTQ,1ig2AJg8A08_XA3pFAMiRQ,4.0,2012-03-30 13:21:27,afternoon,4,0,0,medium,high,Franklin,Steakhouses,3,1,0
Xlb-Hxrvkfyadnkmk5hrgw,kSQNBSWTLlo-SwR6IcpvHA,4.0,2012-03-30 13:22:04,afternoon,4,0,1,medium,high,Indianapolis,Restaurants,2,1,0
nC9V777rlZbKWm3m0QlXYg,-ui0RWrHmm4DQPFMVh2_Yw,2.0,2012-03-30 13:40:35,afternoon,4,0,0,long,high,Edmonton,Japanese,2,1,0
ehyPshZQevkQCmKKFOTZTQ,xs5gxwXz1QFlWy62XAH-9Q,3.0,2012-03-30 14:12:26,afternoon,4,0,0,medium,high,Franklin,Pizza,1,1,1
pUNvLJwdJIOemOgU98mp1w,kE8XRJWDRnrihtgm5cLU_g,5.0,2012-03-30 14:28:56,afternoon,4,0,1,long,high,Norristown,Event Planning & Services,2,0,0
afGccMxMBgLD4i-8EUE06w,e86IBzGCsrnhJbD_wELj7w,3.0,2012-03-30 16:34:35,afternoon,4,0,1,long,high,Saint Louis,Gluten-Free,3,1,0
i84YDhPbxtq9F8ipmtR5vg,SIoCIxjn4jLt2O-4DajWJw,4.0,2012-03-30 16:46:18,afternoon,4,0,1,long,high,Philadelphia,Nightlife,2,1,1
i84YDhPbxtq9F8ipmtR5vg,INWHqjudS0vDcVKlHyz69A,4.0,2012-03-30 17:04:35,afternoon,4,0,1,long,high,Drexel Hill,Event Planning & Services,2,0,1
a-8ZuiQk4EsWgebrG-K2HQ,wsr5zfPb6OZX4mQ7S-D8rQ,3.0,2012-03-30 19:10:48,evening,4,0,1,long,high,Philadelphia,Bars,2,1,0
Oi1qbcz2m2SnwUeztGYcnQ,RZtGWDLCAtuipwaZ-UfjmQ,4.0,2012-03-30 19:55:40,evening,4,0,1,long,high,Philadelphia,Pizza,2,1,1
ehyPshZQevkQCmKKFOTZTQ,vG9aD-fvsIimgo-l7u8-AA,4.0,2012-03-30 20:30:20,evening,4,0,0,medium,high,Franklin,Restaurants,2,1,1
bYENop4BuQepBjM1-BI3fA,zVoxVPHEt11_0GzqNuT2ZQ,1.0,2012-03-31 14:52:20,afternoon,5,1,1,long,high,Saint Louis,Restaurants,2,1,0
B3s7gBz3NMFOaNvrzWzLIA,JBGNJR4pBRiyThsoKWsdnQ,4.0,2012-03-31 17:06:59,afternoon,5,1,1,long,high,Creve Coeur,Salad,1,0,1
IKbjLnfBQtEyVzEu8CuOLg,mUIBtlWNPD7sz3rGGWQ1RA,3.0,2012-03-31 19:12:32,evening,5,1,1,long,high,Philadelphia,Mediterranean,2,0,1
v8psG2QZjR4jx_Qs90CHlA,D2kZP7jvrWTuRzcPY6NbqA,3.0,2012-03-31 20:06:50,evening,5,1,1,medium,high,St. Petersburg,Restaurants,1,1,1
j8bKTkTidPD-B_-2ceaRhw,wLHodvVFLTgK3nl2XG8OCw,5.0,2012-03-31 22:13:16,evening,5,1,0,long,high,Nashville,Ethnic Food,3,1,1
PKzt4KMQpQIRSvOYo3EdFw,kimOwpoIWzJJx7NHTAj74Q,4.0,2012-04-01 00:27:05,night,6,1,0,long,high,Philadelphia,Thai,2,0,0
ZTvil7E2JbtORKm0bu6MKQ,3BJxm-HnvzdwD1zjmSbmyQ,5.0,2012-04-01 03:05:44,night,6,1,1,long,high,Philadelphia,Restaurants,1,0,0
zTwwciNRMedBvUS3-_8h6g,ngvE1G9IckUO-ljZBFo23w,5.0,2012-04-01 08:33:01,morning,6,1,1,long,high,Philadelphia,Indian,1,0,0
-B-QEUESGWHPE_889WJaeg,V4lqQdll3_TAEtkrHDYbAA,4.0,2012-04-01 16:19:34,afternoon,6,1,1,medium,high,Goleta,Italian,1,1,1
ouODopBKF3AqfCkuQEnrDg,_ahiaZVH2uVzVaZ0SF2uOg,1.0,2012-04-01 17:29:47,afternoon,6,1,1,long,high,North Wales,Breakfast & Brunch,1,0,0
56EIJcxLHYDSxIBygJEApQ,k3sED9tpGEOtzhGxvcxTrw,4.0,2012-04-01 20:19:22,evening,6,1,1,medium,high,Metairie,Restaurants,1,1,0
MT65fT216MAENAaY-SIV-g,aOJdNN7IsxR7xy9H_bJuLQ,4.0,2012-04-01 22:07:12,evening,6,1,1,long,high,Doylestown,Food,2,0,1
JMsKTU2OCwC5VY8Zrl5tAA,QpPc51mH86xyrRmnFijpTQ,3.0,2012-04-01 22:14:02,evening,6,1,1,long,high,Hendersonville,Coffee & Tea,1,0,1
i71NCgfIOahuW58s8cd_KA,v_0WykkMaIvYttp79mnyfA,2.0,2012-04-02 00:09:03,night,0,0,1,medium,high,Reno,Restaurants,2,1,0
_Wkf2RNDnBuqMOpzSqmZXw,6tkLSbQ_EPc6PM9vGrHK8A,3.0,2012-04-02 00:41:09,night,0,0,1,medium,high,Reno,Shopping,2,0,0
RRsbPGYyKJ3zqMMkzcHZaQ,tJCnUtGdyPyOGt5kudLrTA,3.0,2012-04-02 01:04:49,night,0,0,1,long,high,Philadelphia,Pizza,1,0,0
Jt3GylPuH64uA3zTdbMdCg,SVV1VmybJGXGge6nFuHy_A,5.0,2012-04-02 03:15:05,night,0,0,1,medium,high,Philadelphia,Specialty Food,3,0,0
TLpnu9BZNLTuB1ngxjnIpA,SVSafDWg9r2Q5XEVOLPSSA,4.0,2012-04-02 06:11:06,night,0,0,1,medium,high,Reno,Cantonese,2,1,0
0MJ5sKX5uq7Ma5hbl4l3BQ,htO_nlxkEsYHzDrtbiUxew,4.0,2012-04-02 10:39:52,morning,0,0,1,long,high,Philadelphia,Restaurants,1,0,0
bYENop4BuQepBjM1-BI3fA,zVoxVPHEt11_0GzqNuT2ZQ,2.0,2012-04-02 12:48:34,morning,0,0,1,medium,high,Saint Louis,Restaurants,2,1,0
_BcWyKQL16ndpBdggh2kNA,CJ3t6dw60CdpflWKe3b78Q,3.0,2012-04-02 12:56:41,morning,0,0,1,long,high,Plymouth Meeting,Japanese,3,1,0
GevrFd8ojonAr4fEQB9WfA,Q-prSTdggNlxAEFV88BZOw,5.0,2012-04-02 13:43:51,afternoon,0,0,1,medium,high,Philadelphia,Beer,2,1,1
VlWFHDz-ONz1tiWSD7obcw,VZfc50XVwgdCecH4YbGNFg,5.0,2012-04-02 14:08:33,afternoon,0,0,0,long,low,Tampa,American (New),2,1,1
SJvCPlJ5X6Jkbc0TggIiCg,M0r9lUn2gLFYgIwIfG8-bQ,4.0,2012-04-02 14:51:16,afternoon,0,0,1,long,high,Saint Louis,Ice Cream & Frozen Yogurt,2,1,0
v8psG2QZjR4jx_Qs90CHlA,mLNSOU8Ki0Fm09xd6ZKkcA,4.0,2012-04-02 18:09:10,afternoon,0,0,1,medium,high,Tampa,Music Venues,3,1,1
Cvi8nZTwDVaQkqmmgQwQMw,Q-prSTdggNlxAEFV88BZOw,3.0,2012-04-02 20:48:00,evening,0,0,1,long,high,Philadelphia,Beer,2,1,1
PKzt4KMQpQIRSvOYo3EdFw,t5RIuLUvE5fxr0TaRWxeQg,4.0,2012-04-02 21:23:10,evening,0,0,0,medium,high,Philadelphia,Italian,3,1,1
DJp-RvWsIyX9z-8SN2N7Ag,Oun4NN-u5yiHIxDqtJnxgA,4.0,2012-04-02 21:37:19,evening,0,0,1,long,high,Philadelphia,Restaurants,1,0,0
BnBQ0UU9uSiI_0cbCZ4lsw,vD2jzpPv4iyOLKzITscGvA,3.0,2012-04-02 23:52:08,evening,0,0,1,long,high,Saint Louis,Wine Bars,3,1,1
a-8ZuiQk4EsWgebrG-K2HQ,AY1SyySRyTnBwBdf7qfGxQ,5.0,2012-04-03 02:09:28,night,1,0,1,long,high,Philadelphia,Grocery,2,0,0
goySBsZ3QJfSaElPIDIzLw,A0F-h3xJm_6gHDKcDQwSrQ,3.0,2012-04-03 03:16:02,night,1,0,0,medium,high,Philadelphia,Pizza,2,1,1
Jt3GylPuH64uA3zTdbMdCg,eFvzHawVJofxSnD7TgbZtg,5.0,2012-04-03 13:10:16,afternoon,1,0,1,long,high,Philadelphia,Food,1,0,1
KXYRjdlgg-Gw7mwF22ZAJg,9nkYaCQRyO0fi8SrXDFhGw,2.0,2012-04-03 16:58:57,afternoon,1,0,1,medium,high,Philadelphia,Food,3,0,0
hZ-ZtZ3bqZg6GhWepqj20g,UM6XgOtTX4DWWcGDTWtjEg,5.0,2012-04-03 17:21:21,afternoon,1,0,1,long,high,St Louis,Dance Clubs,1,1,1
jk0Yf80nGLQkVwsx6tRBsQ,c3WKZO5vtv61xYQTt0TnNw,3.0,2012-04-03 17:59:53,afternoon,1,0,0,long,high,Indianapolis,Restaurants,1,0,0
Nxr5C4m0edwetAeRUacP6A,KhBUg5QhBYuK8RZAe5gDMQ,3.0,2012-04-03 18:46:29,afternoon,1,0,1,medium,high,Tampa,Restaurants,2,1,0
t1NmJ-g09NijXqycgF-evA,ndRRvkUHQ1ruKBjdgP7kcQ,5.0,2012-04-03 21:43:15,evening,1,0,1,medium,high,New Orleans,Restaurants,1,0,0
ei3O4gS4YaEfQW2vpDdYkA,WFRro-8uIBpKoJ1VSKrpdw,5.0,2012-04-03 22:59:53,evening,1,0,1,medium,high,Philadelphia,Ice Cream & Frozen Yogurt,1,0,0
Xw7ZjaGfr0WNVt6s_5KZfA,k3sED9tpGEOtzhGxvcxTrw,4.0,2012-04-04 00:37:21,night,2,0,1,long,high,Metairie,Restaurants,1,1,0
TylOr9YYTV3znqIvH7kdmQ,cvHY1RTAPSoH94ysP2_eyQ,4.0,2012-04-04 00:53:07,night,2,0,1,long,high,Nashville,Health Markets,2,1,1
TylOr9YYTV3znqIvH7kdmQ,oQ5CPRt0R3AzFvcjNOqB1w,4.0,2012-04-04 01:52:05,night,2,0,1,long,high,Nashville,Barbeque,2,1,1
x-LrGPXN7WFX15Qk9B6_YQ,JUlsvVAvZvGHWFfkKm0nlg,3.0,2012-04-04 13:41:33,afternoon,2,0,1,long,high,Philadelphia,Mexican,2,1,1
L1ayZt4pBRKhO00OhUaLAw,D73evJ9PZKxO3E5TaThe3w,3.0,2012-04-04 13:50:38,afternoon,2,0,1,long,high,New Orleans,Tex-Mex,2,1,1
2mguZPvbCa4lwT_ULfTmHQ,uqXYVxIwoEsFFjEHBlMZQA,4.0,2012-04-04 16:40:56,afternoon,2,0,1,long,high,Saint Louis,Desserts,2,1,1
XjLvFaNKzzprEDRR-3kxsQ,19fHbf0qzihtEtXQZ2ntww,2.0,2012-04-04 18:16:48,afternoon,2,0,0,long,high,Wilmington,Nightlife,3,1,0
XjLvFaNKzzprEDRR-3kxsQ,_PQzeo8P2sGczzFEifrK-Q,5.0,2012-04-04 18:37:11,afternoon,2,0,0,medium,high,Philadelphia,Food,2,0,0
aGI_wfhcJ86DJ-67Lkty8g,VRnJgj0IvxoksHppE78X2Q,4.0,2012-04-04 18:37:50,afternoon,2,0,1,medium,high,Philadelphia,Dim Sum,2,1,0
tw7FIwLw8-GqiuqxJ7A2pg,w7KLf3anjdXNXNVplvOOjg,3.0,2012-04-05 02:48:25,night,3,0,1,medium,high,Tampa,Restaurants,2,1,0
tw7FIwLw8-GqiuqxJ7A2pg,d9vapPUlJCSSrltRRKO9ig,5.0,2012-04-05 02:58:36,night,3,0,1,short,high,Tampa,Korean,2,1,0
zrESudirjip-s8wxxAB0xw,4_W5pstoN1166TGjjPOrMg,4.0,2012-04-05 03:45:36,night,3,0,1,medium,high,Philadelphia,American (Traditional),2,1,1
UCnM1IOnRoKLgPMQ0w1gHQ,oQ5CPRt0R3AzFvcjNOqB1w,4.0,2012-04-05 14:10:17,afternoon,3,0,1,long,high,Nashville,Barbeque,2,1,1
UdsVxQQoYsvyh8YwbsWpZQ,jlgi2sLx5i6_t4mcODJW7A,3.0,2012-04-05 14:23:19,afternoon,3,0,1,long,high,New Orleans,Restaurants,3,1,1
82UbpDEPMGJ9Sod8a1U-cg,EtKSTHV5Qx_Q7Aur9o4kQQ,5.0,2012-04-05 19:10:08,evening,3,0,1,long,high,Philadelphia,Bars,2,1,1
2mguZPvbCa4lwT_ULfTmHQ,lj-E32x9_FA7GmUrBGBEWg,3.0,2012-04-05 19:49:56,evening,3,0,1,long,high,St Louis,Bars,2,1,1
mVA4IeYyVKPUWRrN5oplMA,P_x9fEz8efemqOIV46S0tg,4.0,2012-04-06 06:13:36,night,4,0,1,long,high,St Petersburg,Bars,2,1,1
7iFUtwc9hhgGCThohNFwtw,Uc6PdjT_MO5bRPQsUUEy5Q,3.0,2012-04-06 12:41:42,morning,4,0,0,long,high,Tampa,Restaurants,2,1,1
mzXDuhZBPdHfMIk1YXP0mQ,t5RIuLUvE5fxr0TaRWxeQg,4.0,2012-04-06 14:28:17,afternoon,4,0,0,long,high,Philadelphia,Italian,3,1,1
lAW03ccfMEuRZiDqvVgc0w,YR0nwxBOKk6DiLHNItfsBQ,3.0,2012-04-06 15:44:30,afternoon,4,0,1,long,high,St Albert,Italian,2,0,1
56EIJcxLHYDSxIBygJEApQ,_SjdrpSZdiXVSwaJR5T9jw,2.0,2012-04-06 20:07:47,evening,4,0,1,medium,high,New Orleans,Barbeque,2,1,1
g1etLmsmplrSVy_vKX90-w,J_195G8K_MziKZEXj7Nxdw,5.0,2012-04-06 20:55:50,evening,4,0,1,long,high,Saint Louis,Food,1,0,0
ytqI9hBiB17L2nUCYbuI5Q,zIDuAuwyaLmNwv4k18mbwA,5.0,2012-04-06 22:17:29,evening,4,0,0,long,high,Indianapolis,Indian,2,1,0
CSCKshBCf6-MBGUCFpEGAQ,jZy7m53Eud2cGOAPSum4fg,5.0,2012-04-07 01:07:16,night,5,1,1,medium,high,Springfield,Restaurants,1,0,0
CSCKshBCf6-MBGUCFpEGAQ,qfWJmJ0g96eM_fWma3ja0g,4.0,2012-04-07 01:17:05,night,5,1,1,medium,high,West Chester,Seafood,2,1,1
CSCKshBCf6-MBGUCFpEGAQ,2zocwC7qMq3LsivPn9Z-Eg,4.0,2012-04-07 01:24:56,night,5,1,1,medium,high,Wayne,Restaurants,1,0,0
fs5bpfk-2pvq2v8S1De5pQ,K9gaM9XdGqGWsQMdjpxFIQ,4.0,2012-04-07 07:02:45,morning,5,1,0,medium,high,Philadelphia,Coffee & Tea,1,0,0
fs5bpfk-2pvq2v8S1De5pQ,3ZynJ94VpIdDlaArmEp2Rg,4.0,2012-04-07 07:06:01,morning,5,1,0,medium,high,Philadelphia,Food,2,0,1
B3s7gBz3NMFOaNvrzWzLIA,nRKndeZLQ3eDL10UMwS2rQ,5.0,2012-04-07 16:08:45,afternoon,5,1,1,medium,high,Saint Louis,Ice Cream & Frozen Yogurt,1,0,0
lvrLf7yb4QD9JIKdIXaFTQ,A0F-h3xJm_6gHDKcDQwSrQ,5.0,2012-04-07 16:31:45,afternoon,5,1,1,long,high,Philadelphia,Pizza,2,1,1
lvrLf7yb4QD9JIKdIXaFTQ,HTqXI5S2XcSlh_ylx9sE6g,5.0,2012-04-07 16:55:46,afternoon,5,1,1,medium,high,Philadelphia,Food,2,0,0
HQG3no8C5U31z-k1MaYCqQ,GgkQtx8S_UvqO9vRJNqANA,4.0,2012-04-07 19:10:14,evening,5,1,1,long,high,Brentwood,Chinese,1,0,0
zfD3xhVNkGJs-AOOSslqtQ,At6iwGTy6bDxc7PUEOTvQw,4.0,2012-04-07 22:57:49,evening,5,1,1,long,high,Willow Grove,Burgers,1,0,0
o15SFerEo23dMSiY_P2xEw,-6OjnX3ZdDOhHxWR60wysg,5.0,2012-04-08 16:14:29,afternoon,6,1,1,long,high,Saint Louis,Burgers,2,1,1
DJp-RvWsIyX9z-8SN2N7Ag,0JoB3ThhI-DS78-1Ks1EUQ,3.0,2012-04-08 18:34:55,afternoon,6,1,1,long,high,Philadelphia,Sushi Bars,1,0,0
lvrLf7yb4QD9JIKdIXaFTQ,cXSyVvOr9YRN9diDkaWs0Q,4.0,2012-04-08 18:48:03,afternoon,6,1,1,long,high,Philadelphia,Southern,2,1,1
iy48sXsYF2wdO7u98rS3ww,8-j10_I745ITrczbkfD-Pw,1.0,2012-04-08 19:33:43,evening,6,1,1,medium,high,King Of Prussia,Indian,2,0,0
RlEryoNlZnAj6r-9GSwLPg,UaovDcnP0QzsmGf6vXvg9w,3.0,2012-04-08 22:42:39,evening,6,1,1,long,high,Philadelphia,American (New),3,1,1
DJp-RvWsIyX9z-8SN2N7Ag,6CsLAjWXFlLpErBZEmGQ5g,5.0,2012-04-09 03:13:19,night,0,0,1,long,high,Philadelphia,Indonesian,1,0,0
46Wi08T5D3phf3SMgi7U3w,SIoCIxjn4jLt2O-4DajWJw,3.0,2012-04-09 13:49:34,afternoon,0,0,1,long,high,Philadelphia,Nightlife,2,1,1
0G-QF457q_0Z_jKqh6xWiA,j8JOZvfeHEfUWq3gEz6ABQ,4.0,2012-04-09 13:55:24,afternoon,0,0,1,long,high,New Orleans,Jazz & Blues,2,1,1
bYENop4BuQepBjM1-BI3fA,KR3JxgQ4ZhcqUC6aNsUCEA,4.0,2012-04-09 20:00:51,evening,0,0,1,long,high,St. Louis,Desserts,1,0,0
ouODopBKF3AqfCkuQEnrDg,tYqIKRQjDCywDVkbfUGSug,5.0,2012-04-09 21:47:18,evening,0,0,1,medium,high,Bensalem,Bakeries,1,0,0
60RKNAZwY5EUooJf624aKw,vD2jzpPv4iyOLKzITscGvA,4.0,2012-04-10 00:52:20,night,1,0,1,long,high,Saint Louis,Wine Bars,3,1,1
CSCKshBCf6-MBGUCFpEGAQ,7WZ5EGb-Xk_uxQTWc52P4w,4.0,2012-04-10 01:48:38,night,1,0,1,long,high,Brookhaven,Restaurants,1,1,0
mVA4IeYyVKPUWRrN5oplMA,Sw7qcWQ5_iOUjBZMhSxyOQ,4.0,2012-04-10 14:18:44,afternoon,1,0,1,long,high,South Pasadena,Seafood,2,1,1
aVJzmf19XBxRl5HqwCsouw,qDkbudGRfmJvf7trQZea4g,2.0,2012-04-10 16:04:03,afternoon,1,0,0,long,high,Philadelphia,Restaurants,3,1,0
0xZucjnNt2beD1veIAWLwA,oRZzKWdyMQld6N_y4UWkAg,4.0,2012-04-10 17:33:04,afternoon,1,0,1,long,high,Tampa,Latin American,2,1,0
aVJzmf19XBxRl5HqwCsouw,pP4q0Mym-qt20nRqTKbzhQ,3.0,2012-04-10 19:34:38,evening,1,0,0,medium,high,Philadelphia,Steakhouses,4,1,0
aVJzmf19XBxRl5HqwCsouw,CJ3t6dw60CdpflWKe3b78Q,4.0,2012-04-10 20:11:41,evening,1,0,0,long,high,Plymouth Meeting,Japanese,3,1,0
8JaJl5ZRMT4o2q10DVIZGg,mXRnfKu9PCP3k3YIcumCJA,5.0,2012-04-10 23:12:40,evening,1,0,1,medium,high,Jefferson,Food,1,0,0
8pD-h427Y_aDcPxhDR7z8g,cdPjDZubPvok0VHv654Tvw,4.0,2012-04-11 00:06:01,night,2,0,1,medium,high,Nashville,Restaurants,1,0,0
bAzdeuQiR80wVOLUh7ox7g,AzseSGgDC6bVtMPEYo1CNQ,4.0,2012-04-11 03:08:10,night,2,0,1,long,high,New Orleans,Food,2,0,0
mzL0zHFGyd9866OUljq49g,wsr5zfPb6OZX4mQ7S-D8rQ,4.0,2012-04-11 12:11:09,morning,2,0,1,long,high,Philadelphia,Bars,2,1,0
5vIQn1_g5_mXgDoas30KXg,8s1uT8dyBEUwTNeHoZntMg,3.0,2012-04-11 13:56:37,afternoon,2,0,1,medium,high,Nashville,Restaurants,1,1,1
aVJzmf19XBxRl5HqwCsouw,9gObo5ltOMo6UgsaXaHPWA,5.0,2012-04-12 15:15:21,afternoon,3,0,0,long,high,Philadelphia,American (New),3,1,0
tx7RTGrlLKBG9c93lnio5Q,zwTmOj4B_OVPMTMYijQiKg,5.0,2012-04-12 15:26:51,afternoon,3,0,1,long,high,Philadelphia,Nightlife,1,1,1
aVJzmf19XBxRl5HqwCsouw,YtSqYv1Q_pOltsVPSx54SA,2.0,2012-04-12 17:28:16,afternoon,3,0,0,long,high,Philadelphia,Wine Bars,3,1,0
yFOhA0a7toBwUffjC68FrA,BytWAAG0rRaAWsYMvHxetw,4.0,2012-04-13 17:13:28,afternoon,4,0,1,long,high,Sherwood Park,Restaurants,2,1,1
vDACtEdgJP3mS-U0_NA0Pw,nX2105_S9lUhB5rbhC2n2w,4.0,2012-04-14 13:25:55,afternoon,5,1,1,medium,high,Saint Louis,Donuts,1,0,0
0Hl2BwAIz3Gi3Jhlx7AYZA,vGgAW3kLPjRFQCrndE6l9w,4.0,2012-04-14 22:46:54,evening,5,1,1,long,high,Tucson,French,3,1,1
gBpxjo01cpY_5stvzru46Q,9nkYaCQRyO0fi8SrXDFhGw,3.0,2012-04-15 04:04:06,night,6,1,1,long,high,Philadelphia,Food,3,0,0
8pD-h427Y_aDcPxhDR7z8g,5cpiSREZioyiHVHXJ9WRqA,5.0,2012-04-16 22:29:47,evening,0,0,1,long,high,Nashville,Restaurants,1,0,0
clk385ygJaFUtRIT2M7yTw,W3pOGK9qIZJbA6CS0HRNcQ,5.0,2012-04-17 13:41:40,afternoon,1,0,1,long,high,Indianapolis,Pizza,2,0,0
kd42gKNHR8c4NLKNBQByfw,oQ5CPRt0R3AzFvcjNOqB1w,3.0,2012-04-28 13:51:16,afternoon,5,1,1,long,high,Nashville,Barbeque,2,1,1
w4BiBncdzxNed_PLV-b1VQ,JroMBSRiVq1u8-KZVDZh7g,5.0,2012-04-28 15:39:42,afternoon,5,1,1,long,high,Saint Louis,Restaurants,1,0,0
wAgg_B9OQzL8_UF8ozu1eQ,GV-e7Op4aU98xkjjoKlRhA,5.0,2012-04-28 16:20:24,afternoon,5,1,1,long,high,Saint Louis,Basque,2,1,1
5OaFQ_RSid2hmnCVCvvCAw,AzseSGgDC6bVtMPEYo1CNQ,5.0,2012-04-29 00:33:16,night,6,1,1,long,high,New Orleans,Food,2,0,0
i71NCgfIOahuW58s8cd_KA,mcr1lAEdvGLMJhuPwI3I2A,3.0,2012-04-29 02:45:36,night,6,1,1,medium,high,Reno,Food,2,1,0
5G2IF0VIN3Brl-m45QDXsA,7lwe7n-Yc-V9E_HfLAeylg,4.0,2012-04-29 16:16:09,afternoon,6,1,1,long,high,Philadelphia,Restaurants,2,1,1
MB24FupUiQDWXzKO76rgCA,wsr5zfPb6OZX4mQ7S-D8rQ,4.0,2012-04-30 11:21:28,morning,0,0,1,long,high,Philadelphia,Bars,2,1,0
NfoAmvEZ3NVTAtOEshCvwQ,UaovDcnP0QzsmGf6vXvg9w,3.0,2012-04-30 11:33:53,morning,0,0,1,long,high,Philadelphia,American (New),3,1,1
_R-xEEF119h1faZ2xfSpjA,Ryt1Fhgz7sixMQSJiLyP_g,2.0,2012-04-30 11:42:58,morning,0,0,0,long,high,Philadelphia,Restaurants,2,1,1
NfoAmvEZ3NVTAtOEshCvwQ,fGYnHzFr1z2kv7bPRW6VMA,5.0,2012-04-30 11:50:59,morning,0,0,1,medium,high,West Chester,Pizza,2,1,1
NfoAmvEZ3NVTAtOEshCvwQ,jxfAi7UDmtbhyPw7ZsfKVw,5.0,2012-04-30 11:55:26,morning,0,0,1,medium,high,Media,Desserts,2,0,1
5OaFQ_RSid2hmnCVCvvCAw,jLerIZFpe25jOUf722qzBA,5.0,2012-04-30 13:55:40,afternoon,0,0,1,long,high,New Orleans,Coffee & Tea,2,1,1
5OaFQ_RSid2hmnCVCvvCAw,W4ZEKkva9HpAdZG88juwyQ,5.0,2012-04-30 13:57:58,afternoon,0,0,1,long,high,New Orleans,Bars,3,1,0
47oIw-CN1guUKx2_vUdsgw,DpyxFL0SZu3buCUFCbVJmA,4.0,2012-04-30 16:29:47,afternoon,0,0,1,long,high,Fenton,Desserts,2,0,0
AF2wygvqImI9gbFijr13rw,Dv6RfXLYe1atjgz3Xf4GGw,4.0,2012-04-30 17:49:07,afternoon,0,0,1,long,high,Philadelphia,Burgers,2,0,1
ehgLycOK6qKj-CT9B36_oQ,KYFJ7qh7bYYAsjnGrhH3NA,3.0,2012-04-30 19:42:49,evening,0,0,1,long,high,Tucson,Bubble Tea,1,0,1
A_cc2tU92JcCmk71LmrFsg,Sw7qcWQ5_iOUjBZMhSxyOQ,5.0,2012-04-30 21:43:31,evening,0,0,0,medium,high,South Pasadena,Seafood,2,1,1
JEIiE2fyLeZwnmCxLB1IGw,cHCRC7r9irhK0dIum1zeUw,5.0,2012-04-30 22:54:04,evening,0,0,1,long,high,Indianapolis,Cideries,2,1,0
61FNJUiDqXReViksOYiILQ,yDHINEt7By47My7x4Mb8oA,1.0,2012-05-01 01:50:05,night,1,0,1,long,high,West Conshohocken,Salad,2,1,1
adi9O9g6X9ksr0wxFG9Yrw,Q-prSTdggNlxAEFV88BZOw,5.0,2012-05-01 03:10:34,night,1,0,1,long,high,Philadelphia,Beer,2,1,1
53ApJTgvnYlEPgP0xgc6YA,-d8B04ueyxADRutlcHYewQ,4.0,2012-05-01 16:05:02,afternoon,1,0,0,long,high,Doylestown,American (New),2,0,1
53ApJTgvnYlEPgP0xgc6YA,uIZwBkvWicqyWraXvYOipw,3.0,2012-05-01 16:13:18,afternoon,1,0,0,long,high,Philadelphia,Restaurants,3,1,0
P0GbmdzeEJtx4CBsksTKIA,iCKF72z3fqRTF1vxdBZINQ,4.0,2012-05-01 16:19:11,afternoon,1,0,1,long,high,Nashville,American (Traditional),2,1,1
VFRIv3-_Og34wZyy-LigQQ,Q-prSTdggNlxAEFV88BZOw,4.0,2012-05-01 16:34:33,afternoon,1,0,1,long,high,Philadelphia,Beer,2,1,1
VFRIv3-_Og34wZyy-LigQQ,d_tRshM-w6S4QxE4VVi8tQ,5.0,2012-05-01 20:44:39,evening,1,0,1,long,high,Philadelphia,American (New),2,1,0
i84YDhPbxtq9F8ipmtR5vg,wsr5zfPb6OZX4mQ7S-D8rQ,4.0,2012-05-02 01:28:19,night,2,0,1,long,high,Philadelphia,Bars,2,1,0
Zp1o52IRl92dunmsfiT96g,NsthHtVZPiTt3Zn7Wh5uLA,2.0,2012-05-02 01:44:02,night,2,0,1,medium,high,Voorhees,Burgers,1,0,1
1HM81n6n4iPIFU5d2Lokhw,gUyfJlJRxu1fHuZ4dpBheQ,2.0,2012-05-02 07:37:42,morning,2,0,1,long,high,New Orleans,Mexican,2,1,1
ouODopBKF3AqfCkuQEnrDg,2UGuPfS6W6pnnPBrLr3Vag,3.0,2012-05-02 08:10:25,morning,2,0,1,long,high,East Norriton,Food,2,0,0
zTwwciNRMedBvUS3-_8h6g,QWqKTWQ2OiDgo3dzNkpung,4.0,2012-05-02 11:39:55,morning,2,0,1,long,high,Philadelphia,Korean,2,0,0
HrJTQ8b5rEA3vF77rfAxFg,jlgi2sLx5i6_t4mcODJW7A,5.0,2012-05-02 13:08:13,afternoon,2,0,0,short,high,New Orleans,Restaurants,3,1,1
UdsVxQQoYsvyh8YwbsWpZQ,Zi-F-YvyVOK0k5QD7lrLOg,4.0,2012-05-02 14:59:43,afternoon,2,0,1,long,high,New Orleans,Cajun/Creole,3,1,0
qZDo73leTHIcM8ZOb4nRRw,cXSyVvOr9YRN9diDkaWs0Q,4.0,2012-05-02 16:35:54,afternoon,2,0,0,long,high,Philadelphia,Southern,2,1,1
47oIw-CN1guUKx2_vUdsgw,KR3JxgQ4ZhcqUC6aNsUCEA,2.0,2012-05-02 17:25:08,afternoon,2,0,1,long,high,St. Louis,Desserts,1,0,0
Js4nQlGRjS1Bd5vsAQQfgA,Dv6RfXLYe1atjgz3Xf4GGw,5.0,2012-05-02 21:27:04,evening,2,0,1,long,high,Philadelphia,Burgers,2,0,1
Hn8O2RQijYIVLFNF5VPWTA,MkJdyYXy9L8icy26UKweYA,4.0,2012-05-02 21:31:02,evening,2,0,1,medium,high,Metairie,Shopping,2,0,0
AHRrG3T1gJpHvtpZ-K0G_g,5xdd5KXz1TXmRI47M-VO2A,4.0,2012-05-03 00:24:38,night,3,0,1,long,high,Indianapolis,Fast Food,1,0,0
adi9O9g6X9ksr0wxFG9Yrw,GUNpbcLvHZLE3NpOifjNUQ,2.0,2012-05-03 01:27:00,night,3,0,1,long,high,Philadelphia,Restaurants,2,1,1
t1NmJ-g09NijXqycgF-evA,t5Ca7rn3NsjfZcpfbhRZKA,5.0,2012-05-03 14:54:42,afternoon,3,0,1,medium,high,New Orleans,Acai Bowls,1,0,0
qZDo73leTHIcM8ZOb4nRRw,vSQPjQYfMDBRS3bQ15zlGA,4.0,2012-05-03 15:48:23,afternoon,3,0,0,medium,high,Ardmore,Restaurants,2,0,0
CfX4sTIFFNaRchNswqhVfg,GBTPC53ZrG1ZBY3DT8Mbcw,5.0,2012-05-03 18:51:13,afternoon,3,0,1,medium,high,New Orleans,German,2,1,0
qZDo73leTHIcM8ZOb4nRRw,pqe1pCQx--uybdm6EQ8AqQ,3.0,2012-05-03 19:59:39,evening,3,0,0,medium,high,Wynnewood,American (New),1,0,1
Yft76ogF5YzCQ4mn6vSQ6Q,p184f-Zvf4ToPwLba0VS4A,3.0,2012-05-03 20:37:40,evening,3,0,1,long,high,Bensalem,Chinese,2,0,0
5G2IF0VIN3Brl-m45QDXsA,u9XTeDl_If4U5Eixl6ys7g,3.0,2012-05-04 04:27:58,night,4,0,1,medium,high,Philadelphia,Nightlife,2,1,0
IEGYLJsCYcX-r8c2_KAXRA,NT5S6JV5wPwKOd3s3Yh1zQ,3.0,2012-05-04 14:49:07,afternoon,4,0,1,long,high,Nashville,Restaurants,2,1,0
IEGYLJsCYcX-r8c2_KAXRA,skN2XhKXlcjf53uIwzAedw,3.0,2012-05-04 14:50:11,afternoon,4,0,1,medium,high,Franklin,Burgers,2,1,1
GMHt-cbWlqNyd9UqIjZdDg,fnO03-RX7UDC1TzXETWEsQ,4.0,2012-05-04 16:17:24,afternoon,4,0,0,medium,high,Media,Restaurants,2,1,1
a-8ZuiQk4EsWgebrG-K2HQ,Dv6RfXLYe1atjgz3Xf4GGw,4.0,2012-05-05 01:38:56,night,5,1,1,long,high,Philadelphia,Burgers,2,0,1
3k7GJ9_zqE14Z3IZ9M4iSA,EyoGUM01HS9kemQcnTRLIw,4.0,2012-05-05 17:00:59,afternoon,5,1,1,long,high,Edmonton,Turkish,3,1,0
zvq6qxc2IVA08jaUelUMRw,wsr5zfPb6OZX4mQ7S-D8rQ,4.0,2012-05-05 18:04:31,afternoon,5,1,1,long,high,Philadelphia,Bars,2,1,0
_R-xEEF119h1faZ2xfSpjA,-OIUunijjcq_ZzyyQhPPFQ,3.0,2012-05-05 21:20:30,evening,5,1,0,short,high,Philadelphia,Restaurants,2,0,0
HrJTQ8b5rEA3vF77rfAxFg,GBTPC53ZrG1ZBY3DT8Mbcw,5.0,2012-05-06 01:24:34,night,6,1,0,medium,high,New Orleans,German,2,1,0
lRRuTimITgwzoXLIM3g9qw,AgGD37HVpQmimj8W17xM2w,4.0,2012-05-06 02:02:35,night,6,1,1,long,high,Aston,Ice Cream & Frozen Yogurt,1,0,1
8TQ4QWrbS6nKvQAjvQMbug,cXSyVvOr9YRN9diDkaWs0Q,2.0,2012-05-06 03:35:50,night,6,1,1,medium,high,Philadelphia,Southern,2,1,1
ouODopBKF3AqfCkuQEnrDg,GqUv8rF5h3ZZFfj7S9tgyQ,3.0,2012-05-06 03:37:51,night,6,1,1,long,high,Wayne,Buffets,2,0,0
8TQ4QWrbS6nKvQAjvQMbug,OlOVRlcEstxKK_6hMjy63A,5.0,2012-05-06 04:14:03,night,6,1,1,medium,high,Wilmington,Restaurants,2,1,0
t1NmJ-g09NijXqycgF-evA,t5Ca7rn3NsjfZcpfbhRZKA,5.0,2012-05-06 05:14:51,night,6,1,1,long,high,New Orleans,Acai Bowls,1,0,0
p8bEshUexT_a-EAG8KlxPw,14ZGwnDyydXdSBsLXpSUrA,5.0,2012-05-06 18:28:48,afternoon,6,1,1,long,high,Philadelphia,Vietnamese,2,1,1
p8bEshUexT_a-EAG8KlxPw,4cK4FDxVNZxGDK-TFHzw5g,4.0,2012-05-06 18:43:12,afternoon,6,1,1,long,high,Glenolden,Fast Food,1,0,0
nnImk681KaRqUVHlSfZjGQ,JOvNunKJlWhwJRwLmUR9ZA,2.0,2012-05-06 20:46:46,evening,6,1,1,long,high,St Petersburg,Bars,2,1,1
K97i0e7MaxYfvCCwPFMjuw,K8b2MQ5Az59-nzvqUfjJEQ,4.0,2012-05-06 22:51:26,evening,6,1,1,long,high,Philadelphia,American (New),3,0,0
nnImk681KaRqUVHlSfZjGQ,qppGA9vCUPfw9ngOy_R90w,5.0,2012-05-07 05:00:13,night,0,0,1,long,high,Tampa,Restaurants,2,1,1
qWYEuBZP7av55tewg3PXKg,1MeIwdbTnZOBFCKOrgaxuw,4.0,2012-05-07 19:27:16,evening,0,0,1,medium,high,Saint Louis,American (New),2,1,0
qZDo73leTHIcM8ZOb4nRRw,TfcdLs2Re40wIz6UmYpaAQ,4.0,2012-05-07 23:08:09,evening,0,0,0,medium,high,Bryn Mawr,Restaurants,2,1,0
gGuAM6Cw1VXJGLssm24ehA,NxJk32DFY06EbFAvcQJumw,2.0,2012-05-08 17:22:35,afternoon,1,0,1,long,high,New Orleans,Restaurants,2,0,1
Hxx8FmhpxiugIrGRh8RDOg,1skzWN0fxGgZNRE53Y_3gw,2.0,2012-05-08 19:28:53,evening,1,0,1,long,high,Saint Louis,Breweries,2,0,0
ZcNLb0XgmVOPcYvElhz3WA,vgZwA2X7X5oGcui9BDBgbw,2.0,2012-05-09 05:17:39,night,2,0,1,long,high,Nolensville,Bakeries,1,0,1
bBd8sOgkhbaEeZHjczV8ZQ,m1ohyfs8gcS9X-ZQ3Coj2Q,4.0,2012-05-09 20:43:00,evening,2,0,1,long,high,Philadelphia,Food,1,1,0
m8q0X8bt7UAlawSjbG0c7Q,7Du9oW73YcYFmXdtU5aiSg,1.0,2012-05-09 22:25:48,evening,2,0,0,medium,high,Saint Petersburg,Japanese,2,1,0
MO-ecGSRdYr4aF92G3Rc0g,nRKndeZLQ3eDL10UMwS2rQ,5.0,2012-05-10 18:24:31,afternoon,3,0,1,long,high,Saint Louis,Ice Cream & Frozen Yogurt,1,0,0
Slc16vviuuTWgZ9OsaJzKQ,brxzxPTpbukDPTlaq7gOMw,3.0,2012-05-10 21:04:56,evening,3,0,0,medium,high,Media,Restaurants,2,0,1
nnImk681KaRqUVHlSfZjGQ,U0ICWpbd1C0GD9SpIv3bSA,3.0,2012-05-11 01:59:19,night,4,0,1,long,high,Brandon,Restaurants,2,1,1
qunxFdBDVl0ordRJEPVNtQ,uO39--k_hrCFgZh-Bl8m8A,4.0,2012-05-11 05:03:01,night,4,0,0,long,high,Santa Barbara,Mexican,2,0,1
i71NCgfIOahuW58s8cd_KA,Lx8ZYUJ_-3Aa8N821mN1WQ,4.0,2012-05-12 00:23:13,night,5,1,1,long,high,Sparks,Restaurants,1,0,0
NuDamcRGX6GhFB4EHCAEsA,lS1dmSXpAtQqT04eRm9kiA,3.0,2012-05-12 02:11:32,night,5,1,0,medium,high,Tucson,Restaurants,1,1,1
5G2IF0VIN3Brl-m45QDXsA,9nkYaCQRyO0fi8SrXDFhGw,3.0,2012-05-13 18:50:47,afternoon,6,1,1,long,high,Philadelphia,Food,3,0,0
MkXDu9bVpaUq3QL6_RU9yg,-OIUunijjcq_ZzyyQhPPFQ,5.0,2012-05-14 02:39:48,night,0,0,0,long,high,Philadelphia,Restaurants,2,0,0
tGEkFShSLzO5BACDDBPb2Q,Dv6RfXLYe1atjgz3Xf4GGw,5.0,2012-05-14 18:18:17,afternoon,0,0,1,medium,high,Philadelphia,Burgers,2,0,1
CfX4sTIFFNaRchNswqhVfg,RCy4M2ND4YK0uRbodV_v8g,2.0,2012-05-15 21:40:35,evening,1,0,1,medium,high,New Orleans,Coffee & Tea,2,0,1
reJ7c2yq3f8dODMslzODUQ,2KIDQyTh-HzLxOUEDqtDBg,4.0,2012-05-15 23:15:00,evening,1,0,1,medium,high,Saint Petersburg,Specialty Food,2,1,0
Wmux4GgQkNBGz4mb0BBT3w,17Y8circEnkMMXKfLo8Ztg,4.0,2012-05-16 00:23:11,night,2,0,1,long,high,Philadelphia,Restaurants,1,0,1
Xw7ZjaGfr0WNVt6s_5KZfA,mygIk3l_ShNNB-QbWlrRyg,5.0,2012-05-16 20:31:44,evening,2,0,1,long,high,Belle Chasse,Restaurants,2,1,0
SXeMGP5lNgc03z7cl9Xihg,lsGZzXIJbjrWtcFGLAW5sw,3.0,2012-05-17 02:41:29,night,3,0,1,medium,high,Nashville,American (New),2,1,1
R-c5M0iJkMxxTxIqTQQZ8w,3Yogz58lIto-kceF2y-THg,3.0,2012-05-20 03:37:31,night,6,1,0,short,high,Edmonton,Chinese,2,0,0
NfoAmvEZ3NVTAtOEshCvwQ,EAtdpksdWfWAaqh3XdnNNg,3.0,2012-05-20 14:40:32,afternoon,6,1,1,long,high,Philadelphia,Restaurants,3,0,0
61FNJUiDqXReViksOYiILQ,MMRRS6YhVRx_iN5-JhMRYg,3.0,2012-05-28 15:12:24,afternoon,0,0,1,long,high,Philadelphia,Restaurants,2,1,0
wAgg_B9OQzL8_UF8ozu1eQ,jlgi2sLx5i6_t4mcODJW7A,5.0,2012-05-28 15:51:39,afternoon,0,0,1,long,high,New Orleans,Restaurants,3,1,1
UCnM1IOnRoKLgPMQ0w1gHQ,gqMRM12j5mder76t3bPxJw,5.0,2012-05-28 16:19:47,afternoon,0,0,1,medium,high,Nashville,Chicken Wings,2,1,0
DrPyJ2RO1VxF2BejN3Bvig,ntk3HonjsNzd2cY9o1RpZA,2.0,2012-05-28 16:20:24,afternoon,0,0,1,long,high,Franklin,Barbeque,2,1,1
eZ8PQPFuR8yfwQOU9IANGw,oQ5CPRt0R3AzFvcjNOqB1w,3.0,2012-05-28 16:22:58,afternoon,0,0,1,long,high,Nashville,Barbeque,2,1,1
UCnM1IOnRoKLgPMQ0w1gHQ,6kAXOzE7fqaBZINQV_-_mg,4.0,2012-05-28 17:49:07,afternoon,0,0,1,long,high,Nashville,Vietnamese,1,1,0
nnImk681KaRqUVHlSfZjGQ,n5P6-HWN3kFSYBxfVfDxEg,5.0,2012-05-28 22:15:04,evening,0,0,1,long,high,Clearwater Beach,Hotels & Travel,2,1,1
tBXZIkcFCSgtbnjSDREgpw,-If0ps0QhOLCYVWQWs9RYg,3.0,2012-05-28 23:39:44,evening,0,0,1,long,high,New Orleans,Restaurants,1,0,1
nlQGyti20c07rpTSYYoNZQ,6HRbMeGq5Y4hqRkgXnG6Ig,3.0,2012-05-29 15:51:11,afternoon,1,0,0,long,high,Tampa,Restaurants,1,0,0
7iFUtwc9hhgGCThohNFwtw,bMIVLkX6-0U2NVPaVwt94A,3.0,2012-05-29 18:53:38,afternoon,1,0,0,medium,high,Clearwater,Ethnic Food,2,1,1
KFFIyUxC0TQjx__OYlmhnA,2KIDQyTh-HzLxOUEDqtDBg,5.0,2012-05-29 20:55:25,evening,1,0,1,long,high,Saint Petersburg,Specialty Food,2,1,0
KXX_KFF_TS2cKrg2_2RfSA,EpREWeEpmR8f1qLHzzF0AA,5.0,2012-05-30 01:21:49,night,2,0,1,short,high,Saint Louis,Local Flavor,2,1,1
zXDTY5YUxMTzuUYHNabmQQ,roc-xyyzN5b_nImb0NdRLQ,4.0,2012-05-30 01:37:40,night,2,0,1,medium,high,Philadelphia,Restaurants,1,0,0
_qRphMRxUzp_Vjk7ZIjWBA,c_K8ScxwIstZ2RCNfhldrw,5.0,2012-05-30 02:03:05,night,2,0,1,medium,high,Brentwood,Restaurants,1,1,1
RRsbPGYyKJ3zqMMkzcHZaQ,zwTmOj4B_OVPMTMYijQiKg,3.0,2012-05-30 02:28:28,night,2,0,1,long,high,Philadelphia,Nightlife,1,1,1
AmM4Lfk15XfqRGCINWgkOQ,JFUTJaE3REmCne1hnWm-OQ,3.0,2012-05-30 03:13:51,night,2,0,1,medium,high,Saint Louis,Food,1,0,0
gr528N9hWldCgfKp99zWKw,-CRjqZ4GxZ6lIa_qMj7-yw,3.0,2012-05-30 13:40:02,afternoon,2,0,1,long,high,Philadelphia,Chinese,1,1,0
-Tg5YTEMbnYw3fQN99xKCQ,Bw0cpnfI-Y9QmjWzqS-oFg,5.0,2012-05-30 14:15:58,afternoon,2,0,1,short,high,Philadelphia,Restaurants,2,0,1
-Tg5YTEMbnYw3fQN99xKCQ,V6Om7YZhlRQRU7WfuxHq8Q,4.0,2012-05-30 14:19:21,afternoon,2,0,1,short,high,Philadelphia,Restaurants,1,0,0
MO-ecGSRdYr4aF92G3Rc0g,M0r9lUn2gLFYgIwIfG8-bQ,5.0,2012-05-30 16:45:18,afternoon,2,0,1,long,high,Saint Louis,Ice Cream & Frozen Yogurt,2,1,0
jklCtvLWbkuoBiw60i1g3g,V6Om7YZhlRQRU7WfuxHq8Q,2.0,2012-05-30 23:56:38,evening,2,0,1,long,high,Philadelphia,Restaurants,1,0,0
VVNj3hSE8drWCu8xUXH05Q,oaboaRBUgGjbo2kfUIKDLQ,5.0,2012-05-31 01:59:33,night,3,0,1,long,high,Nashville,Ice Cream & Frozen Yogurt,2,0,0
HxyLRaoH9PS09M6R3rV-EQ,3kiB39JzdovdlOhQj-nMCw,3.0,2012-05-31 17:14:21,afternoon,3,0,1,long,high,Philadelphia,Restaurants,1,1,0
afGccMxMBgLD4i-8EUE06w,nRKndeZLQ3eDL10UMwS2rQ,5.0,2012-05-31 17:58:09,afternoon,3,0,1,medium,high,Saint Louis,Ice Cream & Frozen Yogurt,1,0,0
CHYvZ-r1_bSMfBCswelaBw,53A7Yne_S_KizF3i-sDzgg,4.0,2012-06-01 03:07:51,night,4,0,1,long,high,Nashville,Restaurants,3,1,1
5G2IF0VIN3Brl-m45QDXsA,kq5Ghhh14r-eCxlVmlyd8w,5.0,2012-06-01 13:31:29,afternoon,4,0,1,medium,high,Philadelphia,Restaurants,1,0,1
h_WJ9jf22thDw10b1KL-cg,0JPi9cyV9i3_kDPj049_qQ,5.0,2012-06-01 15:08:52,afternoon,4,0,1,long,high,Warminster,Mexican,1,0,0
BrfStKKOVtT-BZGuT9qJwA,pqe1pCQx--uybdm6EQ8AqQ,5.0,2012-06-01 16:01:44,afternoon,4,0,1,medium,high,Wynnewood,American (New),1,0,1
GMHt-cbWlqNyd9UqIjZdDg,ShMMSvD_xxf3qfy70T2MrA,3.0,2012-06-01 18:10:16,afternoon,4,0,0,medium,high,Broomall,Pizza,1,0,0
GMHt-cbWlqNyd9UqIjZdDg,DJJtybSWY0BygESsSrabqg,5.0,2012-06-01 18:26:26,afternoon,4,0,0,medium,high,Philadelphia,Breakfast & Brunch,1,0,0
ouODopBKF3AqfCkuQEnrDg,r1XrdSiWFp-CeZJ4ik7zoQ,4.0,2012-06-01 18:28:51,afternoon,4,0,1,long,high,Wayne,Caterers,2,0,1
oxJJ0N82GFZeBCxBi6vH1A,eMiN8nm70jjKg8izikVWDA,4.0,2012-06-01 20:46:24,evening,4,0,1,short,high,Philadelphia,Seafood,2,1,1
KXX_KFF_TS2cKrg2_2RfSA,MaYb7qMN6BomP1zQGj3Wjg,2.0,2012-06-01 20:47:26,evening,4,0,1,long,high,Saint Louis,Nightlife,2,1,1
zTwwciNRMedBvUS3-_8h6g,wsr5zfPb6OZX4mQ7S-D8rQ,4.0,2012-06-01 23:06:24,evening,4,0,1,medium,high,Philadelphia,Bars,2,1,0
IpLRJY4CP3fXtlEd8Y4GFQ,Z5LGSHEYjCUtKwjKotCNqA,2.0,2012-06-02 00:22:21,night,5,1,1,medium,high,Wayne,Chinese,2,0,0
DCfZ-fEvzoEEsGMyDIKpKw,kJpoduG3wdA35WzOF_T1Aw,4.0,2012-06-02 03:15:13,night,5,1,1,long,high,Pinellas Park,Food,1,0,1
eTvp_hYnsrI5-ow_sQ31_g,VeqkfRUzZAKlQer3npXPdQ,4.0,2012-06-02 15:14:48,afternoon,5,1,1,long,high,Ballwin,Restaurants,2,0,1
-rGU3wo4fgEnGRboYdMTjw,AKFahOtdDQA7NVXZyDajCA,4.0,2012-06-02 23:10:38,evening,5,1,1,medium,high,Tucson,Flowers & Gifts,2,0,0
KXX_KFF_TS2cKrg2_2RfSA,nRKndeZLQ3eDL10UMwS2rQ,5.0,2012-06-03 01:31:41,night,6,1,1,long,high,Saint Louis,Ice Cream & Frozen Yogurt,1,0,0
ouODopBKF3AqfCkuQEnrDg,2zocwC7qMq3LsivPn9Z-Eg,5.0,2012-06-03 03:20:34,night,6,1,1,medium,high,Wayne,Restaurants,1,0,0
DCfZ-fEvzoEEsGMyDIKpKw,2KIDQyTh-HzLxOUEDqtDBg,5.0,2012-06-03 03:22:37,night,6,1,1,long,high,Saint Petersburg,Specialty Food,2,1,0
eAWnP9ZeVo8kp808y-0LXA,zS2T7gQNhfUDBi2Y2_fbWw,1.0,2012-06-03 03:24:07,night,6,1,1,short,high,Nashville,Breakfast & Brunch,1,0,0
qA_8SkGk6ub8nTjoY1q6Cw,v5kwdvmg-J8g-ll0nkc3Sw,4.0,2012-06-03 05:55:14,night,6,1,1,long,high,Indianapolis,Restaurants,2,1,1
1EJYgQ-ja_UbTWR_FDj4_A,kGl2zBnLWTUBQLFkd0u_FQ,5.0,2012-06-03 13:46:24,afternoon,6,1,1,long,high,Tampa,Greek,2,1,1
DCfZ-fEvzoEEsGMyDIKpKw,kJpoduG3wdA35WzOF_T1Aw,4.0,2012-06-03 16:34:31,afternoon,6,1,1,medium,high,Pinellas Park,Food,1,0,1
6ObFF8-uKnOAlXuSH4TlyQ,gwNlSSV0hGgNgTqPprj4FQ,5.0,2012-06-03 19:13:22,evening,6,1,1,long,high,Tucson,Coffee & Tea,1,0,1
2mehWDiaP-8CcZRtLGlYIA,-6OjnX3ZdDOhHxWR60wysg,2.0,2012-06-03 21:49:20,evening,6,1,1,long,high,Saint Louis,Burgers,2,1,1
M1fk_IYOyZBKIw6ov8Q9hg,gABEjWGwhojrub_tXqE2uw,4.0,2012-06-04 00:44:07,night,0,0,1,long,high,Chesterfield,American (New),1,0,0
-rGU3wo4fgEnGRboYdMTjw,EqEcDeXqIq1YwnzHg_ZUFw,4.0,2012-06-04 01:14:48,night,0,0,1,medium,high,Tucson,Coffee & Tea,1,1,1
t1NNDZV1kMoyZeE5mr3U3w,ARgidflSXPHj7uhK-Y7hwA,4.0,2012-06-04 14:33:25,afternoon,0,0,1,long,high,St Louis,Japanese,2,1,0
VlWFHDz-ONz1tiWSD7obcw,lZEYIL95hZsZS0vgaoR2aQ,4.0,2012-06-04 15:10:45,afternoon,0,0,0,long,low,Tampa,Sandwiches,2,1,1
DrPyJ2RO1VxF2BejN3Bvig,oQ5CPRt0R3AzFvcjNOqB1w,4.0,2012-06-04 15:46:26,afternoon,0,0,1,long,high,Nashville,Barbeque,2,1,1
PV0U0arT_AUfjVBtrKfPSA,EtKSTHV5Qx_Q7Aur9o4kQQ,3.0,2012-06-04 21:03:45,evening,0,0,1,long,high,Philadelphia,Bars,2,1,1
AaPhPor834YyMwCqOxytdQ,1_hDCN3iioFR3XnUr32ZtA,3.0,2012-06-04 23:03:14,evening,0,0,1,long,high,Saint Petersburg,Fast Food,1,1,1
VlWFHDz-ONz1tiWSD7obcw,3OGzmGqWwsyGLkhnxrA9Pw,4.0,2012-06-05 01:50:49,night,1,0,0,long,low,Tampa,Pizza,2,1,0
LruOyCDYa-hfSwJkOt46VA,0zf4KKZqbqoxiuKzeZLDdg,4.0,2012-06-05 02:27:29,night,1,0,1,long,high,Philadelphia,Italian,1,0,0
N_mlUKdFuFN6Z6LiDWfTdw,jQBPO3rYkNwIaOdQS5ktgQ,5.0,2012-06-05 03:56:09,night,1,0,1,medium,high,Saint Louis,Ice Cream & Frozen Yogurt,2,1,0
N_mlUKdFuFN6Z6LiDWfTdw,G9ez1w58i_ReNqnlRoSpBA,4.0,2012-06-05 04:04:42,night,1,0,1,medium,high,Edwardsville,Restaurants,2,1,1
NfoAmvEZ3NVTAtOEshCvwQ,c8rjE6NcfeyzLB_aU1GdMA,4.0,2012-06-05 14:28:23,afternoon,1,0,1,long,high,Philadelphia,Nightlife,2,1,0
0oWnBfUjAv7ZmTWaW8Ufdg,3BJxm-HnvzdwD1zjmSbmyQ,3.0,2012-06-05 17:06:01,afternoon,1,0,1,long,high,Philadelphia,Restaurants,1,0,0
EMMKdK1cGrLSo08wgSYHJQ,kxX2SOes4o-D3ZQBkiMRfA,5.0,2012-06-06 01:54:32,night,2,0,1,long,high,Philadelphia,Halal,2,0,0
R-c5M0iJkMxxTxIqTQQZ8w,waPnDEqaTJ7wigQQaUcSqg,2.0,2012-06-06 04:17:50,night,2,0,0,short,high,Edmonton,Chinese,2,0,0
z67oNAZR_uHG84k3Dntckg,F8yozE3NWnImNApHO347gQ,5.0,2012-06-06 04:30:44,night,2,0,1,long,high,Philadelphia,Restaurants,2,1,1
KI4Qksd3x7eAJZp1OKZXfA,AbbIoHhBEMZndmIm07L4Og,4.0,2012-06-06 05:35:34,night,2,0,1,medium,high,Reno,Food,1,0,0
bBd8sOgkhbaEeZHjczV8ZQ,MMRRS6YhVRx_iN5-JhMRYg,5.0,2012-06-06 13:53:27,afternoon,2,0,1,long,high,Philadelphia,Restaurants,2,1,0
tat7n8XnUBvZYFeB0FSzvg,P_x9fEz8efemqOIV46S0tg,5.0,2012-06-06 17:45:21,afternoon,2,0,1,medium,high,St Petersburg,Bars,2,1,1
tat7n8XnUBvZYFeB0FSzvg,UUOOjXAyk7dBpwTtKCnwyg,5.0,2012-06-06 17:50:29,afternoon,2,0,1,short,high,Saint Petersburg,Restaurants,1,1,1
ei3O4gS4YaEfQW2vpDdYkA,9nkYaCQRyO0fi8SrXDFhGw,3.0,2012-06-07 00:18:26,night,3,0,1,medium,high,Philadelphia,Food,3,0,0
ei3O4gS4YaEfQW2vpDdYkA,O286wXm4mcznQn_1JieD1g,4.0,2012-06-07 00:36:18,night,3,0,1,medium,high,Philadelphia,Event Planning & Services,3,0,0
goySBsZ3QJfSaElPIDIzLw,N1ZXhAVzOzbyCBPEXTaUUw,4.0,2012-06-07 15:33:33,afternoon,3,0,0,medium,high,Philadelphia,Food Delivery Services,2,0,0
shtMJsO82eegjgtjlCZmKg,c4x06huNhVp04VI_MUiQsw,4.0,2012-06-07 18:51:30,afternoon,3,0,0,medium,high,Valley Park,Burgers,1,0,0
ZOmHHLEYTXxxs3nWJhKoaA,vuAI70USd3my2Kb9_9zajw,4.0,2012-06-08 15:13:47,afternoon,4,0,1,medium,high,Saint Louis,Restaurants,2,1,1
z9uf9-0uX5Jh8-4Y5l2PQg,AbtYqoBGuvlWmR1gU0c3XA,3.0,2012-06-08 15:31:58,afternoon,4,0,1,medium,high,Philadelphia,Food,2,1,0
sVr6_v-lwixu3VREOO9XpA,w--nMtFJ_aqM2OlG7z0ENg,5.0,2012-06-08 15:59:43,afternoon,4,0,1,long,high,Edmonton,Fashion,2,0,0
U7aysStyFtCUVdFRTpMQ3A,y_JZFlF-4fwSIn4RJ2vMGw,4.0,2012-06-10 04:36:14,night,6,1,0,medium,high,Philadelphia,Desserts,1,0,1
bIJHF7VwQQ_TqgL0yfgJdA,twNHYgtUkxoeFbLHxdhsOw,4.0,2012-06-11 11:46:03,morning,0,0,1,medium,high,Indianapolis,Specialty Food,2,1,1
_ljIoh025OGAvWz_Kvq6EQ,EP2jFD3aGoSBCWb7irY5-w,4.0,2012-06-11 12:30:29,morning,0,0,1,long,high,Temple Terrace,Ethiopian,2,1,1
VFRIv3-_Og34wZyy-LigQQ,Dv6RfXLYe1atjgz3Xf4GGw,5.0,2012-06-11 18:22:04,afternoon,0,0,1,long,high,Philadelphia,Burgers,2,0,1
VEj1OuO6QrQMXFhuMZJ8cQ,-OIUunijjcq_ZzyyQhPPFQ,5.0,2012-06-11 19:52:13,evening,0,0,1,long,high,Philadelphia,Restaurants,2,0,0
kaa6i7IHMyYIom7DIul9EQ,Oun4NN-u5yiHIxDqtJnxgA,4.0,2012-06-12 17:48:17,afternoon,1,0,1,long,high,Philadelphia,Restaurants,1,0,0
GevrFd8ojonAr4fEQB9WfA,Dv6RfXLYe1atjgz3Xf4GGw,4.0,2012-06-13 02:27:02,night,2,0,1,long,high,Philadelphia,Burgers,2,0,1
47oIw-CN1guUKx2_vUdsgw,MnKgN5crTUuxROY2aoadtQ,5.0,2012-06-15 17:41:12,afternoon,4,0,1,long,high,Saint Louis,Music Venues,2,1,1
oAhoFRRKomodbIx8jtKmKA,BjBDHqHhMXSxgyVipccznQ,4.0,2012-06-25 23:32:50,evening,0,0,1,long,high,Tampa,African,3,1,0
xjQSpme1Z7Xw8XehRLpYuA,3ZynJ94VpIdDlaArmEp2Rg,2.0,2012-06-26 00:47:35,night,1,0,0,long,high,Philadelphia,Food,2,0,1
xjQSpme1Z7Xw8XehRLpYuA,mUIBtlWNPD7sz3rGGWQ1RA,5.0,2012-06-26 01:36:44,night,1,0,0,long,high,Philadelphia,Mediterranean,2,0,1
xjQSpme1Z7Xw8XehRLpYuA,lRbHFOIFuusN2WOR_ypQ_A,3.0,2012-06-26 02:32:48,night,1,0,0,long,high,Philadelphia,Restaurants,2,0,0
xjQSpme1Z7Xw8XehRLpYuA,dSPA4yql9vUwnYRxHiVtHA,4.0,2012-06-26 02:40:21,night,1,0,0,long,high,Philadelphia,Sushi Bars,2,0,1
xjQSpme1Z7Xw8XehRLpYuA,EAtdpksdWfWAaqh3XdnNNg,3.0,2012-06-26 03:15:40,night,1,0,0,long,high,Philadelphia,Restaurants,3,0,0
xC-q_yh0XwcjRLimkS3RNg,xutp5J4DiKAZ8aM-yRH_fw,5.0,2012-06-26 03:26:15,night,1,0,1,long,high,Edmonton,Pizza,2,1,0
xjQSpme1Z7Xw8XehRLpYuA,EtKSTHV5Qx_Q7Aur9o4kQQ,4.0,2012-06-26 03:28:25,night,1,0,0,long,high,Philadelphia,Bars,2,1,1
tBXZIkcFCSgtbnjSDREgpw,jMZ56S8Y1t7cA1Ob-d-qeA,5.0,2012-06-26 04:42:59,night,1,0,1,long,high,New Orleans,Nightlife,2,1,0
SG6A6DpC3MmumUVNQHf8Hw,zVoxVPHEt11_0GzqNuT2ZQ,3.0,2012-06-26 13:51:13,afternoon,1,0,0,medium,high,Saint Louis,Restaurants,2,1,0
ZOmHHLEYTXxxs3nWJhKoaA,Uo7DwnBqlkRVZedFHlTRCg,1.0,2012-06-26 14:50:00,afternoon,1,0,1,long,high,Saint Louis,Pizza,2,0,0
H8evlZitNdbCar4jqG_lZw,37yDMpWI6HBO2iW8slv7_Q,4.0,2012-06-26 14:50:33,afternoon,1,0,1,long,high,University City,Juice Bars & Smoothies,1,0,1
gGuAM6Cw1VXJGLssm24ehA,jMZ56S8Y1t7cA1Ob-d-qeA,4.0,2012-06-26 15:05:41,afternoon,1,0,1,medium,high,New Orleans,Nightlife,2,1,0
7Na1pUcEv3oF_QTRwZ-2iw,CHh0ZFrQcsk4boOItr2Zuw,3.0,2012-06-26 18:47:43,afternoon,1,0,1,medium,high,Carpinteria,Grocery,2,0,0
VFp9AYShu_C9T4QsHpM3yA,gwNlSSV0hGgNgTqPprj4FQ,3.0,2012-06-26 20:34:13,evening,1,0,1,medium,high,Tucson,Coffee & Tea,1,0,1
VFp9AYShu_C9T4QsHpM3yA,gp9PRGOKR7qiRsy-vxoYVA,3.0,2012-06-26 20:39:19,evening,1,0,1,long,high,Tucson,Bakeries,1,0,0
USD9k93iOIB88v93B5iBcw,j99PtxlKTW_u5alE4jiqHQ,2.0,2012-06-27 01:57:18,night,2,0,1,long,high,Philadelphia,Restaurants,2,1,0
LkF7PSN1Kc8pYgYavpvz_w,JUlsvVAvZvGHWFfkKm0nlg,4.0,2012-06-27 16:00:47,afternoon,2,0,1,medium,high,Philadelphia,Mexican,2,1,1
MO-ecGSRdYr4aF92G3Rc0g,IZv79jZv6el1sBHrG7426g,4.0,2012-06-27 17:03:04,afternoon,2,0,1,long,high,Des Peres,Steakhouses,3,1,1
7iFUtwc9hhgGCThohNFwtw,YhRujloQ_ioY_WclZbJuQg,2.0,2012-06-27 17:33:49,afternoon,2,0,0,medium,high,Tampa,Barbeque,1,0,1
47oIw-CN1guUKx2_vUdsgw,e86IBzGCsrnhJbD_wELj7w,4.0,2012-06-27 17:48:55,afternoon,2,0,1,long,high,Saint Louis,Gluten-Free,3,1,0
AaPhPor834YyMwCqOxytdQ,emTNYy-Ct6pitGa0vIV03A,5.0,2012-06-27 20:42:26,evening,2,0,1,medium,high,Saint Petersburg,Food,2,0,0
SG6A6DpC3MmumUVNQHf8Hw,_JXfCdMu1TFblbhJ5KT7fw,2.0,2012-06-27 21:07:06,evening,2,0,0,medium,high,Saint Louis,Thai,2,1,1
0dIvVs3PY64bE3PZF-8V8A,kpdGKJimp87LPV-mk1lIrg,3.0,2012-06-27 23:14:33,evening,2,0,1,long,high,Franklin,Desserts,3,0,0
5Y5KbsI5buMcNh2hTFaRpA,VLryc6Q-JbhMdrg7L6rRww,5.0,2012-06-28 01:06:13,night,3,0,1,long,high,Franklin,Bars,2,1,1
xjQSpme1Z7Xw8XehRLpYuA,ngvE1G9IckUO-ljZBFo23w,2.0,2012-06-28 01:54:42,night,3,0,0,long,high,Philadelphia,Indian,1,0,0
S1bcv4QpwW7Ysy0T9edlOQ,paO0ETshl56TNSaEyzm9Cw,2.0,2012-06-28 12:37:30,morning,3,0,1,long,high,Philadelphia,Coffee & Tea,2,0,1
lvrLf7yb4QD9JIKdIXaFTQ,G_gkdBVK8N5Sp9CSGnYeMw,4.0,2012-06-28 12:38:12,morning,3,0,1,long,high,Carmel,Bagels,2,1,1
lvrLf7yb4QD9JIKdIXaFTQ,ioxgFKdqjRowAj4dFM7VoA,5.0,2012-06-28 14:11:58,afternoon,3,0,1,long,high,Indianapolis,Cuban,2,0,1
X0Bmllln5u8i37-Fo8leVg,7IGODjRWVo96UF71P_nJqg,5.0,2012-06-28 15:51:16,afternoon,3,0,1,long,high,Brentwood,Food,2,0,0
KXYRjdlgg-Gw7mwF22ZAJg,WDXC3W5lDt2pK2qvw6ds3Q,4.0,2012-06-28 19:56:24,evening,3,0,1,long,high,Collegeville,Food,2,0,0
7Na1pUcEv3oF_QTRwZ-2iw,fLk_N8vU25DNZmbU-70gkw,4.0,2012-06-28 23:05:52,evening,3,0,1,long,high,Santa Barbara,Restaurants,1,1,1
cqc-QLN0HjcyoERza34HGg,RMjHlAejNrLHzF4-G4uyng,2.0,2012-06-29 00:09:35,night,4,0,0,medium,high,Safety Harbor,Southern,2,1,1
HxyLRaoH9PS09M6R3rV-EQ,KuLi91b-N_0XY_3IA72RJQ,4.0,2012-06-29 03:53:55,night,4,0,1,short,high,Philadelphia,Food,1,0,0
cLpT9ZCzgr7H6BWqDRs2Og,jOOOrH5n2ijnsZKxzPSAiw,4.0,2012-06-29 13:39:02,afternoon,4,0,1,long,high,Nashville,Caterers,1,0,1
cLpT9ZCzgr7H6BWqDRs2Og,TfcpJBiFNnDaochnmp4M2Q,5.0,2012-06-29 13:55:50,afternoon,4,0,1,long,high,Nashville,Cafes,2,1,0
nPJw7YpKgHE6fowxgl3l1A,pj8Y-5vfbRitnnm2xJFH9w,3.0,2012-06-29 15:42:31,afternoon,4,0,1,medium,high,Philadelphia,Caribbean,2,1,1
nPJw7YpKgHE6fowxgl3l1A,paO0ETshl56TNSaEyzm9Cw,1.0,2012-06-29 16:02:03,afternoon,4,0,1,long,high,Philadelphia,Coffee & Tea,2,0,1
MO-ecGSRdYr4aF92G3Rc0g,hRPH-pAQmxSiyyxTfljusA,5.0,2012-06-29 16:46:21,afternoon,4,0,1,long,high,Saint Louis,Dive Bars,1,1,1
mzL0zHFGyd9866OUljq49g,INWHqjudS0vDcVKlHyz69A,4.0,2012-06-29 17:38:38,afternoon,4,0,1,long,high,Drexel Hill,Event Planning & Services,2,0,1
RRsbPGYyKJ3zqMMkzcHZaQ,NeY1bH6IKJxnn4YAixibsQ,2.0,2012-06-30 02:09:01,night,5,1,1,medium,high,Philadelphia,Coffee & Tea,1,0,1
VVNj3hSE8drWCu8xUXH05Q,VLryc6Q-JbhMdrg7L6rRww,2.0,2012-06-30 03:15:48,night,5,1,1,long,high,Franklin,Bars,2,1,1
NuDamcRGX6GhFB4EHCAEsA,NesMl0Tiq1FsPoX2LzHkNg,3.0,2012-06-30 12:33:19,morning,5,1,0,long,high,Tucson,Cheesesteaks,1,1,1
Jtfz1WbIB_FtYDkO3MtRXg,D5V0Fawd6ODVgqCY8xngsw,4.0,2012-06-30 14:14:31,afternoon,5,1,0,long,high,Philadelphia,Event Planning & Services,3,1,0
590n3_2wj7xIPBzw8ogXTg,2rQFgavS-942RapZTBSBTw,3.0,2012-06-30 16:55:07,afternoon,5,1,1,medium,high,Bryn Mawr,Italian,2,1,1
590n3_2wj7xIPBzw8ogXTg,5FuQbcHTF_I7PWJzhCMObw,5.0,2012-06-30 17:14:55,afternoon,5,1,1,long,high,Philadelphia,Cheesesteaks,1,0,0
590n3_2wj7xIPBzw8ogXTg,2xVsWBNFwZOxIOdd9Mwnww,5.0,2012-06-30 17:50:19,afternoon,5,1,1,medium,high,Exton,Restaurants,2,1,1
590n3_2wj7xIPBzw8ogXTg,7WZ5EGb-Xk_uxQTWc52P4w,4.0,2012-06-30 19:44:35,evening,5,1,1,medium,high,Brookhaven,Restaurants,1,1,0
_enDRyfXOWyOJVrDdLzgIw,VRnJgj0IvxoksHppE78X2Q,3.0,2012-06-30 21:08:46,evening,5,1,1,medium,high,Philadelphia,Dim Sum,2,1,0
tjUSuyGKVCaNzKpP5xYEQQ,YCwWrnOh8qUmQbgQ4p02AA,4.0,2012-06-30 23:29:59,evening,5,1,0,medium,high,Broomall,Restaurants,2,0,0
590n3_2wj7xIPBzw8ogXTg,NaA1lTPxouNLq-zFI3IOYA,5.0,2012-07-01 03:10:58,night,6,1,1,long,high,Springfield,Bars,2,1,0
_BcWyKQL16ndpBdggh2kNA,_EKvNMC2Mm67HzqNIzLgXg,3.0,2012-07-01 13:28:15,afternoon,6,1,1,long,high,Media,Restaurants,2,0,1
0dIvVs3PY64bE3PZF-8V8A,1ig2AJg8A08_XA3pFAMiRQ,4.0,2012-07-01 17:42:34,afternoon,6,1,1,long,high,Franklin,Steakhouses,3,1,0
590n3_2wj7xIPBzw8ogXTg,fnO03-RX7UDC1TzXETWEsQ,4.0,2012-07-01 17:57:52,afternoon,6,1,1,medium,high,Media,Restaurants,2,1,1
5UDVAuh_gJcjWw5M4-xsbw,dSPA4yql9vUwnYRxHiVtHA,2.0,2012-07-01 21:04:57,evening,6,1,0,medium,high,Philadelphia,Sushi Bars,2,0,1
BlJg3Lj8wRBLs71LmAsjEQ,Xsvi9wYhD7u5XrK2EKDd8w,4.0,2012-07-01 22:47:31,evening,6,1,1,medium,high,Tampa,Pizza,2,1,1
M1fk_IYOyZBKIw6ov8Q9hg,Fbq_tc6W5uNmQNrInXpd5w,3.0,2012-07-01 23:53:20,evening,6,1,1,long,high,Ballwin,Cafes,1,0,1
SXeMGP5lNgc03z7cl9Xihg,53A7Yne_S_KizF3i-sDzgg,2.0,2012-07-02 02:57:24,night,0,0,1,medium,high,Nashville,Restaurants,3,1,1
QqMvBqTuefFMJEJTWZV2Sg,cHCRC7r9irhK0dIum1zeUw,5.0,2012-07-02 03:07:36,night,0,0,1,long,high,Indianapolis,Cideries,2,1,0
KXYRjdlgg-Gw7mwF22ZAJg,EtKSTHV5Qx_Q7Aur9o4kQQ,4.0,2012-07-02 03:18:55,night,0,0,1,long,high,Philadelphia,Bars,2,1,1
QqMvBqTuefFMJEJTWZV2Sg,F2C5ENuY8CXfgoW-gAMdDA,5.0,2012-07-02 03:30:31,night,0,0,1,medium,high,Indianapolis,Bars,2,1,1
CZWRMlCSQ06ghZi-_TuHAg,I2CxrvM0BGH1svfxqGGD2g,5.0,2012-07-02 08:54:58,morning,0,0,0,long,high,Nashville,Automotive,2,1,1
CZWRMlCSQ06ghZi-_TuHAg,tW-hptQp2G8ShB_In68InQ,4.0,2012-07-02 09:04:49,morning,0,0,0,medium,high,Nashville,Chinese,1,0,0
CZWRMlCSQ06ghZi-_TuHAg,EDjEVzmoQVHzboFqC-M6Ew,4.0,2012-07-02 09:32:18,morning,0,0,0,long,high,Nashville,Food,2,1,1
CZWRMlCSQ06ghZi-_TuHAg,H3JjbID9Zhukpqr9uupHAA,4.0,2012-07-02 11:49:05,morning,0,0,0,long,high,Nashville,Burgers,2,1,1
gGuAM6Cw1VXJGLssm24ehA,f4vbnGoGo3eWorVekctVGQ,4.0,2012-07-02 14:02:24,afternoon,0,0,1,medium,high,New Orleans,Restaurants,2,0,1
Z-ee4V5_ZFsI2ltccSpqyw,MnKgN5crTUuxROY2aoadtQ,5.0,2012-07-02 15:50:57,afternoon,0,0,1,long,high,Saint Louis,Music Venues,2,1,1
GG0mFsEXb-02_dzFPqRV1Q,VbItL6RDULtnw4YvB6EhVg,3.0,2012-07-02 16:28:07,afternoon,0,0,1,long,high,Philadelphia,Tex-Mex,2,0,0
8pD-h427Y_aDcPxhDR7z8g,_owHO6DTYU-XVP8jAcgZFw,4.0,2012-07-02 17:33:13,afternoon,0,0,1,medium,high,Nashville,Pizza,2,1,1
8pD-h427Y_aDcPxhDR7z8g,cvHY1RTAPSoH94ysP2_eyQ,5.0,2012-07-02 17:41:13,afternoon,0,0,1,long,high,Nashville,Health Markets,2,1,1
GdGGZo98_xRwbrZiYRP1ew,RKVZbcCKNcAM5Jk_cV7I9A,3.0,2012-07-02 18:49:31,afternoon,0,0,1,long,high,Saint Louis,American (New),2,1,1
z9uf9-0uX5Jh8-4Y5l2PQg,dSPA4yql9vUwnYRxHiVtHA,2.0,2012-07-02 19:20:13,evening,0,0,1,long,high,Philadelphia,Sushi Bars,2,0,1
4kKngcDGjuzo18pxx5jHog,KDC4yE8av8-A5TxgmjjUiw,4.0,2012-07-03 00:31:33,night,1,0,1,long,high,Tucson,Bowling,1,1,0
LkF7PSN1Kc8pYgYavpvz_w,5S3Cc7EsEo66BSL7s6iF-w,4.0,2012-07-03 15:06:34,afternoon,1,0,1,long,high,Philadelphia,Bubble Tea,1,1,0
t1NNDZV1kMoyZeE5mr3U3w,IZv79jZv6el1sBHrG7426g,4.0,2012-07-03 15:31:23,afternoon,1,0,1,long,high,Des Peres,Steakhouses,3,1,1
VFRIv3-_Og34wZyy-LigQQ,SIoCIxjn4jLt2O-4DajWJw,4.0,2012-07-03 15:41:13,afternoon,1,0,1,long,high,Philadelphia,Nightlife,2,1,1
qWYEuBZP7av55tewg3PXKg,JgTSG4rIDf20Kgp6U_asng,3.0,2012-07-03 17:38:04,afternoon,1,0,1,long,high,St. Louis,Pizza,2,1,0
7Na1pUcEv3oF_QTRwZ-2iw,xIGiif0TmmmGuV2-sidMSw,4.0,2012-07-03 18:06:56,afternoon,1,0,1,long,high,Santa Barbara,Food,1,0,0
VEj1OuO6QrQMXFhuMZJ8cQ,x4XdNhp0Xn8lOivzc77J-g,5.0,2012-07-03 21:44:59,evening,1,0,1,long,high,Phoenixville,Thai,2,1,0
0dIvVs3PY64bE3PZF-8V8A,iPqywZdnDd-vuP5i6LUSDA,4.0,2012-07-04 01:42:17,night,2,0,1,medium,high,Franklin,Grocery,2,1,0
BlJg3Lj8wRBLs71LmAsjEQ,7tN8hIXdQlfc7Lf5OOyjeg,3.0,2012-07-04 09:48:25,morning,2,0,1,long,high,Tampa,American (Traditional),2,1,1
T2CenOfGvQsbAEY9YdNhBQ,Y2NFeGtConx1qciSPKcRlA,1.0,2012-07-04 10:43:48,morning,2,0,1,medium,high,New Orleans,Restaurants,2,1,1
FRDeSt5dcTv4bEKuaAVgkg,GV-e7Op4aU98xkjjoKlRhA,4.0,2012-07-04 16:17:46,afternoon,2,0,0,medium,high,Saint Louis,Basque,2,1,1
GdmJInilh9WAqAISitNGRw,USyJiGIvZ8fHjRVaVTu1Zw,5.0,2012-07-04 23:48:05,evening,2,0,1,long,high,Philadelphia,Restaurants,1,0,0
RRsbPGYyKJ3zqMMkzcHZaQ,sdWuLh-auc0nC2Jy6_26AQ,3.0,2012-07-05 01:54:24,night,3,0,1,medium,high,Philadelphia,Bars,2,1,0
R-c5M0iJkMxxTxIqTQQZ8w,fycMe9LC7-O5ezKFrU-r_g,3.0,2012-07-05 02:53:00,night,3,0,0,medium,high,Edmonton,Vietnamese,1,0,0
FuTJWFYm4UKqewaosss1KA,V9XlikTxq0My4gE8LULsjw,1.0,2012-07-05 23:51:17,evening,3,0,1,long,high,Tucson,Restaurants,2,1,1
RRsbPGYyKJ3zqMMkzcHZaQ,IH_ZeeTh13jQURbh31d1Kw,3.0,2012-07-06 17:34:59,afternoon,4,0,1,long,high,Philadelphia,Restaurants,1,1,0
h4ZqDUqVcektL45xG4QDew,fBCv5Euudl9VieR870gwNg,4.0,2012-07-08 00:34:12,night,6,1,1,medium,high,Saint Louis,Food,2,1,1
XD_SGGnLRR-NmdI_jjobZg,4PfDVXUiHTslBmKpp1Ckiw,2.0,2012-07-08 15:05:36,afternoon,6,1,1,long,high,Nashville,Breakfast & Brunch,1,1,0
XD_SGGnLRR-NmdI_jjobZg,pSmOH4a3HNNpYM82J5ycLA,4.0,2012-07-08 15:14:24,afternoon,6,1,1,long,high,Nashville,Restaurants,2,1,0
56EIJcxLHYDSxIBygJEApQ,AzseSGgDC6bVtMPEYo1CNQ,5.0,2012-07-09 01:02:07,night,0,0,1,medium,high,New Orleans,Food,2,0,0
XD_SGGnLRR-NmdI_jjobZg,ORL4JE6tz3rJxVqkdKfegA,3.0,2012-07-09 01:10:38,night,0,0,1,long,high,Nashville,Venues & Event Spaces,3,1,1
mxZfJDk8_cOO19c7xiMffQ,BWITd9JUXP3gSi1z3Y-z8g,4.0,2012-07-10 13:51:51,afternoon,1,0,1,long,high,Philadelphia,Italian,2,1,1
mxZfJDk8_cOO19c7xiMffQ,EtKSTHV5Qx_Q7Aur9o4kQQ,5.0,2012-07-10 14:08:19,afternoon,1,0,1,long,high,Philadelphia,Bars,2,1,1
h1KzT38UnfzR7maSi7oVUw,D4n4j_pBOhDJB6u1LRFaew,3.0,2012-07-10 17:03:32,afternoon,1,0,1,medium,high,Saint Louis,Bakeries,2,0,0
7Na1pUcEv3oF_QTRwZ-2iw,KiE0h68HGOO7ZXAqkMBdiw,4.0,2012-07-12 21:37:25,evening,3,0,1,medium,high,Santa Barbara,Food,1,0,1
HQF0z2ueGEwfTnsAPQl9DA,fGYnHzFr1z2kv7bPRW6VMA,5.0,2012-07-16 00:44:01,night,0,0,0,long,high,West Chester,Pizza,2,1,1
6UsMM-rKqm2tMju0RTGnOQ,idu9-lsH5FJ54xt9QdNezQ,4.0,2012-07-16 01:34:13,night,0,0,1,long,high,Spring House,Italian,2,0,0
x-LrGPXN7WFX15Qk9B6_YQ,eMiN8nm70jjKg8izikVWDA,4.0,2012-07-16 13:25:18,afternoon,0,0,1,long,high,Philadelphia,Seafood,2,1,1
53ApJTgvnYlEPgP0xgc6YA,Dv6RfXLYe1atjgz3Xf4GGw,3.0,2012-07-16 15:06:30,afternoon,0,0,0,long,high,Philadelphia,Burgers,2,0,1
VYuuNzTWju8D0rr8SvaZjA,wsr5zfPb6OZX4mQ7S-D8rQ,4.0,2012-07-16 16:39:58,afternoon,0,0,1,long,high,Philadelphia,Bars,2,1,0
ozUHEpWDfRn7IKqluK503A,AbtYqoBGuvlWmR1gU0c3XA,4.0,2012-07-16 17:02:57,afternoon,0,0,1,medium,high,Philadelphia,Food,2,1,0
t1NNDZV1kMoyZeE5mr3U3w,Tq5jFk_BMSJG8-flqj5Bgw,4.0,2012-07-16 17:06:40,afternoon,0,0,1,long,high,University City,Salad,2,1,1
2XKlUjHGk9z-2ckFMcBEHw,8s1uT8dyBEUwTNeHoZntMg,4.0,2012-07-16 17:16:27,afternoon,0,0,1,long,high,Nashville,Restaurants,1,1,1
_BcWyKQL16ndpBdggh2kNA,vCHNWdW-ys-nWUx3Cpvk8Q,4.0,2012-07-16 18:32:35,afternoon,0,0,1,medium,high,Philadelphia,Bakeries,2,1,0
BlJg3Lj8wRBLs71LmAsjEQ,3yI-7C8JzbG-ZaSqAGHMAQ,4.0,2012-07-16 19:54:00,evening,0,0,1,medium,high,Tampa,Restaurants,1,0,0
m8q0X8bt7UAlawSjbG0c7Q,7EhTT4iEuA7JaaWA-eI3Qw,4.0,2012-07-16 20:07:33,evening,0,0,0,medium,high,Pinellas Park,Food,1,0,1
mxZfJDk8_cOO19c7xiMffQ,5S3Cc7EsEo66BSL7s6iF-w,3.0,2012-07-16 20:40:35,evening,0,0,1,long,high,Philadelphia,Bubble Tea,1,1,0
u58FjSNB9K9ST_FQ5SAT3g,lGbI4ub1FaTRh51GqmbXeA,4.0,2012-07-16 20:51:51,evening,0,0,1,long,high,Reno,Nightlife,2,1,1
afGccMxMBgLD4i-8EUE06w,zVoxVPHEt11_0GzqNuT2ZQ,4.0,2012-07-16 21:46:13,evening,0,0,1,medium,high,Saint Louis,Restaurants,2,1,0
MTd-2hIbsAg8_r0qSoHqMQ,W4rgF_1eKzFZiGUOsgbGMA,5.0,2012-07-16 21:50:06,evening,0,0,0,medium,high,Carmel,Pakistani,2,1,0
kDeyHdQGVGdqYM11Q6lMTA,37yDMpWI6HBO2iW8slv7_Q,4.0,2012-07-17 01:26:09,night,1,0,1,long,high,University City,Juice Bars & Smoothies,1,0,1
-ZHlPAvlVdgtiu6DiCq7Yg,5FDt7sy-70y4_37Dh2qcbw,3.0,2012-07-17 13:00:44,afternoon,1,0,1,short,high,Indianapolis,Latin American,1,1,0
eTvp_hYnsrI5-ow_sQ31_g,zVoxVPHEt11_0GzqNuT2ZQ,3.0,2012-07-17 14:28:35,afternoon,1,0,1,long,high,Saint Louis,Restaurants,2,1,0
Cvi8nZTwDVaQkqmmgQwQMw,-ATiAtTikuGuqvaW2O6tNA,3.0,2012-07-17 18:02:39,afternoon,1,0,1,long,high,Philadelphia,Sandwiches,2,1,1
UCnM1IOnRoKLgPMQ0w1gHQ,eWzMF5AFIAiyixTWor9uOw,1.0,2012-07-17 22:44:03,evening,1,0,1,medium,high,Nashville,Event Planning & Services,2,1,0
Jt3GylPuH64uA3zTdbMdCg,MbKhuO-4uYPc0NRZDRWoew,5.0,2012-07-18 09:43:09,morning,2,0,1,long,high,Philadelphia,Restaurants,1,0,0
nLOF2qXMJfTbbcVtDo8oZA,cljHYek6vHtqUgUsnJBqmA,3.0,2012-07-18 14:38:32,afternoon,2,0,1,long,high,Saint Louis,French,2,1,1
AiwVzxg4paqeDX82O4oFLg,A0F-h3xJm_6gHDKcDQwSrQ,4.0,2012-07-18 17:14:17,afternoon,2,0,0,medium,high,Philadelphia,Pizza,2,1,1
AiwVzxg4paqeDX82O4oFLg,C_EtrXTygRX5RTUOKtO6Dg,3.0,2012-07-18 17:14:41,afternoon,2,0,0,medium,high,Philadelphia,Nightlife,2,1,1
x6erNzhuM_c7xW6PlqClIQ,7lwe7n-Yc-V9E_HfLAeylg,4.0,2012-07-19 00:27:11,night,3,0,1,long,high,Philadelphia,Restaurants,2,1,1
L1ayZt4pBRKhO00OhUaLAw,oLc7k78_YcDMnMCdbC-h1A,3.0,2012-07-19 01:17:28,night,3,0,1,medium,high,New Orleans,American (Traditional),2,1,1
yHY5QyJmeVsywaKkCojU6Q,0zH0l4Jbf-oove3cLvrFOg,4.0,2012-07-19 01:27:57,night,3,0,0,long,high,Newtown,American (New),2,0,1
88Ij88GMC7tcIegOicRdYA,g8ZqVCalVp-PsOqyS4dXGw,4.0,2012-07-19 13:06:29,afternoon,3,0,1,long,high,Media,Restaurants,2,0,0
1EJYgQ-ja_UbTWR_FDj4_A,NL-pATcAaXHwxrm7ODwEig,1.0,2012-07-19 13:20:39,afternoon,3,0,1,medium,high,Tampa,American (Traditional),1,1,0
aN3hqwdyeT6AmyUq3GgIIA,-ATiAtTikuGuqvaW2O6tNA,3.0,2012-07-19 16:45:03,afternoon,3,0,1,medium,high,Philadelphia,Sandwiches,2,1,1
ILicYV0XNcbfiWEgWlIZ8g,JomDoQafikclSVVCPkWjnA,5.0,2012-07-19 19:22:56,evening,3,0,1,long,high,Philadelphia,Diners,1,0,0
5G2IF0VIN3Brl-m45QDXsA,BWITd9JUXP3gSi1z3Y-z8g,4.0,2012-07-19 19:24:05,evening,3,0,1,long,high,Philadelphia,Italian,2,1,1
t9Qrz3zLtOnlmEeKfDCtFA,Uc6PdjT_MO5bRPQsUUEy5Q,5.0,2012-07-20 14:28:02,afternoon,4,0,1,medium,high,Tampa,Restaurants,2,1,1
5G2IF0VIN3Brl-m45QDXsA,EtKSTHV5Qx_Q7Aur9o4kQQ,5.0,2012-07-20 15:54:38,afternoon,4,0,1,long,high,Philadelphia,Bars,2,1,1
_BcWyKQL16ndpBdggh2kNA,paO0ETshl56TNSaEyzm9Cw,2.0,2012-07-20 16:53:42,afternoon,4,0,1,long,high,Philadelphia,Coffee & Tea,2,0,1
riWDgbauId8TK7YFVgMNJw,bMpKXcKFetJQsa42UR25cQ,4.0,2012-07-20 18:53:37,afternoon,4,0,1,short,high,New Orleans,Bars,2,1,1
NuDamcRGX6GhFB4EHCAEsA,W7NxQw8UYFR0HLPrI08tvw,4.0,2012-07-21 01:43:13,night,5,1,0,long,high,Tucson,Restaurants,1,1,1
VVNj3hSE8drWCu8xUXH05Q,37BpNvlEAT6WVGsksrHbBQ,5.0,2012-07-21 03:33:24,night,5,1,1,long,high,Nashville,Sushi Bars,2,1,1
NMLvjdY7IOdtfU0TepvUuA,pqe1pCQx--uybdm6EQ8AqQ,4.0,2012-07-21 13:48:26,afternoon,5,1,1,long,high,Wynnewood,American (New),1,0,1
HQF0z2ueGEwfTnsAPQl9DA,7WZ5EGb-Xk_uxQTWc52P4w,3.0,2012-07-21 16:50:54,afternoon,5,1,0,long,high,Brookhaven,Restaurants,1,1,0
kfiBpwAZFxAo_RcrBmQjbA,4xEJiEQERBvr2jAZQSeF2g,3.0,2012-07-21 21:03:18,evening,5,1,1,long,high,Saint Louis,Tapas/Small Plates,2,1,1
kfiBpwAZFxAo_RcrBmQjbA,-6OjnX3ZdDOhHxWR60wysg,5.0,2012-07-21 21:17:09,evening,5,1,1,long,high,Saint Louis,Burgers,2,1,1
_BcWyKQL16ndpBdggh2kNA,MKHJy86fkFnMAhZac6wuLw,3.0,2012-07-21 23:16:43,evening,5,1,1,long,high,Philadelphia,Pizza,2,0,0
QLPylO8wa5C4XeY4LhGUuw,dBCNUSbz5-8nQNrxWo5deg,5.0,2012-07-21 23:34:25,evening,5,1,0,medium,high,Southampton,Restaurants,2,1,0
TwJCpgJiTvO4aam6Njhtbw,dIpTuL2T1L98GQGU17IeSw,3.0,2012-07-22 01:35:14,night,6,1,1,long,high,Tampa,Bars,2,1,1
VEj1OuO6QrQMXFhuMZJ8cQ,uIZwBkvWicqyWraXvYOipw,5.0,2012-07-22 02:26:40,night,6,1,1,long,high,Philadelphia,Restaurants,3,1,0
IKbjLnfBQtEyVzEu8CuOLg,BWITd9JUXP3gSi1z3Y-z8g,5.0,2012-07-22 03:39:23,night,6,1,1,medium,high,Philadelphia,Italian,2,1,1
0E-IU4qDXps1MHQhNZx6vA,LH8R7UsbSQfvojE7xbgHJw,5.0,2012-07-22 04:36:22,night,6,1,1,long,high,Greenwood,Ice Cream & Frozen Yogurt,1,0,0
ZcNLb0XgmVOPcYvElhz3WA,QpPc51mH86xyrRmnFijpTQ,4.0,2012-07-22 05:11:40,night,6,1,1,long,high,Hendersonville,Coffee & Tea,1,0,1
cqc-QLN0HjcyoERza34HGg,Yh_KhyVD6ZBwsIQQ1wSUpw,5.0,2012-07-22 13:14:56,afternoon,6,1,0,medium,high,Tampa,Vietnamese,1,0,0
iPkdNziqnhNukjnmsrSzmg,33JlrWf0kmHd2VzW58Wp0g,4.0,2012-07-22 14:54:09,afternoon,6,1,1,long,high,Saint Louis,Bars,2,1,1
lYQk0R6sPfo3WeX-l_5BuA,qWzBt1r0P_FjiinIAGFtoA,3.0,2012-07-22 15:41:11,afternoon,6,1,1,medium,high,Des Peres,Restaurants,1,0,1
_enDRyfXOWyOJVrDdLzgIw,14ZGwnDyydXdSBsLXpSUrA,3.0,2012-07-22 16:06:09,afternoon,6,1,1,long,high,Philadelphia,Vietnamese,2,1,1
BlJg3Lj8wRBLs71LmAsjEQ,Q5odYgHa-ApKOPVrEFmRQA,3.0,2012-07-22 20:39:11,evening,6,1,1,medium,high,Tampa,Music Venues,2,1,1
dLeQWcavoGKfof59f3Y6uQ,laElNpr0C23diPSsx12Nvg,3.0,2012-07-22 21:35:49,evening,6,1,1,long,high,Tampa,Restaurants,1,1,0
TwJCpgJiTvO4aam6Njhtbw,c0xlgkMW1iDu7gUDPs86hQ,5.0,2012-07-22 22:17:57,evening,6,1,1,long,high,Tampa,American (Traditional),2,0,0
VEj1OuO6QrQMXFhuMZJ8cQ,D5V0Fawd6ODVgqCY8xngsw,5.0,2012-07-22 22:48:04,evening,6,1,1,long,high,Philadelphia,Event Planning & Services,3,1,0
tat7n8XnUBvZYFeB0FSzvg,Uc6PdjT_MO5bRPQsUUEy5Q,5.0,2012-07-23 00:13:43,night,0,0,1,short,high,Tampa,Restaurants,2,1,1
-ZHlPAvlVdgtiu6DiCq7Yg,jRLskcm_icZIKs81mYC4iQ,4.0,2012-07-23 00:38:27,night,0,0,1,long,high,Indianapolis,Restaurants,2,1,0
Y2dhNLLyzeHTJ4zet86rRA,A0F-h3xJm_6gHDKcDQwSrQ,4.0,2012-07-23 17:18:58,afternoon,0,0,0,medium,high,Philadelphia,Pizza,2,1,1
Y2dhNLLyzeHTJ4zet86rRA,XaSNISuTB4DKvzS3Rug5Nw,4.0,2012-07-23 18:19:37,afternoon,0,0,0,medium,high,Flourtown,Restaurants,2,0,0
Y2dhNLLyzeHTJ4zet86rRA,2GYg3liJ9-m6Z67L_4_BRQ,5.0,2012-07-23 18:31:05,afternoon,0,0,0,medium,high,Philadelphia,Pets,2,0,0
tHsxcCUUQYkypUxssH48yg,9gObo5ltOMo6UgsaXaHPWA,5.0,2012-07-23 20:41:17,evening,0,0,0,medium,high,Philadelphia,American (New),3,1,0
ouODopBKF3AqfCkuQEnrDg,14ZGwnDyydXdSBsLXpSUrA,4.0,2012-07-23 21:14:27,evening,0,0,1,long,high,Philadelphia,Vietnamese,2,1,1
v1pKH5c7C5pEyrlVjIbr-w,vJU7VP831iKtwdwdD49MWw,4.0,2012-07-24 12:32:27,morning,1,0,1,long,high,Palm Harbor,Specialty Food,4,1,0
v1pKH5c7C5pEyrlVjIbr-w,HYK6JACOzRHk2XHUjbyJ6A,3.0,2012-07-24 15:35:40,afternoon,1,0,1,long,high,Oldsmar,Restaurants,1,0,1
_enDRyfXOWyOJVrDdLzgIw,qiZ60gI5LCzhkW59cmrFoA,1.0,2012-07-24 16:07:47,afternoon,1,0,1,short,high,Glassboro,Italian,2,1,1
mmSvRe11vbz3XTXw5bFJJg,wa_bwyY57etHjtJ2Fw0E3g,3.0,2012-07-24 18:51:11,afternoon,1,0,1,long,high,Tucson,Vegetarian,2,1,1
kaa6i7IHMyYIom7DIul9EQ,fGYnHzFr1z2kv7bPRW6VMA,5.0,2012-07-24 20:39:55,evening,1,0,1,long,high,West Chester,Pizza,2,1,1
sh3V6hnNMLVV9YwFA9QNaw,o3RGMdSY37_PX1k1vZsXpA,4.0,2012-07-25 18:30:12,afternoon,2,0,1,medium,high,Clearwater,American (New),3,1,1
Hxx8FmhpxiugIrGRh8RDOg,wPViqOIThG5W_p4FKGqjrQ,3.0,2012-07-26 16:30:28,afternoon,3,0,1,long,high,Saint Louis,Pubs,2,1,1
iy48sXsYF2wdO7u98rS3ww,2XYPFRm7teCUr3eGsB2-qw,4.0,2012-07-26 17:56:43,afternoon,3,0,1,long,high,Blue Bell,Thai,2,0,1
Hxx8FmhpxiugIrGRh8RDOg,GgkQtx8S_UvqO9vRJNqANA,4.0,2012-07-26 18:16:07,afternoon,3,0,1,long,high,Brentwood,Chinese,1,0,0
eh03Ytv4exbW33L2erx1kA,kpK6SmxIiNoGPNhlEGiL4w,5.0,2012-07-28 01:49:14,night,5,1,0,long,high,Saint Louis,Italian,2,1,1
tGEkFShSLzO5BACDDBPb2Q,sdWuLh-auc0nC2Jy6_26AQ,3.0,2012-07-28 22:14:38,evening,5,1,1,medium,high,Philadelphia,Bars,2,1,0
0Igx-a1wAstiBDerGxXk2A,3ld-M9oahBBBBaSPm-zXnw,1.0,2012-07-29 03:38:52,night,6,1,1,medium,high,New Orleans,Nightlife,2,1,0
ZH3PVSJ9OFcps-MXsJu09w,cHCRC7r9irhK0dIum1zeUw,5.0,2012-07-31 01:36:51,night,1,0,1,long,high,Indianapolis,Cideries,2,1,0
L1ayZt4pBRKhO00OhUaLAw,neWdmzHgbpqSx62jynDd7A,3.0,2012-08-14 23:47:30,evening,1,0,1,long,high,New Orleans,Seafood,3,1,1
L1ayZt4pBRKhO00OhUaLAw,gUyfJlJRxu1fHuZ4dpBheQ,1.0,2012-08-14 23:58:06,evening,1,0,1,long,high,New Orleans,Mexican,2,1,1
590n3_2wj7xIPBzw8ogXTg,_EKvNMC2Mm67HzqNIzLgXg,5.0,2012-08-15 03:47:39,night,2,0,1,long,high,Media,Restaurants,2,0,1
sgK8_cpe6FTk2HD0P27K0g,cXSyVvOr9YRN9diDkaWs0Q,4.0,2012-08-15 13:21:09,afternoon,2,0,0,medium,high,Philadelphia,Southern,2,1,1
sgK8_cpe6FTk2HD0P27K0g,JUlsvVAvZvGHWFfkKm0nlg,4.0,2012-08-15 13:52:03,afternoon,2,0,0,medium,high,Philadelphia,Mexican,2,1,1
B-V1eJcIwouZuUrMFQkmnA,WMI3BjDby0U-IF6NnN0SXA,4.0,2012-08-15 15:44:57,afternoon,2,0,1,medium,high,Cherry Hill,Restaurants,1,1,0
Jt3GylPuH64uA3zTdbMdCg,TCROPjxfzCZzrQjqLqstSg,5.0,2012-08-15 22:54:49,evening,2,0,1,long,high,Philadelphia,Coffee & Tea,1,0,1
590n3_2wj7xIPBzw8ogXTg,o8JeOB8HTa5HYHg6hfqTHw,5.0,2012-08-15 23:41:50,evening,2,0,1,medium,high,Wilmington,Restaurants,1,0,1
W7iLDP6GY4joKZ1zSCOEfA,ype7l-G4zuw3pmIG-HpvZA,4.0,2012-08-16 03:19:04,night,3,0,1,medium,high,Edmonton,Coffee & Tea,2,0,1
o0emAbW2Z9MnyGxBUzH2ZA,C-L3Idjx0RvopgmnkbOpmA,3.0,2012-08-16 04:24:03,night,3,0,1,long,high,Indianapolis,American (Traditional),2,0,1
Ff_kwM1B9CyOZCMK_1rOHg,piUZEndStsWNnRUwOPk8jA,4.0,2012-08-16 10:55:51,morning,3,0,1,long,high,Philadelphia,Chinese,2,1,0
Cbr8ES0BPeXzmGssfgIvqg,Mha77MN_BYGB-w7DONZ5YA,4.0,2012-08-16 15:29:25,afternoon,3,0,1,long,high,Tampa,Peruvian,1,0,0
mzXDuhZBPdHfMIk1YXP0mQ,y_JZFlF-4fwSIn4RJ2vMGw,3.0,2012-08-16 17:26:56,afternoon,3,0,0,long,high,Philadelphia,Desserts,1,0,1
0xZucjnNt2beD1veIAWLwA,vJU7VP831iKtwdwdD49MWw,1.0,2012-08-16 18:59:58,afternoon,3,0,1,long,high,Palm Harbor,Specialty Food,4,1,0
HxyLRaoH9PS09M6R3rV-EQ,-ATiAtTikuGuqvaW2O6tNA,2.0,2012-08-16 22:11:21,evening,3,0,1,medium,high,Philadelphia,Sandwiches,2,1,1
l7zmF8szWBC-A07oIDRdKw,REt83ozDeIl6fCYZuAjNrA,5.0,2012-08-17 07:20:19,morning,4,0,1,medium,high,Philadelphia,Chinese,1,0,0
jBzITjfkC7M99oN6a5HErQ,8OPE0UaZHf7vdYkgbIj8vg,2.0,2012-08-17 12:29:24,morning,4,0,1,long,high,Indianapolis,American (New),2,1,1
5Y5KbsI5buMcNh2hTFaRpA,dD2p903p8lU0IgXT3OFluA,4.0,2012-08-17 14:08:52,afternoon,4,0,1,medium,high,Nashville,Breakfast & Brunch,1,1,1
RNWJx8g-TIMVn1fpNFOCvA,3sdlpskDaXr1P59BYjGoFw,3.0,2012-08-17 16:15:16,afternoon,4,0,1,long,high,Philadelphia,Burgers,1,0,0
aY7Tuiui3BbrLGgVpgziZA,SySSMQNIfXN4KZyMtEukEw,3.0,2012-08-17 17:29:16,afternoon,4,0,1,long,high,Tampa,Steakhouses,3,1,0
DbNKK25oOzfHxyfBHlOaDg,mGpLYGly9TmJsWiELfHXYg,5.0,2012-08-17 23:51:43,evening,4,0,1,long,high,Smyrna,Cajun/Creole,2,1,1
36rYo-dZTwy8LUlmimgdbg,1DkolDhbc0kydORZCIp7Fw,4.0,2012-08-18 13:32:40,afternoon,5,1,1,long,high,Philadelphia,Food Stands,1,1,1
LkF7PSN1Kc8pYgYavpvz_w,hUX1yAimviBIhb21D_KtcQ,3.0,2012-08-18 15:03:32,afternoon,5,1,1,long,high,Philadelphia,Mexican,2,1,1
iT1AA74QFn_a0Xq9-ggSGA,Ln5j6LRuXur3E5U86WjOJg,3.0,2012-08-18 17:31:54,afternoon,5,1,1,long,high,New Orleans,Venues & Event Spaces,1,0,1
LkF7PSN1Kc8pYgYavpvz_w,L3h60m908xbwVGI0_O4Ikw,5.0,2012-08-18 17:59:11,afternoon,5,1,1,medium,high,Philadelphia,Food,2,0,0
B4cnr5d2S_7McR3XBfrscA,OS6eXzSVZ0sYBWE67jXtMg,4.0,2012-08-18 21:53:07,evening,5,1,0,long,high,Horsham,Food,2,0,0
tjUSuyGKVCaNzKpP5xYEQQ,g1F1ZdYC6Rzl3lGjrKxrbA,4.0,2012-08-19 03:01:07,night,6,1,0,medium,high,West Chester,Pizza,2,0,1
cqc-QLN0HjcyoERza34HGg,GWUkk9aKgvE4iRbDmJtuVw,4.0,2012-08-19 11:28:33,morning,6,1,0,medium,high,Largo,Restaurants,1,0,0
E2CuwvUZdhvrAvvNdmmN8A,bMIVLkX6-0U2NVPaVwt94A,5.0,2012-08-19 14:43:42,afternoon,6,1,1,long,high,Clearwater,Ethnic Food,2,1,1
USD9k93iOIB88v93B5iBcw,NB9wGhMqy27suWqNzk3laA,2.0,2012-08-19 14:50:10,afternoon,6,1,1,medium,high,Philadelphia,Middle Eastern,2,0,0
E2CuwvUZdhvrAvvNdmmN8A,radib3GHt_Up9-zhUjM1ew,5.0,2012-08-19 16:41:35,afternoon,6,1,1,long,high,Clearwater,Fast Food,2,1,1
RMrWegRjr3gn_g7fOLxHRA,_9x1oSQghxEPuUeb5NPShw,3.0,2012-08-19 17:41:36,afternoon,6,1,1,long,high,Philadelphia,Bars,2,1,0
wfi0T-xq_P5sKQvwQitlYg,N-ej51lLtIl4TMC-Qb3k4A,3.0,2012-08-19 18:27:33,afternoon,6,1,1,long,high,Edmonton,Restaurants,2,1,0
P-NTOAMFVSDFGkhcj4GaIQ,fmDLQmU0lYjzU9qx6k8qug,4.0,2012-08-19 18:39:39,afternoon,6,1,1,medium,high,Tucson,Grocery,2,0,0
cqc-QLN0HjcyoERza34HGg,FJlYldo1NcoyKMG2YKWywA,4.0,2012-08-19 19:32:42,evening,6,1,0,medium,high,Tampa,Ethnic Food,1,0,0
FlXBpK_YZxLo27jcMdII1w,QTeEX_XchMKgS27yX913mA,5.0,2012-08-19 19:33:07,evening,6,1,1,long,high,Marlton,Food,2,1,0
NqZJMXmwEtirJvx-qpyLmQ,Oun4NN-u5yiHIxDqtJnxgA,5.0,2012-08-19 23:56:16,evening,6,1,1,long,high,Philadelphia,Restaurants,1,0,0
8EMU7d4pCkdqUnvlIW40CA,Oun4NN-u5yiHIxDqtJnxgA,4.0,2012-08-20 03:55:29,night,0,0,1,long,high,Philadelphia,Restaurants,1,0,0
tat7n8XnUBvZYFeB0FSzvg,ixPTo6Hum7nNZ7A4VPhTXg,4.0,2012-08-20 13:27:26,afternoon,0,0,1,medium,high,Tampa,Restaurants,2,1,1
_enDRyfXOWyOJVrDdLzgIw,dSPA4yql9vUwnYRxHiVtHA,3.0,2012-08-20 14:56:41,afternoon,0,0,1,long,high,Philadelphia,Sushi Bars,2,0,1
5OaFQ_RSid2hmnCVCvvCAw,mUIBtlWNPD7sz3rGGWQ1RA,5.0,2012-08-20 15:19:05,afternoon,0,0,1,long,high,Philadelphia,Mediterranean,2,0,1
NMLvjdY7IOdtfU0TepvUuA,DGvkU7CkdBs6lNbncQmF3A,3.0,2012-08-20 15:55:34,afternoon,0,0,1,medium,high,Philadelphia,Restaurants,2,1,1
5G2IF0VIN3Brl-m45QDXsA,mtowE4p6gOgyGrHAsMz-rg,5.0,2012-08-20 17:35:57,afternoon,0,0,1,medium,high,Wilmington,Food,1,0,1
3z2FQKEmFZ7zKuFIG1B1qw,y_JZFlF-4fwSIn4RJ2vMGw,5.0,2012-08-20 19:21:08,evening,0,0,1,long,high,Philadelphia,Desserts,1,0,1
ouODopBKF3AqfCkuQEnrDg,YtSqYv1Q_pOltsVPSx54SA,3.0,2012-08-20 23:44:58,evening,0,0,1,long,high,Philadelphia,Wine Bars,3,1,0
XD_SGGnLRR-NmdI_jjobZg,YAUUdbESr8BYQ_TFgDjT5Q,4.0,2012-08-21 00:33:07,night,1,0,1,long,high,Philadelphia,Asian Fusion,2,1,0
IKbjLnfBQtEyVzEu8CuOLg,B-DiQpcSTJ7oMMnwzbAGTQ,5.0,2012-08-21 01:26:17,night,1,0,1,medium,high,Philadelphia,Thai,1,0,0
RRsbPGYyKJ3zqMMkzcHZaQ,U30ggGzFpXvc2NZYwOW3qg,5.0,2012-08-21 18:15:05,afternoon,1,0,1,long,high,Philadelphia,Cafes,1,0,1
3FPchSoVF4lQrk4dBAEBqw,YOkrUUey0K8Zy_FWp9gB9g,5.0,2012-08-21 23:16:36,evening,1,0,1,long,high,Nashville,Ice Cream & Frozen Yogurt,2,1,0
WJR8f_QNG1kuPq5V6RxeFA,FtkYGVPVCRuuhQhYJBSVQw,4.0,2012-08-21 23:36:42,evening,1,0,1,short,high,New Orleans,Food,2,0,0
Fa2-VD8cqcn98vqciVn3Gw,xJIeT5--AiPdvPb5BRflyQ,4.0,2012-08-22 14:27:31,afternoon,2,0,1,short,high,Riverview,Nightlife,1,1,1
NqZJMXmwEtirJvx-qpyLmQ,Dv6RfXLYe1atjgz3Xf4GGw,4.0,2012-08-22 16:53:17,afternoon,2,0,1,long,high,Philadelphia,Burgers,2,0,1
gGuAM6Cw1VXJGLssm24ehA,A-8K66Kx7fMXkayG_3zdJQ,4.0,2012-08-22 20:17:12,evening,2,0,1,medium,high,Metairie,Restaurants,2,1,1
LruOyCDYa-hfSwJkOt46VA,DGvkU7CkdBs6lNbncQmF3A,4.0,2012-08-23 00:07:33,night,3,0,1,long,high,Philadelphia,Restaurants,2,1,1
IKbjLnfBQtEyVzEu8CuOLg,lRbHFOIFuusN2WOR_ypQ_A,2.0,2012-08-23 01:44:55,night,3,0,1,long,high,Philadelphia,Restaurants,2,0,0
_4Wn2zRkrmDfowBrNcji0Q,Z5po0aTuzKKblek5y6Sp8Q,3.0,2012-08-23 02:07:26,night,3,0,0,medium,high,Philadelphia,Food,2,0,0
tgkjSWCcWXAAk2DScYmQrg,5FuQbcHTF_I7PWJzhCMObw,1.0,2012-08-23 02:46:06,night,3,0,1,long,high,Philadelphia,Cheesesteaks,1,0,0
gfQqQYI5_hCAGEHlHXIz2Q,Q-prSTdggNlxAEFV88BZOw,4.0,2012-08-23 03:57:06,night,3,0,1,long,high,Philadelphia,Beer,2,1,1
BDyCY898xb7QexX-XJgrEw,RZtGWDLCAtuipwaZ-UfjmQ,4.0,2012-08-23 13:37:58,afternoon,3,0,1,long,high,Philadelphia,Pizza,2,1,1
mzL0zHFGyd9866OUljq49g,Dv6RfXLYe1atjgz3Xf4GGw,5.0,2012-08-23 14:08:49,afternoon,3,0,1,long,high,Philadelphia,Burgers,2,0,1
CozGguiwx7JEVk7cAwdvpA,N5QQdPac1cXwOHr-ePr90g,5.0,2012-08-23 14:34:16,afternoon,3,0,1,medium,high,Reno,Food,1,1,1
akUC5qP68u0_frTwHLl61w,2kuhZOrWcLYe_XePccr4lA,3.0,2012-08-23 15:57:07,afternoon,3,0,1,medium,high,Tampa,Restaurants,2,1,1
akUC5qP68u0_frTwHLl61w,w9MojhsClMHHKK5pa8gcBw,5.0,2012-08-23 16:08:18,afternoon,3,0,1,short,high,Tampa,Restaurants,1,0,0
66WeYHwruzUtHqTNCioSZg,Dv6RfXLYe1atjgz3Xf4GGw,5.0,2012-08-23 17:44:42,afternoon,3,0,1,long,high,Philadelphia,Burgers,2,0,1
EouCKoDfzaVG0klEgdDvCQ,tNnVxOC_9p8UK3N_2-yCtQ,4.0,2012-08-23 22:27:38,evening,3,0,1,long,high,Cherry Hill,Korean,2,0,0
B-V1eJcIwouZuUrMFQkmnA,TO1twT7_FLMbNeDm3KNNRw,3.0,2012-08-24 14:07:13,afternoon,4,0,1,long,high,Mount Laurel,Caterers,2,0,0
N0duXRMkI3zKTDUEBai_Yg,_v8Ccd70N6uXw8muQeyhOA,2.0,2012-08-24 21:19:05,evening,4,0,0,long,high,Edmonton,Restaurants,2,1,1
hla_Au4fcGMHU8PTFd05nA,vzvm7_QXEDaMTxMOKLBNyQ,2.0,2012-08-25 01:04:16,night,5,1,1,short,high,Tucson,Vegetarian,1,1,0
zAMpV0uFt9XpqRDFNLWPrQ,p3Vbzk03kNiI0tr181qamA,4.0,2012-08-25 04:44:53,night,5,1,1,medium,high,Indianapolis,American (New),2,1,1
0E-IU4qDXps1MHQhNZx6vA,Q1HHAb4FzrzfnnrRyA8fgg,3.0,2012-08-25 05:24:41,night,5,1,1,long,high,Indianapolis,Restaurants,2,1,1
amIUTkKQlA4464-lJlwlaQ,jcQ2ykQjVjSiVFf0EtH6eg,4.0,2012-08-26 14:07:43,afternoon,6,1,1,medium,high,Tampa,American (New),2,1,1
ozUHEpWDfRn7IKqluK503A,1NCUTTp6rIyXpwUDVv9qOA,4.0,2012-08-29 15:33:58,afternoon,2,0,1,medium,high,Philadelphia,Pizza,1,0,0
sh3V6hnNMLVV9YwFA9QNaw,ZD7_emi7fkJLFRwP2p09vA,3.0,2012-08-29 16:11:17,afternoon,2,0,1,long,high,Clearwater,Restaurants,2,0,0
BllxaGmCtQAUyhGBDNjUWA,hDVpw1PSS31uFUCOsI-eog,1.0,2012-08-31 01:29:40,night,4,0,0,long,high,Smyrna,Restaurants,2,1,1
RRsbPGYyKJ3zqMMkzcHZaQ,RrqRin8BYGrTlJbCDwtLzA,3.0,2012-09-10 14:50:12,afternoon,0,0,1,long,high,Philadelphia,Delis,1,1,0
JRXbWVcU-uugX2DATU3nRA,nRKndeZLQ3eDL10UMwS2rQ,5.0,2012-09-10 16:14:45,afternoon,0,0,1,short,high,Saint Louis,Ice Cream & Frozen Yogurt,1,0,0
0du93EkEwKuxRG_x6hqVUg,TfcpJBiFNnDaochnmp4M2Q,5.0,2012-09-10 18:26:14,afternoon,0,0,1,long,high,Nashville,Cafes,2,1,0
wmqsehbFirZPlAluJUakeQ,r1XrdSiWFp-CeZJ4ik7zoQ,4.0,2012-09-10 18:48:16,afternoon,0,0,0,medium,high,Wayne,Caterers,2,0,1
3x-kbXQUhrsWOcp8mUimbw,Cr-uaPrfvG7tvqzLGAGErA,3.0,2012-09-10 21:40:39,evening,0,0,1,long,high,Edmonton,Japanese,2,1,0
ibRrf8Kv4Oo-pUsAH9wtjw,Q1HHAb4FzrzfnnrRyA8fgg,5.0,2012-09-10 22:26:02,evening,0,0,1,medium,high,Indianapolis,Restaurants,2,1,1
TLpnu9BZNLTuB1ngxjnIpA,xR1Wkmrm3yoAJuxPmS0vUw,3.0,2012-09-11 06:11:04,night,1,0,1,long,high,Sparks,Grocery,2,0,0
OmL2bjLvvRxg1brM5Pehgw,_RwlMTw9uFeOkfX9Ctf1HA,2.0,2012-09-11 16:53:09,afternoon,1,0,1,long,high,Philadelphia,American (Traditional),3,1,1
NMVURT96-Dbtq0q0ocO7ZQ,7BiIK58dZNSICPN4n4qWmw,4.0,2012-09-11 18:07:19,afternoon,1,0,1,long,high,Nashville,Japanese,2,1,0
RCZ5M9o2-fxgFuurpmEs3w,wITX_5zymQu_JVfn569Vpg,3.0,2012-09-11 19:54:14,evening,1,0,0,short,high,King of Prussia,Restaurants,2,0,0
ibRrf8Kv4Oo-pUsAH9wtjw,SRb3xScVOeYfhZP4U8LMdA,4.0,2012-09-11 21:42:31,evening,1,0,1,medium,high,Indianapolis,Food,1,0,1
ibRrf8Kv4Oo-pUsAH9wtjw,I2Yt74AzSQFfyQqgN7PSEg,4.0,2012-09-11 21:59:46,evening,1,0,1,long,high,Indianapolis,Venues & Event Spaces,2,0,0
MR39Vmbfr3StG-Atok3tHA,1165tVWCcxFvYoHT1-I2mw,4.0,2012-09-11 22:00:53,evening,1,0,1,long,high,Nashville,American (New),3,1,0
G3h8pIclwUbuu3itJqF7ug,WKMJwqnfZKsAae75RMP6jA,4.0,2012-09-11 23:54:24,evening,1,0,1,long,high,Edmonton,Coffee & Tea,2,1,0
bbPl-oSG4eLJL1uWupxiwg,A0F-h3xJm_6gHDKcDQwSrQ,4.0,2012-09-12 02:03:21,night,2,0,0,medium,high,Philadelphia,Pizza,2,1,1
UV6kQ5MqadMq9SaVv35fqg,oQ5CPRt0R3AzFvcjNOqB1w,3.0,2012-09-12 15:32:34,afternoon,2,0,1,long,high,Nashville,Barbeque,2,1,1
t1NNDZV1kMoyZeE5mr3U3w,MnKgN5crTUuxROY2aoadtQ,4.0,2012-09-12 18:00:43,afternoon,2,0,1,long,high,Saint Louis,Music Venues,2,1,1
TINJU5ib4OMlCL07JqYGhA,OcatdPIYh9X2Du3Lo5YKOQ,4.0,2012-09-13 13:30:21,afternoon,3,0,1,long,high,New Orleans,Restaurants,2,1,1
Xth3HA2SYz34ae1r4w8NqA,FF45pKN_lzqG8Bqk-_HQvw,4.0,2012-09-13 13:34:39,afternoon,3,0,0,long,high,Saint Louis,Street Vendors,1,0,0
Xth3HA2SYz34ae1r4w8NqA,Gjp3AjbcW3MQjkQv6BPQKA,1.0,2012-09-13 14:51:31,afternoon,3,0,0,long,high,Ballwin,Food,2,1,1
5Si-3Rt03p8r7fGYd-1EVw,jxfAi7UDmtbhyPw7ZsfKVw,5.0,2012-09-13 15:10:41,afternoon,3,0,1,long,high,Media,Desserts,2,0,1
KXYRjdlgg-Gw7mwF22ZAJg,x4XdNhp0Xn8lOivzc77J-g,3.0,2012-09-13 17:25:48,afternoon,3,0,1,long,high,Phoenixville,Thai,2,1,0
6YhsP22QqgDgA8PnLigQkw,Z5po0aTuzKKblek5y6Sp8Q,4.0,2012-09-13 21:35:45,evening,3,0,0,long,low,Philadelphia,Food,2,0,0
5k_g7SIrcVotE8tqNcQVOQ,cp3pRJJuQo0urJZm2inr_A,4.0,2012-09-14 00:52:51,night,4,0,0,medium,high,Royersford,Restaurants,2,0,0
TR7ezcRznfr1Jif7euZZJg,w0zKpH49tW6Y-b6ZJzKMFw,4.0,2012-09-14 02:54:47,night,4,0,1,medium,high,Philadelphia,Food,2,1,0
7yuBjruAJfk0n0eTFONMSg,6OBV0LXFHVQoUWuQxJxtwA,3.0,2012-09-14 04:02:23,night,4,0,1,medium,high,Mt. Juliet,Thai,2,1,1
5OaFQ_RSid2hmnCVCvvCAw,XgLrkmIqIrD_pl67lAovEQ,1.0,2012-09-14 15:39:12,afternoon,4,0,1,short,high,Philadelphia,Food Court,2,1,1
jBzITjfkC7M99oN6a5HErQ,F_wIC6i5y4zdQyp99R7PdQ,4.0,2012-09-14 18:33:03,afternoon,4,0,1,long,high,Indianapolis,American (Traditional),1,0,0
iy48sXsYF2wdO7u98rS3ww,g8ZqVCalVp-PsOqyS4dXGw,2.0,2012-09-14 19:12:16,evening,4,0,1,long,high,Media,Restaurants,2,0,0
0G-QF457q_0Z_jKqh6xWiA,ltBBYdNzkeKdCNPDAsxwAA,3.0,2012-09-14 20:15:35,evening,4,0,1,long,high,Nashville,Cocktail Bars,2,1,0
k9E3YPbXMzGvA6IaLX1wAQ,vGgAW3kLPjRFQCrndE6l9w,3.0,2012-09-14 20:46:14,evening,4,0,1,long,high,Tucson,French,3,1,1
zrESudirjip-s8wxxAB0xw,ltBBYdNzkeKdCNPDAsxwAA,4.0,2012-09-14 23:35:27,evening,4,0,1,long,high,Nashville,Cocktail Bars,2,1,0
kO30XR2WeF6bla6dK1ZZLw,qDkbudGRfmJvf7trQZea4g,4.0,2012-09-15 03:02:32,night,5,1,1,long,high,Philadelphia,Restaurants,3,1,0
h1KzT38UnfzR7maSi7oVUw,qhsJbgxVNDb0973r3Gjrow,3.0,2012-09-15 17:06:07,afternoon,5,1,1,medium,high,Webster Groves,Nightlife,2,1,1
UV6kQ5MqadMq9SaVv35fqg,NT5S6JV5wPwKOd3s3Yh1zQ,3.0,2012-09-15 18:21:45,afternoon,5,1,1,long,high,Nashville,Restaurants,2,1,0
ld0AperBXk1h6UbqmM80zw,gqMRM12j5mder76t3bPxJw,4.0,2012-09-15 21:40:44,evening,5,1,1,short,high,Nashville,Chicken Wings,2,1,0
jqTa-RtGU26q3TFTmMZOAw,bSWL0YxfawjS03_g2kgujA,2.0,2012-09-15 23:32:56,evening,5,1,1,long,high,Philadelphia,Sandwiches,1,1,1
IkLdv0dFGfRJrtFVJYJnLg,eaDZlSuVS0EY67Ke6pRP6Q,4.0,2012-09-16 15:14:58,afternoon,6,1,1,long,high,Philadelphia,Malaysian,2,1,0
PKzt4KMQpQIRSvOYo3EdFw,BWITd9JUXP3gSi1z3Y-z8g,3.0,2012-09-16 15:56:39,afternoon,6,1,0,long,high,Philadelphia,Italian,2,1,1
ZH3PVSJ9OFcps-MXsJu09w,ujWCzhA9YS2fXzXPW9Lc9Q,3.0,2012-09-16 16:03:32,afternoon,6,1,1,long,high,Indianapolis,Food,1,0,0
RycuS3TlPJKYCN6jaqgc7w,bSWL0YxfawjS03_g2kgujA,2.0,2012-09-16 16:40:31,afternoon,6,1,0,medium,high,Philadelphia,Sandwiches,1,1,1
B4cnr5d2S_7McR3XBfrscA,GVtJD93hEh7pQD29bmyTQA,5.0,2012-09-16 20:15:47,evening,6,1,0,medium,high,Bensalem,Specialty Food,1,0,0
VVNj3hSE8drWCu8xUXH05Q,9mE7Xp0hH6TMv3eaf2Ylxg,4.0,2012-09-17 00:36:22,night,0,0,1,long,high,Franklin,Bars,3,1,0
HDbBsdnvPXDCDdWFYWEMkA,_PRReGRG73wT8edwsfWbuQ,5.0,2012-09-17 02:21:10,night,0,0,1,long,high,Saint Louis,Food,2,0,0
kO30XR2WeF6bla6dK1ZZLw,O286wXm4mcznQn_1JieD1g,5.0,2012-09-17 13:42:49,afternoon,0,0,1,long,high,Philadelphia,Event Planning & Services,3,0,0
2iS1vg5TYpV_iEiNC8osTg,oaboaRBUgGjbo2kfUIKDLQ,2.0,2012-09-17 13:59:20,afternoon,0,0,1,medium,high,Nashville,Ice Cream & Frozen Yogurt,2,0,0
2iS1vg5TYpV_iEiNC8osTg,eHQ0utxOdNVHVfDD7fYvdg,4.0,2012-09-17 14:01:52,afternoon,0,0,1,medium,high,Mooresville,Restaurants,2,0,0
sgK8_cpe6FTk2HD0P27K0g,d_tRshM-w6S4QxE4VVi8tQ,4.0,2012-09-17 14:04:21,afternoon,0,0,0,long,high,Philadelphia,American (New),2,1,0
88Ij88GMC7tcIegOicRdYA,EtKSTHV5Qx_Q7Aur9o4kQQ,4.0,2012-09-17 14:08:15,afternoon,0,0,1,long,high,Philadelphia,Bars,2,1,1
oF20BNxcphfedn93Nfwd9w,h5WHp4sVy7v1ezQ95Q5Aqg,4.0,2012-09-17 15:15:16,afternoon,0,0,1,medium,high,Edwardsville,Restaurants,3,1,1
r8KcPxZ-x-SjDMl7V_IWlQ,Y2NFeGtConx1qciSPKcRlA,2.0,2012-09-17 15:35:34,afternoon,0,0,1,long,high,New Orleans,Restaurants,2,1,1
WxfcSFiz7U8roEBcZ21JPA,qhsJbgxVNDb0973r3Gjrow,3.0,2012-09-17 16:19:14,afternoon,0,0,0,medium,low,Webster Groves,Nightlife,2,1,1
GevrFd8ojonAr4fEQB9WfA,paO0ETshl56TNSaEyzm9Cw,3.0,2012-09-17 20:48:12,evening,0,0,1,medium,high,Philadelphia,Coffee & Tea,2,0,1
N0duXRMkI3zKTDUEBai_Yg,aYiAfRcjAQXeGGQu1aXklg,2.0,2012-09-17 21:45:21,evening,0,0,0,long,high,St. Albert,Cocktail Bars,2,1,1
yNEuxv_oq2w2bVkMy7Gz6A,RZtGWDLCAtuipwaZ-UfjmQ,3.0,2012-09-18 00:20:28,night,1,0,0,medium,high,Philadelphia,Pizza,2,1,1
ouODopBKF3AqfCkuQEnrDg,iKeIcErytzgR50hffOBLUg,4.0,2012-09-18 03:17:50,night,1,0,1,long,high,Bryn Mawr,Pizza,2,0,0
7xWrRJ5kfgcQyQ3UL3fImQ,Oun4NN-u5yiHIxDqtJnxgA,4.0,2012-09-18 04:58:13,night,1,0,1,medium,high,Philadelphia,Restaurants,1,0,0
gGuAM6Cw1VXJGLssm24ehA,Zi-F-YvyVOK0k5QD7lrLOg,5.0,2012-09-18 13:34:55,afternoon,1,0,1,long,high,New Orleans,Cajun/Creole,3,1,0
1ypK74Sr0QmsJ8IZG8v0cQ,LqF5QiIm89Ea9wtc0cdPCA,4.0,2012-09-18 16:46:57,afternoon,1,0,1,medium,high,Indianapolis,Dive Bars,1,1,1
kd42gKNHR8c4NLKNBQByfw,0BNR2_vrxuXG6I7f3Y6LZQ,5.0,2012-09-18 17:49:00,afternoon,1,0,1,medium,high,NASHVILLE,Food,2,0,0
AF2wygvqImI9gbFijr13rw,Dv6RfXLYe1atjgz3Xf4GGw,4.0,2012-09-18 18:10:53,afternoon,1,0,1,long,high,Philadelphia,Burgers,2,0,1
VEj1OuO6QrQMXFhuMZJ8cQ,7utsfp2dXJ09j8Gb9hAIvA,4.0,2012-09-18 19:25:29,evening,1,0,1,medium,high,Bridgeport,Restaurants,1,0,0
GdGGZo98_xRwbrZiYRP1ew,JFUTJaE3REmCne1hnWm-OQ,3.0,2012-09-19 16:49:56,afternoon,2,0,1,long,high,Saint Louis,Food,1,0,0
DwyevLE3RWfuBzgcJtRFyg,K8b2MQ5Az59-nzvqUfjJEQ,5.0,2012-09-19 18:35:44,afternoon,2,0,0,medium,high,Philadelphia,American (New),3,0,0
NMVURT96-Dbtq0q0ocO7ZQ,EDjEVzmoQVHzboFqC-M6Ew,2.0,2012-09-19 19:50:10,evening,2,0,1,long,high,Nashville,Food,2,1,1
UV6kQ5MqadMq9SaVv35fqg,cvHY1RTAPSoH94ysP2_eyQ,4.0,2012-09-19 21:15:45,evening,2,0,1,medium,high,Nashville,Health Markets,2,1,1
FVzA-5cUVRYttsv5aFOqQA,oQ5CPRt0R3AzFvcjNOqB1w,4.0,2012-09-19 22:54:12,evening,2,0,1,medium,high,Nashville,Barbeque,2,1,1
Z-ee4V5_ZFsI2ltccSpqyw,ehnMcJZlx29XMroxMd3-mQ,4.0,2012-09-20 17:22:31,afternoon,3,0,1,long,high,Saint Louis,Indian,2,0,0
reJ7c2yq3f8dODMslzODUQ,xCW-s1hBP23-HkyqW-kngA,4.0,2012-09-20 19:02:09,evening,3,0,1,long,high,Riverview,Italian,2,1,1
eVWgnIaMMelbcIzydSqWMA,JUlsvVAvZvGHWFfkKm0nlg,5.0,2012-09-20 22:49:19,evening,3,0,1,long,high,Philadelphia,Mexican,2,1,1
tGEkFShSLzO5BACDDBPb2Q,EtKSTHV5Qx_Q7Aur9o4kQQ,5.0,2012-09-21 15:25:52,afternoon,4,0,1,medium,high,Philadelphia,Bars,2,1,1
UV6kQ5MqadMq9SaVv35fqg,EDjEVzmoQVHzboFqC-M6Ew,2.0,2012-09-21 19:12:18,evening,4,0,1,medium,high,Nashville,Food,2,1,1
4Psac6uj06y_5EPv6CL56g,8OPE0UaZHf7vdYkgbIj8vg,5.0,2012-09-22 16:53:31,afternoon,5,1,0,medium,high,Indianapolis,American (New),2,1,1
UV6kQ5MqadMq9SaVv35fqg,oaboaRBUgGjbo2kfUIKDLQ,5.0,2012-09-22 17:34:42,afternoon,5,1,1,medium,high,Nashville,Ice Cream & Frozen Yogurt,2,0,0
vffKQc_WQMYFGY4JS5VAOw,_O16xyQwp0YSTG2RgweRYA,3.0,2012-09-23 01:48:45,night,6,1,1,long,high,Tampa,Italian,2,1,1
enaHB1e956thdnafcHVAig,Y2rYM2crYfTC25y6iquPgw,4.0,2012-09-24 16:42:33,afternoon,0,0,1,long,high,Wayne,American (Traditional),2,1,0
z9uf9-0uX5Jh8-4Y5l2PQg,GUMVStVaJfWmCIpQA4TtHg,3.0,2012-09-24 17:25:41,afternoon,0,0,1,long,high,Philadelphia,Restaurants,2,0,0
vffKQc_WQMYFGY4JS5VAOw,EP2jFD3aGoSBCWb7irY5-w,4.0,2012-09-24 18:31:17,afternoon,0,0,1,long,high,Temple Terrace,Ethiopian,2,1,1
mzL0zHFGyd9866OUljq49g,NYJ1PTYcQhQ8aVJiBPgIQg,5.0,2012-09-27 12:13:56,morning,3,0,1,long,high,Philadelphia,Food,2,0,0
Hxx8FmhpxiugIrGRh8RDOg,pNu5bd9aL3jcJClfdQ86MQ,4.0,2012-10-08 14:37:20,afternoon,0,0,1,long,high,St Louis,Mediterranean,2,1,1
nLOF2qXMJfTbbcVtDo8oZA,J_195G8K_MziKZEXj7Nxdw,4.0,2012-10-08 14:54:14,afternoon,0,0,1,medium,high,Saint Louis,Food,1,0,0
sh3V6hnNMLVV9YwFA9QNaw,9xvg3r835NqaKksNPTfDxA,4.0,2012-10-08 15:33:50,afternoon,0,0,1,medium,high,Saint Petersburg,Beauty & Spas,2,0,0
bBd8sOgkhbaEeZHjczV8ZQ,MbKhuO-4uYPc0NRZDRWoew,5.0,2012-10-08 16:04:22,afternoon,0,0,1,long,high,Philadelphia,Restaurants,1,0,0
ZRYAIWkACxCzN16opiUQ3Q,fEFCglnS2V7MzqoxBoJVWA,4.0,2012-10-08 20:48:56,evening,0,0,1,medium,high,Moorestown,Restaurants,1,0,1
ehgLycOK6qKj-CT9B36_oQ,rViAhfKLKmwbhTKROM9m0w,5.0,2012-10-09 17:02:30,afternoon,1,0,1,medium,high,Tucson,Arts & Entertainment,2,1,1
JEIiE2fyLeZwnmCxLB1IGw,kpK6SmxIiNoGPNhlEGiL4w,4.0,2012-10-09 18:44:57,afternoon,1,0,1,long,high,Saint Louis,Italian,2,1,1
drui1iMt-TPzJiSkQp5CtA,VfgEzpaIHpq4sR2s2P6o5w,4.0,2012-10-10 15:05:46,afternoon,2,0,1,long,high,New Orleans,Restaurants,2,0,1
z9sL9d4kfAiQeGJ1dGmBng,GUMVStVaJfWmCIpQA4TtHg,3.0,2012-10-10 20:36:38,evening,2,0,1,medium,high,Philadelphia,Restaurants,2,0,0
SaFs8ThfmEgdQm16iXoNqQ,2KIDQyTh-HzLxOUEDqtDBg,4.0,2012-10-10 21:24:19,evening,2,0,1,long,high,Saint Petersburg,Specialty Food,2,1,0
24n-CeWJiJMTV1cYvNmezQ,eaDZlSuVS0EY67Ke6pRP6Q,5.0,2012-10-11 01:26:10,night,3,0,1,medium,high,Philadelphia,Malaysian,2,1,0
i71NCgfIOahuW58s8cd_KA,A2q7d-CBM2-81tVkmS4JMw,3.0,2012-10-11 03:03:53,night,3,0,1,medium,high,Reno,American (New),2,1,0
tHsxcCUUQYkypUxssH48yg,j99PtxlKTW_u5alE4jiqHQ,2.0,2012-10-11 03:52:08,night,3,0,0,long,high,Philadelphia,Restaurants,2,1,0
5TE19zTjTIPq1HANACN7sw,uIZwBkvWicqyWraXvYOipw,3.0,2012-10-11 11:29:55,morning,3,0,1,long,high,Philadelphia,Restaurants,3,1,0
Rvf4alwYpKnoe73PdCvNSg,radib3GHt_Up9-zhUjM1ew,2.0,2012-10-11 15:16:48,afternoon,3,0,0,short,high,Clearwater,Fast Food,2,1,1
88Ij88GMC7tcIegOicRdYA,pVHbXwsqLxNzAx9rdwy2EA,3.0,2012-10-11 16:58:24,afternoon,3,0,1,long,high,Philadelphia,American (Traditional),3,1,1
1hQjdoDUQwHB3kFdffMA6Q,F8yozE3NWnImNApHO347gQ,4.0,2012-10-11 19:06:31,evening,3,0,1,long,high,Philadelphia,Restaurants,2,1,1
rTKK_-3W3gIQEohj0QSFWA,p7UGlPkE3Gagm9Mq7aHfYg,4.0,2012-10-11 20:55:46,evening,3,0,1,short,high,Saint Louis,Food,1,0,1
p8bEshUexT_a-EAG8KlxPw,60NzhNKEQJNBA9ZfvJieDg,4.0,2012-10-11 23:07:16,evening,3,0,1,medium,high,Downingtown,Event Planning & Services,2,0,0
Wmux4GgQkNBGz4mb0BBT3w,uMT7H0shZK4-pQ_J2qMEWA,4.0,2012-10-12 00:21:02,night,4,0,1,medium,high,Philadelphia,Grocery,1,0,0
1fXS4UoB6VPPPiKISWb6uQ,_aKr7POnacW_VizRKBpCiA,5.0,2012-10-12 04:21:28,night,4,0,1,long,high,Saint Louis,Delis,1,1,0
1fXS4UoB6VPPPiKISWb6uQ,Fbq_tc6W5uNmQNrInXpd5w,4.0,2012-10-12 04:29:58,night,4,0,1,long,high,Ballwin,Cafes,1,0,1
1fXS4UoB6VPPPiKISWb6uQ,JOfBsNewE5J0rHG5LdlZeg,2.0,2012-10-12 04:34:58,night,4,0,1,medium,high,Saint Louis,Restaurants,2,1,1
TwJCpgJiTvO4aam6Njhtbw,Qg9Sx8RwqnpYKQeSjfPh2w,3.0,2012-10-12 22:27:26,evening,4,0,1,medium,high,Tampa,Food,2,0,1
9OPEXZyh8LU3mJ6eP2uy3A,Z5po0aTuzKKblek5y6Sp8Q,1.0,2012-10-12 22:48:20,evening,4,0,0,short,high,Philadelphia,Food,2,0,0
9OPEXZyh8LU3mJ6eP2uy3A,-ATiAtTikuGuqvaW2O6tNA,5.0,2012-10-12 22:51:16,evening,4,0,0,short,high,Philadelphia,Sandwiches,2,1,1
9OPEXZyh8LU3mJ6eP2uy3A,cN4Y09a7clgjFd1tY-wSZw,5.0,2012-10-12 23:13:56,evening,4,0,0,medium,high,Woodbury,Tex-Mex,2,1,0
G3h8pIclwUbuu3itJqF7ug,DrL3dsQ9bI3mhHUd3Q1qcQ,3.0,2012-10-13 05:22:06,night,5,1,1,long,high,Edmonton,Nightlife,3,1,1
F7oysaWequH7GB5f_pY2iA,1skzWN0fxGgZNRE53Y_3gw,4.0,2012-10-13 10:20:39,morning,5,1,0,medium,high,Saint Louis,Breweries,2,0,0
OitrGq9nJqd0PeqSf3AcLw,lRbHFOIFuusN2WOR_ypQ_A,3.0,2012-10-13 20:49:14,evening,5,1,1,long,high,Philadelphia,Restaurants,2,0,0
WVqS85AUR20gbSFkuKH8Ig,Tt4byMYA7FvAkQ3MigcJWQ,3.0,2012-10-14 01:08:14,night,6,1,1,medium,high,New Orleans,Restaurants,2,1,1
ibRrf8Kv4Oo-pUsAH9wtjw,e9PVKENPHM1dyyTmaBP93w,4.0,2012-10-14 04:57:52,night,6,1,1,medium,high,Carmel,Restaurants,3,1,1
R-c5M0iJkMxxTxIqTQQZ8w,pPFv6CTFK5i8FNj8f3_pVg,4.0,2012-10-14 06:52:19,night,6,1,0,short,high,Edmonton,Restaurants,2,1,0
haebF6ELoYWkHcwODPPBmw,1DkolDhbc0kydORZCIp7Fw,3.0,2012-10-14 18:24:45,afternoon,6,1,1,medium,high,Philadelphia,Food Stands,1,1,1
p8bEshUexT_a-EAG8KlxPw,lTlii3QHEVvsagPGsCtu9w,4.0,2012-10-14 22:51:35,evening,6,1,1,long,high,Exton,Restaurants,2,1,1
RCZ5M9o2-fxgFuurpmEs3w,Nd_3fSvYDCjM8YJdBx4Y9w,4.0,2012-10-14 23:27:02,evening,6,1,0,medium,high,Wayne,Restaurants,1,0,1
nC9V777rlZbKWm3m0QlXYg,pPFv6CTFK5i8FNj8f3_pVg,4.0,2012-10-14 23:41:09,evening,6,1,0,long,high,Edmonton,Restaurants,2,1,0
v98WXw1EToiuPIxtE0aekQ,htO_nlxkEsYHzDrtbiUxew,5.0,2012-10-15 00:04:39,night,0,0,1,medium,high,Philadelphia,Restaurants,1,0,0
vLPnQDSSj18al51PJLnofA,dNR-b-CsrFGYhMo9zLMrCw,4.0,2012-10-15 00:48:27,night,0,0,1,medium,high,Brentwood,Japanese,2,0,0
5k_g7SIrcVotE8tqNcQVOQ,CJ3t6dw60CdpflWKe3b78Q,2.0,2012-10-15 12:03:14,morning,0,0,0,long,high,Plymouth Meeting,Japanese,3,1,0
6PZxoJFHQFfmN5J0eBqeyQ,Y2rYM2crYfTC25y6iquPgw,2.0,2012-10-15 15:01:00,afternoon,0,0,0,long,high,Wayne,American (Traditional),2,1,0
D8CF2H3DYtNJlzR0IITMHQ,AjfvLdQSl2JRYuYdfeE7Qg,1.0,2012-10-16 02:13:33,night,1,0,1,long,high,Reno,Pakistani,1,1,0
bYENop4BuQepBjM1-BI3fA,vuAI70USd3my2Kb9_9zajw,4.0,2012-10-16 03:21:40,night,1,0,1,long,high,Saint Louis,Restaurants,2,1,1
gGuAM6Cw1VXJGLssm24ehA,G1fQJ8k5U1gdX0vWODCZYA,1.0,2012-10-16 14:39:45,afternoon,1,0,1,long,high,New Orleans,Pizza,1,1,1
5kcLlhJPLJL_GLwrAdbZAA,9gObo5ltOMo6UgsaXaHPWA,4.0,2012-10-16 16:16:08,afternoon,1,0,1,long,high,Philadelphia,American (New),3,1,0
CjJhEzdWQNEKa7grwPRQyg,paO0ETshl56TNSaEyzm9Cw,2.0,2012-10-16 16:44:20,afternoon,1,0,1,long,high,Philadelphia,Coffee & Tea,2,0,1
aN3hqwdyeT6AmyUq3GgIIA,zAz_ROUOX0s6_Z7N3gqbHw,3.0,2012-10-16 21:17:49,evening,1,0,1,medium,high,Mount Ephraim,Restaurants,2,0,0
aN3hqwdyeT6AmyUq3GgIIA,eMiN8nm70jjKg8izikVWDA,2.0,2012-10-16 21:30:38,evening,1,0,1,medium,high,Philadelphia,Seafood,2,1,1
PAc93PtEbYDtytBQ9Dyjug,K1r1fGmCbrmC_V6Aj22Zew,5.0,2012-10-16 21:45:37,evening,1,0,1,long,high,Tucson,Bakeries,2,0,1
BlJg3Lj8wRBLs71LmAsjEQ,yKoYrahfJtHnpYXnZMg0eQ,2.0,2012-10-16 23:50:02,evening,1,0,1,medium,high,Tampa,Home & Garden,2,0,0
R-c5M0iJkMxxTxIqTQQZ8w,wqj6JquckEOs1h7rs376kQ,3.0,2012-10-17 04:12:43,night,2,0,0,medium,high,Edmonton,Restaurants,2,0,0
0Igx-a1wAstiBDerGxXk2A,4WdDY97x4GdMYtyk1KQMnw,4.0,2012-10-17 15:45:05,afternoon,2,0,1,medium,high,New Orleans,Cafes,2,0,0
Nxr5C4m0edwetAeRUacP6A,d1HcINr1Sm0ZSrU6lNl2kw,4.0,2012-10-17 16:31:19,afternoon,2,0,1,medium,high,Dunedin,Specialty Food,2,0,0
x7UU1bdc2INFrZFwp6yOPw,rkem6aEo3vAG2VufybdwuA,4.0,2012-10-17 19:26:18,evening,2,0,1,long,high,Tampa,Steakhouses,2,1,0
x7UU1bdc2INFrZFwp6yOPw,U0ICWpbd1C0GD9SpIv3bSA,4.0,2012-10-17 19:27:53,evening,2,0,1,long,high,Brandon,Restaurants,2,1,1
a_jH1ewLLYzEfPnKjE66DQ,4s4KAGJgtpZn9cgtdWcOmw,2.0,2012-10-17 23:01:09,evening,2,0,1,long,high,Indianapolis,Food,1,0,0
a_jH1ewLLYzEfPnKjE66DQ,NUGu31Ou05hGdZ1YPhVdNA,5.0,2012-10-17 23:05:34,evening,2,0,1,long,high,Indianapolis,Shopping,2,0,0
TwJCpgJiTvO4aam6Njhtbw,_KSRzh-ZxwKB3YcRlZQsGA,3.0,2012-10-18 01:55:20,night,3,0,1,medium,high,Tampa,Food,1,0,0
z9uf9-0uX5Jh8-4Y5l2PQg,F8yozE3NWnImNApHO347gQ,4.0,2012-10-18 14:59:46,afternoon,3,0,1,long,high,Philadelphia,Restaurants,2,1,1
SaFs8ThfmEgdQm16iXoNqQ,Mxlw3cSKkWv5o4HdRWGTPg,4.0,2012-10-18 21:43:21,evening,3,0,1,long,high,Tampa,Tea Rooms,2,0,1
SaFs8ThfmEgdQm16iXoNqQ,IW_uYAP59YwLVurBUfhs4A,4.0,2012-10-18 21:44:44,evening,3,0,1,long,high,St. Petersburg,Restaurants,2,1,0
x7UU1bdc2INFrZFwp6yOPw,xJIeT5--AiPdvPb5BRflyQ,4.0,2012-10-18 21:53:56,evening,3,0,1,long,high,Riverview,Nightlife,1,1,1
0MJ5sKX5uq7Ma5hbl4l3BQ,tYCok-NtWvg8_k7woeB83w,4.0,2012-10-19 15:59:42,afternoon,4,0,1,long,high,Cherry Hill,Desserts,2,1,1
lYQk0R6sPfo3WeX-l_5BuA,UM6XgOtTX4DWWcGDTWtjEg,4.0,2012-10-19 16:22:00,afternoon,4,0,1,long,high,St Louis,Dance Clubs,1,1,1
prpyhhJBEsCnvFGQl6H8aw,7lwe7n-Yc-V9E_HfLAeylg,4.0,2012-10-20 15:28:08,afternoon,5,1,1,medium,high,Philadelphia,Restaurants,2,1,1
prpyhhJBEsCnvFGQl6H8aw,hUX1yAimviBIhb21D_KtcQ,4.0,2012-10-22 00:58:10,night,0,0,1,short,high,Philadelphia,Mexican,2,1,1
aM3T4jeHY_fswn6xQ41rtw,OlOVRlcEstxKK_6hMjy63A,4.0,2012-10-22 20:51:21,evening,0,0,1,medium,high,Wilmington,Restaurants,2,1,0
kDeyHdQGVGdqYM11Q6lMTA,Uo7DwnBqlkRVZedFHlTRCg,4.0,2012-10-23 02:49:30,night,1,0,1,long,high,Saint Louis,Pizza,2,0,0
1HM81n6n4iPIFU5d2Lokhw,Y2NFeGtConx1qciSPKcRlA,3.0,2012-10-23 17:27:53,afternoon,1,0,1,medium,high,New Orleans,Restaurants,2,1,1
WjP-1YJ-uHsSD47_Gh1Zfw,Wr2k0Vz8RbcumYulp-jIrA,5.0,2012-10-23 17:27:56,afternoon,1,0,0,long,high,Cherry Hill,Restaurants,2,0,0
OIl_ZSc0rDE8iphiAjS-xQ,iHcz4EQFvKoAvP8mhEbVew,5.0,2012-10-27 03:35:13,night,5,1,1,long,high,Chester,Caribbean,1,0,0
kd42gKNHR8c4NLKNBQByfw,ypXuDmnnPxnfP8a0qLsiEg,4.0,2012-11-06 14:19:19,afternoon,1,0,1,medium,high,Nashville,Chicken Wings,2,1,1
q5g3dj7DJAPks8p4vZUsHA,3SHw4aZW_muE1kRSLQQjjA,1.0,2012-11-06 14:52:07,afternoon,1,0,0,medium,high,TAMPA,Breakfast & Brunch,1,1,0
z9uf9-0uX5Jh8-4Y5l2PQg,KuLi91b-N_0XY_3IA72RJQ,3.0,2012-11-06 14:55:14,afternoon,1,0,1,medium,high,Philadelphia,Food,1,0,0
bIJHF7VwQQ_TqgL0yfgJdA,_cdy7hVc32mleVooP8x0Sw,2.0,2012-11-06 15:47:03,afternoon,1,0,1,long,high,Fishers,Sandwiches,1,0,0
TylOr9YYTV3znqIvH7kdmQ,bmz4siaejdjs4_yS_mYW4A,1.0,2012-11-06 18:12:11,afternoon,1,0,1,long,high,Franklin,American (Traditional),2,1,0
4wFZgzj4DXB3Mn7Q1WLhXg,j8NhrBzy1op0BfVGdSOiXQ,3.0,2012-11-06 19:05:06,evening,1,0,1,medium,high,Boise,Restaurants,1,0,1
ZdODEy4O0-nPdPKwkdQkdw,g79jYJz3FEvgvglXqOUWxw,4.0,2012-11-06 21:19:58,evening,1,0,1,long,high,Metairie,Breakfast & Brunch,2,0,0
lYQk0R6sPfo3WeX-l_5BuA,vuAI70USd3my2Kb9_9zajw,4.0,2012-11-06 21:57:59,evening,1,0,1,long,high,Saint Louis,Restaurants,2,1,1
mmSvRe11vbz3XTXw5bFJJg,gsuUeNvj9iuZPapuZR45tg,4.0,2012-11-06 23:58:37,evening,1,0,1,long,high,Tucson,Food,2,0,0
x7UU1bdc2INFrZFwp6yOPw,qC63cwAI-baLmbEdxbR3FA,5.0,2012-11-07 07:01:17,morning,2,0,1,medium,high,Valrico,Italian,1,1,1
kd7R1mX2soYNrIbK7h5SVA,bb76HnMUTA-qg2UbFa9dYA,3.0,2012-11-07 07:16:04,morning,2,0,1,long,high,Edmonton,Middle Eastern,3,1,1
cIVmIJD7nIiEcVGamfBoVw,r43DrfYAbAgifsYyNkljZw,3.0,2012-11-07 13:24:47,afternoon,2,0,1,long,high,Cherry Hill,Southern,2,1,1
f0fqCwb_QAJUPm-K95Mk2g,pafrjSu3h0v0N8GR3ghNtQ,5.0,2012-11-07 15:43:39,afternoon,2,0,1,medium,high,Indianapolis,Cajun/Creole,1,0,1
7M6eHyuAhtHl29H4HsgzBA,Dv6RfXLYe1atjgz3Xf4GGw,5.0,2012-11-07 18:38:49,afternoon,2,0,0,medium,high,Philadelphia,Burgers,2,0,1
G3h8pIclwUbuu3itJqF7ug,aJpDjaMVhWZRLdwZtqQjEg,5.0,2012-11-07 18:52:57,afternoon,2,0,1,long,high,Edmonton,Ice Cream & Frozen Yogurt,1,1,1
EouCKoDfzaVG0klEgdDvCQ,6CsLAjWXFlLpErBZEmGQ5g,4.0,2012-11-07 18:56:32,afternoon,2,0,1,long,high,Philadelphia,Indonesian,1,0,0
I0ezkVvCcBnavJf2soWHjA,Dv6RfXLYe1atjgz3Xf4GGw,4.0,2012-11-07 20:25:39,evening,2,0,1,long,high,Philadelphia,Burgers,2,0,1
REFGsoLynoBWxdTEJeXYfw,m7uGAvkjyI9iQaLJAmvCNQ,4.0,2012-11-07 23:39:32,evening,2,0,1,long,high,Wayne,Restaurants,2,1,0
NMLvjdY7IOdtfU0TepvUuA,sdFJSq-EgmtplIwUamRwTQ,5.0,2012-11-08 01:23:17,night,3,0,1,medium,high,New Orleans,Beer,2,1,1
t1NNDZV1kMoyZeE5mr3U3w,62pABDhLkUPAcNgxum_mpw,4.0,2012-11-08 17:10:57,afternoon,3,0,1,long,high,Saint Louis,Restaurants,3,1,1
DrPyJ2RO1VxF2BejN3Bvig,1Pxg1AMf0rEn9QF__ZYoWw,4.0,2012-11-08 19:42:55,evening,3,0,1,long,high,Nashville,Japanese,2,1,0
ehgLycOK6qKj-CT9B36_oQ,zmpNbfRPecNkb1FhNbL1IA,2.0,2012-11-08 20:07:08,evening,3,0,1,long,high,Tucson,Vietnamese,1,0,0
P0GbmdzeEJtx4CBsksTKIA,w520vYWEpEYBf90rSr9NVA,3.0,2012-11-08 21:35:46,evening,3,0,1,long,high,Nashville,Thai,2,0,1
tywhgQd-CMbishWP-v6W2Q,dD2p903p8lU0IgXT3OFluA,4.0,2012-11-09 06:04:09,night,4,0,1,long,high,Nashville,Breakfast & Brunch,1,1,1
NMLvjdY7IOdtfU0TepvUuA,-WgD54ji0_MgHWgf9WBXrQ,3.0,2012-11-09 14:37:21,afternoon,4,0,1,medium,high,New Orleans,Middle Eastern,1,0,0
3FPchSoVF4lQrk4dBAEBqw,RTEdyP_6wGvXQugln1jxbg,3.0,2012-11-09 18:19:19,afternoon,4,0,1,long,high,Brentwood,American (Traditional),2,1,0
cIVmIJD7nIiEcVGamfBoVw,tNnVxOC_9p8UK3N_2-yCtQ,3.0,2012-11-09 20:53:40,evening,4,0,1,long,high,Cherry Hill,Korean,2,0,0
tdi88PK5-TE7ASV6dtXpjQ,tYCok-NtWvg8_k7woeB83w,4.0,2012-11-09 20:53:41,evening,4,0,0,long,high,Cherry Hill,Desserts,2,1,1
qb93lt68RXCsrmAc9AYJeQ,1UNorskttXSWuEcgzKzXcA,4.0,2012-11-09 23:29:59,evening,4,0,1,long,high,Philadelphia,Lounges,3,1,1
tBXZIkcFCSgtbnjSDREgpw,oCtDz1M-m-iYH1cG2o4mtA,3.0,2012-11-10 15:22:23,afternoon,5,1,1,long,high,New Orleans,Food Trucks,1,0,0
MT65fT216MAENAaY-SIV-g,K5ffo0hkwhG33BDNQrJF6A,4.0,2012-11-10 15:52:26,afternoon,5,1,1,long,high,Doylestown,Restaurants,3,1,1
WuiEYopWZOWOuWQD87fVSw,JUlsvVAvZvGHWFfkKm0nlg,2.0,2012-11-10 23:35:36,evening,5,1,1,medium,high,Philadelphia,Mexican,2,1,1
dbWn8HCsG3eI9AmS2G3O2g,TghRoAMx43V-9l7mH-SENg,4.0,2012-11-11 01:44:01,night,6,1,1,medium,high,Clearwater Beach,Food,2,1,1
FRDeSt5dcTv4bEKuaAVgkg,_aKr7POnacW_VizRKBpCiA,5.0,2012-11-11 02:29:10,night,6,1,0,medium,high,Saint Louis,Delis,1,1,0
bIJHF7VwQQ_TqgL0yfgJdA,TvyaZIcbjAgO-r8m3oz8sA,4.0,2012-11-11 16:28:31,afternoon,6,1,1,long,high,Fishers,American (Traditional),2,1,1
WT36RE4WkUIaEbLDjkPB3g,ncxN9II-MeXRudUrE3GVsA,5.0,2012-11-11 19:32:57,evening,6,1,1,long,high,Bridgeport,Restaurants,2,1,0
QhzzVcCXetK2hCctHsMzmg,mLNSOU8Ki0Fm09xd6ZKkcA,2.0,2012-11-11 20:53:08,evening,6,1,0,long,high,Tampa,Music Venues,3,1,1
AaPhPor834YyMwCqOxytdQ,W59CQDeBnA06VadX5Hk2Ow,5.0,2012-11-11 21:07:50,evening,6,1,1,long,high,Tampa,Delis,1,0,0
pkmzFPcVsM5I_fdKDQkufA,6LCZLGa09Qifn6rG7-DNrg,1.0,2012-11-11 21:43:58,evening,6,1,1,long,high,Philadelphia,Thai,2,0,0
xC-q_yh0XwcjRLimkS3RNg,pPFv6CTFK5i8FNj8f3_pVg,4.0,2012-11-12 06:18:59,night,0,0,1,long,high,Edmonton,Restaurants,2,1,0
56EIJcxLHYDSxIBygJEApQ,5l67axuAa5EmEV3lLuSa1Q,3.0,2012-11-12 15:55:55,afternoon,0,0,1,long,high,New Orleans,Burgers,1,0,1
56EIJcxLHYDSxIBygJEApQ,GBTPC53ZrG1ZBY3DT8Mbcw,4.0,2012-11-12 16:07:34,afternoon,0,0,1,long,high,New Orleans,German,2,1,0
cMUcY6xVqnnZEEyj5YqDow,McQo2QJGt1BI9oPu6KLDjg,4.0,2012-11-12 17:26:21,afternoon,0,0,0,long,high,Indianapolis,Specialty Food,2,0,0
2XKlUjHGk9z-2ckFMcBEHw,ypXuDmnnPxnfP8a0qLsiEg,4.0,2012-11-12 18:52:20,afternoon,0,0,1,long,high,Nashville,Chicken Wings,2,1,1
Cvi8nZTwDVaQkqmmgQwQMw,GUMVStVaJfWmCIpQA4TtHg,4.0,2012-11-12 19:08:58,evening,0,0,1,medium,high,Philadelphia,Restaurants,2,0,0
Cvi8nZTwDVaQkqmmgQwQMw,4_W5pstoN1166TGjjPOrMg,5.0,2012-11-12 19:17:02,evening,0,0,1,medium,high,Philadelphia,American (Traditional),2,1,1
VEj1OuO6QrQMXFhuMZJ8cQ,u-8sFq05DQ6PYCR5HiKZ2w,4.0,2012-11-12 19:21:15,evening,0,0,1,medium,high,Philadelphia,Pizza,1,0,1
7xWrRJ5kfgcQyQ3UL3fImQ,Z5po0aTuzKKblek5y6Sp8Q,3.0,2012-11-12 20:18:52,evening,0,0,1,medium,high,Philadelphia,Food,2,0,0
gr528N9hWldCgfKp99zWKw,A0F-h3xJm_6gHDKcDQwSrQ,5.0,2012-11-12 20:32:30,evening,0,0,1,long,high,Philadelphia,Pizza,2,1,1
2b2J7kW1nTVTtiZtizw-tw,ixPTo6Hum7nNZ7A4VPhTXg,4.0,2012-11-12 21:25:05,evening,0,0,1,long,high,Tampa,Restaurants,2,1,1
WuiEYopWZOWOuWQD87fVSw,IgNDlyLERBwFGphgcC5VDQ,3.0,2012-11-12 21:47:05,evening,0,0,1,medium,high,Philadelphia,Sandwiches,1,0,1
qWYEuBZP7av55tewg3PXKg,ORL4JE6tz3rJxVqkdKfegA,4.0,2012-11-12 22:08:25,evening,0,0,1,long,high,Nashville,Venues & Event Spaces,3,1,1
Yl4W33ShuKg0IBOZqZfQcw,pSmOH4a3HNNpYM82J5ycLA,4.0,2012-11-12 22:31:29,evening,0,0,1,long,high,Nashville,Restaurants,2,1,0
DCfZ-fEvzoEEsGMyDIKpKw,sWCCxY1-9B1FGlSVeQvnHg,4.0,2012-11-13 15:27:13,afternoon,1,0,1,medium,high,St Petersburg,Restaurants,2,1,1
PV0U0arT_AUfjVBtrKfPSA,Wr2k0Vz8RbcumYulp-jIrA,3.0,2012-11-13 20:14:57,evening,1,0,1,long,high,Cherry Hill,Restaurants,2,0,0
NGGd_11d2RXR8wTurenLgg,Nd_3fSvYDCjM8YJdBx4Y9w,4.0,2012-11-13 20:48:17,evening,1,0,1,medium,high,Wayne,Restaurants,1,0,1
bYENop4BuQepBjM1-BI3fA,rBdG_23USc7DletfZ11xGA,3.0,2012-11-14 12:54:23,morning,2,0,1,long,high,Saint Louis,Wine Bars,2,1,1
mzL0zHFGyd9866OUljq49g,paO0ETshl56TNSaEyzm9Cw,2.0,2012-11-14 18:20:08,afternoon,2,0,1,medium,high,Philadelphia,Coffee & Tea,2,0,1
VFRIv3-_Og34wZyy-LigQQ,I5KZm-NnxYeEQsmp6nK5_w,2.0,2012-11-15 16:48:54,afternoon,3,0,1,long,high,Philadelphia,Food,2,1,1
enaHB1e956thdnafcHVAig,8-j10_I745ITrczbkfD-Pw,3.0,2012-11-15 17:34:25,afternoon,3,0,1,medium,high,King Of Prussia,Indian,2,0,0
_wRTBeEpjXvH6oSl2dMhLA,qDkbudGRfmJvf7trQZea4g,4.0,2012-11-16 02:28:43,night,4,0,1,long,high,Philadelphia,Restaurants,3,1,0
03F1c27jkAikld3z5tSdpQ,yuW60QyweNNcyHa_3fkrYA,4.0,2012-11-16 14:52:59,afternoon,4,0,1,medium,high,Conshohocken,Caterers,2,0,0
iyh0e8DUjnrnq2-kirK09g,CA5BOxKRDPGJgdUQ8OUOpw,5.0,2012-11-16 19:27:13,evening,4,0,1,long,high,Tucson,Grocery,2,1,1
a-8ZuiQk4EsWgebrG-K2HQ,MMRRS6YhVRx_iN5-JhMRYg,5.0,2012-11-18 08:03:48,morning,6,1,1,long,high,Philadelphia,Restaurants,2,1,0
xjQSpme1Z7Xw8XehRLpYuA,_PQzeo8P2sGczzFEifrK-Q,3.0,2012-11-18 14:20:01,afternoon,6,1,0,long,high,Philadelphia,Food,2,0,0
ibRrf8Kv4Oo-pUsAH9wtjw,G_gkdBVK8N5Sp9CSGnYeMw,4.0,2012-11-18 23:30:59,evening,6,1,1,long,high,Carmel,Bagels,2,1,1
kaa6i7IHMyYIom7DIul9EQ,Dy91wdWkwtI_qgjAIZ0Niw,5.0,2012-11-19 05:06:06,night,0,0,1,long,high,Wilmington,Mexican,1,0,0
nPJw7YpKgHE6fowxgl3l1A,dSPA4yql9vUwnYRxHiVtHA,5.0,2012-11-20 02:22:22,night,1,0,1,medium,high,Philadelphia,Sushi Bars,2,0,1
yR6Y6PIGwzBy2qFoL6O3BA,cHCRC7r9irhK0dIum1zeUw,5.0,2012-11-20 21:55:58,evening,1,0,1,long,high,Indianapolis,Cideries,2,1,0
VFRIv3-_Og34wZyy-LigQQ,1UNorskttXSWuEcgzKzXcA,3.0,2012-11-21 16:36:15,afternoon,2,0,1,long,high,Philadelphia,Lounges,3,1,1
HxyLRaoH9PS09M6R3rV-EQ,bSWL0YxfawjS03_g2kgujA,2.0,2012-11-21 22:45:22,evening,2,0,1,short,high,Philadelphia,Sandwiches,1,1,1
16yfdXvoj6ra0hqFjLu2cQ,DXYhpEv17mWqSqFjau7vhg,5.0,2012-11-23 22:44:09,evening,4,0,0,medium,high,Philadelphia,Italian,2,0,1
1HM81n6n4iPIFU5d2Lokhw,W4ZEKkva9HpAdZG88juwyQ,3.0,2012-11-27 16:12:09,afternoon,1,0,1,long,high,New Orleans,Bars,3,1,0
E2CuwvUZdhvrAvvNdmmN8A,eS4billU3Yd9hoVUFfZFbA,2.0,2012-12-04 03:39:49,night,1,0,1,long,high,Clearwater,Hot Dogs,1,1,1
IsXy4uiCoElOhmEdLY7QTg,u-8sFq05DQ6PYCR5HiKZ2w,4.0,2012-12-04 12:40:16,morning,1,0,0,long,high,Philadelphia,Pizza,1,0,1
lRRuTimITgwzoXLIM3g9qw,_XqG090bh8QAELm4GvN4iQ,4.0,2012-12-04 14:39:30,afternoon,1,0,1,long,high,Philadelphia,Salad,1,0,0
88Ij88GMC7tcIegOicRdYA,zSqTndm5Alq9dW1PyzbdTA,4.0,2012-12-04 16:19:25,afternoon,1,0,1,long,high,New Orleans,Seafood,2,1,1
88Ij88GMC7tcIegOicRdYA,GBTPC53ZrG1ZBY3DT8Mbcw,4.0,2012-12-04 17:58:16,afternoon,1,0,1,long,high,New Orleans,German,2,1,0
G3h8pIclwUbuu3itJqF7ug,waasmmVpX8RlV55nEBUElA,5.0,2012-12-04 18:11:16,afternoon,1,0,1,long,high,Edmonton,Kitchen & Bath,2,0,0
xjLTK4saQ2Qe_6f9IxhVWg,D73evJ9PZKxO3E5TaThe3w,4.0,2012-12-04 21:50:46,evening,1,0,1,long,high,New Orleans,Tex-Mex,2,1,1
RNWJx8g-TIMVn1fpNFOCvA,GYn2pPeu3rwIcWmo1m1nmA,4.0,2012-12-05 01:23:29,night,2,0,1,medium,high,Philadelphia,Sandwiches,1,0,0
5kcLlhJPLJL_GLwrAdbZAA,V6Om7YZhlRQRU7WfuxHq8Q,4.0,2012-12-05 14:01:10,afternoon,2,0,1,medium,high,Philadelphia,Restaurants,1,0,0
1hQjdoDUQwHB3kFdffMA6Q,uIZwBkvWicqyWraXvYOipw,5.0,2012-12-05 15:12:33,afternoon,2,0,1,long,high,Philadelphia,Restaurants,3,1,0
JRXbWVcU-uugX2DATU3nRA,fBCv5Euudl9VieR870gwNg,2.0,2012-12-05 16:19:03,afternoon,2,0,1,medium,high,Saint Louis,Food,2,1,1
JnXCk0zxxUuMrwDF4RA5eg,dIpTuL2T1L98GQGU17IeSw,4.0,2012-12-05 21:42:20,evening,2,0,1,long,high,Tampa,Bars,2,1,1
z9uf9-0uX5Jh8-4Y5l2PQg,7mpYTDb24SywNMRn3yeakQ,4.0,2012-12-05 23:43:48,evening,2,0,1,medium,high,Philadelphia,Event Planning & Services,2,1,1
ojxS1v-8nUvEEx4DlsPQrA,7mpYTDb24SywNMRn3yeakQ,3.0,2012-12-06 04:29:35,night,3,0,1,medium,high,Philadelphia,Event Planning & Services,2,1,1
24n-CeWJiJMTV1cYvNmezQ,AbtYqoBGuvlWmR1gU0c3XA,4.0,2012-12-06 04:43:49,night,3,0,1,long,high,Philadelphia,Food,2,1,0
24n-CeWJiJMTV1cYvNmezQ,3ZynJ94VpIdDlaArmEp2Rg,2.0,2012-12-06 04:46:15,night,3,0,1,long,high,Philadelphia,Food,2,0,1
hk6B1ZdzI62jMGo6e2IuuA,zhFKtchGIpRTfOZSpm4Zvg,5.0,2012-12-06 10:21:06,morning,3,0,0,medium,high,Exton,Sandwiches,1,0,1
3PB1TY8e8NnnHBHTb96p7Q,lkeilNhrF0zqee8dZSBamA,4.0,2012-12-06 15:20:41,afternoon,3,0,1,long,high,Philadelphia,Food,1,0,0
3FPchSoVF4lQrk4dBAEBqw,VLryc6Q-JbhMdrg7L6rRww,4.0,2012-12-06 18:29:37,afternoon,3,0,1,long,high,Franklin,Bars,2,1,1
3FPchSoVF4lQrk4dBAEBqw,H3JjbID9Zhukpqr9uupHAA,3.0,2012-12-06 18:45:57,afternoon,3,0,1,long,high,Nashville,Burgers,2,1,1
toQe9adQWV7iC7KM_eugsA,4_W5pstoN1166TGjjPOrMg,2.0,2012-12-06 19:57:21,evening,3,0,1,long,high,Philadelphia,American (Traditional),2,1,1
Xw7ZjaGfr0WNVt6s_5KZfA,AzseSGgDC6bVtMPEYo1CNQ,5.0,2012-12-06 20:05:20,evening,3,0,1,medium,high,New Orleans,Food,2,0,0
REFGsoLynoBWxdTEJeXYfw,Nd_3fSvYDCjM8YJdBx4Y9w,3.0,2012-12-07 00:05:41,night,4,0,1,long,high,Wayne,Restaurants,1,0,1
AaPhPor834YyMwCqOxytdQ,P_x9fEz8efemqOIV46S0tg,3.0,2012-12-07 01:07:09,night,4,0,1,long,high,St Petersburg,Bars,2,1,1
vBFtIlBirAvgbTrxE6w30A,r1XrdSiWFp-CeZJ4ik7zoQ,4.0,2012-12-07 04:57:53,night,4,0,0,long,high,Wayne,Caterers,2,0,1
mmSvRe11vbz3XTXw5bFJJg,4pttw53YrhH253K15D9_wg,5.0,2012-12-07 14:55:30,afternoon,4,0,1,medium,high,Tucson,Fast Food,1,0,1
UdsVxQQoYsvyh8YwbsWpZQ,OUuUc_qERdvTrnpj1vSLaw,2.0,2012-12-07 16:16:36,afternoon,4,0,1,long,high,New Orleans,Mexican,1,0,0
X0Bmllln5u8i37-Fo8leVg,wLHodvVFLTgK3nl2XG8OCw,4.0,2012-12-07 17:02:39,afternoon,4,0,1,long,high,Nashville,Ethnic Food,3,1,1
MB24FupUiQDWXzKO76rgCA,mUIBtlWNPD7sz3rGGWQ1RA,2.0,2012-12-07 17:53:09,afternoon,4,0,1,long,high,Philadelphia,Mediterranean,2,0,1
btzyD8sU1n7dlgHRBECgzw,u1ELaa77voUfj-2GCOIUmQ,1.0,2012-12-07 18:36:18,afternoon,4,0,1,long,high,Nashville,Restaurants,1,1,0
VUllFn1I5j056JyVqsQXBQ,LQcGL4hfJAeK6bk2ZdhmXw,5.0,2012-12-07 22:25:49,evening,4,0,1,long,high,Tucson,Fast Food,1,0,1
6UsMM-rKqm2tMju0RTGnOQ,bwlSGCjYLNwzXVD9CB_8EA,4.0,2012-12-07 23:22:59,evening,4,0,1,long,high,Willow Grove,Ice Cream & Frozen Yogurt,1,0,0
c88Hk7eXBNJrGOB_4his8w,A9rVxmIBtHZRvNhbBaGAWg,4.0,2012-12-08 14:02:22,afternoon,5,1,1,medium,high,Hamilton,Restaurants,2,0,0
CfX4sTIFFNaRchNswqhVfg,GBTPC53ZrG1ZBY3DT8Mbcw,5.0,2012-12-09 05:16:30,night,6,1,1,medium,high,New Orleans,German,2,1,0
hVPyu7QWaSQgOlz0rppmkg,fGYnHzFr1z2kv7bPRW6VMA,4.0,2012-12-09 15:45:59,afternoon,6,1,1,medium,high,West Chester,Pizza,2,1,1
TVN3qoXU0-sateboutdCZg,WLrFLRE9uvqj9ahrEjevYw,1.0,2012-12-09 21:20:43,evening,6,1,1,long,high,Moorestown,Vegetarian,2,1,1
shtMJsO82eegjgtjlCZmKg,HjQO6KoOsdNk-rHpYwYfNQ,4.0,2012-12-10 00:07:22,night,0,0,0,long,high,Frontenac,Food,3,1,0
a_jH1ewLLYzEfPnKjE66DQ,Q1HHAb4FzrzfnnrRyA8fgg,4.0,2012-12-10 02:34:34,night,0,0,1,long,high,Indianapolis,Restaurants,2,1,1
_qRphMRxUzp_Vjk7ZIjWBA,ltBBYdNzkeKdCNPDAsxwAA,4.0,2012-12-10 03:18:29,night,0,0,1,long,high,Nashville,Cocktail Bars,2,1,0
9zG2PRZnMGe5F29a5NK6Rw,Jn_F3hYqknRTepCg6om04Q,3.0,2012-12-10 07:17:34,morning,0,0,1,medium,high,Brentwood,Mexican,1,0,1
v8psG2QZjR4jx_Qs90CHlA,ixPTo6Hum7nNZ7A4VPhTXg,4.0,2012-12-10 14:37:08,afternoon,0,0,1,long,high,Tampa,Restaurants,2,1,1
1HM81n6n4iPIFU5d2Lokhw,HWTQEMcz38T34AA7Q4vagg,3.0,2012-12-10 21:15:48,evening,0,0,1,long,high,Metairie,Food,2,0,0
tBXZIkcFCSgtbnjSDREgpw,4WdDY97x4GdMYtyk1KQMnw,4.0,2012-12-10 22:06:30,evening,0,0,1,long,high,New Orleans,Cafes,2,0,0
1HM81n6n4iPIFU5d2Lokhw,mzZ_WTb2zvyJMBkm84B-WA,5.0,2012-12-10 22:15:29,evening,0,0,1,medium,high,Metairie,Donuts,2,1,0
CjJhEzdWQNEKa7grwPRQyg,Dv6RfXLYe1atjgz3Xf4GGw,5.0,2012-12-10 22:54:58,evening,0,0,1,long,high,Philadelphia,Burgers,2,0,1
Bok4NoUX0nRQP-OePPivdA,04UD14gamNjLY0IDYVhHJg,5.0,2012-12-11 01:30:55,night,1,0,1,medium,high,Philadelphia,Mediterranean,2,1,0
tGEkFShSLzO5BACDDBPb2Q,3lBooCffgkW7tVSG5kILBA,2.0,2012-12-11 03:51:00,night,1,0,1,long,high,Philadelphia,Restaurants,2,0,0
nqHmFx837BIlsYNX5LsR4w,xruWHK8Z5N0JWyQubLHjgA,5.0,2012-12-11 05:18:03,night,1,0,0,medium,high,Philadelphia,Food,2,0,0
ScuWOAFGiCSDkZPI4x5mAQ,zU4k_q6_ZX9gVYtvxtu4tw,4.0,2012-12-11 07:15:18,morning,1,0,1,short,high,Wesley Chapel,Restaurants,1,0,1
RycuS3TlPJKYCN6jaqgc7w,Su_KoRa64akK19myzyK3xA,2.0,2012-12-11 07:23:07,morning,1,0,0,long,high,Philadelphia,Restaurants,3,1,1
0xZucjnNt2beD1veIAWLwA,kGl2zBnLWTUBQLFkd0u_FQ,5.0,2012-12-11 14:17:10,afternoon,1,0,1,medium,high,Tampa,Greek,2,1,1
0xZucjnNt2beD1veIAWLwA,OIES_WhdNux3PmvSuPM-8Q,5.0,2012-12-11 14:25:59,afternoon,1,0,1,long,high,Tampa,Restaurants,2,1,0
lYQk0R6sPfo3WeX-l_5BuA,vuAI70USd3my2Kb9_9zajw,2.0,2012-12-11 15:41:48,afternoon,1,0,1,long,high,Saint Louis,Restaurants,2,1,1
Bs9hv0zgdY8khKwTCmrNoQ,L05ILI6HOWCXo3vsih4pLQ,5.0,2012-12-11 17:22:37,afternoon,1,0,1,long,high,Conshohocken,Food,1,0,1
kO30XR2WeF6bla6dK1ZZLw,3sdlpskDaXr1P59BYjGoFw,3.0,2012-12-11 18:41:35,afternoon,1,0,1,long,high,Philadelphia,Burgers,1,0,0
IkLdv0dFGfRJrtFVJYJnLg,4_W5pstoN1166TGjjPOrMg,4.0,2012-12-11 23:00:55,evening,1,0,1,long,high,Philadelphia,American (Traditional),2,1,1
zXDTY5YUxMTzuUYHNabmQQ,iD25g7vUG3asELjXtMGF9w,2.0,2012-12-11 23:47:29,evening,1,0,1,long,high,Willow Grove,Food,1,1,1
tat7n8XnUBvZYFeB0FSzvg,qppGA9vCUPfw9ngOy_R90w,5.0,2012-12-12 14:31:32,afternoon,2,0,1,long,high,Tampa,Restaurants,2,1,1
3hANLGwpP5tXgHOes2XheA,ymoEdJB5NE56sWw74uyX7A,5.0,2012-12-12 15:15:52,afternoon,2,0,1,long,high,Indianapolis,Sushi Bars,2,1,1
1HM81n6n4iPIFU5d2Lokhw,i7akkU95QVETwwX8D2qH-Q,4.0,2012-12-12 16:16:31,afternoon,2,0,1,long,high,Metairie,Bakeries,2,0,0
cO0sWpjjSyIqngT2U4oZ9Q,msVMrDXdAaQZrW43XiMuGg,2.0,2012-12-12 17:19:51,afternoon,2,0,1,long,high,Mont Clare,Specialty Food,1,0,0
1HM81n6n4iPIFU5d2Lokhw,sJz2WhvVGW8jsdQhZ_BlUQ,3.0,2012-12-12 18:25:02,afternoon,2,0,1,long,high,New Orleans,Jazz & Blues,2,1,0
qRb3sant7B3ua99_NYi9Ww,W0JwMDaPz4KxJPqiUuh45A,2.0,2012-12-12 20:42:28,evening,2,0,1,medium,high,Bryn Mawr,Coffee & Tea,1,1,0
I0ezkVvCcBnavJf2soWHjA,j8JOZvfeHEfUWq3gEz6ABQ,4.0,2012-12-13 00:16:59,night,3,0,1,medium,high,New Orleans,Jazz & Blues,2,1,1
v8psG2QZjR4jx_Qs90CHlA,QGUj9Za0iG_OJz0CqujE_Q,4.0,2012-12-13 13:43:01,afternoon,3,0,1,medium,high,Saint Petersburg,Sandwiches,1,0,1
WT36RE4WkUIaEbLDjkPB3g,DsKzHnkLKnxZTVsFpts4oA,3.0,2012-12-13 19:14:54,evening,3,0,1,long,high,Philadelphia,Breakfast & Brunch,2,1,0
AiwVzxg4paqeDX82O4oFLg,OHzX-ZD9qyoeoxR8Z0dlIA,4.0,2012-12-13 20:58:33,evening,3,0,0,medium,high,Philadelphia,Restaurants,2,1,1
pqBLlY7_IoGbu6ZdTFjzxw,H3JjbID9Zhukpqr9uupHAA,4.0,2012-12-14 16:22:46,afternoon,4,0,1,long,high,Nashville,Burgers,2,1,1
WT36RE4WkUIaEbLDjkPB3g,TFnGJlA5l_HDdzGDkNTdTA,3.0,2012-12-14 16:47:46,afternoon,4,0,1,long,high,Philadelphia,American (New),2,1,0
t5i8q1iOkFDbhtHC9ZZD5A,33JlrWf0kmHd2VzW58Wp0g,2.0,2012-12-14 17:54:32,afternoon,4,0,0,long,high,Saint Louis,Bars,2,1,1
xjLTK4saQ2Qe_6f9IxhVWg,Y0JF1UN7pfWJ-GuzuVXM0g,5.0,2012-12-14 18:08:28,afternoon,4,0,1,long,high,New Orleans,Restaurants,2,1,1
qRb3sant7B3ua99_NYi9Ww,2PFkue1wjcpxW-oHHebG5g,2.0,2012-12-14 18:30:33,afternoon,4,0,1,medium,high,Conshohocken,Japanese,2,0,0
zidK7sC6ekLjGndRZeoGKQ,JOvNunKJlWhwJRwLmUR9ZA,5.0,2012-12-14 23:47:40,evening,4,0,0,medium,high,St Petersburg,Bars,2,1,1
OitrGq9nJqd0PeqSf3AcLw,cXSyVvOr9YRN9diDkaWs0Q,4.0,2012-12-15 06:09:43,night,5,1,1,long,high,Philadelphia,Southern,2,1,1
fT403FEKB5VJqpjq-hdVxQ,BjBDHqHhMXSxgyVipccznQ,5.0,2012-12-16 05:22:40,night,6,1,1,long,high,Tampa,African,3,1,0
v8psG2QZjR4jx_Qs90CHlA,Yh_KhyVD6ZBwsIQQ1wSUpw,4.0,2012-12-16 13:47:14,afternoon,6,1,1,medium,high,Tampa,Vietnamese,1,0,0
jFSrZYDK85AM4Yhrbg99kg,EKbb62ui8LgHk3B7OJMyBw,2.0,2012-12-16 16:02:02,afternoon,6,1,0,long,high,Saint Louis,Restaurants,2,1,1
FuTJWFYm4UKqewaosss1KA,KYFJ7qh7bYYAsjnGrhH3NA,4.0,2012-12-16 21:17:18,evening,6,1,1,long,high,Tucson,Bubble Tea,1,0,1
FuTJWFYm4UKqewaosss1KA,avcOkMsnFse9D-DpIimYkA,5.0,2012-12-16 21:41:14,evening,6,1,1,medium,high,Tucson,Asian Fusion,2,0,0
FuTJWFYm4UKqewaosss1KA,zmpNbfRPecNkb1FhNbL1IA,3.0,2012-12-16 22:13:36,evening,6,1,1,medium,high,Tucson,Vietnamese,1,0,0
DJp-RvWsIyX9z-8SN2N7Ag,tJCnUtGdyPyOGt5kudLrTA,3.0,2012-12-17 03:31:29,night,0,0,1,long,high,Philadelphia,Pizza,1,0,0
M1fk_IYOyZBKIw6ov8Q9hg,3ICKvnjPqlnelsJ-WJntmw,3.0,2012-12-17 23:37:19,evening,0,0,1,long,high,Saint Louis,Asian Fusion,2,1,1
vDACtEdgJP3mS-U0_NA0Pw,p7UGlPkE3Gagm9Mq7aHfYg,4.0,2012-12-18 00:22:43,night,1,0,1,long,high,Saint Louis,Food,1,0,1
VFp9AYShu_C9T4QsHpM3yA,2wEnpf2eu98rcYc540UN3Q,4.0,2012-12-18 04:47:28,night,1,0,1,long,high,Tucson,Restaurants,1,1,1
kd7R1mX2soYNrIbK7h5SVA,b-4xNydyGmdv2bGFOHTgdw,3.0,2012-12-18 08:14:15,morning,1,0,1,long,high,Edmonton,Bakeries,2,0,0
KI4Qksd3x7eAJZp1OKZXfA,F1xE--Gb4rNFAwHkNkV31A,5.0,2012-12-18 23:20:34,evening,1,0,1,short,high,Reno,Pizza,2,1,1
HxyLRaoH9PS09M6R3rV-EQ,m1ohyfs8gcS9X-ZQ3Coj2Q,5.0,2012-12-19 05:37:15,night,2,0,1,medium,high,Philadelphia,Food,1,1,0
v8psG2QZjR4jx_Qs90CHlA,9ouyziwYpSvJzlLFpukSgA,3.0,2012-12-19 16:26:59,afternoon,2,0,1,long,high,Pinellas Park,Mexican,1,1,1
LnFIWZM_l__4t8Qxj3pnOg,sdWuLh-auc0nC2Jy6_26AQ,3.0,2012-12-21 23:45:23,evening,4,0,1,short,high,Philadelphia,Bars,2,1,0
M1fk_IYOyZBKIw6ov8Q9hg,cljHYek6vHtqUgUsnJBqmA,2.0,2012-12-22 00:55:00,night,5,1,1,long,high,Saint Louis,French,2,1,1
akUC5qP68u0_frTwHLl61w,m14o43aOPMR5Z8MhDi8wVw,4.0,2012-12-22 03:14:19,night,5,1,1,medium,high,St. Petersburg,Restaurants,2,1,1
USD9k93iOIB88v93B5iBcw,1UNorskttXSWuEcgzKzXcA,2.0,2012-12-22 13:52:44,afternoon,5,1,1,long,high,Philadelphia,Lounges,3,1,1
zvq6qxc2IVA08jaUelUMRw,YtSqYv1Q_pOltsVPSx54SA,2.0,2012-12-23 19:25:55,evening,6,1,1,long,high,Philadelphia,Wine Bars,3,1,0
8JaJl5ZRMT4o2q10DVIZGg,pym7c6ZFEtmoH16xN2ApBg,5.0,2012-12-26 03:11:23,night,2,0,1,long,high,New Orleans,Restaurants,2,1,1
exDOIbSQ2S5hSwewrs1MVw,fGYnHzFr1z2kv7bPRW6VMA,4.0,2013-01-02 15:12:04,afternoon,2,0,1,long,high,West Chester,Pizza,2,1,1
4kKngcDGjuzo18pxx5jHog,SLreQZjicOqB_7MCfJ8MdQ,2.0,2013-01-02 15:47:15,afternoon,2,0,1,medium,high,Tucson,Restaurants,2,0,1
t9Qrz3zLtOnlmEeKfDCtFA,7ZAIFmz5fBaCvCGXrJZBkg,5.0,2013-01-02 15:51:34,afternoon,2,0,1,medium,high,Tampa,Beer,2,0,0
3JQ8RjMGiT8m5hsBq99Zfw,Zi-F-YvyVOK0k5QD7lrLOg,3.0,2013-01-02 17:47:24,afternoon,2,0,0,long,high,New Orleans,Cajun/Creole,3,1,0
qjfMBIZpQT9DDtw_BWCopQ,ki4fAKj4ZN0cgAmw9L8PBg,3.0,2013-01-02 18:11:18,afternoon,2,0,1,long,high,Zephyrhills,Restaurants,1,0,0
UV6kQ5MqadMq9SaVv35fqg,oQ5CPRt0R3AzFvcjNOqB1w,3.0,2013-01-02 19:30:52,evening,2,0,1,long,high,Nashville,Barbeque,2,1,1
EIt66bYmFr_2kbs5qsL-0Q,dIpTuL2T1L98GQGU17IeSw,4.0,2013-01-02 21:06:39,evening,2,0,1,long,high,Tampa,Bars,2,1,1
JITevzyEgskIJc6sgOyEgw,C1D2o1VV2TDjpkG3BsdseA,2.0,2013-01-02 22:52:38,evening,2,0,1,medium,high,Nashville,Tex-Mex,1,1,1
n1dDZfXcqw2A3iNwU5xlzg,sdWuLh-auc0nC2Jy6_26AQ,4.0,2013-01-02 22:53:39,evening,2,0,0,medium,high,Philadelphia,Bars,2,1,0
n1dDZfXcqw2A3iNwU5xlzg,EtKSTHV5Qx_Q7Aur9o4kQQ,2.0,2013-01-02 23:11:33,evening,2,0,0,medium,high,Philadelphia,Bars,2,1,1
PKzt4KMQpQIRSvOYo3EdFw,kkcQYuF3w5iHnHMf0EnRhQ,5.0,2013-01-02 23:21:20,evening,2,0,0,long,high,Philadelphia,Sandwiches,1,1,0
oAhoFRRKomodbIx8jtKmKA,3OGzmGqWwsyGLkhnxrA9Pw,3.0,2013-01-03 01:49:22,night,3,0,1,long,high,Tampa,Pizza,2,1,0
-rGU3wo4fgEnGRboYdMTjw,-y5vYOsyL4bSFxeOtQtYbg,4.0,2013-01-03 02:16:59,night,3,0,1,long,high,Tucson,Delis,2,1,1
Jt3GylPuH64uA3zTdbMdCg,tJPaPZwRqFmDSEc8VEx9hA,3.0,2013-01-03 03:08:46,night,3,0,1,medium,high,Philadelphia,Food,1,0,0
gRL9s6ENxV1qermRYDWjPQ,5l67axuAa5EmEV3lLuSa1Q,3.0,2013-01-03 07:51:30,morning,3,0,1,long,high,New Orleans,Burgers,1,0,1
GevrFd8ojonAr4fEQB9WfA,Nd_3fSvYDCjM8YJdBx4Y9w,3.0,2013-01-03 15:06:49,afternoon,3,0,1,long,high,Wayne,Restaurants,1,0,1
56EIJcxLHYDSxIBygJEApQ,pym7c6ZFEtmoH16xN2ApBg,4.0,2013-01-03 17:44:07,afternoon,3,0,1,medium,high,New Orleans,Restaurants,2,1,1
DxT-eDD9vvUoTgGATvLzDQ,FZCj995CEL2G-JTiLC3Azw,1.0,2013-01-03 17:58:29,afternoon,3,0,1,long,low,Indianapolis,Mexican,1,1,0
jQF9CqbIfpQit9B0MAG4Wg,uIZwBkvWicqyWraXvYOipw,4.0,2013-01-03 18:04:53,afternoon,3,0,1,long,high,Philadelphia,Restaurants,3,1,0
yR6Y6PIGwzBy2qFoL6O3BA,luXBhJkuhBAKNCjByulizA,4.0,2013-01-03 18:51:24,afternoon,3,0,1,long,high,Indianapolis,Restaurants,2,1,1
yR6Y6PIGwzBy2qFoL6O3BA,McQo2QJGt1BI9oPu6KLDjg,5.0,2013-01-03 18:53:20,afternoon,3,0,1,medium,high,Indianapolis,Specialty Food,2,0,0
2XKlUjHGk9z-2ckFMcBEHw,ltBBYdNzkeKdCNPDAsxwAA,5.0,2013-01-03 19:02:51,evening,3,0,1,long,high,Nashville,Cocktail Bars,2,1,0
bGREVtD0aDERKe5k4d5Zkg,0wQCEcpZ57TmTm6EmEDsIw,4.0,2013-01-03 19:21:55,evening,3,0,1,long,high,St Charles,Food,2,1,1
bGREVtD0aDERKe5k4d5Zkg,EpREWeEpmR8f1qLHzzF0AA,5.0,2013-01-03 19:25:36,evening,3,0,1,medium,high,Saint Louis,Local Flavor,2,1,1
k9E3YPbXMzGvA6IaLX1wAQ,w4GXOtpCDsCuXesj7bISmA,2.0,2013-01-03 20:24:49,evening,3,0,1,long,high,Tuscon,Restaurants,2,1,1
k9E3YPbXMzGvA6IaLX1wAQ,8QJTzIaR5FceGds8HBSIig,3.0,2013-01-03 21:06:20,evening,3,0,1,medium,high,Tucson,Nightlife,2,1,1
806piRS5Ueod_7oNHQDW-Q,Dv6RfXLYe1atjgz3Xf4GGw,4.0,2013-01-03 21:12:35,evening,3,0,1,long,high,Philadelphia,Burgers,2,0,1
SbSF-vlTPBn1bYFo-5PrhA,dYicZfoQApq5y0vO6FbLtw,4.0,2013-01-03 21:13:51,evening,3,0,1,long,high,Shamong,Caterers,2,1,1
ZGjgfSvjQK886kiTzLwfLQ,Oun4NN-u5yiHIxDqtJnxgA,5.0,2013-01-03 22:03:25,evening,3,0,1,medium,high,Philadelphia,Restaurants,1,0,0
WJR8f_QNG1kuPq5V6RxeFA,IZmCSGeXLCB-Y2UvJrvr-A,3.0,2013-01-04 01:38:26,night,4,0,1,medium,high,New Orleans,Salad,2,1,0
t9Qrz3zLtOnlmEeKfDCtFA,qppGA9vCUPfw9ngOy_R90w,5.0,2013-01-04 12:32:11,morning,4,0,1,long,high,Tampa,Restaurants,2,1,1
m8Ih1xhlGDcw9O59dj4jVA,NT5S6JV5wPwKOd3s3Yh1zQ,5.0,2013-01-04 16:11:57,afternoon,4,0,1,long,high,Nashville,Restaurants,2,1,0
P-NTOAMFVSDFGkhcj4GaIQ,MO82R6jbTZQJDSFgjde2NQ,4.0,2013-01-04 16:49:23,afternoon,4,0,1,medium,high,Tucson,Department Stores,2,0,0
tGgfOwNHg_sVZZ-DAv7_aA,U30ggGzFpXvc2NZYwOW3qg,5.0,2013-01-04 17:34:01,afternoon,4,0,1,long,high,Philadelphia,Cafes,1,0,1
m8Ih1xhlGDcw9O59dj4jVA,1Pxg1AMf0rEn9QF__ZYoWw,5.0,2013-01-04 17:50:47,afternoon,4,0,1,long,high,Nashville,Japanese,2,1,0
m8Ih1xhlGDcw9O59dj4jVA,s3FRhtaNU8dt-mKkLKUQaQ,5.0,2013-01-04 18:39:31,afternoon,4,0,1,long,high,Nashville,Sushi Bars,2,1,1
Nxr5C4m0edwetAeRUacP6A,Jvmj49D0GGnvCpjN0LXqEg,3.0,2013-01-04 22:30:30,evening,4,0,1,long,high,Clearwater,Breakfast & Brunch,1,0,0
N0duXRMkI3zKTDUEBai_Yg,ype7l-G4zuw3pmIG-HpvZA,2.0,2013-01-04 23:33:31,evening,4,0,0,medium,high,Edmonton,Coffee & Tea,2,0,1
ZRYAIWkACxCzN16opiUQ3Q,fEFCglnS2V7MzqoxBoJVWA,4.0,2013-01-05 00:28:24,night,5,1,1,short,high,Moorestown,Restaurants,1,0,1
MO-ecGSRdYr4aF92G3Rc0g,LYVPT1EpMzn9WT0ptvZuAQ,5.0,2013-01-05 01:35:41,night,5,1,1,long,high,Creve Coeur,Fast Food,1,1,1
x7UU1bdc2INFrZFwp6yOPw,EjzWyITI75CKSKb6RGCG_Q,2.0,2013-01-05 06:27:57,night,5,1,1,long,high,Tampa,Barbeque,2,0,0
3RuPbLjp9EDWlb1eTiNYsw,0hCrds3sgFAYzsZolg3jcg,5.0,2013-01-05 17:28:26,afternoon,5,1,1,medium,high,Tampa,Head Shops,2,1,0
PuvfPONWyhdtRVPWu7kLpQ,vD2jzpPv4iyOLKzITscGvA,5.0,2013-01-05 17:55:29,afternoon,5,1,0,medium,low,Saint Louis,Wine Bars,3,1,1
LarOkLonzqu5pLzZimS2BA,1Pxg1AMf0rEn9QF__ZYoWw,4.0,2013-01-05 17:56:46,afternoon,5,1,0,long,high,Nashville,Japanese,2,1,0
PuvfPONWyhdtRVPWu7kLpQ,mY02hIpeZSVCaWObvvyECA,5.0,2013-01-05 17:59:00,afternoon,5,1,0,medium,low,Saint Louis,Restaurants,2,1,1
mDyU8vgxCqqcdmf7SBoA5Q,rG0UTjvbmVVsh9-kGzeliQ,4.0,2013-01-05 19:10:31,evening,5,1,1,medium,high,Nashville,Food,1,0,1
nDvQAlraWcKds2XJLS2GkA,Mha77MN_BYGB-w7DONZ5YA,1.0,2013-01-05 21:03:19,evening,5,1,0,long,high,Tampa,Peruvian,1,0,0
T2CenOfGvQsbAEY9YdNhBQ,-6TttC-1-rf5gC0QHWrs_w,5.0,2013-01-06 03:17:31,night,6,1,1,long,high,Terrytown,Restaurants,1,1,0
fT403FEKB5VJqpjq-hdVxQ,oRZzKWdyMQld6N_y4UWkAg,4.0,2013-01-06 04:15:42,night,6,1,1,long,high,Tampa,Latin American,2,1,0
93-AKX28wl41s9pFsQwlsQ,Jvmj49D0GGnvCpjN0LXqEg,2.0,2013-01-06 14:04:45,afternoon,6,1,0,medium,high,Clearwater,Breakfast & Brunch,1,0,0
IlbqI2QmRgT-QnjAnv7Y_g,hUX1yAimviBIhb21D_KtcQ,4.0,2013-01-06 15:51:10,afternoon,6,1,1,medium,high,Philadelphia,Mexican,2,1,1
DxT-eDD9vvUoTgGATvLzDQ,McQo2QJGt1BI9oPu6KLDjg,4.0,2013-01-06 20:26:21,evening,6,1,1,long,low,Indianapolis,Specialty Food,2,0,0
gOAvWocRyGbKvUaitVy8fQ,A0F-h3xJm_6gHDKcDQwSrQ,5.0,2013-01-06 21:12:40,evening,6,1,1,long,high,Philadelphia,Pizza,2,1,1
JEIiE2fyLeZwnmCxLB1IGw,7clCBgNbd-x2Wj96lZ6Mjw,3.0,2013-01-06 22:37:18,evening,6,1,1,long,high,Indianapolis,Food,2,1,0
zXDTY5YUxMTzuUYHNabmQQ,dBCNUSbz5-8nQNrxWo5deg,1.0,2013-01-07 00:12:27,night,0,0,1,long,high,Southampton,Restaurants,2,1,0
VFp9AYShu_C9T4QsHpM3yA,K1r1fGmCbrmC_V6Aj22Zew,4.0,2013-01-07 00:25:08,night,0,0,1,medium,high,Tucson,Bakeries,2,0,1
YYDutIcIFzQDTGGUGhHdKA,oRZzKWdyMQld6N_y4UWkAg,5.0,2013-01-07 00:57:36,night,0,0,0,medium,high,Tampa,Latin American,2,1,0
TwJCpgJiTvO4aam6Njhtbw,ixPTo6Hum7nNZ7A4VPhTXg,3.0,2013-01-07 02:34:11,night,0,0,1,long,high,Tampa,Restaurants,2,1,1
YYDutIcIFzQDTGGUGhHdKA,SwBhaxfQPbyhsi0QHUAN0A,2.0,2013-01-07 04:05:08,night,0,0,0,long,high,Tampa,Food,2,1,0
YYDutIcIFzQDTGGUGhHdKA,rkem6aEo3vAG2VufybdwuA,5.0,2013-01-07 06:34:56,night,0,0,0,medium,high,Tampa,Steakhouses,2,1,0
pe-ltR4of_hrIjaHXlKveg,qppGA9vCUPfw9ngOy_R90w,4.0,2013-01-07 12:00:41,morning,0,0,1,long,high,Tampa,Restaurants,2,1,1
LfW6kFWMDV0NC6Dl1Xy9Mg,mMPvgBgqON8pia_4AgGTUw,3.0,2013-01-07 13:03:28,afternoon,0,0,1,medium,high,Tampa,Sushi Bars,2,1,0
t9Qrz3zLtOnlmEeKfDCtFA,xbRbvXSAVZBEwaUUn3mzbg,5.0,2013-01-07 15:26:58,afternoon,0,0,1,long,high,Tampa,Salad,2,1,1
WT36RE4WkUIaEbLDjkPB3g,MMRRS6YhVRx_iN5-JhMRYg,4.0,2013-01-07 15:53:01,afternoon,0,0,1,long,high,Philadelphia,Restaurants,2,1,0
t9Qrz3zLtOnlmEeKfDCtFA,QHzOlsTXfspSOMJ5SCxeCQ,4.0,2013-01-07 15:54:00,afternoon,0,0,1,long,high,Tampa,Barbeque,1,1,0
WT36RE4WkUIaEbLDjkPB3g,EtKSTHV5Qx_Q7Aur9o4kQQ,5.0,2013-01-07 16:14:17,afternoon,0,0,1,long,high,Philadelphia,Bars,2,1,1
BllxaGmCtQAUyhGBDNjUWA,NT5S6JV5wPwKOd3s3Yh1zQ,4.0,2013-01-07 16:38:32,afternoon,0,0,0,long,high,Nashville,Restaurants,2,1,0
9kbV0gn3Ea2eAMV-Z_eX8Q,ymoEdJB5NE56sWw74uyX7A,5.0,2013-01-07 17:07:59,afternoon,0,0,1,long,high,Indianapolis,Sushi Bars,2,1,1
JyzLjUFEIW3epNlHI6Oa6Q,uaKXyCNVXWdfOOdbM88pMA,4.0,2013-01-07 18:08:32,afternoon,0,0,1,long,high,Tampa,Breakfast & Brunch,2,1,1
g8vw7MyGXExlIdHCw397Mw,uKAbrDSJJzZliY1Yqu5KxQ,5.0,2013-01-07 20:10:24,evening,0,0,1,long,high,Philadelphia,Seafood,2,0,1
g8vw7MyGXExlIdHCw397Mw,NVN_23yYJDf_RAinqFICDA,4.0,2013-01-07 20:26:08,evening,0,0,1,medium,high,Philadelphia,Hot Dogs,1,0,0
bYENop4BuQepBjM1-BI3fA,7apWV3_bxbRcC2MemII9dQ,4.0,2013-01-08 01:21:57,night,1,0,1,long,high,Saint Louis,Mediterranean,2,1,1
IkLdv0dFGfRJrtFVJYJnLg,Q-prSTdggNlxAEFV88BZOw,4.0,2013-01-08 03:06:17,night,1,0,1,long,high,Philadelphia,Beer,2,1,1
UCnM1IOnRoKLgPMQ0w1gHQ,_cndcbuaqSRW5f-MeZasNw,4.0,2013-01-08 03:38:58,night,1,0,1,long,high,Nashville,Steakhouses,2,1,0
0dIvVs3PY64bE3PZF-8V8A,CTLnaL6IYK11qbv-zsSk1w,2.0,2013-01-08 03:45:13,night,1,0,1,medium,high,Saint Louis,Bakeries,1,0,0
TLpnu9BZNLTuB1ngxjnIpA,FYw5uf26ry8-MuPKD10z0Q,2.0,2013-01-08 06:31:39,night,1,0,1,medium,high,Reno,Grocery,2,1,1
U4INQZOPSUaj8hMjLlZ3KA,Oun4NN-u5yiHIxDqtJnxgA,4.0,2013-01-08 12:52:56,morning,1,0,1,long,high,Philadelphia,Restaurants,1,0,0
yPdPATvZ95l366Pp8nVzLQ,6LCZLGa09Qifn6rG7-DNrg,3.0,2013-01-08 16:14:43,afternoon,1,0,1,long,high,Philadelphia,Thai,2,0,0
qRb3sant7B3ua99_NYi9Ww,yuW60QyweNNcyHa_3fkrYA,4.0,2013-01-08 17:57:21,afternoon,1,0,1,long,high,Conshohocken,Caterers,2,0,0
GdGGZo98_xRwbrZiYRP1ew,zVoxVPHEt11_0GzqNuT2ZQ,4.0,2013-01-08 19:57:14,evening,1,0,1,long,high,Saint Louis,Restaurants,2,1,0
YYDutIcIFzQDTGGUGhHdKA,0hCrds3sgFAYzsZolg3jcg,5.0,2013-01-09 00:52:08,night,2,0,0,medium,high,Tampa,Head Shops,2,1,0
-rGU3wo4fgEnGRboYdMTjw,fVPPZWf5QghlCLYRYec1rg,2.0,2013-01-09 01:41:04,night,2,0,1,medium,high,Tucson,Restaurants,2,0,1
XS4rYA1V_Ru7tyf0Jl15aw,0wQCEcpZ57TmTm6EmEDsIw,4.0,2013-01-09 19:18:00,evening,2,0,1,medium,high,St Charles,Food,2,1,1
akUC5qP68u0_frTwHLl61w,encfXG_jrG1M6gX1IqrHrw,1.0,2013-01-09 21:34:09,evening,2,0,1,long,high,Tampa,Restaurants,2,1,1
SbSF-vlTPBn1bYFo-5PrhA,EGWv78OQgeqfi4lXThlP8A,4.0,2013-01-10 21:35:06,evening,3,0,1,long,high,Medford,Restaurants,2,0,1
5Si-3Rt03p8r7fGYd-1EVw,fnO03-RX7UDC1TzXETWEsQ,5.0,2013-01-10 21:56:20,evening,3,0,1,long,high,Media,Restaurants,2,1,1
IKbjLnfBQtEyVzEu8CuOLg,-ATiAtTikuGuqvaW2O6tNA,3.0,2013-01-11 02:34:23,night,4,0,1,long,high,Philadelphia,Sandwiches,2,1,1
g8vw7MyGXExlIdHCw397Mw,xruWHK8Z5N0JWyQubLHjgA,4.0,2013-01-11 03:07:30,night,4,0,1,medium,high,Philadelphia,Food,2,0,0
FUUEU3ZN5cL1nNNR2AYZuw,EtKSTHV5Qx_Q7Aur9o4kQQ,4.0,2013-01-11 14:23:23,afternoon,4,0,1,long,high,Philadelphia,Bars,2,1,1
BllxaGmCtQAUyhGBDNjUWA,H3JjbID9Zhukpqr9uupHAA,2.0,2013-01-11 21:23:03,evening,4,0,0,short,high,Nashville,Burgers,2,1,1
PAc93PtEbYDtytBQ9Dyjug,f82dhKNiUXsDVPMLqKYiIQ,4.0,2013-01-12 18:45:39,afternoon,5,1,1,long,high,Tucson,Restaurants,2,1,0
P-NTOAMFVSDFGkhcj4GaIQ,LTtmAHFW3nWLirD--VWAEw,4.0,2013-01-12 23:35:53,evening,5,1,1,medium,high,Tucson,Automotive,2,0,0
yR6Y6PIGwzBy2qFoL6O3BA,osOONoA8wMF5ZpLWUS7VOw,4.0,2013-01-13 02:46:26,night,6,1,1,long,high,Indianapolis,Breakfast & Brunch,1,0,1
LnFIWZM_l__4t8Qxj3pnOg,uIZwBkvWicqyWraXvYOipw,5.0,2013-01-13 05:45:17,night,6,1,1,long,high,Philadelphia,Restaurants,3,1,0
2iS1vg5TYpV_iEiNC8osTg,2brttsiFBlW8070dsPzQDA,2.0,2013-01-14 12:46:06,morning,0,0,1,long,high,Indianapolis,Breakfast & Brunch,2,0,1
6wN6SzUY9KmantGkRPnP9A,85-swIyLL-r4Fm5MmCvR9A,3.0,2013-01-14 18:16:19,afternoon,0,0,1,long,high,Pinellas Park,Delis,1,1,1
CDxlgCoUoNRV3VMkYZrUuQ,tYCok-NtWvg8_k7woeB83w,4.0,2013-01-17 15:14:27,afternoon,3,0,1,long,high,Cherry Hill,Desserts,2,1,1
yEEyM-T0hLQCqiTPfbyeTQ,SIoCIxjn4jLt2O-4DajWJw,4.0,2013-01-20 04:10:20,night,6,1,0,long,high,Philadelphia,Nightlife,2,1,1
jFSrZYDK85AM4Yhrbg99kg,1skzWN0fxGgZNRE53Y_3gw,3.0,2013-01-27 17:44:03,afternoon,6,1,0,medium,high,Saint Louis,Breweries,2,0,0
wmqsehbFirZPlAluJUakeQ,IfZ5Xqh5VNxM-HDhKPUlXg,3.0,2013-01-27 17:52:36,afternoon,6,1,0,long,high,Warminster,American (New),3,0,0
B9iPTih0dmpZn6fRyZnLLg,vCHNWdW-ys-nWUx3Cpvk8Q,4.0,2013-01-27 19:19:04,evening,6,1,1,short,high,Philadelphia,Bakeries,2,1,0
hk6B1ZdzI62jMGo6e2IuuA,pIY1UltfmUX--6yrAhg-mQ,3.0,2013-01-27 20:01:52,evening,6,1,0,short,high,West Chester,Steakhouses,2,0,1
REFGsoLynoBWxdTEJeXYfw,x8GM0uhLh90Vhbvn4WZVdQ,4.0,2013-01-27 22:30:53,evening,6,1,1,long,high,Pottstown,Restaurants,3,0,0
-hKniZN2OdshWLHYuj21jQ,qKswqEe67vJJSW05W7Rx-A,3.0,2013-01-27 23:49:34,evening,6,1,1,medium,high,Levittown,Thai,1,0,0
4kKngcDGjuzo18pxx5jHog,vGgAW3kLPjRFQCrndE6l9w,4.0,2013-01-28 01:42:49,night,0,0,1,long,high,Tucson,French,3,1,1
DbNKK25oOzfHxyfBHlOaDg,37BpNvlEAT6WVGsksrHbBQ,4.0,2013-01-28 01:50:55,night,0,0,1,medium,high,Nashville,Sushi Bars,2,1,1
-G7Zkl1wIWBBmD0KRy_sCw,N1ZXhAVzOzbyCBPEXTaUUw,3.0,2013-01-28 02:46:04,night,0,0,1,long,high,Philadelphia,Food Delivery Services,2,0,0
X1nvKXUJ5Lp3W9Oe-_JrMQ,DGvkU7CkdBs6lNbncQmF3A,4.0,2013-01-28 04:23:36,night,0,0,1,long,high,Philadelphia,Restaurants,2,1,1
sgK8_cpe6FTk2HD0P27K0g,I5KZm-NnxYeEQsmp6nK5_w,4.0,2013-01-28 14:39:39,afternoon,0,0,0,medium,high,Philadelphia,Food,2,1,1
Xlb-Hxrvkfyadnkmk5hrgw,p3Vbzk03kNiI0tr181qamA,4.0,2013-01-28 14:43:20,afternoon,0,0,1,medium,high,Indianapolis,American (New),2,1,1
2iS1vg5TYpV_iEiNC8osTg,viVz0HzP-_CbU07HUCquZQ,3.0,2013-01-28 14:57:07,afternoon,0,0,1,long,high,Indianapolis,Vietnamese,1,0,0
XrFCag4AMW5qta9QXokWPA,A0zZI5AnaeK4-vKoc9ABmg,4.0,2013-01-28 17:33:26,afternoon,0,0,1,long,high,O Fallon,Thai,2,1,1
2XKlUjHGk9z-2ckFMcBEHw,9XkgYvXhYibe85V6mNE_TQ,5.0,2013-01-28 17:53:52,afternoon,0,0,1,long,high,Nashville,American (Traditional),2,1,1
PV0U0arT_AUfjVBtrKfPSA,6CsLAjWXFlLpErBZEmGQ5g,4.0,2013-01-28 20:22:08,evening,0,0,1,long,high,Philadelphia,Indonesian,1,0,0
2XKlUjHGk9z-2ckFMcBEHw,aJvxWyQIG5OLfBw3qAe8xA,4.0,2013-01-28 20:50:15,evening,0,0,1,long,high,Nashville,Restaurants,2,0,1
kaa6i7IHMyYIom7DIul9EQ,mtowE4p6gOgyGrHAsMz-rg,3.0,2013-01-29 04:29:01,night,1,0,1,long,high,Wilmington,Food,1,0,1
5Si-3Rt03p8r7fGYd-1EVw,I3xJD0fXyiokQtb_6sn0fQ,5.0,2013-01-29 14:21:28,afternoon,1,0,1,long,high,Wayne,Food,1,0,0
NGGd_11d2RXR8wTurenLgg,sKQ0KYon7eT6xEnCpb18aw,5.0,2013-01-29 14:35:12,afternoon,1,0,1,short,high,Wilmington,Restaurants,2,1,1
qESx3c9NOITAcXqTQjbOCQ,4_W5pstoN1166TGjjPOrMg,4.0,2013-01-29 15:16:29,afternoon,1,0,1,long,high,Philadelphia,American (Traditional),2,1,1
2T8cxl3Y_JhCE8o80BSp0A,SKW1zA4nY_SPKkQPmXNHoA,4.0,2013-01-29 15:56:38,afternoon,1,0,1,long,high,Carmel,Food,2,0,0
SbSF-vlTPBn1bYFo-5PrhA,EGWv78OQgeqfi4lXThlP8A,3.0,2013-01-29 17:51:45,afternoon,1,0,1,long,high,Medford,Restaurants,2,0,1
_BcWyKQL16ndpBdggh2kNA,FsRAHiYUERqUIeGVt49svA,4.0,2013-01-29 18:33:37,afternoon,1,0,1,long,high,Philadelphia,Restaurants,1,0,0
DwyevLE3RWfuBzgcJtRFyg,j0kqlcG_HluOEEFsA7WwCg,2.0,2013-01-29 19:26:19,evening,1,0,0,short,high,Berwyn,Restaurants,2,0,0
KVN1eio-4QU3zlkPmZHRFQ,1T9F7iLDFAYWJvif1RKneg,4.0,2013-01-30 01:45:25,night,2,0,1,medium,high,Indianapolis,Restaurants,2,1,0
rpUOaLv_7QkDeFQSZMZhOg,fBCv5Euudl9VieR870gwNg,4.0,2013-01-30 03:13:02,night,2,0,1,long,high,Saint Louis,Food,2,1,1
8pD-h427Y_aDcPxhDR7z8g,0BNR2_vrxuXG6I7f3Y6LZQ,4.0,2013-01-30 03:35:01,night,2,0,1,long,high,NASHVILLE,Food,2,0,0
lYcU4ZTWITaPvRjdBFdr_w,ypXuDmnnPxnfP8a0qLsiEg,4.0,2013-01-30 14:38:37,afternoon,2,0,1,medium,high,Nashville,Chicken Wings,2,1,1
3PB1TY8e8NnnHBHTb96p7Q,zYty3y2eQZQfdCSzyUUbzw,5.0,2013-01-30 15:30:34,afternoon,2,0,1,medium,high,Philadelphia,American (New),2,0,0
tgkjSWCcWXAAk2DScYmQrg,NB9wGhMqy27suWqNzk3laA,5.0,2013-01-30 16:56:18,afternoon,2,0,1,long,high,Philadelphia,Middle Eastern,2,0,0
MB24FupUiQDWXzKO76rgCA,d_tRshM-w6S4QxE4VVi8tQ,4.0,2013-01-30 17:41:47,afternoon,2,0,1,long,high,Philadelphia,American (New),2,1,0
_ljIoh025OGAvWz_Kvq6EQ,e9J0IWHyYGU-AcCqTQ7lSA,4.0,2013-01-30 17:47:31,afternoon,2,0,1,long,high,Tampa,Restaurants,2,1,0
MB24FupUiQDWXzKO76rgCA,UhSVDwQFW6mKmaEA5OTU7A,5.0,2013-01-30 17:57:07,afternoon,2,0,1,long,high,Philadelphia,Vegetarian,2,0,0
MB24FupUiQDWXzKO76rgCA,V6Om7YZhlRQRU7WfuxHq8Q,4.0,2013-01-30 18:13:26,afternoon,2,0,1,medium,high,Philadelphia,Restaurants,1,0,0
JnXCk0zxxUuMrwDF4RA5eg,BjBDHqHhMXSxgyVipccznQ,4.0,2013-01-30 19:22:29,evening,2,0,1,long,high,Tampa,African,3,1,0
z9sL9d4kfAiQeGJ1dGmBng,1UNorskttXSWuEcgzKzXcA,4.0,2013-01-30 20:01:25,evening,2,0,1,long,high,Philadelphia,Lounges,3,1,1
z9sL9d4kfAiQeGJ1dGmBng,d_tRshM-w6S4QxE4VVi8tQ,3.0,2013-01-30 20:07:35,evening,2,0,1,medium,high,Philadelphia,American (New),2,1,0
1HM81n6n4iPIFU5d2Lokhw,YvfeLey2Bnge5Mj9RY7ofA,2.0,2013-01-30 22:01:49,evening,2,0,1,medium,high,New Orleans,American (Traditional),1,1,1
RNWJx8g-TIMVn1fpNFOCvA,tJPaPZwRqFmDSEc8VEx9hA,4.0,2013-01-31 13:29:18,afternoon,3,0,1,long,high,Philadelphia,Food,1,0,0
TINJU5ib4OMlCL07JqYGhA,mzZ_WTb2zvyJMBkm84B-WA,4.0,2013-01-31 15:48:06,afternoon,3,0,1,long,high,Metairie,Donuts,2,1,0
7Na1pUcEv3oF_QTRwZ-2iw,1FURjeGJi_LBXcJQg8eskw,5.0,2013-01-31 19:31:13,evening,3,0,1,medium,high,Carpinteria,American (Traditional),2,1,1
-THLGnsYKu3yQAsy_tt1fw,MpkCQTOV6D3XGRPbtQPj5Q,3.0,2013-01-31 19:33:49,evening,3,0,1,long,high,Avon,Vietnamese,1,0,0
-G7Zkl1wIWBBmD0KRy_sCw,0zH0l4Jbf-oove3cLvrFOg,5.0,2013-01-31 19:41:33,evening,3,0,1,long,high,Newtown,American (New),2,0,1
nPJw7YpKgHE6fowxgl3l1A,mUIBtlWNPD7sz3rGGWQ1RA,5.0,2013-01-31 22:56:51,evening,3,0,1,long,high,Philadelphia,Mediterranean,2,0,1
nPJw7YpKgHE6fowxgl3l1A,xruWHK8Z5N0JWyQubLHjgA,5.0,2013-01-31 22:59:46,evening,3,0,1,short,high,Philadelphia,Food,2,0,0
prpyhhJBEsCnvFGQl6H8aw,Q-prSTdggNlxAEFV88BZOw,5.0,2013-02-01 01:36:39,night,4,0,1,medium,high,Philadelphia,Beer,2,1,1
XD_SGGnLRR-NmdI_jjobZg,zYty3y2eQZQfdCSzyUUbzw,5.0,2013-02-01 03:17:20,night,4,0,1,long,high,Philadelphia,American (New),2,0,0
HQG3no8C5U31z-k1MaYCqQ,M0r9lUn2gLFYgIwIfG8-bQ,4.0,2013-02-01 04:47:27,night,4,0,1,medium,high,Saint Louis,Ice Cream & Frozen Yogurt,2,1,0
EMMKdK1cGrLSo08wgSYHJQ,1T9F7iLDFAYWJvif1RKneg,4.0,2013-02-01 05:43:56,night,4,0,1,long,high,Indianapolis,Restaurants,2,1,0
0MJ5sKX5uq7Ma5hbl4l3BQ,lRbHFOIFuusN2WOR_ypQ_A,3.0,2013-02-01 14:14:45,afternoon,4,0,1,long,high,Philadelphia,Restaurants,2,0,0
H7lVlSAtpaTzt7eqr63sJw,1w1H1kYUN60zpfdP-0qmGQ,4.0,2013-02-01 15:12:26,afternoon,4,0,0,medium,high,Philadelphia,Restaurants,1,0,0
g8vw7MyGXExlIdHCw397Mw,QDvQmizwCiFGf3y0Om9jyA,4.0,2013-02-01 15:40:22,afternoon,4,0,1,long,high,Philadelphia,American (Traditional),1,0,1
6woTWCjHDMEjQclniEei-A,XahxHmkaFOAwXix2VGRAUQ,4.0,2013-02-01 16:29:37,afternoon,4,0,1,medium,high,Philadelphia,Food Stands,1,0,1
2XKlUjHGk9z-2ckFMcBEHw,B03ajYBGDkZrIDB9lRTwUg,4.0,2013-02-01 17:26:34,afternoon,4,0,1,long,high,Nashville,Bars,3,1,0
aM3T4jeHY_fswn6xQ41rtw,jsQQu9rVerR3OGxIa0hRQQ,3.0,2013-02-01 17:53:21,afternoon,4,0,1,long,high,Bryn Mawr,Bars,2,1,0
Yl4W33ShuKg0IBOZqZfQcw,_49FsmTfruZSTjxU4OwOsg,2.0,2013-02-02 00:51:25,night,5,1,1,long,high,Nashville,Greek,2,1,1
0Igx-a1wAstiBDerGxXk2A,jlgi2sLx5i6_t4mcODJW7A,4.0,2013-02-02 05:03:54,night,5,1,1,long,high,New Orleans,Restaurants,3,1,1
5Si-3Rt03p8r7fGYd-1EVw,7WZ5EGb-Xk_uxQTWc52P4w,5.0,2013-02-02 13:50:07,afternoon,5,1,1,long,high,Brookhaven,Restaurants,1,1,0
KnPrhgAtSuUEA4PYSLFDVg,mUIBtlWNPD7sz3rGGWQ1RA,5.0,2013-02-02 16:25:25,afternoon,5,1,1,long,high,Philadelphia,Mediterranean,2,0,1
fYB4nPD2Y0uXXpVo20ZrNg,1UNorskttXSWuEcgzKzXcA,2.0,2013-02-02 16:34:47,afternoon,5,1,1,long,high,Philadelphia,Lounges,3,1,1
mWamaq-Awy6tf7U4bCtT1A,C3Nc7EUqo64jRPWPn6vY9w,5.0,2013-02-02 18:52:40,afternoon,5,1,1,medium,high,Cherry Hill,Restaurants,1,0,1
OitrGq9nJqd0PeqSf3AcLw,cXSyVvOr9YRN9diDkaWs0Q,5.0,2013-02-02 18:54:47,afternoon,5,1,1,long,high,Philadelphia,Southern,2,1,1
4wFZgzj4DXB3Mn7Q1WLhXg,X9WTFeGEUjOQ9U6XZ7FqHg,3.0,2013-02-02 19:57:48,evening,5,1,1,medium,high,Boise,Burgers,2,0,0
mZokz37TaR5jFgMrx4WyFw,U8jSYiECyAljqTL2U1ERGw,4.0,2013-02-03 03:02:41,night,6,1,0,medium,high,West Chester,Vietnamese,2,0,0
tQ6HM9ldSsYbuPugPUr-gw,DJJtybSWY0BygESsSrabqg,5.0,2013-02-03 15:20:18,afternoon,6,1,0,short,high,Philadelphia,Breakfast & Brunch,1,0,0
riWDgbauId8TK7YFVgMNJw,x4XDkWR9fgP4TItqMr8A8A,5.0,2013-02-03 15:45:07,afternoon,6,1,1,long,high,New Orleans,Food,2,0,0
haebF6ELoYWkHcwODPPBmw,EtKSTHV5Qx_Q7Aur9o4kQQ,4.0,2013-02-03 20:31:29,evening,6,1,1,long,high,Philadelphia,Bars,2,1,1
wmqsehbFirZPlAluJUakeQ,r1XrdSiWFp-CeZJ4ik7zoQ,4.0,2013-02-03 21:24:57,evening,6,1,0,long,high,Wayne,Caterers,2,0,1
vBFtIlBirAvgbTrxE6w30A,BWITd9JUXP3gSi1z3Y-z8g,5.0,2013-02-03 22:52:16,evening,6,1,0,long,high,Philadelphia,Italian,2,1,1
WT36RE4WkUIaEbLDjkPB3g,aOJdNN7IsxR7xy9H_bJuLQ,4.0,2013-02-04 03:00:01,night,0,0,1,medium,high,Doylestown,Food,2,0,1
xC-q_yh0XwcjRLimkS3RNg,wqj6JquckEOs1h7rs376kQ,4.0,2013-02-04 07:58:38,morning,0,0,1,long,high,Edmonton,Restaurants,2,0,0
-KduD3wwydWDq2GrODh2tw,v5kwdvmg-J8g-ll0nkc3Sw,4.0,2013-02-04 15:09:30,afternoon,0,0,1,long,high,Indianapolis,Restaurants,2,1,1
eZ8PQPFuR8yfwQOU9IANGw,gqMRM12j5mder76t3bPxJw,4.0,2013-02-04 15:51:33,afternoon,0,0,1,medium,high,Nashville,Chicken Wings,2,1,0
_ljIoh025OGAvWz_Kvq6EQ,Yh_KhyVD6ZBwsIQQ1wSUpw,4.0,2013-02-04 16:43:52,afternoon,0,0,1,long,high,Tampa,Vietnamese,1,0,0
_3nzCdwExy2AneQ8itz4Yg,D5V0Fawd6ODVgqCY8xngsw,5.0,2013-02-04 16:44:20,afternoon,0,0,1,medium,high,Philadelphia,Event Planning & Services,3,1,0
24n-CeWJiJMTV1cYvNmezQ,QWqKTWQ2OiDgo3dzNkpung,5.0,2013-02-05 01:39:04,night,1,0,1,long,high,Philadelphia,Korean,2,0,0
590n3_2wj7xIPBzw8ogXTg,5ODCsQbRdsFIWlypGF3iUw,3.0,2013-02-05 03:46:54,night,1,0,1,long,high,Wilmington,Food,2,1,1
Yft76ogF5YzCQ4mn6vSQ6Q,8-j10_I745ITrczbkfD-Pw,3.0,2013-02-05 15:40:41,afternoon,1,0,1,long,high,King Of Prussia,Indian,2,0,0
yEEyM-T0hLQCqiTPfbyeTQ,9gObo5ltOMo6UgsaXaHPWA,3.0,2013-02-05 17:00:53,afternoon,1,0,0,long,high,Philadelphia,American (New),3,1,0
r3QexFIhBXBT99canAgVEg,JX4tUpd09YFchLBuI43lGw,4.0,2013-02-05 17:01:52,afternoon,1,0,1,long,high,Edmonton,Arts & Entertainment,2,0,0
Hxx8FmhpxiugIrGRh8RDOg,mY02hIpeZSVCaWObvvyECA,5.0,2013-02-05 21:18:48,evening,1,0,1,long,high,Saint Louis,Restaurants,2,1,1
Uv5v7r1eN4XFsKZ2jwn1sg,Y2NFeGtConx1qciSPKcRlA,4.0,2013-02-06 00:33:51,night,2,0,1,long,high,New Orleans,Restaurants,2,1,1
dIRTUvNn9HSG7SlCB1CdKw,At6iwGTy6bDxc7PUEOTvQw,3.0,2013-02-06 01:07:45,night,2,0,0,medium,high,Willow Grove,Burgers,1,0,0
oxJJ0N82GFZeBCxBi6vH1A,swKXtO22QjVIZTBU8UP7Pg,2.0,2013-02-06 02:15:43,night,2,0,1,long,high,Ardmore,Restaurants,1,0,0
x-LrGPXN7WFX15Qk9B6_YQ,uIZwBkvWicqyWraXvYOipw,5.0,2013-02-06 15:06:39,afternoon,2,0,1,long,high,Philadelphia,Restaurants,3,1,0
5Si-3Rt03p8r7fGYd-1EVw,htO_nlxkEsYHzDrtbiUxew,5.0,2013-02-06 19:07:26,evening,2,0,1,long,high,Philadelphia,Restaurants,1,0,0
mXreKvVJ-t6t8_MVZjKXGQ,7mpYTDb24SywNMRn3yeakQ,4.0,2013-02-07 15:43:14,afternoon,3,0,0,long,low,Philadelphia,Event Planning & Services,2,1,1
eTvp_hYnsrI5-ow_sQ31_g,FlWCsBiNoI4XTwZD8f_q0Q,3.0,2013-02-07 18:37:39,afternoon,3,0,1,long,high,Saint Louis,Parent Cafes,2,1,1
VFRIv3-_Og34wZyy-LigQQ,oBhJuukGRqPVvYBfTkhuZA,1.0,2013-02-07 21:47:05,evening,3,0,1,long,high,Philadelphia,American (New),2,1,1
VUllFn1I5j056JyVqsQXBQ,wa_bwyY57etHjtJ2Fw0E3g,3.0,2013-02-08 17:42:42,afternoon,4,0,1,long,high,Tucson,Vegetarian,2,1,1
6yMeRe_UQMfN1ukGRYhQsA,Wr2k0Vz8RbcumYulp-jIrA,4.0,2013-02-09 05:51:49,night,5,1,1,long,high,Cherry Hill,Restaurants,2,0,0
NuDamcRGX6GhFB4EHCAEsA,wa_bwyY57etHjtJ2Fw0E3g,2.0,2013-02-09 11:31:00,morning,5,1,0,long,high,Tucson,Vegetarian,2,1,1
ojxS1v-8nUvEEx4DlsPQrA,-ATiAtTikuGuqvaW2O6tNA,3.0,2013-02-10 19:35:31,evening,6,1,1,long,high,Philadelphia,Sandwiches,2,1,1
_BcWyKQL16ndpBdggh2kNA,odu3pNmc_aqySj5Yh7lFQw,4.0,2013-02-10 21:11:47,evening,6,1,1,short,high,Glen Mills,Grocery,2,0,0
Kc7HEHQUSO9NiEpb6C5fyg,1Pxg1AMf0rEn9QF__ZYoWw,4.0,2013-02-11 19:49:16,evening,0,0,1,long,high,Nashville,Japanese,2,1,0
zrESudirjip-s8wxxAB0xw,uIZwBkvWicqyWraXvYOipw,5.0,2013-02-13 20:37:46,evening,2,0,1,long,high,Philadelphia,Restaurants,3,1,0
R-c5M0iJkMxxTxIqTQQZ8w,pPFv6CTFK5i8FNj8f3_pVg,4.0,2013-02-22 01:14:36,night,4,0,0,medium,high,Edmonton,Restaurants,2,1,0
aHl-3UItyhhS9P40Nr9EaA,rViAhfKLKmwbhTKROM9m0w,4.0,2013-02-22 02:45:07,night,4,0,1,long,high,Tucson,Arts & Entertainment,2,1,1
CPqnqt_zEURlYBHlUE0VfQ,VRnJgj0IvxoksHppE78X2Q,3.0,2013-02-22 14:19:10,afternoon,4,0,0,medium,high,Philadelphia,Dim Sum,2,1,0
AW2cimP0kAlKiNs4iEwa7A,Dv6RfXLYe1atjgz3Xf4GGw,4.0,2013-02-22 14:31:58,afternoon,4,0,1,medium,high,Philadelphia,Burgers,2,0,1
AW2cimP0kAlKiNs4iEwa7A,ngvE1G9IckUO-ljZBFo23w,5.0,2013-02-22 14:34:09,afternoon,4,0,1,medium,high,Philadelphia,Indian,1,0,0
AW2cimP0kAlKiNs4iEwa7A,OHzX-ZD9qyoeoxR8Z0dlIA,5.0,2013-02-22 14:54:36,afternoon,4,0,1,medium,high,Philadelphia,Restaurants,2,1,1
AW2cimP0kAlKiNs4iEwa7A,AY1SyySRyTnBwBdf7qfGxQ,5.0,2013-02-22 18:44:07,afternoon,4,0,1,medium,high,Philadelphia,Grocery,2,0,0
AW2cimP0kAlKiNs4iEwa7A,AbtYqoBGuvlWmR1gU0c3XA,5.0,2013-02-22 19:50:26,evening,4,0,1,medium,high,Philadelphia,Food,2,1,0
AW2cimP0kAlKiNs4iEwa7A,JUlsvVAvZvGHWFfkKm0nlg,4.0,2013-02-22 19:53:18,evening,4,0,1,medium,high,Philadelphia,Mexican,2,1,1
iy48sXsYF2wdO7u98rS3ww,Dv6RfXLYe1atjgz3Xf4GGw,4.0,2013-02-22 20:09:43,evening,4,0,1,medium,high,Philadelphia,Burgers,2,0,1
JyzLjUFEIW3epNlHI6Oa6Q,dIpTuL2T1L98GQGU17IeSw,3.0,2013-02-22 21:24:17,evening,4,0,1,long,high,Tampa,Bars,2,1,1
MEgTog8Eot2kupiPE_1pmA,dISs1oH_xeNAOOEcmJiGZQ,4.0,2013-02-23 03:20:50,night,5,1,1,long,high,Boothwyn,Food,2,0,0
qs9_yIgen2NUxQCS-LiR_Q,j99PtxlKTW_u5alE4jiqHQ,3.0,2013-02-23 12:33:24,morning,5,1,0,medium,high,Philadelphia,Restaurants,2,1,0
eTvp_hYnsrI5-ow_sQ31_g,HjQO6KoOsdNk-rHpYwYfNQ,5.0,2013-02-23 14:51:12,afternoon,5,1,1,long,high,Frontenac,Food,3,1,0
GdGGZo98_xRwbrZiYRP1ew,0wQCEcpZ57TmTm6EmEDsIw,4.0,2013-02-23 14:58:27,afternoon,5,1,1,long,high,St Charles,Food,2,1,1
MR39Vmbfr3StG-Atok3tHA,hn3Rg2JrhQoDJBEhrpuwWg,2.0,2013-02-23 16:32:01,afternoon,5,1,1,long,high,Franklin,Food,2,1,1
U4INQZOPSUaj8hMjLlZ3KA,mUIBtlWNPD7sz3rGGWQ1RA,4.0,2013-02-23 16:58:43,afternoon,5,1,1,long,high,Philadelphia,Mediterranean,2,0,1
AmM4Lfk15XfqRGCINWgkOQ,bdth7r1brx9yRU7sYwF9jQ,3.0,2013-02-23 18:54:59,afternoon,5,1,1,long,high,Ballwin,Japanese,2,1,0
pUNvLJwdJIOemOgU98mp1w,GJRL2aR72jk7xnQh3hn1fA,3.0,2013-02-23 23:43:35,evening,5,1,1,long,high,Plymouth Meeting,Event Planning & Services,2,1,0
sMPqByfefvg_ITlz9t5dPA,Dv6RfXLYe1atjgz3Xf4GGw,4.0,2013-02-23 23:58:14,evening,5,1,0,long,high,Philadelphia,Burgers,2,0,1
GG0mFsEXb-02_dzFPqRV1Q,Wr2k0Vz8RbcumYulp-jIrA,3.0,2013-02-24 04:17:28,night,6,1,1,long,high,Cherry Hill,Restaurants,2,0,0
B3s7gBz3NMFOaNvrzWzLIA,digvt_7fV-AZFwt2Fp9Z-Q,1.0,2013-02-24 05:19:37,night,6,1,1,long,high,Saint Louis,Bakeries,2,0,0
sMPqByfefvg_ITlz9t5dPA,sdWuLh-auc0nC2Jy6_26AQ,1.0,2013-02-24 06:26:41,night,6,1,0,long,high,Philadelphia,Bars,2,1,0
cHVfkm_h_vKt-ZIWMYQcrg,OyHbS1sJ4CguExlWa-XWDg,1.0,2013-02-24 13:10:38,afternoon,6,1,0,medium,high,Metairie,American (Traditional),2,1,0
DxT-eDD9vvUoTgGATvLzDQ,DeVlppoc8dPBhOCPrm4wmg,4.0,2013-02-24 14:14:38,afternoon,6,1,1,long,low,Indianapolis,American (Traditional),3,1,1
GrCKTYu9qPiUlowByh3VAA,6kAXOzE7fqaBZINQV_-_mg,4.0,2013-02-24 14:38:44,afternoon,6,1,1,medium,high,Nashville,Vietnamese,1,1,0
a_jH1ewLLYzEfPnKjE66DQ,mbMh8Wa2A5qdl64EqJKy0Q,4.0,2013-02-24 18:55:13,afternoon,6,1,1,medium,high,Greenwood,Specialty Food,2,0,0
p8bEshUexT_a-EAG8KlxPw,jZy7m53Eud2cGOAPSum4fg,4.0,2013-02-24 19:26:21,evening,6,1,1,long,high,Springfield,Restaurants,1,0,0
Y-HpR79F_ZqRtGMjZnhwVg,9LZWyTM6KCr6JvfWEgGeQw,5.0,2013-02-24 19:33:37,evening,6,1,1,long,high,Indianapolis,Ice Cream & Frozen Yogurt,1,0,1
U4INQZOPSUaj8hMjLlZ3KA,wUnLSg_GKfEIQ5CQQ770_g,5.0,2013-02-24 21:20:11,evening,6,1,1,long,high,Philadelphia,Italian,4,1,1
eAWnP9ZeVo8kp808y-0LXA,qVVz1sRZVNH2xt865M64Dg,4.0,2013-02-25 01:09:46,night,0,0,1,long,high,Nashville,Food,1,0,0
GcdYgbaF75vj7RO6EZhPOQ,fNssGWMjae-SUzyyGblspQ,4.0,2013-02-25 01:44:01,night,0,0,1,medium,high,Haddonfield,Caterers,2,0,1
8CcBu5xno_eFPAzxA1psDA,g8ZqVCalVp-PsOqyS4dXGw,2.0,2013-02-25 02:49:20,night,0,0,0,medium,high,Media,Restaurants,2,0,0
8CcBu5xno_eFPAzxA1psDA,EtKSTHV5Qx_Q7Aur9o4kQQ,5.0,2013-02-25 03:01:56,night,0,0,0,medium,high,Philadelphia,Bars,2,1,1
8CcBu5xno_eFPAzxA1psDA,Dv6RfXLYe1atjgz3Xf4GGw,4.0,2013-02-25 03:07:06,night,0,0,0,medium,high,Philadelphia,Burgers,2,0,1
nWepkfrazqoTWkPDdgI1bw,A2q7d-CBM2-81tVkmS4JMw,3.0,2013-02-25 05:48:43,night,0,0,1,medium,high,Reno,American (New),2,1,0
GrCKTYu9qPiUlowByh3VAA,TfcpJBiFNnDaochnmp4M2Q,4.0,2013-02-25 13:02:29,afternoon,0,0,1,medium,high,Nashville,Cafes,2,1,0
3hANLGwpP5tXgHOes2XheA,AmnnsJq4Pz1jJUFzHwtsOA,5.0,2013-02-25 14:23:52,afternoon,0,0,1,medium,high,Indianapolis,Fast Food,1,1,1
1HM81n6n4iPIFU5d2Lokhw,bMpKXcKFetJQsa42UR25cQ,2.0,2013-02-25 14:26:07,afternoon,0,0,1,medium,high,New Orleans,Bars,2,1,1
g8vw7MyGXExlIdHCw397Mw,V6Om7YZhlRQRU7WfuxHq8Q,5.0,2013-02-25 14:59:49,afternoon,0,0,1,long,high,Philadelphia,Restaurants,1,0,0
Yft76ogF5YzCQ4mn6vSQ6Q,Wr2k0Vz8RbcumYulp-jIrA,5.0,2013-02-25 15:42:46,afternoon,0,0,1,long,high,Cherry Hill,Restaurants,2,0,0
fYB4nPD2Y0uXXpVo20ZrNg,REns5fQe45Nk_D2UwQyr0w,2.0,2013-02-25 16:17:06,afternoon,0,0,1,long,high,Philadelphia,Restaurants,2,1,1
toQe9adQWV7iC7KM_eugsA,JUlsvVAvZvGHWFfkKm0nlg,4.0,2013-02-25 17:02:18,afternoon,0,0,1,long,high,Philadelphia,Mexican,2,1,1
OitrGq9nJqd0PeqSf3AcLw,REns5fQe45Nk_D2UwQyr0w,4.0,2013-02-25 23:14:50,evening,0,0,1,long,high,Philadelphia,Restaurants,2,1,1
2qfEiGZrOYwm2HX9ai4SNA,yq6QpxblbjGnqmEeeukfYg,5.0,2013-02-26 05:02:46,night,1,0,1,medium,high,Bellmawr,Restaurants,2,1,0
eTvp_hYnsrI5-ow_sQ31_g,Tq5jFk_BMSJG8-flqj5Bgw,5.0,2013-02-26 13:51:29,afternoon,1,0,1,long,high,University City,Salad,2,1,1
AHRrG3T1gJpHvtpZ-K0G_g,MnxMt3CErrx4dXll4ADqLg,3.0,2013-02-26 18:35:16,afternoon,1,0,1,long,high,Indianapolis,Bakeries,2,1,0
ehgLycOK6qKj-CT9B36_oQ,CA5BOxKRDPGJgdUQ8OUOpw,3.0,2013-02-27 03:31:12,night,2,0,1,long,high,Tucson,Grocery,2,1,1
Wjia69bHEb7xeWMlxWNPGA,rW_9aLoDvGnkEaqJTdhiBA,4.0,2013-02-27 15:36:28,afternoon,2,0,1,long,high,Tampa,Delis,2,1,1
TvHOE-QIlKiJ2arWedh1JQ,1feuZITxuTrl9mr7V11kwQ,5.0,2013-02-27 16:41:56,afternoon,2,0,0,long,high,Tucson,Coffee & Tea,1,0,1
AW2cimP0kAlKiNs4iEwa7A,xdZRBVs-bAJGn_IEFZAObA,3.0,2013-02-27 16:46:19,afternoon,2,0,1,medium,high,Kennett Square,Chinese,2,1,0
JRXbWVcU-uugX2DATU3nRA,M0r9lUn2gLFYgIwIfG8-bQ,5.0,2013-02-27 16:49:33,afternoon,2,0,1,long,high,Saint Louis,Ice Cream & Frozen Yogurt,2,1,0
WY7B-CBeLbjjDBr73l4k-A,htO_nlxkEsYHzDrtbiUxew,5.0,2013-02-28 00:32:46,night,3,0,0,medium,high,Philadelphia,Restaurants,1,0,0
GrCKTYu9qPiUlowByh3VAA,dNR-b-CsrFGYhMo9zLMrCw,4.0,2013-02-28 01:15:13,night,3,0,1,short,high,Brentwood,Japanese,2,0,0
ojxS1v-8nUvEEx4DlsPQrA,MTSW4McQd7CbVtyjqoe9mw,4.0,2013-02-28 03:55:52,night,3,0,1,long,high,Philadelphia,Restaurants,1,0,0
7qBgGzyf0FbHKC0jiI1J8A,QWqKTWQ2OiDgo3dzNkpung,5.0,2013-02-28 04:16:23,night,3,0,1,medium,high,Philadelphia,Korean,2,0,0
ie9VaHvAaQgjMJP3Gn-AQQ,Oun4NN-u5yiHIxDqtJnxgA,5.0,2013-02-28 13:00:56,afternoon,3,0,1,long,high,Philadelphia,Restaurants,1,0,0
7qBgGzyf0FbHKC0jiI1J8A,7yPzOek7Af2dKWGYKpcHWA,4.0,2013-02-28 13:11:40,afternoon,3,0,1,medium,high,Philadelphia,Restaurants,2,0,0
zYFGMy1_thjMnvQLX6JNBw,ujWCzhA9YS2fXzXPW9Lc9Q,4.0,2013-02-28 14:40:20,afternoon,3,0,1,long,high,Indianapolis,Food,1,0,0
nAe5USXtIe-o7Y-7J0tHlQ,OHzX-ZD9qyoeoxR8Z0dlIA,3.0,2013-02-28 18:41:28,afternoon,3,0,0,medium,high,Philadelphia,Restaurants,2,1,1
kDeyHdQGVGdqYM11Q6lMTA,osOONoA8wMF5ZpLWUS7VOw,2.0,2013-02-28 20:35:12,evening,3,0,1,long,high,Indianapolis,Breakfast & Brunch,1,0,1
MEgTog8Eot2kupiPE_1pmA,OEzYP44ER97a1hi4LgR6bA,2.0,2013-02-28 23:17:18,evening,3,0,1,long,high,Springfield,Event Planning & Services,1,0,0
CozGguiwx7JEVk7cAwdvpA,N5QQdPac1cXwOHr-ePr90g,4.0,2013-03-01 00:24:58,night,4,0,1,medium,high,Reno,Food,1,1,1
Tzql1xnrk8BLS3-h7-eYTQ,gABEjWGwhojrub_tXqE2uw,4.0,2013-03-01 02:44:34,night,4,0,1,medium,high,Chesterfield,American (New),1,0,0
IlRPJq1xQYVveMP-429-uw,emTNYy-Ct6pitGa0vIV03A,4.0,2013-03-01 02:51:54,night,4,0,1,medium,high,Saint Petersburg,Food,2,0,0
IlRPJq1xQYVveMP-429-uw,2KIDQyTh-HzLxOUEDqtDBg,4.0,2013-03-01 03:17:10,night,4,0,1,long,high,Saint Petersburg,Specialty Food,2,1,0
IlRPJq1xQYVveMP-429-uw,P_x9fEz8efemqOIV46S0tg,3.0,2013-03-01 03:21:10,night,4,0,1,long,high,St Petersburg,Bars,2,1,1
2qfEiGZrOYwm2HX9ai4SNA,3m72qrDirMZDOhaG3FR6HQ,5.0,2013-03-01 06:45:47,night,4,0,1,medium,high,Voorhees Township,Restaurants,1,0,1
CaVEy7kpASLwNBGymLwhgw,2tg6sMQr9rrXVXmgrqBYmg,4.0,2013-03-01 10:04:03,morning,4,0,1,long,high,Saint Petersburg,Pubs,2,1,0
NGGd_11d2RXR8wTurenLgg,jsQQu9rVerR3OGxIa0hRQQ,4.0,2013-03-01 15:03:26,afternoon,4,0,1,short,high,Bryn Mawr,Bars,2,1,0
U7JinPjZhXocl8FL_5cJ0A,tYCok-NtWvg8_k7woeB83w,4.0,2013-03-01 16:47:44,afternoon,4,0,0,medium,high,Cherry Hill,Desserts,2,1,1
4qWYQFByYk7GXaoKKX8EHQ,waPnDEqaTJ7wigQQaUcSqg,3.0,2013-03-01 18:25:05,afternoon,4,0,1,long,high,Edmonton,Chinese,2,0,0
4qWYQFByYk7GXaoKKX8EHQ,F5suXzCkLLgHw99dhzXn8g,4.0,2013-03-01 18:48:44,afternoon,4,0,1,long,high,Edmonton,Hot Dogs,2,1,1
tGgfOwNHg_sVZZ-DAv7_aA,E1gf1YIWOo1BgzMUwJtEZg,3.0,2013-03-01 18:57:37,afternoon,4,0,1,long,high,Philadelphia,Pizza,1,1,1
rTKK_-3W3gIQEohj0QSFWA,M0r9lUn2gLFYgIwIfG8-bQ,5.0,2013-03-01 18:59:06,afternoon,4,0,1,long,high,Saint Louis,Ice Cream & Frozen Yogurt,2,1,0
7R4-EP60yoJsD0cFsVb9rA,idf-eiurCrbsLRcH7c9zmw,4.0,2013-03-02 04:36:39,night,5,1,0,medium,high,Indianapolis,American (New),3,1,1
eTvp_hYnsrI5-ow_sQ31_g,7apWV3_bxbRcC2MemII9dQ,4.0,2013-03-02 16:23:17,afternoon,5,1,1,long,high,Saint Louis,Mediterranean,2,1,1
yNEuxv_oq2w2bVkMy7Gz6A,5FuQbcHTF_I7PWJzhCMObw,3.0,2013-03-02 19:04:40,evening,5,1,0,short,high,Philadelphia,Cheesesteaks,1,0,0
GrCKTYu9qPiUlowByh3VAA,skN2XhKXlcjf53uIwzAedw,3.0,2013-03-03 01:13:08,night,6,1,1,medium,high,Franklin,Burgers,2,1,1
adi9O9g6X9ksr0wxFG9Yrw,GUMVStVaJfWmCIpQA4TtHg,4.0,2013-03-03 15:53:01,afternoon,6,1,1,long,high,Philadelphia,Restaurants,2,0,0
t9Qrz3zLtOnlmEeKfDCtFA,rW_9aLoDvGnkEaqJTdhiBA,5.0,2013-03-03 16:54:55,afternoon,6,1,1,long,high,Tampa,Delis,2,1,1
W7iLDP6GY4joKZ1zSCOEfA,waasmmVpX8RlV55nEBUElA,5.0,2013-03-03 17:58:52,afternoon,6,1,1,long,high,Edmonton,Kitchen & Bath,2,0,0
PV0U0arT_AUfjVBtrKfPSA,7yPzOek7Af2dKWGYKpcHWA,3.0,2013-03-04 02:03:14,night,0,0,1,long,high,Philadelphia,Restaurants,2,0,0
SaFs8ThfmEgdQm16iXoNqQ,4DVN5Uun3i-nmTIIOBhHog,5.0,2013-03-04 03:54:57,night,0,0,1,long,high,Tampa,Caterers,2,0,1
GG0mFsEXb-02_dzFPqRV1Q,Hr2uEAG9O2q0nDwEs4cExg,3.0,2013-03-04 12:49:42,morning,0,0,1,long,high,Cherry Hill,Restaurants,2,1,0
CSCKshBCf6-MBGUCFpEGAQ,AY1SyySRyTnBwBdf7qfGxQ,5.0,2013-03-04 17:26:55,afternoon,0,0,1,long,high,Philadelphia,Grocery,2,0,0
MB24FupUiQDWXzKO76rgCA,sdWuLh-auc0nC2Jy6_26AQ,4.0,2013-03-04 17:45:30,afternoon,0,0,1,long,high,Philadelphia,Bars,2,1,0
HuoP7ejN-LSwkO1UIgmtaw,gABEjWGwhojrub_tXqE2uw,3.0,2013-03-04 19:06:34,evening,0,0,1,long,high,Chesterfield,American (New),1,0,0
k_muz40jJaiY1PVga6NDXA,-ATiAtTikuGuqvaW2O6tNA,4.0,2013-03-04 19:47:19,evening,0,0,1,medium,high,Philadelphia,Sandwiches,2,1,1
WY7B-CBeLbjjDBr73l4k-A,htO_nlxkEsYHzDrtbiUxew,3.0,2013-03-04 22:19:04,evening,0,0,0,medium,high,Philadelphia,Restaurants,1,0,0
HxyLRaoH9PS09M6R3rV-EQ,14ZGwnDyydXdSBsLXpSUrA,3.0,2013-03-04 23:41:51,evening,0,0,1,long,high,Philadelphia,Vietnamese,2,1,1
lvrLf7yb4QD9JIKdIXaFTQ,MpkCQTOV6D3XGRPbtQPj5Q,5.0,2013-03-06 20:10:11,evening,2,0,1,medium,high,Avon,Vietnamese,1,0,0
sh3V6hnNMLVV9YwFA9QNaw,P0yKtQ4cFjNTY1X2CIdzBw,5.0,2013-03-10 18:36:32,afternoon,6,1,1,long,high,Tampa,Hotels & Travel,4,1,1
EMMKdK1cGrLSo08wgSYHJQ,sB45WFgysT617bKWP_WJwA,5.0,2013-03-14 03:14:35,night,3,0,1,long,high,Saint Louis,Bars,1,0,0
ILicYV0XNcbfiWEgWlIZ8g,WFRro-8uIBpKoJ1VSKrpdw,5.0,2013-03-18 18:49:25,afternoon,0,0,1,medium,high,Philadelphia,Ice Cream & Frozen Yogurt,1,0,0
UV6kQ5MqadMq9SaVv35fqg,JhrvtLpCEQcYrZLbb6CZGw,3.0,2013-03-18 20:15:50,evening,0,0,1,long,high,Nashville,Sandwiches,1,1,1
6YhsP22QqgDgA8PnLigQkw,7J81xJFlMM244_f05k2egw,1.0,2013-03-18 22:32:56,evening,0,0,0,medium,low,Philadelphia,Dive Bars,1,1,0
GdGGZo98_xRwbrZiYRP1ew,k3CjpU8COgn--pueiZm3XA,4.0,2013-03-18 22:39:31,evening,0,0,1,long,high,Saint Louis,Mexican,1,1,0
8F40CcWfYuIh_vaP0Ca4cw,HTqXI5S2XcSlh_ylx9sE6g,4.0,2013-03-18 22:58:10,evening,0,0,0,short,high,Philadelphia,Food,2,0,0
PLjbQwb1jpuzJwTv9nSI1g,dBCNUSbz5-8nQNrxWo5deg,4.0,2013-03-19 00:23:05,night,1,0,1,medium,high,Southampton,Restaurants,2,1,0
v1pKH5c7C5pEyrlVjIbr-w,radib3GHt_Up9-zhUjM1ew,3.0,2013-03-19 00:58:39,night,1,0,1,long,high,Clearwater,Fast Food,2,1,1
v1pKH5c7C5pEyrlVjIbr-w,mLNSOU8Ki0Fm09xd6ZKkcA,3.0,2013-03-19 01:06:59,night,1,0,1,long,high,Tampa,Music Venues,3,1,1
6wN6SzUY9KmantGkRPnP9A,A2TDvUnOgCRKeyWN8V2WGg,3.0,2013-03-19 02:03:57,night,1,0,1,medium,high,Largo,Nightlife,2,1,1
U7aysStyFtCUVdFRTpMQ3A,fr2qDm_mY1afIGMvqsKUCg,3.0,2013-03-19 04:05:10,night,1,0,0,medium,high,Philadelphia,American (Traditional),1,0,0
2iS1vg5TYpV_iEiNC8osTg,v8mZvt446HYQDGMCckBubQ,4.0,2013-03-19 12:43:21,morning,1,0,1,long,high,Indianapolis,Event Planning & Services,2,0,0
z-30NhddTouV8pz42IEx1g,Vv5Fxre786NpKFR_3OduKw,4.0,2013-03-19 15:25:19,afternoon,1,0,1,long,high,Saint Louis,Mexican,2,1,0
Iq01HVPaGAJYJXUaCq3Dyw,TFnGJlA5l_HDdzGDkNTdTA,4.0,2013-03-19 17:31:59,afternoon,1,0,1,long,high,Philadelphia,American (New),2,1,0
njJjEOLRTo03Fwp4jg_Jpg,5RzJ2bjU8bLSaN5SuiUpYA,4.0,2013-03-19 19:29:28,evening,1,0,1,long,high,Indianapolis,Event Planning & Services,2,1,1
Ase_kJIYuT6yOsqqVPuWUA,RCy4M2ND4YK0uRbodV_v8g,3.0,2013-03-20 11:48:05,morning,2,0,1,long,high,New Orleans,Coffee & Tea,2,0,1
2mguZPvbCa4lwT_ULfTmHQ,GV-e7Op4aU98xkjjoKlRhA,4.0,2013-03-20 15:54:06,afternoon,2,0,1,long,high,Saint Louis,Basque,2,1,1
JnXCk0zxxUuMrwDF4RA5eg,Ucl9Vo5lwrUmYbV8Dv8X5g,4.0,2013-03-20 15:54:31,afternoon,2,0,1,medium,high,Tampa,Bars,2,1,1
NDkwKnvjhBbjCh1cNlBoAw,t1qF12NdW8KvCqxqbvy-Hg,4.0,2013-03-20 16:30:39,afternoon,2,0,0,medium,high,New Orleans,Breakfast & Brunch,1,1,1
5bJpDx4c7x9fYzdltOhfbw,7mpYTDb24SywNMRn3yeakQ,5.0,2013-03-20 17:22:21,afternoon,2,0,0,long,high,Philadelphia,Event Planning & Services,2,1,1
amIUTkKQlA4464-lJlwlaQ,xbRbvXSAVZBEwaUUn3mzbg,2.0,2013-03-20 22:20:45,evening,2,0,1,medium,high,Tampa,Salad,2,1,1
amIUTkKQlA4464-lJlwlaQ,2kuhZOrWcLYe_XePccr4lA,5.0,2013-03-20 22:23:05,evening,2,0,1,long,high,Tampa,Restaurants,2,1,1
amIUTkKQlA4464-lJlwlaQ,2KIDQyTh-HzLxOUEDqtDBg,5.0,2013-03-20 22:37:39,evening,2,0,1,long,high,Saint Petersburg,Specialty Food,2,1,0
amIUTkKQlA4464-lJlwlaQ,oRZzKWdyMQld6N_y4UWkAg,2.0,2013-03-20 22:47:13,evening,2,0,1,medium,high,Tampa,Latin American,2,1,0
amIUTkKQlA4464-lJlwlaQ,4DVN5Uun3i-nmTIIOBhHog,4.0,2013-03-20 23:49:45,evening,2,0,1,medium,high,Tampa,Caterers,2,0,1
LkXNQQaIc5yrKu9Ap87RrA,_TANOcxwIOmQhk1mnXaj7w,2.0,2013-03-21 03:28:00,night,3,0,1,long,high,Reno,Hot Dogs,1,1,0
0Hl2BwAIz3Gi3Jhlx7AYZA,wJmyu7W1K9A_gE8Ed4Bc9w,3.0,2013-03-21 04:43:00,night,3,0,1,long,high,Tucson,Bars,2,1,0
mVA4IeYyVKPUWRrN5oplMA,dUctvEfHQccW_uxtRup2QQ,4.0,2013-03-21 04:44:28,night,3,0,1,long,high,Saint Petersburg,Steakhouses,2,1,0
0sAUF_yzU7nlac8Hg-FUvg,mMPvgBgqON8pia_4AgGTUw,5.0,2013-03-21 08:38:48,morning,3,0,1,medium,high,Tampa,Sushi Bars,2,1,0
JyzLjUFEIW3epNlHI6Oa6Q,wHiPhPVuGnngEieDBMG00g,3.0,2013-03-21 08:38:59,morning,3,0,1,long,high,Brandon,Bars,2,1,1
i4gFMzrV-FlUElIipCV56w,osOONoA8wMF5ZpLWUS7VOw,4.0,2013-03-21 15:23:23,afternoon,3,0,1,long,high,Indianapolis,Breakfast & Brunch,1,0,1
cHVfkm_h_vKt-ZIWMYQcrg,5l67axuAa5EmEV3lLuSa1Q,4.0,2013-03-21 16:02:02,afternoon,3,0,0,short,high,New Orleans,Burgers,1,0,1
UdsVxQQoYsvyh8YwbsWpZQ,j8JOZvfeHEfUWq3gEz6ABQ,3.0,2013-03-21 18:17:19,afternoon,3,0,1,long,high,New Orleans,Jazz & Blues,2,1,1
Mh5HtmJeW7LglS7q8C8YYA,nRKndeZLQ3eDL10UMwS2rQ,5.0,2013-03-21 18:42:07,afternoon,3,0,1,long,high,Saint Louis,Ice Cream & Frozen Yogurt,1,0,0
TES0PPhg-9jaFj9v28M0cw,UUOOjXAyk7dBpwTtKCnwyg,5.0,2013-03-21 18:57:26,afternoon,3,0,1,long,high,Saint Petersburg,Restaurants,1,1,1
tGgfOwNHg_sVZZ-DAv7_aA,M0r9lUn2gLFYgIwIfG8-bQ,5.0,2013-03-21 19:01:29,evening,3,0,1,long,high,Saint Louis,Ice Cream & Frozen Yogurt,2,1,0
TES0PPhg-9jaFj9v28M0cw,0hCrds3sgFAYzsZolg3jcg,5.0,2013-03-21 19:07:17,evening,3,0,1,long,high,Tampa,Head Shops,2,1,0
tGgfOwNHg_sVZZ-DAv7_aA,jQBPO3rYkNwIaOdQS5ktgQ,5.0,2013-03-21 19:41:20,evening,3,0,1,long,high,Saint Louis,Ice Cream & Frozen Yogurt,2,1,0
yPdPATvZ95l366Pp8nVzLQ,VRnJgj0IvxoksHppE78X2Q,3.0,2013-03-21 22:01:50,evening,3,0,1,medium,high,Philadelphia,Dim Sum,2,1,0
_kcHxYPXRYjU4hk2xtCO0w,k3sED9tpGEOtzhGxvcxTrw,5.0,2013-03-21 22:44:35,evening,3,0,1,long,high,Metairie,Restaurants,1,1,0
kd7R1mX2soYNrIbK7h5SVA,s8KNTkHGjMnzx5zcnWBbwQ,3.0,2013-03-22 00:00:14,night,4,0,1,long,high,Edmonton,Italian,2,1,1
kd7R1mX2soYNrIbK7h5SVA,ypp08ewHqQ-zmdTnG8qOAw,2.0,2013-03-22 00:21:39,night,4,0,1,long,high,Edmonton,Restaurants,2,1,0
1A0zd56jS9AFuXFPS5JmUg,L05ILI6HOWCXo3vsih4pLQ,5.0,2013-03-22 02:14:52,night,4,0,1,long,high,Conshohocken,Food,1,0,1
5bJpDx4c7x9fYzdltOhfbw,Nd_3fSvYDCjM8YJdBx4Y9w,4.0,2013-03-22 02:30:56,night,4,0,0,long,high,Wayne,Restaurants,1,0,1
FlXBpK_YZxLo27jcMdII1w,JUlsvVAvZvGHWFfkKm0nlg,4.0,2013-03-22 03:33:29,night,4,0,1,long,high,Philadelphia,Mexican,2,1,1
2FXonxXq5e_6pu07x4hWwA,SIoCIxjn4jLt2O-4DajWJw,4.0,2013-03-22 12:33:17,morning,4,0,0,medium,high,Philadelphia,Nightlife,2,1,1
NDkwKnvjhBbjCh1cNlBoAw,JvawJ9bSr22xn4R9oLvl_w,3.0,2013-03-22 21:40:56,evening,4,0,0,medium,high,New Orleans,Southern,2,1,0
zYFGMy1_thjMnvQLX6JNBw,ujWCzhA9YS2fXzXPW9Lc9Q,4.0,2013-03-22 23:56:06,evening,4,0,1,long,high,Indianapolis,Food,1,0,0
zYFGMy1_thjMnvQLX6JNBw,viVz0HzP-_CbU07HUCquZQ,1.0,2013-03-23 03:01:17,night,5,1,1,medium,high,Indianapolis,Vietnamese,1,0,0
G3h8pIclwUbuu3itJqF7ug,P9VrCQBcyoDmMV5xtlOBsQ,4.0,2013-03-23 04:37:57,night,5,1,1,long,high,Edmonton,Food,2,1,0
c88Hk7eXBNJrGOB_4his8w,0zH0l4Jbf-oove3cLvrFOg,4.0,2013-03-23 13:29:00,afternoon,5,1,1,medium,high,Newtown,American (New),2,0,1
_qRphMRxUzp_Vjk7ZIjWBA,ltBBYdNzkeKdCNPDAsxwAA,3.0,2013-03-23 15:11:43,afternoon,5,1,1,long,high,Nashville,Cocktail Bars,2,1,0
wmqsehbFirZPlAluJUakeQ,C_EtrXTygRX5RTUOKtO6Dg,2.0,2013-03-23 18:11:46,afternoon,5,1,0,long,high,Philadelphia,Nightlife,2,1,1
W83aZrDrYKwycCHB_eOYYg,ZCURd9PiH4qdEjQfrIZzFg,4.0,2013-03-23 18:21:43,afternoon,5,1,1,long,high,Santa Barbara,American (New),3,0,0
ow1YVonkr8G-8kFUKo-bJg,avcOkMsnFse9D-DpIimYkA,3.0,2013-03-23 18:43:39,afternoon,5,1,1,long,high,Tucson,Asian Fusion,2,0,0
8F40CcWfYuIh_vaP0Ca4cw,I3xJD0fXyiokQtb_6sn0fQ,4.0,2013-03-23 18:47:26,afternoon,5,1,0,long,high,Wayne,Food,1,0,0
ow1YVonkr8G-8kFUKo-bJg,f82dhKNiUXsDVPMLqKYiIQ,4.0,2013-03-23 18:54:48,afternoon,5,1,1,long,high,Tucson,Restaurants,2,1,0
UjzOSjzFFgoCLegI98G7hQ,4fQPIhCh2bUJBZcxQlLGFQ,3.0,2013-03-23 19:00:40,evening,5,1,1,medium,high,Carmel,Buffets,1,0,0
0Hl2BwAIz3Gi3Jhlx7AYZA,WbA5ud4InNWkizW7HE5kRQ,3.0,2013-03-23 19:38:38,evening,5,1,1,long,high,Tucson,Mexican,2,1,1
m8Ih1xhlGDcw9O59dj4jVA,w520vYWEpEYBf90rSr9NVA,5.0,2013-03-23 19:48:46,evening,5,1,1,long,high,Nashville,Thai,2,0,1
m8Ih1xhlGDcw9O59dj4jVA,rG0UTjvbmVVsh9-kGzeliQ,5.0,2013-03-23 20:13:48,evening,5,1,1,long,high,Nashville,Food,1,0,1
W7iLDP6GY4joKZ1zSCOEfA,151ujtgcbkGzAHUnctSg4w,3.0,2013-03-23 20:54:26,evening,5,1,1,medium,high,Edmonton,Event Planning & Services,2,1,1
l7zmF8szWBC-A07oIDRdKw,j8JOZvfeHEfUWq3gEz6ABQ,5.0,2013-03-23 23:45:26,evening,5,1,1,long,high,New Orleans,Jazz & Blues,2,1,1
l7zmF8szWBC-A07oIDRdKw,AEgaEEWNGuXWBHUkf_fN3A,4.0,2013-03-23 23:53:48,evening,5,1,1,medium,high,Philadelphia,Food,2,0,0
FRDeSt5dcTv4bEKuaAVgkg,5TVWytR2oNbSKYgfxypuBw,4.0,2013-03-24 01:26:00,night,6,1,0,long,high,Saint Louis,Cafes,2,0,1
-G7Zkl1wIWBBmD0KRy_sCw,0JPi9cyV9i3_kDPj049_qQ,2.0,2013-03-24 02:45:09,night,6,1,1,long,high,Warminster,Mexican,1,0,0
FlXBpK_YZxLo27jcMdII1w,sdWuLh-auc0nC2Jy6_26AQ,4.0,2013-03-24 04:00:27,night,6,1,1,long,high,Philadelphia,Bars,2,1,0
0E-IU4qDXps1MHQhNZx6vA,kSQNBSWTLlo-SwR6IcpvHA,3.0,2013-03-24 04:43:42,night,6,1,1,long,high,Indianapolis,Restaurants,2,1,0
amIUTkKQlA4464-lJlwlaQ,rW_9aLoDvGnkEaqJTdhiBA,5.0,2013-03-24 14:07:37,afternoon,6,1,1,long,high,Tampa,Delis,2,1,1
CHYvZ-r1_bSMfBCswelaBw,hn3Rg2JrhQoDJBEhrpuwWg,4.0,2013-03-24 14:52:34,afternoon,6,1,1,medium,high,Franklin,Food,2,1,1
JEIiE2fyLeZwnmCxLB1IGw,9V0LMtO1riRw9-pUuG4NFg,5.0,2013-03-24 16:44:35,afternoon,6,1,1,long,high,Indianapolis,Latin American,2,1,1
veU-4bglmxVg0PtkZRBETg,5TVWytR2oNbSKYgfxypuBw,4.0,2013-03-24 18:20:23,afternoon,6,1,1,long,high,Saint Louis,Cafes,2,0,1
daBNJmXVo5LwmL5zTqf6Mw,EjzWyITI75CKSKb6RGCG_Q,1.0,2013-03-24 18:46:27,afternoon,6,1,0,medium,high,Tampa,Barbeque,2,0,0
i71NCgfIOahuW58s8cd_KA,diwwt5QBU3-Thig9SVlsOA,4.0,2013-03-24 19:10:40,evening,6,1,1,short,high,Reno,Bars,2,1,0
wmqsehbFirZPlAluJUakeQ,9KdfNHyH4LLxHZaNG_GimQ,3.0,2013-03-24 20:38:52,evening,6,1,0,medium,high,Conshohocken,American (Traditional),3,1,1
W83aZrDrYKwycCHB_eOYYg,ZCURd9PiH4qdEjQfrIZzFg,5.0,2013-03-24 21:35:23,evening,6,1,1,long,high,Santa Barbara,American (New),3,0,0
Kc7HEHQUSO9NiEpb6C5fyg,_cndcbuaqSRW5f-MeZasNw,3.0,2013-03-25 00:01:37,night,0,0,1,medium,high,Nashville,Steakhouses,2,1,0
nAe5USXtIe-o7Y-7J0tHlQ,piUZEndStsWNnRUwOPk8jA,3.0,2013-03-25 00:51:24,night,0,0,0,medium,high,Philadelphia,Chinese,2,1,0
IsEqTj43_J253muXem2S0g,Z5po0aTuzKKblek5y6Sp8Q,5.0,2013-03-25 01:03:31,night,0,0,0,medium,high,Philadelphia,Food,2,0,0
JSzIwMqdSI74_ztnbWzsEA,Ucl9Vo5lwrUmYbV8Dv8X5g,3.0,2013-03-25 01:08:57,night,0,0,1,medium,high,Tampa,Bars,2,1,1
Z5uqR7U-s-YnSW67ak1XLw,6LCZLGa09Qifn6rG7-DNrg,4.0,2013-03-25 14:39:49,afternoon,0,0,0,medium,high,Philadelphia,Thai,2,0,0
cIVmIJD7nIiEcVGamfBoVw,ThZyytdc_kj2uBYFiSao-A,4.0,2013-03-25 14:44:29,afternoon,0,0,1,long,high,New Castle,Food,2,1,0
W7iLDP6GY4joKZ1zSCOEfA,WKMJwqnfZKsAae75RMP6jA,5.0,2013-03-25 19:38:48,evening,0,0,1,long,high,Edmonton,Coffee & Tea,2,1,0
VUllFn1I5j056JyVqsQXBQ,gsuUeNvj9iuZPapuZR45tg,5.0,2013-03-25 22:01:11,evening,0,0,1,long,high,Tucson,Food,2,0,0
zF10BKjK4Lz9U_8Yqw28ww,ltBBYdNzkeKdCNPDAsxwAA,4.0,2013-03-26 00:11:53,night,1,0,1,long,high,Nashville,Cocktail Bars,2,1,0
EP8o8JnQSI0WEkeodwA8lA,mygIk3l_ShNNB-QbWlrRyg,2.0,2013-03-26 14:07:53,afternoon,1,0,1,long,high,Belle Chasse,Restaurants,2,1,0
nyVMucNs6I8N-COK18Ml8w,6kAXOzE7fqaBZINQV_-_mg,4.0,2013-03-26 16:31:22,afternoon,1,0,0,short,high,Nashville,Vietnamese,1,1,0
_enDRyfXOWyOJVrDdLzgIw,DRr5xdfHtqgWfhmdTU1B8Q,4.0,2013-03-26 20:37:05,evening,1,0,1,long,high,Philadelphia,Breakfast & Brunch,2,1,1
nAe5USXtIe-o7Y-7J0tHlQ,78kUZU8GPfHgoYO_2CNbuQ,5.0,2013-03-26 20:47:20,evening,1,0,0,medium,high,Philadelphia,Ice Cream & Frozen Yogurt,1,0,0
3JUC7dFE8sKBrDrbTtSkaA,vOgQnvKbE4nMopFTjoL8Gg,4.0,2013-03-26 21:46:08,evening,1,0,1,medium,high,Nashville,Lounges,3,1,1
ZH3PVSJ9OFcps-MXsJu09w,z680Aylt8wN2KAeFM1hy-A,2.0,2013-03-27 02:10:25,night,2,0,1,long,high,Indianapolis,Bars,2,1,1
lN_sKVrvdQA_N58IhpSEyQ,-OIUunijjcq_ZzyyQhPPFQ,3.0,2013-03-27 16:47:37,afternoon,2,0,1,long,high,Philadelphia,Restaurants,2,0,0
r3QexFIhBXBT99canAgVEg,7kko-9WTh53VZ_PmrffrSQ,4.0,2013-03-27 23:48:20,evening,2,0,1,medium,high,Edmonton,Breakfast & Brunch,2,1,1
ITa3vh5ERI90G_WP4SmGUQ,9XkgYvXhYibe85V6mNE_TQ,4.0,2013-03-28 13:33:38,afternoon,3,0,1,long,high,Nashville,American (Traditional),2,1,1
7ktyPHE-NGnWxarOqjIQiQ,yDHINEt7By47My7x4Mb8oA,3.0,2013-03-28 14:41:26,afternoon,3,0,1,long,high,West Conshohocken,Salad,2,1,1
jQF9CqbIfpQit9B0MAG4Wg,Q-prSTdggNlxAEFV88BZOw,4.0,2013-03-28 15:05:05,afternoon,3,0,1,long,high,Philadelphia,Beer,2,1,1
DxT-eDD9vvUoTgGATvLzDQ,C-L3Idjx0RvopgmnkbOpmA,2.0,2013-03-28 15:30:30,afternoon,3,0,1,long,low,Indianapolis,American (Traditional),2,0,1
5G2IF0VIN3Brl-m45QDXsA,Zi-F-YvyVOK0k5QD7lrLOg,5.0,2013-03-28 20:16:02,evening,3,0,1,long,high,New Orleans,Cajun/Creole,3,1,0
NMVURT96-Dbtq0q0ocO7ZQ,TfcpJBiFNnDaochnmp4M2Q,5.0,2013-03-28 20:29:55,evening,3,0,1,long,high,Nashville,Cafes,2,1,0
7Na1pUcEv3oF_QTRwZ-2iw,-kY_HDP7IMvGl-kBIZVU4A,5.0,2013-03-29 00:23:51,night,4,0,1,medium,high,Santa Barbara,Coffee & Tea,2,0,0
ZOmHHLEYTXxxs3nWJhKoaA,qAFVEkIEo7KLLdM4z7h-JA,3.0,2013-03-29 13:11:37,afternoon,4,0,1,long,high,Saint Louis,Arts & Entertainment,2,0,0
IyIsFkVY48JWa01inv-7zA,hnJ_Bt2-Io_Mdf9p1KlprQ,3.0,2013-03-29 14:27:05,afternoon,4,0,1,medium,high,Clearwater,Restaurants,2,1,0
0G-QF457q_0Z_jKqh6xWiA,Tt4byMYA7FvAkQ3MigcJWQ,4.0,2013-03-29 21:57:53,evening,4,0,1,long,high,New Orleans,Restaurants,2,1,1
_WS_X27Yw8DX3QzaT4f-rg,MMRRS6YhVRx_iN5-JhMRYg,4.0,2013-03-30 15:55:47,afternoon,5,1,0,medium,high,Philadelphia,Restaurants,2,1,0
XzpJ4uHkxARCFQiZ9bffyg,WM3q-7scdPUei6fu4SJFYw,4.0,2013-03-30 20:15:15,evening,5,1,0,long,high,Springfield,Restaurants,1,1,0
rTKK_-3W3gIQEohj0QSFWA,MaYb7qMN6BomP1zQGj3Wjg,5.0,2013-03-31 18:30:26,afternoon,6,1,1,long,high,Saint Louis,Nightlife,2,1,1
-THLGnsYKu3yQAsy_tt1fw,5RzJ2bjU8bLSaN5SuiUpYA,5.0,2013-04-01 23:12:02,evening,0,0,1,long,high,Indianapolis,Event Planning & Services,2,1,1
x6erNzhuM_c7xW6PlqClIQ,htO_nlxkEsYHzDrtbiUxew,4.0,2013-04-01 23:18:42,evening,0,0,1,long,high,Philadelphia,Restaurants,1,0,0
CfX4sTIFFNaRchNswqhVfg,-WgD54ji0_MgHWgf9WBXrQ,5.0,2013-04-02 01:58:10,night,1,0,1,short,high,New Orleans,Middle Eastern,1,0,0
vr-Rw3nMKIgGrVNT6A7p9g,Fc_8eLlcq5yy4DzrEeqEaQ,4.0,2013-04-05 14:29:52,afternoon,4,0,1,medium,high,Philadelphia,Seafood,2,1,0
IyIsFkVY48JWa01inv-7zA,UakVMT3xrpbFB2pHdxPjnw,4.0,2013-04-10 17:41:19,afternoon,2,0,1,medium,high,Dunedin,Bars,2,1,1
cHVfkm_h_vKt-ZIWMYQcrg,Tt4byMYA7FvAkQ3MigcJWQ,5.0,2013-04-10 22:44:31,evening,2,0,0,long,high,New Orleans,Restaurants,2,1,1
ivW0Vad81qJ8SIgqJ8p1Mw,_owHO6DTYU-XVP8jAcgZFw,4.0,2013-04-11 01:00:43,night,3,0,1,long,high,Nashville,Pizza,2,1,1
-THLGnsYKu3yQAsy_tt1fw,7clCBgNbd-x2Wj96lZ6Mjw,5.0,2013-04-11 01:37:17,night,3,0,1,long,high,Indianapolis,Food,2,1,0
zYFGMy1_thjMnvQLX6JNBw,5RzJ2bjU8bLSaN5SuiUpYA,5.0,2013-04-11 04:08:04,night,3,0,1,long,high,Indianapolis,Event Planning & Services,2,1,1
OitrGq9nJqd0PeqSf3AcLw,uIZwBkvWicqyWraXvYOipw,4.0,2013-04-11 04:28:11,night,3,0,1,long,high,Philadelphia,Restaurants,3,1,0
mXreKvVJ-t6t8_MVZjKXGQ,pzhvHwe_3-4JYTC-wXDJpA,3.0,2013-04-11 13:43:27,afternoon,3,0,0,long,low,Philadelphia,Food Trucks,1,0,0
kCBMksMPqNPw2dfWH_deXQ,5RzJ2bjU8bLSaN5SuiUpYA,4.0,2013-04-11 14:34:59,afternoon,3,0,1,long,high,Indianapolis,Event Planning & Services,2,1,1
fs5bpfk-2pvq2v8S1De5pQ,OHzX-ZD9qyoeoxR8Z0dlIA,2.0,2013-04-11 14:38:10,afternoon,3,0,0,medium,high,Philadelphia,Restaurants,2,1,1
wfi0T-xq_P5sKQvwQitlYg,3Yogz58lIto-kceF2y-THg,5.0,2013-04-11 14:53:20,afternoon,3,0,1,long,high,Edmonton,Chinese,2,0,0
r3QexFIhBXBT99canAgVEg,b-4xNydyGmdv2bGFOHTgdw,4.0,2013-04-11 16:30:09,afternoon,3,0,1,long,high,Edmonton,Bakeries,2,0,0
LfW6kFWMDV0NC6Dl1Xy9Mg,hAmuto6UndVroyd_DaD-TA,5.0,2013-04-11 17:26:54,afternoon,3,0,1,long,high,Tampa,Specialty Food,2,1,0
mXreKvVJ-t6t8_MVZjKXGQ,XBdaG2kQ2Iz9VNGPZokjYg,2.0,2013-04-11 18:17:27,afternoon,3,0,0,long,low,Philadelphia,Italian,2,1,0
ASLIke5kbn7Z95wT_otaUQ,lGbI4ub1FaTRh51GqmbXeA,5.0,2013-04-11 18:52:22,afternoon,3,0,1,medium,high,Reno,Nightlife,2,1,1
Z-ee4V5_ZFsI2ltccSpqyw,VeqkfRUzZAKlQer3npXPdQ,5.0,2013-04-12 00:05:31,night,4,0,1,long,high,Ballwin,Restaurants,2,0,1
fxeRdFmgY6tbTyidpcdFLw,Rfm8upoRKXQACvtjk2S6KQ,3.0,2013-04-12 05:18:27,night,4,0,1,medium,high,Fairview Heights,American (Traditional),2,1,1
Bok4NoUX0nRQP-OePPivdA,C_EtrXTygRX5RTUOKtO6Dg,3.0,2013-04-12 14:55:06,afternoon,4,0,1,medium,high,Philadelphia,Nightlife,2,1,1
3JQ8RjMGiT8m5hsBq99Zfw,oLc7k78_YcDMnMCdbC-h1A,2.0,2013-04-12 19:19:52,evening,4,0,0,long,high,New Orleans,American (Traditional),2,1,1
Od2Ev0b92eKrciDJIRVNpQ,4_W5pstoN1166TGjjPOrMg,3.0,2013-04-13 13:41:25,afternoon,5,1,1,long,high,Philadelphia,American (Traditional),2,1,1
U7JinPjZhXocl8FL_5cJ0A,v9D3inGP2LaibM0VMufaXg,2.0,2013-04-13 15:45:48,afternoon,5,1,0,medium,high,Narberth,Thai,2,0,1
8MKygqfspKqG2-X9ycR-Ow,r1h5fdJxzHrpi_eO8c6xmA,4.0,2013-04-13 16:17:30,afternoon,5,1,1,medium,high,Bryn Mawr,Desserts,2,0,0
tat7n8XnUBvZYFeB0FSzvg,9ouyziwYpSvJzlLFpukSgA,4.0,2013-04-13 16:48:15,afternoon,5,1,1,medium,high,Pinellas Park,Mexican,1,1,1
b2oS5BgjMigy0_5oV4R-4g,Bb5YSi_C9p4Sp6eD4ZCSVQ,5.0,2013-04-14 00:23:37,night,6,1,1,medium,high,Tucson,Restaurants,2,1,0
miwSBbmZQXOkNo7XPMiEXA,oJ4ik-4PZe6gexxW-tSmsw,3.0,2013-04-14 01:12:07,night,6,1,0,medium,high,Indianapolis,Nightlife,2,1,1
miwSBbmZQXOkNo7XPMiEXA,HSyOKS1cbfNWFoRCARNfcw,4.0,2013-04-14 01:19:57,night,6,1,0,medium,high,Indianapolis,Restaurants,2,0,0
5T9WlOw6Wns5LJmCs4W4Iw,P_x9fEz8efemqOIV46S0tg,4.0,2013-04-14 03:33:45,night,6,1,0,short,high,St Petersburg,Bars,2,1,1
miwSBbmZQXOkNo7XPMiEXA,eHQ0utxOdNVHVfDD7fYvdg,5.0,2013-04-14 11:51:34,morning,6,1,0,medium,high,Mooresville,Restaurants,2,0,0
QSNzozwTwY9UU3QNvf-3jA,QcuTCSfnI6WqKpuDL_a0OA,5.0,2013-04-14 11:59:04,morning,6,1,1,long,high,St. Petersburg,Food,2,0,0
miwSBbmZQXOkNo7XPMiEXA,i7syG2Gyr_qVPR1GwehzuA,1.0,2013-04-14 12:10:30,morning,6,1,0,medium,high,Indianapolis,Restaurants,3,1,0
CV4BMLxPSuC5V92JUfQlsw,aEEC4D-RylmiUyephE5t_g,5.0,2013-04-14 15:14:43,afternoon,6,1,1,long,high,Nashville,Food,2,0,1
PR7XS6OA-6ylu8sLGObUsQ,bSWL0YxfawjS03_g2kgujA,3.0,2013-04-14 17:01:15,afternoon,6,1,0,short,high,Philadelphia,Sandwiches,1,1,1
N_mlUKdFuFN6Z6LiDWfTdw,qhsJbgxVNDb0973r3Gjrow,5.0,2013-04-14 17:34:50,afternoon,6,1,1,long,high,Webster Groves,Nightlife,2,1,1
9TuUABNmDhBqdDael0zy8w,jOOOrH5n2ijnsZKxzPSAiw,4.0,2013-04-14 19:54:29,evening,6,1,1,long,high,Nashville,Caterers,1,0,1
zXDTY5YUxMTzuUYHNabmQQ,bRhnVTfuxDchyFguyDzuDQ,2.0,2013-04-14 20:22:23,evening,6,1,1,long,high,Glenside,Restaurants,2,0,0
uAu772KpSkb-tPFgZmU-lA,kz8OeP88ZYjDBWb0LePJ3A,4.0,2013-04-14 23:49:25,evening,6,1,1,long,high,Philadelphia,Ice Cream & Frozen Yogurt,1,0,0
zYFGMy1_thjMnvQLX6JNBw,-Lz1eG1xyHk634wVzBD83g,2.0,2013-04-15 05:07:34,night,0,0,1,long,high,Plainfield,Ice Cream & Frozen Yogurt,1,0,0
3JUC7dFE8sKBrDrbTtSkaA,idf-eiurCrbsLRcH7c9zmw,4.0,2013-04-15 12:38:55,morning,0,0,1,long,high,Indianapolis,American (New),3,1,1
tGgfOwNHg_sVZZ-DAv7_aA,pHBwvBG3iZdOfpLNZTkVWQ,4.0,2013-04-15 17:31:20,afternoon,0,0,1,long,high,Philadelphia,Italian,1,1,0
eVWgnIaMMelbcIzydSqWMA,dfKF-oAUf3yjnD0WBYDyZQ,5.0,2013-04-15 18:26:19,afternoon,0,0,1,long,high,Philadelphia,Food,1,1,0
XjLvFaNKzzprEDRR-3kxsQ,uIZwBkvWicqyWraXvYOipw,4.0,2013-04-15 18:37:21,afternoon,0,0,0,long,high,Philadelphia,Restaurants,3,1,0
1EJYgQ-ja_UbTWR_FDj4_A,a_ts6C7QntisENtyitJRBw,3.0,2013-04-15 21:31:04,evening,0,0,1,medium,high,Tampa,Ice Cream & Frozen Yogurt,1,0,1
REFGsoLynoBWxdTEJeXYfw,i6kNeNRrER8ocnpkBJ3wBA,3.0,2013-04-15 23:38:16,evening,0,0,1,medium,high,Drexel Hill,Restaurants,2,0,0
ZD-jYEYc9ql5D4szAxmvNA,qhsJbgxVNDb0973r3Gjrow,3.0,2013-04-16 01:09:27,night,1,0,0,medium,high,Webster Groves,Nightlife,2,1,1
ivW0Vad81qJ8SIgqJ8p1Mw,_owHO6DTYU-XVP8jAcgZFw,5.0,2013-04-16 01:29:59,night,1,0,1,long,high,Nashville,Pizza,2,1,1
Mh5HtmJeW7LglS7q8C8YYA,j3E_vGw47XpiEgTr-KiJUg,5.0,2013-04-16 01:57:08,night,1,0,1,long,high,Saint Louis,Bakeries,1,0,0
lN_sKVrvdQA_N58IhpSEyQ,FHNIvNgh3fS7VZQq2Y3dsA,3.0,2013-04-16 02:30:38,night,1,0,1,long,high,Philadelphia,Asian Fusion,2,1,0
RycuS3TlPJKYCN6jaqgc7w,jxfAi7UDmtbhyPw7ZsfKVw,5.0,2013-04-16 02:34:52,night,1,0,0,medium,high,Media,Desserts,2,0,1
t1NmJ-g09NijXqycgF-evA,Edg22x3CZkIv0GUib2oEFA,5.0,2013-04-16 06:12:22,night,1,0,1,long,high,New Orleans,Pizza,2,1,1
2iS1vg5TYpV_iEiNC8osTg,4s4KAGJgtpZn9cgtdWcOmw,3.0,2013-04-16 14:08:33,afternoon,1,0,1,medium,high,Indianapolis,Food,1,0,0
_kcHxYPXRYjU4hk2xtCO0w,q39t6-a47CLf1RTyqu9CYg,3.0,2013-04-16 14:39:28,afternoon,1,0,1,medium,high,New Orleans,Japanese,2,1,1
eWu1xPt52B-yMZmIyBIUsw,F0AAzMdhv2RyjwHVned5bQ,4.0,2013-04-16 14:43:35,afternoon,1,0,1,long,high,Florissant,American (Traditional),2,1,1
nAe5USXtIe-o7Y-7J0tHlQ,gJvHJcDBnrcIKDGo9_-v5Q,2.0,2013-04-16 17:45:35,afternoon,1,0,0,long,high,Bala Cynwyd,Italian,3,1,0
tGgfOwNHg_sVZZ-DAv7_aA,mCo2uVTTGYrEhRrkQW-CMw,4.0,2013-04-16 17:58:11,afternoon,1,0,1,long,high,Philadelphia,Taiwanese,2,0,0
mXreKvVJ-t6t8_MVZjKXGQ,iU9nasCnUaf1MlI6UIzV9w,5.0,2013-04-16 18:02:25,afternoon,1,0,0,long,low,West Chester,Food,1,0,0
0oWnBfUjAv7ZmTWaW8Ufdg,GNnDvJwtA9C1XFf-yv4KVA,4.0,2013-04-16 18:51:49,afternoon,1,0,1,medium,high,Philadelphia,Mexican,1,0,0
0oWnBfUjAv7ZmTWaW8Ufdg,u9XTeDl_If4U5Eixl6ys7g,4.0,2013-04-16 19:12:33,evening,1,0,1,long,high,Philadelphia,Nightlife,2,1,0
IuPyJ85XxRMCSFibsWlcKQ,ltBBYdNzkeKdCNPDAsxwAA,1.0,2013-04-17 13:50:57,afternoon,2,0,1,long,high,Nashville,Cocktail Bars,2,1,0
_kcHxYPXRYjU4hk2xtCO0w,2kOGFDJ9v4T9AzuKWhwl2g,5.0,2013-04-17 18:37:13,afternoon,2,0,1,medium,high,Metairie,Food,1,1,1
_kcHxYPXRYjU4hk2xtCO0w,j8JOZvfeHEfUWq3gEz6ABQ,5.0,2013-04-17 22:34:31,evening,2,0,1,long,high,New Orleans,Jazz & Blues,2,1,1
WJVedIAJN0FRxDn6M1tLkA,lRbHFOIFuusN2WOR_ypQ_A,2.0,2013-04-18 00:36:00,night,3,0,1,long,high,Philadelphia,Restaurants,2,0,0
WJVedIAJN0FRxDn6M1tLkA,htO_nlxkEsYHzDrtbiUxew,5.0,2013-04-18 00:57:11,night,3,0,1,medium,high,Philadelphia,Restaurants,1,0,0
3JQ8RjMGiT8m5hsBq99Zfw,D73evJ9PZKxO3E5TaThe3w,1.0,2013-04-18 15:38:25,afternoon,3,0,0,long,high,New Orleans,Tex-Mex,2,1,1
YEiJOtOBBRKEpRuvZNA9Cg,cXAKeC-EgVChIxhS7fscmw,3.0,2013-04-18 16:22:23,afternoon,3,0,1,long,high,Tucson,Restaurants,2,1,1
mVA4IeYyVKPUWRrN5oplMA,SKph9ovzvVSNzNFICgKb1Q,3.0,2013-04-18 19:37:20,evening,3,0,1,long,high,Clearwater,Restaurants,2,1,1
tQ6HM9ldSsYbuPugPUr-gw,7yPzOek7Af2dKWGYKpcHWA,4.0,2013-04-18 20:50:11,evening,3,0,0,short,high,Philadelphia,Restaurants,2,0,0
tQ6HM9ldSsYbuPugPUr-gw,DJJtybSWY0BygESsSrabqg,5.0,2013-04-18 21:14:37,evening,3,0,0,short,high,Philadelphia,Breakfast & Brunch,1,0,0
aIFbo8WaP6SCuOFnj_v9kA,htO_nlxkEsYHzDrtbiUxew,3.0,2013-04-19 13:38:38,afternoon,4,0,0,medium,high,Philadelphia,Restaurants,1,0,0
JyzLjUFEIW3epNlHI6Oa6Q,mMPvgBgqON8pia_4AgGTUw,3.0,2013-04-19 20:14:09,evening,4,0,1,long,high,Tampa,Sushi Bars,2,1,0
-B-QEUESGWHPE_889WJaeg,uO39--k_hrCFgZh-Bl8m8A,4.0,2013-04-21 05:31:56,night,6,1,1,long,high,Santa Barbara,Mexican,2,0,1
HQG3no8C5U31z-k1MaYCqQ,cljHYek6vHtqUgUsnJBqmA,3.0,2013-04-22 00:03:47,night,0,0,1,long,high,Saint Louis,French,2,1,1
GcdYgbaF75vj7RO6EZhPOQ,Tl24lMv2aCuLs4u45NquJQ,4.0,2013-04-22 02:15:11,night,0,0,1,long,high,Cherry Hill,Italian,2,0,1
x6erNzhuM_c7xW6PlqClIQ,MMRRS6YhVRx_iN5-JhMRYg,4.0,2013-04-22 11:59:30,morning,0,0,1,long,high,Philadelphia,Restaurants,2,1,0
1n6UMW2kUxtLhwTuwHTckA,eWzMF5AFIAiyixTWor9uOw,2.0,2013-04-22 13:42:34,afternoon,0,0,0,medium,high,Nashville,Event Planning & Services,2,1,0
5Si-3Rt03p8r7fGYd-1EVw,VD4Rdyj0tauBckrTYgIcpQ,4.0,2013-04-22 17:05:16,afternoon,0,0,1,long,high,Philadelphia,Restaurants,2,0,0
_ljIoh025OGAvWz_Kvq6EQ,lZEYIL95hZsZS0vgaoR2aQ,5.0,2013-04-22 22:58:51,evening,0,0,1,long,high,Tampa,Sandwiches,2,1,1
1A0zd56jS9AFuXFPS5JmUg,DK7buvGqeO9p3L7F7JiaGg,5.0,2013-04-23 03:25:48,night,1,0,1,long,high,Norristown,Restaurants,2,1,0
x6erNzhuM_c7xW6PlqClIQ,WFRro-8uIBpKoJ1VSKrpdw,3.0,2013-04-23 11:27:20,morning,1,0,1,long,high,Philadelphia,Ice Cream & Frozen Yogurt,1,0,0
x6erNzhuM_c7xW6PlqClIQ,A0F-h3xJm_6gHDKcDQwSrQ,4.0,2013-04-23 11:31:26,morning,1,0,1,long,high,Philadelphia,Pizza,2,1,1
miwSBbmZQXOkNo7XPMiEXA,e1jylvnhcMVr1ER8PO4dpA,4.0,2013-04-23 15:11:32,afternoon,1,0,0,medium,high,Indianapolis,Barbeque,2,0,1
tGgfOwNHg_sVZZ-DAv7_aA,_PQzeo8P2sGczzFEifrK-Q,5.0,2013-04-23 20:03:13,evening,1,0,1,long,high,Philadelphia,Food,2,0,0
x-LrGPXN7WFX15Qk9B6_YQ,cXSyVvOr9YRN9diDkaWs0Q,5.0,2013-04-24 17:43:07,afternoon,2,0,1,long,high,Philadelphia,Southern,2,1,1
yR6Y6PIGwzBy2qFoL6O3BA,WtvENhqvWpjQtfe0OvUwSg,3.0,2013-04-24 19:15:42,evening,2,0,1,medium,high,Indianapolis,Restaurants,1,0,1
o0emAbW2Z9MnyGxBUzH2ZA,pafrjSu3h0v0N8GR3ghNtQ,4.0,2013-05-07 01:50:07,night,1,0,1,medium,high,Indianapolis,Cajun/Creole,1,0,1
ZcNLb0XgmVOPcYvElhz3WA,rTC9QU8Vz516Tkqdwq6KSA,3.0,2013-05-07 04:23:49,night,1,0,1,long,high,Hermitage,Chinese,2,0,0
JRXbWVcU-uugX2DATU3nRA,EpREWeEpmR8f1qLHzzF0AA,5.0,2013-05-07 13:35:54,afternoon,1,0,1,long,high,Saint Louis,Local Flavor,2,1,1
JRXbWVcU-uugX2DATU3nRA,uqXYVxIwoEsFFjEHBlMZQA,4.0,2013-05-07 13:58:27,afternoon,1,0,1,long,high,Saint Louis,Desserts,2,1,1
Kc7HEHQUSO9NiEpb6C5fyg,HcEOK1WiOpHvhZtp7PkRmg,4.0,2013-05-07 14:07:17,afternoon,1,0,1,medium,high,Nashville,Restaurants,2,1,1
k_muz40jJaiY1PVga6NDXA,_RwlMTw9uFeOkfX9Ctf1HA,4.0,2013-05-07 14:53:09,afternoon,1,0,1,long,high,Philadelphia,American (Traditional),3,1,1
_wRTBeEpjXvH6oSl2dMhLA,1UNorskttXSWuEcgzKzXcA,3.0,2013-05-07 15:22:41,afternoon,1,0,1,medium,high,Philadelphia,Lounges,3,1,1
lYQk0R6sPfo3WeX-l_5BuA,qhsJbgxVNDb0973r3Gjrow,3.0,2013-05-07 15:36:25,afternoon,1,0,1,long,high,Webster Groves,Nightlife,2,1,1
amIUTkKQlA4464-lJlwlaQ,oRZzKWdyMQld6N_y4UWkAg,4.0,2013-05-07 16:54:19,afternoon,1,0,1,long,high,Tampa,Latin American,2,1,0
IlbqI2QmRgT-QnjAnv7Y_g,-OIUunijjcq_ZzyyQhPPFQ,5.0,2013-05-07 19:15:34,evening,1,0,1,long,high,Philadelphia,Restaurants,2,0,0
qjfMBIZpQT9DDtw_BWCopQ,Yh_KhyVD6ZBwsIQQ1wSUpw,2.0,2013-05-07 21:01:43,evening,1,0,1,long,high,Tampa,Vietnamese,1,0,0
P9VcQ2CnhJlpEaWO2Yd06w,2XYPFRm7teCUr3eGsB2-qw,4.0,2013-05-07 21:26:01,evening,1,0,0,medium,high,Blue Bell,Thai,2,0,1
rTKK_-3W3gIQEohj0QSFWA,Q21nd52A3wOMlu7b28ZISQ,3.0,2013-05-08 00:49:41,night,2,0,1,long,high,Saint Louis,Chinese,1,0,0
mmSvRe11vbz3XTXw5bFJJg,tP8wd-9CrI_RkHK424oifQ,2.0,2013-05-08 13:35:21,afternoon,2,0,1,long,high,Tucson,Sandwiches,1,0,1
mXreKvVJ-t6t8_MVZjKXGQ,cXSyVvOr9YRN9diDkaWs0Q,5.0,2013-05-08 14:01:46,afternoon,2,0,0,long,low,Philadelphia,Southern,2,1,1
v98WXw1EToiuPIxtE0aekQ,Dv6RfXLYe1atjgz3Xf4GGw,5.0,2013-05-08 14:08:50,afternoon,2,0,1,medium,high,Philadelphia,Burgers,2,0,1
93-AKX28wl41s9pFsQwlsQ,jIBjZcqVOU4pOVT-sVQcfA,2.0,2013-05-08 15:02:55,afternoon,2,0,0,long,high,Indian Rocks Beach,Sushi Bars,2,1,0
prpyhhJBEsCnvFGQl6H8aw,GUMVStVaJfWmCIpQA4TtHg,5.0,2013-05-08 16:49:02,afternoon,2,0,1,long,high,Philadelphia,Restaurants,2,0,0
zBWSORvlWDmwtcx6627qWQ,wa_bwyY57etHjtJ2Fw0E3g,4.0,2013-05-08 20:52:59,evening,2,0,1,long,high,Tucson,Vegetarian,2,1,1
YYDutIcIFzQDTGGUGhHdKA,dIpTuL2T1L98GQGU17IeSw,3.0,2013-05-08 20:56:10,evening,2,0,0,medium,high,Tampa,Bars,2,1,1
Zsucq1c-sjuGxs5jZuUEEg,zaC6coZ5Gp8mLjeg7Slh6A,4.0,2013-05-08 21:02:21,evening,2,0,1,long,high,Edmonton,Coffee & Tea,2,0,1
bqHqs6JaWmZ2LpMbizMfaQ,WaRZsQEcEHwRk0T2dJ-cuA,3.0,2013-05-08 21:47:23,evening,2,0,1,long,high,New Orleans,Mexican,2,1,1
bqHqs6JaWmZ2LpMbizMfaQ,YyJ781Cb4ZUlZv35BoBhMw,5.0,2013-05-08 22:05:30,evening,2,0,1,medium,high,Harvey,Sporting Goods,2,0,0
93-AKX28wl41s9pFsQwlsQ,hAmuto6UndVroyd_DaD-TA,5.0,2013-05-09 01:18:57,night,3,0,0,long,high,Tampa,Specialty Food,2,1,0
xjLTK4saQ2Qe_6f9IxhVWg,Yp8gbMuCXIWJWoRvkOJcGA,4.0,2013-05-09 01:28:38,night,3,0,1,long,high,New Orleans,Restaurants,2,1,0
IlbqI2QmRgT-QnjAnv7Y_g,8-j10_I745ITrczbkfD-Pw,5.0,2013-05-09 01:30:41,night,3,0,1,long,high,King Of Prussia,Indian,2,0,0
RNWJx8g-TIMVn1fpNFOCvA,Dv6RfXLYe1atjgz3Xf4GGw,5.0,2013-05-09 01:45:23,night,3,0,1,long,high,Philadelphia,Burgers,2,0,1
LarOkLonzqu5pLzZimS2BA,EDjEVzmoQVHzboFqC-M6Ew,4.0,2013-05-09 02:17:50,night,3,0,0,medium,high,Nashville,Food,2,1,1
NqZJMXmwEtirJvx-qpyLmQ,IH_ZeeTh13jQURbh31d1Kw,2.0,2013-05-09 13:49:20,afternoon,3,0,1,long,high,Philadelphia,Restaurants,1,1,0
Pk-dihlvXRaVfE65ghVOLA,OHzX-ZD9qyoeoxR8Z0dlIA,4.0,2013-05-09 15:47:40,afternoon,3,0,1,long,high,Philadelphia,Restaurants,2,1,1
S9vtNMvKK3B8V6dWaiS0Mg,Yll7kUVI7j0gArBMQKpEaQ,3.0,2013-05-10 04:54:03,night,4,0,1,long,high,Franklin,Breakfast & Brunch,1,0,1
eTvp_hYnsrI5-ow_sQ31_g,vD2jzpPv4iyOLKzITscGvA,4.0,2013-05-10 06:10:28,night,4,0,1,long,high,Saint Louis,Wine Bars,3,1,1
Cvi8nZTwDVaQkqmmgQwQMw,Z5po0aTuzKKblek5y6Sp8Q,3.0,2013-05-10 13:31:05,afternoon,4,0,1,long,high,Philadelphia,Food,2,0,0
tGgfOwNHg_sVZZ-DAv7_aA,C_EtrXTygRX5RTUOKtO6Dg,2.0,2013-05-10 16:05:54,afternoon,4,0,1,long,high,Philadelphia,Nightlife,2,1,1
IlRPJq1xQYVveMP-429-uw,LkskzKzo_S8YmG1dGn4hag,5.0,2013-05-10 16:35:51,afternoon,4,0,1,long,high,Tampa,Tex-Mex,1,1,1
TvHOE-QIlKiJ2arWedh1JQ,LQcGL4hfJAeK6bk2ZdhmXw,5.0,2013-05-10 17:44:39,afternoon,4,0,0,long,high,Tucson,Fast Food,1,0,1
XRodxenm9sHoYbD15Em4nQ,BWPokhrYnWdfxdaUaM6l9Q,5.0,2013-05-10 21:40:53,evening,4,0,1,medium,high,Nashville,Venues & Event Spaces,3,1,1
AznsQ60apcdmn4klSTpwtw,ltBBYdNzkeKdCNPDAsxwAA,4.0,2013-05-11 14:43:31,afternoon,5,1,1,long,high,Nashville,Cocktail Bars,2,1,0
cbY0f25GE3WLB5YUNQUgtw,iCKF72z3fqRTF1vxdBZINQ,5.0,2013-05-11 15:14:24,afternoon,5,1,0,medium,high,Nashville,American (Traditional),2,1,1
VUllFn1I5j056JyVqsQXBQ,avcOkMsnFse9D-DpIimYkA,3.0,2013-05-11 18:51:59,afternoon,5,1,1,long,high,Tucson,Asian Fusion,2,0,0
_wRTBeEpjXvH6oSl2dMhLA,pP4q0Mym-qt20nRqTKbzhQ,3.0,2013-05-11 18:57:35,afternoon,5,1,1,long,high,Philadelphia,Steakhouses,4,1,0
ibRrf8Kv4Oo-pUsAH9wtjw,kSQNBSWTLlo-SwR6IcpvHA,5.0,2013-05-11 19:23:36,evening,5,1,1,medium,high,Indianapolis,Restaurants,2,1,0
F2btBeGFsXzD5bHbvNV_2g,AtIGlkUITdQFhAG_JWp-Og,5.0,2013-05-11 20:48:51,evening,5,1,0,short,high,Hermitage,Modern European,2,0,0
-KduD3wwydWDq2GrODh2tw,AFbqr4q5YwLW2PFOkGavpg,4.0,2013-05-11 21:05:46,evening,5,1,1,medium,high,Indianapolis,American (Traditional),1,0,1
ld0AperBXk1h6UbqmM80zw,CmaMxRtf0NJxOR5r0Pw_mQ,4.0,2013-05-11 22:11:00,evening,5,1,1,short,high,Nashville,Barbeque,1,0,1
sgK8_cpe6FTk2HD0P27K0g,od6skmfXz9twktEAuJHEmw,4.0,2013-05-11 23:12:07,evening,5,1,0,medium,high,Narberth,American (New),2,0,1
Fa2-VD8cqcn98vqciVn3Gw,ixPTo6Hum7nNZ7A4VPhTXg,3.0,2013-05-11 23:56:42,evening,5,1,1,medium,high,Tampa,Restaurants,2,1,1
zYFGMy1_thjMnvQLX6JNBw,LA-UhlHBjHWURfesRZtE1w,4.0,2013-05-12 13:01:46,afternoon,6,1,1,long,high,Plainfield,Donuts,1,0,0
vffKQc_WQMYFGY4JS5VAOw,JOvNunKJlWhwJRwLmUR9ZA,4.0,2013-05-12 19:35:02,evening,6,1,1,long,high,St Petersburg,Bars,2,1,1
iy48sXsYF2wdO7u98rS3ww,ilVGsC87BfopszGWw2qdXg,3.0,2013-05-12 20:18:37,evening,6,1,1,medium,high,Trooper,Indian,2,0,0
YEiJOtOBBRKEpRuvZNA9Cg,DgCqXgSG_WjreSgYaxZdVg,2.0,2013-05-12 23:48:19,evening,6,1,1,long,high,Tucson,Wine Tasting Room,1,0,0
mVA4IeYyVKPUWRrN5oplMA,Hpe-2Omu5-U3S2NrouHcdQ,4.0,2013-05-13 00:37:23,night,0,0,1,medium,high,Brandon,Sandwiches,2,0,0
NMLvjdY7IOdtfU0TepvUuA,Rl7W2JPAUWFo2ZZdVeGAWA,4.0,2013-05-13 12:02:48,morning,0,0,1,long,high,Lansdale,Restaurants,1,0,0
2iS1vg5TYpV_iEiNC8osTg,PHBKsp1j4SVJuS_fQtiUig,2.0,2013-05-13 16:20:33,afternoon,0,0,1,long,high,Indianapolis,Ice Cream & Frozen Yogurt,1,0,1
2iS1vg5TYpV_iEiNC8osTg,8xz4jzsKSU10CFvbHhYJXw,3.0,2013-05-13 16:41:21,afternoon,0,0,1,long,high,Indianapolis,Seafood,2,1,1
gr528N9hWldCgfKp99zWKw,u-8sFq05DQ6PYCR5HiKZ2w,4.0,2013-05-13 22:26:36,evening,0,0,1,long,high,Philadelphia,Pizza,1,0,1
Xw7ZjaGfr0WNVt6s_5KZfA,ZY2feSm2sc5nTXYHnKpMGQ,3.0,2013-05-13 23:19:58,evening,0,0,1,long,high,New Orleans,Bars,2,1,0
5Si-3Rt03p8r7fGYd-1EVw,2rQFgavS-942RapZTBSBTw,4.0,2013-05-14 00:06:18,night,1,0,1,long,high,Bryn Mawr,Italian,2,1,1
OJiZwMbp23WL-H5wnPRkrw,MN9tQez4EY2gFnRr-47Heg,2.0,2013-05-14 01:19:59,night,1,0,0,medium,high,Indianapolis,Mexican,1,0,1
WVqS85AUR20gbSFkuKH8Ig,Tt4byMYA7FvAkQ3MigcJWQ,3.0,2013-05-14 02:28:45,night,1,0,1,medium,high,New Orleans,Restaurants,2,1,1
R-c5M0iJkMxxTxIqTQQZ8w,pPFv6CTFK5i8FNj8f3_pVg,1.0,2013-05-14 08:25:05,morning,1,0,0,short,high,Edmonton,Restaurants,2,1,0
Od2Ev0b92eKrciDJIRVNpQ,qot32tHVWZpiJibLTwQGyw,5.0,2013-05-14 12:22:01,morning,1,0,1,long,high,Philadelphia,Restaurants,1,0,0
Od2Ev0b92eKrciDJIRVNpQ,HuDNHqKv9n1mWpe4BqCnwA,3.0,2013-05-14 12:30:35,morning,1,0,1,long,high,Philadelphia,Restaurants,1,0,0
o15SFerEo23dMSiY_P2xEw,lj-E32x9_FA7GmUrBGBEWg,4.0,2013-05-14 18:49:59,afternoon,1,0,1,short,high,St Louis,Bars,2,1,1
f4mbT-nxg2AJhqxB6XgnlA,mzZ_WTb2zvyJMBkm84B-WA,5.0,2013-05-14 22:46:27,evening,1,0,1,medium,high,Metairie,Donuts,2,1,0
TvHOE-QIlKiJ2arWedh1JQ,vzvm7_QXEDaMTxMOKLBNyQ,4.0,2013-05-15 00:08:22,night,2,0,0,long,high,Tucson,Vegetarian,1,1,0
GcdYgbaF75vj7RO6EZhPOQ,GCUXKnSTI-pqwJokt7lTzQ,3.0,2013-05-15 00:15:51,night,2,0,1,long,high,Blackwood,Italian,2,1,1
f4mbT-nxg2AJhqxB6XgnlA,kwQzVF5GP8DzdyBavvhIaQ,5.0,2013-05-15 01:10:05,night,2,0,1,medium,high,Kenner,Seafood Markets,2,1,0
rTKK_-3W3gIQEohj0QSFWA,sB45WFgysT617bKWP_WJwA,5.0,2013-05-15 01:19:09,night,2,0,1,long,high,Saint Louis,Bars,1,0,0
UCnM1IOnRoKLgPMQ0w1gHQ,dNR-b-CsrFGYhMo9zLMrCw,4.0,2013-05-15 02:07:28,night,2,0,1,long,high,Brentwood,Japanese,2,0,0
AHRrG3T1gJpHvtpZ-K0G_g,9V0LMtO1riRw9-pUuG4NFg,4.0,2013-05-15 03:52:43,night,2,0,1,long,high,Indianapolis,Latin American,2,1,1
ITa3vh5ERI90G_WP4SmGUQ,fsFZQ2ZbTutgUlnWPhTU6A,4.0,2013-05-15 12:44:40,morning,2,0,1,medium,high,New Orleans,Restaurants,2,0,1
_BcWyKQL16ndpBdggh2kNA,KhOotseBoEeUcerjpmws1w,3.0,2013-05-15 13:09:02,afternoon,2,0,1,long,high,Springfield,Burgers,2,0,0
riWDgbauId8TK7YFVgMNJw,K4TlU26IH19tM_VvTMnpyg,4.0,2013-05-15 15:19:04,afternoon,2,0,1,long,high,New Orleans,Cafes,1,0,0
vBFtIlBirAvgbTrxE6w30A,2rQFgavS-942RapZTBSBTw,4.0,2013-05-15 19:30:00,evening,2,0,0,long,high,Bryn Mawr,Italian,2,1,1
VEj1OuO6QrQMXFhuMZJ8cQ,REns5fQe45Nk_D2UwQyr0w,4.0,2013-05-15 20:27:16,evening,2,0,1,medium,high,Philadelphia,Restaurants,2,1,1
XzpJ4uHkxARCFQiZ9bffyg,NaA1lTPxouNLq-zFI3IOYA,2.0,2013-05-16 01:43:21,night,3,0,0,long,high,Springfield,Bars,2,1,0
CfX4sTIFFNaRchNswqhVfg,pym7c6ZFEtmoH16xN2ApBg,3.0,2013-05-16 02:01:31,night,3,0,1,long,high,New Orleans,Restaurants,2,1,1
qRb3sant7B3ua99_NYi9Ww,yuW60QyweNNcyHa_3fkrYA,5.0,2013-05-16 02:45:14,night,3,0,1,long,high,Conshohocken,Caterers,2,0,0
tat7n8XnUBvZYFeB0FSzvg,dUctvEfHQccW_uxtRup2QQ,2.0,2013-05-16 13:08:19,afternoon,3,0,1,short,high,Saint Petersburg,Steakhouses,2,1,0
cS6w05o4ZE13E5T7X0AvBg,9Pvwx_IfQgQL4ykmlGV6yA,3.0,2013-05-16 15:07:20,afternoon,3,0,1,medium,high,Plymouth Meeting,Asian Fusion,2,1,1
GdGGZo98_xRwbrZiYRP1ew,0wQCEcpZ57TmTm6EmEDsIw,3.0,2013-05-16 23:04:57,evening,3,0,1,long,high,St Charles,Food,2,1,1
D8CF2H3DYtNJlzR0IITMHQ,AjfvLdQSl2JRYuYdfeE7Qg,1.0,2013-05-17 00:20:35,night,4,0,1,long,high,Reno,Pakistani,1,1,0
HxyLRaoH9PS09M6R3rV-EQ,N1ZXhAVzOzbyCBPEXTaUUw,4.0,2013-05-17 03:56:22,night,4,0,1,medium,high,Philadelphia,Food Delivery Services,2,0,0
RNWJx8g-TIMVn1fpNFOCvA,IgNDlyLERBwFGphgcC5VDQ,5.0,2013-05-18 18:02:29,afternoon,5,1,1,long,high,Philadelphia,Sandwiches,1,0,1
hn18xnU4C5wM_rlQ06FANA,9V0LMtO1riRw9-pUuG4NFg,5.0,2013-05-19 03:27:36,night,6,1,0,long,high,Indianapolis,Latin American,2,1,1
k8y8sNAXTl6XMzg5Qr61rg,9gObo5ltOMo6UgsaXaHPWA,5.0,2013-05-19 18:19:35,afternoon,6,1,1,long,high,Philadelphia,American (New),3,1,0
WJVedIAJN0FRxDn6M1tLkA,xCXGV3wEvYd4xBGx8ZRFQA,4.0,2013-05-19 21:45:04,evening,6,1,1,long,high,Philadelphia,Restaurants,1,0,1
OmL2bjLvvRxg1brM5Pehgw,QWqKTWQ2OiDgo3dzNkpung,5.0,2013-05-20 23:05:44,evening,0,0,1,medium,high,Philadelphia,Korean,2,0,0
pe-ltR4of_hrIjaHXlKveg,EjFp57Nd4bVgb5GNn-XnuA,3.0,2013-05-28 21:25:58,evening,1,0,1,medium,high,Tampa,Chinese,1,1,1
4JJfd85Bxt9whgLjzJfzTw,UakVMT3xrpbFB2pHdxPjnw,4.0,2013-05-29 01:42:03,night,2,0,1,medium,high,Dunedin,Bars,2,1,1
u1cvQWB0lB4YsIbtSlUR7g,_aKr7POnacW_VizRKBpCiA,5.0,2013-05-29 03:12:27,night,2,0,1,medium,high,Saint Louis,Delis,1,1,0
l7zmF8szWBC-A07oIDRdKw,htO_nlxkEsYHzDrtbiUxew,4.0,2013-05-29 13:08:46,afternoon,2,0,1,long,high,Philadelphia,Restaurants,1,0,0
cHVfkm_h_vKt-ZIWMYQcrg,GBTPC53ZrG1ZBY3DT8Mbcw,4.0,2013-05-29 14:29:00,afternoon,2,0,0,long,high,New Orleans,German,2,1,0
MZ_2Nd3Xe6-51tU13cF5Cw,EpREWeEpmR8f1qLHzzF0AA,3.0,2013-05-29 16:36:54,afternoon,2,0,1,long,high,Saint Louis,Local Flavor,2,1,1
_kcHxYPXRYjU4hk2xtCO0w,2kOGFDJ9v4T9AzuKWhwl2g,5.0,2013-05-29 18:07:00,afternoon,2,0,1,medium,high,Metairie,Food,1,1,1
RRsbPGYyKJ3zqMMkzcHZaQ,MMRRS6YhVRx_iN5-JhMRYg,3.0,2013-05-29 18:13:04,afternoon,2,0,1,long,high,Philadelphia,Restaurants,2,1,0
_wsoGbLalsSaZlfxUiWuCQ,6kAXOzE7fqaBZINQV_-_mg,4.0,2013-05-29 19:57:12,evening,2,0,1,medium,high,Nashville,Vietnamese,1,1,0
Sz8Og_uKzfPnElZetadDZQ,oQ5CPRt0R3AzFvcjNOqB1w,3.0,2013-05-30 02:02:39,night,3,0,1,long,high,Nashville,Barbeque,2,1,1
LkXNQQaIc5yrKu9Ap87RrA,m1EGAIfFEN9nG2_bJqnAcQ,4.0,2013-05-30 02:55:13,night,3,0,1,long,high,Reno,Sushi Bars,2,1,0
FlXBpK_YZxLo27jcMdII1w,KTGEa8V9ec0QBYM_uk1YLQ,5.0,2013-05-30 03:54:49,night,3,0,1,long,high,Philadelphia,Food,2,0,0
4wFZgzj4DXB3Mn7Q1WLhXg,khVgwowtBDRWHp77qDFmqQ,4.0,2013-05-30 13:25:57,afternoon,3,0,1,medium,high,Boise,Food,2,0,0
Cltm3tgipVMnVbzpv7K1Vw,i5RDTd_k-D3wV-k3nkX6OQ,2.0,2013-05-30 13:45:18,afternoon,3,0,1,medium,high,Chesterfield,Delis,2,1,1
0Igx-a1wAstiBDerGxXk2A,k3sED9tpGEOtzhGxvcxTrw,3.0,2013-05-30 14:26:34,afternoon,3,0,1,medium,high,Metairie,Restaurants,1,1,0
lvrLf7yb4QD9JIKdIXaFTQ,bPPy7yNFfb-6N_bHkn1qAw,4.0,2013-05-30 16:39:06,afternoon,3,0,1,medium,high,Indianapolis,Restaurants,2,0,0
v98WXw1EToiuPIxtE0aekQ,pIYHiRUoUH_lsLmvzDoapw,4.0,2013-05-30 18:44:46,afternoon,3,0,1,long,high,Haddonfield,Food,2,0,0
r8KcPxZ-x-SjDMl7V_IWlQ,bMpKXcKFetJQsa42UR25cQ,1.0,2013-05-30 19:23:58,evening,3,0,1,long,high,New Orleans,Bars,2,1,1
tBXZIkcFCSgtbnjSDREgpw,Y0JF1UN7pfWJ-GuzuVXM0g,4.0,2013-05-30 21:11:18,evening,3,0,1,long,high,New Orleans,Restaurants,2,1,1
2RFyJnbJ5AHT9hQp_tMeYw,oLc7k78_YcDMnMCdbC-h1A,3.0,2013-05-31 02:14:14,night,4,0,1,medium,high,New Orleans,American (Traditional),2,1,1
PR7XS6OA-6ylu8sLGObUsQ,FKrP06TDAKtxNG1vrRQcQQ,2.0,2013-05-31 05:43:02,night,4,0,0,medium,high,Philadelphia,Burgers,2,0,0
PR7XS6OA-6ylu8sLGObUsQ,7rtrGGsUkVWZFHJaEArJ7g,3.0,2013-05-31 05:45:57,night,4,0,0,short,high,Trappe,American (Traditional),2,1,1
itcyGJsassJ0iutr0gBMjg,QWqKTWQ2OiDgo3dzNkpung,4.0,2013-05-31 06:30:19,night,4,0,1,long,high,Philadelphia,Korean,2,0,0
pUNvLJwdJIOemOgU98mp1w,hEMNTKjcnhHxw9NRprl3Jw,5.0,2013-05-31 14:33:59,afternoon,4,0,1,long,high,Norristown,Sports Bars,2,1,1
zYFGMy1_thjMnvQLX6JNBw,-Lz1eG1xyHk634wVzBD83g,4.0,2013-05-31 16:51:25,afternoon,4,0,1,long,high,Plainfield,Ice Cream & Frozen Yogurt,1,0,0
S1bcv4QpwW7Ysy0T9edlOQ,04UD14gamNjLY0IDYVhHJg,5.0,2013-05-31 17:22:40,afternoon,4,0,1,medium,high,Philadelphia,Mediterranean,2,1,0
haebF6ELoYWkHcwODPPBmw,1pkuCWlH3iEuUAQVHpIuHQ,2.0,2013-05-31 18:27:28,afternoon,4,0,1,medium,high,Philadelphia,Cantonese,1,0,0
HxyLRaoH9PS09M6R3rV-EQ,NeY1bH6IKJxnn4YAixibsQ,2.0,2013-05-31 19:01:14,evening,4,0,1,short,high,Philadelphia,Coffee & Tea,1,0,1
EP8o8JnQSI0WEkeodwA8lA,4WdDY97x4GdMYtyk1KQMnw,4.0,2013-06-01 02:16:13,night,5,1,1,long,high,New Orleans,Cafes,2,0,0
T2CenOfGvQsbAEY9YdNhBQ,YB26JvvGS2LgkxEKOObSAw,1.0,2013-06-01 13:20:48,afternoon,5,1,1,long,high,Metairie,Sushi Bars,2,1,0
_kcHxYPXRYjU4hk2xtCO0w,OINbC0rpDVJ5bfxt3LO9fw,2.0,2013-06-02 01:05:38,night,6,1,1,long,high,New Orleans,Restaurants,2,0,1
Yft76ogF5YzCQ4mn6vSQ6Q,Z5po0aTuzKKblek5y6Sp8Q,4.0,2013-06-02 02:24:58,night,6,1,1,long,high,Philadelphia,Food,2,0,0
KVN1eio-4QU3zlkPmZHRFQ,DeVlppoc8dPBhOCPrm4wmg,3.0,2013-06-02 06:14:02,night,6,1,1,long,high,Indianapolis,American (Traditional),3,1,1
Js4nQlGRjS1Bd5vsAQQfgA,NVN_23yYJDf_RAinqFICDA,4.0,2013-06-02 13:25:47,afternoon,6,1,1,medium,high,Philadelphia,Hot Dogs,1,0,0
RNWJx8g-TIMVn1fpNFOCvA,14ZGwnDyydXdSBsLXpSUrA,5.0,2013-06-02 14:01:59,afternoon,6,1,1,long,high,Philadelphia,Vietnamese,2,1,1
cHVfkm_h_vKt-ZIWMYQcrg,W4ZEKkva9HpAdZG88juwyQ,5.0,2013-06-02 14:30:10,afternoon,6,1,0,long,high,New Orleans,Bars,3,1,0
Va1VeFo3so8d444ohkSGjg,wFXwmrlV8TiBS4Ac2-W_9g,4.0,2013-06-02 15:29:46,afternoon,6,1,1,long,high,Tampa,Festivals,2,0,0
njJjEOLRTo03Fwp4jg_Jpg,9V0LMtO1riRw9-pUuG4NFg,2.0,2013-06-02 16:10:30,afternoon,6,1,1,long,high,Indianapolis,Latin American,2,1,1
njJjEOLRTo03Fwp4jg_Jpg,McQo2QJGt1BI9oPu6KLDjg,5.0,2013-06-02 16:30:50,afternoon,6,1,1,long,high,Indianapolis,Specialty Food,2,0,0
7R4-EP60yoJsD0cFsVb9rA,9V0LMtO1riRw9-pUuG4NFg,5.0,2013-06-02 16:34:01,afternoon,6,1,0,medium,high,Indianapolis,Latin American,2,1,1
mWamaq-Awy6tf7U4bCtT1A,pVHbXwsqLxNzAx9rdwy2EA,3.0,2013-06-02 16:39:46,afternoon,6,1,1,medium,high,Philadelphia,American (Traditional),3,1,1
_4Wn2zRkrmDfowBrNcji0Q,-ATiAtTikuGuqvaW2O6tNA,2.0,2013-06-02 17:41:35,afternoon,6,1,0,medium,high,Philadelphia,Sandwiches,2,1,1
_4Wn2zRkrmDfowBrNcji0Q,WIv5kTb_P3jnngPkMeRRNw,2.0,2013-06-02 17:51:58,afternoon,6,1,0,long,high,Philadelphia,Sushi Bars,2,0,0
_4Wn2zRkrmDfowBrNcji0Q,7lwe7n-Yc-V9E_HfLAeylg,2.0,2013-06-02 19:25:23,evening,6,1,0,medium,high,Philadelphia,Restaurants,2,1,1
_4Wn2zRkrmDfowBrNcji0Q,GUMVStVaJfWmCIpQA4TtHg,4.0,2013-06-02 20:09:38,evening,6,1,0,long,high,Philadelphia,Restaurants,2,0,0
_4Wn2zRkrmDfowBrNcji0Q,FKrP06TDAKtxNG1vrRQcQQ,2.0,2013-06-02 20:22:04,evening,6,1,0,medium,high,Philadelphia,Burgers,2,0,0
_4Wn2zRkrmDfowBrNcji0Q,7yPzOek7Af2dKWGYKpcHWA,3.0,2013-06-02 21:34:43,evening,6,1,0,medium,high,Philadelphia,Restaurants,2,0,0
Mh5HtmJeW7LglS7q8C8YYA,GV-e7Op4aU98xkjjoKlRhA,4.0,2013-06-02 23:28:32,evening,6,1,1,long,high,Saint Louis,Basque,2,1,1
_4Wn2zRkrmDfowBrNcji0Q,QWqKTWQ2OiDgo3dzNkpung,3.0,2013-06-03 00:10:56,night,0,0,0,medium,high,Philadelphia,Korean,2,0,0
UIfrDcxG6JqZKBjOG3xQ-Q,bbEXAEFr4RYHLlZ-HFssTA,5.0,2013-06-03 10:32:47,morning,0,0,0,long,high,Goleta,Fast Food,2,0,1
_ljIoh025OGAvWz_Kvq6EQ,2kuhZOrWcLYe_XePccr4lA,4.0,2013-06-03 15:11:17,afternoon,0,0,1,long,high,Tampa,Restaurants,2,1,1
1HM81n6n4iPIFU5d2Lokhw,QUEWdnmVCv2Ri8xJATTrIQ,3.0,2013-06-03 15:54:01,afternoon,0,0,1,medium,high,New Orleans,Chicken Wings,1,0,0
Z5uqR7U-s-YnSW67ak1XLw,pVHbXwsqLxNzAx9rdwy2EA,3.0,2013-06-03 18:03:21,afternoon,0,0,0,long,high,Philadelphia,American (Traditional),3,1,1
Z5uqR7U-s-YnSW67ak1XLw,roc-xyyzN5b_nImb0NdRLQ,4.0,2013-06-03 18:10:52,afternoon,0,0,0,medium,high,Philadelphia,Restaurants,1,0,0
2iS1vg5TYpV_iEiNC8osTg,JJNCJWaH2KV44r9aeEBlqA,3.0,2013-06-03 18:27:12,afternoon,0,0,1,long,high,Indianapolis,Breweries,2,0,0
Iq01HVPaGAJYJXUaCq3Dyw,KhBUg5QhBYuK8RZAe5gDMQ,3.0,2013-06-03 20:51:42,evening,0,0,1,long,high,Tampa,Restaurants,2,1,0
MZ_2Nd3Xe6-51tU13cF5Cw,M0r9lUn2gLFYgIwIfG8-bQ,4.0,2013-06-03 20:58:58,evening,0,0,1,long,high,Saint Louis,Ice Cream & Frozen Yogurt,2,1,0
i4gFMzrV-FlUElIipCV56w,i7syG2Gyr_qVPR1GwehzuA,5.0,2013-06-03 22:47:59,evening,0,0,1,long,high,Indianapolis,Restaurants,3,1,0
nC9V777rlZbKWm3m0QlXYg,Id_FzuIECTCom2UeENyxlg,3.0,2013-06-03 23:35:48,evening,0,0,0,medium,high,Edmonton,Grocery,2,0,0
7Td9DntkgdAMmXqxHTo-Kg,dNR-b-CsrFGYhMo9zLMrCw,4.0,2013-06-04 02:10:19,night,1,0,1,medium,high,Brentwood,Japanese,2,0,0
kx1AyDQfkPHSkPstBQlDzg,5TVWytR2oNbSKYgfxypuBw,3.0,2013-06-04 02:19:03,night,1,0,1,long,high,Saint Louis,Cafes,2,0,1
G3h8pIclwUbuu3itJqF7ug,nDD_6elPOfDe0eRk9xVHNQ,3.0,2013-06-04 06:03:01,night,1,0,1,long,high,Edmonton,Canadian (New),2,1,1
sgK8_cpe6FTk2HD0P27K0g,OHzX-ZD9qyoeoxR8Z0dlIA,4.0,2013-06-04 11:11:25,morning,1,0,0,medium,high,Philadelphia,Restaurants,2,1,1
bYENop4BuQepBjM1-BI3fA,J_195G8K_MziKZEXj7Nxdw,5.0,2013-06-04 12:35:12,morning,1,0,1,long,high,Saint Louis,Food,1,0,0
REFGsoLynoBWxdTEJeXYfw,O_KX1Z4ZXMv0OVvQ9e8pNQ,3.0,2013-06-04 16:15:52,afternoon,1,0,1,long,high,Pottstown,Food,1,0,0
aM3T4jeHY_fswn6xQ41rtw,Dv6RfXLYe1atjgz3Xf4GGw,4.0,2013-06-04 17:07:11,afternoon,1,0,1,long,high,Philadelphia,Burgers,2,0,1
4UAqdgiCe1jwI1IQl96MIA,JUlsvVAvZvGHWFfkKm0nlg,2.0,2013-06-04 22:09:24,evening,1,0,0,medium,high,Philadelphia,Mexican,2,1,1
Bok4NoUX0nRQP-OePPivdA,7mpYTDb24SywNMRn3yeakQ,4.0,2013-06-05 00:31:35,night,2,0,1,long,high,Philadelphia,Event Planning & Services,2,1,1
l7zmF8szWBC-A07oIDRdKw,eFvzHawVJofxSnD7TgbZtg,4.0,2013-06-05 01:21:06,night,2,0,1,long,high,Philadelphia,Food,1,0,1
YEiJOtOBBRKEpRuvZNA9Cg,LQcGL4hfJAeK6bk2ZdhmXw,5.0,2013-06-05 10:12:35,morning,2,0,1,long,high,Tucson,Fast Food,1,0,1
AiwVzxg4paqeDX82O4oFLg,xCXGV3wEvYd4xBGx8ZRFQA,4.0,2013-06-05 13:32:12,afternoon,2,0,0,medium,high,Philadelphia,Restaurants,1,0,1
AiwVzxg4paqeDX82O4oFLg,O286wXm4mcznQn_1JieD1g,4.0,2013-06-05 13:46:59,afternoon,2,0,0,medium,high,Philadelphia,Event Planning & Services,3,0,0
Cvi8nZTwDVaQkqmmgQwQMw,Dv6RfXLYe1atjgz3Xf4GGw,5.0,2013-06-05 18:11:37,afternoon,2,0,1,medium,high,Philadelphia,Burgers,2,0,1
oxJJ0N82GFZeBCxBi6vH1A,2FnoLyEO0nq7g2Wz8x7Z5A,3.0,2013-06-06 01:40:34,night,3,0,1,long,high,Bala Cynwyd,Juice Bars & Smoothies,2,0,1
61FNJUiDqXReViksOYiILQ,OHzX-ZD9qyoeoxR8Z0dlIA,4.0,2013-06-06 12:51:28,morning,3,0,1,long,high,Philadelphia,Restaurants,2,1,1
0Igx-a1wAstiBDerGxXk2A,hS6KNGCQVTYUdLb2edt58g,5.0,2013-06-06 16:28:18,afternoon,3,0,1,long,high,New Orleans,Boat Charters,2,0,0
toQe9adQWV7iC7KM_eugsA,u9XTeDl_If4U5Eixl6ys7g,4.0,2013-06-06 18:45:17,afternoon,3,0,1,medium,high,Philadelphia,Nightlife,2,1,0
m8q0X8bt7UAlawSjbG0c7Q,IW_uYAP59YwLVurBUfhs4A,1.0,2013-06-06 20:01:51,evening,3,0,0,long,high,St. Petersburg,Restaurants,2,1,0
iYXQCx7IWJslr_WTLjn6lw,3kiB39JzdovdlOhQj-nMCw,3.0,2013-06-06 21:06:02,evening,3,0,1,medium,high,Philadelphia,Restaurants,1,1,0
Hxx8FmhpxiugIrGRh8RDOg,ehnMcJZlx29XMroxMd3-mQ,5.0,2013-06-07 14:04:11,afternoon,4,0,1,long,high,Saint Louis,Indian,2,0,0
rL5uMarIYnEMgDr09pafqg,k3sED9tpGEOtzhGxvcxTrw,3.0,2013-06-07 21:29:32,evening,4,0,1,long,high,Metairie,Restaurants,1,1,0
jQF9CqbIfpQit9B0MAG4Wg,MMRRS6YhVRx_iN5-JhMRYg,4.0,2013-06-08 21:17:19,evening,5,1,1,long,high,Philadelphia,Restaurants,2,1,0
Y-HpR79F_ZqRtGMjZnhwVg,2iQucreJtTqbEsLczhsgrA,5.0,2013-06-11 01:27:19,night,1,0,1,long,high,Indianapolis,Indian,2,1,0
BrhwZCoV-kd5JbV8G6gHLw,AmnnsJq4Pz1jJUFzHwtsOA,4.0,2013-06-24 07:38:03,morning,0,0,1,long,high,Indianapolis,Fast Food,1,1,1
Cvi8nZTwDVaQkqmmgQwQMw,D4DZztR7vkbiED6txGUYFg,4.0,2013-06-24 13:15:21,afternoon,0,0,1,long,high,Philadelphia,Nightlife,2,1,0
5bJpDx4c7x9fYzdltOhfbw,5S3Cc7EsEo66BSL7s6iF-w,4.0,2013-06-24 13:57:46,afternoon,0,0,0,long,high,Philadelphia,Bubble Tea,1,1,0
aM3T4jeHY_fswn6xQ41rtw,2FnoLyEO0nq7g2Wz8x7Z5A,4.0,2013-06-24 15:32:53,afternoon,0,0,1,long,high,Bala Cynwyd,Juice Bars & Smoothies,2,0,1
RRYFQo17zogtYBbiUK4l_A,WQ832PDnsDshhbQFm83ISg,4.0,2013-06-24 16:23:42,afternoon,0,0,1,long,high,Tampa,Cinema,2,1,0
FuTJWFYm4UKqewaosss1KA,bXjnfT69E8DJinX-ifOofA,4.0,2013-06-24 17:02:09,afternoon,0,0,1,long,high,Tucson,Chicken Wings,1,1,0
nlQGyti20c07rpTSYYoNZQ,JOvNunKJlWhwJRwLmUR9ZA,4.0,2013-06-24 18:52:16,afternoon,0,0,0,long,high,St Petersburg,Bars,2,1,1
IuPyJ85XxRMCSFibsWlcKQ,iCKF72z3fqRTF1vxdBZINQ,3.0,2013-06-25 14:15:29,afternoon,1,0,1,long,high,Nashville,American (Traditional),2,1,1
mJy-5ShuwwYRayxRtl6xxA,rViAhfKLKmwbhTKROM9m0w,5.0,2013-06-25 21:01:25,evening,1,0,1,long,high,Tucson,Arts & Entertainment,2,1,1
_YqknhseJ6yjtS1g0D4Vwg,5TVWytR2oNbSKYgfxypuBw,5.0,2013-06-25 21:11:44,evening,1,0,0,medium,high,Saint Louis,Cafes,2,0,1
Mh5HtmJeW7LglS7q8C8YYA,X7YBx8CybmIPymZ0ThCmng,4.0,2013-06-25 23:11:08,evening,1,0,1,long,high,Saint Louis,Restaurants,2,1,1
RycuS3TlPJKYCN6jaqgc7w,Km94SEqBokmuM_HKoy7WJQ,2.0,2013-06-25 23:53:38,evening,1,0,0,medium,high,Wilmington,Fashion,2,0,0
RycuS3TlPJKYCN6jaqgc7w,fsPqRDDG2igV63nP89xWUA,4.0,2013-06-25 23:56:47,evening,1,0,0,medium,high,Chadds Ford,Pizza,1,1,1
53ApJTgvnYlEPgP0xgc6YA,BWITd9JUXP3gSi1z3Y-z8g,3.0,2013-06-26 00:58:00,night,2,0,0,medium,high,Philadelphia,Italian,2,1,1
rTKK_-3W3gIQEohj0QSFWA,UQ0jqOj3e0Eqr1bd6bnL3g,3.0,2013-06-26 01:01:49,night,2,0,1,long,high,Lemay,Burgers,2,0,0
5TE19zTjTIPq1HANACN7sw,Dv6RfXLYe1atjgz3Xf4GGw,5.0,2013-06-26 12:23:58,morning,2,0,1,medium,high,Philadelphia,Burgers,2,0,1
u-u8vyXgSSQSA_K6rvrZjA,c8rjE6NcfeyzLB_aU1GdMA,2.0,2013-06-26 15:29:16,afternoon,2,0,1,long,high,Philadelphia,Nightlife,2,1,0
0G-QF457q_0Z_jKqh6xWiA,X-BZp1KMgGzKkf_92Y3fWw,5.0,2013-06-26 15:57:18,afternoon,2,0,1,long,high,New Orleans,Restaurants,2,1,0
3JQ8RjMGiT8m5hsBq99Zfw,5l67axuAa5EmEV3lLuSa1Q,4.0,2013-06-26 21:54:44,evening,2,0,0,medium,high,New Orleans,Burgers,1,0,1
Zp1o52IRl92dunmsfiT96g,GnpvpmHQu3yJ9lrWzd90GQ,3.0,2013-06-26 22:31:07,evening,2,0,1,long,high,Mount Laurel,Food,2,0,0
_WS_X27Yw8DX3QzaT4f-rg,-nXZLIhPQcYYJiLI3weqGQ,4.0,2013-06-27 00:01:50,night,3,0,0,medium,high,Pennington,Food,2,0,0
bYENop4BuQepBjM1-BI3fA,-K0zTgGyxo-AeSkcV0IVaA,4.0,2013-06-27 14:03:17,afternoon,3,0,1,long,high,Chesterfield,Mediterranean,2,1,1
LMvGr9_gUrIwnD2iBS5MlQ,I2CxrvM0BGH1svfxqGGD2g,4.0,2013-06-27 14:08:01,afternoon,3,0,0,long,high,Nashville,Automotive,2,1,1
L1ayZt4pBRKhO00OhUaLAw,Q_Wo3rX84Dy-YdQsiDmrWw,5.0,2013-06-27 14:13:07,afternoon,3,0,1,long,high,New Orleans,Jazz & Blues,2,1,1
cIVmIJD7nIiEcVGamfBoVw,hfN3l0gJ-XszD1XFGNvA6A,4.0,2013-06-27 14:44:26,afternoon,3,0,1,long,high,Collingswood,Japanese,2,0,0
shtMJsO82eegjgtjlCZmKg,-K0zTgGyxo-AeSkcV0IVaA,4.0,2013-06-27 15:14:47,afternoon,3,0,0,long,high,Chesterfield,Mediterranean,2,1,1
VTHNbsEN_tmd7_--2Wv6LQ,ut6fi2W2YaipNOqvi7e0jw,3.0,2013-06-27 21:34:51,evening,3,0,1,medium,high,Carmel,Nightlife,2,1,1
XS4rYA1V_Ru7tyf0Jl15aw,J_195G8K_MziKZEXj7Nxdw,4.0,2013-06-27 22:27:55,evening,3,0,1,medium,high,Saint Louis,Food,1,0,0
lYcU4ZTWITaPvRjdBFdr_w,EBn3U4mpnIRLIy2lKuilRQ,4.0,2013-06-27 22:55:50,evening,3,0,1,medium,high,Nashville,Restaurants,2,1,0
oAhoFRRKomodbIx8jtKmKA,FSTmzo0beEVMRMSArcp4fg,3.0,2013-06-27 23:27:18,evening,3,0,1,long,high,Tampa,Mexican,1,1,1
I-wq3PJNBlaZ8tpi0SdS8A,-K0zTgGyxo-AeSkcV0IVaA,4.0,2013-06-28 02:35:35,night,4,0,1,medium,high,Chesterfield,Mediterranean,2,1,1
ktm2YMsb65tRnePcYpVlqg,d-37SrSuOew0uqwuOM_w7w,5.0,2013-06-28 19:07:24,evening,4,0,1,long,high,Indianapolis,Thai,1,0,0
B9iPTih0dmpZn6fRyZnLLg,xruWHK8Z5N0JWyQubLHjgA,5.0,2013-06-28 19:32:21,evening,4,0,1,medium,high,Philadelphia,Food,2,0,0
FRDeSt5dcTv4bEKuaAVgkg,YyKB2S6YBd7aGNeIyc_sag,3.0,2013-06-28 21:41:56,evening,4,0,0,long,high,Saint Louis,Restaurants,1,0,1
qjfMBIZpQT9DDtw_BWCopQ,lK1upWouk_UiwJK4HpZYzw,4.0,2013-06-28 21:50:31,evening,4,0,1,short,high,Tampa,Breakfast & Brunch,1,0,1
eTvp_hYnsrI5-ow_sQ31_g,EpREWeEpmR8f1qLHzzF0AA,4.0,2013-06-29 16:58:10,afternoon,5,1,1,long,high,Saint Louis,Local Flavor,2,1,1
l7zmF8szWBC-A07oIDRdKw,GUMVStVaJfWmCIpQA4TtHg,5.0,2013-06-30 14:21:05,afternoon,6,1,1,long,high,Philadelphia,Restaurants,2,0,0
r3QexFIhBXBT99canAgVEg,ISBBeqLeERHiKfqa7PZkuA,4.0,2013-06-30 15:33:35,afternoon,6,1,1,long,high,Edmonton,Diners,2,0,1
NDkwKnvjhBbjCh1cNlBoAw,Q-prSTdggNlxAEFV88BZOw,4.0,2013-06-30 20:19:49,evening,6,1,0,long,high,Philadelphia,Beer,2,1,1
NDkwKnvjhBbjCh1cNlBoAw,mUIBtlWNPD7sz3rGGWQ1RA,4.0,2013-06-30 20:30:33,evening,6,1,0,medium,high,Philadelphia,Mediterranean,2,0,1
NfoAmvEZ3NVTAtOEshCvwQ,pj8Y-5vfbRitnnm2xJFH9w,4.0,2013-07-02 00:45:26,night,1,0,1,long,high,Philadelphia,Caribbean,2,1,1
uPr3t2M-OykA8M_oro7j1A,oBhJuukGRqPVvYBfTkhuZA,4.0,2013-07-02 02:19:01,night,1,0,1,long,high,Philadelphia,American (New),2,1,1
nWepkfrazqoTWkPDdgI1bw,lGbI4ub1FaTRh51GqmbXeA,1.0,2013-07-02 04:53:10,night,1,0,1,long,high,Reno,Nightlife,2,1,1
2iS1vg5TYpV_iEiNC8osTg,MpkCQTOV6D3XGRPbtQPj5Q,4.0,2013-07-02 13:05:48,afternoon,1,0,1,long,high,Avon,Vietnamese,1,0,0
ObZnTiwMA-4gaTqa1_mB6A,HjLYCBxJti8V-hsP_yVZ3w,5.0,2013-07-03 22:47:56,evening,2,0,1,short,high,Boise,Vegan,2,1,1
RCZ5M9o2-fxgFuurpmEs3w,ScXMp9vL7yjmG__hRK8azw,3.0,2013-07-04 00:28:54,night,3,0,0,medium,high,Royersford,Restaurants,2,0,1
wfi0T-xq_P5sKQvwQitlYg,71MulAHeKm5p2kIIGYEwpA,4.0,2013-07-06 00:10:40,night,5,1,1,long,high,Edmonton,Bakeries,2,0,0
IkLdv0dFGfRJrtFVJYJnLg,uMT7H0shZK4-pQ_J2qMEWA,4.0,2013-07-06 14:07:42,afternoon,5,1,1,long,high,Philadelphia,Grocery,1,0,0
PR7XS6OA-6ylu8sLGObUsQ,giDsHBlGhHwqNZkmOV9aYQ,3.0,2013-07-06 18:35:43,afternoon,5,1,0,short,high,Chester,Restaurants,2,1,0
zBWSORvlWDmwtcx6627qWQ,gwNlSSV0hGgNgTqPprj4FQ,3.0,2013-07-12 20:30:23,evening,4,0,1,long,high,Tucson,Coffee & Tea,1,0,1
eTvp_hYnsrI5-ow_sQ31_g,JOfBsNewE5J0rHG5LdlZeg,3.0,2013-07-12 21:43:36,evening,4,0,1,long,high,Saint Louis,Restaurants,2,1,1
Sz8Og_uKzfPnElZetadDZQ,dNR-b-CsrFGYhMo9zLMrCw,5.0,2013-07-12 22:04:50,evening,4,0,1,long,high,Brentwood,Japanese,2,0,0
XRodxenm9sHoYbD15Em4nQ,cdPjDZubPvok0VHv654Tvw,2.0,2013-07-12 23:21:55,evening,4,0,1,long,high,Nashville,Restaurants,1,0,0
1i4YvXLh5c-z7ayYlAUOJw,3CYCAfxR4aoNb7gCIsN8pg,5.0,2013-07-13 02:14:49,night,5,1,1,medium,high,St. Petersburg,Convenience Stores,2,0,0
dLeQWcavoGKfof59f3Y6uQ,qzCT_X5aTj8SkGpKdBYYdg,5.0,2013-07-13 17:27:17,afternoon,5,1,1,short,high,Pinellas Park,Nightlife,2,1,0
TvHOE-QIlKiJ2arWedh1JQ,dyVKL3qKsz_XDxtjpbNcgQ,2.0,2013-07-13 17:41:46,afternoon,5,1,0,medium,high,Oro Valley,Mexican,2,1,1
8EMU7d4pCkdqUnvlIW40CA,7yPzOek7Af2dKWGYKpcHWA,5.0,2013-07-13 18:03:07,afternoon,5,1,1,long,high,Philadelphia,Restaurants,2,0,0
y6SzYr7xpMmpobNmWaTZTQ,QUnvoceeKLK201dOflQThA,4.0,2013-07-13 18:10:29,afternoon,5,1,1,medium,high,New Orleans,Street Vendors,1,0,0
y6SzYr7xpMmpobNmWaTZTQ,Edg22x3CZkIv0GUib2oEFA,4.0,2013-07-13 18:28:38,afternoon,5,1,1,long,high,New Orleans,Pizza,2,1,1
cWair9Mq0wITn7zUH4MqcQ,XleIcqVgh3iBeM4s-rdy6g,5.0,2013-07-13 18:44:09,afternoon,5,1,0,long,high,Goleta,Sandwiches,1,1,1
cWair9Mq0wITn7zUH4MqcQ,MAIfD4kJDCydgoD1l2b_vw,4.0,2013-07-13 18:48:23,afternoon,5,1,0,medium,high,Santa Barbara,Wine Bars,2,1,1
T2CenOfGvQsbAEY9YdNhBQ,d91RHJeZE-I7TaeQdBp6MQ,4.0,2013-07-13 22:50:03,evening,5,1,1,long,high,Harahan,Fast Food,1,0,1
-G7Zkl1wIWBBmD0KRy_sCw,vfyMWLWRlnd-V41PGsZgwQ,4.0,2013-07-14 02:59:14,night,6,1,1,short,high,Lambertville,Restaurants,1,0,0
OJiZwMbp23WL-H5wnPRkrw,5FDt7sy-70y4_37Dh2qcbw,3.0,2013-07-14 11:55:44,morning,6,1,0,long,high,Indianapolis,Latin American,1,1,0
nnImk681KaRqUVHlSfZjGQ,llYsxQ0IuKh0HXULlqu6fw,5.0,2013-07-14 15:14:21,afternoon,6,1,1,long,high,Tampa,Filipino,2,0,0
OLGQ7alK4VKl3YdQk6UF5g,DRr5xdfHtqgWfhmdTU1B8Q,4.0,2013-07-14 17:09:41,afternoon,6,1,1,long,high,Philadelphia,Breakfast & Brunch,2,1,1
0Igx-a1wAstiBDerGxXk2A,K4TlU26IH19tM_VvTMnpyg,4.0,2013-07-14 19:03:11,evening,6,1,1,long,high,New Orleans,Cafes,1,0,0
R-c5M0iJkMxxTxIqTQQZ8w,WKMJwqnfZKsAae75RMP6jA,2.0,2013-07-14 21:38:06,evening,6,1,0,medium,high,Edmonton,Coffee & Tea,2,1,0
3IFfnwuFB-Y_0vSOlqNpSQ,GUNpbcLvHZLE3NpOifjNUQ,2.0,2013-07-14 22:04:52,evening,6,1,0,long,high,Philadelphia,Restaurants,2,1,1
E2CuwvUZdhvrAvvNdmmN8A,lZEYIL95hZsZS0vgaoR2aQ,4.0,2013-07-14 22:20:22,evening,6,1,1,medium,high,Tampa,Sandwiches,2,1,1
56EIJcxLHYDSxIBygJEApQ,VCjvaX_78oEKG3I9oTJEag,4.0,2013-07-14 23:45:39,evening,6,1,1,medium,high,New Orleans,Coffee & Tea,1,0,1
v98WXw1EToiuPIxtE0aekQ,FHNIvNgh3fS7VZQq2Y3dsA,4.0,2013-07-15 02:28:58,night,0,0,1,long,high,Philadelphia,Asian Fusion,2,1,0
ScuWOAFGiCSDkZPI4x5mAQ,at-NaeVYJ5VDG9pC4PXbSA,5.0,2013-07-15 03:18:44,night,0,0,1,medium,high,Spring Hill,Thai,2,1,0
mWamaq-Awy6tf7U4bCtT1A,A0F-h3xJm_6gHDKcDQwSrQ,5.0,2013-07-15 13:05:06,afternoon,0,0,1,medium,high,Philadelphia,Pizza,2,1,1
x6erNzhuM_c7xW6PlqClIQ,Su_KoRa64akK19myzyK3xA,4.0,2013-07-15 13:20:07,afternoon,0,0,1,long,high,Philadelphia,Restaurants,3,1,1
mWamaq-Awy6tf7U4bCtT1A,7mpYTDb24SywNMRn3yeakQ,4.0,2013-07-15 13:21:09,afternoon,0,0,1,medium,high,Philadelphia,Event Planning & Services,2,1,1
LnFIWZM_l__4t8Qxj3pnOg,TFnGJlA5l_HDdzGDkNTdTA,2.0,2013-07-15 14:24:13,afternoon,0,0,1,medium,high,Philadelphia,American (New),2,1,0
vffKQc_WQMYFGY4JS5VAOw,EP2jFD3aGoSBCWb7irY5-w,3.0,2013-07-15 18:20:33,afternoon,0,0,1,medium,high,Temple Terrace,Ethiopian,2,1,1
2RFyJnbJ5AHT9hQp_tMeYw,GBTPC53ZrG1ZBY3DT8Mbcw,2.0,2013-07-16 02:44:25,night,1,0,1,long,high,New Orleans,German,2,1,0
itHpQTjM1wdHGqAu8G70UA,M0r9lUn2gLFYgIwIfG8-bQ,4.0,2013-07-16 02:56:18,night,1,0,1,long,high,Saint Louis,Ice Cream & Frozen Yogurt,2,1,0
itHpQTjM1wdHGqAu8G70UA,p7UGlPkE3Gagm9Mq7aHfYg,4.0,2013-07-16 03:06:58,night,1,0,1,medium,high,Saint Louis,Food,1,0,1
BrhwZCoV-kd5JbV8G6gHLw,e9PVKENPHM1dyyTmaBP93w,4.0,2013-07-16 04:57:31,night,1,0,1,long,high,Carmel,Restaurants,3,1,1
hwzrnwUiqJUHSN_Gmpp4pA,jfIWqMrdWnPNORcDnQ7VNg,2.0,2013-07-16 06:14:13,night,1,0,1,long,high,Reno,Bars,2,1,0
0ackih4Gue2nHIFzUNhpLA,4LuzS6VevvwSmB71KbGyVQ,5.0,2013-07-16 16:32:48,afternoon,1,0,1,medium,high,Mount Juliet,American (Traditional),1,0,0
_ljIoh025OGAvWz_Kvq6EQ,SYy81zP4MPF4DtOqjRq4qg,5.0,2013-07-16 17:02:23,afternoon,1,0,1,long,high,Tampa,Breweries,1,0,0
_ljIoh025OGAvWz_Kvq6EQ,0hCrds3sgFAYzsZolg3jcg,5.0,2013-07-16 20:49:16,evening,1,0,1,long,high,Tampa,Head Shops,2,1,0
LnFIWZM_l__4t8Qxj3pnOg,mUIBtlWNPD7sz3rGGWQ1RA,5.0,2013-07-17 02:27:24,night,2,0,1,long,high,Philadelphia,Mediterranean,2,0,1
TES0PPhg-9jaFj9v28M0cw,P_x9fEz8efemqOIV46S0tg,5.0,2013-07-17 05:26:05,night,2,0,1,long,high,St Petersburg,Bars,2,1,1
1HM81n6n4iPIFU5d2Lokhw,ADgeB1sfOGbzCR3LIi-4lg,3.0,2013-07-17 13:04:35,afternoon,2,0,1,long,high,New Orleans,Cajun/Creole,2,0,1
1hQjdoDUQwHB3kFdffMA6Q,OHzX-ZD9qyoeoxR8Z0dlIA,5.0,2013-07-17 13:20:33,afternoon,2,0,1,long,high,Philadelphia,Restaurants,2,1,1
zBWSORvlWDmwtcx6627qWQ,8AKqLWMjkvzZ0TMakov2xg,3.0,2013-07-17 13:28:06,afternoon,2,0,1,long,high,Tucson,American (New),1,1,1
jjHa6LD4phiz2Clsxpv3kQ,LdK6Tqr9-QK8eNezCUes9A,5.0,2013-07-17 14:00:43,afternoon,2,0,1,long,high,Philadelphia,Sandwiches,1,0,1
7xWrRJ5kfgcQyQ3UL3fImQ,OHzX-ZD9qyoeoxR8Z0dlIA,4.0,2013-07-17 15:59:01,afternoon,2,0,1,long,high,Philadelphia,Restaurants,2,1,1
iYXQCx7IWJslr_WTLjn6lw,A0F-h3xJm_6gHDKcDQwSrQ,4.0,2013-07-17 16:26:33,afternoon,2,0,1,medium,high,Philadelphia,Pizza,2,1,1
LfW6kFWMDV0NC6Dl1Xy9Mg,UakVMT3xrpbFB2pHdxPjnw,3.0,2013-07-17 22:11:02,evening,2,0,1,long,high,Dunedin,Bars,2,1,1
8wQIoFapkegkC5fcVYg_Iw,vFpbUcVAXxrSz5mFIzKbyw,3.0,2013-07-18 00:42:29,night,3,0,1,medium,high,Springfield,Sports Bars,2,1,0
Xw7ZjaGfr0WNVt6s_5KZfA,LZEe4gVp1BNqYdGl-OZzBg,4.0,2013-07-18 05:25:23,night,3,0,1,medium,high,Gretna,Burgers,1,0,0
xCJisO0jOB94krpxoqiuzw,MMRRS6YhVRx_iN5-JhMRYg,5.0,2013-07-18 08:54:38,morning,3,0,1,medium,high,Philadelphia,Restaurants,2,1,0
xCJisO0jOB94krpxoqiuzw,IH_ZeeTh13jQURbh31d1Kw,5.0,2013-07-18 11:09:55,morning,3,0,1,long,high,Philadelphia,Restaurants,1,1,0
0-hb63A9uWjR1YIyVMu6rg,P_x9fEz8efemqOIV46S0tg,5.0,2013-07-18 14:20:22,afternoon,3,0,1,long,high,St Petersburg,Bars,2,1,1
tat7n8XnUBvZYFeB0FSzvg,FSTmzo0beEVMRMSArcp4fg,2.0,2013-07-18 14:36:37,afternoon,3,0,1,medium,high,Tampa,Mexican,1,1,1
g1etLmsmplrSVy_vKX90-w,MaYb7qMN6BomP1zQGj3Wjg,5.0,2013-07-18 15:42:36,afternoon,3,0,1,long,high,Saint Louis,Nightlife,2,1,1
qjfMBIZpQT9DDtw_BWCopQ,WQ832PDnsDshhbQFm83ISg,5.0,2013-07-18 19:32:56,evening,3,0,1,long,high,Tampa,Cinema,2,1,0
3JQ8RjMGiT8m5hsBq99Zfw,Edg22x3CZkIv0GUib2oEFA,4.0,2013-07-18 21:15:16,evening,3,0,0,long,high,New Orleans,Pizza,2,1,1
pUNvLJwdJIOemOgU98mp1w,TqgsB91kKWjU4aKGR4GCgQ,3.0,2013-07-18 21:46:23,evening,3,0,1,medium,high,Eagleville,American (Traditional),2,1,1
4Pk295jW5RiHkfG9Mmx8PQ,f82dhKNiUXsDVPMLqKYiIQ,4.0,2013-07-18 23:46:23,evening,3,0,1,short,high,Tucson,Restaurants,2,1,0
a_jH1ewLLYzEfPnKjE66DQ,5RzJ2bjU8bLSaN5SuiUpYA,4.0,2013-07-19 03:15:22,night,4,0,1,long,high,Indianapolis,Event Planning & Services,2,1,1
cWair9Mq0wITn7zUH4MqcQ,F3dxQiOwN55rSLw-BNSq6A,5.0,2013-07-19 04:02:14,night,4,0,0,medium,high,Goleta,Acai Bowls,1,0,0
fdFgZQQYQJeEAshH4lxSfQ,LTtmAHFW3nWLirD--VWAEw,4.0,2013-07-19 05:32:05,night,4,0,1,long,high,Tucson,Automotive,2,0,0
OINYv6r1OMFK9wbDpno9AQ,7lwe7n-Yc-V9E_HfLAeylg,4.0,2013-07-19 10:50:29,morning,4,0,1,long,high,Philadelphia,Restaurants,2,1,1
OINYv6r1OMFK9wbDpno9AQ,OHzX-ZD9qyoeoxR8Z0dlIA,4.0,2013-07-19 11:30:15,morning,4,0,1,long,high,Philadelphia,Restaurants,2,1,1
JITevzyEgskIJc6sgOyEgw,ypXuDmnnPxnfP8a0qLsiEg,4.0,2013-07-19 16:20:30,afternoon,4,0,1,long,high,Nashville,Chicken Wings,2,1,1
rvlJ2fOucVo7I3wYJAFYTQ,0z1VO3Js0NdTOKLYDa15zw,5.0,2013-07-19 16:21:56,afternoon,4,0,0,medium,high,Indianapolis,Asian Fusion,2,0,0
yon21mgAit4FGUZVWs_yfw,Hp3Ony7yW60VPuWHQFIIHA,4.0,2013-07-19 18:44:09,afternoon,4,0,1,long,high,New Orleans,Delis,1,1,1
SbSF-vlTPBn1bYFo-5PrhA,EGWv78OQgeqfi4lXThlP8A,4.0,2013-07-19 19:05:53,evening,4,0,1,long,high,Medford,Restaurants,2,0,1
DJgU8F5lKlshSo9xIsLcoQ,37BpNvlEAT6WVGsksrHbBQ,4.0,2013-07-19 22:40:46,evening,4,0,0,long,high,Nashville,Sushi Bars,2,1,1
REFGsoLynoBWxdTEJeXYfw,r1XrdSiWFp-CeZJ4ik7zoQ,4.0,2013-07-20 01:32:54,night,5,1,1,long,high,Wayne,Caterers,2,0,1
cWair9Mq0wITn7zUH4MqcQ,gebiRewfieSdtt17PTW6Zg,4.0,2013-07-20 03:29:18,night,5,1,0,medium,high,Santa Barbara,Steakhouses,2,1,0
9TuUABNmDhBqdDael0zy8w,hS6KNGCQVTYUdLb2edt58g,4.0,2013-07-20 04:54:15,night,5,1,1,medium,high,New Orleans,Boat Charters,2,0,0
9TuUABNmDhBqdDael0zy8w,gOtY7zJ1rIu6UIHXEvh5sA,4.0,2013-07-20 04:57:53,night,5,1,1,medium,high,New Orleans,Specialty Food,2,1,0
HXB_ByCCp8cZm1WMjKn1Tw,DRr5xdfHtqgWfhmdTU1B8Q,2.0,2013-07-20 11:52:17,morning,5,1,1,long,high,Philadelphia,Breakfast & Brunch,2,1,1
OIl_ZSc0rDE8iphiAjS-xQ,a7_KZUJknqRA4DHQ3j9ofA,4.0,2013-07-20 14:53:14,afternoon,5,1,1,long,high,Aston,Nightlife,2,1,0
Od2Ev0b92eKrciDJIRVNpQ,Ugoyu-TIppruxRTkbej3lA,4.0,2013-07-20 18:57:16,afternoon,5,1,1,long,high,Philadelphia,Karaoke,2,0,0
1JtpcHELRrSDoWS80WtzuQ,FBBeJO50xZiNIo3oFhAFRA,5.0,2013-07-20 23:53:22,evening,5,1,1,long,high,Indianapolis,Arts & Entertainment,2,0,0
SaFs8ThfmEgdQm16iXoNqQ,7EhTT4iEuA7JaaWA-eI3Qw,5.0,2013-07-22 00:46:52,night,0,0,1,long,high,Pinellas Park,Food,1,0,1
tWES6_T7MRybOtqNS9NcVw,toMVWIsPJmS7-LiLAf2AfA,5.0,2013-07-22 02:12:12,night,0,0,1,long,high,Philadelphia,Food,2,1,0
zAMpV0uFt9XpqRDFNLWPrQ,2W0P6hXCbE6EgP5R6y9eBw,5.0,2013-07-22 06:32:20,night,0,0,1,medium,high,Indianapolis,Pizza,2,1,0
xC-q_yh0XwcjRLimkS3RNg,kPG6r0h73sPgXBei0MyzYg,5.0,2013-07-22 15:58:21,afternoon,0,0,1,long,high,Edmonton,Restaurants,2,1,0
vKwoXHvV58QtXyI0KcVKKQ,pym7c6ZFEtmoH16xN2ApBg,4.0,2013-07-22 19:10:48,evening,0,0,1,long,high,New Orleans,Restaurants,2,1,1
-KduD3wwydWDq2GrODh2tw,HCbJPXWXvwN-C7XfmVy3gA,3.0,2013-07-23 01:45:51,night,1,0,1,long,high,Indianapolis,Desserts,2,1,1
5UDVAuh_gJcjWw5M4-xsbw,UhSVDwQFW6mKmaEA5OTU7A,2.0,2013-07-23 16:51:35,afternoon,1,0,0,long,high,Philadelphia,Vegetarian,2,0,0
JRXbWVcU-uugX2DATU3nRA,qhsJbgxVNDb0973r3Gjrow,5.0,2013-07-23 16:51:39,afternoon,1,0,1,long,high,Webster Groves,Nightlife,2,1,1
LcK8Dve7So689hUPUy38NQ,2XYPFRm7teCUr3eGsB2-qw,4.0,2013-07-25 01:22:37,night,3,0,0,short,high,Blue Bell,Thai,2,0,1
OLGQ7alK4VKl3YdQk6UF5g,dSPA4yql9vUwnYRxHiVtHA,4.0,2013-07-29 16:23:54,afternoon,0,0,1,long,high,Philadelphia,Sushi Bars,2,0,1
mzXDuhZBPdHfMIk1YXP0mQ,j99PtxlKTW_u5alE4jiqHQ,4.0,2013-08-03 14:58:31,afternoon,5,1,0,medium,high,Philadelphia,Restaurants,2,1,0
mzXDuhZBPdHfMIk1YXP0mQ,mUIBtlWNPD7sz3rGGWQ1RA,5.0,2013-08-03 15:34:15,afternoon,5,1,0,long,high,Philadelphia,Mediterranean,2,0,1
45BL_H-mDCoiuA9k8iGv5g,mCo2uVTTGYrEhRrkQW-CMw,2.0,2013-08-03 21:03:23,evening,5,1,0,long,high,Philadelphia,Taiwanese,2,0,0
oAhoFRRKomodbIx8jtKmKA,o6jfwLREaGy1mwAEybjOkg,3.0,2013-08-04 00:55:35,night,6,1,1,medium,high,Tampa,Food,2,1,0
tjUSuyGKVCaNzKpP5xYEQQ,giDsHBlGhHwqNZkmOV9aYQ,2.0,2013-08-04 03:17:14,night,6,1,0,long,high,Chester,Restaurants,2,1,0
vYMvOTL31e0KbTo9Hd0tjg,TXoxXn3IETBBJxZQMQK3rw,4.0,2013-08-04 13:12:18,afternoon,6,1,1,medium,high,Tampa,Seafood,2,1,0
ztjwYBZYPzbciv5OLmtIuQ,Uy0r4bzRmY5LFtDfzNgkag,4.0,2013-08-04 18:37:48,afternoon,6,1,0,medium,high,University City,Mexican,2,1,0
ztjwYBZYPzbciv5OLmtIuQ,pNu5bd9aL3jcJClfdQ86MQ,5.0,2013-08-04 18:38:19,afternoon,6,1,0,long,high,St Louis,Mediterranean,2,1,1
ztjwYBZYPzbciv5OLmtIuQ,Tq5jFk_BMSJG8-flqj5Bgw,5.0,2013-08-04 18:39:34,afternoon,6,1,0,medium,high,University City,Salad,2,1,1
ztjwYBZYPzbciv5OLmtIuQ,MaYb7qMN6BomP1zQGj3Wjg,5.0,2013-08-04 18:40:09,afternoon,6,1,0,short,high,Saint Louis,Nightlife,2,1,1
ztjwYBZYPzbciv5OLmtIuQ,rsDFJ05TiW7yBMdVuQ2tQQ,4.0,2013-08-04 21:35:30,evening,6,1,0,long,high,Saint Louis,Local Flavor,1,0,0
ztjwYBZYPzbciv5OLmtIuQ,kpK6SmxIiNoGPNhlEGiL4w,5.0,2013-08-04 22:27:25,evening,6,1,0,long,high,Saint Louis,Italian,2,1,1
ztjwYBZYPzbciv5OLmtIuQ,D4n4j_pBOhDJB6u1LRFaew,4.0,2013-08-04 23:28:57,evening,6,1,0,long,high,Saint Louis,Bakeries,2,0,0
mWamaq-Awy6tf7U4bCtT1A,BWITd9JUXP3gSi1z3Y-z8g,5.0,2013-08-05 12:54:29,morning,0,0,1,medium,high,Philadelphia,Italian,2,1,1
eVWgnIaMMelbcIzydSqWMA,7lwe7n-Yc-V9E_HfLAeylg,3.0,2013-08-05 14:15:33,afternoon,0,0,1,long,high,Philadelphia,Restaurants,2,1,1
rTKK_-3W3gIQEohj0QSFWA,OQBgwnIHY7vOrbjft8RM8w,1.0,2013-08-05 16:17:41,afternoon,0,0,1,short,high,Saint Louis,Food,1,1,1
yLV_a7zmKT8VFjTgEfELgQ,SKph9ovzvVSNzNFICgKb1Q,3.0,2013-08-05 17:36:49,afternoon,0,0,0,medium,low,Clearwater,Restaurants,2,1,1
tQ6HM9ldSsYbuPugPUr-gw,0JoB3ThhI-DS78-1Ks1EUQ,5.0,2013-08-05 19:06:28,evening,0,0,0,medium,high,Philadelphia,Sushi Bars,1,0,0
VQ3J0tYADb5SjCqUiU0StQ,jxfAi7UDmtbhyPw7ZsfKVw,5.0,2013-08-05 19:33:45,evening,0,0,1,long,high,Media,Desserts,2,0,1
OY0lWSo1kw_B84JF89kAFQ,lRbHFOIFuusN2WOR_ypQ_A,3.0,2013-08-05 19:37:49,evening,0,0,1,long,high,Philadelphia,Restaurants,2,0,0
dLeQWcavoGKfof59f3Y6uQ,Q5odYgHa-ApKOPVrEFmRQA,5.0,2013-08-05 20:25:21,evening,0,0,1,medium,high,Tampa,Music Venues,2,1,1
yLV_a7zmKT8VFjTgEfELgQ,3OGzmGqWwsyGLkhnxrA9Pw,5.0,2013-08-05 23:08:20,evening,0,0,0,medium,low,Tampa,Pizza,2,1,0
cUk4n3GMShdIr5pLyt9PFQ,r-kln94enJMMmCWmzbXO2g,4.0,2013-08-06 01:45:16,night,1,0,1,long,high,Philadelphia,Food,2,0,0
gRL9s6ENxV1qermRYDWjPQ,z680Aylt8wN2KAeFM1hy-A,2.0,2013-08-06 04:42:58,night,1,0,1,long,high,Indianapolis,Bars,2,1,1
x-LrGPXN7WFX15Qk9B6_YQ,QyWxTsVvvqSEpU1KNblRbQ,4.0,2013-08-06 13:54:43,afternoon,1,0,1,long,high,Philadelphia,Restaurants,1,0,1
7xWrRJ5kfgcQyQ3UL3fImQ,78kUZU8GPfHgoYO_2CNbuQ,4.0,2013-08-06 17:21:35,afternoon,1,0,1,medium,high,Philadelphia,Ice Cream & Frozen Yogurt,1,0,0
OIl_ZSc0rDE8iphiAjS-xQ,vFpbUcVAXxrSz5mFIzKbyw,3.0,2013-08-06 22:32:10,evening,1,0,1,medium,high,Springfield,Sports Bars,2,1,0
v8psG2QZjR4jx_Qs90CHlA,3CYCAfxR4aoNb7gCIsN8pg,5.0,2013-08-06 23:33:11,evening,1,0,1,long,high,St. Petersburg,Convenience Stores,2,0,0
Ase_kJIYuT6yOsqqVPuWUA,d91RHJeZE-I7TaeQdBp6MQ,3.0,2013-08-07 01:39:40,night,2,0,1,long,high,Harahan,Fast Food,1,0,1
NGGd_11d2RXR8wTurenLgg,odu3pNmc_aqySj5Yh7lFQw,5.0,2013-08-07 13:15:58,afternoon,2,0,1,medium,high,Glen Mills,Grocery,2,0,0
9kbV0gn3Ea2eAMV-Z_eX8Q,9LZWyTM6KCr6JvfWEgGeQw,4.0,2013-08-07 13:55:10,afternoon,2,0,1,medium,high,Indianapolis,Ice Cream & Frozen Yogurt,1,0,1
cIVmIJD7nIiEcVGamfBoVw,8rb-3VYXE37IZix4yOdskw,4.0,2013-08-07 14:18:39,afternoon,2,0,1,long,high,Williamstown,American (Traditional),1,1,0
pqBLlY7_IoGbu6ZdTFjzxw,dNR-b-CsrFGYhMo9zLMrCw,5.0,2013-08-07 14:39:03,afternoon,2,0,1,long,high,Brentwood,Japanese,2,0,0
pqBLlY7_IoGbu6ZdTFjzxw,1Pxg1AMf0rEn9QF__ZYoWw,5.0,2013-08-07 15:11:22,afternoon,2,0,1,medium,high,Nashville,Japanese,2,1,0
tQ6HM9ldSsYbuPugPUr-gw,DJJtybSWY0BygESsSrabqg,5.0,2013-08-07 16:07:10,afternoon,2,0,0,short,high,Philadelphia,Breakfast & Brunch,1,0,0
DejbySADs66NO3RMAuzBIw,W4ZEKkva9HpAdZG88juwyQ,4.0,2013-08-07 16:24:31,afternoon,2,0,1,long,high,New Orleans,Bars,3,1,0
m8q0X8bt7UAlawSjbG0c7Q,qALmCdmmcRHl7gAXMoY30w,3.0,2013-08-07 16:48:07,afternoon,2,0,0,medium,high,Largo,Food,2,0,0
cIVmIJD7nIiEcVGamfBoVw,hfN3l0gJ-XszD1XFGNvA6A,4.0,2013-08-07 16:49:06,afternoon,2,0,1,long,high,Collingswood,Japanese,2,0,0
xCJisO0jOB94krpxoqiuzw,V6Om7YZhlRQRU7WfuxHq8Q,4.0,2013-08-07 19:09:47,evening,2,0,1,medium,high,Philadelphia,Restaurants,1,0,0
HHp96KPsroyYDAHOwo_VSg,bSWL0YxfawjS03_g2kgujA,4.0,2013-08-07 20:55:47,evening,2,0,1,medium,high,Philadelphia,Sandwiches,1,1,1
HHp96KPsroyYDAHOwo_VSg,JUlsvVAvZvGHWFfkKm0nlg,4.0,2013-08-07 21:27:50,evening,2,0,1,medium,high,Philadelphia,Mexican,2,1,1
lRRuTimITgwzoXLIM3g9qw,OZ0t8PySiJGxpyGWPOpL6A,4.0,2013-08-07 22:35:50,evening,2,0,1,long,high,Paulsboro,Food,1,0,0
CjJhEzdWQNEKa7grwPRQyg,pj8Y-5vfbRitnnm2xJFH9w,3.0,2013-08-08 04:42:03,night,3,0,1,long,high,Philadelphia,Caribbean,2,1,1
_BcWyKQL16ndpBdggh2kNA,_EKvNMC2Mm67HzqNIzLgXg,2.0,2013-08-08 12:10:42,morning,3,0,1,long,high,Media,Restaurants,2,0,1
z9uf9-0uX5Jh8-4Y5l2PQg,GUMVStVaJfWmCIpQA4TtHg,2.0,2013-08-08 13:26:11,afternoon,3,0,1,medium,high,Philadelphia,Restaurants,2,0,0
L1ayZt4pBRKhO00OhUaLAw,W4ZEKkva9HpAdZG88juwyQ,5.0,2013-08-08 18:04:05,afternoon,3,0,1,long,high,New Orleans,Bars,3,1,0
AznsQ60apcdmn4klSTpwtw,dNR-b-CsrFGYhMo9zLMrCw,4.0,2013-08-08 20:50:48,evening,3,0,1,long,high,Brentwood,Japanese,2,0,0
V1rial53zLecglzJl9cIMA,rKmGMZfuJFopDcV0gZ9jkg,3.0,2013-08-08 22:16:47,evening,3,0,1,long,high,Furlong,Diners,2,0,0
5UDVAuh_gJcjWw5M4-xsbw,45tvAZaoMo0VhsJvPHf9sw,2.0,2013-08-08 23:10:38,evening,3,0,0,long,high,Philadelphia,Ice Cream & Frozen Yogurt,1,0,0
L1ayZt4pBRKhO00OhUaLAw,d91RHJeZE-I7TaeQdBp6MQ,1.0,2013-08-09 00:40:57,night,4,0,1,long,high,Harahan,Fast Food,1,0,1
OINYv6r1OMFK9wbDpno9AQ,4_W5pstoN1166TGjjPOrMg,3.0,2013-08-09 12:36:16,morning,4,0,1,medium,high,Philadelphia,American (Traditional),2,1,1
jQF9CqbIfpQit9B0MAG4Wg,FHNIvNgh3fS7VZQq2Y3dsA,5.0,2013-08-09 14:14:25,afternoon,4,0,1,long,high,Philadelphia,Asian Fusion,2,1,0
xjLTK4saQ2Qe_6f9IxhVWg,gUyfJlJRxu1fHuZ4dpBheQ,2.0,2013-08-09 15:00:19,afternoon,4,0,1,long,high,New Orleans,Mexican,2,1,1
IEGYLJsCYcX-r8c2_KAXRA,kHuIRfZq3aadONNFO0vEnQ,2.0,2013-08-09 16:56:42,afternoon,4,0,1,medium,high,Mt Juliet,Comfort Food,2,1,1
KFFIyUxC0TQjx__OYlmhnA,14ZGwnDyydXdSBsLXpSUrA,4.0,2013-08-09 20:00:06,evening,4,0,1,long,high,Philadelphia,Vietnamese,2,1,1
cSBFkBE3z5EO6rRS9PJvAg,PXQGiGwBqfFuO81BFB3LHg,4.0,2013-08-09 21:18:55,evening,4,0,0,long,low,Indianapolis,Soul Food,2,1,0
dgGUKdOh2a01OwLw1qgfDw,N1ZXhAVzOzbyCBPEXTaUUw,3.0,2013-08-10 00:06:05,night,5,1,1,long,high,Philadelphia,Food Delivery Services,2,0,0
PAc93PtEbYDtytBQ9Dyjug,SLreQZjicOqB_7MCfJ8MdQ,3.0,2013-08-10 19:22:49,evening,5,1,1,long,high,Tucson,Restaurants,2,0,1
_3nzCdwExy2AneQ8itz4Yg,ORL4JE6tz3rJxVqkdKfegA,5.0,2013-08-15 15:25:30,afternoon,3,0,1,medium,high,Nashville,Venues & Event Spaces,3,1,1
W83aZrDrYKwycCHB_eOYYg,wFES5bGDiPANW13hNHnXOQ,5.0,2013-08-15 17:41:27,afternoon,3,0,1,medium,high,Santa Barbara,Sushi Bars,3,1,1
ZOmHHLEYTXxxs3nWJhKoaA,-6OjnX3ZdDOhHxWR60wysg,3.0,2013-08-15 19:33:45,evening,3,0,1,long,high,Saint Louis,Burgers,2,1,1
ZOmHHLEYTXxxs3nWJhKoaA,hRHhP3fhMy3LktPyQa3s_A,3.0,2013-08-15 19:44:56,evening,3,0,1,long,high,Saint Louis,Restaurants,2,1,1
MdaiGLPoMby-kr-JMw-cZQ,ZnAr0AxYpEYK1ZHNc4fk7g,4.0,2013-08-15 20:19:12,evening,3,0,1,medium,high,Bensalem,Japanese,2,0,0
AF2wygvqImI9gbFijr13rw,1DkolDhbc0kydORZCIp7Fw,4.0,2013-08-16 01:14:46,night,4,0,1,long,high,Philadelphia,Food Stands,1,1,1
CjJhEzdWQNEKa7grwPRQyg,Q-prSTdggNlxAEFV88BZOw,5.0,2013-08-16 02:48:56,night,4,0,1,long,high,Philadelphia,Beer,2,1,1
_3nzCdwExy2AneQ8itz4Yg,NT5S6JV5wPwKOd3s3Yh1zQ,5.0,2013-08-16 03:55:03,night,4,0,1,long,high,Nashville,Restaurants,2,1,0
nFqirXVrD9cykRoCekmOHg,X7YBx8CybmIPymZ0ThCmng,3.0,2013-08-16 04:52:03,night,4,0,1,medium,high,Saint Louis,Restaurants,2,1,1
xc1opNkFCnAjsPXs7jqtfg,1DkolDhbc0kydORZCIp7Fw,4.0,2013-08-16 11:23:57,morning,4,0,0,long,high,Philadelphia,Food Stands,1,1,1
1Xz0MVR_fH-aBMDRrNSYjA,MpkCQTOV6D3XGRPbtQPj5Q,5.0,2013-08-16 12:24:49,morning,4,0,1,long,high,Avon,Vietnamese,1,0,0
V9n2Qyr-dvNg00BwMWqquQ,QyWxTsVvvqSEpU1KNblRbQ,3.0,2013-08-16 13:39:25,afternoon,4,0,1,long,high,Philadelphia,Restaurants,1,0,1
7ktyPHE-NGnWxarOqjIQiQ,NVN_23yYJDf_RAinqFICDA,4.0,2013-08-16 14:25:16,afternoon,4,0,1,long,high,Philadelphia,Hot Dogs,1,0,0
Pk-dihlvXRaVfE65ghVOLA,1DkolDhbc0kydORZCIp7Fw,2.0,2013-08-16 14:40:53,afternoon,4,0,1,medium,high,Philadelphia,Food Stands,1,1,1
1Xz0MVR_fH-aBMDRrNSYjA,viVz0HzP-_CbU07HUCquZQ,4.0,2013-08-16 15:00:35,afternoon,4,0,1,long,high,Indianapolis,Vietnamese,1,0,0
OLGQ7alK4VKl3YdQk6UF5g,1DkolDhbc0kydORZCIp7Fw,2.0,2013-08-16 15:02:49,afternoon,4,0,1,long,high,Philadelphia,Food Stands,1,1,1
B-V1eJcIwouZuUrMFQkmnA,ED4XisAKJ0IDLqCuS38eFQ,3.0,2013-08-16 15:08:13,afternoon,4,0,1,long,high,Voorhees Township,Ice Cream & Frozen Yogurt,1,0,0
Iq01HVPaGAJYJXUaCq3Dyw,1DkolDhbc0kydORZCIp7Fw,1.0,2013-08-16 15:17:49,afternoon,4,0,1,long,high,Philadelphia,Food Stands,1,1,1
1Xz0MVR_fH-aBMDRrNSYjA,zIDuAuwyaLmNwv4k18mbwA,4.0,2013-08-16 16:54:26,afternoon,4,0,1,medium,high,Indianapolis,Indian,2,1,0
HXB_ByCCp8cZm1WMjKn1Tw,Q-prSTdggNlxAEFV88BZOw,5.0,2013-08-16 17:02:37,afternoon,4,0,1,long,high,Philadelphia,Beer,2,1,1
ikWD8meznb14w9yNie3bwQ,F-vfI049swuwDR7HMOW1Fg,2.0,2013-08-16 19:27:57,evening,4,0,1,long,high,Fishers,Mexican,2,1,1
GevrFd8ojonAr4fEQB9WfA,htO_nlxkEsYHzDrtbiUxew,5.0,2013-08-16 19:29:59,evening,4,0,1,long,high,Philadelphia,Restaurants,1,0,0
OLGQ7alK4VKl3YdQk6UF5g,iU9nasCnUaf1MlI6UIzV9w,3.0,2013-08-16 19:52:35,evening,4,0,1,long,high,West Chester,Food,1,0,0
7xWrRJ5kfgcQyQ3UL3fImQ,JUlsvVAvZvGHWFfkKm0nlg,4.0,2013-08-16 21:19:47,evening,4,0,1,medium,high,Philadelphia,Mexican,2,1,1
_ry8RIiiS_k0_7MYhEu_hg,m1ohyfs8gcS9X-ZQ3Coj2Q,4.0,2013-08-17 02:06:53,night,5,1,1,long,high,Philadelphia,Food,1,1,0
IkLdv0dFGfRJrtFVJYJnLg,bbEXAEFr4RYHLlZ-HFssTA,5.0,2013-08-17 03:30:17,night,5,1,1,long,high,Goleta,Fast Food,2,0,1
3JUC7dFE8sKBrDrbTtSkaA,oJ4ik-4PZe6gexxW-tSmsw,3.0,2013-08-17 03:34:54,night,5,1,1,long,high,Indianapolis,Nightlife,2,1,1
_R-xEEF119h1faZ2xfSpjA,hEMNTKjcnhHxw9NRprl3Jw,3.0,2013-08-17 11:50:01,morning,5,1,0,short,high,Norristown,Sports Bars,2,1,1
6Jrx4sEzyYLz4XWAMVokgw,DeVlppoc8dPBhOCPrm4wmg,4.0,2013-08-17 17:17:21,afternoon,5,1,1,long,high,Indianapolis,American (Traditional),3,1,1
Vm0fyrUjwMTDgwqV6DhqDw,1DkolDhbc0kydORZCIp7Fw,2.0,2013-08-17 21:16:00,evening,5,1,1,long,high,Philadelphia,Food Stands,1,1,1
eh03Ytv4exbW33L2erx1kA,nRKndeZLQ3eDL10UMwS2rQ,5.0,2013-08-17 21:31:30,evening,5,1,0,medium,high,Saint Louis,Ice Cream & Frozen Yogurt,1,0,0
EtT1tdGlMB4nPRBekuWbqg,1T9F7iLDFAYWJvif1RKneg,5.0,2013-08-17 22:33:17,evening,5,1,1,medium,high,Indianapolis,Restaurants,2,1,0
JyzLjUFEIW3epNlHI6Oa6Q,KhBUg5QhBYuK8RZAe5gDMQ,3.0,2013-08-18 01:57:33,night,6,1,1,medium,high,Tampa,Restaurants,2,1,0
JyzLjUFEIW3epNlHI6Oa6Q,2kuhZOrWcLYe_XePccr4lA,4.0,2013-08-18 02:00:23,night,6,1,1,long,high,Tampa,Restaurants,2,1,1
Kc7HEHQUSO9NiEpb6C5fyg,ltBBYdNzkeKdCNPDAsxwAA,4.0,2013-08-18 09:32:48,morning,6,1,1,medium,high,Nashville,Cocktail Bars,2,1,0
Kc7HEHQUSO9NiEpb6C5fyg,NcO-pWiZmNM5zBg8H9zB6Q,4.0,2013-08-18 09:36:05,morning,6,1,1,long,high,Smyrna,Food,2,1,1
rL2hC27iA1AB9RvdLLbkNA,sdFJSq-EgmtplIwUamRwTQ,1.0,2013-08-18 13:19:16,afternoon,6,1,1,long,high,New Orleans,Beer,2,1,1
sgK8_cpe6FTk2HD0P27K0g,yDHINEt7By47My7x4Mb8oA,4.0,2013-08-18 14:53:18,afternoon,6,1,0,medium,high,West Conshohocken,Salad,2,1,1
ivW0Vad81qJ8SIgqJ8p1Mw,8s1uT8dyBEUwTNeHoZntMg,4.0,2013-08-18 15:23:40,afternoon,6,1,1,long,high,Nashville,Restaurants,1,1,1
I-wq3PJNBlaZ8tpi0SdS8A,lj-E32x9_FA7GmUrBGBEWg,5.0,2013-08-18 16:37:50,afternoon,6,1,1,long,high,St Louis,Bars,2,1,1
cUk4n3GMShdIr5pLyt9PFQ,jGewGnIYcf9LFBcR8lMC5g,4.0,2013-08-18 18:48:09,afternoon,6,1,1,long,high,Media,Italian,2,1,1
nFqirXVrD9cykRoCekmOHg,nRKndeZLQ3eDL10UMwS2rQ,5.0,2013-08-18 18:49:07,afternoon,6,1,1,long,high,Saint Louis,Ice Cream & Frozen Yogurt,1,0,0
D8CF2H3DYtNJlzR0IITMHQ,tr366vgAkbcpJBVKSdBxZg,4.0,2013-08-18 20:30:42,evening,6,1,1,medium,high,Reno,Mexican,1,0,0
pkmzFPcVsM5I_fdKDQkufA,eFvzHawVJofxSnD7TgbZtg,4.0,2013-08-18 20:36:26,evening,6,1,1,medium,high,Philadelphia,Food,1,0,1
B9iPTih0dmpZn6fRyZnLLg,toMVWIsPJmS7-LiLAf2AfA,5.0,2013-08-18 20:58:57,evening,6,1,1,long,high,Philadelphia,Food,2,1,0
NqBYt9pw7kNoytFQ9ATS-w,-ATiAtTikuGuqvaW2O6tNA,4.0,2013-08-18 21:40:08,evening,6,1,1,medium,high,Philadelphia,Sandwiches,2,1,1
EMJV9rib660I4RpMsbzWbg,d91RHJeZE-I7TaeQdBp6MQ,4.0,2013-08-18 21:53:13,evening,6,1,1,medium,high,Harahan,Fast Food,1,0,1
E2CuwvUZdhvrAvvNdmmN8A,ubIwwAx-JxZmgSoJgW_0og,4.0,2013-08-18 23:41:30,evening,6,1,1,long,high,Tampa,Food,2,1,1
nDvQAlraWcKds2XJLS2GkA,9dGzGbNKLMP0_wOqI5GffQ,5.0,2013-08-19 00:05:59,night,0,0,0,long,high,Brandon,Restaurants,2,1,0
KVN1eio-4QU3zlkPmZHRFQ,d7qakwHU-hsjUgf2VypdHA,4.0,2013-08-19 01:30:58,night,0,0,1,medium,high,Earth City,Restaurants,1,0,0
yr05GyWHR1u2yZffmfFkbg,wCgIJhH_CTuwsSZPcafkng,5.0,2013-08-19 03:15:38,night,0,0,1,short,high,Indianapolis,Food,1,0,0
WT36RE4WkUIaEbLDjkPB3g,-sSGKR1V1oBm7BJicIXozg,2.0,2013-08-19 03:17:32,night,0,0,1,long,high,Downingtown,Gluten-Free,2,1,1
AmM4Lfk15XfqRGCINWgkOQ,5TVWytR2oNbSKYgfxypuBw,4.0,2013-08-19 11:49:56,morning,0,0,1,long,high,Saint Louis,Cafes,2,0,1
0MJ5sKX5uq7Ma5hbl4l3BQ,lRbHFOIFuusN2WOR_ypQ_A,4.0,2013-08-19 12:34:45,morning,0,0,1,medium,high,Philadelphia,Restaurants,2,0,0
eVWgnIaMMelbcIzydSqWMA,r-kln94enJMMmCWmzbXO2g,5.0,2013-08-19 13:59:03,afternoon,0,0,1,medium,high,Philadelphia,Food,2,0,0
2iS1vg5TYpV_iEiNC8osTg,HCbJPXWXvwN-C7XfmVy3gA,3.0,2013-08-19 14:22:24,afternoon,0,0,1,long,high,Indianapolis,Desserts,2,1,1
nLOF2qXMJfTbbcVtDo8oZA,33JlrWf0kmHd2VzW58Wp0g,4.0,2013-08-19 15:27:02,afternoon,0,0,1,medium,high,Saint Louis,Bars,2,1,1
aN3hqwdyeT6AmyUq3GgIIA,Oun4NN-u5yiHIxDqtJnxgA,5.0,2013-08-19 16:38:40,afternoon,0,0,1,medium,high,Philadelphia,Restaurants,1,0,0
bBd8sOgkhbaEeZHjczV8ZQ,NBlB85ch_WCxYJ4fPWHxJA,5.0,2013-08-19 16:40:52,afternoon,0,0,1,long,high,Philadelphia,Mexican,1,0,0
REFGsoLynoBWxdTEJeXYfw,z22hSRptt_DS0nWjsIka2A,4.0,2013-08-19 16:56:56,afternoon,0,0,1,long,high,Royersford,Restaurants,2,1,0
3hANLGwpP5tXgHOes2XheA,ymoEdJB5NE56sWw74uyX7A,5.0,2013-08-19 18:22:20,afternoon,0,0,1,long,high,Indianapolis,Sushi Bars,2,1,1
sh3V6hnNMLVV9YwFA9QNaw,P0yKtQ4cFjNTY1X2CIdzBw,5.0,2013-08-19 18:53:24,afternoon,0,0,1,long,high,Tampa,Hotels & Travel,4,1,1
mxZfJDk8_cOO19c7xiMffQ,K8b2MQ5Az59-nzvqUfjJEQ,5.0,2013-08-20 01:38:08,night,1,0,1,long,high,Philadelphia,American (New),3,0,0
1fXS4UoB6VPPPiKISWb6uQ,UM6XgOtTX4DWWcGDTWtjEg,4.0,2013-08-20 08:31:40,morning,1,0,1,short,high,St Louis,Dance Clubs,1,1,1
mWamaq-Awy6tf7U4bCtT1A,GUMVStVaJfWmCIpQA4TtHg,4.0,2013-08-20 11:32:30,morning,1,0,1,medium,high,Philadelphia,Restaurants,2,0,0
Cltm3tgipVMnVbzpv7K1Vw,Gjp3AjbcW3MQjkQv6BPQKA,1.0,2013-08-20 13:13:55,afternoon,1,0,1,medium,high,Ballwin,Food,2,1,1
V9n2Qyr-dvNg00BwMWqquQ,1DkolDhbc0kydORZCIp7Fw,2.0,2013-08-20 20:18:24,evening,1,0,1,long,high,Philadelphia,Food Stands,1,1,1
0YI3p9o-ntRgRaPWpfa22Q,S_tu8JCeZsbpgJsqRFaSBg,5.0,2013-08-20 20:28:58,evening,1,0,1,medium,high,Carmel,Restaurants,1,0,0
3PB1TY8e8NnnHBHTb96p7Q,VbItL6RDULtnw4YvB6EhVg,4.0,2013-08-20 21:03:04,evening,1,0,1,medium,high,Philadelphia,Tex-Mex,2,0,0
DbNKK25oOzfHxyfBHlOaDg,9mE7Xp0hH6TMv3eaf2Ylxg,5.0,2013-08-21 01:35:13,night,2,0,1,long,high,Franklin,Bars,3,1,0
DejbySADs66NO3RMAuzBIw,oCtDz1M-m-iYH1cG2o4mtA,5.0,2013-08-21 09:49:48,morning,2,0,1,long,high,New Orleans,Food Trucks,1,0,0
0dIvVs3PY64bE3PZF-8V8A,D4n4j_pBOhDJB6u1LRFaew,4.0,2013-08-21 12:04:47,morning,2,0,1,long,high,Saint Louis,Bakeries,2,0,0
EIt66bYmFr_2kbs5qsL-0Q,3c9TiufCFT2yXXj3R08Vwg,5.0,2013-08-21 14:43:20,afternoon,2,0,1,long,high,Plant City,Southern,1,1,0
IKbjLnfBQtEyVzEu8CuOLg,oBhJuukGRqPVvYBfTkhuZA,4.0,2013-08-21 15:40:19,afternoon,2,0,1,long,high,Philadelphia,American (New),2,1,1
-KduD3wwydWDq2GrODh2tw,viVz0HzP-_CbU07HUCquZQ,5.0,2013-08-21 17:27:45,afternoon,2,0,1,medium,high,Indianapolis,Vietnamese,1,0,0
6Jrx4sEzyYLz4XWAMVokgw,pafrjSu3h0v0N8GR3ghNtQ,5.0,2013-08-21 21:32:50,evening,2,0,1,long,high,Indianapolis,Cajun/Creole,1,0,1
8F40CcWfYuIh_vaP0Ca4cw,2FnoLyEO0nq7g2Wz8x7Z5A,4.0,2013-08-22 13:22:39,afternoon,3,0,0,long,high,Bala Cynwyd,Juice Bars & Smoothies,2,0,1
yaR320zf6QaQtSn637FKKw,MpkCQTOV6D3XGRPbtQPj5Q,5.0,2013-08-22 15:04:08,afternoon,3,0,0,long,low,Avon,Vietnamese,1,0,0
KnPrhgAtSuUEA4PYSLFDVg,O286wXm4mcznQn_1JieD1g,3.0,2013-08-22 18:37:41,afternoon,3,0,1,long,high,Philadelphia,Event Planning & Services,3,0,0
Slc16vviuuTWgZ9OsaJzKQ,Oun4NN-u5yiHIxDqtJnxgA,2.0,2013-08-23 00:20:29,night,4,0,0,medium,high,Philadelphia,Restaurants,1,0,0
JSzIwMqdSI74_ztnbWzsEA,llYsxQ0IuKh0HXULlqu6fw,3.0,2013-08-23 02:49:26,night,4,0,1,medium,high,Tampa,Filipino,2,0,0
-ZHlPAvlVdgtiu6DiCq7Yg,9LZWyTM6KCr6JvfWEgGeQw,3.0,2013-08-23 13:13:03,afternoon,4,0,1,medium,high,Indianapolis,Ice Cream & Frozen Yogurt,1,0,1
xjLTK4saQ2Qe_6f9IxhVWg,edO1Rej_-_I4vPSVYIZ5NQ,2.0,2013-08-23 17:27:30,afternoon,4,0,1,medium,high,New Orleans,Italian,2,0,0
7Td9DntkgdAMmXqxHTo-Kg,kqAa2CtPGA-QsZhhbzpzUQ,4.0,2013-08-23 17:51:56,afternoon,4,0,1,medium,high,Nashville,Mediterranean,2,0,1
nDvQAlraWcKds2XJLS2GkA,U0ICWpbd1C0GD9SpIv3bSA,3.0,2013-08-23 18:34:26,afternoon,4,0,0,long,high,Brandon,Restaurants,2,1,1
V9n2Qyr-dvNg00BwMWqquQ,mUIBtlWNPD7sz3rGGWQ1RA,4.0,2013-08-23 19:19:13,evening,4,0,1,long,high,Philadelphia,Mediterranean,2,0,1
Gv2wHeY8sQuyEUS8yX56HA,t23d7WBOMl6QBHdESZn8eA,3.0,2013-08-23 21:21:44,evening,4,0,0,medium,high,Sherwood Park,Donairs,1,0,0
Slc16vviuuTWgZ9OsaJzKQ,eMiN8nm70jjKg8izikVWDA,4.0,2013-08-23 22:44:36,evening,4,0,0,medium,high,Philadelphia,Seafood,2,1,1
_ry8RIiiS_k0_7MYhEu_hg,GUMVStVaJfWmCIpQA4TtHg,2.0,2013-08-26 04:15:48,night,0,0,1,long,high,Philadelphia,Restaurants,2,0,0
TINJU5ib4OMlCL07JqYGhA,ahc6Wx3A9tmoHCtad_z3wg,3.0,2013-08-26 15:44:08,afternoon,0,0,1,long,high,New Orleans,Arts & Entertainment,1,1,1
5bJpDx4c7x9fYzdltOhfbw,eFvzHawVJofxSnD7TgbZtg,4.0,2013-08-27 16:00:06,afternoon,1,0,0,medium,high,Philadelphia,Food,1,0,1
ZD-jYEYc9ql5D4szAxmvNA,kpK6SmxIiNoGPNhlEGiL4w,4.0,2013-09-04 14:54:01,afternoon,2,0,0,medium,high,Saint Louis,Italian,2,1,1
-ZHlPAvlVdgtiu6DiCq7Yg,-xzkqW1y4L9PTAPJjJu3yQ,3.0,2013-09-04 14:57:14,afternoon,2,0,1,long,high,Indianapolis,Italian,2,0,0
zfD3xhVNkGJs-AOOSslqtQ,LGi-u2zVoSciM0F_2nSg8g,3.0,2013-09-04 15:24:14,afternoon,2,0,1,medium,high,Maple Shade,Department Stores,2,0,0
bWfU-XOaVHOsNAfLIJtA3w,9_m_iA3VAqGBJEW5XLc-5w,5.0,2013-09-04 16:50:00,afternoon,2,0,0,long,high,Indianapolis,Food,2,0,0
HXB_ByCCp8cZm1WMjKn1Tw,rQW9iupvhk6ScPn2VPNLVQ,5.0,2013-09-04 17:51:19,afternoon,2,0,1,long,high,Philadelphia,Food Trucks,1,0,0
Pk-dihlvXRaVfE65ghVOLA,FsRAHiYUERqUIeGVt49svA,4.0,2013-09-05 01:49:46,night,3,0,1,medium,high,Philadelphia,Restaurants,1,0,0
RRsbPGYyKJ3zqMMkzcHZaQ,NVN_23yYJDf_RAinqFICDA,5.0,2013-09-05 02:26:16,night,3,0,1,long,high,Philadelphia,Hot Dogs,1,0,0
DbNKK25oOzfHxyfBHlOaDg,vOgQnvKbE4nMopFTjoL8Gg,4.0,2013-09-05 02:45:05,night,3,0,1,long,high,Nashville,Lounges,3,1,1
vKwoXHvV58QtXyI0KcVKKQ,Edg22x3CZkIv0GUib2oEFA,4.0,2013-09-05 13:24:02,afternoon,3,0,1,long,high,New Orleans,Pizza,2,1,1
Cbr8ES0BPeXzmGssfgIvqg,e9J0IWHyYGU-AcCqTQ7lSA,3.0,2013-09-05 15:23:42,afternoon,3,0,1,medium,high,Tampa,Restaurants,2,1,0
sgK8_cpe6FTk2HD0P27K0g,1UNorskttXSWuEcgzKzXcA,4.0,2013-09-05 21:47:53,evening,3,0,0,medium,high,Philadelphia,Lounges,3,1,1
HXB_ByCCp8cZm1WMjKn1Tw,FHNIvNgh3fS7VZQq2Y3dsA,3.0,2013-09-05 23:26:37,evening,3,0,1,long,high,Philadelphia,Asian Fusion,2,1,0
QLPylO8wa5C4XeY4LhGUuw,-JStjL-8mRZq4ov4uI1FaQ,4.0,2013-09-06 10:48:05,morning,4,0,0,medium,high,Dublin,Restaurants,2,0,0
7xWrRJ5kfgcQyQ3UL3fImQ,A0F-h3xJm_6gHDKcDQwSrQ,3.0,2013-09-06 13:56:38,afternoon,4,0,1,medium,high,Philadelphia,Pizza,2,1,1
0ackih4Gue2nHIFzUNhpLA,WMgB7_odx8hk3BFQAIZ5hQ,5.0,2013-09-06 18:51:13,afternoon,4,0,1,long,high,Smyrna,Laotian,2,0,0
0ackih4Gue2nHIFzUNhpLA,mGpLYGly9TmJsWiELfHXYg,5.0,2013-09-06 18:59:57,afternoon,4,0,1,long,high,Smyrna,Cajun/Creole,2,1,1
EP8o8JnQSI0WEkeodwA8lA,x4XDkWR9fgP4TItqMr8A8A,3.0,2013-09-06 20:22:35,evening,4,0,1,long,high,New Orleans,Food,2,0,0
jAP_EiSAz9r3q7o3ZGAS8g,mtowE4p6gOgyGrHAsMz-rg,2.0,2013-09-06 22:18:38,evening,4,0,1,long,high,Wilmington,Food,1,0,1
8gzEcivVyxzKO16TUoYdZQ,d-37SrSuOew0uqwuOM_w7w,4.0,2013-09-06 23:40:53,evening,4,0,1,short,high,Indianapolis,Thai,1,0,0
HOy4vtxyF-UD9bv9jmZGEw,I5KZm-NnxYeEQsmp6nK5_w,3.0,2013-09-07 00:10:49,night,5,1,0,medium,high,Philadelphia,Food,2,1,1
ld0AperBXk1h6UbqmM80zw,HcEOK1WiOpHvhZtp7PkRmg,3.0,2013-09-07 02:02:52,night,5,1,1,medium,high,Nashville,Restaurants,2,1,1
yaR320zf6QaQtSn637FKKw,oJ4ik-4PZe6gexxW-tSmsw,3.0,2013-09-07 03:30:06,night,5,1,0,long,low,Indianapolis,Nightlife,2,1,1
bbPl-oSG4eLJL1uWupxiwg,4RMHlggaIdNibPUJPVEd6w,4.0,2013-09-07 13:43:08,afternoon,5,1,0,short,high,Philadelphia,American (New),2,1,1
bbPl-oSG4eLJL1uWupxiwg,EtKSTHV5Qx_Q7Aur9o4kQQ,4.0,2013-09-07 13:45:47,afternoon,5,1,0,short,high,Philadelphia,Bars,2,1,1
TUR21jv1-_GCwmeO3ouOBg,P3qii5-Hch2tDd1e59znXQ,4.0,2013-09-07 14:56:58,afternoon,5,1,1,long,high,Tampa,Food,1,1,0
WJVedIAJN0FRxDn6M1tLkA,EtKSTHV5Qx_Q7Aur9o4kQQ,5.0,2013-09-07 20:36:26,evening,5,1,1,long,high,Philadelphia,Bars,2,1,1
WJVedIAJN0FRxDn6M1tLkA,7lwe7n-Yc-V9E_HfLAeylg,4.0,2013-09-07 20:46:04,evening,5,1,1,long,high,Philadelphia,Restaurants,2,1,1
B9iPTih0dmpZn6fRyZnLLg,u7_3L1NBWgxhBM_B-cmmnA,4.0,2013-09-07 21:16:11,evening,5,1,1,long,high,Philadelphia,Italian,2,1,1
R-c5M0iJkMxxTxIqTQQZ8w,e_9qxd4k6z58I9-b3vBxBA,2.0,2013-09-07 22:55:26,evening,5,1,0,medium,high,St Albert,Vietnamese,2,0,0
3RuPbLjp9EDWlb1eTiNYsw,rW_9aLoDvGnkEaqJTdhiBA,5.0,2013-09-07 23:28:50,evening,5,1,1,long,high,Tampa,Delis,2,1,1
rvlJ2fOucVo7I3wYJAFYTQ,1T9F7iLDFAYWJvif1RKneg,1.0,2013-09-08 00:51:52,night,6,1,0,long,high,Indianapolis,Restaurants,2,1,0
ZH3PVSJ9OFcps-MXsJu09w,5RzJ2bjU8bLSaN5SuiUpYA,5.0,2013-09-08 15:07:48,afternoon,6,1,1,long,high,Indianapolis,Event Planning & Services,2,1,1
1KVMrASElCoqaPOBqHeY1g,JgpnXv_0XhV3SfbfB50nxw,5.0,2013-09-08 16:40:46,afternoon,6,1,1,long,high,Tampa,Restaurants,1,1,0
GcdYgbaF75vj7RO6EZhPOQ,WAPhi7JdwIvdTBgM9KsxHA,5.0,2013-09-08 20:56:44,evening,6,1,1,long,high,Haddon Township,Grocery,1,0,0
-G7Zkl1wIWBBmD0KRy_sCw,opVI-uorLFVxnv0urDKZUw,3.0,2013-09-08 23:44:47,evening,6,1,1,long,high,Pipersville,Street Vendors,1,1,0
mzL0zHFGyd9866OUljq49g,K8b2MQ5Az59-nzvqUfjJEQ,5.0,2013-09-09 01:42:15,night,0,0,1,long,high,Philadelphia,American (New),3,0,0
mzL0zHFGyd9866OUljq49g,2dlQX5sP9X6Dlm1MmNOlSw,5.0,2013-09-09 01:48:15,night,0,0,1,long,high,Philadelphia,Food,1,0,1
Um5bfs5DH6eizgjH3xZsvg,radib3GHt_Up9-zhUjM1ew,4.0,2013-09-09 02:23:06,night,0,0,1,long,high,Clearwater,Fast Food,2,1,1
60RKNAZwY5EUooJf624aKw,_PRReGRG73wT8edwsfWbuQ,5.0,2013-09-09 02:37:51,night,0,0,1,long,high,Saint Louis,Food,2,0,0
B4TOHqJvwqYS5F4rRkTQ7Q,mUIBtlWNPD7sz3rGGWQ1RA,4.0,2013-09-09 03:10:57,night,0,0,0,medium,high,Philadelphia,Mediterranean,2,0,1
-rGU3wo4fgEnGRboYdMTjw,I0053JmJ5DEFUWSJ8pikhA,1.0,2013-09-09 04:29:56,night,0,0,1,long,high,Tucson,Buffets,2,0,0
0dIvVs3PY64bE3PZF-8V8A,D4n4j_pBOhDJB6u1LRFaew,5.0,2013-09-09 13:08:59,afternoon,0,0,1,long,high,Saint Louis,Bakeries,2,0,0
cHVfkm_h_vKt-ZIWMYQcrg,JcP1z6eZBgTIcxWlyxSw0g,5.0,2013-09-09 13:56:56,afternoon,0,0,0,long,high,New Orleans,American (New),3,1,1
7iFUtwc9hhgGCThohNFwtw,BVndHaLihEYbr76Z0CMEGw,1.0,2013-09-09 13:59:02,afternoon,0,0,0,long,high,Tampa,Sandwiches,1,0,1
-KduD3wwydWDq2GrODh2tw,E-4t5Hoon6aVFTWDPz26fQ,3.0,2013-09-09 14:13:40,afternoon,0,0,1,long,high,Indianapolis,Restaurants,2,1,1
0ackih4Gue2nHIFzUNhpLA,-YjlbpEMGw_6VHAYH8gnCQ,3.0,2013-09-09 14:15:58,afternoon,0,0,1,medium,high,Franklin,Noodles,1,0,1
7iFUtwc9hhgGCThohNFwtw,oJRjeio1OBablDFr--__Xg,2.0,2013-09-09 14:27:31,afternoon,0,0,0,short,high,Tampa,Food,1,1,0
2a9uyq3zsX5RIxG_jtpM4Q,u7_3L1NBWgxhBM_B-cmmnA,4.0,2013-09-09 15:31:48,afternoon,0,0,1,medium,high,Philadelphia,Italian,2,1,1
2vgqdk3vuAM-LTRKxI9nfA,WB7-m5YtEhSwMqEOfbFfyg,5.0,2013-09-09 15:37:34,afternoon,0,0,1,medium,high,Saint Louis,Bakeries,1,0,0
OLGQ7alK4VKl3YdQk6UF5g,u7_3L1NBWgxhBM_B-cmmnA,4.0,2013-09-09 16:06:47,afternoon,0,0,1,long,high,Philadelphia,Italian,2,1,1
j7gM2jTyQu3EIXVDvZSQ8Q,GJRL2aR72jk7xnQh3hn1fA,2.0,2013-09-09 16:18:39,afternoon,0,0,0,long,high,Plymouth Meeting,Event Planning & Services,2,1,0
-G7Zkl1wIWBBmD0KRy_sCw,-d8B04ueyxADRutlcHYewQ,3.0,2013-09-09 18:23:13,afternoon,0,0,1,long,high,Doylestown,American (New),2,0,1
uD4ssusutbH1PgnadpZsSQ,V4hrRo9WgMfwaFSQy7KinQ,5.0,2013-09-09 19:06:02,evening,0,0,0,long,high,Reno,Nightlife,1,1,1
0-hb63A9uWjR1YIyVMu6rg,JOvNunKJlWhwJRwLmUR9ZA,5.0,2013-09-09 20:17:57,evening,0,0,1,long,high,St Petersburg,Bars,2,1,1
0-hb63A9uWjR1YIyVMu6rg,D2kZP7jvrWTuRzcPY6NbqA,5.0,2013-09-09 21:01:07,evening,0,0,1,long,high,St. Petersburg,Restaurants,1,1,1
MdUimpfJQHijcy1DZu-r4A,r1XrdSiWFp-CeZJ4ik7zoQ,4.0,2013-09-09 21:24:59,evening,0,0,1,long,high,Wayne,Caterers,2,0,1
dbWn8HCsG3eI9AmS2G3O2g,nvb8SFi1-LzaQHEhUnw_7g,2.0,2013-09-10 00:20:17,night,1,0,1,long,high,Treasure Island,Restaurants,2,1,1
VlWFHDz-ONz1tiWSD7obcw,RnqU698MbIjq_eZHEzYL6g,3.0,2013-09-10 02:42:17,night,1,0,0,long,low,Tampa,Seafood,1,0,0
xy8g2CWmhScQ946xSyRUAw,Dv6RfXLYe1atjgz3Xf4GGw,4.0,2013-09-10 03:20:04,night,1,0,1,long,high,Philadelphia,Burgers,2,0,1
_kcHxYPXRYjU4hk2xtCO0w,f4vbnGoGo3eWorVekctVGQ,5.0,2013-09-10 15:28:58,afternoon,1,0,1,long,high,New Orleans,Restaurants,2,0,1
W83aZrDrYKwycCHB_eOYYg,eL4lyE7LNoXEMvpcJ8WNVw,3.0,2013-09-10 15:33:13,afternoon,1,0,1,long,high,Santa Barbara,Bars,2,1,1
VQ3J0tYADb5SjCqUiU0StQ,_UkuPzo66XqIN2hvYLlqEQ,2.0,2013-09-10 16:01:35,afternoon,1,0,1,long,high,Springfield,Restaurants,2,1,0
KFFIyUxC0TQjx__OYlmhnA,OHzX-ZD9qyoeoxR8Z0dlIA,4.0,2013-09-10 19:57:09,evening,1,0,1,long,high,Philadelphia,Restaurants,2,1,1
rL2hC27iA1AB9RvdLLbkNA,BJBSwMKADtYjqFDCL3-zkw,1.0,2013-09-10 20:32:27,evening,1,0,1,medium,high,New Orleans,American (Traditional),2,0,0
8ZoIRlxtj6p1gtawxt7DNA,ut6fi2W2YaipNOqvi7e0jw,4.0,2013-09-10 22:39:36,evening,1,0,1,long,high,Carmel,Nightlife,2,1,1
LMvGr9_gUrIwnD2iBS5MlQ,37BpNvlEAT6WVGsksrHbBQ,5.0,2013-09-11 00:52:55,night,2,0,0,long,high,Nashville,Sushi Bars,2,1,1
6PZxoJFHQFfmN5J0eBqeyQ,r1XrdSiWFp-CeZJ4ik7zoQ,2.0,2013-09-11 13:56:12,afternoon,2,0,0,medium,high,Wayne,Caterers,2,0,1
_ljIoh025OGAvWz_Kvq6EQ,7tN8hIXdQlfc7Lf5OOyjeg,4.0,2013-09-11 18:52:37,afternoon,2,0,1,long,high,Tampa,American (Traditional),2,1,1
_BcWyKQL16ndpBdggh2kNA,rQW9iupvhk6ScPn2VPNLVQ,4.0,2013-09-12 18:06:03,afternoon,3,0,1,medium,high,Philadelphia,Food Trucks,1,0,0
0G-QF457q_0Z_jKqh6xWiA,VCjvaX_78oEKG3I9oTJEag,5.0,2013-09-12 18:06:34,afternoon,3,0,1,long,high,New Orleans,Coffee & Tea,1,0,1
XRodxenm9sHoYbD15Em4nQ,dD2p903p8lU0IgXT3OFluA,4.0,2013-09-12 21:34:35,evening,3,0,1,long,high,Nashville,Breakfast & Brunch,1,1,1
YEiJOtOBBRKEpRuvZNA9Cg,caGpaptBP4BKJkpH5W6cvA,4.0,2013-09-12 22:59:12,evening,3,0,1,medium,high,Tucson,Food,1,0,0
Gv2wHeY8sQuyEUS8yX56HA,8p9TNDj2r-rf1pPmBSc5wQ,3.0,2013-09-12 23:52:28,evening,3,0,0,medium,high,Edmonton,Pizza,2,0,0
4381-bSqHKt_tF5PQH2epQ,i1kwgtoCQN3t5curFYWRUg,1.0,2013-09-13 00:06:07,night,4,0,1,long,high,St. Petersburg,Restaurants,2,1,1
lYcU4ZTWITaPvRjdBFdr_w,MPY4UwRBU_wYxlaYViIHMw,3.0,2013-09-13 12:15:37,morning,4,0,1,medium,high,Brentwood,Food,1,1,1
JRXbWVcU-uugX2DATU3nRA,_aKr7POnacW_VizRKBpCiA,5.0,2013-09-13 14:08:34,afternoon,4,0,1,long,high,Saint Louis,Delis,1,1,0
Vm0fyrUjwMTDgwqV6DhqDw,pIYHiRUoUH_lsLmvzDoapw,4.0,2013-09-14 03:43:10,night,5,1,1,long,high,Haddonfield,Food,2,0,0
wmqsehbFirZPlAluJUakeQ,2rQFgavS-942RapZTBSBTw,3.0,2013-09-14 17:40:55,afternoon,5,1,0,long,high,Bryn Mawr,Italian,2,1,1
WJVedIAJN0FRxDn6M1tLkA,FsRAHiYUERqUIeGVt49svA,3.0,2013-09-14 21:55:47,evening,5,1,1,long,high,Philadelphia,Restaurants,1,0,0
Od2Ev0b92eKrciDJIRVNpQ,dfKF-oAUf3yjnD0WBYDyZQ,4.0,2013-09-19 12:02:09,morning,3,0,1,long,high,Philadelphia,Food,1,1,0
tgkjSWCcWXAAk2DScYmQrg,iU9nasCnUaf1MlI6UIzV9w,3.0,2013-09-20 04:33:59,night,4,0,1,long,high,West Chester,Food,1,0,0
qjfMBIZpQT9DDtw_BWCopQ,Ok0y3WvijsjmUpGAwlAZOQ,4.0,2013-09-20 15:43:55,afternoon,4,0,1,short,high,Wesley Chapel,Coffee & Tea,1,0,1
-THLGnsYKu3yQAsy_tt1fw,PXQGiGwBqfFuO81BFB3LHg,2.0,2013-09-20 17:17:42,afternoon,4,0,1,long,high,Indianapolis,Soul Food,2,1,0
yaR320zf6QaQtSn637FKKw,Tcf5_PclJOpuLMfYQUG8jw,4.0,2013-09-20 23:34:38,evening,4,0,0,medium,low,Avon,Restaurants,2,1,1
IkLdv0dFGfRJrtFVJYJnLg,CYwC5OjwCN6ib_AQDxi3Ow,3.0,2013-09-21 01:56:15,night,5,1,1,long,high,Goleta,Restaurants,1,0,0
ZCbJ-QFRIMfqJQv9XG4XcA,u7_3L1NBWgxhBM_B-cmmnA,5.0,2013-09-21 19:23:05,evening,5,1,0,long,high,Philadelphia,Italian,2,1,1
0dIvVs3PY64bE3PZF-8V8A,Tq5jFk_BMSJG8-flqj5Bgw,5.0,2013-09-21 23:38:40,evening,5,1,1,medium,high,University City,Salad,2,1,1
t1NNDZV1kMoyZeE5mr3U3w,_PRReGRG73wT8edwsfWbuQ,5.0,2013-09-23 19:28:37,evening,0,0,1,long,high,Saint Louis,Food,2,0,0
Wjia69bHEb7xeWMlxWNPGA,WQ832PDnsDshhbQFm83ISg,3.0,2013-09-23 23:44:48,evening,0,0,1,long,high,Tampa,Cinema,2,1,0
2a9uyq3zsX5RIxG_jtpM4Q,5iuo1kvv0XZMS0bUOoLz2Q,2.0,2013-09-24 16:58:22,afternoon,1,0,1,medium,high,Philadelphia,Restaurants,2,1,0
4UAqdgiCe1jwI1IQl96MIA,Dv6RfXLYe1atjgz3Xf4GGw,3.0,2013-09-24 18:40:29,afternoon,1,0,0,long,high,Philadelphia,Burgers,2,0,1
P-YebwBHwvPL4kfU8xXhNA,ltBBYdNzkeKdCNPDAsxwAA,3.0,2013-09-25 13:35:41,afternoon,2,0,1,long,high,Nashville,Cocktail Bars,2,1,0
PGx_pmKGlmzK4Y_15IWAUw,u7_3L1NBWgxhBM_B-cmmnA,3.0,2013-09-28 02:50:30,night,5,1,1,long,high,Philadelphia,Italian,2,1,1
BllxaGmCtQAUyhGBDNjUWA,w520vYWEpEYBf90rSr9NVA,4.0,2013-09-29 00:42:21,night,6,1,0,long,high,Nashville,Thai,2,0,1
IJJETLhfEVvuUF_UfA7Hug,G6kRQylkjNNE-yUXM2muBg,4.0,2013-10-03 12:26:05,morning,3,0,1,short,high,Brandon,Bagels,1,0,0
u58FjSNB9K9ST_FQ5SAT3g,AbbIoHhBEMZndmIm07L4Og,4.0,2013-10-03 17:19:37,afternoon,3,0,1,long,high,Reno,Food,1,0,0
sh3V6hnNMLVV9YwFA9QNaw,n5P6-HWN3kFSYBxfVfDxEg,4.0,2013-10-03 18:30:57,afternoon,3,0,1,medium,high,Clearwater Beach,Hotels & Travel,2,1,1
_kcHxYPXRYjU4hk2xtCO0w,OcatdPIYh9X2Du3Lo5YKOQ,5.0,2013-10-04 00:49:59,night,4,0,1,long,high,New Orleans,Restaurants,2,1,1
xYgdYioZpHUxApiddFhCxg,0wQCEcpZ57TmTm6EmEDsIw,3.0,2013-10-04 01:51:11,night,4,0,1,long,high,St Charles,Food,2,1,1
ryisT19-tzvMyVVi0iLvwA,FHNIvNgh3fS7VZQq2Y3dsA,2.0,2013-10-04 02:05:07,night,4,0,1,long,high,Philadelphia,Asian Fusion,2,1,0
2qfEiGZrOYwm2HX9ai4SNA,ED4XisAKJ0IDLqCuS38eFQ,4.0,2013-10-04 11:07:42,morning,4,0,1,long,high,Voorhees Township,Ice Cream & Frozen Yogurt,1,0,0
OmL2bjLvvRxg1brM5Pehgw,paO0ETshl56TNSaEyzm9Cw,4.0,2013-10-04 17:08:51,afternoon,4,0,1,long,high,Philadelphia,Coffee & Tea,2,0,1
rL5uMarIYnEMgDr09pafqg,QUnvoceeKLK201dOflQThA,4.0,2013-10-04 18:00:03,afternoon,4,0,1,long,high,New Orleans,Street Vendors,1,0,0
mzL0zHFGyd9866OUljq49g,vFpbUcVAXxrSz5mFIzKbyw,2.0,2013-10-04 18:47:30,afternoon,4,0,1,long,high,Springfield,Sports Bars,2,1,0
Cltm3tgipVMnVbzpv7K1Vw,Uy0r4bzRmY5LFtDfzNgkag,4.0,2013-10-04 22:38:52,evening,4,0,1,long,high,University City,Mexican,2,1,0
fdFgZQQYQJeEAshH4lxSfQ,1feuZITxuTrl9mr7V11kwQ,2.0,2013-10-05 03:57:08,night,5,1,1,long,high,Tucson,Coffee & Tea,1,0,1
dgGUKdOh2a01OwLw1qgfDw,Yv6HUVu7fRMnt_NtGdVQBw,3.0,2013-10-05 04:18:52,night,5,1,1,medium,high,Nashville,Restaurants,2,1,0
2qfEiGZrOYwm2HX9ai4SNA,RuuGJoMm2Y3wbLbPPHTvqw,1.0,2013-10-05 04:19:19,night,5,1,1,medium,high,Runnemede,Restaurants,2,1,1
6NagSmaahFhlt3LEpnVXoQ,Edg22x3CZkIv0GUib2oEFA,4.0,2013-10-05 19:51:19,evening,5,1,1,short,high,New Orleans,Pizza,2,1,1
Vm0fyrUjwMTDgwqV6DhqDw,Wr2k0Vz8RbcumYulp-jIrA,4.0,2013-10-05 22:45:54,evening,5,1,1,long,high,Cherry Hill,Restaurants,2,0,0
vffKQc_WQMYFGY4JS5VAOw,7EhTT4iEuA7JaaWA-eI3Qw,4.0,2013-10-05 22:47:38,evening,5,1,1,long,high,Pinellas Park,Food,1,0,1
2dzJH4hqyRey-B_-1e6OWA,avcOkMsnFse9D-DpIimYkA,3.0,2013-10-06 03:13:50,night,6,1,0,long,high,Tucson,Asian Fusion,2,0,0
8uACq2ZJNU-uDyA6DNKgEw,e9J0IWHyYGU-AcCqTQ7lSA,5.0,2013-10-06 14:12:28,afternoon,6,1,0,long,high,Tampa,Restaurants,2,1,0
8uACq2ZJNU-uDyA6DNKgEw,EjFp57Nd4bVgb5GNn-XnuA,2.0,2013-10-06 14:18:48,afternoon,6,1,0,long,high,Tampa,Chinese,1,1,1
wmqsehbFirZPlAluJUakeQ,fGYnHzFr1z2kv7bPRW6VMA,3.0,2013-10-06 17:02:11,afternoon,6,1,0,long,high,West Chester,Pizza,2,1,1
AaPhPor834YyMwCqOxytdQ,5xokROlB8Zo5T-_qbHzsrQ,2.0,2013-10-06 21:33:16,evening,6,1,1,long,high,Tampa,Food,2,1,1
RRYFQo17zogtYBbiUK4l_A,dIpTuL2T1L98GQGU17IeSw,5.0,2013-10-06 22:21:42,evening,6,1,1,long,high,Tampa,Bars,2,1,1
JyzLjUFEIW3epNlHI6Oa6Q,p21PCK17H3WL56KSr4Ykig,3.0,2013-10-06 23:04:34,evening,6,1,1,long,high,Tampa,Restaurants,1,1,0
ouODopBKF3AqfCkuQEnrDg,WFRro-8uIBpKoJ1VSKrpdw,4.0,2013-10-06 23:33:47,evening,6,1,1,medium,high,Philadelphia,Ice Cream & Frozen Yogurt,1,0,0
60RKNAZwY5EUooJf624aKw,5TVWytR2oNbSKYgfxypuBw,5.0,2013-10-07 01:22:42,night,0,0,1,long,high,Saint Louis,Cafes,2,0,1
ojxS1v-8nUvEEx4DlsPQrA,3ZynJ94VpIdDlaArmEp2Rg,2.0,2013-10-07 02:19:14,night,0,0,1,medium,high,Philadelphia,Food,2,0,1
ibRrf8Kv4Oo-pUsAH9wtjw,9V0LMtO1riRw9-pUuG4NFg,5.0,2013-10-07 02:55:22,night,0,0,1,long,high,Indianapolis,Latin American,2,1,1
6ObFF8-uKnOAlXuSH4TlyQ,x83J5JvK8BxYd3vs9gAPqQ,4.0,2013-10-07 07:10:43,morning,0,0,1,long,high,Tucson,Restaurants,2,1,1
_ljIoh025OGAvWz_Kvq6EQ,KhBUg5QhBYuK8RZAe5gDMQ,5.0,2013-10-07 11:01:56,morning,0,0,1,medium,high,Tampa,Restaurants,2,1,0
EIt66bYmFr_2kbs5qsL-0Q,o1TR7rOmAcxiNBLEM3kEqw,4.0,2013-10-07 12:54:30,morning,0,0,1,long,high,Temple Terrace,Restaurants,1,0,0
EIt66bYmFr_2kbs5qsL-0Q,wFXwmrlV8TiBS4Ac2-W_9g,1.0,2013-10-07 13:15:42,afternoon,0,0,1,long,high,Tampa,Festivals,2,0,0
8gzEcivVyxzKO16TUoYdZQ,F2C5ENuY8CXfgoW-gAMdDA,5.0,2013-10-07 14:03:10,afternoon,0,0,1,long,high,Indianapolis,Bars,2,1,1
PV0U0arT_AUfjVBtrKfPSA,F8yozE3NWnImNApHO347gQ,4.0,2013-10-07 15:04:30,afternoon,0,0,1,long,high,Philadelphia,Restaurants,2,1,1
LMvGr9_gUrIwnD2iBS5MlQ,EDjEVzmoQVHzboFqC-M6Ew,3.0,2013-10-07 15:21:38,afternoon,0,0,0,long,high,Nashville,Food,2,1,1
9AP02BSPR6ro7AIM9U5_Jw,7yPzOek7Af2dKWGYKpcHWA,5.0,2013-10-07 16:00:55,afternoon,0,0,0,long,high,Philadelphia,Restaurants,2,0,0
9AP02BSPR6ro7AIM9U5_Jw,Oun4NN-u5yiHIxDqtJnxgA,4.0,2013-10-07 17:08:20,afternoon,0,0,0,medium,high,Philadelphia,Restaurants,1,0,0
9AP02BSPR6ro7AIM9U5_Jw,EtKSTHV5Qx_Q7Aur9o4kQQ,4.0,2013-10-07 17:53:02,afternoon,0,0,0,medium,high,Philadelphia,Bars,2,1,1
9AP02BSPR6ro7AIM9U5_Jw,pP4q0Mym-qt20nRqTKbzhQ,3.0,2013-10-07 18:04:48,afternoon,0,0,0,long,high,Philadelphia,Steakhouses,4,1,0
9AP02BSPR6ro7AIM9U5_Jw,qDkbudGRfmJvf7trQZea4g,1.0,2013-10-07 18:10:22,afternoon,0,0,0,medium,high,Philadelphia,Restaurants,3,1,0
lYQk0R6sPfo3WeX-l_5BuA,bdth7r1brx9yRU7sYwF9jQ,3.0,2013-10-07 19:32:50,evening,0,0,1,medium,high,Ballwin,Japanese,2,1,0
-rGU3wo4fgEnGRboYdMTjw,avcOkMsnFse9D-DpIimYkA,3.0,2013-10-07 19:55:07,evening,0,0,1,long,high,Tucson,Asian Fusion,2,0,0
CfX4sTIFFNaRchNswqhVfg,mzZ_WTb2zvyJMBkm84B-WA,5.0,2013-10-07 20:23:47,evening,0,0,1,medium,high,Metairie,Donuts,2,1,0
UdsVxQQoYsvyh8YwbsWpZQ,0wHR5cCTKdCmimhp02cQFA,5.0,2013-10-07 21:40:42,evening,0,0,1,long,high,Sunset Hills,Food Delivery Services,1,0,1
2b2J7kW1nTVTtiZtizw-tw,bMIVLkX6-0U2NVPaVwt94A,2.0,2013-10-08 02:21:16,night,1,0,1,long,high,Clearwater,Ethnic Food,2,1,1
6ObFF8-uKnOAlXuSH4TlyQ,5O09IoKwgQkm3aR_Ir5_2w,5.0,2013-10-08 06:59:18,night,1,0,1,long,high,Tucson,Breweries,1,0,0
KjlYa3Wlr60j-PSUZ-KfOg,DXYhpEv17mWqSqFjau7vhg,4.0,2013-10-08 14:41:10,afternoon,1,0,0,long,high,Philadelphia,Italian,2,0,1
t1NmJ-g09NijXqycgF-evA,M2ZrrqseHE5xssUrOL0Gtg,3.0,2013-10-08 15:54:24,afternoon,1,0,1,medium,high,Tampa,American (Traditional),1,0,1
cIVmIJD7nIiEcVGamfBoVw,REns5fQe45Nk_D2UwQyr0w,2.0,2013-10-08 17:16:07,afternoon,1,0,1,long,high,Philadelphia,Restaurants,2,1,1
ILicYV0XNcbfiWEgWlIZ8g,C_EtrXTygRX5RTUOKtO6Dg,4.0,2013-10-08 19:39:01,evening,1,0,1,medium,high,Philadelphia,Nightlife,2,1,1
ILicYV0XNcbfiWEgWlIZ8g,ngvE1G9IckUO-ljZBFo23w,5.0,2013-10-08 19:42:26,evening,1,0,1,medium,high,Philadelphia,Indian,1,0,0
Iq01HVPaGAJYJXUaCq3Dyw,2Q1R2OhBbAQ581vK_r7NhA,3.0,2013-10-08 20:40:45,evening,1,0,1,long,high,Willow Grove,Sushi Bars,2,0,0
Um5bfs5DH6eizgjH3xZsvg,unkGQNCeDkAUOaZAg8HC5w,4.0,2013-10-08 21:09:54,evening,1,0,1,medium,high,Tampa,Restaurants,1,0,0
4Pk295jW5RiHkfG9Mmx8PQ,NesMl0Tiq1FsPoX2LzHkNg,4.0,2013-10-08 21:17:12,evening,1,0,1,medium,high,Tucson,Cheesesteaks,1,1,1
JMsKTU2OCwC5VY8Zrl5tAA,wDwK7Im_rXO5nVeQn4lc3g,5.0,2013-10-09 01:36:05,night,2,0,1,long,high,Antioch,Restaurants,1,1,0
FZQXGfmkMASFWq3JnuQZqg,QcuTCSfnI6WqKpuDL_a0OA,4.0,2013-10-09 01:53:58,night,2,0,1,long,high,St. Petersburg,Food,2,0,0
I-wq3PJNBlaZ8tpi0SdS8A,GV-e7Op4aU98xkjjoKlRhA,5.0,2013-10-09 02:55:35,night,2,0,1,medium,high,Saint Louis,Basque,2,1,1
1HM81n6n4iPIFU5d2Lokhw,C-anTsItNvJHHR__DiGEqQ,3.0,2013-10-09 13:32:21,afternoon,2,0,1,medium,high,New Orleans,Chicken Wings,2,0,0
nAe5USXtIe-o7Y-7J0tHlQ,OHzX-ZD9qyoeoxR8Z0dlIA,5.0,2013-10-09 13:56:41,afternoon,2,0,0,medium,high,Philadelphia,Restaurants,2,1,1
0HjeAwCrfdbJgOAlP6b9Tw,OHzX-ZD9qyoeoxR8Z0dlIA,4.0,2013-10-09 15:07:12,afternoon,2,0,1,short,high,Philadelphia,Restaurants,2,1,1
0HjeAwCrfdbJgOAlP6b9Tw,F8yozE3NWnImNApHO347gQ,5.0,2013-10-09 15:15:29,afternoon,2,0,1,long,high,Philadelphia,Restaurants,2,1,1
0HjeAwCrfdbJgOAlP6b9Tw,d_tRshM-w6S4QxE4VVi8tQ,3.0,2013-10-09 15:29:46,afternoon,2,0,1,medium,high,Philadelphia,American (New),2,1,0
GevrFd8ojonAr4fEQB9WfA,eaDZlSuVS0EY67Ke6pRP6Q,4.0,2013-10-09 19:47:20,evening,2,0,1,long,high,Philadelphia,Malaysian,2,1,0
0HjeAwCrfdbJgOAlP6b9Tw,SIoCIxjn4jLt2O-4DajWJw,3.0,2013-10-09 19:49:37,evening,2,0,1,medium,high,Philadelphia,Nightlife,2,1,1
JnXCk0zxxUuMrwDF4RA5eg,p21PCK17H3WL56KSr4Ykig,4.0,2013-10-09 19:57:48,evening,2,0,1,medium,high,Tampa,Restaurants,1,1,0
yr05GyWHR1u2yZffmfFkbg,JJNCJWaH2KV44r9aeEBlqA,5.0,2013-10-09 23:06:28,evening,2,0,1,medium,high,Indianapolis,Breweries,2,0,0
Xw7ZjaGfr0WNVt6s_5KZfA,4WdDY97x4GdMYtyk1KQMnw,5.0,2013-10-10 00:38:21,night,3,0,1,long,high,New Orleans,Cafes,2,0,0
FRDeSt5dcTv4bEKuaAVgkg,j3E_vGw47XpiEgTr-KiJUg,3.0,2013-10-10 06:18:32,night,3,0,0,long,high,Saint Louis,Bakeries,1,0,0
6ObFF8-uKnOAlXuSH4TlyQ,CA5BOxKRDPGJgdUQ8OUOpw,5.0,2013-10-10 06:59:45,night,3,0,1,medium,high,Tucson,Grocery,2,1,1
z9sL9d4kfAiQeGJ1dGmBng,u7_3L1NBWgxhBM_B-cmmnA,3.0,2013-10-10 14:00:37,afternoon,3,0,1,long,high,Philadelphia,Italian,2,1,1
E2CuwvUZdhvrAvvNdmmN8A,SwBhaxfQPbyhsi0QHUAN0A,2.0,2013-10-10 14:20:52,afternoon,3,0,1,long,high,Tampa,Food,2,1,0
OLGQ7alK4VKl3YdQk6UF5g,gJvHJcDBnrcIKDGo9_-v5Q,4.0,2013-10-10 17:47:08,afternoon,3,0,1,long,high,Bala Cynwyd,Italian,3,1,0
4Pk295jW5RiHkfG9Mmx8PQ,vdCQoE2il097-vc_gIQzYw,4.0,2013-10-10 19:26:18,evening,3,0,1,medium,high,Tucson,Food,1,0,0
aGI_wfhcJ86DJ-67Lkty8g,d_tRshM-w6S4QxE4VVi8tQ,4.0,2013-10-10 20:42:45,evening,3,0,1,long,high,Philadelphia,American (New),2,1,0
3RuPbLjp9EDWlb1eTiNYsw,2KIDQyTh-HzLxOUEDqtDBg,5.0,2013-10-11 01:44:35,night,4,0,1,long,high,Saint Petersburg,Specialty Food,2,1,0
Fa2-VD8cqcn98vqciVn3Gw,wPViqOIThG5W_p4FKGqjrQ,5.0,2013-10-11 02:50:07,night,4,0,1,long,high,Saint Louis,Pubs,2,1,1
1AVaIU4ClnKecWYuYNO38w,pafrjSu3h0v0N8GR3ghNtQ,5.0,2013-10-11 04:04:05,night,4,0,1,medium,high,Indianapolis,Cajun/Creole,1,0,1
1AVaIU4ClnKecWYuYNO38w,twNHYgtUkxoeFbLHxdhsOw,4.0,2013-10-11 04:07:30,night,4,0,1,medium,high,Indianapolis,Specialty Food,2,1,1
H8evlZitNdbCar4jqG_lZw,89COhCW-cAD5-fTXPfXYTw,5.0,2013-10-11 19:30:08,evening,4,0,1,long,high,Maplewood,Donuts,1,0,0
bo4WKYqBoT0Cc23epTo8pA,2fTfpN5SggLgW4LlzptMPg,5.0,2013-10-11 20:52:28,evening,4,0,1,long,high,Edmonton,Nightlife,3,1,1
7iFUtwc9hhgGCThohNFwtw,knA3b_WnHUJAyrIzzL9Lrg,2.0,2013-10-11 21:58:28,evening,4,0,0,medium,high,Tampa,Event Planning & Services,1,0,1
itHpQTjM1wdHGqAu8G70UA,5TVWytR2oNbSKYgfxypuBw,5.0,2013-10-12 01:33:22,night,5,1,1,long,high,Saint Louis,Cafes,2,0,1
xYgdYioZpHUxApiddFhCxg,GV-e7Op4aU98xkjjoKlRhA,5.0,2013-10-12 02:04:35,night,5,1,1,long,high,Saint Louis,Basque,2,1,1
xYgdYioZpHUxApiddFhCxg,SSZDGl2J-CEyIzuIbEiYNQ,3.0,2013-10-12 02:31:32,night,5,1,1,long,high,Saint Louis,Bars,2,1,0
jjHa6LD4phiz2Clsxpv3kQ,iwlPkTBb2CtjD0oe-baXnA,4.0,2013-10-12 06:07:28,night,5,1,1,medium,high,Secane,Pizza,1,0,0
v6Jd2lpaKvyXpzzyNDelyw,TghRoAMx43V-9l7mH-SENg,3.0,2013-10-12 13:16:33,afternoon,5,1,1,long,high,Clearwater Beach,Food,2,1,1
MEa1LSKvSjs8-wZdEpa0hA,TTsBa6e2qgIEkiFQfYLmYA,3.0,2013-10-12 16:30:13,afternoon,5,1,0,long,high,Tampa,Juice Bars & Smoothies,1,0,1
NDkwKnvjhBbjCh1cNlBoAw,OKPUO8zvBBL-OA6-SfDx8Q,3.0,2013-10-12 16:31:36,afternoon,5,1,0,long,high,Philadelphia,American (Traditional),3,0,1
bo4WKYqBoT0Cc23epTo8pA,b-4xNydyGmdv2bGFOHTgdw,4.0,2013-10-12 21:02:18,evening,5,1,1,long,high,Edmonton,Bakeries,2,0,0
yaR320zf6QaQtSn637FKKw,Tcf5_PclJOpuLMfYQUG8jw,5.0,2013-10-12 23:18:53,evening,5,1,0,medium,low,Avon,Restaurants,2,1,1
WVqS85AUR20gbSFkuKH8Ig,Yh4OgbXQSpQ_ycK_FmNiGw,3.0,2013-10-13 02:44:03,night,6,1,1,medium,high,New Orleans,American (New),2,1,1
nWepkfrazqoTWkPDdgI1bw,sFSM33WAOHufdVa7qE8zGQ,4.0,2013-10-13 04:23:42,night,6,1,1,short,high,Sparks,Burgers,2,1,0
m8Ih1xhlGDcw9O59dj4jVA,hmmiyt6KljD5G3a861qsKw,5.0,2013-10-13 15:01:17,afternoon,6,1,1,medium,high,Nashville,Ethnic Food,1,0,0
gr528N9hWldCgfKp99zWKw,eaDZlSuVS0EY67Ke6pRP6Q,5.0,2013-10-13 22:24:54,evening,6,1,1,long,high,Philadelphia,Malaysian,2,1,0
i84YDhPbxtq9F8ipmtR5vg,u7_3L1NBWgxhBM_B-cmmnA,5.0,2013-10-14 01:00:08,night,0,0,1,long,high,Philadelphia,Italian,2,1,1
v98WXw1EToiuPIxtE0aekQ,tNnVxOC_9p8UK3N_2-yCtQ,1.0,2013-10-14 16:24:05,afternoon,0,0,1,long,high,Cherry Hill,Korean,2,0,0
VQ3J0tYADb5SjCqUiU0StQ,kbFwcVMsHlNNXGWRZpEYhg,3.0,2013-10-14 18:06:46,afternoon,0,0,1,medium,high,Aston,Restaurants,1,0,0
XS4rYA1V_Ru7tyf0Jl15aw,89COhCW-cAD5-fTXPfXYTw,4.0,2013-10-14 18:50:43,afternoon,0,0,1,long,high,Maplewood,Donuts,1,0,0
bfpdkDQfWjWoJRAsbtfATQ,P_x9fEz8efemqOIV46S0tg,3.0,2013-10-15 17:42:12,afternoon,1,0,1,medium,high,St Petersburg,Bars,2,1,1
bfpdkDQfWjWoJRAsbtfATQ,rkem6aEo3vAG2VufybdwuA,3.0,2013-10-15 18:09:36,afternoon,1,0,1,medium,high,Tampa,Steakhouses,2,1,0
Yft76ogF5YzCQ4mn6vSQ6Q,mUIBtlWNPD7sz3rGGWQ1RA,5.0,2013-10-15 18:34:34,afternoon,1,0,1,long,high,Philadelphia,Mediterranean,2,0,1
Iq01HVPaGAJYJXUaCq3Dyw,eMiN8nm70jjKg8izikVWDA,4.0,2013-10-15 18:43:58,afternoon,1,0,1,long,high,Philadelphia,Seafood,2,1,1
xCJisO0jOB94krpxoqiuzw,di5ihAL9VWoctHelY8kLTQ,4.0,2013-10-15 19:38:39,evening,1,0,1,long,high,Philadelphia,Restaurants,2,0,0
FRDeSt5dcTv4bEKuaAVgkg,j3E_vGw47XpiEgTr-KiJUg,4.0,2013-10-15 19:45:57,evening,1,0,0,medium,high,Saint Louis,Bakeries,1,0,0
FRDeSt5dcTv4bEKuaAVgkg,89COhCW-cAD5-fTXPfXYTw,5.0,2013-10-15 19:57:24,evening,1,0,0,long,high,Maplewood,Donuts,1,0,0
ibRrf8Kv4Oo-pUsAH9wtjw,IYlUaKC9nICjiWdk-ShPlg,4.0,2013-10-15 23:40:44,evening,1,0,1,medium,high,Carmel,Restaurants,2,1,1
n3Gg5mIokBirc8s_unINnQ,w0zKpH49tW6Y-b6ZJzKMFw,2.0,2013-10-16 01:30:08,night,2,0,1,long,high,Philadelphia,Food,2,1,0
jFEYrS6SZz9ucrZjxJsqhg,tfnxPh4AFBU1QmbDO9eRRA,5.0,2013-10-16 01:53:04,night,2,0,0,short,high,Mt. Juliet,American (Traditional),2,1,0
mzXDuhZBPdHfMIk1YXP0mQ,6LCZLGa09Qifn6rG7-DNrg,4.0,2013-10-16 03:51:47,night,2,0,0,long,high,Philadelphia,Thai,2,0,0
bo4WKYqBoT0Cc23epTo8pA,WKMJwqnfZKsAae75RMP6jA,4.0,2013-10-16 20:52:42,evening,2,0,1,long,high,Edmonton,Coffee & Tea,2,1,0
bYENop4BuQepBjM1-BI3fA,89COhCW-cAD5-fTXPfXYTw,4.0,2013-10-17 12:26:30,morning,3,0,1,long,high,Maplewood,Donuts,1,0,0
1Xz0MVR_fH-aBMDRrNSYjA,idf-eiurCrbsLRcH7c9zmw,4.0,2013-10-18 14:45:40,afternoon,4,0,1,long,high,Indianapolis,American (New),3,1,1
uAu772KpSkb-tPFgZmU-lA,Dv6RfXLYe1atjgz3Xf4GGw,4.0,2013-10-19 11:27:53,morning,5,1,1,long,high,Philadelphia,Burgers,2,0,1
WT36RE4WkUIaEbLDjkPB3g,9gObo5ltOMo6UgsaXaHPWA,1.0,2013-10-20 19:58:52,evening,6,1,1,long,high,Philadelphia,American (New),3,1,0
_ry8RIiiS_k0_7MYhEu_hg,Dv6RfXLYe1atjgz3Xf4GGw,3.0,2013-10-23 03:29:31,night,2,0,1,long,high,Philadelphia,Burgers,2,0,1
wUTjHpPAs6EWFZtMfEQUiw,8-j10_I745ITrczbkfD-Pw,3.0,2013-10-24 10:47:34,morning,3,0,0,long,high,King Of Prussia,Indian,2,0,0
P2FNLDMpSpdo92ydQlw7-g,WLiqfxv_GhFFA5sm878a2w,4.0,2013-10-24 13:24:17,afternoon,3,0,1,short,high,Tucson,Chinese,2,1,0
B-V1eJcIwouZuUrMFQkmnA,1UNorskttXSWuEcgzKzXcA,3.0,2013-10-24 13:56:45,afternoon,3,0,1,long,high,Philadelphia,Lounges,3,1,1
-G7Zkl1wIWBBmD0KRy_sCw,IbndcMURguByburM72o3SA,5.0,2013-10-24 18:13:21,afternoon,3,0,1,long,high,Newtown,Korean,1,0,0
3MpDvy5gEdsbZh9-p92dHg,8QnuWGVNBhzyYXGSeRdi4g,4.0,2013-10-24 19:24:33,evening,3,0,1,medium,high,Nashville,Food,2,0,0
tat7n8XnUBvZYFeB0FSzvg,D2kZP7jvrWTuRzcPY6NbqA,5.0,2013-10-24 19:39:45,evening,3,0,1,long,high,St. Petersburg,Restaurants,1,1,1
uUcNCwf86aea7F9AGFBJNQ,Z5LGSHEYjCUtKwjKotCNqA,3.0,2013-10-24 19:57:13,evening,3,0,0,short,high,Wayne,Chinese,2,0,0
xCJisO0jOB94krpxoqiuzw,A0F-h3xJm_6gHDKcDQwSrQ,4.0,2013-10-24 20:02:09,evening,3,0,1,medium,high,Philadelphia,Pizza,2,1,1
Uv5v7r1eN4XFsKZ2jwn1sg,jMZ56S8Y1t7cA1Ob-d-qeA,5.0,2013-10-24 20:18:44,evening,3,0,1,long,high,New Orleans,Nightlife,2,1,0
iYXQCx7IWJslr_WTLjn6lw,8hgo446H2HoYlZocEi1SJw,4.0,2013-10-24 21:47:24,evening,3,0,1,medium,high,Philadelphia,Bakeries,1,0,0
TVN3qoXU0-sateboutdCZg,B2wSy1zQCdZgDXOkhAKGDQ,4.0,2013-10-25 02:00:27,night,4,0,1,medium,high,Tampa,Cafes,3,1,1
EouCKoDfzaVG0klEgdDvCQ,MTSW4McQd7CbVtyjqoe9mw,4.0,2013-10-25 02:31:35,night,4,0,1,long,high,Philadelphia,Restaurants,1,0,0
CjraTqh4EsvpveZQgj0qVQ,YgXBo2oMJXlDDafP6fqUTw,2.0,2013-10-25 03:31:53,night,4,0,0,medium,high,Saint Louis,Chinese,1,0,0
kd7R1mX2soYNrIbK7h5SVA,v-CGMnVeRT_xRV6q_B7ySw,4.0,2013-10-25 06:52:54,night,4,0,1,long,high,Edmonton,Chinese,2,1,0
GdmJInilh9WAqAISitNGRw,x483GUYbdSgjaX9Xi3nOUA,5.0,2013-10-25 08:04:09,morning,4,0,1,medium,high,Jenkintown,Restaurants,2,0,0
Ff_kwM1B9CyOZCMK_1rOHg,I5KZm-NnxYeEQsmp6nK5_w,3.0,2013-10-25 08:13:48,morning,4,0,1,long,high,Philadelphia,Food,2,1,1
vffKQc_WQMYFGY4JS5VAOw,Uc6PdjT_MO5bRPQsUUEy5Q,3.0,2013-10-25 14:27:52,afternoon,4,0,1,long,high,Tampa,Restaurants,2,1,1
zyvxtbh5eJ86bVgk52Yflg,p7UGlPkE3Gagm9Mq7aHfYg,5.0,2013-10-25 15:51:28,afternoon,4,0,1,medium,high,Saint Louis,Food,1,0,1
hPtHL1JLtYIIrCDhrjUBaQ,radib3GHt_Up9-zhUjM1ew,4.0,2013-10-25 16:16:21,afternoon,4,0,0,medium,high,Clearwater,Fast Food,2,1,1
hPtHL1JLtYIIrCDhrjUBaQ,bMIVLkX6-0U2NVPaVwt94A,3.0,2013-10-25 19:54:35,evening,4,0,0,medium,high,Clearwater,Ethnic Food,2,1,1
UXZMPcpth1NmegvLMHqABA,i2yCrMQx5soH0jMFG32vxQ,3.0,2013-10-25 23:29:22,evening,4,0,0,medium,high,Goleta,Restaurants,1,0,0
UXZMPcpth1NmegvLMHqABA,bdfZdB2MTXlT6-RBjSIpQg,3.0,2013-10-25 23:40:35,evening,4,0,0,medium,high,Isla Vista,Food,1,0,1
AAYvaNRQ0TD_2Lpo-wFOUA,WB7-m5YtEhSwMqEOfbFfyg,2.0,2013-10-26 02:29:38,night,5,1,1,medium,high,Saint Louis,Bakeries,1,0,0
QSNzozwTwY9UU3QNvf-3jA,dUctvEfHQccW_uxtRup2QQ,3.0,2013-10-26 12:54:41,morning,5,1,1,medium,high,Saint Petersburg,Steakhouses,2,1,0
UV6kQ5MqadMq9SaVv35fqg,dYYkzkiAQoOtRjdR0kcspw,3.0,2013-10-26 21:10:56,evening,5,1,1,long,high,Nashville,Breweries,2,1,1
hPtHL1JLtYIIrCDhrjUBaQ,qjXqWIBNvMcs1s4iMezNag,1.0,2013-10-26 21:44:45,evening,5,1,0,long,high,Clearwater,Chicken Wings,1,1,0
T2CenOfGvQsbAEY9YdNhBQ,h6IzeUVASeDtvKhd2PEsKA,3.0,2013-10-26 23:23:14,evening,5,1,1,long,high,New Orleans,Food,2,0,0
RCZ5M9o2-fxgFuurpmEs3w,2FnoLyEO0nq7g2Wz8x7Z5A,5.0,2013-10-27 01:30:01,night,6,1,0,long,high,Bala Cynwyd,Juice Bars & Smoothies,2,0,1
daBNJmXVo5LwmL5zTqf6Mw,uI9XODGY_2_ieTE6xJ0myw,4.0,2013-10-27 01:44:55,night,6,1,0,long,high,Tampa,Restaurants,2,1,1
r3QexFIhBXBT99canAgVEg,7kko-9WTh53VZ_PmrffrSQ,2.0,2013-10-27 03:06:19,night,6,1,1,long,high,Edmonton,Breakfast & Brunch,2,1,1
Od2Ev0b92eKrciDJIRVNpQ,SNYpn2BdTbz8QrrfH8rvdw,4.0,2013-10-27 10:24:11,morning,6,1,1,medium,high,Bala Cynwyd,Restaurants,2,1,0
Oi1qbcz2m2SnwUeztGYcnQ,7yPzOek7Af2dKWGYKpcHWA,4.0,2013-10-27 14:31:18,afternoon,6,1,1,long,high,Philadelphia,Restaurants,2,0,0
a_jH1ewLLYzEfPnKjE66DQ,DeVlppoc8dPBhOCPrm4wmg,4.0,2013-10-27 14:47:22,afternoon,6,1,1,medium,high,Indianapolis,American (Traditional),3,1,1
Od2Ev0b92eKrciDJIRVNpQ,V6Om7YZhlRQRU7WfuxHq8Q,5.0,2013-10-27 17:59:11,afternoon,6,1,1,medium,high,Philadelphia,Restaurants,1,0,0
-hKniZN2OdshWLHYuj21jQ,TV81bpCQ6p6o4Hau5hk-zw,5.0,2013-10-28 00:48:40,night,0,0,1,medium,high,Tarpon Springs,Food,2,1,1
i4gFMzrV-FlUElIipCV56w,9V0LMtO1riRw9-pUuG4NFg,4.0,2013-10-28 02:07:13,night,0,0,1,long,high,Indianapolis,Latin American,2,1,1
nFqirXVrD9cykRoCekmOHg,jQBPO3rYkNwIaOdQS5ktgQ,4.0,2013-10-28 05:03:01,night,0,0,1,long,high,Saint Louis,Ice Cream & Frozen Yogurt,2,1,0
rL2hC27iA1AB9RvdLLbkNA,mzZ_WTb2zvyJMBkm84B-WA,5.0,2013-10-28 14:10:27,afternoon,0,0,1,long,high,Metairie,Donuts,2,1,0
Hxx8FmhpxiugIrGRh8RDOg,7apWV3_bxbRcC2MemII9dQ,4.0,2013-10-28 14:45:08,afternoon,0,0,1,long,high,Saint Louis,Mediterranean,2,1,1
2FXonxXq5e_6pu07x4hWwA,Y2rYM2crYfTC25y6iquPgw,4.0,2013-10-28 16:22:55,afternoon,0,0,0,long,high,Wayne,American (Traditional),2,1,0
GG0mFsEXb-02_dzFPqRV1Q,JUlsvVAvZvGHWFfkKm0nlg,2.0,2013-10-28 16:34:46,afternoon,0,0,1,long,high,Philadelphia,Mexican,2,1,1
2XKlUjHGk9z-2ckFMcBEHw,0BNR2_vrxuXG6I7f3Y6LZQ,4.0,2013-10-28 18:37:41,afternoon,0,0,1,long,high,NASHVILLE,Food,2,0,0
HXB_ByCCp8cZm1WMjKn1Tw,1UNorskttXSWuEcgzKzXcA,4.0,2013-10-28 19:31:25,evening,0,0,1,long,high,Philadelphia,Lounges,3,1,1
yNEuxv_oq2w2bVkMy7Gz6A,HTqXI5S2XcSlh_ylx9sE6g,5.0,2013-10-28 20:20:17,evening,0,0,0,medium,high,Philadelphia,Food,2,0,0
Va1VeFo3so8d444ohkSGjg,M2ZrrqseHE5xssUrOL0Gtg,3.0,2013-10-29 00:19:53,night,1,0,1,long,high,Tampa,American (Traditional),1,0,1
pppIHoA8b8B8Wd5t72sDxA,hnf3X-auqHuxd56YemuSqQ,3.0,2013-10-29 01:02:24,night,1,0,1,long,high,Holland Southampton,Restaurants,1,0,0
nFqirXVrD9cykRoCekmOHg,WB7-m5YtEhSwMqEOfbFfyg,4.0,2013-10-29 03:10:37,night,1,0,1,medium,high,Saint Louis,Bakeries,1,0,0
H2DNqyt2CR5a8Gv3Jisqhg,cbsi6TU7ojJ_exZSD-zv9w,2.0,2013-10-29 03:22:02,night,1,0,1,long,high,Southport,Fast Food,1,0,0
nFqirXVrD9cykRoCekmOHg,M0r9lUn2gLFYgIwIfG8-bQ,4.0,2013-10-29 03:23:25,night,1,0,1,long,high,Saint Louis,Ice Cream & Frozen Yogurt,2,1,0
2iS1vg5TYpV_iEiNC8osTg,2gSywqDgDg97hT3ZOM-AIQ,3.0,2013-10-29 12:03:24,morning,1,0,1,medium,high,Indianapolis,Restaurants,2,0,1
2xWGCfc2GeTEaspPPPKSOA,BWITd9JUXP3gSi1z3Y-z8g,4.0,2013-10-29 15:17:59,afternoon,1,0,1,long,high,Philadelphia,Italian,2,1,1
hPtHL1JLtYIIrCDhrjUBaQ,W0IFKY22NruJ9dC02yvVqg,2.0,2013-10-29 19:36:06,evening,1,0,0,medium,high,Dunedin,Seafood,2,1,1
jqTa-RtGU26q3TFTmMZOAw,uVJkqQ1U9MH7hBorrwGhBg,4.0,2013-10-29 22:29:39,evening,1,0,1,long,high,Philadelphia,Thai,2,0,1
pe-ltR4of_hrIjaHXlKveg,35GCFtezJ3upyqGf-zJ8MA,5.0,2013-10-30 10:56:57,morning,2,0,1,medium,high,St. Petersburg,Food,2,1,0
hPtHL1JLtYIIrCDhrjUBaQ,eS4billU3Yd9hoVUFfZFbA,4.0,2013-10-30 17:14:39,afternoon,2,0,0,long,high,Clearwater,Hot Dogs,1,1,1
0Hl2BwAIz3Gi3Jhlx7AYZA,-1MhPXk1FglglUAmuPLIGg,4.0,2013-10-30 18:15:11,afternoon,2,0,1,long,high,Tucson,Nightlife,1,1,1
L1ayZt4pBRKhO00OhUaLAw,8uF-bhJFgT4Tn6DTb27viA,4.0,2013-10-30 18:16:28,afternoon,2,0,1,long,high,New Orleans,Food,1,1,1
hPtHL1JLtYIIrCDhrjUBaQ,5ue5s7yFGjQ_CjeVGGhPFg,5.0,2013-10-30 18:42:01,afternoon,2,0,0,short,high,Clearwater,Food,1,0,1
bo4WKYqBoT0Cc23epTo8pA,v-CGMnVeRT_xRV6q_B7ySw,5.0,2013-10-30 19:49:29,evening,2,0,1,long,high,Edmonton,Chinese,2,1,0
hPtHL1JLtYIIrCDhrjUBaQ,TghRoAMx43V-9l7mH-SENg,4.0,2013-10-30 21:27:55,evening,2,0,0,short,high,Clearwater Beach,Food,2,1,1
CDxlgCoUoNRV3VMkYZrUuQ,2FnoLyEO0nq7g2Wz8x7Z5A,4.0,2013-10-31 01:29:01,night,3,0,1,medium,high,Bala Cynwyd,Juice Bars & Smoothies,2,0,1
btSaJqMiUwMemMZ1AhCe3Q,YhRujloQ_ioY_WclZbJuQg,3.0,2013-10-31 02:31:18,night,3,0,1,medium,high,Tampa,Barbeque,1,0,1
9kbV0gn3Ea2eAMV-Z_eX8Q,CyGVQVUf9NVbBKK9V0pxUg,4.0,2013-10-31 13:34:52,afternoon,3,0,1,long,high,Indianapolis,Shopping,2,0,0
itHpQTjM1wdHGqAu8G70UA,rBdG_23USc7DletfZ11xGA,5.0,2013-10-31 19:50:24,evening,3,0,1,long,high,Saint Louis,Wine Bars,2,1,1
DxT-eDD9vvUoTgGATvLzDQ,E-4t5Hoon6aVFTWDPz26fQ,2.0,2013-10-31 20:26:12,evening,3,0,1,long,low,Indianapolis,Restaurants,2,1,1
kO30XR2WeF6bla6dK1ZZLw,TFnGJlA5l_HDdzGDkNTdTA,4.0,2013-10-31 21:28:57,evening,3,0,1,long,high,Philadelphia,American (New),2,1,0
CozGguiwx7JEVk7cAwdvpA,q_CK-buoiPFNDoNNU1yb1A,1.0,2013-10-31 23:12:26,evening,3,0,1,short,high,Reno,Food,2,0,1
8gzEcivVyxzKO16TUoYdZQ,Dpvyaemt0E9u9HwByONbkg,5.0,2013-11-01 11:52:06,morning,4,0,1,long,high,Indianapolis,Event Planning & Services,2,0,0
8JaJl5ZRMT4o2q10DVIZGg,8uF-bhJFgT4Tn6DTb27viA,5.0,2013-11-01 15:16:01,afternoon,4,0,1,long,high,New Orleans,Food,1,1,1
HXB_ByCCp8cZm1WMjKn1Tw,u7_3L1NBWgxhBM_B-cmmnA,4.0,2013-11-01 18:56:06,afternoon,4,0,1,long,high,Philadelphia,Italian,2,1,1
OINYv6r1OMFK9wbDpno9AQ,u7_3L1NBWgxhBM_B-cmmnA,5.0,2013-11-02 11:35:51,morning,5,1,1,long,high,Philadelphia,Italian,2,1,1
OINYv6r1OMFK9wbDpno9AQ,Q-prSTdggNlxAEFV88BZOw,4.0,2013-11-02 12:41:38,morning,5,1,1,medium,high,Philadelphia,Beer,2,1,1
I-wq3PJNBlaZ8tpi0SdS8A,TRxR32_T_7Ly_RW4Ke97fw,4.0,2013-11-02 14:10:53,afternoon,5,1,1,long,high,Saint Louis,Chinese,1,0,0
7fDqaGdUMccXQ4bnPwR6yg,XXZqNGRUyGVLx8oNm6BtBA,4.0,2013-11-03 00:33:24,night,6,1,1,medium,high,Reno,Restaurants,1,1,0
Tzql1xnrk8BLS3-h7-eYTQ,SNQ8sn7R9_e92GWKMCNSgg,3.0,2013-11-03 14:21:51,afternoon,6,1,1,long,high,Saint Louis,Fast Food,1,0,0
y6SzYr7xpMmpobNmWaTZTQ,8uF-bhJFgT4Tn6DTb27viA,4.0,2013-11-03 15:40:44,afternoon,6,1,1,long,high,New Orleans,Food,1,1,1
ENmDzDzeup9IpuelBqFzIw,Uu7jwsfsaU-VJrV8Kpb4uw,5.0,2013-11-03 21:30:24,evening,6,1,0,short,high,Phoenixville,Restaurants,1,0,1
-G7Zkl1wIWBBmD0KRy_sCw,p184f-Zvf4ToPwLba0VS4A,4.0,2013-11-04 15:28:16,afternoon,0,0,1,long,high,Bensalem,Chinese,2,0,0
uPr3t2M-OykA8M_oro7j1A,Dv6RfXLYe1atjgz3Xf4GGw,4.0,2013-11-08 00:22:24,night,4,0,1,long,high,Philadelphia,Burgers,2,0,1
w4BiBncdzxNed_PLV-b1VQ,kpK6SmxIiNoGPNhlEGiL4w,5.0,2013-11-08 19:07:13,evening,4,0,1,long,high,Saint Louis,Italian,2,1,1
GrCKTYu9qPiUlowByh3VAA,4dJedd_98CQJCKTEu1BkEQ,4.0,2013-11-14 01:31:26,night,3,0,1,short,high,Franklin,Meat Shops,1,0,0
sh3V6hnNMLVV9YwFA9QNaw,mO0NXx8gr5wX4yQRQC4wRQ,4.0,2013-11-14 15:49:37,afternoon,3,0,1,long,high,Saint Petersburg,Breakfast & Brunch,2,1,0
hwzrnwUiqJUHSN_Gmpp4pA,dWWOryYimQs3EzmejrVt7w,5.0,2013-11-14 16:28:51,afternoon,3,0,1,medium,high,Sparks,Restaurants,2,1,0
qb93lt68RXCsrmAc9AYJeQ,3ZynJ94VpIdDlaArmEp2Rg,3.0,2013-11-14 17:26:01,afternoon,3,0,1,long,high,Philadelphia,Food,2,0,1
2T8cxl3Y_JhCE8o80BSp0A,aqqZT3wqqhIkuvVxNrnbLg,1.0,2013-11-14 17:40:14,afternoon,3,0,1,medium,high,Greenwood,Restaurants,2,1,1
u58FjSNB9K9ST_FQ5SAT3g,FYw5uf26ry8-MuPKD10z0Q,5.0,2013-11-14 19:31:59,evening,3,0,1,medium,high,Reno,Grocery,2,1,1
-THLGnsYKu3yQAsy_tt1fw,McQo2QJGt1BI9oPu6KLDjg,4.0,2013-11-14 20:45:33,evening,3,0,1,long,high,Indianapolis,Specialty Food,2,0,0
UdsVxQQoYsvyh8YwbsWpZQ,lB6jIOb1UBATmdfot4KJew,4.0,2013-11-14 21:13:16,evening,3,0,1,long,high,Saint Louis,Delis,1,0,0
0YI3p9o-ntRgRaPWpfa22Q,luXBhJkuhBAKNCjByulizA,4.0,2013-11-15 04:12:45,night,4,0,1,medium,high,Indianapolis,Restaurants,2,1,1
8F40CcWfYuIh_vaP0Ca4cw,VZFQS0SXzXPuxISbAgIVBA,2.0,2013-11-15 12:13:50,morning,4,0,0,long,high,Conshohocken,Restaurants,1,0,1
twnjVzD9eONjFKcwLzNStQ,kjhIbW8NKRvXmLDwz7lzhw,3.0,2013-11-15 15:20:31,afternoon,4,0,1,medium,high,Nashville,Nightlife,2,1,0
eTvp_hYnsrI5-ow_sQ31_g,D4n4j_pBOhDJB6u1LRFaew,5.0,2013-11-15 18:13:32,afternoon,4,0,1,long,high,Saint Louis,Bakeries,2,0,0
JoE85mm0bg4-z7D7p9gG6A,89COhCW-cAD5-fTXPfXYTw,2.0,2013-11-15 18:48:42,afternoon,4,0,0,medium,high,Maplewood,Donuts,1,0,0
EQpFHqGT9Tk6YSwORTtwpg,-9yzQQ0d_rcOD2CzdTNO_Q,4.0,2013-11-15 22:03:38,evening,4,0,0,medium,high,New Orleans,Fast Food,1,0,0
EQpFHqGT9Tk6YSwORTtwpg,196CWwMAtAcA21jYiMyRzg,5.0,2013-11-15 22:57:10,evening,4,0,0,medium,high,New Orleans,Restaurants,2,1,1
B4cnr5d2S_7McR3XBfrscA,p5OEYAsKeMjNKZI-gZiQrg,4.0,2013-11-15 23:11:13,evening,4,0,0,long,high,Boothwyn,Thai,2,0,0
B3s7gBz3NMFOaNvrzWzLIA,kjhIbW8NKRvXmLDwz7lzhw,5.0,2013-11-16 03:37:11,night,5,1,1,long,high,Nashville,Nightlife,2,1,0
I2XpWCHAom1JRyHXZQrnfg,NL-pATcAaXHwxrm7ODwEig,4.0,2013-11-16 09:12:31,morning,5,1,1,long,high,Tampa,American (Traditional),1,1,0
obAksk0tLwmo6Vb32fOgQQ,CVrU9WrUHs2SShb6RRMwVA,5.0,2013-11-16 14:22:32,afternoon,5,1,0,medium,high,Philadelphia,Specialty Food,1,0,0
1EJYgQ-ja_UbTWR_FDj4_A,mKZEuPNLVe4yRL0UfxFPTg,4.0,2013-11-16 17:13:05,afternoon,5,1,1,long,high,Tampa,Modern European,2,1,1
I2XpWCHAom1JRyHXZQrnfg,_-SSObHzljeA11HAF0lIrQ,4.0,2013-11-16 18:10:01,afternoon,5,1,1,long,high,Tampa,Restaurants,1,1,0
EMMKdK1cGrLSo08wgSYHJQ,J2Jl-zmU7bjKsc9JZ65c-Q,4.0,2013-11-16 22:22:59,evening,5,1,1,medium,high,Jenkintown,Coffee & Tea,1,0,1
3PB1TY8e8NnnHBHTb96p7Q,TFnGJlA5l_HDdzGDkNTdTA,5.0,2013-11-17 00:17:42,night,6,1,1,long,high,Philadelphia,American (New),2,1,0
RRYFQo17zogtYBbiUK4l_A,SwBhaxfQPbyhsi0QHUAN0A,2.0,2013-11-17 00:32:19,night,6,1,1,long,high,Tampa,Food,2,1,0
bYENop4BuQepBjM1-BI3fA,cXsrd3SqPh778u2yaiAslA,4.0,2013-11-17 02:27:53,night,6,1,1,long,high,Saint Louis,Nightlife,2,1,1
NfoAmvEZ3NVTAtOEshCvwQ,VbItL6RDULtnw4YvB6EhVg,3.0,2013-11-17 16:17:33,afternoon,6,1,1,long,high,Philadelphia,Tex-Mex,2,0,0
prpyhhJBEsCnvFGQl6H8aw,LnZvGYbqozanOSevcftnrw,4.0,2013-11-17 20:39:46,evening,6,1,1,long,high,Philadelphia,Sandwiches,2,0,0
GqPMNFeJ4Ta2MLq2IPW6rQ,sWCCxY1-9B1FGlSVeQvnHg,4.0,2013-11-17 21:37:46,evening,6,1,1,medium,high,St Petersburg,Restaurants,2,1,1
GqPMNFeJ4Ta2MLq2IPW6rQ,DNkz1z53dS2CUUWI1Skg2g,4.0,2013-11-17 21:57:05,evening,6,1,1,medium,high,St. Petersburg,Sandwiches,2,1,1
GqPMNFeJ4Ta2MLq2IPW6rQ,2KIDQyTh-HzLxOUEDqtDBg,5.0,2013-11-17 22:15:09,evening,6,1,1,long,high,Saint Petersburg,Specialty Food,2,1,0
uAu772KpSkb-tPFgZmU-lA,LnZvGYbqozanOSevcftnrw,5.0,2013-11-17 23:38:20,evening,6,1,1,long,high,Philadelphia,Sandwiches,2,0,0
Tzql1xnrk8BLS3-h7-eYTQ,KIqFPQi5JYECJruPPRtGvA,4.0,2013-11-18 02:08:09,night,0,0,1,medium,high,Fenton,Restaurants,1,0,1
AmM4Lfk15XfqRGCINWgkOQ,sB45WFgysT617bKWP_WJwA,4.0,2013-11-18 02:55:07,night,0,0,1,long,high,Saint Louis,Bars,1,0,0
E2CuwvUZdhvrAvvNdmmN8A,Q4q9xFDxErreYTMrRshP_Q,4.0,2013-11-18 03:02:11,night,0,0,1,long,high,Clearwater,Restaurants,1,1,1
0YI3p9o-ntRgRaPWpfa22Q,4-y4Jj8hNuVIFktoYnm3-Q,5.0,2013-11-18 04:41:35,night,0,0,1,long,high,Indianapolis,Pizza,1,0,1
0Igx-a1wAstiBDerGxXk2A,sJz2WhvVGW8jsdQhZ_BlUQ,3.0,2013-11-18 05:09:44,night,0,0,1,long,high,New Orleans,Jazz & Blues,2,1,0
ivW0Vad81qJ8SIgqJ8p1Mw,bT3pKLDsjk7JKfbVaHf9Lw,3.0,2013-11-18 08:38:06,morning,0,0,1,long,high,Hermitage,Food,1,1,0
AHRrG3T1gJpHvtpZ-K0G_g,9_m_iA3VAqGBJEW5XLc-5w,5.0,2013-11-18 12:19:30,morning,0,0,1,long,high,Indianapolis,Food,2,0,0
kS1MQHYwIfD0462PE61IBw,GBTPC53ZrG1ZBY3DT8Mbcw,3.0,2013-11-18 13:14:53,afternoon,0,0,1,medium,high,New Orleans,German,2,1,0
jBzITjfkC7M99oN6a5HErQ,q72up2Av5yNNVPk7vdKg9w,4.0,2013-11-18 14:25:18,afternoon,0,0,1,long,high,Carmel,Cafes,2,0,1
obAksk0tLwmo6Vb32fOgQQ,O286wXm4mcznQn_1JieD1g,4.0,2013-11-18 16:09:23,afternoon,0,0,0,medium,high,Philadelphia,Event Planning & Services,3,0,0
OmL2bjLvvRxg1brM5Pehgw,MTSW4McQd7CbVtyjqoe9mw,5.0,2013-11-18 16:33:04,afternoon,0,0,1,long,high,Philadelphia,Restaurants,1,0,0
jBzITjfkC7M99oN6a5HErQ,luXBhJkuhBAKNCjByulizA,3.0,2013-11-18 16:43:53,afternoon,0,0,1,medium,high,Indianapolis,Restaurants,2,1,1
3hANLGwpP5tXgHOes2XheA,McQo2QJGt1BI9oPu6KLDjg,5.0,2013-11-18 16:57:26,afternoon,0,0,1,medium,high,Indianapolis,Specialty Food,2,0,0
Iq01HVPaGAJYJXUaCq3Dyw,kbFwcVMsHlNNXGWRZpEYhg,5.0,2013-11-18 17:38:31,afternoon,0,0,1,long,high,Aston,Restaurants,1,0,0
cSBFkBE3z5EO6rRS9PJvAg,2iQucreJtTqbEsLczhsgrA,5.0,2013-11-18 20:42:46,evening,0,0,0,long,low,Indianapolis,Indian,2,1,0
toQe9adQWV7iC7KM_eugsA,WIv5kTb_P3jnngPkMeRRNw,3.0,2013-11-18 23:05:14,evening,0,0,1,medium,high,Philadelphia,Sushi Bars,2,0,0
ZcNLb0XgmVOPcYvElhz3WA,ZLW8u1n776S7maN4KhN6jg,2.0,2013-11-19 06:56:37,night,1,0,1,long,high,Nashville,Cafes,1,0,0
1Xz0MVR_fH-aBMDRrNSYjA,1T9F7iLDFAYWJvif1RKneg,5.0,2013-11-19 13:56:38,afternoon,1,0,1,long,high,Indianapolis,Restaurants,2,1,0
ntFP0Em4s28hKfokauuHzg,8uF-bhJFgT4Tn6DTb27viA,5.0,2013-11-19 15:22:23,afternoon,1,0,1,long,high,New Orleans,Food,1,1,1
xjLTK4saQ2Qe_6f9IxhVWg,gC8i-lxwvGhVpOXM5eYdtA,2.0,2013-11-19 15:35:31,afternoon,1,0,1,long,high,New Orleans,Mexican,2,0,0
xjLTK4saQ2Qe_6f9IxhVWg,Rx5lfHMWkezmQjCfr2ziAw,4.0,2013-11-19 15:41:03,afternoon,1,0,1,long,high,New Orleans,Vietnamese,1,1,0
rL2hC27iA1AB9RvdLLbkNA,8uF-bhJFgT4Tn6DTb27viA,3.0,2013-11-19 17:08:19,afternoon,1,0,1,long,high,New Orleans,Food,1,1,1
LruOyCDYa-hfSwJkOt46VA,2FnoLyEO0nq7g2Wz8x7Z5A,4.0,2013-11-19 21:54:08,evening,1,0,1,long,high,Bala Cynwyd,Juice Bars & Smoothies,2,0,1
3k7GJ9_zqE14Z3IZ9M4iSA,WKMJwqnfZKsAae75RMP6jA,4.0,2013-11-19 22:46:07,evening,1,0,1,long,high,Edmonton,Coffee & Tea,2,1,0
RRYFQo17zogtYBbiUK4l_A,TghRoAMx43V-9l7mH-SENg,3.0,2013-11-20 00:55:36,night,2,0,1,long,high,Clearwater Beach,Food,2,1,1
jqTa-RtGU26q3TFTmMZOAw,uVJkqQ1U9MH7hBorrwGhBg,4.0,2013-11-20 02:41:22,night,2,0,1,long,high,Philadelphia,Thai,2,0,1
GevrFd8ojonAr4fEQB9WfA,uIZwBkvWicqyWraXvYOipw,3.0,2013-11-20 19:37:06,evening,2,0,1,long,high,Philadelphia,Restaurants,3,1,0
1hQjdoDUQwHB3kFdffMA6Q,7lwe7n-Yc-V9E_HfLAeylg,5.0,2013-11-20 21:44:42,evening,2,0,1,long,high,Philadelphia,Restaurants,2,1,1
FqYiCra6wbBpN_jTWpaOAg,j9Ea81ctJGCVdU-qM1OuSQ,5.0,2013-11-20 21:55:18,evening,2,0,1,medium,high,Philadelphia,Grocery,1,0,0
AaPhPor834YyMwCqOxytdQ,BIW1SKq5ItkA9gP6-FhSkA,4.0,2013-11-21 02:02:15,night,3,0,1,medium,high,St Petersburg,Soul Food,2,1,0
46Wi08T5D3phf3SMgi7U3w,QTeEX_XchMKgS27yX913mA,4.0,2013-11-21 02:09:35,night,3,0,1,long,high,Marlton,Food,2,1,0
46Wi08T5D3phf3SMgi7U3w,NVN_23yYJDf_RAinqFICDA,5.0,2013-11-21 02:23:35,night,3,0,1,long,high,Philadelphia,Hot Dogs,1,0,0
ktm2YMsb65tRnePcYpVlqg,W4rgF_1eKzFZiGUOsgbGMA,4.0,2013-11-21 04:45:56,night,3,0,1,long,high,Carmel,Pakistani,2,1,0
kMLLHLIvUBXyPusIA6I1tQ,2KIDQyTh-HzLxOUEDqtDBg,5.0,2013-11-21 19:50:40,evening,3,0,1,medium,high,Saint Petersburg,Specialty Food,2,1,0
B4cnr5d2S_7McR3XBfrscA,eRr4HzKYnT4ByWTIMeAciQ,3.0,2013-11-21 21:52:11,evening,3,0,0,medium,high,Glen Mills,Food,3,0,0
I-wq3PJNBlaZ8tpi0SdS8A,JRoY9Mx2LghIki2Uo1SOJA,4.0,2013-11-22 03:53:36,night,4,0,1,long,high,Belleville,Bars,2,1,1
bIJHF7VwQQ_TqgL0yfgJdA,luXBhJkuhBAKNCjByulizA,5.0,2013-11-22 14:24:50,afternoon,4,0,1,medium,high,Indianapolis,Restaurants,2,1,1
8wQIoFapkegkC5fcVYg_Iw,3uvFklejzRPwEPEZQ5vHYQ,3.0,2013-11-22 23:55:24,evening,4,0,1,long,high,Media,Delis,2,0,0
cWair9Mq0wITn7zUH4MqcQ,DzpaiMQnB_sNhZPrgdvKHg,3.0,2013-11-23 01:28:13,night,5,1,0,long,high,Goleta,Sushi Bars,2,0,1
AUI-wWC12oaeQja9BiGwRQ,MHqeqoJEjsTHivmuXOW4iQ,3.0,2013-11-23 03:37:28,night,5,1,0,medium,high,Saint Louis,Wine Bars,2,1,1
kO30XR2WeF6bla6dK1ZZLw,FsRAHiYUERqUIeGVt49svA,3.0,2013-11-23 17:39:07,afternoon,5,1,1,long,high,Philadelphia,Restaurants,1,0,0
Bok4NoUX0nRQP-OePPivdA,DRr5xdfHtqgWfhmdTU1B8Q,3.0,2013-11-24 00:07:37,night,6,1,1,long,high,Philadelphia,Breakfast & Brunch,2,1,1
Bok4NoUX0nRQP-OePPivdA,-OIUunijjcq_ZzyyQhPPFQ,4.0,2013-11-24 00:18:15,night,6,1,1,long,high,Philadelphia,Restaurants,2,0,0
jjHa6LD4phiz2Clsxpv3kQ,QyMoP9r9KTht-r54EL2elQ,3.0,2013-11-24 11:44:24,morning,6,1,1,long,high,Hatfield,Restaurants,2,1,1
QLPylO8wa5C4XeY4LhGUuw,2Q1R2OhBbAQ581vK_r7NhA,4.0,2013-11-24 12:18:38,morning,6,1,0,medium,high,Willow Grove,Sushi Bars,2,0,0
KFFIyUxC0TQjx__OYlmhnA,r-kln94enJMMmCWmzbXO2g,5.0,2013-11-24 17:45:19,afternoon,6,1,1,long,high,Philadelphia,Food,2,0,0
2dbTm5EscZT4kso6x1V5BA,Dpvyaemt0E9u9HwByONbkg,5.0,2013-11-24 23:26:34,evening,6,1,1,long,high,Indianapolis,Event Planning & Services,2,0,0
GevrFd8ojonAr4fEQB9WfA,kGMDSF0YpNwJ-c2BN5yBpw,4.0,2013-11-25 18:56:26,afternoon,0,0,1,medium,high,East Norriton,Restaurants,2,0,0
z9uf9-0uX5Jh8-4Y5l2PQg,u7_3L1NBWgxhBM_B-cmmnA,4.0,2013-11-25 19:11:07,evening,0,0,1,medium,high,Philadelphia,Italian,2,1,1
ikWD8meznb14w9yNie3bwQ,7FHjj04Wy2aqXl22NA_C0g,5.0,2013-11-25 19:36:37,evening,0,0,1,long,high,Indianapolis,Grocery,1,0,0
EIt66bYmFr_2kbs5qsL-0Q,GyC36Pn0Q1-qHnqXys6yFg,2.0,2013-11-25 21:25:57,evening,0,0,1,long,high,Tampa,Southern,2,0,1
2qfEiGZrOYwm2HX9ai4SNA,TI4p9i21JONcud4TigOn0Q,3.0,2013-11-26 01:36:02,night,1,0,1,long,high,Voorhees,Salad,2,1,0
8gc8dZzfHuH1Q2tf8cz3EQ,9Y5JPV0TFZpJXFokFxwewQ,5.0,2013-11-26 02:25:48,night,1,0,1,long,high,Mount Laurel,Restaurants,2,0,0
BllxaGmCtQAUyhGBDNjUWA,bmz4siaejdjs4_yS_mYW4A,3.0,2013-11-26 03:07:34,night,1,0,0,medium,high,Franklin,American (Traditional),2,1,0
2qfEiGZrOYwm2HX9ai4SNA,x1zvE33a3y4lSKnbCsaAUA,3.0,2013-11-26 04:34:01,night,1,0,1,long,high,Cherry Hill,Restaurants,2,0,1
r8KcPxZ-x-SjDMl7V_IWlQ,8uF-bhJFgT4Tn6DTb27viA,5.0,2013-11-26 20:24:57,evening,1,0,1,long,high,New Orleans,Food,1,1,1
G3h8pIclwUbuu3itJqF7ug,BooG5Hd_BTxlAu1JWbXdOg,5.0,2013-11-27 04:43:28,night,2,0,1,long,high,Edmonton,Tea Rooms,2,1,0
dIRTUvNn9HSG7SlCB1CdKw,cMf3Ej3KNBoN2sIpLCm9Rg,2.0,2013-11-27 16:39:28,afternoon,2,0,0,medium,high,Collegeville,Restaurants,2,0,1
DJgU8F5lKlshSo9xIsLcoQ,ZLW8u1n776S7maN4KhN6jg,4.0,2013-11-27 19:05:20,evening,2,0,0,medium,high,Nashville,Cafes,1,0,0
cS6w05o4ZE13E5T7X0AvBg,vFpbUcVAXxrSz5mFIzKbyw,4.0,2013-11-28 01:37:43,night,3,0,1,long,high,Springfield,Sports Bars,2,1,0
ROzJ3UppTc8AKpSpKs-bzA,K8b2MQ5Az59-nzvqUfjJEQ,2.0,2013-11-30 13:57:17,afternoon,5,1,0,long,high,Philadelphia,American (New),3,0,0
o6UJMpHcpLJEvmKLrxLS3w,a1E2BPYnufFzb6YX2pplJg,3.0,2013-12-06 23:06:53,evening,4,0,1,short,high,Santa Barbara,Seafood,1,1,0
XzpJ4uHkxARCFQiZ9bffyg,brxzxPTpbukDPTlaq7gOMw,4.0,2013-12-07 00:22:58,night,5,1,0,long,high,Media,Restaurants,2,0,1
cFaHx-FkCnzdfF8BccukIg,DAcqRGI_u8yNCcUIczfNxA,5.0,2013-12-07 01:28:16,night,5,1,0,long,high,Talleyville,Delis,2,0,1
RCZ5M9o2-fxgFuurpmEs3w,mQvRi0nm84Www71d4qOheQ,4.0,2013-12-07 01:40:37,night,5,1,0,long,high,Bryn Mawr,Seafood,2,0,0
nC9V777rlZbKWm3m0QlXYg,3Yogz58lIto-kceF2y-THg,4.0,2013-12-07 13:39:02,afternoon,5,1,0,long,high,Edmonton,Chinese,2,0,0
TVN3qoXU0-sateboutdCZg,mLUWI7YYwaqTWgmbjOXvKw,3.0,2013-12-07 15:09:41,afternoon,5,1,1,long,high,Maple Shade Township,Restaurants,2,1,1
6NagSmaahFhlt3LEpnVXoQ,_NfEP6cuFSz7bd-7OtiJ-Q,5.0,2013-12-07 15:50:58,afternoon,5,1,1,medium,high,New Orleans,Burgers,1,0,0
jAP_EiSAz9r3q7o3ZGAS8g,OlOVRlcEstxKK_6hMjy63A,4.0,2013-12-07 20:17:43,evening,5,1,1,long,high,Wilmington,Restaurants,2,1,0
V9n2Qyr-dvNg00BwMWqquQ,OHzX-ZD9qyoeoxR8Z0dlIA,5.0,2013-12-07 22:27:24,evening,5,1,1,long,high,Philadelphia,Restaurants,2,1,1
a_-cGctRb1Tjzkzw8Hp3_Q,cvHY1RTAPSoH94ysP2_eyQ,4.0,2013-12-08 03:15:11,night,6,1,1,medium,high,Nashville,Health Markets,2,1,1
v98WXw1EToiuPIxtE0aekQ,Wr2k0Vz8RbcumYulp-jIrA,3.0,2013-12-08 03:20:50,night,6,1,1,long,high,Cherry Hill,Restaurants,2,0,0
eAWnP9ZeVo8kp808y-0LXA,C1D2o1VV2TDjpkG3BsdseA,1.0,2013-12-08 04:12:29,night,6,1,1,long,high,Nashville,Tex-Mex,1,1,1
PKzt4KMQpQIRSvOYo3EdFw,dISs1oH_xeNAOOEcmJiGZQ,4.0,2013-12-08 13:23:43,afternoon,6,1,0,long,high,Boothwyn,Food,2,0,0
24RtLXUcl7AR9CEqAGvH0Q,QWqKTWQ2OiDgo3dzNkpung,4.0,2013-12-08 16:34:28,afternoon,6,1,0,short,low,Philadelphia,Korean,2,0,0
24RtLXUcl7AR9CEqAGvH0Q,64i1xdiU1Wvo1Cuu0erFGA,2.0,2013-12-08 16:37:57,afternoon,6,1,0,short,low,Cherry Hill,Japanese,2,0,1
JyzLjUFEIW3epNlHI6Oa6Q,Ucl9Vo5lwrUmYbV8Dv8X5g,3.0,2013-12-08 23:11:18,evening,6,1,1,long,high,Tampa,Bars,2,1,1
nFqirXVrD9cykRoCekmOHg,5TVWytR2oNbSKYgfxypuBw,5.0,2013-12-09 00:43:06,night,0,0,1,long,high,Saint Louis,Cafes,2,0,1
e7MEzEQMjqNPZfYthZKhwg,e9J0IWHyYGU-AcCqTQ7lSA,4.0,2013-12-09 01:10:39,night,0,0,1,short,high,Tampa,Restaurants,2,1,0
RNWJx8g-TIMVn1fpNFOCvA,LnZvGYbqozanOSevcftnrw,5.0,2013-12-09 01:13:00,night,0,0,1,medium,high,Philadelphia,Sandwiches,2,0,0
e7MEzEQMjqNPZfYthZKhwg,d9vapPUlJCSSrltRRKO9ig,4.0,2013-12-09 01:52:46,night,0,0,1,medium,high,Tampa,Korean,2,1,0
btzyD8sU1n7dlgHRBECgzw,dNR-b-CsrFGYhMo9zLMrCw,4.0,2013-12-09 02:53:42,night,0,0,1,long,high,Brentwood,Japanese,2,0,0
AmM4Lfk15XfqRGCINWgkOQ,qGeH3eaIgJH5jctfLRT1Xg,4.0,2013-12-09 04:16:38,night,0,0,1,long,high,Frontenac,Specialty Food,3,1,1
m8Ih1xhlGDcw9O59dj4jVA,6kAXOzE7fqaBZINQV_-_mg,5.0,2013-12-09 04:18:15,night,0,0,1,long,high,Nashville,Vietnamese,1,1,0
JRXbWVcU-uugX2DATU3nRA,89COhCW-cAD5-fTXPfXYTw,4.0,2013-12-09 14:24:27,afternoon,0,0,1,long,high,Maplewood,Donuts,1,0,0
JRXbWVcU-uugX2DATU3nRA,5TVWytR2oNbSKYgfxypuBw,4.0,2013-12-09 14:46:48,afternoon,0,0,1,long,high,Saint Louis,Cafes,2,0,1
JRXbWVcU-uugX2DATU3nRA,_aKr7POnacW_VizRKBpCiA,5.0,2013-12-09 15:06:06,afternoon,0,0,1,long,high,Saint Louis,Delis,1,1,0
4UAqdgiCe1jwI1IQl96MIA,UhSVDwQFW6mKmaEA5OTU7A,4.0,2013-12-09 17:22:37,afternoon,0,0,0,medium,high,Philadelphia,Vegetarian,2,0,0
3PB1TY8e8NnnHBHTb96p7Q,5QKzE17vyeQbxtZs-yKV1g,3.0,2013-12-09 17:49:14,afternoon,0,0,1,medium,high,Paoli,Vietnamese,2,0,1
3PB1TY8e8NnnHBHTb96p7Q,NBlB85ch_WCxYJ4fPWHxJA,5.0,2013-12-09 18:02:02,afternoon,0,0,1,medium,high,Philadelphia,Mexican,1,0,0
xC-q_yh0XwcjRLimkS3RNg,RuEIK45gBF5iDbYoSa9tOA,3.0,2013-12-09 18:16:36,afternoon,0,0,1,long,high,Edmonton,American (Traditional),2,1,0
TvHOE-QIlKiJ2arWedh1JQ,ERl6OCSEIFBOqfjai_jIUg,2.0,2013-12-09 20:05:17,evening,0,0,0,medium,high,Tucson,Restaurants,2,1,0
RNWJx8g-TIMVn1fpNFOCvA,r-kln94enJMMmCWmzbXO2g,3.0,2013-12-09 23:20:00,evening,0,0,1,long,high,Philadelphia,Food,2,0,0
TR7ezcRznfr1Jif7euZZJg,V6Om7YZhlRQRU7WfuxHq8Q,5.0,2013-12-10 00:38:18,night,1,0,1,long,high,Philadelphia,Restaurants,1,0,0
hwzrnwUiqJUHSN_Gmpp4pA,rnaE88k8yV5pFAGJeiIK4Q,2.0,2013-12-11 04:08:05,night,2,0,1,long,high,Reno,Food,2,1,0
xc1opNkFCnAjsPXs7jqtfg,uE40984_YDgVvPeRpFcCaQ,5.0,2013-12-11 05:50:35,night,2,0,0,long,high,Philadelphia,Southern,2,1,0
zxuxd6Hz2tKcpgZ71dYEcw,Aa0lDzrdkiiYGJfKjJxcww,4.0,2013-12-11 06:18:50,night,2,0,1,long,high,Edmonton,Pizza,2,1,0
Hxx8FmhpxiugIrGRh8RDOg,nRKndeZLQ3eDL10UMwS2rQ,5.0,2013-12-11 15:42:17,afternoon,2,0,1,long,high,Saint Louis,Ice Cream & Frozen Yogurt,1,0,0
VtKGYxPL1oGr4he7_whrWA,7clCBgNbd-x2Wj96lZ6Mjw,4.0,2013-12-11 16:49:02,afternoon,2,0,1,medium,high,Indianapolis,Food,2,1,0
B-s-8VUnuBjGTP3d01jsyw,adb1hOYICrJ1Ix8M0sRpbw,3.0,2013-12-11 17:35:57,afternoon,2,0,1,long,high,Cherry Hill,Restaurants,2,0,1
MdaiGLPoMby-kr-JMw-cZQ,O3Gsne_JJ24yMvLrDoNjqA,4.0,2013-12-11 19:04:54,evening,2,0,1,long,high,Hatboro,Himalayan/Nepalese,2,0,0
oknU9tuT6R16XlolOBnWHw,Wr2k0Vz8RbcumYulp-jIrA,4.0,2013-12-11 19:58:21,evening,2,0,1,long,high,Cherry Hill,Restaurants,2,0,0
VtKGYxPL1oGr4he7_whrWA,cHCRC7r9irhK0dIum1zeUw,4.0,2013-12-11 20:57:05,evening,2,0,1,long,high,Indianapolis,Cideries,2,1,0
mzXDuhZBPdHfMIk1YXP0mQ,uMT7H0shZK4-pQ_J2qMEWA,1.0,2013-12-11 22:35:44,evening,2,0,0,medium,high,Philadelphia,Grocery,1,0,0
i84YDhPbxtq9F8ipmtR5vg,EtKSTHV5Qx_Q7Aur9o4kQQ,5.0,2013-12-12 02:19:01,night,3,0,1,long,high,Philadelphia,Bars,2,1,1
e7MEzEQMjqNPZfYthZKhwg,0hCrds3sgFAYzsZolg3jcg,5.0,2013-12-12 03:43:54,night,3,0,1,medium,high,Tampa,Head Shops,2,1,0
RRsbPGYyKJ3zqMMkzcHZaQ,HTqXI5S2XcSlh_ylx9sE6g,3.0,2013-12-12 03:54:53,night,3,0,1,medium,high,Philadelphia,Food,2,0,0
_WS_X27Yw8DX3QzaT4f-rg,pP4q0Mym-qt20nRqTKbzhQ,3.0,2013-12-12 05:22:53,night,3,0,0,medium,high,Philadelphia,Steakhouses,4,1,0
ivW0Vad81qJ8SIgqJ8p1Mw,RTEdyP_6wGvXQugln1jxbg,5.0,2013-12-12 08:52:55,morning,3,0,1,long,high,Brentwood,American (Traditional),2,1,0
yNEuxv_oq2w2bVkMy7Gz6A,lqBurWf5LxIhUQ0HtXTu_A,5.0,2013-12-12 17:14:26,afternoon,3,0,0,long,high,Philadelphia,Venues & Event Spaces,2,0,0
aGI_wfhcJ86DJ-67Lkty8g,uVJkqQ1U9MH7hBorrwGhBg,3.0,2013-12-12 22:51:33,evening,3,0,1,long,high,Philadelphia,Thai,2,0,1
aGI_wfhcJ86DJ-67Lkty8g,r-kln94enJMMmCWmzbXO2g,3.0,2013-12-13 03:52:29,night,4,0,1,long,high,Philadelphia,Food,2,0,0
LnFIWZM_l__4t8Qxj3pnOg,EtKSTHV5Qx_Q7Aur9o4kQQ,3.0,2013-12-13 04:58:16,night,4,0,1,long,high,Philadelphia,Bars,2,1,1
TvHOE-QIlKiJ2arWedh1JQ,Y3ZCO17N1_T_Ms1JmswwzA,4.0,2013-12-13 22:25:11,evening,4,0,0,medium,high,Tucson,Mexican,1,0,1
huHPQSQgw4kFakc0Vq7TDA,KtpZkMxiOp1V9NEqMSMO3w,1.0,2013-12-13 23:27:50,evening,4,0,1,medium,high,Columbia,Fast Food,1,0,1
CfX4sTIFFNaRchNswqhVfg,8uF-bhJFgT4Tn6DTb27viA,5.0,2013-12-13 23:44:46,evening,4,0,1,medium,high,New Orleans,Food,1,1,1
Tzql1xnrk8BLS3-h7-eYTQ,F0AAzMdhv2RyjwHVned5bQ,5.0,2013-12-14 03:16:37,night,5,1,1,long,high,Florissant,American (Traditional),2,1,1
akUC5qP68u0_frTwHLl61w,B2wSy1zQCdZgDXOkhAKGDQ,5.0,2013-12-14 18:01:16,afternoon,5,1,1,short,high,Tampa,Cafes,3,1,1
bbPl-oSG4eLJL1uWupxiwg,u7_3L1NBWgxhBM_B-cmmnA,3.0,2013-12-15 19:42:35,evening,6,1,0,long,high,Philadelphia,Italian,2,1,1
2xWGCfc2GeTEaspPPPKSOA,eDMFTNR_o3Z2wK8WmAo77Q,4.0,2013-12-15 22:17:10,evening,6,1,1,medium,high,Philadelphia,Shopping,1,0,0
ei3O4gS4YaEfQW2vpDdYkA,L3V21nAe-CicW2bvtNWa0g,5.0,2013-12-16 01:54:59,night,0,0,1,long,high,Philadelphia,Sushi Bars,2,1,0
f4mbT-nxg2AJhqxB6XgnlA,35GCFtezJ3upyqGf-zJ8MA,5.0,2013-12-16 03:10:10,night,0,0,1,long,high,St. Petersburg,Food,2,1,0
y6SzYr7xpMmpobNmWaTZTQ,gC8i-lxwvGhVpOXM5eYdtA,4.0,2013-12-17 03:34:55,night,1,0,1,medium,high,New Orleans,Mexican,2,0,0
CfX4sTIFFNaRchNswqhVfg,d8-6CFDv66xJ7bBjyZJUDQ,5.0,2013-12-18 05:18:29,night,2,0,1,medium,high,New Orleans,Jazz & Blues,1,1,0
DbNKK25oOzfHxyfBHlOaDg,bmz4siaejdjs4_yS_mYW4A,4.0,2013-12-18 15:18:41,afternoon,2,0,1,long,high,Franklin,American (Traditional),2,1,0
cWair9Mq0wITn7zUH4MqcQ,kZtl_NJjUnlIQgzFrBhXyQ,5.0,2013-12-18 17:14:04,afternoon,2,0,0,long,high,Santa Barbara,Restaurants,2,1,0
8VNmuYmFboXleIFf-stnFg,m1EGAIfFEN9nG2_bJqnAcQ,4.0,2013-12-18 17:44:52,afternoon,2,0,0,long,high,Reno,Sushi Bars,2,1,0
jBzITjfkC7M99oN6a5HErQ,f8GG-nvuzMpcGIs3cbKUkw,4.0,2013-12-18 20:02:17,evening,2,0,1,long,high,Fishers,Mexican,2,1,0
2FXonxXq5e_6pu07x4hWwA,c8rjE6NcfeyzLB_aU1GdMA,4.0,2013-12-19 00:44:36,night,3,0,0,medium,high,Philadelphia,Nightlife,2,1,0
nWepkfrazqoTWkPDdgI1bw,Xyg68duCaWR4c-GW3Ob7Tw,4.0,2013-12-19 09:49:20,morning,3,0,1,medium,high,Reno,Shopping,1,1,0
gOAvWocRyGbKvUaitVy8fQ,Dv6RfXLYe1atjgz3Xf4GGw,5.0,2013-12-20 01:39:55,night,4,0,1,long,high,Philadelphia,Burgers,2,0,1
JfqaznyuI0N4FnAXa-644Q,tvbFcYCEQWc76CUK-nBw8w,4.0,2013-12-28 21:27:48,evening,5,1,1,medium,high,Nashville,Korean,2,1,0
T2CenOfGvQsbAEY9YdNhBQ,JvawJ9bSr22xn4R9oLvl_w,3.0,2013-12-28 22:25:55,evening,5,1,1,long,high,New Orleans,Southern,2,1,0
rpUOaLv_7QkDeFQSZMZhOg,MHqeqoJEjsTHivmuXOW4iQ,4.0,2013-12-29 01:22:34,night,6,1,1,long,high,Saint Louis,Wine Bars,2,1,1
8lH88XdzbQKTFg9WQZeuCw,kjhIbW8NKRvXmLDwz7lzhw,3.0,2013-12-29 03:31:08,night,6,1,1,long,high,Nashville,Nightlife,2,1,0
Wjia69bHEb7xeWMlxWNPGA,lXCFcmhoRsyW-mnzzl6fkA,4.0,2013-12-29 11:49:13,morning,6,1,1,long,high,Tampa,Chicken Wings,2,1,0
EMMKdK1cGrLSo08wgSYHJQ,iD25g7vUG3asELjXtMGF9w,3.0,2013-12-29 17:38:59,afternoon,6,1,1,long,high,Willow Grove,Food,1,1,1
hwzrnwUiqJUHSN_Gmpp4pA,diwwt5QBU3-Thig9SVlsOA,1.0,2013-12-29 20:55:07,evening,6,1,1,long,high,Reno,Bars,2,1,0
f4mbT-nxg2AJhqxB6XgnlA,ompDR5sUDpoI6gnTldmneQ,4.0,2013-12-30 01:24:14,night,0,0,1,medium,high,New Orleans,Seafood,2,1,0
Uk3X2AypU8AqvcYEVf7s6Q,EaTbY8HFwwF7i3SjVbHGYw,5.0,2013-12-30 03:41:09,night,0,0,1,long,high,Montecito,Restaurants,2,1,1
jjHa6LD4phiz2Clsxpv3kQ,vFpbUcVAXxrSz5mFIzKbyw,3.0,2013-12-30 05:55:42,night,0,0,1,medium,high,Springfield,Sports Bars,2,1,0
jjHa6LD4phiz2Clsxpv3kQ,Ei0wJeADbNtwvA9CrvknJw,3.0,2013-12-30 06:05:16,night,0,0,1,long,high,Primos,Coffee & Tea,1,0,1
vHc-UrI9yfL_pnnc6nJtyQ,k6XrnjX2TBM_nDzD_XA9NQ,4.0,2013-12-30 16:40:16,afternoon,0,0,1,long,high,Reno,Arts & Entertainment,2,1,1
OLGQ7alK4VKl3YdQk6UF5g,4_W5pstoN1166TGjjPOrMg,4.0,2013-12-30 17:14:14,afternoon,0,0,1,long,high,Philadelphia,American (Traditional),2,1,1
UYU71DRx-UDAee-eFOFfWw,cXSyVvOr9YRN9diDkaWs0Q,3.0,2013-12-30 18:07:42,afternoon,0,0,1,medium,high,Philadelphia,Southern,2,1,1
1HM81n6n4iPIFU5d2Lokhw,skJ1w8B5YusIibyxH4ohxQ,2.0,2013-12-30 19:22:40,evening,0,0,1,long,high,New Orleans,Active Life,2,1,1
_kcHxYPXRYjU4hk2xtCO0w,d91RHJeZE-I7TaeQdBp6MQ,3.0,2013-12-30 23:10:27,evening,0,0,1,medium,high,Harahan,Fast Food,1,0,1
CjJhEzdWQNEKa7grwPRQyg,eMiN8nm70jjKg8izikVWDA,4.0,2013-12-31 01:24:25,night,1,0,1,long,high,Philadelphia,Seafood,2,1,1
-Tg5YTEMbnYw3fQN99xKCQ,hS6KNGCQVTYUdLb2edt58g,3.0,2013-12-31 02:50:26,night,1,0,1,medium,high,New Orleans,Boat Charters,2,0,0
93-AKX28wl41s9pFsQwlsQ,ab3pRv-b0o-BwMK2jVbH3Q,5.0,2013-12-31 14:34:41,afternoon,1,0,0,long,high,Clearwater,Restaurants,2,1,1
93-AKX28wl41s9pFsQwlsQ,ab3pRv-b0o-BwMK2jVbH3Q,5.0,2013-12-31 14:35:31,afternoon,1,0,0,long,high,Clearwater,Restaurants,2,1,1
V9DkyuJkU3YcUjZ8b98I8A,YyKB2S6YBd7aGNeIyc_sag,3.0,2013-12-31 17:01:59,afternoon,1,0,0,medium,high,Saint Louis,Restaurants,1,0,1
T7zDIwRFAKvinm8OEGNN4A,pSmOH4a3HNNpYM82J5ycLA,1.0,2013-12-31 18:34:51,afternoon,1,0,0,long,high,Nashville,Restaurants,2,1,0
n1dDZfXcqw2A3iNwU5xlzg,Q-prSTdggNlxAEFV88BZOw,5.0,2014-01-01 03:49:16,night,2,0,0,medium,high,Philadelphia,Beer,2,1,1
7R4-EP60yoJsD0cFsVb9rA,F2C5ENuY8CXfgoW-gAMdDA,3.0,2014-01-01 17:09:24,afternoon,2,0,0,short,high,Indianapolis,Bars,2,1,1
f4mbT-nxg2AJhqxB6XgnlA,3wogQmKw729tKKWaVbZvbg,5.0,2014-01-01 19:36:57,evening,2,0,1,medium,high,New Orleans,Herbs & Spices,2,0,1
XrFCag4AMW5qta9QXokWPA,9fNy_ulPeK74-a7Dnyg6xw,3.0,2014-01-01 21:14:26,evening,2,0,1,long,high,Hazelwood,Cheesesteaks,1,1,0
6Q8dQGr_DBKcmQ1aXVWvTQ,T-uphPk44OFt6sR8F-0uHA,4.0,2014-01-01 21:51:20,evening,2,0,1,long,high,Voorhees,American (New),2,1,1
K17847uudqPFPIjSPgxs2A,tYCok-NtWvg8_k7woeB83w,3.0,2014-01-01 22:49:37,evening,2,0,1,long,high,Cherry Hill,Desserts,2,1,1
K17847uudqPFPIjSPgxs2A,eMiN8nm70jjKg8izikVWDA,4.0,2014-01-01 23:10:00,evening,2,0,1,long,high,Philadelphia,Seafood,2,1,1
SbSF-vlTPBn1bYFo-5PrhA,uKAbrDSJJzZliY1Yqu5KxQ,4.0,2014-01-01 23:14:37,evening,2,0,1,long,high,Philadelphia,Seafood,2,0,1
tHsxcCUUQYkypUxssH48yg,r-kln94enJMMmCWmzbXO2g,5.0,2014-01-01 23:38:06,evening,2,0,0,medium,high,Philadelphia,Food,2,0,0
dqucQwA-CHWhUczwqIxKKg,7rtrGGsUkVWZFHJaEArJ7g,3.0,2014-01-02 00:25:31,night,3,0,1,medium,high,Trappe,American (Traditional),2,1,1
I2XpWCHAom1JRyHXZQrnfg,4DVN5Uun3i-nmTIIOBhHog,3.0,2014-01-02 00:57:27,night,3,0,1,long,high,Tampa,Caterers,2,0,1
Js4nQlGRjS1Bd5vsAQQfgA,Fp2Dk2__WHq7SK1Ah6oo0Q,5.0,2014-01-02 01:00:50,night,3,0,1,medium,high,Doylestown,Juice Bars & Smoothies,2,1,1
KvoHp9A3TgaiVWj4SZpdAg,r_nUMtOhnbm4HULuJq45Aw,4.0,2014-01-02 01:35:24,night,3,0,1,medium,high,St. Petersburg,Restaurants,2,1,0
aGI_wfhcJ86DJ-67Lkty8g,u7_3L1NBWgxhBM_B-cmmnA,4.0,2014-01-02 02:10:45,night,3,0,1,long,high,Philadelphia,Italian,2,1,1
l7zmF8szWBC-A07oIDRdKw,FHNIvNgh3fS7VZQq2Y3dsA,2.0,2014-01-02 02:47:00,night,3,0,1,long,high,Philadelphia,Asian Fusion,2,1,0
I-wq3PJNBlaZ8tpi0SdS8A,pNu5bd9aL3jcJClfdQ86MQ,4.0,2014-01-02 03:24:27,night,3,0,1,long,high,St Louis,Mediterranean,2,1,1
NqBYt9pw7kNoytFQ9ATS-w,Oun4NN-u5yiHIxDqtJnxgA,4.0,2014-01-02 17:43:54,afternoon,3,0,1,medium,high,Philadelphia,Restaurants,1,0,0
TINJU5ib4OMlCL07JqYGhA,jPZN2irnNhZfPaFA3XayMg,3.0,2014-01-02 17:45:11,afternoon,3,0,1,medium,high,Metairie,Middle Eastern,2,1,0
huHPQSQgw4kFakc0Vq7TDA,msHYY8zS_8D3_BJitdGdmA,5.0,2014-01-02 19:23:48,evening,3,0,1,medium,high,Saint Louis,Asian Fusion,1,0,1
Cvi8nZTwDVaQkqmmgQwQMw,TV81bpCQ6p6o4Hau5hk-zw,4.0,2014-01-02 20:27:09,evening,3,0,1,long,high,Tarpon Springs,Food,2,1,1
Cvi8nZTwDVaQkqmmgQwQMw,4_W5pstoN1166TGjjPOrMg,5.0,2014-01-02 20:42:13,evening,3,0,1,medium,high,Philadelphia,American (Traditional),2,1,1
8VNmuYmFboXleIFf-stnFg,CPPOKMjjE3-au0BWdbC95Q,4.0,2014-01-03 07:35:02,morning,4,0,0,long,high,Reno,Latin American,1,1,1
3FPchSoVF4lQrk4dBAEBqw,BWPokhrYnWdfxdaUaM6l9Q,5.0,2014-01-03 20:54:03,evening,4,0,1,long,high,Nashville,Venues & Event Spaces,3,1,1
7xWrRJ5kfgcQyQ3UL3fImQ,Fe5Q2saATrFH4V-y6yhfAw,5.0,2014-01-04 03:28:22,night,5,1,1,medium,high,Philadelphia,Beer,1,0,0
RRYFQo17zogtYBbiUK4l_A,knA3b_WnHUJAyrIzzL9Lrg,4.0,2014-01-04 15:28:06,afternoon,5,1,1,medium,high,Tampa,Event Planning & Services,1,0,1
TR7ezcRznfr1Jif7euZZJg,ncNeXDDNtO1nhwQ0Gm6pfw,5.0,2014-01-04 19:04:15,evening,5,1,1,long,high,Newtown,Farmers Market,2,0,0
x6erNzhuM_c7xW6PlqClIQ,17Y8circEnkMMXKfLo8Ztg,4.0,2014-01-04 22:05:53,evening,5,1,1,long,high,Philadelphia,Restaurants,1,0,1
GcdYgbaF75vj7RO6EZhPOQ,1P4ojqt6KpyIppTeh6r3Dw,4.0,2014-01-04 22:42:15,evening,5,1,1,medium,high,Westmont,Shopping,2,0,0
VVNj3hSE8drWCu8xUXH05Q,xJ3NSwE0xhdtA-tB_y_rNQ,2.0,2014-01-05 04:32:23,night,6,1,1,long,high,New Orleans,Seafood,2,1,0
VVNj3hSE8drWCu8xUXH05Q,j8JOZvfeHEfUWq3gEz6ABQ,4.0,2014-01-05 05:14:03,night,6,1,1,long,high,New Orleans,Jazz & Blues,2,1,1
VVNj3hSE8drWCu8xUXH05Q,VLryc6Q-JbhMdrg7L6rRww,3.0,2014-01-05 06:19:52,night,6,1,1,long,high,Franklin,Bars,2,1,1
_WS_X27Yw8DX3QzaT4f-rg,tYCok-NtWvg8_k7woeB83w,4.0,2014-01-05 17:47:27,afternoon,6,1,0,medium,high,Cherry Hill,Desserts,2,1,1
VVNj3hSE8drWCu8xUXH05Q,xs5gxwXz1QFlWy62XAH-9Q,3.0,2014-01-06 01:03:37,night,0,0,1,medium,high,Franklin,Pizza,1,1,1
6NagSmaahFhlt3LEpnVXoQ,vOgQnvKbE4nMopFTjoL8Gg,3.0,2014-01-06 01:09:38,night,0,0,1,medium,high,Nashville,Lounges,3,1,1
ECKzQ2DB72e9bfpuxrfGmw,zUJMvjK6aBeQtVCowZ85-w,4.0,2014-01-06 04:59:28,night,0,0,0,short,high,Philadelphia,Pan Asian,2,1,0
LnFIWZM_l__4t8Qxj3pnOg,K8b2MQ5Az59-nzvqUfjJEQ,4.0,2014-01-06 19:41:29,evening,0,0,1,long,high,Philadelphia,American (New),3,0,0
B-s-8VUnuBjGTP3d01jsyw,_8zIpeRbMVwwyuUngyuemA,3.0,2014-01-07 02:32:39,night,1,0,1,long,high,Reno,Breakfast & Brunch,2,1,1
jqTa-RtGU26q3TFTmMZOAw,JomDoQafikclSVVCPkWjnA,4.0,2014-01-07 02:56:23,night,1,0,1,long,high,Philadelphia,Diners,1,0,0
CjraTqh4EsvpveZQgj0qVQ,lB6jIOb1UBATmdfot4KJew,4.0,2014-01-07 04:20:27,night,1,0,0,medium,high,Saint Louis,Delis,1,0,0
5h9JA231vPilNAIjHxwGng,nRKndeZLQ3eDL10UMwS2rQ,5.0,2014-01-07 06:39:03,night,1,0,1,medium,high,Saint Louis,Ice Cream & Frozen Yogurt,1,0,0
5Y5KbsI5buMcNh2hTFaRpA,MHqeqoJEjsTHivmuXOW4iQ,4.0,2014-01-07 07:07:10,morning,1,0,1,long,high,Saint Louis,Wine Bars,2,1,1
a_-cGctRb1Tjzkzw8Hp3_Q,yKoYrahfJtHnpYXnZMg0eQ,4.0,2014-01-07 16:22:00,afternoon,1,0,1,long,high,Tampa,Home & Garden,2,0,0
AaPhPor834YyMwCqOxytdQ,Qg9Sx8RwqnpYKQeSjfPh2w,2.0,2014-01-07 19:28:58,evening,1,0,1,long,high,Tampa,Food,2,0,1
kCBMksMPqNPw2dfWH_deXQ,ymoEdJB5NE56sWw74uyX7A,5.0,2014-01-10 14:44:13,afternoon,4,0,1,long,high,Indianapolis,Sushi Bars,2,1,1
4XIjdvV3bz-e_NYzJRJLHg,wJmyu7W1K9A_gE8Ed4Bc9w,5.0,2014-01-10 22:35:00,evening,4,0,1,medium,high,Tucson,Bars,2,1,0
rd-VekRIT09f3yEHCf3HmQ,_GwN0kWZOs3DFpNDZIblRw,5.0,2014-01-12 04:10:59,night,6,1,0,long,low,Paoli,Gastropubs,2,1,1
FlXBpK_YZxLo27jcMdII1w,_RwlMTw9uFeOkfX9Ctf1HA,4.0,2014-01-17 07:22:52,morning,4,0,1,long,high,Philadelphia,American (Traditional),3,1,1
dgGUKdOh2a01OwLw1qgfDw,9mE7Xp0hH6TMv3eaf2Ylxg,4.0,2014-01-17 08:34:14,morning,4,0,1,long,high,Franklin,Bars,3,1,0
HXB_ByCCp8cZm1WMjKn1Tw,eaDZlSuVS0EY67Ke6pRP6Q,3.0,2014-01-17 15:58:25,afternoon,4,0,1,long,high,Philadelphia,Malaysian,2,1,0
tqDxGR6FRIGcnIhpA8e4_Q,B10mqANgHvL8gBteo1UhAA,4.0,2014-01-17 16:55:55,afternoon,4,0,0,medium,high,Tucson,Restaurants,2,1,1
2a9uyq3zsX5RIxG_jtpM4Q,uE40984_YDgVvPeRpFcCaQ,4.0,2014-01-17 17:32:14,afternoon,4,0,1,long,high,Philadelphia,Southern,2,1,0
GqPMNFeJ4Ta2MLq2IPW6rQ,6h98Tb1tE6hcrS-Ho_MKLw,5.0,2014-01-17 18:45:08,afternoon,4,0,1,medium,high,Saint Petersburg,American (Traditional),1,0,1
bo4WKYqBoT0Cc23epTo8pA,C-m2goUXTiEVrQBpXsiTLA,3.0,2014-01-17 20:49:38,evening,4,0,1,long,high,Edmonton,Dim Sum,2,1,0
o6ob4f_GwT2PRXcqW2uidQ,5l67axuAa5EmEV3lLuSa1Q,3.0,2014-01-17 22:36:29,evening,4,0,0,long,high,New Orleans,Burgers,1,0,1
PJBF-bqE7Qa35LsV1unUmA,SwBhaxfQPbyhsi0QHUAN0A,5.0,2014-01-18 13:04:56,afternoon,5,1,0,medium,high,Tampa,Food,2,1,0
oknU9tuT6R16XlolOBnWHw,JUlsvVAvZvGHWFfkKm0nlg,3.0,2014-01-18 14:08:49,afternoon,5,1,1,long,high,Philadelphia,Mexican,2,1,1
8uACq2ZJNU-uDyA6DNKgEw,KVwQkBd8tJCDVc8O6_tMOg,4.0,2014-01-18 15:54:43,afternoon,5,1,0,long,high,Oldsmar,Chinese,2,1,0
Fa2-VD8cqcn98vqciVn3Gw,8JEOmVGQffkr6xtn4vvplQ,5.0,2014-01-18 16:26:27,afternoon,5,1,1,medium,high,Ruskin,Kebab,1,0,1
Ht8lEQKD9tG7_2KnsZ4slg,wJmyu7W1K9A_gE8Ed4Bc9w,3.0,2014-01-18 18:36:36,afternoon,5,1,1,long,high,Tucson,Bars,2,1,0
dbWn8HCsG3eI9AmS2G3O2g,ixPTo6Hum7nNZ7A4VPhTXg,3.0,2014-01-18 18:39:57,afternoon,5,1,1,long,high,Tampa,Restaurants,2,1,1
UjzOSjzFFgoCLegI98G7hQ,oThWInL6gUCt2d98fSIAfA,5.0,2014-01-18 21:32:52,evening,5,1,1,medium,high,Fishers,Restaurants,2,1,1
vDACtEdgJP3mS-U0_NA0Pw,frsWe9bmMOMIBOBNzsCTew,3.0,2014-01-18 21:32:59,evening,5,1,1,long,high,Florissant,Restaurants,2,1,0
8M4_nA8e9VacrirvCwrl8Q,CPFKi2lZJazP6IdtCdDDyg,4.0,2014-01-19 00:10:50,night,6,1,0,long,high,Reno,Bars,1,1,1
B4cnr5d2S_7McR3XBfrscA,MZW_eTFYFBvHYg5OFqDRCA,3.0,2014-01-19 01:17:35,night,6,1,0,long,high,Wilmington,Burgers,2,1,1
Bab2Cs8K6XYPG0USqVf70g,nvb8SFi1-LzaQHEhUnw_7g,4.0,2014-01-19 01:55:14,night,6,1,1,long,high,Treasure Island,Restaurants,2,1,1
7qBgGzyf0FbHKC0jiI1J8A,uE40984_YDgVvPeRpFcCaQ,4.0,2014-01-19 02:49:52,night,6,1,1,long,high,Philadelphia,Southern,2,1,0
nyVMucNs6I8N-COK18Ml8w,wLHodvVFLTgK3nl2XG8OCw,5.0,2014-01-19 14:36:52,afternoon,6,1,0,long,high,Nashville,Ethnic Food,3,1,1
VVNj3hSE8drWCu8xUXH05Q,C1D2o1VV2TDjpkG3BsdseA,3.0,2014-01-19 17:15:46,afternoon,6,1,1,medium,high,Nashville,Tex-Mex,1,1,1
_jUbHF-VQeaBgLQYmS8MuA,REns5fQe45Nk_D2UwQyr0w,1.0,2014-01-19 20:09:41,evening,6,1,0,long,high,Philadelphia,Restaurants,2,1,1
60RKNAZwY5EUooJf624aKw,M0r9lUn2gLFYgIwIfG8-bQ,4.0,2014-01-19 21:38:55,evening,6,1,1,long,high,Saint Louis,Ice Cream & Frozen Yogurt,2,1,0
GcdYgbaF75vj7RO6EZhPOQ,2rQFgavS-942RapZTBSBTw,5.0,2014-01-19 22:10:13,evening,6,1,1,long,high,Bryn Mawr,Italian,2,1,1
_BcWyKQL16ndpBdggh2kNA,A9rVxmIBtHZRvNhbBaGAWg,2.0,2014-01-20 00:02:09,night,0,0,1,medium,high,Hamilton,Restaurants,2,0,0
MR39Vmbfr3StG-Atok3tHA,skN2XhKXlcjf53uIwzAedw,3.0,2014-01-20 00:29:24,night,0,0,1,long,high,Franklin,Burgers,2,1,1
R-c5M0iJkMxxTxIqTQQZ8w,pPFv6CTFK5i8FNj8f3_pVg,3.0,2014-01-20 01:32:47,night,0,0,0,medium,high,Edmonton,Restaurants,2,1,0
4kKngcDGjuzo18pxx5jHog,UCMSWPqzXjd7QHq7v8PJjQ,4.0,2014-01-20 01:37:11,night,0,0,1,long,high,Tucson,Restaurants,2,1,1
fs5bpfk-2pvq2v8S1De5pQ,2dlQX5sP9X6Dlm1MmNOlSw,4.0,2014-01-20 02:44:08,night,0,0,0,short,high,Philadelphia,Food,1,0,1
8JaJl5ZRMT4o2q10DVIZGg,Vnob_w_Aohf7ZDqxcJ9z2A,4.0,2014-01-20 03:56:45,night,0,0,1,long,high,New Orleans,Bars,2,1,0
wUTjHpPAs6EWFZtMfEQUiw,LnZvGYbqozanOSevcftnrw,5.0,2014-01-20 04:53:22,night,0,0,0,medium,high,Philadelphia,Sandwiches,2,0,0
oAhoFRRKomodbIx8jtKmKA,dIpTuL2T1L98GQGU17IeSw,4.0,2014-01-20 14:48:34,afternoon,0,0,1,long,high,Tampa,Bars,2,1,1
dbWn8HCsG3eI9AmS2G3O2g,gk8l75GLFUsFr0kS5uLtkQ,3.0,2014-01-20 15:16:00,afternoon,0,0,1,long,high,Carrollwood,Chicken Wings,1,0,0
FAxwG5UGRi0fIIIWJq7eEg,E8GeMcCv17n30NLL7LZzog,1.0,2014-01-20 16:00:42,afternoon,0,0,0,long,high,Dunedin,Restaurants,1,0,1
qTMK2qr6ngof4fe29qyooA,D4n4j_pBOhDJB6u1LRFaew,3.0,2014-01-20 19:22:32,evening,0,0,1,long,high,Saint Louis,Bakeries,2,0,0
W7iLDP6GY4joKZ1zSCOEfA,zvVJFBnDYOz_hsm5DLQJMA,4.0,2014-01-20 19:57:39,evening,0,0,1,long,high,Edmonton,Beer,2,0,0
StZTVDuFzahNvjl5qu6l7Q,ZH-D4qbLggBSvwpF0zXrQQ,4.0,2014-01-20 19:58:50,evening,0,0,0,medium,high,Boise,Breakfast & Brunch,2,0,0
jaP-SWrw_W4CpGf8RlQ-Wg,wCgIJhH_CTuwsSZPcafkng,1.0,2014-01-20 21:06:26,evening,0,0,0,medium,high,Indianapolis,Food,1,0,0
A-h1VpD4NhSQo9hlk5FzRg,hAmuto6UndVroyd_DaD-TA,4.0,2014-01-20 21:27:18,evening,0,0,1,long,high,Tampa,Specialty Food,2,1,0
fT403FEKB5VJqpjq-hdVxQ,WQ832PDnsDshhbQFm83ISg,3.0,2014-01-21 02:50:29,night,1,0,1,long,high,Tampa,Cinema,2,1,0
W83aZrDrYKwycCHB_eOYYg,EaTbY8HFwwF7i3SjVbHGYw,5.0,2014-01-21 06:00:05,night,1,0,1,long,high,Montecito,Restaurants,2,1,1
2iS1vg5TYpV_iEiNC8osTg,-eLCHvtz99fc985UNL1rTA,3.0,2014-01-21 14:09:00,afternoon,1,0,1,long,high,Indianapolis,Restaurants,2,1,0
2iS1vg5TYpV_iEiNC8osTg,C-L3Idjx0RvopgmnkbOpmA,2.0,2014-01-21 14:23:37,afternoon,1,0,1,medium,high,Indianapolis,American (Traditional),2,0,1
EMJjstNBGfIlJbooOO1i_g,vSQPjQYfMDBRS3bQ15zlGA,5.0,2014-01-21 15:57:08,afternoon,1,0,0,short,high,Ardmore,Restaurants,2,0,0
_BcWyKQL16ndpBdggh2kNA,Cj4SH7N9HKtPhG_wp9ZiOA,4.0,2014-01-21 16:30:39,afternoon,1,0,1,short,high,Warrington,Bars,2,1,1
TES0PPhg-9jaFj9v28M0cw,BIW1SKq5ItkA9gP6-FhSkA,2.0,2014-01-21 21:11:46,evening,1,0,1,long,high,St Petersburg,Soul Food,2,1,0
dryc4ON8yzZfFW0LQWNklw,w520vYWEpEYBf90rSr9NVA,5.0,2014-01-22 00:49:03,night,2,0,0,medium,high,Nashville,Thai,2,0,1
a5BcGDFDXh6KxfG1A4pilw,pNu5bd9aL3jcJClfdQ86MQ,4.0,2014-01-22 01:58:03,night,2,0,1,long,high,St Louis,Mediterranean,2,1,1
1AVaIU4ClnKecWYuYNO38w,zQ3tnBABoypncWu5oW2bKA,1.0,2014-01-22 02:05:15,night,2,0,1,medium,high,Carmel,Ice Cream & Frozen Yogurt,1,0,0
cbY0f25GE3WLB5YUNQUgtw,ypXuDmnnPxnfP8a0qLsiEg,4.0,2014-01-22 02:57:29,night,2,0,0,medium,high,Nashville,Chicken Wings,2,1,1
TINJU5ib4OMlCL07JqYGhA,8uF-bhJFgT4Tn6DTb27viA,4.0,2014-01-22 12:54:21,morning,2,0,1,long,high,New Orleans,Food,1,1,1
GMHt-cbWlqNyd9UqIjZdDg,G-zzByEfv2oqjcxYmPsjtA,4.0,2014-01-23 16:20:23,afternoon,3,0,0,long,high,Malvern,Mexican,1,0,0
eZ8PQPFuR8yfwQOU9IANGw,aEEC4D-RylmiUyephE5t_g,5.0,2014-01-23 20:06:54,evening,3,0,1,medium,high,Nashville,Food,2,0,1
Iq01HVPaGAJYJXUaCq3Dyw,_rkjLrft2ZgHcLBLF9amXw,4.0,2014-01-23 20:33:58,evening,3,0,1,long,high,Oaks,Restaurants,2,1,1
bqHqs6JaWmZ2LpMbizMfaQ,4WdDY97x4GdMYtyk1KQMnw,4.0,2014-01-23 20:49:01,evening,3,0,1,long,high,New Orleans,Cafes,2,0,0
rd-VekRIT09f3yEHCf3HmQ,ZGErYinCaYR5UjTzovAZbw,5.0,2014-01-24 00:27:28,night,4,0,0,long,low,Downingtown,Nightlife,2,1,1
rUQ0uTP4lbqbEl7PGhCugA,LkskzKzo_S8YmG1dGn4hag,3.0,2014-01-24 02:25:50,night,4,0,1,medium,high,Tampa,Tex-Mex,1,1,1
7qBgGzyf0FbHKC0jiI1J8A,MMRRS6YhVRx_iN5-JhMRYg,5.0,2014-01-24 13:31:46,afternoon,4,0,1,medium,high,Philadelphia,Restaurants,2,1,0
16yfdXvoj6ra0hqFjLu2cQ,uKAbrDSJJzZliY1Yqu5KxQ,2.0,2014-01-26 22:22:00,evening,6,1,0,long,high,Philadelphia,Seafood,2,0,1
h3KpLypa9SZEw2ydFNC19Q,8uF-bhJFgT4Tn6DTb27viA,3.0,2014-01-27 00:27:56,night,0,0,1,long,high,New Orleans,Food,1,1,1
TR7ezcRznfr1Jif7euZZJg,Rj7XqaLHLVmjbV8ucwZj5Q,4.0,2014-01-27 04:05:40,night,0,0,1,long,high,Trenton,Caterers,1,0,0
cO0sWpjjSyIqngT2U4oZ9Q,KcTLv46oThYuSujjb4EfEA,2.0,2014-01-27 18:05:18,afternoon,0,0,1,medium,high,Phoenixville,Restaurants,2,0,0
cIVmIJD7nIiEcVGamfBoVw,7mpYTDb24SywNMRn3yeakQ,4.0,2014-01-27 19:32:26,evening,0,0,1,long,high,Philadelphia,Event Planning & Services,2,1,1
E2CuwvUZdhvrAvvNdmmN8A,bMIVLkX6-0U2NVPaVwt94A,1.0,2014-01-30 16:57:02,afternoon,3,0,1,long,high,Clearwater,Ethnic Food,2,1,1
lN_sKVrvdQA_N58IhpSEyQ,uE40984_YDgVvPeRpFcCaQ,4.0,2014-01-31 02:22:19,night,4,0,1,long,high,Philadelphia,Southern,2,1,0
GcdYgbaF75vj7RO6EZhPOQ,IoHOUGETebGrG3oDGSoAdg,4.0,2014-02-05 01:14:25,night,2,0,1,long,high,Sewell,Coffee & Tea,1,0,0
nPJw7YpKgHE6fowxgl3l1A,pVHbXwsqLxNzAx9rdwy2EA,4.0,2014-02-05 20:52:08,evening,2,0,1,long,high,Philadelphia,American (Traditional),3,1,1
6ObFF8-uKnOAlXuSH4TlyQ,a7ZmzKZRhVjKaJBZ7zIGzg,4.0,2014-02-06 07:52:03,morning,3,0,1,long,high,Tucson,Beer,3,1,0
oknU9tuT6R16XlolOBnWHw,C3Nc7EUqo64jRPWPn6vY9w,5.0,2014-02-06 15:33:18,afternoon,3,0,1,long,high,Cherry Hill,Restaurants,1,0,1
LkF7PSN1Kc8pYgYavpvz_w,14ZGwnDyydXdSBsLXpSUrA,4.0,2014-02-06 15:43:05,afternoon,3,0,1,long,high,Philadelphia,Vietnamese,2,1,1
RQWQTxfhGGJ7bGgJ1EnExQ,llYsxQ0IuKh0HXULlqu6fw,3.0,2014-02-06 21:15:17,evening,3,0,1,long,high,Tampa,Filipino,2,0,0
WY7FOzVi4Fa9zezilupH5w,LnZvGYbqozanOSevcftnrw,4.0,2014-02-06 21:25:47,evening,3,0,1,long,high,Philadelphia,Sandwiches,2,0,0
9zG2PRZnMGe5F29a5NK6Rw,vgZwA2X7X5oGcui9BDBgbw,3.0,2014-02-07 15:36:30,afternoon,4,0,1,medium,high,Nolensville,Bakeries,1,0,1
9zG2PRZnMGe5F29a5NK6Rw,roEplTQIQAoNMEzb1jBYUw,5.0,2014-02-07 15:40:57,afternoon,4,0,1,short,high,Franklin,Restaurants,1,1,1
AUI-wWC12oaeQja9BiGwRQ,JOfBsNewE5J0rHG5LdlZeg,2.0,2014-02-07 20:24:02,evening,4,0,0,medium,high,Saint Louis,Restaurants,2,1,1
cbY0f25GE3WLB5YUNQUgtw,1JtpcHELRrSDoWS80WtzuQ,5.0,2014-02-07 22:41:49,evening,4,0,0,medium,high,Goodlettsville,Food,2,1,1
kaa6i7IHMyYIom7DIul9EQ,o8JeOB8HTa5HYHg6hfqTHw,4.0,2014-02-08 03:03:48,night,5,1,1,long,high,Wilmington,Restaurants,1,0,1
VVNj3hSE8drWCu8xUXH05Q,vOgQnvKbE4nMopFTjoL8Gg,5.0,2014-02-08 03:25:45,night,5,1,1,long,high,Nashville,Lounges,3,1,1
nNG4bDLxyTL87DuOa4nGsQ,_rkjLrft2ZgHcLBLF9amXw,5.0,2014-02-08 15:10:05,afternoon,5,1,1,long,high,Oaks,Restaurants,2,1,1
K4l-QrTWeAjb5xOXd81iGw,JQz0_R70G3bjQ5dRqrhxKQ,5.0,2014-02-08 18:09:04,afternoon,5,1,1,long,high,Clearwater,Salad,2,1,1
Jhdk8OjarHCjISYhRvJvTg,ZGErYinCaYR5UjTzovAZbw,4.0,2014-02-08 18:39:19,afternoon,5,1,0,medium,high,Downingtown,Nightlife,2,1,1
16yfdXvoj6ra0hqFjLu2cQ,2FnoLyEO0nq7g2Wz8x7Z5A,4.0,2014-02-08 19:16:21,evening,5,1,0,long,high,Bala Cynwyd,Juice Bars & Smoothies,2,0,1
nNG4bDLxyTL87DuOa4nGsQ,TxmcI-zL4gR-GaULGMdU0w,5.0,2014-02-08 21:17:30,evening,5,1,1,medium,high,Phoenixville,Food,1,0,0
JoE85mm0bg4-z7D7p9gG6A,-K0zTgGyxo-AeSkcV0IVaA,5.0,2014-02-09 03:34:34,night,6,1,0,medium,high,Chesterfield,Mediterranean,2,1,1
btSaJqMiUwMemMZ1AhCe3Q,0hCrds3sgFAYzsZolg3jcg,4.0,2014-02-09 18:09:48,afternoon,6,1,1,long,high,Tampa,Head Shops,2,1,0
cbY0f25GE3WLB5YUNQUgtw,ZWRgvtyHRobwpi4G-Z4STQ,5.0,2014-02-09 19:25:26,evening,6,1,0,medium,high,Nashville,Food,1,0,0
_qRphMRxUzp_Vjk7ZIjWBA,YeMouev-sLfAxykmcANNoQ,4.0,2014-02-09 19:36:03,evening,6,1,1,medium,high,Nashville,Pizza,1,0,1
QSNzozwTwY9UU3QNvf-3jA,P_x9fEz8efemqOIV46S0tg,4.0,2014-02-09 22:20:31,evening,6,1,1,medium,high,St Petersburg,Bars,2,1,1
rt3MZtOmwB0hohjILz45DQ,CPPOKMjjE3-au0BWdbC95Q,5.0,2014-02-10 00:22:10,night,0,0,1,long,high,Reno,Latin American,1,1,1
pUNvLJwdJIOemOgU98mp1w,9Pvwx_IfQgQL4ykmlGV6yA,5.0,2014-02-10 03:18:04,night,0,0,1,long,high,Plymouth Meeting,Asian Fusion,2,1,1
rt3MZtOmwB0hohjILz45DQ,DTIKGgzoKGLCNw2dNKfHZg,5.0,2014-02-10 06:22:25,night,0,0,1,long,high,Reno,Specialty Schools,2,1,1
nPJw7YpKgHE6fowxgl3l1A,E1gf1YIWOo1BgzMUwJtEZg,4.0,2014-02-10 14:45:20,afternoon,0,0,1,medium,high,Philadelphia,Pizza,1,1,1
clk385ygJaFUtRIT2M7yTw,ymoEdJB5NE56sWw74uyX7A,4.0,2014-02-10 14:46:27,afternoon,0,0,1,long,high,Indianapolis,Sushi Bars,2,1,1
nlsxDX6nKcVDGWzVxdsWiQ,zVoxVPHEt11_0GzqNuT2ZQ,4.0,2014-02-10 16:26:46,afternoon,0,0,1,long,high,Saint Louis,Restaurants,2,1,0
z9uf9-0uX5Jh8-4Y5l2PQg,uE40984_YDgVvPeRpFcCaQ,4.0,2014-02-10 16:49:47,afternoon,0,0,1,long,high,Philadelphia,Southern,2,1,0
8gzEcivVyxzKO16TUoYdZQ,DeVlppoc8dPBhOCPrm4wmg,5.0,2014-02-10 17:37:12,afternoon,0,0,1,long,high,Indianapolis,American (Traditional),3,1,1
5UDVAuh_gJcjWw5M4-xsbw,K8b2MQ5Az59-nzvqUfjJEQ,4.0,2014-02-10 18:53:34,afternoon,0,0,0,long,high,Philadelphia,American (New),3,0,0
Xw7ZjaGfr0WNVt6s_5KZfA,WecgAHgzAPLOmM-6-Iga2A,3.0,2014-02-10 21:06:31,evening,0,0,1,medium,high,New Orleans,Sandwiches,2,1,1
XsnL3gdNiPRnj9svFvz-EA,iVegX9epKU8R0eRAEwQ6Yg,5.0,2014-02-10 22:47:41,evening,0,0,1,long,high,New Orleans,Restaurants,2,1,0
LkXNQQaIc5yrKu9Ap87RrA,bKgyXSQUGA8IHGt8ne5NuA,4.0,2014-02-11 03:35:34,night,1,0,1,long,high,Reno,Restaurants,1,1,1
Te3BwftEFN8C9WxImhfM_g,d_tRshM-w6S4QxE4VVi8tQ,4.0,2014-02-11 09:44:01,morning,1,0,1,long,high,Philadelphia,American (New),2,1,0
CZmwm1Qd3Ftr5TfAlnmWOA,pj8Y-5vfbRitnnm2xJFH9w,2.0,2014-02-11 13:32:02,afternoon,1,0,1,medium,high,Philadelphia,Caribbean,2,1,1
TvHOE-QIlKiJ2arWedh1JQ,WbA5ud4InNWkizW7HE5kRQ,3.0,2014-02-11 15:39:39,afternoon,1,0,0,long,high,Tucson,Mexican,2,1,1
GqPMNFeJ4Ta2MLq2IPW6rQ,dUctvEfHQccW_uxtRup2QQ,2.0,2014-02-11 18:31:40,afternoon,1,0,1,long,high,Saint Petersburg,Steakhouses,2,1,0
5jKScvMqxW_rzd0D8xgX1A,17Y8circEnkMMXKfLo8Ztg,5.0,2014-02-11 20:29:08,evening,1,0,1,medium,high,Philadelphia,Restaurants,1,0,1
PAc93PtEbYDtytBQ9Dyjug,WbA5ud4InNWkizW7HE5kRQ,3.0,2014-02-11 22:35:58,evening,1,0,1,long,high,Tucson,Mexican,2,1,1
Qr1US2rXFhMx5BxriB5Ffw,I6L0Zxi5Ww0zEWSAVgngeQ,5.0,2014-02-12 04:06:02,night,2,0,1,long,high,New Orleans,Sandwiches,2,1,1
cJCiN7dtlGLW2-zApamFQA,IZv79jZv6el1sBHrG7426g,3.0,2014-02-12 22:23:35,evening,2,0,1,long,high,Des Peres,Steakhouses,3,1,1
_ry8RIiiS_k0_7MYhEu_hg,wUnLSg_GKfEIQ5CQQ770_g,4.0,2014-02-13 00:40:10,night,3,0,1,long,high,Philadelphia,Italian,4,1,1
LkXNQQaIc5yrKu9Ap87RrA,CPPOKMjjE3-au0BWdbC95Q,3.0,2014-02-13 02:25:06,night,3,0,1,long,high,Reno,Latin American,1,1,1
uPr3t2M-OykA8M_oro7j1A,sdWuLh-auc0nC2Jy6_26AQ,4.0,2014-02-13 03:05:00,night,3,0,1,medium,high,Philadelphia,Bars,2,1,0
Um5bfs5DH6eizgjH3xZsvg,4dVrWc4Nhuw9apfk9BWEcA,3.0,2014-02-13 04:57:46,night,3,0,1,medium,high,Tarpon Springs,Grocery,2,0,0
dryc4ON8yzZfFW0LQWNklw,vOgQnvKbE4nMopFTjoL8Gg,5.0,2014-02-14 03:03:23,night,4,0,0,medium,high,Nashville,Lounges,3,1,1
TVN3qoXU0-sateboutdCZg,x7_p5O3ChQa7shdHCcLHZQ,4.0,2014-02-14 18:11:45,afternoon,4,0,1,long,high,New Orleans,Event Planning & Services,2,1,0
8Oj4m1xxNoI1P_1mek9fQQ,FHNIvNgh3fS7VZQq2Y3dsA,5.0,2014-02-15 03:49:50,night,5,1,1,medium,high,Philadelphia,Asian Fusion,2,1,0
MMrhXC_dGJH_o-Xk0uZODQ,VRGYwKE_Z77frm5NwLvJhw,5.0,2014-02-16 04:56:53,night,6,1,1,long,high,Nashville,Bars,2,1,0
cHVfkm_h_vKt-ZIWMYQcrg,_SjdrpSZdiXVSwaJR5T9jw,2.0,2014-02-16 15:03:43,afternoon,6,1,0,long,high,New Orleans,Barbeque,2,1,1
daBNJmXVo5LwmL5zTqf6Mw,Mxlw3cSKkWv5o4HdRWGTPg,5.0,2014-02-16 19:01:44,evening,6,1,0,medium,high,Tampa,Tea Rooms,2,0,1
o6ob4f_GwT2PRXcqW2uidQ,8uF-bhJFgT4Tn6DTb27viA,4.0,2014-02-17 04:06:41,night,0,0,0,long,high,New Orleans,Food,1,1,1
yNEuxv_oq2w2bVkMy7Gz6A,Qe7fZel3Rw6yHty-gCBExA,4.0,2014-02-23 23:50:45,evening,6,1,0,short,high,Royersford,Ice Cream & Frozen Yogurt,1,0,0
vzNYQaFyBnIU_bBkJsUJQA,EtKSTHV5Qx_Q7Aur9o4kQQ,3.0,2014-02-23 23:56:59,evening,6,1,1,long,high,Philadelphia,Bars,2,1,1
USD9k93iOIB88v93B5iBcw,FHNIvNgh3fS7VZQq2Y3dsA,5.0,2014-02-24 02:39:05,night,0,0,1,medium,high,Philadelphia,Asian Fusion,2,1,0
nWepkfrazqoTWkPDdgI1bw,AbbIoHhBEMZndmIm07L4Og,2.0,2014-02-24 02:54:55,night,0,0,1,medium,high,Reno,Food,1,0,0
0Igx-a1wAstiBDerGxXk2A,2kOGFDJ9v4T9AzuKWhwl2g,3.0,2014-02-24 04:20:00,night,0,0,1,long,high,Metairie,Food,1,1,1
clk385ygJaFUtRIT2M7yTw,ut6fi2W2YaipNOqvi7e0jw,3.0,2014-02-24 14:52:26,afternoon,0,0,1,long,high,Carmel,Nightlife,2,1,1
Cvi8nZTwDVaQkqmmgQwQMw,mmBwAe9q062vKWanRfoagQ,5.0,2014-02-24 15:14:20,afternoon,0,0,1,long,high,Philadelphia,Hotels & Travel,2,0,0
PGx_pmKGlmzK4Y_15IWAUw,OHzX-ZD9qyoeoxR8Z0dlIA,5.0,2014-02-24 15:19:38,afternoon,0,0,1,long,high,Philadelphia,Restaurants,2,1,1
rhVSH-tQW7lo55CrLqwuMg,2rQFgavS-942RapZTBSBTw,5.0,2014-02-24 16:39:08,afternoon,0,0,1,medium,high,Bryn Mawr,Italian,2,1,1
_ljIoh025OGAvWz_Kvq6EQ,dIpTuL2T1L98GQGU17IeSw,4.0,2014-02-24 16:56:33,afternoon,0,0,1,long,high,Tampa,Bars,2,1,1
2XKlUjHGk9z-2ckFMcBEHw,VRGYwKE_Z77frm5NwLvJhw,5.0,2014-02-24 18:29:11,afternoon,0,0,1,long,high,Nashville,Bars,2,1,0
5UDVAuh_gJcjWw5M4-xsbw,d_tRshM-w6S4QxE4VVi8tQ,3.0,2014-02-24 21:27:09,evening,0,0,0,long,high,Philadelphia,American (New),2,1,0
b-DA7VhnYRLg6q5jIK3RNw,AzseSGgDC6bVtMPEYo1CNQ,4.0,2014-02-24 22:11:41,evening,0,0,0,medium,high,New Orleans,Food,2,0,0
UjzOSjzFFgoCLegI98G7hQ,HCbJPXWXvwN-C7XfmVy3gA,3.0,2014-02-25 03:20:12,night,1,0,1,medium,high,Indianapolis,Desserts,2,1,1
LkXNQQaIc5yrKu9Ap87RrA,ySSOZ_fz7wMhfjhWKzdR-w,3.0,2014-02-25 04:59:25,night,1,0,1,long,high,Reno,Burgers,2,0,0
2dzJH4hqyRey-B_-1e6OWA,6N9T23_iXkcOCh6boAXpIg,5.0,2014-02-25 05:50:28,night,1,0,0,long,high,Tucson,Restaurants,2,1,1
G3h8pIclwUbuu3itJqF7ug,71MulAHeKm5p2kIIGYEwpA,5.0,2014-02-25 06:13:28,night,1,0,1,long,high,Edmonton,Bakeries,2,0,0
TLpnu9BZNLTuB1ngxjnIpA,6dDC5PSmPEoJYuM8r8dN_A,4.0,2014-02-25 06:38:52,night,1,0,1,long,high,Reno,Food,3,1,0
IKbjLnfBQtEyVzEu8CuOLg,LnZvGYbqozanOSevcftnrw,4.0,2014-02-25 16:44:52,afternoon,1,0,1,medium,high,Philadelphia,Sandwiches,2,0,0
KXDiP5LvmOIAH2M7rQyquw,ql9pGsVnj0ZWAsHxO0myaQ,5.0,2014-02-26 06:15:26,night,2,0,0,medium,high,Nashville,American (Traditional),1,1,0
KXDiP5LvmOIAH2M7rQyquw,NT5S6JV5wPwKOd3s3Yh1zQ,5.0,2014-02-26 06:24:49,night,2,0,0,medium,high,Nashville,Restaurants,2,1,0
dryc4ON8yzZfFW0LQWNklw,6kAXOzE7fqaBZINQV_-_mg,5.0,2014-02-26 06:31:39,night,2,0,0,medium,high,Nashville,Vietnamese,1,1,0
clk385ygJaFUtRIT2M7yTw,COclRBaXBjYpomS4syUmvg,5.0,2014-02-26 17:04:18,afternoon,2,0,1,long,high,Indianapolis,Restaurants,1,0,1
vHc-UrI9yfL_pnnc6nJtyQ,zMMSWTHxkLWYR359o-IuAg,3.0,2014-02-26 19:54:23,evening,2,0,1,long,high,Reno,Restaurants,1,0,1
SBjQX8BNQk4KtLVf8W14zQ,skN2XhKXlcjf53uIwzAedw,3.0,2014-02-26 21:10:08,evening,2,0,1,long,high,Franklin,Burgers,2,1,1
362EJ-BAcCkoeudPCtLKWA,9V0LMtO1riRw9-pUuG4NFg,4.0,2014-02-26 23:19:10,evening,2,0,0,medium,low,Indianapolis,Latin American,2,1,1
rd-VekRIT09f3yEHCf3HmQ,nGFWg8F1dvDW3iasvyOEBg,1.0,2014-02-26 23:52:25,evening,2,0,0,medium,low,Thorndale,Restaurants,1,0,0
EQpFHqGT9Tk6YSwORTtwpg,nV9XClMRPTDWhak4FTkyyg,4.0,2014-02-27 00:33:45,night,3,0,0,medium,high,Springfield,Italian,2,1,0
zTwwciNRMedBvUS3-_8h6g,kkcQYuF3w5iHnHMf0EnRhQ,5.0,2014-02-27 03:02:05,night,3,0,1,medium,high,Philadelphia,Sandwiches,1,1,0
1AVaIU4ClnKecWYuYNO38w,zQ3tnBABoypncWu5oW2bKA,4.0,2014-02-27 03:51:26,night,3,0,1,long,high,Carmel,Ice Cream & Frozen Yogurt,1,0,0
5jKScvMqxW_rzd0D8xgX1A,QjktE2M71v56CVHERuyiTg,5.0,2014-02-27 04:19:05,night,3,0,1,medium,high,Philadelphia,Cafes,2,0,1
KhHwhL89YnbEw8RNM03C4A,7clCBgNbd-x2Wj96lZ6Mjw,5.0,2014-02-27 14:24:19,afternoon,3,0,1,medium,high,Indianapolis,Food,2,1,0
mzL0zHFGyd9866OUljq49g,u7_3L1NBWgxhBM_B-cmmnA,5.0,2014-02-27 19:00:12,evening,3,0,1,long,high,Philadelphia,Italian,2,1,1
miwSBbmZQXOkNo7XPMiEXA,9_m_iA3VAqGBJEW5XLc-5w,3.0,2014-02-27 20:48:06,evening,3,0,0,long,high,Indianapolis,Food,2,0,0
VtKGYxPL1oGr4he7_whrWA,McQo2QJGt1BI9oPu6KLDjg,5.0,2014-02-27 21:47:57,evening,3,0,1,medium,high,Indianapolis,Specialty Food,2,0,0
EQpFHqGT9Tk6YSwORTtwpg,GtfM73QC1y4_j8ghKPSt_w,5.0,2014-02-27 23:18:53,evening,3,0,0,medium,high,Harvey,Ice Cream & Frozen Yogurt,2,1,1
OExmdhEdcKHQQqXrv6ftTg,kq5Ghhh14r-eCxlVmlyd8w,5.0,2014-02-28 00:24:21,night,4,0,1,long,high,Philadelphia,Restaurants,1,0,1
WyrrCOkp8MaVfj10UAOMFA,N-tBrQMt2pc5JudffpDFmw,5.0,2014-02-28 06:44:38,night,4,0,1,medium,high,Indianapolis,Specialty Food,1,0,0
oknU9tuT6R16XlolOBnWHw,WAPhi7JdwIvdTBgM9KsxHA,3.0,2014-02-28 14:42:11,afternoon,4,0,1,long,high,Haddon Township,Grocery,1,0,0
UYU71DRx-UDAee-eFOFfWw,Tl24lMv2aCuLs4u45NquJQ,5.0,2014-02-28 17:17:56,afternoon,4,0,1,medium,high,Cherry Hill,Italian,2,0,1
pe-ltR4of_hrIjaHXlKveg,Mxlw3cSKkWv5o4HdRWGTPg,5.0,2014-02-28 17:28:49,afternoon,4,0,1,medium,high,Tampa,Tea Rooms,2,0,1
NMVURT96-Dbtq0q0ocO7ZQ,I2CxrvM0BGH1svfxqGGD2g,3.0,2014-02-28 19:03:59,evening,4,0,1,long,high,Nashville,Automotive,2,1,1
D8CF2H3DYtNJlzR0IITMHQ,k9A4tAmei12tLprkrNPkcg,5.0,2014-02-28 19:37:32,evening,4,0,1,long,high,Reno,Fast Food,1,0,0
K97i0e7MaxYfvCCwPFMjuw,ZMQrlSkugKYxgvRMU-EqFg,1.0,2014-02-28 21:50:33,evening,4,0,1,long,high,Feasterville-Trevose,Local Services,2,0,0
8VNmuYmFboXleIFf-stnFg,o7cD_sDA-Evj3Oh0zeH9nQ,4.0,2014-02-28 22:50:07,evening,4,0,0,long,high,Reno,Restaurants,1,0,0
Qr1US2rXFhMx5BxriB5Ffw,D73evJ9PZKxO3E5TaThe3w,4.0,2014-03-01 00:31:12,night,5,1,1,medium,high,New Orleans,Tex-Mex,2,1,1
ZOmHHLEYTXxxs3nWJhKoaA,bfY9Z5zOihXRrR2aqVqHXQ,4.0,2014-03-01 01:01:11,night,5,1,1,long,high,Brentwood,Drugstores,2,0,0
_ry8RIiiS_k0_7MYhEu_hg,B-DiQpcSTJ7oMMnwzbAGTQ,4.0,2014-03-01 03:08:47,night,5,1,1,long,high,Philadelphia,Thai,1,0,0
VVNj3hSE8drWCu8xUXH05Q,lwdkX7KcibM4mDqpDfK7JA,4.0,2014-03-01 05:18:45,night,5,1,1,medium,high,Nashville,Caterers,2,1,1
R-c5M0iJkMxxTxIqTQQZ8w,f2r0YzFcaFl3jSg4cST68w,3.0,2014-03-01 05:43:59,night,5,1,0,medium,high,Edmonton,Food,2,1,0
5kcLlhJPLJL_GLwrAdbZAA,Dv6RfXLYe1atjgz3Xf4GGw,4.0,2014-03-01 13:03:41,afternoon,5,1,1,long,high,Philadelphia,Burgers,2,0,1
cS6w05o4ZE13E5T7X0AvBg,YjcWqy2UfCmBeiPbgdFxVA,4.0,2014-03-01 16:47:14,afternoon,5,1,1,medium,high,Drexel Hill,Health & Medical,1,0,0
nFqirXVrD9cykRoCekmOHg,e86IBzGCsrnhJbD_wELj7w,3.0,2014-03-01 19:04:06,evening,5,1,1,medium,high,Saint Louis,Gluten-Free,3,1,0
iYXQCx7IWJslr_WTLjn6lw,OjeSJYXaEqm3CkZsFf8xRA,5.0,2014-03-01 19:48:47,evening,5,1,1,long,high,Glen Mills,Fast Food,1,0,0
hn18xnU4C5wM_rlQ06FANA,v5kwdvmg-J8g-ll0nkc3Sw,5.0,2014-03-01 20:32:07,evening,5,1,0,medium,high,Indianapolis,Restaurants,2,1,1
qs9_yIgen2NUxQCS-LiR_Q,d_tRshM-w6S4QxE4VVi8tQ,3.0,2014-03-01 22:07:15,evening,5,1,0,medium,high,Philadelphia,American (New),2,1,0
9EMgczqumS10LYSbsaiKdQ,laElNpr0C23diPSsx12Nvg,3.0,2014-03-02 00:59:22,night,6,1,1,short,high,Tampa,Restaurants,1,1,0
obAksk0tLwmo6Vb32fOgQQ,4TQMOy00KD_54xSFwKgMZw,3.0,2014-03-02 05:36:45,night,6,1,0,medium,high,Philadelphia,Restaurants,2,0,1
2dzJH4hqyRey-B_-1e6OWA,6N9T23_iXkcOCh6boAXpIg,4.0,2014-03-02 08:54:43,morning,6,1,0,medium,high,Tucson,Restaurants,2,1,1
A-h1VpD4NhSQo9hlk5FzRg,10MHfI2mRKGJu_Vbm64pkQ,4.0,2014-03-02 12:54:47,morning,6,1,1,long,high,Clearwater,Mexican,2,1,1
dgGUKdOh2a01OwLw1qgfDw,720J1v3TX-J95cdTJbCpKA,4.0,2014-03-02 17:01:31,afternoon,6,1,1,long,high,Nashville,Sushi Bars,2,1,0
qjfMBIZpQT9DDtw_BWCopQ,sophKEDc2rBDe-cuOaJDkA,4.0,2014-03-02 17:08:54,afternoon,6,1,1,long,high,Wesley Chapel,Breakfast & Brunch,1,1,1
pUNvLJwdJIOemOgU98mp1w,_9x1oSQghxEPuUeb5NPShw,4.0,2014-03-02 17:41:02,afternoon,6,1,1,long,high,Philadelphia,Bars,2,1,0
WT36RE4WkUIaEbLDjkPB3g,DsKzHnkLKnxZTVsFpts4oA,4.0,2014-03-02 19:16:54,evening,6,1,1,long,high,Philadelphia,Breakfast & Brunch,2,1,0
5MYa3BbBU359oqcEYwY94w,p21PCK17H3WL56KSr4Ykig,5.0,2014-03-02 22:25:21,evening,6,1,1,medium,high,Tampa,Restaurants,1,1,0
5MYa3BbBU359oqcEYwY94w,wHiPhPVuGnngEieDBMG00g,4.0,2014-03-02 22:30:52,evening,6,1,1,medium,high,Brandon,Bars,2,1,1
M1Rg1pBkC2Co1NZP5QSSDw,Mjboz24M9NlBeiOJKLEd_Q,3.0,2014-03-02 22:59:10,evening,6,1,0,long,high,Philadelphia,Pizza,1,0,1
EcySB4Ywi9oEzKyIZWcUYw,CPPOKMjjE3-au0BWdbC95Q,2.0,2014-03-02 23:34:43,evening,6,1,0,medium,high,Reno,Latin American,1,1,1
6Q8dQGr_DBKcmQ1aXVWvTQ,tYCok-NtWvg8_k7woeB83w,4.0,2014-03-03 01:28:45,night,0,0,1,long,high,Cherry Hill,Desserts,2,1,1
ILicYV0XNcbfiWEgWlIZ8g,G-zzByEfv2oqjcxYmPsjtA,5.0,2014-03-03 02:57:01,night,0,0,1,long,high,Malvern,Mexican,1,0,0
Sz8Og_uKzfPnElZetadDZQ,oaboaRBUgGjbo2kfUIKDLQ,3.0,2014-03-03 03:00:51,night,0,0,1,long,high,Nashville,Ice Cream & Frozen Yogurt,2,0,0
WJVedIAJN0FRxDn6M1tLkA,vCHNWdW-ys-nWUx3Cpvk8Q,4.0,2014-03-03 14:29:24,afternoon,0,0,1,long,high,Philadelphia,Bakeries,2,1,0
jswWHPctnZGH3qqvN4mzoQ,nRKndeZLQ3eDL10UMwS2rQ,5.0,2014-03-03 16:18:26,afternoon,0,0,1,medium,high,Saint Louis,Ice Cream & Frozen Yogurt,1,0,0
XjLvFaNKzzprEDRR-3kxsQ,25btSWnOGwwB2IQMXF7A-A,4.0,2014-03-03 18:11:53,afternoon,0,0,0,long,high,Wilmington,Grocery,2,0,0
Jt3GylPuH64uA3zTdbMdCg,2GYg3liJ9-m6Z67L_4_BRQ,4.0,2014-03-03 19:42:47,evening,0,0,1,long,high,Philadelphia,Pets,2,0,0
N11AGsSHMp9ZhOARSq8LNQ,CPPOKMjjE3-au0BWdbC95Q,3.0,2014-03-03 20:43:32,evening,0,0,1,long,high,Reno,Latin American,1,1,1
dLeQWcavoGKfof59f3Y6uQ,ixPTo6Hum7nNZ7A4VPhTXg,5.0,2014-03-03 21:16:27,evening,0,0,1,short,high,Tampa,Restaurants,2,1,1
lN_sKVrvdQA_N58IhpSEyQ,uE40984_YDgVvPeRpFcCaQ,4.0,2014-03-03 21:28:10,evening,0,0,1,long,high,Philadelphia,Southern,2,1,0
Dewn3eFhrFQCDTFu__Pp5A,ROeacJQwBeh05Rqg7F6TCg,5.0,2014-03-04 03:17:39,night,1,0,1,long,high,Philadelphia,Korean,1,0,0
ktm2YMsb65tRnePcYpVlqg,9V0LMtO1riRw9-pUuG4NFg,5.0,2014-03-04 03:21:30,night,1,0,1,long,high,Indianapolis,Latin American,2,1,1
1hQjdoDUQwHB3kFdffMA6Q,QkyEr9j7il9lJqseTbPe5w,4.0,2014-03-04 14:08:55,afternoon,1,0,1,long,high,Media,Restaurants,2,1,1
UXcOSMHZM2RPWTgjQbKDJg,1pkuCWlH3iEuUAQVHpIuHQ,3.0,2014-03-04 14:19:49,afternoon,1,0,1,long,high,Philadelphia,Cantonese,1,0,0
MdaiGLPoMby-kr-JMw-cZQ,TUhRukcZb3tG0cB_X68FCQ,2.0,2014-03-04 16:29:21,afternoon,1,0,1,medium,high,North Wales,Restaurants,2,1,0
Iq01HVPaGAJYJXUaCq3Dyw,-ATiAtTikuGuqvaW2O6tNA,4.0,2014-03-04 18:24:21,afternoon,1,0,1,long,high,Philadelphia,Sandwiches,2,1,1
NGGd_11d2RXR8wTurenLgg,CKKY7kxtznKVzm9FBzAL4w,4.0,2014-03-04 18:24:37,afternoon,1,0,1,long,high,Wilmington,Food,1,0,0
btSaJqMiUwMemMZ1AhCe3Q,lZEYIL95hZsZS0vgaoR2aQ,2.0,2014-03-04 21:04:53,evening,1,0,1,long,high,Tampa,Sandwiches,2,1,1
BrfStKKOVtT-BZGuT9qJwA,2FnoLyEO0nq7g2Wz8x7Z5A,4.0,2014-03-04 21:40:11,evening,1,0,1,long,high,Bala Cynwyd,Juice Bars & Smoothies,2,0,1
Zp1o52IRl92dunmsfiT96g,G4mEyZGeS_4JOuAQWg2dJA,5.0,2014-03-04 21:59:34,evening,1,0,1,long,high,West Chester,Pizza,2,1,0
EQpFHqGT9Tk6YSwORTtwpg,1DkolDhbc0kydORZCIp7Fw,3.0,2014-03-05 01:37:29,night,2,0,0,medium,high,Philadelphia,Food Stands,1,1,1
EQpFHqGT9Tk6YSwORTtwpg,ZyyExneJPXjci7yc2CGAPQ,4.0,2014-03-05 02:22:11,night,2,0,0,medium,high,Philadelphia,Coffee & Tea,1,0,1
UXZMPcpth1NmegvLMHqABA,gebiRewfieSdtt17PTW6Zg,4.0,2014-03-05 10:40:49,morning,2,0,0,long,high,Santa Barbara,Steakhouses,2,1,0
0YI3p9o-ntRgRaPWpfa22Q,q72up2Av5yNNVPk7vdKg9w,5.0,2014-03-05 17:54:11,afternoon,2,0,1,medium,high,Carmel,Cafes,2,0,1
UXZMPcpth1NmegvLMHqABA,CYwC5OjwCN6ib_AQDxi3Ow,5.0,2014-03-06 00:28:07,night,3,0,0,medium,high,Goleta,Restaurants,1,0,0
Ot3dwSCZ-1m_z-rIoG5tNA,upkreyzHS0heQGzCtJ0aNg,4.0,2014-03-06 14:09:47,afternoon,3,0,0,medium,high,Kimberton,Salad,3,1,1
o15SFerEo23dMSiY_P2xEw,M0r9lUn2gLFYgIwIfG8-bQ,3.0,2014-03-07 02:35:30,night,4,0,1,long,high,Saint Louis,Ice Cream & Frozen Yogurt,2,1,0
cbY0f25GE3WLB5YUNQUgtw,37BpNvlEAT6WVGsksrHbBQ,5.0,2014-03-07 05:08:32,night,4,0,0,medium,high,Nashville,Sushi Bars,2,1,1
MdaiGLPoMby-kr-JMw-cZQ,kfN6roQlTHWvMNlYdq2zgw,2.0,2014-03-07 14:18:41,afternoon,4,0,1,medium,high,Chalfont,Restaurants,2,0,0
6NagSmaahFhlt3LEpnVXoQ,1ddqdY_piKp-abaZ-bGRSA,3.0,2014-03-08 23:13:55,evening,5,1,1,long,high,New Orleans,Steakhouses,3,1,0
wUTjHpPAs6EWFZtMfEQUiw,O3Gsne_JJ24yMvLrDoNjqA,5.0,2014-03-09 19:18:09,evening,6,1,0,medium,high,Hatboro,Himalayan/Nepalese,2,0,0
H2DNqyt2CR5a8Gv3Jisqhg,-Tnsc_b8dsWuAq1wQugKZA,1.0,2014-03-14 03:50:20,night,4,0,1,long,high,Indianapolis,Restaurants,2,1,0
GrCKTYu9qPiUlowByh3VAA,pSmOH4a3HNNpYM82J5ycLA,4.0,2014-03-14 05:32:21,night,4,0,1,medium,high,Nashville,Restaurants,2,1,0
huHPQSQgw4kFakc0Vq7TDA,_D7QoWuQKMXk0mEE7r_Ftw,5.0,2014-03-14 13:55:46,afternoon,4,0,1,long,high,Columbia,Beer,2,1,1
JITevzyEgskIJc6sgOyEgw,6kAXOzE7fqaBZINQV_-_mg,2.0,2014-03-14 14:13:17,afternoon,4,0,1,long,high,Nashville,Vietnamese,1,1,0
SUV5QErmlMLhwsIkdUzK4w,GBTPC53ZrG1ZBY3DT8Mbcw,3.0,2014-03-14 15:42:48,afternoon,4,0,0,medium,low,New Orleans,German,2,1,0
HHp96KPsroyYDAHOwo_VSg,N1ZXhAVzOzbyCBPEXTaUUw,4.0,2014-03-14 17:31:57,afternoon,4,0,1,long,high,Philadelphia,Food Delivery Services,2,0,0
MEa1LSKvSjs8-wZdEpa0hA,ovLgaPIMrx7PDZPrEpTMvg,3.0,2014-03-14 19:27:36,evening,4,0,0,long,high,Tampa,Salad,1,0,0
Mh5HtmJeW7LglS7q8C8YYA,89COhCW-cAD5-fTXPfXYTw,3.0,2014-03-14 19:46:44,evening,4,0,1,long,high,Maplewood,Donuts,1,0,0
jaP-SWrw_W4CpGf8RlQ-Wg,t1qF12NdW8KvCqxqbvy-Hg,3.0,2014-03-14 21:45:33,evening,4,0,0,short,high,New Orleans,Breakfast & Brunch,1,1,1
dLeQWcavoGKfof59f3Y6uQ,a_ts6C7QntisENtyitJRBw,5.0,2014-03-14 21:56:46,evening,4,0,1,short,high,Tampa,Ice Cream & Frozen Yogurt,1,0,1
jaP-SWrw_W4CpGf8RlQ-Wg,cbsi6TU7ojJ_exZSD-zv9w,2.0,2014-03-14 22:12:46,evening,4,0,0,medium,high,Southport,Fast Food,1,0,0
U7JinPjZhXocl8FL_5cJ0A,GUMVStVaJfWmCIpQA4TtHg,3.0,2014-03-15 00:19:54,night,5,1,0,short,high,Philadelphia,Restaurants,2,0,0
rhVSH-tQW7lo55CrLqwuMg,IfZ5Xqh5VNxM-HDhKPUlXg,5.0,2014-03-15 00:48:22,night,5,1,1,long,high,Warminster,American (New),3,0,0
yR6Y6PIGwzBy2qFoL6O3BA,5RzJ2bjU8bLSaN5SuiUpYA,4.0,2014-03-15 17:41:22,afternoon,5,1,1,long,high,Indianapolis,Event Planning & Services,2,1,1
5kcLlhJPLJL_GLwrAdbZAA,vCHNWdW-ys-nWUx3Cpvk8Q,4.0,2014-03-15 20:05:29,evening,5,1,1,long,high,Philadelphia,Bakeries,2,1,0
8M4_nA8e9VacrirvCwrl8Q,bKgyXSQUGA8IHGt8ne5NuA,3.0,2014-03-15 21:49:04,evening,5,1,0,long,high,Reno,Restaurants,1,1,1
j8bKTkTidPD-B_-2ceaRhw,EERwPZdemE21aIwYsadjTg,4.0,2014-03-15 22:40:17,evening,5,1,0,medium,high,Nashville,Cafes,2,1,1
Vm0fyrUjwMTDgwqV6DhqDw,2PFkue1wjcpxW-oHHebG5g,2.0,2014-03-16 00:50:39,night,6,1,1,long,high,Conshohocken,Japanese,2,0,0
I-wq3PJNBlaZ8tpi0SdS8A,VeqkfRUzZAKlQer3npXPdQ,5.0,2014-03-16 02:05:44,night,6,1,1,long,high,Ballwin,Restaurants,2,0,1
zQTEbn5nWGPypxOf2uRPmg,2nUzpVFZVyGoD-RVhz-1KA,5.0,2014-03-16 02:25:00,night,6,1,1,long,high,Kirkwood,Burgers,2,1,1
0V9kMR2AGljsoMQR_JgpZQ,a2ITIJRAY4Eo-xTH0vN95A,1.0,2014-03-16 04:04:13,night,6,1,0,long,high,Tampa,Restaurants,2,1,0
MR39Vmbfr3StG-Atok3tHA,VLryc6Q-JbhMdrg7L6rRww,4.0,2014-03-16 04:14:16,night,6,1,1,long,high,Franklin,Bars,2,1,1
rUQ0uTP4lbqbEl7PGhCugA,WQ832PDnsDshhbQFm83ISg,4.0,2014-03-16 05:17:10,night,6,1,1,long,high,Tampa,Cinema,2,1,0
24RtLXUcl7AR9CEqAGvH0Q,0zWAsCBzvuCI_Ydx7yH1Jw,5.0,2014-03-16 09:33:59,morning,6,1,0,short,low,Philadelphia,Noodles,2,1,0
24RtLXUcl7AR9CEqAGvH0Q,mCo2uVTTGYrEhRrkQW-CMw,4.0,2014-03-16 09:36:22,morning,6,1,0,short,low,Philadelphia,Taiwanese,2,0,0
24RtLXUcl7AR9CEqAGvH0Q,7yPzOek7Af2dKWGYKpcHWA,3.0,2014-03-16 09:38:22,morning,6,1,0,short,low,Philadelphia,Restaurants,2,0,0
1KVMrASElCoqaPOBqHeY1g,a2ITIJRAY4Eo-xTH0vN95A,1.0,2014-03-16 12:04:17,morning,6,1,1,medium,high,Tampa,Restaurants,2,1,0
4381-bSqHKt_tF5PQH2epQ,P_x9fEz8efemqOIV46S0tg,3.0,2014-03-16 14:34:28,afternoon,6,1,1,short,high,St Petersburg,Bars,2,1,1
4381-bSqHKt_tF5PQH2epQ,2KIDQyTh-HzLxOUEDqtDBg,5.0,2014-03-16 15:13:21,afternoon,6,1,1,long,high,Saint Petersburg,Specialty Food,2,1,0
nC9V777rlZbKWm3m0QlXYg,pPFv6CTFK5i8FNj8f3_pVg,4.0,2014-03-16 19:16:13,evening,6,1,0,medium,high,Edmonton,Restaurants,2,1,0
M9k0BUcjH36YQrBklhg34A,pY7BOmdLwh8KxLGMWu_IQQ,3.0,2014-03-16 21:43:13,evening,6,1,0,medium,high,Sparks,Ice Cream & Frozen Yogurt,2,0,0
LfW6kFWMDV0NC6Dl1Xy9Mg,hKameFsaXh9g8WQbv593UA,3.0,2014-03-16 23:27:08,evening,6,1,1,medium,high,Lutz,Seafood,2,1,0
Gv2wHeY8sQuyEUS8yX56HA,RuEIK45gBF5iDbYoSa9tOA,5.0,2014-03-16 23:37:45,evening,6,1,0,medium,high,Edmonton,American (Traditional),2,1,0
6nwKICMjYAlK_yRM9YxpHg,nRKndeZLQ3eDL10UMwS2rQ,5.0,2014-03-17 03:45:49,night,0,0,1,long,high,Saint Louis,Ice Cream & Frozen Yogurt,1,0,0
GG0mFsEXb-02_dzFPqRV1Q,k9W1gDPg4TziOTqY_xjTyQ,3.0,2014-03-17 12:43:11,morning,0,0,1,medium,high,Wilmington,Food,2,0,0
k_muz40jJaiY1PVga6NDXA,OEzYP44ER97a1hi4LgR6bA,3.0,2014-03-17 15:15:39,afternoon,0,0,1,medium,high,Springfield,Event Planning & Services,1,0,0
M9k0BUcjH36YQrBklhg34A,ri7LOsk5W_xGVfxhXFHY5Q,1.0,2014-03-17 15:39:33,afternoon,0,0,0,short,high,Sparks,Dive Bars,1,1,0
AaPhPor834YyMwCqOxytdQ,3SHw4aZW_muE1kRSLQQjjA,4.0,2014-03-17 17:09:58,afternoon,0,0,1,medium,high,TAMPA,Breakfast & Brunch,1,1,0
OLGQ7alK4VKl3YdQk6UF5g,ki1ji38VOBVhZJ__Awvf-Q,3.0,2014-03-17 19:01:04,evening,0,0,1,long,high,Bensalem,Restaurants,3,1,0
dqucQwA-CHWhUczwqIxKKg,cMf3Ej3KNBoN2sIpLCm9Rg,4.0,2014-03-17 22:19:39,evening,0,0,1,medium,high,Collegeville,Restaurants,2,0,1
dqucQwA-CHWhUczwqIxKKg,OKPUO8zvBBL-OA6-SfDx8Q,5.0,2014-03-17 22:25:40,evening,0,0,1,medium,high,Philadelphia,American (Traditional),3,0,1
yNEuxv_oq2w2bVkMy7Gz6A,FHNIvNgh3fS7VZQq2Y3dsA,5.0,2014-03-18 00:57:55,night,1,0,0,medium,high,Philadelphia,Asian Fusion,2,1,0
JSzIwMqdSI74_ztnbWzsEA,STtVemevd30WoiZWn_taiQ,4.0,2014-03-18 00:59:16,night,1,0,1,long,high,Oldsmar,Latin American,1,0,1
mzL0zHFGyd9866OUljq49g,FHNIvNgh3fS7VZQq2Y3dsA,4.0,2014-03-18 12:21:11,morning,1,0,1,long,high,Philadelphia,Asian Fusion,2,1,0
v6Jd2lpaKvyXpzzyNDelyw,A2TDvUnOgCRKeyWN8V2WGg,3.0,2014-03-18 18:13:02,afternoon,1,0,1,long,high,Largo,Nightlife,2,1,1
aGI_wfhcJ86DJ-67Lkty8g,EtKSTHV5Qx_Q7Aur9o4kQQ,4.0,2014-03-18 20:22:01,evening,1,0,1,long,high,Philadelphia,Bars,2,1,1
5kcLlhJPLJL_GLwrAdbZAA,uE40984_YDgVvPeRpFcCaQ,5.0,2014-03-18 20:38:19,evening,1,0,1,long,high,Philadelphia,Southern,2,1,0
FlXBpK_YZxLo27jcMdII1w,DXYhpEv17mWqSqFjau7vhg,5.0,2014-03-18 22:54:50,evening,1,0,1,long,high,Philadelphia,Italian,2,0,1
itHpQTjM1wdHGqAu8G70UA,MnKgN5crTUuxROY2aoadtQ,3.0,2014-03-19 01:08:45,night,2,0,1,long,high,Saint Louis,Music Venues,2,1,1
88Ij88GMC7tcIegOicRdYA,7ELSYoA2CZx8UPSLrvhOXg,3.0,2014-03-19 12:21:30,morning,2,0,1,long,high,Newark,Restaurants,1,0,0
v1pKH5c7C5pEyrlVjIbr-w,Q4q9xFDxErreYTMrRshP_Q,4.0,2014-03-19 12:30:43,morning,2,0,1,medium,high,Clearwater,Restaurants,1,1,1
oknU9tuT6R16XlolOBnWHw,cXSyVvOr9YRN9diDkaWs0Q,3.0,2014-03-19 18:16:31,afternoon,2,0,1,long,high,Philadelphia,Southern,2,1,1
7Na1pUcEv3oF_QTRwZ-2iw,bjhCtlYHrkgA5Ku8l-rB3g,5.0,2014-03-19 19:17:59,evening,2,0,1,long,high,Santa Barbara,Restaurants,2,1,1
e7MEzEQMjqNPZfYthZKhwg,3yI-7C8JzbG-ZaSqAGHMAQ,4.0,2014-03-20 02:36:50,night,3,0,1,medium,high,Tampa,Restaurants,1,0,0
rUQ0uTP4lbqbEl7PGhCugA,2KIDQyTh-HzLxOUEDqtDBg,4.0,2014-03-20 03:11:03,night,3,0,1,long,high,Saint Petersburg,Specialty Food,2,1,0
rUQ0uTP4lbqbEl7PGhCugA,BjBDHqHhMXSxgyVipccznQ,4.0,2014-03-20 04:17:14,night,3,0,1,medium,high,Tampa,African,3,1,0
obAksk0tLwmo6Vb32fOgQQ,vCHNWdW-ys-nWUx3Cpvk8Q,4.0,2014-03-20 13:05:38,afternoon,3,0,0,medium,high,Philadelphia,Bakeries,2,1,0
uJYhDHh1wf3Vx8HwsSUt7w,w0zKpH49tW6Y-b6ZJzKMFw,1.0,2014-03-20 16:42:10,afternoon,3,0,0,long,high,Philadelphia,Food,2,1,0
AvGJVv7Z3a0q1MJT1Ykd0w,1QprdzNzcYKRcSTIfh5BGw,5.0,2014-03-20 16:44:24,afternoon,3,0,1,long,high,Philadelphia,Tattoo,1,0,0
NMLvjdY7IOdtfU0TepvUuA,qdL-EbgoA7Gq_2u4e4YvLw,4.0,2014-03-20 17:31:07,afternoon,3,0,1,long,high,Blue Bell,Nightlife,2,1,0
5kcLlhJPLJL_GLwrAdbZAA,LnZvGYbqozanOSevcftnrw,4.0,2014-03-20 19:25:21,evening,3,0,1,long,high,Philadelphia,Sandwiches,2,0,0
5kcLlhJPLJL_GLwrAdbZAA,78kUZU8GPfHgoYO_2CNbuQ,4.0,2014-03-20 19:29:06,evening,3,0,1,medium,high,Philadelphia,Ice Cream & Frozen Yogurt,1,0,0
oAhoFRRKomodbIx8jtKmKA,AOGFntN8SHBmRNYV6AhqgQ,5.0,2014-03-20 23:00:24,evening,3,0,1,long,high,Tampa,Grocery,2,1,0
Zp1o52IRl92dunmsfiT96g,fGYnHzFr1z2kv7bPRW6VMA,4.0,2014-03-21 01:40:17,night,4,0,1,long,high,West Chester,Pizza,2,1,1
e7MEzEQMjqNPZfYthZKhwg,OIES_WhdNux3PmvSuPM-8Q,3.0,2014-03-21 03:27:03,night,4,0,1,medium,high,Tampa,Restaurants,2,1,0
bo4WKYqBoT0Cc23epTo8pA,b4DcNSlKBGIoOmX7PLxmWw,5.0,2014-03-21 04:14:37,night,4,0,1,long,high,Edmonton,Canadian (New),3,1,1
Zp1o52IRl92dunmsfiT96g,y9yUyB9qldKaibuhJkC39w,4.0,2014-03-21 04:41:54,night,4,0,1,medium,high,Wayne,Flowers & Gifts,2,0,0
cS6w05o4ZE13E5T7X0AvBg,vFpbUcVAXxrSz5mFIzKbyw,3.0,2014-03-21 14:49:55,afternoon,4,0,1,medium,high,Springfield,Sports Bars,2,1,0
bWfU-XOaVHOsNAfLIJtA3w,LktIfbmd3k0kDiWibGw7DQ,3.0,2014-03-21 17:07:42,afternoon,4,0,0,short,high,Indianapolis,Chicken Wings,2,1,1
AUI-wWC12oaeQja9BiGwRQ,NV6zZPb5OGVpyX4JrSzUPg,1.0,2014-03-21 21:22:09,evening,4,0,0,long,high,Saint Louis,Bars,2,1,1
W7iLDP6GY4joKZ1zSCOEfA,nDD_6elPOfDe0eRk9xVHNQ,4.0,2014-03-22 00:19:40,night,5,1,1,medium,high,Edmonton,Canadian (New),2,1,1
3JUC7dFE8sKBrDrbTtSkaA,F2C5ENuY8CXfgoW-gAMdDA,4.0,2014-03-22 01:05:09,night,5,1,1,medium,high,Indianapolis,Bars,2,1,1
yPa_4u6hcWEHkziHAeRapw,uIZwBkvWicqyWraXvYOipw,4.0,2014-03-22 13:31:10,afternoon,5,1,1,long,high,Philadelphia,Restaurants,3,1,0
ChhiVXQulj8zmFDr6x-FqQ,pPFv6CTFK5i8FNj8f3_pVg,4.0,2014-03-22 14:45:10,afternoon,5,1,1,long,high,Edmonton,Restaurants,2,1,0
265EYpe5vbp5omrIObdpFg,-ikBycdroyTLDBHR9aC3HA,4.0,2014-03-22 16:33:49,afternoon,5,1,0,long,high,Nashville,Thai,2,1,0
ouODopBKF3AqfCkuQEnrDg,0zWAsCBzvuCI_Ydx7yH1Jw,4.0,2014-03-23 01:31:48,night,6,1,1,medium,high,Philadelphia,Noodles,2,1,0
riWDgbauId8TK7YFVgMNJw,k3sED9tpGEOtzhGxvcxTrw,2.0,2014-03-25 02:09:18,night,1,0,1,short,high,Metairie,Restaurants,1,1,0
rt3MZtOmwB0hohjILz45DQ,bKgyXSQUGA8IHGt8ne5NuA,4.0,2014-03-25 23:54:48,evening,1,0,1,medium,high,Reno,Restaurants,1,1,1
dMBzfEZVid6__5D4D5IgBw,uE40984_YDgVvPeRpFcCaQ,4.0,2014-03-27 00:54:26,night,3,0,0,long,high,Philadelphia,Southern,2,1,0
ScuWOAFGiCSDkZPI4x5mAQ,U8YI5k4c392EmPY7NsRZZg,5.0,2014-04-01 04:09:36,night,1,0,1,long,high,Spring Hill,Chinese,1,1,0
IKbjLnfBQtEyVzEu8CuOLg,VJEzpfLs_Jnzgqh5A_FVTg,4.0,2014-04-01 13:05:18,afternoon,1,0,1,long,high,Philadelphia,Soup,2,0,1
LruOyCDYa-hfSwJkOt46VA,qdL-EbgoA7Gq_2u4e4YvLw,5.0,2014-04-01 15:46:50,afternoon,1,0,1,long,high,Blue Bell,Nightlife,2,1,0
0us9bFdds4rqm117K-DCHw,PYUI1OJVksGUbCrteU68bw,3.0,2014-04-01 16:32:26,afternoon,1,0,1,long,high,Philadelphia,Bars,2,1,1
0Hl2BwAIz3Gi3Jhlx7AYZA,xwKYBPO0ByGlkvNcr8FdqQ,4.0,2014-04-01 18:12:27,afternoon,1,0,1,long,high,Tucson,Restaurants,3,1,0
-KduD3wwydWDq2GrODh2tw,SlZJATE_TGUU8X34UJNi4g,3.0,2014-04-01 18:50:00,afternoon,1,0,1,medium,high,Indianapolis,Mexican,2,1,1
rohwiags-kVO_IgYK1sIfw,SuQgcpL-aZeuyRjBdA0pHw,4.0,2014-04-01 19:10:22,evening,1,0,1,long,high,Rosemont,Restaurants,2,1,0
PLOYtrCMUFPHQe2IbYAd5g,nRKndeZLQ3eDL10UMwS2rQ,5.0,2014-04-01 21:44:10,evening,1,0,1,long,high,Saint Louis,Ice Cream & Frozen Yogurt,1,0,0
0sAUF_yzU7nlac8Hg-FUvg,Q_4XtUDxWDasRhORDaC-jw,3.0,2014-04-02 00:23:30,night,2,0,1,medium,high,Trinity,Fast Food,2,0,0
Zsucq1c-sjuGxs5jZuUEEg,b-4xNydyGmdv2bGFOHTgdw,3.0,2014-04-02 00:52:29,night,2,0,1,long,high,Edmonton,Bakeries,2,0,0
zxuxd6Hz2tKcpgZ71dYEcw,N-ej51lLtIl4TMC-Qb3k4A,5.0,2014-04-02 03:05:37,night,2,0,1,long,high,Edmonton,Restaurants,2,1,0
xC-q_yh0XwcjRLimkS3RNg,2fTfpN5SggLgW4LlzptMPg,5.0,2014-04-02 03:41:38,night,2,0,1,long,high,Edmonton,Nightlife,3,1,1
6ObFF8-uKnOAlXuSH4TlyQ,jg1YxrBaK9cB4OT1Zx49Hg,5.0,2014-04-02 06:51:08,night,2,0,1,medium,high,Tucson,Restaurants,2,1,1
gGuAM6Cw1VXJGLssm24ehA,k3sED9tpGEOtzhGxvcxTrw,3.0,2014-04-02 13:15:29,afternoon,2,0,1,short,high,Metairie,Restaurants,1,1,0
lAW03ccfMEuRZiDqvVgc0w,A6FDSdfwLPgl2T3ayKllqQ,3.0,2014-04-02 13:44:18,afternoon,2,0,1,long,high,Edmonton,Sports Bars,2,1,0
rohwiags-kVO_IgYK1sIfw,kex3ujGWOUvBX_ms4Etdtw,5.0,2014-04-02 16:55:01,afternoon,2,0,1,long,high,Paoli,Sandwiches,2,0,0
rpUOaLv_7QkDeFQSZMZhOg,p7UGlPkE3Gagm9Mq7aHfYg,4.0,2014-04-02 18:07:13,afternoon,2,0,1,long,high,Saint Louis,Food,1,0,1
0sAUF_yzU7nlac8Hg-FUvg,WHkMM8OCQhZMsSPnwItsKg,4.0,2014-04-02 23:41:23,evening,2,0,1,long,high,Tarpon Springs,Hot Dogs,1,1,1
zxuxd6Hz2tKcpgZ71dYEcw,9ErL3RgoLljuSZdDmk-iRw,4.0,2014-04-03 00:57:37,night,3,0,1,long,high,Sherwood Park,Nightlife,2,1,1
zxuxd6Hz2tKcpgZ71dYEcw,5nlpLTaOXgDQgKBHhAzm2g,3.0,2014-04-03 01:19:50,night,3,0,1,long,high,Edmonton,Fast Food,2,0,0
nPJw7YpKgHE6fowxgl3l1A,uE40984_YDgVvPeRpFcCaQ,5.0,2014-04-03 01:40:41,night,3,0,1,long,high,Philadelphia,Southern,2,1,0
362EJ-BAcCkoeudPCtLKWA,SlZJATE_TGUU8X34UJNi4g,5.0,2014-04-03 02:09:44,night,3,0,0,medium,low,Indianapolis,Mexican,2,1,1
8M4_nA8e9VacrirvCwrl8Q,DTIKGgzoKGLCNw2dNKfHZg,4.0,2014-04-03 02:45:21,night,3,0,0,long,high,Reno,Specialty Schools,2,1,1
lAW03ccfMEuRZiDqvVgc0w,ype7l-G4zuw3pmIG-HpvZA,4.0,2014-04-03 11:39:07,morning,3,0,1,long,high,Edmonton,Coffee & Tea,2,0,1
2b2J7kW1nTVTtiZtizw-tw,mLNSOU8Ki0Fm09xd6ZKkcA,3.0,2014-04-03 14:21:23,afternoon,3,0,1,long,high,Tampa,Music Venues,3,1,1
EouCKoDfzaVG0klEgdDvCQ,yBebHQPEvz8OtYKUO45QCw,4.0,2014-04-03 16:55:33,afternoon,3,0,1,long,high,Cherry Hill,Restaurants,2,0,0
obAksk0tLwmo6Vb32fOgQQ,htO_nlxkEsYHzDrtbiUxew,4.0,2014-04-03 18:22:28,afternoon,3,0,0,medium,high,Philadelphia,Restaurants,1,0,0
XIYTfrSDoBDPo_hlx1vu6Q,WfPmZ9hp50ttugTVgfcPpA,2.0,2014-04-03 19:15:42,evening,3,0,0,long,low,Boise,Pizza,2,1,1
ORloFtZj3Cul8XeBw5wa1A,uVJkqQ1U9MH7hBorrwGhBg,3.0,2014-04-03 21:14:04,evening,3,0,1,long,high,Philadelphia,Thai,2,0,1
ChhiVXQulj8zmFDr6x-FqQ,12_YxEYiswleR_TMtxkuHg,5.0,2014-04-03 21:53:28,evening,3,0,1,medium,high,Edmonton,Donairs,2,0,0
362EJ-BAcCkoeudPCtLKWA,v5kwdvmg-J8g-ll0nkc3Sw,5.0,2014-04-03 23:18:15,evening,3,0,0,short,low,Indianapolis,Restaurants,2,1,1
MfAo-QPgFrcziuygx27K5w,MZW_eTFYFBvHYg5OFqDRCA,5.0,2014-04-04 00:43:46,night,4,0,1,long,high,Wilmington,Burgers,2,1,1
ktm2YMsb65tRnePcYpVlqg,2brttsiFBlW8070dsPzQDA,5.0,2014-04-04 01:34:27,night,4,0,1,long,high,Indianapolis,Breakfast & Brunch,2,0,1
Um5bfs5DH6eizgjH3xZsvg,HYK6JACOzRHk2XHUjbyJ6A,4.0,2014-04-04 04:16:27,night,4,0,1,medium,high,Oldsmar,Restaurants,1,0,1
3tBluoSyAoMct4vPb25uug,BWITd9JUXP3gSi1z3Y-z8g,4.0,2014-04-04 16:29:10,afternoon,4,0,0,medium,high,Philadelphia,Italian,2,1,1
xc1opNkFCnAjsPXs7jqtfg,K8b2MQ5Az59-nzvqUfjJEQ,5.0,2014-04-04 23:19:13,evening,4,0,0,long,high,Philadelphia,American (New),3,0,0
jqTa-RtGU26q3TFTmMZOAw,A0F-h3xJm_6gHDKcDQwSrQ,5.0,2014-04-05 00:55:09,night,5,1,1,long,high,Philadelphia,Pizza,2,1,1
GcdYgbaF75vj7RO6EZhPOQ,eaDZlSuVS0EY67Ke6pRP6Q,3.0,2014-04-05 01:44:57,night,5,1,1,long,high,Philadelphia,Malaysian,2,1,0
BVvWkghXzLYHWX-clzopdQ,TfcpJBiFNnDaochnmp4M2Q,5.0,2014-04-05 02:53:04,night,5,1,1,medium,high,Nashville,Cafes,2,1,0
fylDqbbgPEqZ9J4EBpoI_w,uqXYVxIwoEsFFjEHBlMZQA,4.0,2014-04-05 03:35:48,night,5,1,1,short,high,Saint Louis,Desserts,2,1,1
tjUSuyGKVCaNzKpP5xYEQQ,-sSGKR1V1oBm7BJicIXozg,5.0,2014-04-05 16:12:41,afternoon,5,1,0,long,high,Downingtown,Gluten-Free,2,1,1
EQpFHqGT9Tk6YSwORTtwpg,8-j10_I745ITrczbkfD-Pw,3.0,2014-04-05 17:05:46,afternoon,5,1,0,medium,high,King Of Prussia,Indian,2,0,0
t5i8q1iOkFDbhtHC9ZZD5A,jQBPO3rYkNwIaOdQS5ktgQ,5.0,2014-04-05 17:58:46,afternoon,5,1,0,medium,high,Saint Louis,Ice Cream & Frozen Yogurt,2,1,0
JfqaznyuI0N4FnAXa-644Q,EERwPZdemE21aIwYsadjTg,5.0,2014-04-05 23:00:20,evening,5,1,1,long,high,Nashville,Cafes,2,1,1
EQpFHqGT9Tk6YSwORTtwpg,WRQ75NLY793uvDSlura5WQ,4.0,2014-04-05 23:32:04,evening,5,1,0,long,high,Norristown,Food,1,0,0
vALpp2IgoeeyiRoH1qRMuQ,EP2jFD3aGoSBCWb7irY5-w,5.0,2014-04-06 00:11:00,night,6,1,1,long,high,Temple Terrace,Ethiopian,2,1,1
12nuY5DRprBaDa9Rc4NLUw,frsUjGnPi3uZausjo_1FIQ,4.0,2014-04-06 00:29:33,night,6,1,1,medium,high,Reno,Arts & Entertainment,2,1,1
GG0mFsEXb-02_dzFPqRV1Q,nFSqTOt1LZSHQQKQsUZiKw,4.0,2014-04-07 12:02:57,morning,0,0,1,long,high,Ridley Park,Diners,1,0,0
dfMqoJD3kHMrY1KAUVk0MQ,Ety2Z0CImO6FYDV6L5Ahkw,4.0,2014-04-07 15:05:52,afternoon,0,0,0,short,high,Lansdale,Thai,2,0,0
NMVURT96-Dbtq0q0ocO7ZQ,dD2p903p8lU0IgXT3OFluA,5.0,2014-04-07 15:15:21,afternoon,0,0,1,long,high,Nashville,Breakfast & Brunch,1,1,1
mzXDuhZBPdHfMIk1YXP0mQ,EAtdpksdWfWAaqh3XdnNNg,5.0,2014-04-07 16:05:54,afternoon,0,0,0,long,high,Philadelphia,Restaurants,3,0,0
dfMqoJD3kHMrY1KAUVk0MQ,9Pvwx_IfQgQL4ykmlGV6yA,4.0,2014-04-07 16:21:43,afternoon,0,0,0,medium,high,Plymouth Meeting,Asian Fusion,2,1,1
dfMqoJD3kHMrY1KAUVk0MQ,TuRy46Cyb7MWjV7VM8VNYg,4.0,2014-04-07 16:36:05,afternoon,0,0,0,medium,high,Norristown,Pizza,2,1,0
dfMqoJD3kHMrY1KAUVk0MQ,aerbI0ICiEMIgeSUaLEpHw,4.0,2014-04-07 16:39:17,afternoon,0,0,0,medium,high,Skippack,Japanese,2,1,1
3PB1TY8e8NnnHBHTb96p7Q,FHNIvNgh3fS7VZQq2Y3dsA,5.0,2014-04-07 18:56:08,afternoon,0,0,1,long,high,Philadelphia,Asian Fusion,2,1,0
iYXQCx7IWJslr_WTLjn6lw,3l5bv6_5WNc4NtMiTOESSw,5.0,2014-04-09 12:40:45,morning,2,0,1,long,high,West Chester,Beer,2,0,0
ja7uhtXlvzRzFE7JizROUQ,vFpbUcVAXxrSz5mFIzKbyw,2.0,2014-04-09 14:39:34,afternoon,2,0,1,long,high,Springfield,Sports Bars,2,1,0
EQpFHqGT9Tk6YSwORTtwpg,JUlsvVAvZvGHWFfkKm0nlg,2.0,2014-04-10 00:39:58,night,3,0,0,long,high,Philadelphia,Mexican,2,1,1
TLpnu9BZNLTuB1ngxjnIpA,6dDC5PSmPEoJYuM8r8dN_A,1.0,2014-04-11 04:02:05,night,4,0,1,long,high,Reno,Food,3,1,0
QSNzozwTwY9UU3QNvf-3jA,4ulvTVp4_eXb3XVMrXfRyQ,4.0,2014-04-19 13:02:28,afternoon,5,1,1,long,high,St Petersburg,Event Planning & Services,2,1,1
WY7B-CBeLbjjDBr73l4k-A,uIZwBkvWicqyWraXvYOipw,1.0,2014-04-19 16:20:34,afternoon,5,1,0,long,high,Philadelphia,Restaurants,3,1,0
K4l-QrTWeAjb5xOXd81iGw,0hIXH9jMdHov1VrLC8ujUg,5.0,2014-04-19 17:30:24,afternoon,5,1,1,medium,high,Tampa,American (Traditional),2,1,1
-xTAmslBDE_mq-6Kbxieag,0zWAsCBzvuCI_Ydx7yH1Jw,4.0,2014-04-19 19:24:15,evening,5,1,1,long,high,Philadelphia,Noodles,2,1,0
-xTAmslBDE_mq-6Kbxieag,I5KZm-NnxYeEQsmp6nK5_w,4.0,2014-04-19 19:25:39,evening,5,1,1,short,high,Philadelphia,Food,2,1,1
vLxpEHKZFzv8LYY5eeGjTg,F-vfI049swuwDR7HMOW1Fg,2.0,2014-04-19 20:13:48,evening,5,1,1,long,high,Fishers,Mexican,2,1,1
LnFIWZM_l__4t8Qxj3pnOg,E1gf1YIWOo1BgzMUwJtEZg,3.0,2014-04-20 01:10:06,night,6,1,1,long,high,Philadelphia,Pizza,1,1,1
7xWrRJ5kfgcQyQ3UL3fImQ,SIoCIxjn4jLt2O-4DajWJw,4.0,2014-04-20 02:08:18,night,6,1,1,medium,high,Philadelphia,Nightlife,2,1,1
G5HTJzuYXglHpb6BamwV_w,s3FRhtaNU8dt-mKkLKUQaQ,4.0,2014-04-20 16:10:12,afternoon,6,1,1,long,high,Nashville,Sushi Bars,2,1,1
G5HTJzuYXglHpb6BamwV_w,B03ajYBGDkZrIDB9lRTwUg,3.0,2014-04-20 16:18:39,afternoon,6,1,1,medium,high,Nashville,Bars,3,1,0
IpLRJY4CP3fXtlEd8Y4GFQ,N1ZXhAVzOzbyCBPEXTaUUw,3.0,2014-04-20 17:36:03,afternoon,6,1,1,medium,high,Philadelphia,Food Delivery Services,2,0,0
EQpFHqGT9Tk6YSwORTtwpg,4SQ5uczVt66-GGGeNQRfEA,3.0,2014-04-20 21:56:44,evening,6,1,0,long,high,Philadelphia,Nightlife,2,1,1
_qRphMRxUzp_Vjk7ZIjWBA,bT3pKLDsjk7JKfbVaHf9Lw,5.0,2014-04-20 23:22:43,evening,6,1,1,medium,high,Hermitage,Food,1,1,0
AHRrG3T1gJpHvtpZ-K0G_g,McQo2QJGt1BI9oPu6KLDjg,4.0,2014-04-20 23:31:23,evening,6,1,1,medium,high,Indianapolis,Specialty Food,2,0,0
Jl4kC3eiGlEgEylXpOj7-Q,6kAXOzE7fqaBZINQV_-_mg,3.0,2014-04-20 23:47:40,evening,6,1,1,long,high,Nashville,Vietnamese,1,1,0
qs9_yIgen2NUxQCS-LiR_Q,DsKzHnkLKnxZTVsFpts4oA,3.0,2014-04-21 00:00:14,night,0,0,0,long,high,Philadelphia,Breakfast & Brunch,2,1,0
GcdYgbaF75vj7RO6EZhPOQ,d_tRshM-w6S4QxE4VVi8tQ,4.0,2014-04-21 01:01:31,night,0,0,1,long,high,Philadelphia,American (New),2,1,0
a_-cGctRb1Tjzkzw8Hp3_Q,BjBDHqHhMXSxgyVipccznQ,4.0,2014-04-21 01:04:07,night,0,0,1,long,high,Tampa,African,3,1,0
TlCZZbzVb67vGWWrUNBBVQ,VbItL6RDULtnw4YvB6EhVg,3.0,2014-04-21 01:27:22,night,0,0,0,medium,high,Philadelphia,Tex-Mex,2,0,0
xYgdYioZpHUxApiddFhCxg,M0r9lUn2gLFYgIwIfG8-bQ,3.0,2014-04-21 02:36:47,night,0,0,1,long,high,Saint Louis,Ice Cream & Frozen Yogurt,2,1,0
QuZKJnltihmZ8jhwfxPeJA,JUlsvVAvZvGHWFfkKm0nlg,3.0,2014-04-21 04:16:29,night,0,0,1,long,high,Philadelphia,Mexican,2,1,1
QuZKJnltihmZ8jhwfxPeJA,T-uphPk44OFt6sR8F-0uHA,4.0,2014-04-21 04:29:20,night,0,0,1,long,high,Voorhees,American (New),2,1,1
7M6eHyuAhtHl29H4HsgzBA,PYUI1OJVksGUbCrteU68bw,2.0,2014-04-21 15:05:56,afternoon,0,0,0,long,high,Philadelphia,Bars,2,1,1
JoE85mm0bg4-z7D7p9gG6A,lj-E32x9_FA7GmUrBGBEWg,3.0,2014-04-21 18:30:09,afternoon,0,0,0,medium,high,St Louis,Bars,2,1,1
JoE85mm0bg4-z7D7p9gG6A,uqXYVxIwoEsFFjEHBlMZQA,3.0,2014-04-21 18:36:06,afternoon,0,0,0,long,high,Saint Louis,Desserts,2,1,1
2XKlUjHGk9z-2ckFMcBEHw,hmmiyt6KljD5G3a861qsKw,4.0,2014-04-21 18:49:38,afternoon,0,0,1,long,high,Nashville,Ethnic Food,1,0,0
V9DkyuJkU3YcUjZ8b98I8A,dGF7wLT0zN4-lVaf5LIG6Q,1.0,2014-04-21 19:55:15,evening,0,0,0,medium,high,Saint Louis,Mexican,1,0,0
oknU9tuT6R16XlolOBnWHw,xDqifhzRrOOYMOgOtWvyWQ,4.0,2014-04-22 02:31:30,night,1,0,1,long,high,Nashville,Breakfast & Brunch,1,0,0
bYENop4BuQepBjM1-BI3fA,vuAI70USd3my2Kb9_9zajw,4.0,2014-04-22 03:34:05,night,1,0,1,long,high,Saint Louis,Restaurants,2,1,1
fs5bpfk-2pvq2v8S1De5pQ,6LCZLGa09Qifn6rG7-DNrg,5.0,2014-04-22 05:55:55,night,1,0,0,long,high,Philadelphia,Thai,2,0,0
x6erNzhuM_c7xW6PlqClIQ,6CsLAjWXFlLpErBZEmGQ5g,4.0,2014-04-22 14:13:29,afternoon,1,0,1,long,high,Philadelphia,Indonesian,1,0,0
CZmwm1Qd3Ftr5TfAlnmWOA,_PQzeo8P2sGczzFEifrK-Q,4.0,2014-04-22 16:46:18,afternoon,1,0,1,long,high,Philadelphia,Food,2,0,0
CZmwm1Qd3Ftr5TfAlnmWOA,Q-prSTdggNlxAEFV88BZOw,4.0,2014-04-22 16:53:44,afternoon,1,0,1,long,high,Philadelphia,Beer,2,1,1
CjraTqh4EsvpveZQgj0qVQ,cN8F-BmoHoS9eCqIHMtlHA,5.0,2014-04-22 18:33:02,afternoon,1,0,0,medium,high,Saint Louis,Bakeries,2,0,1
aLtvIGucNiiC1bIuTLpmqQ,x4XdNhp0Xn8lOivzc77J-g,4.0,2014-04-22 21:42:50,evening,1,0,1,medium,high,Phoenixville,Thai,2,1,0
aLtvIGucNiiC1bIuTLpmqQ,u7_3L1NBWgxhBM_B-cmmnA,2.0,2014-04-22 21:47:34,evening,1,0,1,medium,high,Philadelphia,Italian,2,1,1
aLtvIGucNiiC1bIuTLpmqQ,QWqKTWQ2OiDgo3dzNkpung,3.0,2014-04-22 21:56:40,evening,1,0,1,medium,high,Philadelphia,Korean,2,0,0
TLpnu9BZNLTuB1ngxjnIpA,6tkLSbQ_EPc6PM9vGrHK8A,3.0,2014-04-22 22:02:37,evening,1,0,1,long,high,Reno,Shopping,2,0,0
G5HTJzuYXglHpb6BamwV_w,cvHY1RTAPSoH94ysP2_eyQ,4.0,2014-04-22 22:05:19,evening,1,0,1,medium,high,Nashville,Health Markets,2,1,1
tOMztypmq06beq-zncxjiw,7lwe7n-Yc-V9E_HfLAeylg,4.0,2014-04-22 23:29:45,evening,1,0,0,medium,high,Philadelphia,Restaurants,2,1,1
7iFUtwc9hhgGCThohNFwtw,FSTmzo0beEVMRMSArcp4fg,2.0,2014-04-23 03:16:50,night,2,0,0,medium,high,Tampa,Mexican,1,1,1
NGGd_11d2RXR8wTurenLgg,j0kqlcG_HluOEEFsA7WwCg,5.0,2014-04-23 14:01:28,afternoon,2,0,1,medium,high,Berwyn,Restaurants,2,0,0
GG0mFsEXb-02_dzFPqRV1Q,c8rjE6NcfeyzLB_aU1GdMA,3.0,2014-04-23 14:21:04,afternoon,2,0,1,long,high,Philadelphia,Nightlife,2,1,0
B4TOHqJvwqYS5F4rRkTQ7Q,9n6agP4s2ZZ4H2Ts9-LXqw,5.0,2014-04-23 15:36:35,afternoon,2,0,0,medium,high,Hamilton Township,Restaurants,2,1,1
jaP-SWrw_W4CpGf8RlQ-Wg,pafrjSu3h0v0N8GR3ghNtQ,5.0,2014-04-23 16:02:47,afternoon,2,0,0,short,high,Indianapolis,Cajun/Creole,1,0,1
HxyLRaoH9PS09M6R3rV-EQ,m1ohyfs8gcS9X-ZQ3Coj2Q,4.0,2014-04-23 17:10:04,afternoon,2,0,1,medium,high,Philadelphia,Food,1,1,0
mxZfJDk8_cOO19c7xiMffQ,Oun4NN-u5yiHIxDqtJnxgA,5.0,2014-04-23 17:50:14,afternoon,2,0,1,long,high,Philadelphia,Restaurants,1,0,0
yR6Y6PIGwzBy2qFoL6O3BA,XGtQdpJh6e7m0-l_ybk2XA,4.0,2014-04-23 18:20:32,afternoon,2,0,1,medium,high,Indianapolis,Mexican,2,1,1
5kcLlhJPLJL_GLwrAdbZAA,jFmS7S0kU5ZQHSm4jqymQw,3.0,2014-04-23 22:13:10,evening,2,0,1,long,high,Philadelphia,Sandwiches,1,1,1
j3cmlhUwxmbHjTwHiLuhVA,1CRaUspmxoegNBUnLkBAyA,3.0,2014-04-24 02:38:08,night,3,0,0,long,high,Swansea,Chinese,1,0,0
NuDamcRGX6GhFB4EHCAEsA,UCMSWPqzXjd7QHq7v8PJjQ,4.0,2014-04-24 11:15:08,morning,3,0,0,long,high,Tucson,Restaurants,2,1,1
haebF6ELoYWkHcwODPPBmw,6LyhttbsQn6a6PDxQDojCw,4.0,2014-04-24 15:42:10,afternoon,3,0,1,long,high,Smyrna,Sushi Bars,2,1,0
haebF6ELoYWkHcwODPPBmw,mGpLYGly9TmJsWiELfHXYg,2.0,2014-04-24 15:56:16,afternoon,3,0,1,long,high,Smyrna,Cajun/Creole,2,1,1
u58FjSNB9K9ST_FQ5SAT3g,tQ6VNQ9ezkxRE4bvu9WShQ,2.0,2014-04-24 16:24:27,afternoon,3,0,1,long,high,Sparks,Restaurants,2,1,1
03F1c27jkAikld3z5tSdpQ,LVteL0Rnh2E_yOFCLJUPhg,5.0,2014-04-24 17:01:21,afternoon,3,0,1,medium,high,Media,Pizza,1,1,0
ZTvil7E2JbtORKm0bu6MKQ,r-kln94enJMMmCWmzbXO2g,4.0,2014-04-25 04:00:26,night,4,0,1,long,high,Philadelphia,Food,2,0,0
WyrrCOkp8MaVfj10UAOMFA,idf-eiurCrbsLRcH7c9zmw,3.0,2014-04-25 12:15:51,morning,4,0,1,long,high,Indianapolis,American (New),3,1,1
reJ7c2yq3f8dODMslzODUQ,SwBhaxfQPbyhsi0QHUAN0A,3.0,2014-04-25 14:22:26,afternoon,4,0,1,long,high,Tampa,Food,2,1,0
ASLIke5kbn7Z95wT_otaUQ,rnaE88k8yV5pFAGJeiIK4Q,4.0,2014-04-25 18:51:38,afternoon,4,0,1,long,high,Reno,Food,2,1,0
I-wq3PJNBlaZ8tpi0SdS8A,EpREWeEpmR8f1qLHzzF0AA,4.0,2014-04-26 01:53:03,night,5,1,1,long,high,Saint Louis,Local Flavor,2,1,1
qjfMBIZpQT9DDtw_BWCopQ,Q1rNgP8l4cVykCK8n40tWQ,4.0,2014-04-26 01:54:07,night,5,1,1,medium,high,Wesley Chapel,Convenience Stores,2,0,0
I-wq3PJNBlaZ8tpi0SdS8A,M0r9lUn2gLFYgIwIfG8-bQ,4.0,2014-04-26 02:01:38,night,5,1,1,medium,high,Saint Louis,Ice Cream & Frozen Yogurt,2,1,0
Vm0fyrUjwMTDgwqV6DhqDw,gCcJTKC40CL0XtYYGfcXDw,5.0,2014-04-26 14:01:58,afternoon,5,1,1,medium,high,Philadelphia,Juice Bars & Smoothies,1,0,1
61FNJUiDqXReViksOYiILQ,O286wXm4mcznQn_1JieD1g,4.0,2014-04-26 14:21:37,afternoon,5,1,1,medium,high,Philadelphia,Event Planning & Services,3,0,0
46Wi08T5D3phf3SMgi7U3w,EjwrtCJDCZBUS_uTvpHMSw,3.0,2014-04-26 17:13:39,afternoon,5,1,1,long,high,Blackwood,Bars,2,1,1
AAYvaNRQ0TD_2Lpo-wFOUA,37yDMpWI6HBO2iW8slv7_Q,4.0,2014-04-26 22:41:34,evening,5,1,1,long,high,University City,Juice Bars & Smoothies,1,0,1
uPr3t2M-OykA8M_oro7j1A,Ety2Z0CImO6FYDV6L5Ahkw,4.0,2014-04-27 12:04:36,morning,6,1,1,medium,high,Lansdale,Thai,2,0,0
WjP-1YJ-uHsSD47_Gh1Zfw,7yPzOek7Af2dKWGYKpcHWA,4.0,2014-04-27 17:57:40,afternoon,6,1,0,medium,high,Philadelphia,Restaurants,2,0,0
LarOkLonzqu5pLzZimS2BA,oQ5CPRt0R3AzFvcjNOqB1w,5.0,2014-04-28 02:22:51,night,0,0,0,medium,high,Nashville,Barbeque,2,1,1
LarOkLonzqu5pLzZimS2BA,ltBBYdNzkeKdCNPDAsxwAA,4.0,2014-04-28 12:50:43,morning,0,0,0,long,high,Nashville,Cocktail Bars,2,1,0
9-z8DCVGGVhgwU-etc4zIA,BWITd9JUXP3gSi1z3Y-z8g,5.0,2014-04-28 19:59:26,evening,0,0,1,medium,high,Philadelphia,Italian,2,1,1
yEEyM-T0hLQCqiTPfbyeTQ,OHzX-ZD9qyoeoxR8Z0dlIA,4.0,2014-04-28 23:26:29,evening,0,0,0,short,high,Philadelphia,Restaurants,2,1,1
jAP_EiSAz9r3q7o3ZGAS8g,od6skmfXz9twktEAuJHEmw,4.0,2014-04-29 00:51:24,night,1,0,1,long,high,Narberth,American (New),2,0,1
CfX4sTIFFNaRchNswqhVfg,VfgEzpaIHpq4sR2s2P6o5w,3.0,2014-04-30 03:37:00,night,2,0,1,medium,high,New Orleans,Restaurants,2,0,1
0Igx-a1wAstiBDerGxXk2A,AM7gPGpRbEjEkjmsmQXb6w,3.0,2014-04-30 14:44:42,afternoon,2,0,1,long,high,Marrero,Cajun/Creole,2,1,1
MR39Vmbfr3StG-Atok3tHA,roEplTQIQAoNMEzb1jBYUw,4.0,2014-05-01 02:57:09,night,3,0,1,long,high,Franklin,Restaurants,1,1,1
gRL9s6ENxV1qermRYDWjPQ,VCjvaX_78oEKG3I9oTJEag,3.0,2014-05-02 04:41:31,night,4,0,1,long,high,New Orleans,Coffee & Tea,1,0,1
362EJ-BAcCkoeudPCtLKWA,SlZJATE_TGUU8X34UJNi4g,5.0,2014-05-07 17:41:14,afternoon,2,0,0,short,low,Indianapolis,Mexican,2,1,1
QuZKJnltihmZ8jhwfxPeJA,dSPA4yql9vUwnYRxHiVtHA,4.0,2014-05-07 20:08:11,evening,2,0,1,long,high,Philadelphia,Sushi Bars,2,0,1
QuZKJnltihmZ8jhwfxPeJA,QWqKTWQ2OiDgo3dzNkpung,5.0,2014-05-07 20:13:19,evening,2,0,1,long,high,Philadelphia,Korean,2,0,0
QuZKJnltihmZ8jhwfxPeJA,9uHEhLKTVXATCt7JSvUsCg,4.0,2014-05-07 20:45:08,evening,2,0,1,medium,high,Philadelphia,Local Flavor,1,0,0
yBUmqGw2u0CAiYulUBiSWQ,1MeIwdbTnZOBFCKOrgaxuw,4.0,2014-05-07 20:46:29,evening,2,0,0,long,high,Saint Louis,American (New),2,1,0
mxZfJDk8_cOO19c7xiMffQ,gCcJTKC40CL0XtYYGfcXDw,5.0,2014-05-08 01:59:40,night,3,0,1,medium,high,Philadelphia,Juice Bars & Smoothies,1,0,1
TES0PPhg-9jaFj9v28M0cw,vN6v8m4DO45Z4pp8yxxF_w,3.0,2014-05-08 05:23:34,night,3,0,1,long,high,New Orleans,Vegetarian,2,1,0
AHRrG3T1gJpHvtpZ-K0G_g,SlZJATE_TGUU8X34UJNi4g,4.0,2014-05-08 12:40:01,morning,3,0,1,long,high,Indianapolis,Mexican,2,1,1
vLPnQDSSj18al51PJLnofA,e-jI9zncjhVCM3YbI3K7Ng,4.0,2014-05-08 13:14:23,afternoon,3,0,1,medium,high,Gallatin,Mexican,2,1,1
CozGguiwx7JEVk7cAwdvpA,AOGFntN8SHBmRNYV6AhqgQ,5.0,2014-05-08 15:28:26,afternoon,3,0,1,medium,high,Tampa,Grocery,2,1,0
tat7n8XnUBvZYFeB0FSzvg,Rv6P37KiiuowrXti2JHZNQ,5.0,2014-05-08 15:57:03,afternoon,3,0,1,short,high,Pinellas Park,Event Planning & Services,1,1,0
huHPQSQgw4kFakc0Vq7TDA,JRoY9Mx2LghIki2Uo1SOJA,4.0,2014-05-08 17:05:38,afternoon,3,0,1,long,high,Belleville,Bars,2,1,1
V-Tv_2hv1Ag3wQrqOpVnEQ,-ATiAtTikuGuqvaW2O6tNA,4.0,2014-05-08 19:07:21,evening,3,0,1,medium,high,Philadelphia,Sandwiches,2,1,1
EMJjstNBGfIlJbooOO1i_g,TCHh4RIrvp7h2BucXt1kvA,5.0,2014-05-08 22:41:11,evening,3,0,0,medium,high,Ardmore,Pizza,1,0,0
Jl4kC3eiGlEgEylXpOj7-Q,pSmOH4a3HNNpYM82J5ycLA,3.0,2014-05-08 22:49:47,evening,3,0,1,medium,high,Nashville,Restaurants,2,1,0
WyrrCOkp8MaVfj10UAOMFA,COclRBaXBjYpomS4syUmvg,3.0,2014-05-09 00:32:48,night,4,0,1,medium,high,Indianapolis,Restaurants,1,0,1
Jl4kC3eiGlEgEylXpOj7-Q,C1D2o1VV2TDjpkG3BsdseA,4.0,2014-05-09 00:34:28,night,4,0,1,medium,high,Nashville,Tex-Mex,1,1,1
e7MEzEQMjqNPZfYthZKhwg,dIpTuL2T1L98GQGU17IeSw,4.0,2014-05-09 00:48:27,night,4,0,1,medium,high,Tampa,Bars,2,1,1
2b2J7kW1nTVTtiZtizw-tw,ab3pRv-b0o-BwMK2jVbH3Q,3.0,2014-05-09 02:29:03,night,4,0,1,long,high,Clearwater,Restaurants,2,1,1
LkXNQQaIc5yrKu9Ap87RrA,FYw5uf26ry8-MuPKD10z0Q,3.0,2014-05-09 02:55:26,night,4,0,1,long,high,Reno,Grocery,2,1,1
zTwwciNRMedBvUS3-_8h6g,2Q1R2OhBbAQ581vK_r7NhA,4.0,2014-05-09 04:53:03,night,4,0,1,medium,high,Willow Grove,Sushi Bars,2,0,0
DP7ddvk4zqxdbYeHU2Qa0g,LnZvGYbqozanOSevcftnrw,2.0,2014-05-09 06:14:13,night,4,0,1,medium,high,Philadelphia,Sandwiches,2,0,0
Bq-BIdYrWloJXq6v6v_iiA,OlOVRlcEstxKK_6hMjy63A,3.0,2014-05-09 13:46:21,afternoon,4,0,1,medium,high,Wilmington,Restaurants,2,1,0
Sz8Og_uKzfPnElZetadDZQ,iCKF72z3fqRTF1vxdBZINQ,4.0,2014-05-09 14:51:43,afternoon,4,0,1,long,high,Nashville,American (Traditional),2,1,1
fT403FEKB5VJqpjq-hdVxQ,lZEYIL95hZsZS0vgaoR2aQ,4.0,2014-05-09 15:51:54,afternoon,4,0,1,long,high,Tampa,Sandwiches,2,1,1
spkspIaGx9aj8wsnGOVnqA,7lwe7n-Yc-V9E_HfLAeylg,4.0,2014-05-09 18:12:19,afternoon,4,0,1,medium,high,Philadelphia,Restaurants,2,1,1
BVvWkghXzLYHWX-clzopdQ,Zi-F-YvyVOK0k5QD7lrLOg,5.0,2014-05-09 18:25:11,afternoon,4,0,1,long,high,New Orleans,Cajun/Creole,3,1,0
7M6eHyuAhtHl29H4HsgzBA,EtKSTHV5Qx_Q7Aur9o4kQQ,5.0,2014-05-09 18:50:01,afternoon,4,0,0,medium,high,Philadelphia,Bars,2,1,1
u58FjSNB9K9ST_FQ5SAT3g,bKgyXSQUGA8IHGt8ne5NuA,4.0,2014-05-09 21:57:49,evening,4,0,1,long,high,Reno,Restaurants,1,1,1
o6UJMpHcpLJEvmKLrxLS3w,SZU9c8V2GuREDN5KgyHFJw,2.0,2014-05-09 23:20:08,evening,4,0,1,long,high,Santa Barbara,Live/Raw Food,2,1,1
-ZHlPAvlVdgtiu6DiCq7Yg,wITX_5zymQu_JVfn569Vpg,1.0,2014-05-10 01:34:24,night,5,1,1,medium,high,King of Prussia,Restaurants,2,0,0
zTwwciNRMedBvUS3-_8h6g,6CsLAjWXFlLpErBZEmGQ5g,4.0,2014-05-10 03:21:21,night,5,1,1,long,high,Philadelphia,Indonesian,1,0,0
Pk-dihlvXRaVfE65ghVOLA,dSPA4yql9vUwnYRxHiVtHA,4.0,2014-05-10 15:07:30,afternoon,5,1,1,long,high,Philadelphia,Sushi Bars,2,0,1
EMMKdK1cGrLSo08wgSYHJQ,FIQZMB4G1pfqOAByuJ1SYA,3.0,2014-05-10 15:25:07,afternoon,5,1,1,medium,high,Philadelphia,Dim Sum,2,0,0
pppIHoA8b8B8Wd5t72sDxA,PXsDX1wvizL93PcMAgxQ7w,2.0,2014-05-10 16:43:37,afternoon,5,1,1,long,high,Florence,Irish Pub,2,1,0
Dewn3eFhrFQCDTFu__Pp5A,6CsLAjWXFlLpErBZEmGQ5g,4.0,2014-05-10 18:58:37,afternoon,5,1,1,long,high,Philadelphia,Indonesian,1,0,0
Dewn3eFhrFQCDTFu__Pp5A,mUIBtlWNPD7sz3rGGWQ1RA,5.0,2014-05-10 19:20:44,evening,5,1,1,long,high,Philadelphia,Mediterranean,2,0,1
DGXsw5J0iLQyiTGeRJeB2w,6CsLAjWXFlLpErBZEmGQ5g,5.0,2014-05-10 19:57:11,evening,5,1,0,medium,low,Philadelphia,Indonesian,1,0,0
rt3MZtOmwB0hohjILz45DQ,NFFS6Qow43IRG6dRPgZCzQ,5.0,2014-05-10 20:45:10,evening,5,1,1,long,high,Reno,Cafes,2,1,1
KvoHp9A3TgaiVWj4SZpdAg,hpTU_2MMC9mtWQGq5Jr3ZQ,5.0,2014-05-10 21:43:45,evening,5,1,1,medium,high,St. Petersburg,Ice Cream & Frozen Yogurt,1,0,1
3_inIIto4ZaKsuOqEaJazw,9ouyziwYpSvJzlLFpukSgA,5.0,2014-05-11 04:29:12,night,6,1,1,medium,high,Pinellas Park,Mexican,1,1,1
ScuWOAFGiCSDkZPI4x5mAQ,QExWORi8kxwQGdXlFXRc-Q,5.0,2014-05-11 12:01:02,morning,6,1,1,medium,high,Hudson,American (Traditional),1,1,0
wAgg_B9OQzL8_UF8ozu1eQ,Llu8_Lx2DFthmr99_eiOLA,4.0,2014-05-11 14:49:37,afternoon,6,1,1,medium,high,Saint Louis,Bakeries,1,1,0
ObZnTiwMA-4gaTqa1_mB6A,bsRJY9hRr_p3PNZnxCqbjw,3.0,2014-05-11 15:46:40,afternoon,6,1,1,long,high,Garden City,Nightlife,2,1,1
IsEqTj43_J253muXem2S0g,QWqKTWQ2OiDgo3dzNkpung,4.0,2014-05-11 16:42:52,afternoon,6,1,0,medium,high,Philadelphia,Korean,2,0,0
6NagSmaahFhlt3LEpnVXoQ,Y2NFeGtConx1qciSPKcRlA,3.0,2014-05-11 20:38:58,evening,6,1,1,medium,high,New Orleans,Restaurants,2,1,1
NMVURT96-Dbtq0q0ocO7ZQ,EfJ-1C8PH9TpGTskFqUvhQ,5.0,2014-05-11 21:28:16,evening,6,1,1,long,high,Nashville,Whiskey Bars,2,1,1
TlCZZbzVb67vGWWrUNBBVQ,REns5fQe45Nk_D2UwQyr0w,3.0,2014-05-11 22:57:28,evening,6,1,0,medium,high,Philadelphia,Restaurants,2,1,1
DJgU8F5lKlshSo9xIsLcoQ,hYonVJe6xzVBHHT2FLo4zg,4.0,2014-05-11 23:45:12,evening,6,1,0,long,high,Nashville,Restaurants,2,1,1
j3cmlhUwxmbHjTwHiLuhVA,IwAjIgI74YVg23pZC4shMQ,4.0,2014-05-12 03:02:48,night,0,0,0,long,high,Collinsville,Bars,2,0,1
qjfMBIZpQT9DDtw_BWCopQ,5ue5s7yFGjQ_CjeVGGhPFg,4.0,2014-05-12 15:27:36,afternoon,0,0,1,medium,high,Clearwater,Food,1,0,1
8jjjhTDBqTsXCok4DvGHGg,F5suXzCkLLgHw99dhzXn8g,2.0,2014-05-12 16:48:34,afternoon,0,0,1,long,high,Edmonton,Hot Dogs,2,1,1
wqrbPeGf-bimRXU5t1x5Aw,pj8Y-5vfbRitnnm2xJFH9w,4.0,2014-05-12 17:18:58,afternoon,0,0,1,medium,high,Philadelphia,Caribbean,2,1,1
Cvi8nZTwDVaQkqmmgQwQMw,skN2XhKXlcjf53uIwzAedw,4.0,2014-05-12 18:04:11,afternoon,0,0,1,medium,high,Franklin,Burgers,2,1,1
3_inIIto4ZaKsuOqEaJazw,JOvNunKJlWhwJRwLmUR9ZA,4.0,2014-05-12 22:24:41,evening,0,0,1,medium,high,St Petersburg,Bars,2,1,1
I2XpWCHAom1JRyHXZQrnfg,KhBUg5QhBYuK8RZAe5gDMQ,4.0,2014-05-12 22:36:50,evening,0,0,1,long,high,Tampa,Restaurants,2,1,0
3_inIIto4ZaKsuOqEaJazw,dUctvEfHQccW_uxtRup2QQ,3.0,2014-05-12 23:24:05,evening,0,0,1,long,high,Saint Petersburg,Steakhouses,2,1,0
2iS1vg5TYpV_iEiNC8osTg,8MyjJ5ocf9VFjdscKrQu4A,4.0,2014-05-13 11:53:45,morning,1,0,1,long,high,Carmel,Restaurants,1,1,1
-KduD3wwydWDq2GrODh2tw,YwxnKaMrUVtBygE8kagsVw,4.0,2014-05-13 13:28:34,afternoon,1,0,1,medium,high,Indianapolis,Delis,1,1,1
x6erNzhuM_c7xW6PlqClIQ,EAtdpksdWfWAaqh3XdnNNg,3.0,2014-05-13 15:08:47,afternoon,1,0,1,long,high,Philadelphia,Restaurants,3,0,0
Xw7ZjaGfr0WNVt6s_5KZfA,KZe5kpIHWVuJl6WgNYzceg,3.0,2014-05-13 18:30:59,afternoon,1,0,1,long,high,New Orleans,Cajun/Creole,1,1,0
JSzIwMqdSI74_ztnbWzsEA,jYMxtQhB1YP0dfhr9P96ng,4.0,2014-05-13 19:18:35,evening,1,0,1,long,high,Tampa,Restaurants,1,1,1
DTNAb-1gJ6e2nyqCc3fdcQ,2FnoLyEO0nq7g2Wz8x7Z5A,3.0,2014-05-14 02:49:13,night,2,0,1,medium,high,Bala Cynwyd,Juice Bars & Smoothies,2,0,1
3MpDvy5gEdsbZh9-p92dHg,aDSfrxqOf8lelQ9Ofqt1tA,3.0,2014-05-14 14:10:27,afternoon,2,0,1,long,high,Nashville,Food,2,0,1
drui1iMt-TPzJiSkQp5CtA,qWZimITbVwNSGJZsuM47-Q,4.0,2014-05-14 17:00:37,afternoon,2,0,1,long,high,New Orleans,Nightlife,2,1,1
HF0UuReDMroSsdRoj1GpWA,mXRnfKu9PCP3k3YIcumCJA,4.0,2014-05-14 19:48:25,evening,2,0,0,medium,high,Jefferson,Food,1,0,0
_wsoGbLalsSaZlfxUiWuCQ,o1bd3WLl4McflqjDTJTdHQ,4.0,2014-05-14 20:24:28,evening,2,0,1,medium,high,Nashville,Coffee & Tea,2,1,1
Bab2Cs8K6XYPG0USqVf70g,WoFttPbJRti49sXBgOeIBQ,4.0,2014-05-14 21:28:31,evening,2,0,1,medium,high,Wesley Chapel,Bars,2,1,1
KXYRjdlgg-Gw7mwF22ZAJg,D4DZztR7vkbiED6txGUYFg,3.0,2014-05-15 13:44:34,afternoon,3,0,1,long,high,Philadelphia,Nightlife,2,1,0
Jl4kC3eiGlEgEylXpOj7-Q,oLc7k78_YcDMnMCdbC-h1A,5.0,2014-05-16 11:20:03,morning,4,0,1,medium,high,New Orleans,American (Traditional),2,1,1
HxyLRaoH9PS09M6R3rV-EQ,di5ihAL9VWoctHelY8kLTQ,3.0,2014-05-16 15:04:22,afternoon,4,0,1,long,high,Philadelphia,Restaurants,2,0,0
TR7ezcRznfr1Jif7euZZJg,REns5fQe45Nk_D2UwQyr0w,3.0,2014-05-18 13:23:25,afternoon,6,1,1,long,high,Philadelphia,Restaurants,2,1,1
aY7Tuiui3BbrLGgVpgziZA,Mha77MN_BYGB-w7DONZ5YA,4.0,2014-05-18 20:51:43,evening,6,1,1,long,high,Tampa,Peruvian,1,0,0
ivW0Vad81qJ8SIgqJ8p1Mw,9XkgYvXhYibe85V6mNE_TQ,4.0,2014-05-18 23:14:29,evening,6,1,1,long,high,Nashville,American (Traditional),2,1,1
eWu1xPt52B-yMZmIyBIUsw,M0r9lUn2gLFYgIwIfG8-bQ,3.0,2014-05-19 17:51:16,afternoon,0,0,1,long,high,Saint Louis,Ice Cream & Frozen Yogurt,2,1,0
uD4ssusutbH1PgnadpZsSQ,tQ6VNQ9ezkxRE4bvu9WShQ,3.0,2014-05-25 20:36:35,evening,6,1,0,long,high,Sparks,Restaurants,2,1,1
LkXNQQaIc5yrKu9Ap87RrA,UX3eq0WsVva-cqlVrzyzFg,3.0,2014-05-26 06:08:02,night,0,0,1,long,high,Sparks,Bars,2,1,1
-xTAmslBDE_mq-6Kbxieag,6CsLAjWXFlLpErBZEmGQ5g,4.0,2014-05-26 11:56:35,morning,0,0,1,long,high,Philadelphia,Indonesian,1,0,0
A-h1VpD4NhSQo9hlk5FzRg,pjb3xGA9ccjl49B5ERH46w,4.0,2014-05-26 20:23:02,evening,0,0,1,long,high,Largo,Restaurants,2,1,0
StZTVDuFzahNvjl5qu6l7Q,sLgnx_WFCjEoPsS6NwU70Q,4.0,2014-05-26 20:47:06,evening,0,0,0,long,high,Meridian,Event Planning & Services,1,1,0
3z2FQKEmFZ7zKuFIG1B1qw,Rx5lfHMWkezmQjCfr2ziAw,3.0,2014-05-26 21:22:00,evening,0,0,1,medium,high,New Orleans,Vietnamese,1,1,0
CaVEy7kpASLwNBGymLwhgw,qzCT_X5aTj8SkGpKdBYYdg,1.0,2014-05-27 06:44:56,night,1,0,1,long,high,Pinellas Park,Nightlife,2,1,0
lvrLf7yb4QD9JIKdIXaFTQ,RWOqFGfUrdL60jOrtxmcGw,3.0,2014-05-27 12:16:42,morning,1,0,1,long,high,Madeira Beach,Sushi Bars,2,1,0
RQWQTxfhGGJ7bGgJ1EnExQ,DNkz1z53dS2CUUWI1Skg2g,5.0,2014-05-27 13:14:00,afternoon,1,0,1,long,high,St. Petersburg,Sandwiches,2,1,1
VQ3J0tYADb5SjCqUiU0StQ,nMxfEiAANa_FsrCZZVHoEg,4.0,2014-05-27 15:22:16,afternoon,1,0,1,long,high,Springfield,Shopping,2,0,0
6Q8dQGr_DBKcmQ1aXVWvTQ,8SQesFbTE0eWrcGXFCoYuw,4.0,2014-05-27 19:21:18,evening,1,0,1,medium,high,Berlin,Restaurants,1,1,0
N_mlUKdFuFN6Z6LiDWfTdw,62pABDhLkUPAcNgxum_mpw,5.0,2014-05-27 19:51:37,evening,1,0,1,long,high,Saint Louis,Restaurants,3,1,1
Y2dhNLLyzeHTJ4zet86rRA,dBCNUSbz5-8nQNrxWo5deg,5.0,2014-05-27 20:24:36,evening,1,0,0,medium,high,Southampton,Restaurants,2,1,0
dgGUKdOh2a01OwLw1qgfDw,vOgQnvKbE4nMopFTjoL8Gg,4.0,2014-05-27 20:36:19,evening,1,0,1,medium,high,Nashville,Lounges,3,1,1
lYcU4ZTWITaPvRjdBFdr_w,NT5S6JV5wPwKOd3s3Yh1zQ,4.0,2014-05-27 20:57:22,evening,1,0,1,medium,high,Nashville,Restaurants,2,1,0
cIVmIJD7nIiEcVGamfBoVw,6CsLAjWXFlLpErBZEmGQ5g,5.0,2014-05-27 21:03:48,evening,1,0,1,long,high,Philadelphia,Indonesian,1,0,0
M9k0BUcjH36YQrBklhg34A,ri7LOsk5W_xGVfxhXFHY5Q,1.0,2014-05-27 22:50:25,evening,1,0,0,short,high,Sparks,Dive Bars,1,1,0
o6ob4f_GwT2PRXcqW2uidQ,Vnob_w_Aohf7ZDqxcJ9z2A,3.0,2014-05-27 23:04:38,evening,1,0,0,long,high,New Orleans,Bars,2,1,0
LnFIWZM_l__4t8Qxj3pnOg,lRbHFOIFuusN2WOR_ypQ_A,3.0,2014-05-28 00:30:08,night,2,0,1,long,high,Philadelphia,Restaurants,2,0,0
DJgU8F5lKlshSo9xIsLcoQ,VRGYwKE_Z77frm5NwLvJhw,3.0,2014-05-28 01:03:40,night,2,0,0,long,high,Nashville,Bars,2,1,0
CfX4sTIFFNaRchNswqhVfg,_SjdrpSZdiXVSwaJR5T9jw,1.0,2014-05-28 02:14:36,night,2,0,1,long,high,New Orleans,Barbeque,2,1,1
6ObFF8-uKnOAlXuSH4TlyQ,lpiURb2ONfF8cHgVjKRGKg,4.0,2014-05-28 06:59:10,night,2,0,1,long,high,Marana,Latin American,2,0,1
vr-Rw3nMKIgGrVNT6A7p9g,toMVWIsPJmS7-LiLAf2AfA,4.0,2014-05-28 15:36:13,afternoon,2,0,1,long,high,Philadelphia,Food,2,1,0
A_cc2tU92JcCmk71LmrFsg,hKameFsaXh9g8WQbv593UA,3.0,2014-05-28 17:14:15,afternoon,2,0,0,medium,high,Lutz,Seafood,2,1,0
EMJV9rib660I4RpMsbzWbg,pym7c6ZFEtmoH16xN2ApBg,4.0,2014-05-28 17:23:00,afternoon,2,0,1,long,high,New Orleans,Restaurants,2,1,1
sh3V6hnNMLVV9YwFA9QNaw,P0yKtQ4cFjNTY1X2CIdzBw,5.0,2014-05-28 17:28:59,afternoon,2,0,1,long,high,Tampa,Hotels & Travel,4,1,1
AaPhPor834YyMwCqOxytdQ,2KIDQyTh-HzLxOUEDqtDBg,5.0,2014-05-28 21:39:40,evening,2,0,1,short,high,Saint Petersburg,Specialty Food,2,1,0
M9k0BUcjH36YQrBklhg34A,k9A4tAmei12tLprkrNPkcg,5.0,2014-05-28 22:12:52,evening,2,0,0,medium,high,Reno,Fast Food,1,0,0
jswWHPctnZGH3qqvN4mzoQ,5ruJkVZeGooUlKf4M-O6gg,2.0,2014-05-28 22:21:00,evening,2,0,1,medium,high,St Louis,Restaurants,1,1,0
JSzIwMqdSI74_ztnbWzsEA,dIpTuL2T1L98GQGU17IeSw,4.0,2014-05-29 01:21:18,night,3,0,1,long,high,Tampa,Bars,2,1,1
IlbqI2QmRgT-QnjAnv7Y_g,7lwe7n-Yc-V9E_HfLAeylg,2.0,2014-05-29 03:44:40,night,3,0,1,long,high,Philadelphia,Restaurants,2,1,1
6ObFF8-uKnOAlXuSH4TlyQ,t6gAgrvNQDHHvyhBXUDFrQ,3.0,2014-05-29 06:35:18,night,3,0,1,long,high,Marana,American (New),2,1,1
aY7Tuiui3BbrLGgVpgziZA,BjBDHqHhMXSxgyVipccznQ,3.0,2014-05-29 14:49:28,afternoon,3,0,1,long,high,Tampa,African,3,1,0
Zp1o52IRl92dunmsfiT96g,hLub5qdoU9w76O-k5pFiRg,5.0,2014-05-29 16:24:14,afternoon,3,0,1,long,high,Voorhees,Burgers,1,1,1
qb93lt68RXCsrmAc9AYJeQ,TTsBa6e2qgIEkiFQfYLmYA,3.0,2014-05-29 21:45:28,evening,3,0,1,long,high,Tampa,Juice Bars & Smoothies,1,0,1
ld0AperBXk1h6UbqmM80zw,cvHY1RTAPSoH94ysP2_eyQ,5.0,2014-05-30 11:56:52,morning,4,0,1,medium,high,Nashville,Health Markets,2,1,1
b3bTU1phXWm6WYV8NpWnnA,VLryc6Q-JbhMdrg7L6rRww,5.0,2014-05-30 17:01:08,afternoon,4,0,1,short,high,Franklin,Bars,2,1,1
7VRCizPyyGvSNL1E_zfCzQ,vVvtWcFResspvcMMNRbYWA,2.0,2014-05-30 23:49:11,evening,4,0,0,long,high,Port Richey,Buffets,2,0,0
GcdYgbaF75vj7RO6EZhPOQ,-OIUunijjcq_ZzyyQhPPFQ,4.0,2014-05-31 14:59:38,afternoon,5,1,1,long,high,Philadelphia,Restaurants,2,0,0
itHpQTjM1wdHGqAu8G70UA,rsDFJ05TiW7yBMdVuQ2tQQ,5.0,2014-05-31 15:21:19,afternoon,5,1,1,short,high,Saint Louis,Local Flavor,1,0,0
itHpQTjM1wdHGqAu8G70UA,NV6zZPb5OGVpyX4JrSzUPg,4.0,2014-05-31 16:07:06,afternoon,5,1,1,long,high,Saint Louis,Bars,2,1,1
wmqsehbFirZPlAluJUakeQ,u7_3L1NBWgxhBM_B-cmmnA,4.0,2014-05-31 17:31:28,afternoon,5,1,0,long,high,Philadelphia,Italian,2,1,1
dMBzfEZVid6__5D4D5IgBw,K8b2MQ5Az59-nzvqUfjJEQ,3.0,2014-06-01 02:25:39,night,6,1,0,long,high,Philadelphia,American (New),3,0,0
rTKK_-3W3gIQEohj0QSFWA,y5o2VSvj42KrXrotY3GTgA,5.0,2014-06-01 04:19:08,night,6,1,1,long,high,Saint Louis,Restaurants,2,1,0
vDACtEdgJP3mS-U0_NA0Pw,jQBPO3rYkNwIaOdQS5ktgQ,5.0,2014-06-01 12:26:15,morning,6,1,1,long,high,Saint Louis,Ice Cream & Frozen Yogurt,2,1,0
6NagSmaahFhlt3LEpnVXoQ,edO1Rej_-_I4vPSVYIZ5NQ,4.0,2014-06-01 14:19:48,afternoon,6,1,1,medium,high,New Orleans,Italian,2,0,0
4wFZgzj4DXB3Mn7Q1WLhXg,7zzSq-37WyMeSRrN8-zd6Q,3.0,2014-06-01 19:13:21,evening,6,1,1,medium,high,Boise,Mexican,1,0,0
ZCbJ-QFRIMfqJQv9XG4XcA,r1XrdSiWFp-CeZJ4ik7zoQ,3.0,2014-06-01 22:28:07,evening,6,1,0,long,high,Wayne,Caterers,2,0,1
_Wkf2RNDnBuqMOpzSqmZXw,_8zIpeRbMVwwyuUngyuemA,3.0,2014-06-01 23:57:39,evening,6,1,1,long,high,Reno,Breakfast & Brunch,2,1,1
zxuxd6Hz2tKcpgZ71dYEcw,f2r0YzFcaFl3jSg4cST68w,5.0,2014-06-02 03:01:11,night,0,0,1,long,high,Edmonton,Food,2,1,0
oF20BNxcphfedn93Nfwd9w,Vv5Fxre786NpKFR_3OduKw,4.0,2014-06-02 12:03:35,morning,0,0,1,long,high,Saint Louis,Mexican,2,1,0
0-hb63A9uWjR1YIyVMu6rg,QGUj9Za0iG_OJz0CqujE_Q,3.0,2014-06-02 13:55:53,afternoon,0,0,1,long,high,Saint Petersburg,Sandwiches,1,0,1
JEIiE2fyLeZwnmCxLB1IGw,kkcQYuF3w5iHnHMf0EnRhQ,5.0,2014-06-02 14:58:17,afternoon,0,0,1,long,high,Philadelphia,Sandwiches,1,1,0
B-s-8VUnuBjGTP3d01jsyw,dpwkz52tHB2MCPv53I2aRA,4.0,2014-06-02 15:29:23,afternoon,0,0,1,long,high,Reno,Restaurants,2,1,0
uD4ssusutbH1PgnadpZsSQ,zMMSWTHxkLWYR359o-IuAg,3.0,2014-06-03 21:00:33,evening,1,0,0,long,high,Reno,Restaurants,1,0,1
nnImk681KaRqUVHlSfZjGQ,SwBhaxfQPbyhsi0QHUAN0A,5.0,2014-06-04 08:04:23,morning,2,0,1,long,high,Tampa,Food,2,1,0
VJ-5b4O4-QsfRAKEezebCg,HcEOK1WiOpHvhZtp7PkRmg,4.0,2014-06-11 16:34:37,afternoon,2,0,0,long,high,Nashville,Restaurants,2,1,1
lYcU4ZTWITaPvRjdBFdr_w,f_u3Hao7u32i2ZdSzMcuUw,5.0,2014-06-12 00:22:56,night,3,0,1,medium,high,Nashville,Sandwiches,1,1,1
wqrbPeGf-bimRXU5t1x5Aw,B-DiQpcSTJ7oMMnwzbAGTQ,5.0,2014-06-12 00:27:17,night,3,0,1,short,high,Philadelphia,Thai,1,0,0
KI4Qksd3x7eAJZp1OKZXfA,F3n0sB5Dqn-N2fAA5TgmFQ,3.0,2014-06-12 00:40:17,night,3,0,1,medium,high,Reno,Restaurants,1,0,0
RQWQTxfhGGJ7bGgJ1EnExQ,ow_vaAcbxjw-TOdGilc4AQ,4.0,2014-06-12 14:17:21,afternoon,3,0,1,long,high,Saint Petersburg,Sushi Bars,2,1,0
IyIsFkVY48JWa01inv-7zA,TV81bpCQ6p6o4Hau5hk-zw,4.0,2014-06-12 14:35:19,afternoon,3,0,1,medium,high,Tarpon Springs,Food,2,1,1
0HjeAwCrfdbJgOAlP6b9Tw,d_tRshM-w6S4QxE4VVi8tQ,5.0,2014-06-12 16:45:35,afternoon,3,0,1,long,high,Philadelphia,American (New),2,1,0
2a9uyq3zsX5RIxG_jtpM4Q,7lwe7n-Yc-V9E_HfLAeylg,4.0,2014-06-12 18:50:02,afternoon,3,0,1,long,high,Philadelphia,Restaurants,2,1,1
cbY0f25GE3WLB5YUNQUgtw,w520vYWEpEYBf90rSr9NVA,5.0,2014-06-13 00:05:40,night,4,0,0,medium,high,Nashville,Thai,2,0,1
6nwKICMjYAlK_yRM9YxpHg,-bGw8ARHQucKWEHEkxpGFw,3.0,2014-06-13 02:26:25,night,4,0,1,long,high,St. Louis,Bakeries,1,0,1
6nwKICMjYAlK_yRM9YxpHg,ARgidflSXPHj7uhK-Y7hwA,5.0,2014-06-13 02:49:13,night,4,0,1,long,high,St Louis,Japanese,2,1,0
CZmwm1Qd3Ftr5TfAlnmWOA,17Y8circEnkMMXKfLo8Ztg,4.0,2014-06-13 14:41:00,afternoon,4,0,1,long,high,Philadelphia,Restaurants,1,0,1
-G7Zkl1wIWBBmD0KRy_sCw,SS4__vpB-2xeX0DFARgl0w,5.0,2014-06-13 15:02:22,afternoon,4,0,1,long,high,Croydon,Restaurants,1,0,0
Nhir-rDMoj8k2g7rDug-Qw,kpK6SmxIiNoGPNhlEGiL4w,5.0,2014-06-13 16:57:33,afternoon,4,0,0,medium,low,Saint Louis,Italian,2,1,1
Nhir-rDMoj8k2g7rDug-Qw,qhsJbgxVNDb0973r3Gjrow,4.0,2014-06-13 17:02:17,afternoon,4,0,0,short,low,Webster Groves,Nightlife,2,1,1
Nhir-rDMoj8k2g7rDug-Qw,UtfRoSHPShDwNBc1lLlZbw,5.0,2014-06-13 17:14:04,afternoon,4,0,0,medium,low,Saint Louis,Chinese,1,0,0
Nhir-rDMoj8k2g7rDug-Qw,JgTSG4rIDf20Kgp6U_asng,4.0,2014-06-13 17:16:05,afternoon,4,0,0,medium,low,St. Louis,Pizza,2,1,0
Nhir-rDMoj8k2g7rDug-Qw,EpREWeEpmR8f1qLHzzF0AA,5.0,2014-06-13 17:18:26,afternoon,4,0,0,medium,low,Saint Louis,Local Flavor,2,1,1
-rGU3wo4fgEnGRboYdMTjw,DdqPNe8W1XF44CLw94Zb6A,3.0,2014-06-13 18:21:35,afternoon,4,0,1,medium,high,Tucson,Food,2,0,0
5eiLUiKhnbVteCkqKGYl8Q,hFa7UxRZgJDQJ3UBhQsu9A,4.0,2014-06-14 01:53:36,night,5,1,1,medium,high,Wilmington,Restaurants,2,1,1
12nuY5DRprBaDa9Rc4NLUw,sTuDLAMOxhhWQAsKsbGioQ,4.0,2014-06-14 05:55:02,night,5,1,1,long,high,Reno,Sandwiches,2,1,1
I2XpWCHAom1JRyHXZQrnfg,_VB4EIoGdAR4sBB6rApEAg,4.0,2014-06-14 07:39:12,morning,5,1,1,long,high,Tampa,Restaurants,1,0,1
_N8kvjHWS60R6xjhs0em9A,2rQFgavS-942RapZTBSBTw,5.0,2014-06-14 14:19:01,afternoon,5,1,1,medium,high,Bryn Mawr,Italian,2,1,1
kO30XR2WeF6bla6dK1ZZLw,fKDV_dlDhXd7P5kZi97Kng,4.0,2014-06-14 16:30:03,afternoon,5,1,1,long,high,Philadelphia,Breakfast & Brunch,1,0,0
fylDqbbgPEqZ9J4EBpoI_w,lj-E32x9_FA7GmUrBGBEWg,4.0,2014-06-15 02:36:31,night,6,1,1,short,high,St Louis,Bars,2,1,1
0YI3p9o-ntRgRaPWpfa22Q,W3pOGK9qIZJbA6CS0HRNcQ,4.0,2014-06-15 05:36:01,night,6,1,1,long,high,Indianapolis,Pizza,2,0,0
tJZnXf1mafOOEcUNd3yoiA,tFpstYqxugKHzeyNUsuD_A,4.0,2014-06-15 18:39:46,afternoon,6,1,0,short,high,Carmel,American (Traditional),2,1,1
wqrbPeGf-bimRXU5t1x5Aw,uVJkqQ1U9MH7hBorrwGhBg,5.0,2014-06-15 18:57:52,afternoon,6,1,1,medium,high,Philadelphia,Thai,2,0,1
cUk4n3GMShdIr5pLyt9PFQ,EtKSTHV5Qx_Q7Aur9o4kQQ,3.0,2014-06-15 20:08:37,evening,6,1,1,long,high,Philadelphia,Bars,2,1,1
OJiZwMbp23WL-H5wnPRkrw,SlZJATE_TGUU8X34UJNi4g,4.0,2014-06-15 22:31:08,evening,6,1,0,long,high,Indianapolis,Mexican,2,1,1
CfX4sTIFFNaRchNswqhVfg,Bt7NBqA31uOI4H_hvasLLg,3.0,2014-06-16 00:50:00,night,0,0,1,long,high,New Orleans,Caterers,2,1,1
toQe9adQWV7iC7KM_eugsA,_PQzeo8P2sGczzFEifrK-Q,5.0,2014-06-16 02:09:12,night,0,0,1,long,high,Philadelphia,Food,2,0,0
y0HFxZKklJmALPdCg5_eLQ,Fp2Dk2__WHq7SK1Ah6oo0Q,5.0,2014-06-16 02:44:59,night,0,0,0,long,high,Doylestown,Juice Bars & Smoothies,2,1,1
3tBluoSyAoMct4vPb25uug,rF0xI_3jjlsEKp3N0Z0BuQ,5.0,2014-06-16 11:39:43,morning,0,0,0,long,high,Conshohocken,Italian,2,0,1
3tBluoSyAoMct4vPb25uug,DGvkU7CkdBs6lNbncQmF3A,4.0,2014-06-16 12:07:44,morning,0,0,0,medium,high,Philadelphia,Restaurants,2,1,1
GG0mFsEXb-02_dzFPqRV1Q,bMratNjTG5ZFEA6hVyr-xQ,4.0,2014-06-16 12:15:34,morning,0,0,1,long,high,Eddystone,Restaurants,2,0,1
HBLDsdGpWd13cnu6hoeR5w,hUX1yAimviBIhb21D_KtcQ,3.0,2014-06-16 15:22:34,afternoon,0,0,1,long,high,Philadelphia,Mexican,2,1,1
d9cpPrIfozQ2nIniIZ4F6A,9mE7Xp0hH6TMv3eaf2Ylxg,5.0,2014-06-16 15:26:13,afternoon,0,0,1,long,high,Franklin,Bars,3,1,0
mZrbrAAtQ0Xmt_MMUEs6Kg,uVJkqQ1U9MH7hBorrwGhBg,3.0,2014-06-16 18:28:15,afternoon,0,0,1,long,high,Philadelphia,Thai,2,0,1
5bJpDx4c7x9fYzdltOhfbw,mUIBtlWNPD7sz3rGGWQ1RA,4.0,2014-06-16 20:26:05,evening,0,0,0,short,high,Philadelphia,Mediterranean,2,0,1
5jKScvMqxW_rzd0D8xgX1A,9EgoCSRFfXUEGiJWFQLJ1w,5.0,2014-06-17 02:19:20,night,1,0,1,medium,high,Philadelphia,Beer,2,0,0
QLPylO8wa5C4XeY4LhGUuw,OKPUO8zvBBL-OA6-SfDx8Q,4.0,2014-06-17 10:00:46,morning,1,0,0,medium,high,Philadelphia,American (Traditional),3,0,1
2XKlUjHGk9z-2ckFMcBEHw,N5ekxQd7wGHWJJK-p9qqXw,4.0,2014-06-17 13:54:13,afternoon,1,0,1,long,high,Nashville,Restaurants,3,1,0
JITevzyEgskIJc6sgOyEgw,VRGYwKE_Z77frm5NwLvJhw,4.0,2014-06-17 16:29:01,afternoon,1,0,1,long,high,Nashville,Bars,2,1,0
DwyevLE3RWfuBzgcJtRFyg,uIZwBkvWicqyWraXvYOipw,5.0,2014-06-18 02:42:33,night,2,0,0,medium,high,Philadelphia,Restaurants,3,1,0
CaVEy7kpASLwNBGymLwhgw,bXe7JE0bxDpoXf3UjnwoBQ,5.0,2014-06-18 03:24:12,night,2,0,1,long,high,Largo,Nightlife,2,1,1
ChhiVXQulj8zmFDr6x-FqQ,fdjzXyPw1Zt2avRokULJOw,4.0,2014-06-18 04:47:38,night,2,0,1,medium,high,Edmonton,Vietnamese,2,1,1
UXZMPcpth1NmegvLMHqABA,bdfZdB2MTXlT6-RBjSIpQg,1.0,2014-06-18 10:19:12,morning,2,0,0,long,high,Isla Vista,Food,1,0,1
jaP-SWrw_W4CpGf8RlQ-Wg,Q1HHAb4FzrzfnnrRyA8fgg,3.0,2014-06-18 13:24:44,afternoon,2,0,0,medium,high,Indianapolis,Restaurants,2,1,1
obAksk0tLwmo6Vb32fOgQQ,L3h60m908xbwVGI0_O4Ikw,4.0,2014-06-18 15:19:37,afternoon,2,0,0,short,high,Philadelphia,Food,2,0,0
akUC5qP68u0_frTwHLl61w,n1HOCV74TBVZdQdOUgp9xA,1.0,2014-06-18 15:24:27,afternoon,2,0,1,short,high,Sicklerville,Tex-Mex,1,0,0
bYENop4BuQepBjM1-BI3fA,rBdG_23USc7DletfZ11xGA,5.0,2014-06-18 23:30:04,evening,2,0,1,long,high,Saint Louis,Wine Bars,2,1,1
8VNmuYmFboXleIFf-stnFg,_8zIpeRbMVwwyuUngyuemA,3.0,2014-06-19 00:37:37,night,3,0,0,long,high,Reno,Breakfast & Brunch,2,1,1
reJ7c2yq3f8dODMslzODUQ,TghRoAMx43V-9l7mH-SENg,3.0,2014-06-19 01:21:10,night,3,0,1,long,high,Clearwater Beach,Food,2,1,1
fs5bpfk-2pvq2v8S1De5pQ,eaDZlSuVS0EY67Ke6pRP6Q,4.0,2014-06-20 21:50:10,evening,4,0,0,medium,high,Philadelphia,Malaysian,2,1,0
RlEryoNlZnAj6r-9GSwLPg,SIoCIxjn4jLt2O-4DajWJw,3.0,2014-06-22 01:42:50,night,6,1,1,medium,high,Philadelphia,Nightlife,2,1,1
AAYvaNRQ0TD_2Lpo-wFOUA,j3E_vGw47XpiEgTr-KiJUg,5.0,2014-06-22 14:03:21,afternoon,6,1,1,long,high,Saint Louis,Bakeries,1,0,0
5jKScvMqxW_rzd0D8xgX1A,PYUI1OJVksGUbCrteU68bw,5.0,2014-06-23 01:29:51,night,0,0,1,long,high,Philadelphia,Bars,2,1,1
dqucQwA-CHWhUczwqIxKKg,JtwyVOjFQvI2VZwZHta-dw,4.0,2014-06-27 21:48:24,evening,4,0,1,long,high,Phoenixville,Salad,2,0,0
cqoSx4ITtvkYmWaL6gf0YQ,HU-S7rzIE1qDkCy4L54CHA,4.0,2014-06-28 01:02:13,night,5,1,1,medium,high,Tampa,Beer,1,1,1
Od2Ev0b92eKrciDJIRVNpQ,3CsBRtDT5WOUu8IY0mHhXw,4.0,2014-06-28 18:58:23,afternoon,5,1,1,long,high,Philadelphia,Pizza,1,0,1
CfX4sTIFFNaRchNswqhVfg,Vnob_w_Aohf7ZDqxcJ9z2A,5.0,2014-06-28 19:21:08,evening,5,1,1,long,high,New Orleans,Bars,2,1,0
CfX4sTIFFNaRchNswqhVfg,UVE_f01HDCnkyQVhIApUrQ,5.0,2014-06-28 19:40:26,evening,5,1,1,medium,high,New Orleans,Restaurants,1,0,1
kkPgJv6KBFN15caG7NYYlg,P9VrCQBcyoDmMV5xtlOBsQ,4.0,2014-06-28 21:48:28,evening,5,1,1,medium,high,Edmonton,Food,2,1,0
UqyjI4UQIpybgd8FkpEaaQ,ixPTo6Hum7nNZ7A4VPhTXg,5.0,2014-06-28 23:29:24,evening,5,1,1,medium,high,Tampa,Restaurants,2,1,1
P-NTOAMFVSDFGkhcj4GaIQ,8QJTzIaR5FceGds8HBSIig,4.0,2014-06-29 00:33:52,night,6,1,1,medium,high,Tucson,Nightlife,2,1,1
H_UUR8Xe5nkHoesDcXgIrA,aEEC4D-RylmiUyephE5t_g,4.0,2014-06-29 12:05:16,morning,6,1,0,long,low,Nashville,Food,2,0,1
H_UUR8Xe5nkHoesDcXgIrA,cvHY1RTAPSoH94ysP2_eyQ,4.0,2014-06-29 12:11:54,morning,6,1,0,long,low,Nashville,Health Markets,2,1,1
H_UUR8Xe5nkHoesDcXgIrA,CmaMxRtf0NJxOR5r0Pw_mQ,4.0,2014-06-29 12:47:33,morning,6,1,0,medium,low,Nashville,Barbeque,1,0,1
H_UUR8Xe5nkHoesDcXgIrA,w520vYWEpEYBf90rSr9NVA,4.0,2014-06-29 12:52:51,morning,6,1,0,medium,low,Nashville,Thai,2,0,1
gOAvWocRyGbKvUaitVy8fQ,TuYx8LUw7shzFGXQuUmbNA,5.0,2014-06-29 13:58:58,afternoon,6,1,1,long,high,Cherry Hill,Restaurants,2,0,1
_YqknhseJ6yjtS1g0D4Vwg,IYzBKfT_JolGL-MA4STQYA,4.0,2014-06-29 14:42:55,afternoon,6,1,0,long,high,Saint Louis,American (Traditional),2,1,1
GG0mFsEXb-02_dzFPqRV1Q,nFSqTOt1LZSHQQKQsUZiKw,1.0,2014-06-29 16:10:02,afternoon,6,1,1,short,high,Ridley Park,Diners,1,0,0
M1Rg1pBkC2Co1NZP5QSSDw,C_EtrXTygRX5RTUOKtO6Dg,3.0,2014-06-29 18:15:25,afternoon,6,1,0,medium,high,Philadelphia,Nightlife,2,1,1
ZTvil7E2JbtORKm0bu6MKQ,FHNIvNgh3fS7VZQq2Y3dsA,3.0,2014-06-29 21:45:53,evening,6,1,1,long,high,Philadelphia,Asian Fusion,2,1,0
gr528N9hWldCgfKp99zWKw,GUMVStVaJfWmCIpQA4TtHg,3.0,2014-06-29 22:22:40,evening,6,1,1,long,high,Philadelphia,Restaurants,2,0,0
v6Jd2lpaKvyXpzzyNDelyw,Sp_uktFiCrrARCKu2BNw7g,4.0,2014-06-29 22:50:18,evening,6,1,1,medium,high,Seminole,Specialty Food,1,0,0
265EYpe5vbp5omrIObdpFg,N5ekxQd7wGHWJJK-p9qqXw,2.0,2014-06-30 00:16:41,night,0,0,0,long,high,Nashville,Restaurants,3,1,0
k9rIAkr_3QpFRlTgIXJAGw,HU-S7rzIE1qDkCy4L54CHA,3.0,2014-06-30 00:33:52,night,0,0,1,medium,high,Tampa,Beer,1,1,1
vzNYQaFyBnIU_bBkJsUJQA,QWqKTWQ2OiDgo3dzNkpung,5.0,2014-06-30 02:26:41,night,0,0,1,long,high,Philadelphia,Korean,2,0,0
Qr1US2rXFhMx5BxriB5Ffw,8uF-bhJFgT4Tn6DTb27viA,5.0,2014-06-30 03:22:35,night,0,0,1,long,high,New Orleans,Food,1,1,1
Dewn3eFhrFQCDTFu__Pp5A,OHzX-ZD9qyoeoxR8Z0dlIA,5.0,2014-06-30 14:37:52,afternoon,0,0,1,medium,high,Philadelphia,Restaurants,2,1,1
_ljIoh025OGAvWz_Kvq6EQ,KhBUg5QhBYuK8RZAe5gDMQ,5.0,2014-06-30 16:24:15,afternoon,0,0,1,long,high,Tampa,Restaurants,2,1,0
JoE85mm0bg4-z7D7p9gG6A,EpREWeEpmR8f1qLHzzF0AA,4.0,2014-06-30 17:37:57,afternoon,0,0,0,medium,high,Saint Louis,Local Flavor,2,1,1
irJKUrPxs5Z5fTvya-JVyA,89COhCW-cAD5-fTXPfXYTw,2.0,2014-06-30 17:45:29,afternoon,0,0,1,long,high,Maplewood,Donuts,1,0,0
PV0U0arT_AUfjVBtrKfPSA,MquXDiKxHB4NYv5r5KodOQ,3.0,2014-06-30 18:49:59,afternoon,0,0,1,long,high,Marlton,Restaurants,2,0,1
VYuuNzTWju8D0rr8SvaZjA,pVHbXwsqLxNzAx9rdwy2EA,3.0,2014-06-30 21:41:11,evening,0,0,1,long,high,Philadelphia,American (Traditional),3,1,1
0Igx-a1wAstiBDerGxXk2A,UVE_f01HDCnkyQVhIApUrQ,4.0,2014-07-01 01:21:01,night,1,0,1,long,high,New Orleans,Restaurants,1,0,1
LEyRdfEh33INkU_qK3-FAQ,eaDZlSuVS0EY67Ke6pRP6Q,4.0,2014-07-01 02:20:20,night,1,0,0,medium,high,Philadelphia,Malaysian,2,1,0
r3QexFIhBXBT99canAgVEg,3gTZAOmML02T1L5gYIHYqQ,4.0,2014-07-01 03:45:49,night,1,0,1,long,high,Edmonton,Middle Eastern,2,0,0
kkPgJv6KBFN15caG7NYYlg,RuEIK45gBF5iDbYoSa9tOA,4.0,2014-07-01 05:00:51,night,1,0,1,long,high,Edmonton,American (Traditional),2,1,0
Jt3GylPuH64uA3zTdbMdCg,GUMVStVaJfWmCIpQA4TtHg,5.0,2014-07-01 12:21:41,morning,1,0,1,long,high,Philadelphia,Restaurants,2,0,0
-G7Zkl1wIWBBmD0KRy_sCw,fGeJIvuGAQE5sbVIbwQYXg,2.0,2014-07-01 15:34:28,afternoon,1,0,1,long,high,Yardley,Ice Cream & Frozen Yogurt,2,0,0
1HM81n6n4iPIFU5d2Lokhw,QUnvoceeKLK201dOflQThA,3.0,2014-07-01 18:44:00,afternoon,1,0,1,medium,high,New Orleans,Street Vendors,1,0,0
9EMgczqumS10LYSbsaiKdQ,9kZPUwuRd6PLGSJS9g85RA,4.0,2014-07-01 19:26:48,evening,1,0,1,short,high,Tampa,Burgers,1,1,0
b2YL4kdvU7Nx8mMhqfyXgg,TUhRukcZb3tG0cB_X68FCQ,4.0,2014-07-02 08:35:30,morning,2,0,1,long,high,North Wales,Restaurants,2,1,0
vHc-UrI9yfL_pnnc6nJtyQ,tQ6VNQ9ezkxRE4bvu9WShQ,3.0,2014-07-02 15:11:15,afternoon,2,0,1,long,high,Sparks,Restaurants,2,1,1
TLpnu9BZNLTuB1ngxjnIpA,SVSafDWg9r2Q5XEVOLPSSA,4.0,2014-07-03 05:53:22,night,3,0,1,short,high,Reno,Cantonese,2,1,0
ryisT19-tzvMyVVi0iLvwA,OHzX-ZD9qyoeoxR8Z0dlIA,4.0,2014-07-03 10:49:58,morning,3,0,1,long,high,Philadelphia,Restaurants,2,1,1
MdUimpfJQHijcy1DZu-r4A,8usO-H5uFTzlISfGZN8rSg,5.0,2014-07-03 14:55:15,afternoon,3,0,1,medium,high,Devon,Food,1,0,1
jswWHPctnZGH3qqvN4mzoQ,tEo47ZH3WGeZstWpZp6bfA,3.0,2014-07-03 19:19:49,evening,3,0,1,medium,high,Creve Coeur,Sandwiches,2,0,1
4kKngcDGjuzo18pxx5jHog,UCMSWPqzXjd7QHq7v8PJjQ,4.0,2014-07-03 23:36:47,evening,3,0,1,long,high,Tucson,Restaurants,2,1,1
h4ZqDUqVcektL45xG4QDew,jQBPO3rYkNwIaOdQS5ktgQ,5.0,2014-07-04 01:41:05,night,4,0,1,medium,high,Saint Louis,Ice Cream & Frozen Yogurt,2,1,0
F76i3Syqc_jTR2m2vXGwuQ,Bb5YSi_C9p4Sp6eD4ZCSVQ,3.0,2014-07-04 04:42:50,night,4,0,0,medium,high,Tucson,Restaurants,2,1,0
XzpJ4uHkxARCFQiZ9bffyg,SpKppNFimODBt-BZ0c2WbA,2.0,2014-07-04 17:33:37,afternoon,4,0,0,medium,high,Springfield,Coffee & Tea,1,0,0
dIRTUvNn9HSG7SlCB1CdKw,eaDZlSuVS0EY67Ke6pRP6Q,3.0,2014-07-04 19:55:45,evening,4,0,0,medium,high,Philadelphia,Malaysian,2,1,0
9TuUABNmDhBqdDael0zy8w,ORL4JE6tz3rJxVqkdKfegA,4.0,2014-07-04 21:31:22,evening,4,0,1,long,high,Nashville,Venues & Event Spaces,3,1,1
Qr1US2rXFhMx5BxriB5Ffw,BJBSwMKADtYjqFDCL3-zkw,4.0,2014-07-05 04:45:33,night,5,1,1,long,high,New Orleans,American (Traditional),2,0,0
m2659DYVbxLRxbqe4MKNZg,pSmOH4a3HNNpYM82J5ycLA,5.0,2014-07-05 15:38:58,afternoon,5,1,0,medium,high,Nashville,Restaurants,2,1,0
LYVK0THpducvG9Y9eEmI5g,lZEYIL95hZsZS0vgaoR2aQ,4.0,2014-07-07 01:51:19,night,0,0,0,short,high,Tampa,Sandwiches,2,1,1
WJVedIAJN0FRxDn6M1tLkA,NYJ1PTYcQhQ8aVJiBPgIQg,5.0,2014-07-13 16:34:49,afternoon,6,1,1,long,high,Philadelphia,Food,2,0,0
M4yFvtrNL-zuK7UXlREUCg,NV6zZPb5OGVpyX4JrSzUPg,4.0,2014-07-13 20:35:38,evening,6,1,1,long,high,Saint Louis,Bars,2,1,1
cqoSx4ITtvkYmWaL6gf0YQ,2kuhZOrWcLYe_XePccr4lA,4.0,2014-07-13 22:00:46,evening,6,1,1,medium,high,Tampa,Restaurants,2,1,1
SWwV8YhdTSSW4QFEDV7G-w,3yI-7C8JzbG-ZaSqAGHMAQ,3.0,2014-07-13 22:23:08,evening,6,1,1,medium,high,Tampa,Restaurants,1,0,0
12nuY5DRprBaDa9Rc4NLUw,CPFKi2lZJazP6IdtCdDDyg,4.0,2014-07-13 22:34:15,evening,6,1,1,long,high,Reno,Bars,1,1,1
0V9kMR2AGljsoMQR_JgpZQ,9fjdQvNl1yWKCNgo0VaCyA,2.0,2014-07-13 22:39:00,evening,6,1,0,medium,high,Tampa,Discount Store,1,1,0
FlXBpK_YZxLo27jcMdII1w,DRr5xdfHtqgWfhmdTU1B8Q,4.0,2014-07-14 00:02:38,night,0,0,1,long,high,Philadelphia,Breakfast & Brunch,2,1,1
zvq6qxc2IVA08jaUelUMRw,u7_3L1NBWgxhBM_B-cmmnA,5.0,2014-07-14 02:37:08,night,0,0,1,long,high,Philadelphia,Italian,2,1,1
OmL2bjLvvRxg1brM5Pehgw,Z5po0aTuzKKblek5y6Sp8Q,1.0,2014-07-14 12:52:57,morning,0,0,1,long,high,Philadelphia,Food,2,0,0
GG0mFsEXb-02_dzFPqRV1Q,3_kZ2pDiKJLZ9kGKKOWqdA,4.0,2014-07-14 14:04:25,afternoon,0,0,1,medium,high,Eddystone,Restaurants,1,0,0
PV0U0arT_AUfjVBtrKfPSA,u7_3L1NBWgxhBM_B-cmmnA,4.0,2014-07-14 15:49:28,afternoon,0,0,1,long,high,Philadelphia,Italian,2,1,1
45BL_H-mDCoiuA9k8iGv5g,1UNorskttXSWuEcgzKzXcA,5.0,2014-07-14 16:22:49,afternoon,0,0,0,medium,high,Philadelphia,Lounges,3,1,1
-KduD3wwydWDq2GrODh2tw,JJNCJWaH2KV44r9aeEBlqA,3.0,2014-07-14 16:54:12,afternoon,0,0,1,medium,high,Indianapolis,Breweries,2,0,0
JITevzyEgskIJc6sgOyEgw,hYonVJe6xzVBHHT2FLo4zg,3.0,2014-07-14 17:04:12,afternoon,0,0,1,long,high,Nashville,Restaurants,2,1,1
45BL_H-mDCoiuA9k8iGv5g,dBCNUSbz5-8nQNrxWo5deg,5.0,2014-07-14 17:11:36,afternoon,0,0,0,long,high,Southampton,Restaurants,2,1,0
408hwioZ-qUozGrKzoqKqQ,PBtZNTQl5tRReeC8It1G7g,2.0,2014-07-14 17:26:21,afternoon,0,0,1,long,high,Safety Harbor,Restaurants,3,1,1
AvGJVv7Z3a0q1MJT1Ykd0w,sdWuLh-auc0nC2Jy6_26AQ,4.0,2014-07-14 21:23:53,evening,0,0,1,long,high,Philadelphia,Bars,2,1,0
zTwwciNRMedBvUS3-_8h6g,y_JZFlF-4fwSIn4RJ2vMGw,4.0,2014-07-15 01:45:03,night,1,0,1,short,high,Philadelphia,Desserts,1,0,1
1HM81n6n4iPIFU5d2Lokhw,kwQzVF5GP8DzdyBavvhIaQ,3.0,2014-07-15 12:21:17,morning,1,0,1,medium,high,Kenner,Seafood Markets,2,1,0
mqBWACmaHflW4eh_Ofp16Q,kxX2SOes4o-D3ZQBkiMRfA,5.0,2014-07-15 14:36:08,afternoon,1,0,0,long,low,Philadelphia,Halal,2,0,0
rt3MZtOmwB0hohjILz45DQ,rnaE88k8yV5pFAGJeiIK4Q,3.0,2014-07-15 18:15:19,afternoon,1,0,1,long,high,Reno,Food,2,1,0
MkXDu9bVpaUq3QL6_RU9yg,qdL-EbgoA7Gq_2u4e4YvLw,5.0,2014-07-16 01:18:35,night,2,0,0,long,high,Blue Bell,Nightlife,2,1,0
MkXDu9bVpaUq3QL6_RU9yg,wUEbysNWCtMSQAio6Ktn6Q,4.0,2014-07-16 01:26:57,night,2,0,0,short,high,Fort Washington,Pizza,2,1,0
HXB_ByCCp8cZm1WMjKn1Tw,F8yozE3NWnImNApHO347gQ,4.0,2014-07-16 01:51:19,night,2,0,1,long,high,Philadelphia,Restaurants,2,1,1
tmWwHfhaR0bNTKlr9dXsOQ,skJ1w8B5YusIibyxH4ohxQ,1.0,2014-07-16 03:42:11,night,2,0,0,long,high,New Orleans,Active Life,2,1,1
0ackih4Gue2nHIFzUNhpLA,VRGYwKE_Z77frm5NwLvJhw,3.0,2014-07-16 13:47:10,afternoon,2,0,1,medium,high,Nashville,Bars,2,1,0
9-z8DCVGGVhgwU-etc4zIA,B-DiQpcSTJ7oMMnwzbAGTQ,5.0,2014-07-16 15:12:25,afternoon,2,0,1,medium,high,Philadelphia,Thai,1,0,0
Y4ZmJCuAbIvnv45oIIuLHA,dSPA4yql9vUwnYRxHiVtHA,4.0,2014-07-16 17:29:37,afternoon,2,0,1,long,high,Philadelphia,Sushi Bars,2,0,1
Xw7ZjaGfr0WNVt6s_5KZfA,gC8i-lxwvGhVpOXM5eYdtA,4.0,2014-07-16 18:08:02,afternoon,2,0,1,long,high,New Orleans,Mexican,2,0,0
OJiZwMbp23WL-H5wnPRkrw,50TGaB-hcv4R3QiWUmIP_w,2.0,2014-07-16 22:35:09,evening,2,0,0,medium,high,Indianapolis,Indian,2,1,0
wfi0T-xq_P5sKQvwQitlYg,zaC6coZ5Gp8mLjeg7Slh6A,4.0,2014-07-17 06:57:06,night,3,0,1,long,high,Edmonton,Coffee & Tea,2,0,1
2iS1vg5TYpV_iEiNC8osTg,50TGaB-hcv4R3QiWUmIP_w,3.0,2014-07-17 15:24:44,afternoon,3,0,1,medium,high,Indianapolis,Indian,2,1,0
6InyxxWLYI0J9y4342o12Q,F2C5ENuY8CXfgoW-gAMdDA,3.0,2014-07-17 18:17:54,afternoon,3,0,1,long,high,Indianapolis,Bars,2,1,1
M2NS_aQbMY2apoYjTlOCng,khVgwowtBDRWHp77qDFmqQ,5.0,2014-07-18 05:15:47,night,4,0,1,short,high,Boise,Food,2,0,0
YxE9ERtoyczXIxqEadX5yw,4ib9kGHlwqWPalWjh-dZhQ,3.0,2014-07-18 06:48:52,night,4,0,0,long,high,Palm Harbor,Restaurants,2,0,0
YxE9ERtoyczXIxqEadX5yw,zPmSsAdvoBbo94msaYCLYg,3.0,2014-07-18 07:05:53,morning,4,0,0,long,high,Tampa,Restaurants,1,1,0
45BL_H-mDCoiuA9k8iGv5g,mCo2uVTTGYrEhRrkQW-CMw,5.0,2014-07-18 13:11:24,afternoon,4,0,0,short,high,Philadelphia,Taiwanese,2,0,0
4qWYQFByYk7GXaoKKX8EHQ,5nlpLTaOXgDQgKBHhAzm2g,4.0,2014-07-18 15:52:55,afternoon,4,0,1,long,high,Edmonton,Fast Food,2,0,0
ASLIke5kbn7Z95wT_otaUQ,JYDd5sgn18DqDnTnq_tBRQ,5.0,2014-07-18 21:13:49,evening,4,0,1,long,high,Sparks,Restaurants,2,1,1
MB24FupUiQDWXzKO76rgCA,PxEiXqMAzzvp8GFlb5EoLg,4.0,2014-07-18 21:15:47,evening,4,0,1,long,high,Philadelphia,Restaurants,2,1,1
_Wkf2RNDnBuqMOpzSqmZXw,rnaE88k8yV5pFAGJeiIK4Q,3.0,2014-07-18 22:27:40,evening,4,0,1,long,high,Reno,Food,2,1,0
DTNAb-1gJ6e2nyqCc3fdcQ,FHNIvNgh3fS7VZQq2Y3dsA,3.0,2014-07-18 23:32:16,evening,4,0,1,long,high,Philadelphia,Asian Fusion,2,1,0
RCZ5M9o2-fxgFuurpmEs3w,8usO-H5uFTzlISfGZN8rSg,4.0,2014-07-19 17:01:20,afternoon,5,1,0,long,high,Devon,Food,1,0,1
ShKjMaDTPfKDuwzL5WIfgA,zMMSWTHxkLWYR359o-IuAg,4.0,2014-07-20 14:29:56,afternoon,6,1,0,medium,high,Reno,Restaurants,1,0,1
0sAUF_yzU7nlac8Hg-FUvg,ZzojMM0SQFTBrUIZ_IKqqQ,5.0,2014-07-20 15:03:22,afternoon,6,1,1,long,high,New Port Richey,Restaurants,1,1,0
drui1iMt-TPzJiSkQp5CtA,8uF-bhJFgT4Tn6DTb27viA,4.0,2014-07-21 15:13:04,afternoon,0,0,1,medium,high,New Orleans,Food,1,1,1
RCZ5M9o2-fxgFuurpmEs3w,roc-xyyzN5b_nImb0NdRLQ,4.0,2014-07-22 01:43:43,night,1,0,0,medium,high,Philadelphia,Restaurants,1,0,0
0V9kMR2AGljsoMQR_JgpZQ,R4eAWOt6Kz_rmo8B9FyG8g,1.0,2014-07-28 01:39:28,night,0,0,0,medium,high,Tampa,Restaurants,1,0,0
o0emAbW2Z9MnyGxBUzH2ZA,W3pOGK9qIZJbA6CS0HRNcQ,4.0,2014-07-28 01:57:54,night,0,0,1,medium,high,Indianapolis,Pizza,2,0,0
Od2Ev0b92eKrciDJIRVNpQ,ilVGsC87BfopszGWw2qdXg,3.0,2014-07-28 02:00:11,night,0,0,1,long,high,Trooper,Indian,2,0,0
1bjo-xG3tKF5rQjRx5zW4Q,Q1kcXbMJoI-QnPsYIbNnPw,5.0,2014-07-28 02:55:52,night,0,0,1,long,high,Buckingham,Seafood Markets,2,0,0
YxE9ERtoyczXIxqEadX5yw,hnJ_Bt2-Io_Mdf9p1KlprQ,4.0,2014-07-28 03:46:44,night,0,0,0,long,high,Clearwater,Restaurants,2,1,0
6Yy4vdVpfmy19SigDdVZtA,6g3pHoyXeMXFC7WD0rbJMA,2.0,2014-07-28 04:04:04,night,0,0,1,medium,high,Philadelphia,Chinese,2,0,0
KXYRjdlgg-Gw7mwF22ZAJg,FHNIvNgh3fS7VZQq2Y3dsA,4.0,2014-07-28 13:15:14,afternoon,0,0,1,long,high,Philadelphia,Asian Fusion,2,1,0
0Ko6fgC_9Fr61tsZgG6bag,ZLW8u1n776S7maN4KhN6jg,2.0,2014-07-28 17:28:48,afternoon,0,0,0,long,high,Nashville,Cafes,1,0,0
Dewn3eFhrFQCDTFu__Pp5A,NVN_23yYJDf_RAinqFICDA,4.0,2014-07-29 01:32:23,night,1,0,1,long,high,Philadelphia,Hot Dogs,1,0,0
FUUEU3ZN5cL1nNNR2AYZuw,1QprdzNzcYKRcSTIfh5BGw,2.0,2014-07-29 04:03:24,night,1,0,1,medium,high,Philadelphia,Tattoo,1,0,0
xkkJz-AEM_ikYbnLVVdpCw,a7_KZUJknqRA4DHQ3j9ofA,3.0,2014-07-29 11:03:01,morning,1,0,0,long,high,Aston,Nightlife,2,1,0
dfMqoJD3kHMrY1KAUVk0MQ,ilVGsC87BfopszGWw2qdXg,4.0,2014-07-29 16:50:02,afternoon,1,0,0,medium,high,Trooper,Indian,2,0,0
M4yFvtrNL-zuK7UXlREUCg,gXg277YblY5xsaeMzJ73TA,4.0,2014-07-29 17:41:09,afternoon,1,0,1,long,high,Edwardsville,Asian Fusion,2,1,1
WcQ01IBbW0ID01EE7bdH4g,7wpTBtY2kiMXmW42zvL-fw,5.0,2014-07-29 19:51:02,evening,1,0,0,long,high,Kenner,Restaurants,2,0,0
pArrklxdwi3WaZxqezbSBw,Fok0BLJP0OMxbbl3l6QmZA,5.0,2014-07-29 22:50:10,evening,1,0,0,medium,high,Clayton,Restaurants,2,1,0
kkPgJv6KBFN15caG7NYYlg,5BmQX4UVJY19mMtafMg7JA,4.0,2014-07-30 02:02:29,night,2,0,1,long,high,Edmonton,Specialty Food,2,0,0
cMUcY6xVqnnZEEyj5YqDow,-xzkqW1y4L9PTAPJjJu3yQ,5.0,2014-07-30 05:21:48,night,2,0,0,medium,high,Indianapolis,Italian,2,0,0
gQSMov4ZEXnlyWHNhGi3bA,1YfILky5n_7V3MHs8gzwMw,4.0,2014-07-30 14:50:55,afternoon,2,0,1,short,high,New Orleans,Food,2,0,0
PGx_pmKGlmzK4Y_15IWAUw,FHNIvNgh3fS7VZQq2Y3dsA,5.0,2014-07-30 17:07:01,afternoon,2,0,1,long,high,Philadelphia,Asian Fusion,2,1,0
2iS1vg5TYpV_iEiNC8osTg,DeVlppoc8dPBhOCPrm4wmg,3.0,2014-07-30 17:38:26,afternoon,2,0,1,long,high,Indianapolis,American (Traditional),3,1,1
Dewn3eFhrFQCDTFu__Pp5A,ngvE1G9IckUO-ljZBFo23w,2.0,2014-07-31 02:22:29,night,3,0,1,long,high,Philadelphia,Indian,1,0,0
vr-Rw3nMKIgGrVNT6A7p9g,sdWuLh-auc0nC2Jy6_26AQ,2.0,2014-07-31 14:53:37,afternoon,3,0,1,medium,high,Philadelphia,Bars,2,1,0
v98WXw1EToiuPIxtE0aekQ,-Or44IdY51Ukd618kikmtA,4.0,2014-08-01 02:30:21,night,4,0,1,medium,high,Philadelphia,Restaurants,1,1,1
jjHa6LD4phiz2Clsxpv3kQ,Oun4NN-u5yiHIxDqtJnxgA,3.0,2014-08-01 08:10:27,morning,4,0,1,medium,high,Philadelphia,Restaurants,1,0,0
jjHa6LD4phiz2Clsxpv3kQ,U30ggGzFpXvc2NZYwOW3qg,5.0,2014-08-01 08:23:35,morning,4,0,1,medium,high,Philadelphia,Cafes,1,0,1
-THLGnsYKu3yQAsy_tt1fw,RlaK11dNVoL9XsLWBF8ySw,4.0,2014-08-01 18:29:02,afternoon,4,0,1,long,high,Indianapolis,Food,2,0,0
BhetfbS0jjIcrTwH7aScNQ,oRZzKWdyMQld6N_y4UWkAg,5.0,2014-08-02 00:48:06,night,5,1,0,short,high,Tampa,Latin American,2,1,0
hPtHL1JLtYIIrCDhrjUBaQ,ln2TenkFOODYi7AOX9we1Q,2.0,2014-08-02 01:54:41,night,5,1,0,long,high,Tampa Bay,Restaurants,2,1,0
uPr3t2M-OykA8M_oro7j1A,u7_3L1NBWgxhBM_B-cmmnA,4.0,2014-08-02 15:02:33,afternoon,5,1,1,long,high,Philadelphia,Italian,2,1,1
NajX5fDsuIVzbRCKMh24Mw,x483GUYbdSgjaX9Xi3nOUA,4.0,2014-08-02 17:35:07,afternoon,5,1,0,medium,high,Jenkintown,Restaurants,2,0,0
xkkJz-AEM_ikYbnLVVdpCw,a7_KZUJknqRA4DHQ3j9ofA,2.0,2014-08-02 22:51:37,evening,5,1,0,medium,high,Aston,Nightlife,2,1,0
uPr3t2M-OykA8M_oro7j1A,TUhRukcZb3tG0cB_X68FCQ,4.0,2014-08-03 13:06:47,afternoon,6,1,1,medium,high,North Wales,Restaurants,2,1,0
5eiLUiKhnbVteCkqKGYl8Q,LnZvGYbqozanOSevcftnrw,5.0,2014-08-03 18:25:30,afternoon,6,1,1,short,high,Philadelphia,Sandwiches,2,0,0
o0emAbW2Z9MnyGxBUzH2ZA,9V0LMtO1riRw9-pUuG4NFg,4.0,2014-08-03 19:15:13,evening,6,1,1,medium,high,Indianapolis,Latin American,2,1,1
USD9k93iOIB88v93B5iBcw,oBhJuukGRqPVvYBfTkhuZA,4.0,2014-08-03 20:15:25,evening,6,1,1,long,high,Philadelphia,American (New),2,1,1
e7MEzEQMjqNPZfYthZKhwg,o3RGMdSY37_PX1k1vZsXpA,5.0,2014-08-03 21:07:34,evening,6,1,1,medium,high,Clearwater,American (New),3,1,1
ow1YVonkr8G-8kFUKo-bJg,UCMSWPqzXjd7QHq7v8PJjQ,5.0,2014-08-04 01:11:16,night,0,0,1,medium,high,Tucson,Restaurants,2,1,1
1JtpcHELRrSDoWS80WtzuQ,n1i7yciuoS2_6_g7ix9jlQ,5.0,2014-08-06 15:53:09,afternoon,2,0,1,long,high,Greenwood,Sandwiches,2,0,0
3tBluoSyAoMct4vPb25uug,DGvkU7CkdBs6lNbncQmF3A,4.0,2014-08-11 13:13:50,afternoon,0,0,0,long,high,Philadelphia,Restaurants,2,1,1
6cUt5rA5EY8-mH4q-v239Q,ymoEdJB5NE56sWw74uyX7A,5.0,2014-08-11 13:48:14,afternoon,0,0,1,short,high,Indianapolis,Sushi Bars,2,1,1
1HM81n6n4iPIFU5d2Lokhw,sR3vWwqzN7vexUpHW72r0A,2.0,2014-08-11 15:26:02,afternoon,0,0,1,medium,high,Terrytown,Desserts,1,0,0
dgGUKdOh2a01OwLw1qgfDw,RWY-NtTfOdphkgcS9RL5ZQ,3.0,2014-08-11 17:48:45,afternoon,0,0,1,long,high,Nashville,Food,1,0,0
pe-ltR4of_hrIjaHXlKveg,W0vdz23JQtVQX5vJkiCj3g,5.0,2014-08-11 18:55:40,afternoon,0,0,1,medium,high,Saint Petersburg,Bars,2,1,1
CjraTqh4EsvpveZQgj0qVQ,JBGNJR4pBRiyThsoKWsdnQ,4.0,2014-08-11 19:04:08,evening,0,0,0,short,high,Creve Coeur,Salad,1,0,1
Ase_kJIYuT6yOsqqVPuWUA,t1qF12NdW8KvCqxqbvy-Hg,4.0,2014-08-12 00:34:27,night,1,0,1,long,high,New Orleans,Breakfast & Brunch,1,1,1
1bjo-xG3tKF5rQjRx5zW4Q,RmEuAg_sbAI7DD3BurvO8Q,3.0,2014-08-12 11:36:56,morning,1,0,1,medium,high,Upper Southampton Township,Food,2,0,1
7M6eHyuAhtHl29H4HsgzBA,OHzX-ZD9qyoeoxR8Z0dlIA,5.0,2014-08-12 13:28:25,afternoon,1,0,0,medium,high,Philadelphia,Restaurants,2,1,1
UYU71DRx-UDAee-eFOFfWw,pj8Y-5vfbRitnnm2xJFH9w,2.0,2014-08-12 15:58:42,afternoon,1,0,1,long,high,Philadelphia,Caribbean,2,1,1
OLGQ7alK4VKl3YdQk6UF5g,u7_3L1NBWgxhBM_B-cmmnA,4.0,2014-08-12 16:55:31,afternoon,1,0,1,long,high,Philadelphia,Italian,2,1,1
NajX5fDsuIVzbRCKMh24Mw,jxfAi7UDmtbhyPw7ZsfKVw,4.0,2014-08-12 18:31:21,afternoon,1,0,0,medium,high,Media,Desserts,2,0,1
0Ko6fgC_9Fr61tsZgG6bag,wDwK7Im_rXO5nVeQn4lc3g,2.0,2014-08-12 21:32:28,evening,1,0,0,medium,high,Antioch,Restaurants,1,1,0
zAMpV0uFt9XpqRDFNLWPrQ,p3Vbzk03kNiI0tr181qamA,5.0,2014-08-12 22:31:36,evening,1,0,1,medium,high,Indianapolis,American (New),2,1,1
eAWnP9ZeVo8kp808y-0LXA,h-bXrwqcxFA5cz_ATTIQeA,3.0,2014-08-13 03:42:11,night,2,0,1,long,high,Franklin,Breakfast & Brunch,2,0,1
1bjo-xG3tKF5rQjRx5zW4Q,UhSVDwQFW6mKmaEA5OTU7A,4.0,2014-08-13 11:35:59,morning,2,0,1,long,high,Philadelphia,Vegetarian,2,0,0
iBRqbcx2UbyWbLW1mGySUQ,9dGzGbNKLMP0_wOqI5GffQ,5.0,2014-08-13 16:00:47,afternoon,2,0,1,long,high,Brandon,Restaurants,2,1,0
cIVmIJD7nIiEcVGamfBoVw,c8rjE6NcfeyzLB_aU1GdMA,3.0,2014-08-13 18:07:32,afternoon,2,0,1,long,high,Philadelphia,Nightlife,2,1,0
M4yFvtrNL-zuK7UXlREUCg,hRPH-pAQmxSiyyxTfljusA,4.0,2014-08-13 20:09:34,evening,2,0,1,long,high,Saint Louis,Dive Bars,1,1,1
WBlAiBpB9kMG2YbO7ngYvg,EtKSTHV5Qx_Q7Aur9o4kQQ,3.0,2014-08-13 20:17:22,evening,2,0,0,medium,high,Philadelphia,Bars,2,1,1
M4yFvtrNL-zuK7UXlREUCg,1skzWN0fxGgZNRE53Y_3gw,4.0,2014-08-13 20:47:19,evening,2,0,1,long,high,Saint Louis,Breweries,2,0,0
rTKK_-3W3gIQEohj0QSFWA,-yCrdNTk4RzUax2FJusa5g,3.0,2014-08-13 21:03:13,evening,2,0,1,long,high,Saint Louis,Asian Fusion,2,1,0
gRL9s6ENxV1qermRYDWjPQ,COclRBaXBjYpomS4syUmvg,4.0,2014-08-14 02:45:06,night,3,0,1,long,high,Indianapolis,Restaurants,1,0,1
e7MEzEQMjqNPZfYthZKhwg,V8H6z5ulGJEkaFUyRfmLKw,2.0,2014-08-14 03:04:45,night,3,0,1,medium,high,Madeira Beach,Seafood,2,1,1
ouODopBKF3AqfCkuQEnrDg,9gObo5ltOMo6UgsaXaHPWA,4.0,2014-08-14 05:22:18,night,3,0,1,long,high,Philadelphia,American (New),3,1,0
ORloFtZj3Cul8XeBw5wa1A,IH_ZeeTh13jQURbh31d1Kw,5.0,2014-08-14 15:32:42,afternoon,3,0,1,long,high,Philadelphia,Restaurants,1,1,0
2iS1vg5TYpV_iEiNC8osTg,LrUQOSOfuus8pcCHJwaQWg,4.0,2014-08-14 17:00:55,afternoon,3,0,1,medium,high,Indianapolis,Breweries,1,0,0
6YhsP22QqgDgA8PnLigQkw,NOPk3f5TedR-fw9HO4VJlQ,3.0,2014-08-14 17:18:12,afternoon,3,0,0,long,low,Philadelphia,Food,1,1,0
rhVSH-tQW7lo55CrLqwuMg,Q-prSTdggNlxAEFV88BZOw,5.0,2014-08-14 21:37:31,evening,3,0,1,medium,high,Philadelphia,Beer,2,1,1
F76i3Syqc_jTR2m2vXGwuQ,RhuYqAT45uIR2NNdDsolXQ,2.0,2014-08-15 04:05:46,night,4,0,0,long,high,Tucson,Restaurants,1,0,0
7yuBjruAJfk0n0eTFONMSg,37BpNvlEAT6WVGsksrHbBQ,1.0,2014-08-15 05:03:23,night,4,0,1,long,high,Nashville,Sushi Bars,2,1,1
Hxx8FmhpxiugIrGRh8RDOg,0wQCEcpZ57TmTm6EmEDsIw,4.0,2014-08-15 18:48:02,afternoon,4,0,1,long,high,St Charles,Food,2,1,1
DP7ddvk4zqxdbYeHU2Qa0g,9gObo5ltOMo6UgsaXaHPWA,5.0,2014-08-15 21:51:24,evening,4,0,1,long,high,Philadelphia,American (New),3,1,0
tgkjSWCcWXAAk2DScYmQrg,iDtIMWJVIGYspg5JvJKaOw,3.0,2014-08-16 00:51:21,night,5,1,1,medium,high,Wynnewood,Food,2,1,0
I0ezkVvCcBnavJf2soWHjA,y_JZFlF-4fwSIn4RJ2vMGw,5.0,2014-08-16 03:08:49,night,5,1,1,long,high,Philadelphia,Desserts,1,0,1
8pD-h427Y_aDcPxhDR7z8g,aDSfrxqOf8lelQ9Ofqt1tA,5.0,2014-08-16 16:30:34,afternoon,5,1,1,long,high,Nashville,Food,2,0,1
wfi0T-xq_P5sKQvwQitlYg,UqXyn-KwePFVhvo1rbQVVw,3.0,2014-08-17 02:47:18,night,6,1,1,long,high,Edmonton,Breakfast & Brunch,2,1,0
5TE19zTjTIPq1HANACN7sw,r-kln94enJMMmCWmzbXO2g,4.0,2014-08-17 18:50:21,afternoon,6,1,1,medium,high,Philadelphia,Food,2,0,0
sgK8_cpe6FTk2HD0P27K0g,5iuo1kvv0XZMS0bUOoLz2Q,4.0,2014-08-17 21:03:11,evening,6,1,0,medium,high,Philadelphia,Restaurants,2,1,0
sgK8_cpe6FTk2HD0P27K0g,LdK6Tqr9-QK8eNezCUes9A,4.0,2014-08-17 21:08:50,evening,6,1,0,medium,high,Philadelphia,Sandwiches,1,0,1
_kcHxYPXRYjU4hk2xtCO0w,8uF-bhJFgT4Tn6DTb27viA,4.0,2014-08-18 02:42:32,night,0,0,1,long,high,New Orleans,Food,1,1,1
6InyxxWLYI0J9y4342o12Q,ymoEdJB5NE56sWw74uyX7A,5.0,2014-08-18 13:18:14,afternoon,0,0,1,long,high,Indianapolis,Sushi Bars,2,1,1
2dzJH4hqyRey-B_-1e6OWA,EqEcDeXqIq1YwnzHg_ZUFw,5.0,2014-08-18 19:03:45,evening,0,0,0,short,high,Tucson,Coffee & Tea,1,1,1
WBlAiBpB9kMG2YbO7ngYvg,VJEzpfLs_Jnzgqh5A_FVTg,4.0,2014-08-18 20:32:34,evening,0,0,0,medium,high,Philadelphia,Soup,2,0,1
kkPgJv6KBFN15caG7NYYlg,f06mf_7bT8FibS2UejNrfg,3.0,2014-08-20 01:07:54,night,2,0,1,medium,high,Edmonton,Food,3,0,0
M4yFvtrNL-zuK7UXlREUCg,JgTSG4rIDf20Kgp6U_asng,4.0,2014-08-23 18:34:20,afternoon,5,1,1,long,high,St. Louis,Pizza,2,1,0
5h9JA231vPilNAIjHxwGng,lj-E32x9_FA7GmUrBGBEWg,5.0,2014-08-24 19:24:26,evening,6,1,1,medium,high,St Louis,Bars,2,1,1
YlWqbKfRinSudpLlgTxKbA,idf-eiurCrbsLRcH7c9zmw,5.0,2014-08-24 20:26:07,evening,6,1,1,long,high,Indianapolis,American (New),3,1,1
lEyAWBqX2Plyz041C09P5w,IYlUaKC9nICjiWdk-ShPlg,3.0,2014-08-24 21:28:54,evening,6,1,1,medium,high,Carmel,Restaurants,2,1,1
lEyAWBqX2Plyz041C09P5w,z680Aylt8wN2KAeFM1hy-A,4.0,2014-08-24 21:34:31,evening,6,1,1,medium,high,Indianapolis,Bars,2,1,1
yR6Y6PIGwzBy2qFoL6O3BA,4-y4Jj8hNuVIFktoYnm3-Q,3.0,2014-08-24 21:45:04,evening,6,1,1,long,high,Indianapolis,Pizza,1,0,1
f0fqCwb_QAJUPm-K95Mk2g,NdqATFd0JsFzEOD8Z8pa5w,5.0,2014-08-25 00:52:32,night,0,0,1,long,high,Carmel,American (Traditional),2,1,1
_jUbHF-VQeaBgLQYmS8MuA,EjwrtCJDCZBUS_uTvpHMSw,2.0,2014-08-25 02:05:26,night,0,0,0,long,high,Blackwood,Bars,2,1,1
huHPQSQgw4kFakc0Vq7TDA,N44roXfLNkBdpINQDjEFOQ,2.0,2014-08-25 19:25:26,evening,0,0,1,long,high,Collinsville,Mexican,1,1,1
huHPQSQgw4kFakc0Vq7TDA,X7YBx8CybmIPymZ0ThCmng,4.0,2014-08-25 19:41:34,evening,0,0,1,medium,high,Saint Louis,Restaurants,2,1,1
_YBX0Fy9pI0ktOQ9RtFhAg,jPZN2irnNhZfPaFA3XayMg,4.0,2014-08-25 21:02:10,evening,0,0,1,short,high,Metairie,Middle Eastern,2,1,0
_YBX0Fy9pI0ktOQ9RtFhAg,Vnob_w_Aohf7ZDqxcJ9z2A,4.0,2014-08-25 21:08:30,evening,0,0,1,medium,high,New Orleans,Bars,2,1,0
ORloFtZj3Cul8XeBw5wa1A,RrqRin8BYGrTlJbCDwtLzA,4.0,2014-08-25 22:36:48,evening,0,0,1,long,high,Philadelphia,Delis,1,1,0
y7pQs16TZ9pZe-ILxuyL3w,ln2TenkFOODYi7AOX9we1Q,5.0,2014-08-26 01:11:36,night,1,0,1,medium,high,Tampa Bay,Restaurants,2,1,0
1KVMrASElCoqaPOBqHeY1g,FJlYldo1NcoyKMG2YKWywA,4.0,2014-08-26 14:44:49,afternoon,1,0,1,long,high,Tampa,Ethnic Food,1,0,0
6JejVLZl5M-IB3UkNTkXtQ,j8JOZvfeHEfUWq3gEz6ABQ,4.0,2014-08-26 14:57:32,afternoon,1,0,1,long,high,New Orleans,Jazz & Blues,2,1,1
sh3V6hnNMLVV9YwFA9QNaw,vje0KIiE7vtpx7JzmBx5LQ,4.0,2014-08-26 16:16:47,afternoon,1,0,1,long,high,Treasure Island,Restaurants,3,1,1
TUR21jv1-_GCwmeO3ouOBg,Mha77MN_BYGB-w7DONZ5YA,3.0,2014-08-26 16:24:21,afternoon,1,0,1,long,high,Tampa,Peruvian,1,0,0
wUTjHpPAs6EWFZtMfEQUiw,fYXCk6Usfd2wzyaBBIM4dw,4.0,2014-08-26 17:41:12,afternoon,1,0,0,medium,high,Philadelphia,Restaurants,2,1,0
vYMvOTL31e0KbTo9Hd0tjg,n5P6-HWN3kFSYBxfVfDxEg,4.0,2014-08-26 17:45:21,afternoon,1,0,1,long,high,Clearwater Beach,Hotels & Travel,2,1,1
8jjjhTDBqTsXCok4DvGHGg,wgAOla9CZxzuLMyEPvl3Ng,3.0,2014-08-26 19:08:36,evening,1,0,1,long,high,Edmonton,Restaurants,2,0,0
fo2c2mfebLM-5x0iFU3ZJA,mBcvp7NarEQEviJyRiX23Q,3.0,2014-08-26 20:50:11,evening,1,0,1,long,high,Philadelphia,Coffee & Tea,2,0,1
1bjo-xG3tKF5rQjRx5zW4Q,dERS4qwl9v-Gwft-Ug8APA,4.0,2014-08-26 23:41:18,evening,1,0,1,long,high,Jenkintown,Restaurants,2,0,1
qRVdE86xXkbroufHf2TVLA,vOgQnvKbE4nMopFTjoL8Gg,2.0,2014-08-27 01:10:43,night,2,0,0,medium,high,Nashville,Lounges,3,1,1
8ZoIRlxtj6p1gtawxt7DNA,NdqATFd0JsFzEOD8Z8pa5w,5.0,2014-08-27 15:36:45,afternoon,2,0,1,long,high,Carmel,American (Traditional),2,1,1
cMUcY6xVqnnZEEyj5YqDow,HCbJPXWXvwN-C7XfmVy3gA,5.0,2014-08-27 16:21:22,afternoon,2,0,0,medium,high,Indianapolis,Desserts,2,1,1
kkPgJv6KBFN15caG7NYYlg,jSr8KHVtQWgC_S_xNyrG5w,5.0,2014-08-27 17:07:00,afternoon,2,0,1,medium,high,Edmonton,Coffee & Tea,1,0,0
2RFyJnbJ5AHT9hQp_tMeYw,WaRZsQEcEHwRk0T2dJ-cuA,4.0,2014-08-27 17:21:16,afternoon,2,0,1,long,high,New Orleans,Mexican,2,1,1
2RFyJnbJ5AHT9hQp_tMeYw,skJ1w8B5YusIibyxH4ohxQ,4.0,2014-08-27 17:46:25,afternoon,2,0,1,medium,high,New Orleans,Active Life,2,1,1
XsnL3gdNiPRnj9svFvz-EA,GBTPC53ZrG1ZBY3DT8Mbcw,2.0,2014-08-27 18:15:47,afternoon,2,0,1,medium,high,New Orleans,German,2,1,0
ORloFtZj3Cul8XeBw5wa1A,C_EtrXTygRX5RTUOKtO6Dg,3.0,2014-08-27 20:00:53,evening,2,0,1,long,high,Philadelphia,Nightlife,2,1,1
OLGQ7alK4VKl3YdQk6UF5g,3BJxm-HnvzdwD1zjmSbmyQ,3.0,2014-08-27 20:38:51,evening,2,0,1,long,high,Philadelphia,Restaurants,1,0,0
W83aZrDrYKwycCHB_eOYYg,wFES5bGDiPANW13hNHnXOQ,5.0,2014-08-27 21:16:50,evening,2,0,1,long,high,Santa Barbara,Sushi Bars,3,1,1
p0MhNWkwOPBfRo8qUb7faw,CPPOKMjjE3-au0BWdbC95Q,5.0,2014-08-27 21:42:26,evening,2,0,0,medium,high,Reno,Latin American,1,1,1
AvGJVv7Z3a0q1MJT1Ykd0w,ioAcpe5KRvacB2lna-wdaw,4.0,2014-08-27 22:07:34,evening,2,0,1,long,high,Ardmore,Restaurants,2,0,1
bo4WKYqBoT0Cc23epTo8pA,Tqt99-TsbRT4bmsXHyA1lA,5.0,2014-08-28 18:52:09,afternoon,3,0,1,long,high,Edmonton,Restaurants,3,1,1
m2659DYVbxLRxbqe4MKNZg,J2Jl-zmU7bjKsc9JZ65c-Q,5.0,2014-08-28 19:20:59,evening,3,0,0,medium,high,Jenkintown,Coffee & Tea,1,0,1
ORloFtZj3Cul8XeBw5wa1A,sdWuLh-auc0nC2Jy6_26AQ,4.0,2014-08-28 21:44:40,evening,3,0,1,long,high,Philadelphia,Bars,2,1,0
TlCZZbzVb67vGWWrUNBBVQ,FHNIvNgh3fS7VZQq2Y3dsA,5.0,2014-08-29 02:27:27,night,4,0,0,medium,high,Philadelphia,Asian Fusion,2,1,0
0Igx-a1wAstiBDerGxXk2A,t5Ca7rn3NsjfZcpfbhRZKA,5.0,2014-08-29 04:08:20,night,4,0,1,long,high,New Orleans,Acai Bowls,1,0,0
I2XpWCHAom1JRyHXZQrnfg,1Efad30BdOeqqjX2d6P4sw,5.0,2014-08-29 16:05:01,afternoon,4,0,1,long,high,Palm Harbor,Vegan,2,1,0
oAhoFRRKomodbIx8jtKmKA,ubIwwAx-JxZmgSoJgW_0og,4.0,2014-08-29 18:49:49,afternoon,4,0,1,medium,high,Tampa,Food,2,1,1
AUI-wWC12oaeQja9BiGwRQ,IYzBKfT_JolGL-MA4STQYA,3.0,2014-08-29 19:03:11,evening,4,0,0,medium,high,Saint Louis,American (Traditional),2,1,1
eTvp_hYnsrI5-ow_sQ31_g,tEo47ZH3WGeZstWpZp6bfA,4.0,2014-08-29 23:01:31,evening,4,0,1,long,high,Creve Coeur,Sandwiches,2,0,1
FUUEU3ZN5cL1nNNR2AYZuw,u7_3L1NBWgxhBM_B-cmmnA,3.0,2014-08-30 01:52:02,night,5,1,1,long,high,Philadelphia,Italian,2,1,1
IpLRJY4CP3fXtlEd8Y4GFQ,tYCok-NtWvg8_k7woeB83w,4.0,2014-08-30 13:10:12,afternoon,5,1,1,medium,high,Cherry Hill,Desserts,2,1,1
M2NS_aQbMY2apoYjTlOCng,YSJZZ1_8uHIIV4w44RSllA,4.0,2014-08-30 22:52:22,evening,5,1,1,long,high,Meridian,Restaurants,2,1,1
FqYiCra6wbBpN_jTWpaOAg,gCcJTKC40CL0XtYYGfcXDw,5.0,2014-09-01 12:59:41,morning,0,0,1,medium,high,Philadelphia,Juice Bars & Smoothies,1,0,1
Dewn3eFhrFQCDTFu__Pp5A,EtKSTHV5Qx_Q7Aur9o4kQQ,4.0,2014-09-01 14:47:19,afternoon,0,0,1,long,high,Philadelphia,Bars,2,1,1
0s4zhb05z65FSco0i12SxA,gABEjWGwhojrub_tXqE2uw,5.0,2014-09-01 21:05:27,evening,0,0,1,medium,high,Chesterfield,American (New),1,0,0
d9cpPrIfozQ2nIniIZ4F6A,JakK5CvB7qYMEGqbuNh5fg,5.0,2014-09-09 20:59:18,evening,1,0,1,long,high,Smyrna,Fashion,2,0,0
ORloFtZj3Cul8XeBw5wa1A,NBlB85ch_WCxYJ4fPWHxJA,4.0,2014-09-10 01:23:54,night,2,0,1,long,high,Philadelphia,Mexican,1,0,0
-xTAmslBDE_mq-6Kbxieag,7yPzOek7Af2dKWGYKpcHWA,4.0,2014-09-10 01:55:08,night,2,0,1,medium,high,Philadelphia,Restaurants,2,0,0
5h9JA231vPilNAIjHxwGng,u7_3L1NBWgxhBM_B-cmmnA,4.0,2014-09-10 04:57:33,night,2,0,1,medium,high,Philadelphia,Italian,2,1,1
8bZ9QiMWMpAka36qHh2OSg,3_y-iyx2kXmhdgVOZHvm4g,3.0,2014-09-10 06:31:54,night,2,0,1,medium,high,Yardley,Grocery,3,0,0
Qr1US2rXFhMx5BxriB5Ffw,VfgEzpaIHpq4sR2s2P6o5w,5.0,2014-09-10 15:14:57,afternoon,2,0,1,long,high,New Orleans,Restaurants,2,0,1
qjfMBIZpQT9DDtw_BWCopQ,WoFttPbJRti49sXBgOeIBQ,3.0,2014-09-10 15:26:28,afternoon,2,0,1,long,high,Wesley Chapel,Bars,2,1,1
3MpDvy5gEdsbZh9-p92dHg,AL3_t23te70PJpXklfw_HA,4.0,2014-09-10 16:23:07,afternoon,2,0,1,long,high,Nashville,American (New),2,0,0
VFRIv3-_Og34wZyy-LigQQ,Z5po0aTuzKKblek5y6Sp8Q,4.0,2014-09-10 16:42:12,afternoon,2,0,1,medium,high,Philadelphia,Food,2,0,0
xttYXDJT9JokoiSTpirmjQ,pj2A1tMl-p2ozYHS6FvHJQ,5.0,2014-09-10 16:50:08,afternoon,2,0,1,medium,high,Indianapolis,Coffee & Tea,1,0,0
a_-cGctRb1Tjzkzw8Hp3_Q,sgKIKeFXSUHLeOcX1q8nQg,2.0,2014-09-10 17:47:22,afternoon,2,0,1,long,high,Tampa,Food,2,0,1
9-z8DCVGGVhgwU-etc4zIA,mUIBtlWNPD7sz3rGGWQ1RA,3.0,2014-09-10 19:08:39,evening,2,0,1,long,high,Philadelphia,Mediterranean,2,0,1
eZ8PQPFuR8yfwQOU9IANGw,hYonVJe6xzVBHHT2FLo4zg,4.0,2014-09-10 19:19:57,evening,2,0,1,long,high,Nashville,Restaurants,2,1,1
X2rr5TpdvVXLV3ak82WwJA,g8ZqVCalVp-PsOqyS4dXGw,4.0,2014-09-10 20:42:43,evening,2,0,0,medium,high,Media,Restaurants,2,0,0
X2rr5TpdvVXLV3ak82WwJA,fnO03-RX7UDC1TzXETWEsQ,1.0,2014-09-10 20:50:36,evening,2,0,0,long,high,Media,Restaurants,2,1,1
KXX_KFF_TS2cKrg2_2RfSA,vh6YOciEM3M4zi2FGp-b5Q,4.0,2014-09-11 00:01:30,night,3,0,1,long,high,Saint Louis,Asian Fusion,2,1,1
1bjo-xG3tKF5rQjRx5zW4Q,8KU5lsg69OIbpGUBmt43AQ,4.0,2014-09-11 00:55:58,night,3,0,1,long,high,Feasterville Trevose,Restaurants,1,0,1
zyvxtbh5eJ86bVgk52Yflg,pNu5bd9aL3jcJClfdQ86MQ,3.0,2014-09-11 01:20:23,night,3,0,1,long,high,St Louis,Mediterranean,2,1,1
ivW0Vad81qJ8SIgqJ8p1Mw,9sdu-m075T6qdB46wXP46w,4.0,2014-09-11 12:44:06,morning,3,0,1,medium,high,Nashville,Food,1,0,1
HxyLRaoH9PS09M6R3rV-EQ,LnZvGYbqozanOSevcftnrw,4.0,2014-09-11 13:49:11,afternoon,3,0,1,medium,high,Philadelphia,Sandwiches,2,0,0
WY7B-CBeLbjjDBr73l4k-A,7yPzOek7Af2dKWGYKpcHWA,5.0,2014-09-11 16:58:24,afternoon,3,0,0,long,high,Philadelphia,Restaurants,2,0,0
vHc-UrI9yfL_pnnc6nJtyQ,J5-Y4ujpElrzPGJLYJ4tEg,4.0,2014-09-11 17:34:05,afternoon,3,0,1,long,high,Reno,Restaurants,2,1,0
UYU71DRx-UDAee-eFOFfWw,CAQFxeImeXVWnlBL4BzZwQ,4.0,2014-09-11 18:18:24,afternoon,3,0,1,long,high,Cherry Hill,Italian,2,0,1
0-hb63A9uWjR1YIyVMu6rg,35GCFtezJ3upyqGf-zJ8MA,5.0,2014-09-11 21:08:28,evening,3,0,1,long,high,St. Petersburg,Food,2,1,0
zXDTY5YUxMTzuUYHNabmQQ,PxEiXqMAzzvp8GFlb5EoLg,4.0,2014-09-11 23:15:44,evening,3,0,1,long,high,Philadelphia,Restaurants,2,1,1
vffKQc_WQMYFGY4JS5VAOw,oJRjeio1OBablDFr--__Xg,4.0,2014-09-12 00:33:57,night,4,0,1,long,high,Tampa,Food,1,1,0
6yMeRe_UQMfN1ukGRYhQsA,7lwe7n-Yc-V9E_HfLAeylg,3.0,2014-09-12 01:15:53,night,4,0,1,long,high,Philadelphia,Restaurants,2,1,1
32bzjxbJCYM61y6sbA7rxA,bdfZdB2MTXlT6-RBjSIpQg,2.0,2014-09-12 03:43:20,night,4,0,0,medium,high,Isla Vista,Food,1,0,1
lEyAWBqX2Plyz041C09P5w,W4rgF_1eKzFZiGUOsgbGMA,3.0,2014-09-12 13:03:45,afternoon,4,0,1,medium,high,Carmel,Pakistani,2,1,0
6Yy4vdVpfmy19SigDdVZtA,i2qrXvLkhyG4xyRI-ddcZA,1.0,2014-09-12 13:59:59,afternoon,4,0,1,long,high,Newark,Event Planning & Services,1,0,0
tBXZIkcFCSgtbnjSDREgpw,7kv0_b00dLOqKxaHb7Xfeg,5.0,2014-09-12 14:39:00,afternoon,4,0,1,long,high,Indianapolis,Food,1,0,1
AHRrG3T1gJpHvtpZ-K0G_g,j3E_vGw47XpiEgTr-KiJUg,4.0,2014-09-12 14:51:41,afternoon,4,0,1,long,high,Saint Louis,Bakeries,1,0,0
FlXBpK_YZxLo27jcMdII1w,9EgoCSRFfXUEGiJWFQLJ1w,5.0,2014-09-12 15:21:08,afternoon,4,0,1,long,high,Philadelphia,Beer,2,0,0
B4TOHqJvwqYS5F4rRkTQ7Q,bMratNjTG5ZFEA6hVyr-xQ,5.0,2014-09-12 16:49:18,afternoon,4,0,0,medium,high,Eddystone,Restaurants,2,0,1
NuDamcRGX6GhFB4EHCAEsA,UCMSWPqzXjd7QHq7v8PJjQ,4.0,2014-09-12 17:24:36,afternoon,4,0,0,medium,high,Tucson,Restaurants,2,1,1
tqDxGR6FRIGcnIhpA8e4_Q,VF2PtrstMeasOK_4d4VHVA,5.0,2014-09-12 17:37:39,afternoon,4,0,0,long,high,Tucson,Restaurants,1,0,0
d0FbFaZuJWfai0RYsUS7qw,2er_V-oAd7IbQ5YTY56r7A,4.0,2014-09-12 18:25:28,afternoon,4,0,1,long,high,Philadelphia,Restaurants,2,1,1
8pD-h427Y_aDcPxhDR7z8g,1Pxg1AMf0rEn9QF__ZYoWw,4.0,2014-09-12 22:31:26,evening,4,0,1,medium,high,Nashville,Japanese,2,1,0
Um5bfs5DH6eizgjH3xZsvg,Q4q9xFDxErreYTMrRshP_Q,4.0,2014-09-12 23:08:00,evening,4,0,1,long,high,Clearwater,Restaurants,1,1,1
5MYa3BbBU359oqcEYwY94w,TghRoAMx43V-9l7mH-SENg,4.0,2014-09-13 00:34:54,night,5,1,1,short,high,Clearwater Beach,Food,2,1,1
Ff_kwM1B9CyOZCMK_1rOHg,PxEiXqMAzzvp8GFlb5EoLg,4.0,2014-09-13 01:20:42,night,5,1,1,long,high,Philadelphia,Restaurants,2,1,1
sG9dTFp2WwWbRJVjj5gH2w,IS0B5nLJPluVT8NwGgospA,1.0,2014-09-13 02:58:17,night,5,1,1,long,high,Fairview Heights,Comfort Food,2,1,0
eVWgnIaMMelbcIzydSqWMA,FHNIvNgh3fS7VZQq2Y3dsA,4.0,2014-09-13 15:07:15,afternoon,5,1,1,long,high,Philadelphia,Asian Fusion,2,1,0
LO_YM_4kdAkRgf2wz1Kacw,pym7c6ZFEtmoH16xN2ApBg,5.0,2014-09-13 15:49:34,afternoon,5,1,1,medium,high,New Orleans,Restaurants,2,1,1
LO_YM_4kdAkRgf2wz1Kacw,GBTPC53ZrG1ZBY3DT8Mbcw,3.0,2014-09-13 16:43:14,afternoon,5,1,1,medium,high,New Orleans,German,2,1,0
C8_FxXNSuXxSX9z1FRWUxw,IYlUaKC9nICjiWdk-ShPlg,5.0,2014-09-13 17:23:58,afternoon,5,1,1,medium,high,Carmel,Restaurants,2,1,1
eTvp_hYnsrI5-ow_sQ31_g,Uy0r4bzRmY5LFtDfzNgkag,4.0,2014-09-13 17:55:24,afternoon,5,1,1,long,high,University City,Mexican,2,1,0
fo2c2mfebLM-5x0iFU3ZJA,Dv6RfXLYe1atjgz3Xf4GGw,2.0,2014-09-13 18:54:53,afternoon,5,1,1,long,high,Philadelphia,Burgers,2,0,1
LO_YM_4kdAkRgf2wz1Kacw,vN6v8m4DO45Z4pp8yxxF_w,4.0,2014-09-13 19:11:50,evening,5,1,1,medium,high,New Orleans,Vegetarian,2,1,0
2a9uyq3zsX5RIxG_jtpM4Q,vSQPjQYfMDBRS3bQ15zlGA,4.0,2014-09-13 21:25:34,evening,5,1,1,long,high,Ardmore,Restaurants,2,0,0
USD9k93iOIB88v93B5iBcw,7mpYTDb24SywNMRn3yeakQ,4.0,2014-09-14 14:57:16,afternoon,6,1,1,long,high,Philadelphia,Event Planning & Services,2,1,1
xC-q_yh0XwcjRLimkS3RNg,pPFv6CTFK5i8FNj8f3_pVg,4.0,2014-09-14 17:08:25,afternoon,6,1,1,long,high,Edmonton,Restaurants,2,1,0
R-c5M0iJkMxxTxIqTQQZ8w,bkVWDM_f-VJplSbUP_6urg,4.0,2014-09-14 20:41:02,evening,6,1,0,long,high,Edmonton,German,2,1,0
cZA_G7kIkyIrR15EKXoVFw,zDEzXNbn84HD0lR0KD0seg,4.0,2014-09-14 21:03:32,evening,6,1,0,long,high,Drexel Hill,Restaurants,2,0,0
o0emAbW2Z9MnyGxBUzH2ZA,tFpstYqxugKHzeyNUsuD_A,4.0,2014-09-14 21:59:45,evening,6,1,1,medium,high,Carmel,American (Traditional),2,1,1
w4BiBncdzxNed_PLV-b1VQ,vh6YOciEM3M4zi2FGp-b5Q,3.0,2014-09-14 22:04:30,evening,6,1,1,long,high,Saint Louis,Asian Fusion,2,1,1
mzXDuhZBPdHfMIk1YXP0mQ,7yPzOek7Af2dKWGYKpcHWA,4.0,2014-09-15 05:21:33,night,0,0,0,long,high,Philadelphia,Restaurants,2,0,0
_wsoGbLalsSaZlfxUiWuCQ,vgZwA2X7X5oGcui9BDBgbw,5.0,2014-09-15 16:43:02,afternoon,0,0,1,medium,high,Nolensville,Bakeries,1,0,1
Rvf4alwYpKnoe73PdCvNSg,pjb3xGA9ccjl49B5ERH46w,4.0,2014-09-15 17:18:40,afternoon,0,0,0,long,high,Largo,Restaurants,2,1,0
VFRIv3-_Og34wZyy-LigQQ,sdWuLh-auc0nC2Jy6_26AQ,3.0,2014-09-15 17:51:51,afternoon,0,0,1,medium,high,Philadelphia,Bars,2,1,0
a_-cGctRb1Tjzkzw8Hp3_Q,5xokROlB8Zo5T-_qbHzsrQ,5.0,2014-09-16 01:35:51,night,1,0,1,long,high,Tampa,Food,2,1,1
btSaJqMiUwMemMZ1AhCe3Q,1_hDCN3iioFR3XnUr32ZtA,3.0,2014-09-16 13:56:09,afternoon,1,0,1,long,high,Saint Petersburg,Fast Food,1,1,1
mg_CnvJFP2vu3PaSRzTrxA,Vj_72qKqpL10ECZfbHDyBw,5.0,2014-09-25 16:50:44,afternoon,3,0,1,long,high,Indianapolis,Food,1,0,1
8_IQn0jNOWiJjFL_S_IJwg,JgTSG4rIDf20Kgp6U_asng,4.0,2014-09-25 19:13:10,evening,3,0,0,long,low,St. Louis,Pizza,2,1,0
8_IQn0jNOWiJjFL_S_IJwg,_aKr7POnacW_VizRKBpCiA,5.0,2014-09-25 19:31:26,evening,3,0,0,long,low,Saint Louis,Delis,1,1,0
HW-QgyCq4DzUQCFRaYn6Fg,2dlQX5sP9X6Dlm1MmNOlSw,4.0,2014-09-25 20:08:09,evening,3,0,1,medium,high,Philadelphia,Food,1,0,1
Js4nQlGRjS1Bd5vsAQQfgA,2er_V-oAd7IbQ5YTY56r7A,5.0,2014-09-26 01:32:21,night,4,0,1,long,high,Philadelphia,Restaurants,2,1,1
eyvhQWSbb7vLGCxQn3WGxg,llYsxQ0IuKh0HXULlqu6fw,5.0,2014-09-26 06:06:46,night,4,0,1,medium,high,Tampa,Filipino,2,0,0
dMBzfEZVid6__5D4D5IgBw,EtKSTHV5Qx_Q7Aur9o4kQQ,4.0,2014-09-26 10:50:59,morning,4,0,0,medium,high,Philadelphia,Bars,2,1,1
0V9kMR2AGljsoMQR_JgpZQ,sDbsELyAdRlpAs8vpQeKWQ,3.0,2014-09-26 16:09:08,afternoon,4,0,0,medium,high,Land O' Lakes,Chicken Wings,1,1,0
1KVMrASElCoqaPOBqHeY1g,sDbsELyAdRlpAs8vpQeKWQ,4.0,2014-09-26 16:11:39,afternoon,4,0,1,medium,high,Land O' Lakes,Chicken Wings,1,1,0
tBXZIkcFCSgtbnjSDREgpw,Gf1EboxqdJ9SPsVJur93Cw,3.0,2014-09-26 16:36:43,afternoon,4,0,1,long,high,Indianapolis,Fast Food,1,1,0
ja7uhtXlvzRzFE7JizROUQ,O8YYh_b4hf82C4DAeBhmeQ,5.0,2014-09-26 17:15:55,afternoon,4,0,1,long,high,Havertown,Food,2,0,0
4_OVSuZ8N8gqyHQjV7W8Bg,L7i_5DydYEKwPLfcDBRYDA,4.0,2014-09-26 20:55:33,evening,4,0,1,medium,high,Voorhees,Mexican,1,1,1
4_OVSuZ8N8gqyHQjV7W8Bg,Hr2uEAG9O2q0nDwEs4cExg,3.0,2014-09-26 21:25:45,evening,4,0,1,medium,high,Cherry Hill,Restaurants,2,1,0
Uv5UYI6aPzJG5OkeRtd4vg,-b7A7e2zh3CDTpgChRoRKw,3.0,2014-09-27 01:13:41,night,5,1,1,medium,high,Tampa,Restaurants,2,1,0
0Igx-a1wAstiBDerGxXk2A,0yGH62WGQy_W3JoR6L5Kew,4.0,2014-09-27 02:40:47,night,5,1,1,long,high,New Orleans,Ice Cream & Frozen Yogurt,1,0,0
zyvxtbh5eJ86bVgk52Yflg,33JlrWf0kmHd2VzW58Wp0g,2.0,2014-09-27 03:44:04,night,5,1,1,long,high,Saint Louis,Bars,2,1,1
nC9V777rlZbKWm3m0QlXYg,yLIn3po-fKb0T3UIoJdiyQ,4.0,2014-09-27 13:42:34,afternoon,5,1,0,long,high,Edmonton,Italian,2,1,1
pkmzFPcVsM5I_fdKDQkufA,dSPA4yql9vUwnYRxHiVtHA,2.0,2014-09-27 15:13:33,afternoon,5,1,1,long,high,Philadelphia,Sushi Bars,2,0,1
3KSZIUQjmcwn3IqmZEABdQ,_yjIYejZP1S-6g554Fwydg,5.0,2014-09-27 15:41:04,afternoon,5,1,0,long,high,Safety Harbor,Greek,1,0,1
DGXsw5J0iLQyiTGeRJeB2w,eaDZlSuVS0EY67Ke6pRP6Q,4.0,2014-09-27 17:01:52,afternoon,5,1,0,medium,low,Philadelphia,Malaysian,2,1,0
SUAFCKtkx8RrQ6EgJQIVrw,vN6v8m4DO45Z4pp8yxxF_w,4.0,2014-09-27 20:11:05,evening,5,1,1,long,high,New Orleans,Vegetarian,2,1,0
Sz8Og_uKzfPnElZetadDZQ,gqMRM12j5mder76t3bPxJw,4.0,2014-09-27 20:56:07,evening,5,1,1,long,high,Nashville,Chicken Wings,2,1,0
0sAUF_yzU7nlac8Hg-FUvg,WHkMM8OCQhZMsSPnwItsKg,1.0,2014-09-28 03:14:18,night,6,1,1,long,high,Tarpon Springs,Hot Dogs,1,1,1
qT2W8QV0YuuUy8tUXZ8jeg,krIXxF3-vdrnDqtaMv-5zw,5.0,2014-09-28 14:16:04,afternoon,6,1,0,long,high,Ardmore,Indian,2,0,0
4381-bSqHKt_tF5PQH2epQ,9ouyziwYpSvJzlLFpukSgA,4.0,2014-09-28 14:28:53,afternoon,6,1,1,medium,high,Pinellas Park,Mexican,1,1,1
5eiLUiKhnbVteCkqKGYl8Q,2dlQX5sP9X6Dlm1MmNOlSw,5.0,2014-09-28 17:07:59,afternoon,6,1,1,medium,high,Philadelphia,Food,1,0,1
h3KpLypa9SZEw2ydFNC19Q,sGbjViru0iJfxH5cBpMeHQ,2.0,2014-09-28 18:49:29,afternoon,6,1,1,long,high,New Orleans,Vietnamese,2,1,0
h3KpLypa9SZEw2ydFNC19Q,YyJ781Cb4ZUlZv35BoBhMw,4.0,2014-09-28 19:00:45,evening,6,1,1,long,high,Harvey,Sporting Goods,2,0,0
HBLDsdGpWd13cnu6hoeR5w,joeRm-_7T0XTkMdKo2nbaA,3.0,2014-09-28 20:19:46,evening,6,1,1,medium,high,Wayne,Restaurants,1,0,1
qjfMBIZpQT9DDtw_BWCopQ,L-YdO_NODKXXT3bkS0nUpg,5.0,2014-09-28 20:36:06,evening,6,1,1,long,high,Saint Pete Beach,American (Traditional),2,1,1
BnBQ0UU9uSiI_0cbCZ4lsw,nRKndeZLQ3eDL10UMwS2rQ,5.0,2014-09-28 20:41:26,evening,6,1,1,medium,high,Saint Louis,Ice Cream & Frozen Yogurt,1,0,0
r3QexFIhBXBT99canAgVEg,6wU-38iNIVOOX0AFhUYsLQ,4.0,2014-09-28 22:31:49,evening,6,1,1,long,high,Edmonton,Organic Stores,2,0,1
m8Ih1xhlGDcw9O59dj4jVA,6USj3cqHAf2HkjBNomafRA,4.0,2014-09-28 22:57:33,evening,6,1,1,long,high,Nashville,Asian Fusion,1,1,1
_BcWyKQL16ndpBdggh2kNA,eRr4HzKYnT4ByWTIMeAciQ,4.0,2014-09-28 23:10:12,evening,6,1,1,long,high,Glen Mills,Food,3,0,0
_3nzCdwExy2AneQ8itz4Yg,AzseSGgDC6bVtMPEYo1CNQ,5.0,2014-09-29 00:06:24,night,0,0,1,medium,high,New Orleans,Food,2,0,0
EDP-WIrKO3JP6PKu5hrMEg,FHNIvNgh3fS7VZQq2Y3dsA,5.0,2014-09-29 01:36:36,night,0,0,0,long,high,Philadelphia,Asian Fusion,2,1,0
OmL2bjLvvRxg1brM5Pehgw,NVN_23yYJDf_RAinqFICDA,4.0,2014-09-29 12:30:27,morning,0,0,1,long,high,Philadelphia,Hot Dogs,1,0,0
fdFgZQQYQJeEAshH4lxSfQ,otQS34_MymijPTdNBoBdCw,2.0,2014-09-29 14:14:28,afternoon,0,0,1,long,high,Tucson,Restaurants,2,1,1
ZD-jYEYc9ql5D4szAxmvNA,msHYY8zS_8D3_BJitdGdmA,4.0,2014-09-29 16:43:34,afternoon,0,0,0,medium,high,Saint Louis,Asian Fusion,1,0,1
oF20BNxcphfedn93Nfwd9w,bfY9Z5zOihXRrR2aqVqHXQ,4.0,2014-09-29 18:58:09,afternoon,0,0,1,long,high,Brentwood,Drugstores,2,0,0
oF20BNxcphfedn93Nfwd9w,qhsJbgxVNDb0973r3Gjrow,5.0,2014-09-29 19:20:25,evening,0,0,1,long,high,Webster Groves,Nightlife,2,1,1
njJjEOLRTo03Fwp4jg_Jpg,iCKF72z3fqRTF1vxdBZINQ,5.0,2014-09-29 19:50:43,evening,0,0,1,medium,high,Nashville,American (Traditional),2,1,1
ORloFtZj3Cul8XeBw5wa1A,NeY1bH6IKJxnn4YAixibsQ,4.0,2014-09-29 21:04:29,evening,0,0,1,long,high,Philadelphia,Coffee & Tea,1,0,1
ORloFtZj3Cul8XeBw5wa1A,LnZvGYbqozanOSevcftnrw,3.0,2014-09-29 21:08:53,evening,0,0,1,long,high,Philadelphia,Sandwiches,2,0,0
sh3V6hnNMLVV9YwFA9QNaw,7YhxsxMgrYJsu71nadfuTQ,4.0,2014-09-29 21:58:48,evening,0,0,1,long,high,Pinellas Park,Restaurants,2,1,0
Unk0vlfw3QrPrslXnXWSSw,v5kwdvmg-J8g-ll0nkc3Sw,5.0,2014-09-30 01:13:54,night,1,0,1,medium,high,Indianapolis,Restaurants,2,1,1
lAW03ccfMEuRZiDqvVgc0w,ZznSNkRERGH8l-wSFJKsEA,3.0,2014-09-30 01:59:00,night,1,0,1,medium,high,Edmonton,Fast Food,1,0,1
eyvhQWSbb7vLGCxQn3WGxg,Jx2AoB_IQOUrZ3s6fdAUSA,5.0,2014-09-30 04:43:57,night,1,0,1,medium,high,Tampa,Coffee & Tea,1,1,1
eyvhQWSbb7vLGCxQn3WGxg,oRZzKWdyMQld6N_y4UWkAg,4.0,2014-09-30 04:48:16,night,1,0,1,long,high,Tampa,Latin American,2,1,0
eyvhQWSbb7vLGCxQn3WGxg,QHzOlsTXfspSOMJ5SCxeCQ,5.0,2014-09-30 04:52:13,night,1,0,1,medium,high,Tampa,Barbeque,1,1,0
eyvhQWSbb7vLGCxQn3WGxg,P08EbPAfAJ_wbJu9CDPZAg,5.0,2014-09-30 04:54:35,night,1,0,1,medium,high,Tampa,Breakfast & Brunch,1,0,0
_BcWyKQL16ndpBdggh2kNA,kbFwcVMsHlNNXGWRZpEYhg,3.0,2014-09-30 10:33:22,morning,1,0,1,medium,high,Aston,Restaurants,1,0,0
V1rial53zLecglzJl9cIMA,Yv9KUZ-N3otoKUtToPPxAg,4.0,2014-09-30 14:07:13,afternoon,1,0,1,long,high,Doylestown,Breakfast & Brunch,2,1,1
Z-ee4V5_ZFsI2ltccSpqyw,J_195G8K_MziKZEXj7Nxdw,5.0,2014-09-30 16:05:34,afternoon,1,0,1,long,high,Saint Louis,Food,1,0,0
NMVURT96-Dbtq0q0ocO7ZQ,hmmiyt6KljD5G3a861qsKw,4.0,2014-09-30 19:52:30,evening,1,0,1,long,high,Nashville,Ethnic Food,1,0,0
46Wi08T5D3phf3SMgi7U3w,Xd8wTHTsd5uXdDJDXlxY5w,4.0,2014-09-30 22:19:35,evening,1,0,1,long,high,Blackwood,Burgers,2,0,0
daBNJmXVo5LwmL5zTqf6Mw,uI9XODGY_2_ieTE6xJ0myw,5.0,2014-09-30 23:20:37,evening,1,0,0,medium,high,Tampa,Restaurants,2,1,1
4JJfd85Bxt9whgLjzJfzTw,vLwlU-_WAZfC-6VIdIK12w,3.0,2014-10-01 01:09:23,night,2,0,1,short,high,Palm Harbor,Food,1,0,0
K17847uudqPFPIjSPgxs2A,BWITd9JUXP3gSi1z3Y-z8g,4.0,2014-10-01 01:18:49,night,2,0,1,long,high,Philadelphia,Italian,2,1,1
ktm2YMsb65tRnePcYpVlqg,FBBeJO50xZiNIo3oFhAFRA,5.0,2014-10-01 03:31:36,night,2,0,1,long,high,Indianapolis,Arts & Entertainment,2,0,0
CaVEy7kpASLwNBGymLwhgw,QcuTCSfnI6WqKpuDL_a0OA,5.0,2014-10-01 10:13:58,morning,2,0,1,long,high,St. Petersburg,Food,2,0,0
Nxr5C4m0edwetAeRUacP6A,Q4q9xFDxErreYTMrRshP_Q,4.0,2014-10-01 16:41:07,afternoon,2,0,1,long,high,Clearwater,Restaurants,1,1,1
56EIJcxLHYDSxIBygJEApQ,M0r9lUn2gLFYgIwIfG8-bQ,5.0,2014-10-01 17:55:44,afternoon,2,0,1,long,high,Saint Louis,Ice Cream & Frozen Yogurt,2,1,0
8YwDTep-Z_4Jk47A4NqS5w,otQS34_MymijPTdNBoBdCw,5.0,2014-10-02 15:14:26,afternoon,3,0,0,short,high,Tucson,Restaurants,2,1,1
b3bTU1phXWm6WYV8NpWnnA,VRGYwKE_Z77frm5NwLvJhw,5.0,2014-10-02 22:14:01,evening,3,0,1,medium,high,Nashville,Bars,2,1,0
7nq09jiKpW9xw9J9iKUbpg,QWqKTWQ2OiDgo3dzNkpung,5.0,2014-10-03 00:31:48,night,4,0,1,long,high,Philadelphia,Korean,2,0,0
8TQ4QWrbS6nKvQAjvQMbug,V9XlikTxq0My4gE8LULsjw,1.0,2014-10-04 05:24:05,night,5,1,1,long,high,Tucson,Restaurants,2,1,1
C8_FxXNSuXxSX9z1FRWUxw,NdqATFd0JsFzEOD8Z8pa5w,3.0,2014-10-04 13:53:32,afternoon,5,1,1,long,high,Carmel,American (Traditional),2,1,1
_3nzCdwExy2AneQ8itz4Yg,REns5fQe45Nk_D2UwQyr0w,5.0,2014-10-04 16:56:49,afternoon,5,1,1,medium,high,Philadelphia,Restaurants,2,1,1
P2FNLDMpSpdo92ydQlw7-g,UCMSWPqzXjd7QHq7v8PJjQ,4.0,2014-10-05 16:22:35,afternoon,6,1,1,long,high,Tucson,Restaurants,2,1,1
8YwDTep-Z_4Jk47A4NqS5w,EqEcDeXqIq1YwnzHg_ZUFw,5.0,2014-10-05 19:20:29,evening,6,1,0,short,high,Tucson,Coffee & Tea,1,1,1
ESlbhXivKfrymFf-0saA7w,OINbC0rpDVJ5bfxt3LO9fw,3.0,2014-10-11 03:34:12,night,5,1,1,medium,high,New Orleans,Restaurants,2,0,1
5eiLUiKhnbVteCkqKGYl8Q,LnZvGYbqozanOSevcftnrw,4.0,2014-10-11 14:13:01,afternoon,5,1,1,medium,high,Philadelphia,Sandwiches,2,0,0
ow1YVonkr8G-8kFUKo-bJg,UCMSWPqzXjd7QHq7v8PJjQ,3.0,2014-10-11 18:46:14,afternoon,5,1,1,long,high,Tucson,Restaurants,2,1,1
8_IQn0jNOWiJjFL_S_IJwg,nX2105_S9lUhB5rbhC2n2w,5.0,2014-10-11 19:55:02,evening,5,1,0,long,low,Saint Louis,Donuts,1,0,0
eTvp_hYnsrI5-ow_sQ31_g,Fbq_tc6W5uNmQNrInXpd5w,3.0,2014-10-11 21:48:01,evening,5,1,1,long,high,Ballwin,Cafes,1,0,1
a_-cGctRb1Tjzkzw8Hp3_Q,ubIwwAx-JxZmgSoJgW_0og,4.0,2014-10-11 23:56:53,evening,5,1,1,long,high,Tampa,Food,2,1,1
gRL9s6ENxV1qermRYDWjPQ,8uF-bhJFgT4Tn6DTb27viA,5.0,2014-10-12 01:10:53,night,6,1,1,medium,high,New Orleans,Food,1,1,1
12nuY5DRprBaDa9Rc4NLUw,bKgyXSQUGA8IHGt8ne5NuA,4.0,2014-10-12 01:25:33,night,6,1,1,medium,high,Reno,Restaurants,1,1,1
MfAo-QPgFrcziuygx27K5w,eFvzHawVJofxSnD7TgbZtg,4.0,2014-10-12 02:06:05,night,6,1,1,long,high,Philadelphia,Food,1,0,1
wpMvNi8YZsBDJXf0YYzxzQ,Dv6RfXLYe1atjgz3Xf4GGw,5.0,2014-10-12 06:39:52,night,6,1,1,long,high,Philadelphia,Burgers,2,0,1
wpMvNi8YZsBDJXf0YYzxzQ,eaDZlSuVS0EY67Ke6pRP6Q,5.0,2014-10-12 06:58:03,night,6,1,1,short,high,Philadelphia,Malaysian,2,1,0
vLxpEHKZFzv8LYY5eeGjTg,5RzJ2bjU8bLSaN5SuiUpYA,5.0,2014-10-12 15:11:01,afternoon,6,1,1,long,high,Indianapolis,Event Planning & Services,2,1,1
vLxpEHKZFzv8LYY5eeGjTg,7clCBgNbd-x2Wj96lZ6Mjw,4.0,2014-10-12 15:48:31,afternoon,6,1,1,long,high,Indianapolis,Food,2,1,0
-f8p-dBjGKrwVsi1sG6Sig,0z1VO3Js0NdTOKLYDa15zw,4.0,2014-10-12 17:45:57,afternoon,6,1,1,medium,high,Indianapolis,Asian Fusion,2,0,0
-f8p-dBjGKrwVsi1sG6Sig,8bkSuPXdYW58QsUEOG77HQ,1.0,2014-10-12 17:59:43,afternoon,6,1,1,long,high,Indianapolis,Italian,3,1,1
KXX_KFF_TS2cKrg2_2RfSA,M0r9lUn2gLFYgIwIfG8-bQ,3.0,2014-10-12 21:48:36,evening,6,1,1,long,high,Saint Louis,Ice Cream & Frozen Yogurt,2,1,0
P2FNLDMpSpdo92ydQlw7-g,bN7-A2GlVz2Job3frIPy9w,4.0,2014-10-12 22:31:53,evening,6,1,1,long,high,Tucson,Ice Cream & Frozen Yogurt,2,0,0
XzpJ4uHkxARCFQiZ9bffyg,976Sb-Wp6I_ztRCHPXXYgw,4.0,2014-10-13 00:45:08,night,0,0,0,medium,high,Lansdowne,Grocery,2,1,0
Ase_kJIYuT6yOsqqVPuWUA,ZNXNmJV8fXu7dv1hqXeq1Q,4.0,2014-10-13 02:51:22,night,0,0,1,long,high,New Orleans,Cajun/Creole,1,0,0
tdi88PK5-TE7ASV6dtXpjQ,PxEiXqMAzzvp8GFlb5EoLg,4.0,2014-10-13 11:39:19,morning,0,0,0,long,high,Philadelphia,Restaurants,2,1,1
W4nkFvpyl-ZP8NAQWd3-yw,cHCRC7r9irhK0dIum1zeUw,5.0,2014-10-13 13:31:15,afternoon,0,0,0,medium,high,Indianapolis,Cideries,2,1,0
9EMgczqumS10LYSbsaiKdQ,T-uphPk44OFt6sR8F-0uHA,4.0,2014-10-13 16:23:04,afternoon,0,0,1,short,high,Voorhees,American (New),2,1,1
3JUC7dFE8sKBrDrbTtSkaA,viVz0HzP-_CbU07HUCquZQ,4.0,2014-10-13 17:46:25,afternoon,0,0,1,short,high,Indianapolis,Vietnamese,1,0,0
ja7uhtXlvzRzFE7JizROUQ,jx08bYW9trXnfdw9hAEoRw,1.0,2014-10-13 18:00:57,afternoon,0,0,1,long,high,Upper Darby,Food,2,0,0
_BcWyKQL16ndpBdggh2kNA,BunQD-tnn2V4Y-Oj-7rysw,3.0,2014-10-13 19:41:38,evening,0,0,1,medium,high,Newtown Square,Food,1,0,0
y3Wtx1pOvTiqsJRkjceXiw,uE40984_YDgVvPeRpFcCaQ,5.0,2014-10-13 19:56:41,evening,0,0,1,long,high,Philadelphia,Southern,2,1,0
MMrhXC_dGJH_o-Xk0uZODQ,J55AT36H5EeJ9ey8etGjHA,2.0,2014-10-13 22:03:21,evening,0,0,1,long,high,Hermitage,Food,1,0,0
3hANLGwpP5tXgHOes2XheA,9V0LMtO1riRw9-pUuG4NFg,3.0,2014-10-13 22:15:43,evening,0,0,1,medium,high,Indianapolis,Latin American,2,1,1
p0MhNWkwOPBfRo8qUb7faw,GaktVVj3HWX0sVMlCXCWZw,4.0,2014-10-13 23:14:54,evening,0,0,0,long,high,Reno,Wine Bars,2,1,1
p0MhNWkwOPBfRo8qUb7faw,AbbIoHhBEMZndmIm07L4Og,4.0,2014-10-13 23:39:14,evening,0,0,0,long,high,Reno,Food,1,0,0
6JejVLZl5M-IB3UkNTkXtQ,_NfEP6cuFSz7bd-7OtiJ-Q,4.0,2014-10-14 02:01:42,night,1,0,1,medium,high,New Orleans,Burgers,1,0,0
NGGd_11d2RXR8wTurenLgg,nFSqTOt1LZSHQQKQsUZiKw,4.0,2014-10-14 14:20:57,afternoon,1,0,1,long,high,Ridley Park,Diners,1,0,0
sgK8_cpe6FTk2HD0P27K0g,GqUv8rF5h3ZZFfj7S9tgyQ,4.0,2014-10-14 16:55:47,afternoon,1,0,0,medium,high,Wayne,Buffets,2,0,0
sgK8_cpe6FTk2HD0P27K0g,DsKzHnkLKnxZTVsFpts4oA,3.0,2014-10-14 17:11:41,afternoon,1,0,0,medium,high,Philadelphia,Breakfast & Brunch,2,1,0
QqtSzfJdaP3FSorPORD6VA,k3sED9tpGEOtzhGxvcxTrw,4.0,2014-10-14 20:38:29,evening,1,0,0,medium,high,Metairie,Restaurants,1,1,0
o6ob4f_GwT2PRXcqW2uidQ,Bt7NBqA31uOI4H_hvasLLg,3.0,2014-10-14 22:13:33,evening,1,0,0,long,high,New Orleans,Caterers,2,1,1
nyVMucNs6I8N-COK18Ml8w,pSmOH4a3HNNpYM82J5ycLA,3.0,2014-10-14 22:33:48,evening,1,0,0,medium,high,Nashville,Restaurants,2,1,0
hwzrnwUiqJUHSN_Gmpp4pA,Z4Yfcktc-2RhNprA6l35lg,5.0,2014-10-14 23:11:57,evening,1,0,1,long,high,Sparks,Food,2,1,1
XzpJ4uHkxARCFQiZ9bffyg,Vx8lGiwyVyxGM-IEwmZIxg,3.0,2014-10-15 02:27:41,night,2,0,0,short,high,Drexel Hill,Ice Cream & Frozen Yogurt,1,0,0
RRYFQo17zogtYBbiUK4l_A,dUctvEfHQccW_uxtRup2QQ,4.0,2014-10-15 02:49:06,night,2,0,1,medium,high,Saint Petersburg,Steakhouses,2,1,0
en9InA1FGqAbbM2-KpqgBA,gC8i-lxwvGhVpOXM5eYdtA,5.0,2014-10-15 03:43:18,night,2,0,1,long,high,New Orleans,Mexican,2,0,0
tywhgQd-CMbishWP-v6W2Q,ltBBYdNzkeKdCNPDAsxwAA,3.0,2014-10-15 04:12:47,night,2,0,1,medium,high,Nashville,Cocktail Bars,2,1,0
VlWFHDz-ONz1tiWSD7obcw,RnqU698MbIjq_eZHEzYL6g,4.0,2014-10-15 18:52:45,afternoon,2,0,0,medium,low,Tampa,Seafood,1,0,0
SXeMGP5lNgc03z7cl9Xihg,mLNSOU8Ki0Fm09xd6ZKkcA,4.0,2014-10-16 02:04:08,night,3,0,1,medium,high,Tampa,Music Venues,3,1,1
Uk3X2AypU8AqvcYEVf7s6Q,MAIfD4kJDCydgoD1l2b_vw,5.0,2014-10-16 19:19:02,evening,3,0,1,long,high,Santa Barbara,Wine Bars,2,1,1
ivW0Vad81qJ8SIgqJ8p1Mw,cMBBEj2kbAnndru5Xndg1g,4.0,2014-10-16 19:53:58,evening,3,0,1,long,high,Nashville,Pizza,2,1,0
Vm0fyrUjwMTDgwqV6DhqDw,-Or44IdY51Ukd618kikmtA,5.0,2014-10-16 23:59:48,evening,3,0,1,long,high,Philadelphia,Restaurants,1,1,1
16yfdXvoj6ra0hqFjLu2cQ,uIZwBkvWicqyWraXvYOipw,5.0,2014-10-17 10:54:30,morning,4,0,0,long,high,Philadelphia,Restaurants,3,1,0
7VRCizPyyGvSNL1E_zfCzQ,gXJRJnVE1nskfEFnNwbCzA,5.0,2014-10-17 22:04:34,evening,4,0,0,long,high,Port Richey,Barbeque,2,0,1
xUKYtNL3tRf15PtJI5O3jA,nvb8SFi1-LzaQHEhUnw_7g,3.0,2014-10-18 02:00:08,night,5,1,0,medium,high,Treasure Island,Restaurants,2,1,1
4JJfd85Bxt9whgLjzJfzTw,E8GeMcCv17n30NLL7LZzog,5.0,2014-10-18 16:08:59,afternoon,5,1,1,medium,high,Dunedin,Restaurants,1,0,1
5eiLUiKhnbVteCkqKGYl8Q,mUIBtlWNPD7sz3rGGWQ1RA,4.0,2014-10-18 17:18:52,afternoon,5,1,1,long,high,Philadelphia,Mediterranean,2,0,1
wUTjHpPAs6EWFZtMfEQUiw,0zH0l4Jbf-oove3cLvrFOg,4.0,2014-10-19 11:04:43,morning,6,1,0,medium,high,Newtown,American (New),2,0,1
pkmzFPcVsM5I_fdKDQkufA,2er_V-oAd7IbQ5YTY56r7A,3.0,2014-10-19 17:13:37,afternoon,6,1,1,long,high,Philadelphia,Restaurants,2,1,1
ja7uhtXlvzRzFE7JizROUQ,vgapHNwW9C1wvHvPnxUQ3A,2.0,2014-10-19 20:43:09,evening,6,1,1,medium,high,Upper Darby,Grocery,2,0,0
en9InA1FGqAbbM2-KpqgBA,8uF-bhJFgT4Tn6DTb27viA,5.0,2014-10-20 05:49:31,night,0,0,1,long,high,New Orleans,Food,1,1,1
OJiZwMbp23WL-H5wnPRkrw,z680Aylt8wN2KAeFM1hy-A,3.0,2014-10-20 12:26:38,morning,0,0,0,long,high,Indianapolis,Bars,2,1,1
Y4ZmJCuAbIvnv45oIIuLHA,EtKSTHV5Qx_Q7Aur9o4kQQ,5.0,2014-10-20 12:47:48,morning,0,0,1,long,high,Philadelphia,Bars,2,1,1
lMY8NBPyzlPbbu-KBYfD9A,89COhCW-cAD5-fTXPfXYTw,4.0,2014-10-20 20:15:05,evening,0,0,1,long,high,Maplewood,Donuts,1,0,0
dqucQwA-CHWhUczwqIxKKg,KhOotseBoEeUcerjpmws1w,1.0,2014-10-22 01:08:40,night,2,0,1,medium,high,Springfield,Burgers,2,0,0
DJgU8F5lKlshSo9xIsLcoQ,Jn_F3hYqknRTepCg6om04Q,1.0,2014-10-22 05:37:04,night,2,0,0,long,high,Brentwood,Mexican,1,0,1
K17847uudqPFPIjSPgxs2A,iDtIMWJVIGYspg5JvJKaOw,3.0,2014-10-27 01:49:24,night,0,0,1,long,high,Wynnewood,Food,2,1,0
Y4ZmJCuAbIvnv45oIIuLHA,I5KZm-NnxYeEQsmp6nK5_w,5.0,2014-10-27 13:23:43,afternoon,0,0,1,long,high,Philadelphia,Food,2,1,1
6InyxxWLYI0J9y4342o12Q,SlZJATE_TGUU8X34UJNi4g,4.0,2014-10-27 14:22:01,afternoon,0,0,1,long,high,Indianapolis,Mexican,2,1,1
6InyxxWLYI0J9y4342o12Q,oJ4ik-4PZe6gexxW-tSmsw,3.0,2014-10-27 14:41:55,afternoon,0,0,1,medium,high,Indianapolis,Nightlife,2,1,1
1AVaIU4ClnKecWYuYNO38w,eHQ0utxOdNVHVfDD7fYvdg,4.0,2014-10-27 14:54:52,afternoon,0,0,1,long,high,Mooresville,Restaurants,2,0,0
vr-Rw3nMKIgGrVNT6A7p9g,2er_V-oAd7IbQ5YTY56r7A,4.0,2014-10-27 15:33:38,afternoon,0,0,1,long,high,Philadelphia,Restaurants,2,1,1
vr-Rw3nMKIgGrVNT6A7p9g,tQYOAfl33tmP4oWpfyRr6g,5.0,2014-10-27 15:39:17,afternoon,0,0,1,long,high,Philadelphia,Mexican,2,0,0
WcQ01IBbW0ID01EE7bdH4g,bKiZJTI0-zrH7n4xM5kHcA,1.0,2014-10-27 15:45:53,afternoon,0,0,0,long,high,Chalmette,Burgers,1,0,0
GG0mFsEXb-02_dzFPqRV1Q,g8ZqVCalVp-PsOqyS4dXGw,3.0,2014-10-27 17:25:08,afternoon,0,0,1,medium,high,Media,Restaurants,2,0,0
iPkdNziqnhNukjnmsrSzmg,vh6YOciEM3M4zi2FGp-b5Q,3.0,2014-10-27 20:25:37,evening,0,0,1,long,high,Saint Louis,Asian Fusion,2,1,1
kkPgJv6KBFN15caG7NYYlg,8mElCveTpsBGuu9zOdLXbQ,4.0,2014-10-27 20:40:03,evening,0,0,1,medium,high,Edmonton,Food,1,0,0
xqS2PjKu16g2cFDBNgJ8Ng,GBTPC53ZrG1ZBY3DT8Mbcw,4.0,2014-10-27 21:03:08,evening,0,0,1,medium,high,New Orleans,German,2,1,0
xqS2PjKu16g2cFDBNgJ8Ng,1YfILky5n_7V3MHs8gzwMw,4.0,2014-10-27 21:04:42,evening,0,0,1,medium,high,New Orleans,Food,2,0,0
xqS2PjKu16g2cFDBNgJ8Ng,5l67axuAa5EmEV3lLuSa1Q,3.0,2014-10-27 21:19:26,evening,0,0,1,medium,high,New Orleans,Burgers,1,0,1
xqS2PjKu16g2cFDBNgJ8Ng,hS6KNGCQVTYUdLb2edt58g,3.0,2014-10-27 22:01:21,evening,0,0,1,long,high,New Orleans,Boat Charters,2,0,0
xqS2PjKu16g2cFDBNgJ8Ng,C-anTsItNvJHHR__DiGEqQ,5.0,2014-10-27 22:03:58,evening,0,0,1,medium,high,New Orleans,Chicken Wings,2,0,0
OJiZwMbp23WL-H5wnPRkrw,2W0P6hXCbE6EgP5R6y9eBw,4.0,2014-10-28 00:28:10,night,1,0,0,long,high,Indianapolis,Pizza,2,1,0
WBlAiBpB9kMG2YbO7ngYvg,TCHh4RIrvp7h2BucXt1kvA,5.0,2014-10-28 01:16:54,night,1,0,0,medium,high,Ardmore,Pizza,1,0,0
4XIjdvV3bz-e_NYzJRJLHg,196CWwMAtAcA21jYiMyRzg,2.0,2014-10-28 01:42:19,night,1,0,1,medium,high,New Orleans,Restaurants,2,1,1
DTNAb-1gJ6e2nyqCc3fdcQ,04UD14gamNjLY0IDYVhHJg,2.0,2014-10-28 03:46:38,night,1,0,1,long,high,Philadelphia,Mediterranean,2,1,0
bdalWswHTzYC1RDBYLehgw,X64JH5kXOjWsBCsGxmFSIw,2.0,2014-10-28 14:42:33,afternoon,1,0,1,long,high,Old Hickory,Restaurants,1,1,1
fo2c2mfebLM-5x0iFU3ZJA,2dlQX5sP9X6Dlm1MmNOlSw,2.0,2014-10-28 16:30:46,afternoon,1,0,1,long,high,Philadelphia,Food,1,0,1
akUC5qP68u0_frTwHLl61w,IbndcMURguByburM72o3SA,3.0,2014-10-28 22:36:25,evening,1,0,1,medium,high,Newtown,Korean,1,0,0
-THLGnsYKu3yQAsy_tt1fw,KhBUg5QhBYuK8RZAe5gDMQ,5.0,2014-10-29 03:18:37,night,2,0,1,long,high,Tampa,Restaurants,2,1,0
xqS2PjKu16g2cFDBNgJ8Ng,k3sED9tpGEOtzhGxvcxTrw,2.0,2014-10-29 14:31:25,afternoon,2,0,1,medium,high,Metairie,Restaurants,1,1,0
y3Wtx1pOvTiqsJRkjceXiw,Dv6RfXLYe1atjgz3Xf4GGw,5.0,2014-10-29 14:56:04,afternoon,2,0,1,long,high,Philadelphia,Burgers,2,0,1
4XIjdvV3bz-e_NYzJRJLHg,jMZ56S8Y1t7cA1Ob-d-qeA,4.0,2014-10-29 15:04:28,afternoon,2,0,1,long,high,New Orleans,Nightlife,2,1,0
drui1iMt-TPzJiSkQp5CtA,GBTPC53ZrG1ZBY3DT8Mbcw,5.0,2014-10-29 16:11:18,afternoon,2,0,1,medium,high,New Orleans,German,2,1,0
xqS2PjKu16g2cFDBNgJ8Ng,Zi-F-YvyVOK0k5QD7lrLOg,3.0,2014-10-29 18:13:54,afternoon,2,0,1,medium,high,New Orleans,Cajun/Creole,3,1,0
xqS2PjKu16g2cFDBNgJ8Ng,Yh4OgbXQSpQ_ycK_FmNiGw,5.0,2014-10-29 18:19:18,afternoon,2,0,1,medium,high,New Orleans,American (New),2,1,1
rvlJ2fOucVo7I3wYJAFYTQ,9LZWyTM6KCr6JvfWEgGeQw,2.0,2014-10-30 02:13:01,night,3,0,0,short,high,Indianapolis,Ice Cream & Frozen Yogurt,1,0,1
-G7Zkl1wIWBBmD0KRy_sCw,x4XdNhp0Xn8lOivzc77J-g,4.0,2014-10-30 17:04:37,afternoon,3,0,1,long,high,Phoenixville,Thai,2,1,0
cIVmIJD7nIiEcVGamfBoVw,cXSyVvOr9YRN9diDkaWs0Q,3.0,2014-10-30 19:30:24,evening,3,0,1,long,high,Philadelphia,Southern,2,1,1
e7MEzEQMjqNPZfYthZKhwg,llYsxQ0IuKh0HXULlqu6fw,4.0,2014-10-31 02:18:57,night,4,0,1,medium,high,Tampa,Filipino,2,0,0
LMvGr9_gUrIwnD2iBS5MlQ,BWPokhrYnWdfxdaUaM6l9Q,4.0,2014-10-31 03:23:12,night,4,0,0,long,high,Nashville,Venues & Event Spaces,3,1,1
I2XpWCHAom1JRyHXZQrnfg,enarGotTJq0LCk2bbCYqGA,3.0,2014-10-31 07:46:47,morning,4,0,1,long,high,Tampa,Restaurants,2,1,0
bdalWswHTzYC1RDBYLehgw,MnxMt3CErrx4dXll4ADqLg,5.0,2014-10-31 13:51:33,afternoon,4,0,1,medium,high,Indianapolis,Bakeries,2,1,0
uGWYBQN3hNsKW7Bn4Tu4FQ,1-z7wd860Rii4kbEMCT8DA,4.0,2014-10-31 15:13:44,afternoon,4,0,1,medium,high,Boise,Breakfast & Brunch,2,1,0
uGWYBQN3hNsKW7Bn4Tu4FQ,MYMLQfzRv8x7aO-bv9vpFg,2.0,2014-10-31 15:15:53,afternoon,4,0,1,medium,high,Boise,Specialty Food,1,0,1
uGWYBQN3hNsKW7Bn4Tu4FQ,j8NhrBzy1op0BfVGdSOiXQ,4.0,2014-10-31 15:18:11,afternoon,4,0,1,medium,high,Boise,Restaurants,1,0,1
dEvFqqQImRAaE1dT5wYMJg,uaKXyCNVXWdfOOdbM88pMA,4.0,2014-10-31 21:30:28,evening,4,0,1,medium,high,Tampa,Breakfast & Brunch,2,1,1
4d5oNL9oHazgXmXyunVTQw,Wr2k0Vz8RbcumYulp-jIrA,1.0,2014-11-01 04:49:00,night,5,1,0,long,high,Cherry Hill,Restaurants,2,0,0
4d5oNL9oHazgXmXyunVTQw,QWqKTWQ2OiDgo3dzNkpung,5.0,2014-11-01 04:56:21,night,5,1,0,medium,high,Philadelphia,Korean,2,0,0
4d5oNL9oHazgXmXyunVTQw,64i1xdiU1Wvo1Cuu0erFGA,3.0,2014-11-01 04:57:33,night,5,1,0,medium,high,Cherry Hill,Japanese,2,0,1
CMQ66mdfbGZkeU5K-KVOCw,cHCRC7r9irhK0dIum1zeUw,4.0,2014-11-01 12:37:17,morning,5,1,0,medium,high,Indianapolis,Cideries,2,1,0
6Yy4vdVpfmy19SigDdVZtA,OHzX-ZD9qyoeoxR8Z0dlIA,4.0,2014-11-01 13:09:17,afternoon,5,1,1,long,high,Philadelphia,Restaurants,2,1,1
SXeMGP5lNgc03z7cl9Xihg,EfJ-1C8PH9TpGTskFqUvhQ,4.0,2014-11-01 14:38:07,afternoon,5,1,1,medium,high,Nashville,Whiskey Bars,2,1,1
fdFgZQQYQJeEAshH4lxSfQ,K1r1fGmCbrmC_V6Aj22Zew,4.0,2014-11-01 17:43:44,afternoon,5,1,1,long,high,Tucson,Bakeries,2,0,1
btzyD8sU1n7dlgHRBECgzw,jf8AZyiMXd9CFxOg_fTb0g,2.0,2014-11-01 17:55:19,afternoon,5,1,1,long,high,Brentwood,Restaurants,1,1,1
ojxS1v-8nUvEEx4DlsPQrA,uE40984_YDgVvPeRpFcCaQ,5.0,2014-11-01 18:01:52,afternoon,5,1,1,long,high,Philadelphia,Southern,2,1,0
USD9k93iOIB88v93B5iBcw,PYUI1OJVksGUbCrteU68bw,2.0,2014-11-01 18:50:30,afternoon,5,1,1,medium,high,Philadelphia,Bars,2,1,1
qjfMBIZpQT9DDtw_BWCopQ,llYsxQ0IuKh0HXULlqu6fw,3.0,2014-11-01 19:13:33,evening,5,1,1,long,high,Tampa,Filipino,2,0,0
Rvf4alwYpKnoe73PdCvNSg,4MbKIpdVPz4OkoyS24fEEg,4.0,2014-11-01 22:34:55,evening,5,1,0,medium,high,Seminole,Restaurants,2,0,0
a_-cGctRb1Tjzkzw8Hp3_Q,-lhHSR1Aws4CyYC1XOPVTw,4.0,2014-11-02 00:27:09,night,6,1,1,long,high,Tampa,Greek,2,1,1
BhetfbS0jjIcrTwH7aScNQ,Jvmj49D0GGnvCpjN0LXqEg,5.0,2014-11-02 14:41:07,afternoon,6,1,0,short,high,Clearwater,Breakfast & Brunch,1,0,0
hwzrnwUiqJUHSN_Gmpp4pA,tr366vgAkbcpJBVKSdBxZg,3.0,2014-11-02 16:50:57,afternoon,6,1,1,long,high,Reno,Mexican,1,0,0
Zn8tgekH0oCfyk4SUtygoA,SKph9ovzvVSNzNFICgKb1Q,2.0,2014-11-02 20:35:24,evening,6,1,1,long,high,Clearwater,Restaurants,2,1,1
-Ub6sTS9u9scC5y_85l8xg,Fd1UBvHTVzyR2RUqM_lFJA,5.0,2014-11-02 23:20:59,evening,6,1,0,short,high,Saint Louis,Restaurants,2,0,1
xC-q_yh0XwcjRLimkS3RNg,ISBBeqLeERHiKfqa7PZkuA,3.0,2014-11-03 04:58:30,night,0,0,1,long,high,Edmonton,Diners,2,0,1
CMQ66mdfbGZkeU5K-KVOCw,tFpstYqxugKHzeyNUsuD_A,4.0,2014-11-03 14:43:42,afternoon,0,0,0,long,high,Carmel,American (Traditional),2,1,1
VtKGYxPL1oGr4he7_whrWA,JJNCJWaH2KV44r9aeEBlqA,5.0,2014-11-03 23:28:09,evening,0,0,1,medium,high,Indianapolis,Breweries,2,0,0
6PZxoJFHQFfmN5J0eBqeyQ,OHzX-ZD9qyoeoxR8Z0dlIA,4.0,2014-11-04 18:27:31,afternoon,1,0,0,long,high,Philadelphia,Restaurants,2,1,1
Pk-dihlvXRaVfE65ghVOLA,NVN_23yYJDf_RAinqFICDA,5.0,2014-11-04 18:57:44,afternoon,1,0,1,long,high,Philadelphia,Hot Dogs,1,0,0
Unk0vlfw3QrPrslXnXWSSw,QJfM8uRNy6KHhj6kIatzmg,5.0,2014-11-05 16:10:05,afternoon,2,0,1,long,high,Clayton,Food,2,1,1
sVr6_v-lwixu3VREOO9XpA,Tqt99-TsbRT4bmsXHyA1lA,4.0,2014-11-06 15:41:24,afternoon,3,0,1,long,high,Edmonton,Restaurants,3,1,1
VtKGYxPL1oGr4he7_whrWA,_cdy7hVc32mleVooP8x0Sw,2.0,2014-11-06 22:09:45,evening,3,0,1,medium,high,Fishers,Sandwiches,1,0,0
6NagSmaahFhlt3LEpnVXoQ,gUyfJlJRxu1fHuZ4dpBheQ,3.0,2014-11-08 21:47:12,evening,5,1,1,medium,high,New Orleans,Mexican,2,1,1
-KduD3wwydWDq2GrODh2tw,twNHYgtUkxoeFbLHxdhsOw,3.0,2014-11-12 16:51:25,afternoon,2,0,1,short,high,Indianapolis,Specialty Food,2,1,1
xqS2PjKu16g2cFDBNgJ8Ng,WaRZsQEcEHwRk0T2dJ-cuA,4.0,2014-11-12 21:18:12,evening,2,0,1,medium,high,New Orleans,Mexican,2,1,1
xqS2PjKu16g2cFDBNgJ8Ng,gOtY7zJ1rIu6UIHXEvh5sA,4.0,2014-11-12 21:57:47,evening,2,0,1,medium,high,New Orleans,Specialty Food,2,1,0
njJjEOLRTo03Fwp4jg_Jpg,2brttsiFBlW8070dsPzQDA,2.0,2014-11-12 22:39:04,evening,2,0,1,medium,high,Indianapolis,Breakfast & Brunch,2,0,1
K17847uudqPFPIjSPgxs2A,hS6KNGCQVTYUdLb2edt58g,3.0,2014-11-13 00:41:04,night,3,0,1,long,high,New Orleans,Boat Charters,2,0,0
9EMgczqumS10LYSbsaiKdQ,iSJlDpeYlhUYLGpkVwolMA,5.0,2014-11-13 02:42:03,night,3,0,1,short,high,Tampa,Nightlife,1,1,0
EQpFHqGT9Tk6YSwORTtwpg,RI33oswGDkIsc0fuQ8GzjA,3.0,2014-11-13 08:27:57,morning,3,0,0,medium,high,Philadelphia,Restaurants,1,0,1
rlG1sLt1SM_0lmAasBOYEg,-6TttC-1-rf5gC0QHWrs_w,5.0,2014-11-13 16:07:06,afternoon,3,0,1,short,high,Terrytown,Restaurants,1,1,0
3x-kbXQUhrsWOcp8mUimbw,4BVjCMSKc4eJGfJldPB_hA,3.0,2014-11-13 18:17:02,afternoon,3,0,1,long,high,Edmonton,Restaurants,2,1,0
xC-q_yh0XwcjRLimkS3RNg,f2r0YzFcaFl3jSg4cST68w,4.0,2014-11-13 19:04:18,evening,3,0,1,long,high,Edmonton,Food,2,1,0
eQB-zeNwKOGk3F1xLQDp5g,REt83ozDeIl6fCYZuAjNrA,5.0,2014-11-13 19:08:04,evening,3,0,0,long,high,Philadelphia,Chinese,1,0,0
_BcWyKQL16ndpBdggh2kNA,y9yUyB9qldKaibuhJkC39w,4.0,2014-11-13 20:15:43,evening,3,0,1,medium,high,Wayne,Flowers & Gifts,2,0,0
2dzJH4hqyRey-B_-1e6OWA,xwKYBPO0ByGlkvNcr8FdqQ,2.0,2014-11-13 20:36:15,evening,3,0,0,long,high,Tucson,Restaurants,3,1,0
Jl4kC3eiGlEgEylXpOj7-Q,VRGYwKE_Z77frm5NwLvJhw,5.0,2014-11-14 02:24:27,night,4,0,1,medium,high,Nashville,Bars,2,1,0
gs0dNGac_01UWK_bXrYilA,h6IzeUVASeDtvKhd2PEsKA,4.0,2014-11-14 03:59:15,night,4,0,1,long,high,New Orleans,Food,2,0,0
gadrifahFEqaYvLyUVFPxw,uE40984_YDgVvPeRpFcCaQ,4.0,2014-11-14 05:54:04,night,4,0,0,long,low,Philadelphia,Southern,2,1,0
RQWQTxfhGGJ7bGgJ1EnExQ,ab3pRv-b0o-BwMK2jVbH3Q,4.0,2014-11-14 13:11:38,afternoon,4,0,1,long,high,Clearwater,Restaurants,2,1,1
9-z8DCVGGVhgwU-etc4zIA,Q-prSTdggNlxAEFV88BZOw,5.0,2014-11-14 16:32:02,afternoon,4,0,1,long,high,Philadelphia,Beer,2,1,1
tywhgQd-CMbishWP-v6W2Q,1JtpcHELRrSDoWS80WtzuQ,5.0,2014-11-14 16:57:39,afternoon,4,0,1,long,high,Goodlettsville,Food,2,1,1
LEyRdfEh33INkU_qK3-FAQ,mUIBtlWNPD7sz3rGGWQ1RA,2.0,2014-11-14 19:37:24,evening,4,0,0,medium,high,Philadelphia,Mediterranean,2,0,1
fr1Hz2acAb3OaL3l6DyKNg,uaKXyCNVXWdfOOdbM88pMA,4.0,2014-11-14 20:04:26,evening,4,0,1,long,high,Tampa,Breakfast & Brunch,2,1,1
VtKGYxPL1oGr4he7_whrWA,LrUQOSOfuus8pcCHJwaQWg,5.0,2014-11-14 20:36:44,evening,4,0,1,long,high,Indianapolis,Breweries,1,0,0
b63eLCGDCpVPtswPtyq8bA,gk8l75GLFUsFr0kS5uLtkQ,4.0,2014-11-14 22:08:05,evening,4,0,0,short,high,Carrollwood,Chicken Wings,1,0,0
tOMztypmq06beq-zncxjiw,HCbJPXWXvwN-C7XfmVy3gA,2.0,2014-11-14 22:10:28,evening,4,0,0,medium,high,Indianapolis,Desserts,2,1,1
yLV_a7zmKT8VFjTgEfELgQ,71U7MxQEhwitJOm4CQpRwQ,4.0,2014-11-15 00:30:48,night,5,1,0,medium,low,Tampa,Japanese,2,1,1
zyvxtbh5eJ86bVgk52Yflg,NV6zZPb5OGVpyX4JrSzUPg,5.0,2014-11-15 00:33:34,night,5,1,1,long,high,Saint Louis,Bars,2,1,1
zyvxtbh5eJ86bVgk52Yflg,Tq5jFk_BMSJG8-flqj5Bgw,4.0,2014-11-15 00:41:50,night,5,1,1,long,high,University City,Salad,2,1,1
8gzEcivVyxzKO16TUoYdZQ,pj2A1tMl-p2ozYHS6FvHJQ,4.0,2014-11-15 01:38:46,night,5,1,1,medium,high,Indianapolis,Coffee & Tea,1,0,0
RCZ5M9o2-fxgFuurpmEs3w,upkreyzHS0heQGzCtJ0aNg,5.0,2014-11-15 01:43:14,night,5,1,0,long,high,Kimberton,Salad,3,1,1
LO_YM_4kdAkRgf2wz1Kacw,8uF-bhJFgT4Tn6DTb27viA,4.0,2014-11-15 05:39:36,night,5,1,1,long,high,New Orleans,Food,1,1,1
R-c5M0iJkMxxTxIqTQQZ8w,bp30i_ebNELo9UmyEqAUvw,3.0,2014-11-15 05:52:45,night,5,1,0,long,high,Edmonton,Food,1,0,0
jFSrZYDK85AM4Yhrbg99kg,bnyT03UR23AWNGN9EJFrAQ,1.0,2014-11-15 11:00:37,morning,5,1,0,medium,high,Saint Louis,Restaurants,2,1,1
X2rr5TpdvVXLV3ak82WwJA,brxzxPTpbukDPTlaq7gOMw,4.0,2014-11-15 11:58:04,morning,5,1,0,medium,high,Media,Restaurants,2,0,1
QKXluDSI8QQrlC5xQyAgjg,7clCBgNbd-x2Wj96lZ6Mjw,4.0,2014-11-15 13:39:38,afternoon,5,1,1,long,high,Indianapolis,Food,2,1,0
LO_YM_4kdAkRgf2wz1Kacw,5l67axuAa5EmEV3lLuSa1Q,4.0,2014-11-15 16:04:23,afternoon,5,1,1,medium,high,New Orleans,Burgers,1,0,1
fo2c2mfebLM-5x0iFU3ZJA,7crp8LZA4HbkMAKyh8Wcdg,2.0,2014-11-15 18:52:25,afternoon,5,1,1,long,high,Philadelphia,Restaurants,1,0,0
Qr1US2rXFhMx5BxriB5Ffw,qlC5ojQRLe26shP1Kt7hQg,1.0,2014-11-15 22:24:05,evening,5,1,1,long,high,Avondale,Diners,1,0,0
j7gM2jTyQu3EIXVDvZSQ8Q,VJEzpfLs_Jnzgqh5A_FVTg,3.0,2014-11-15 22:42:58,evening,5,1,0,long,high,Philadelphia,Soup,2,0,1
8bZ9QiMWMpAka36qHh2OSg,ncNeXDDNtO1nhwQ0Gm6pfw,5.0,2014-11-16 01:10:53,night,6,1,1,short,high,Newtown,Farmers Market,2,0,0
CV4BMLxPSuC5V92JUfQlsw,0s8M7TmzxKfAibuBmm2uYw,2.0,2014-11-16 01:16:06,night,6,1,1,medium,high,Franklin,Bakeries,2,0,1
6lq2eopOkyYHFZ7WQuuZkg,ixPTo6Hum7nNZ7A4VPhTXg,5.0,2014-11-16 01:35:12,night,6,1,0,short,high,Tampa,Restaurants,2,1,1
4d5oNL9oHazgXmXyunVTQw,kxX2SOes4o-D3ZQBkiMRfA,2.0,2014-11-16 02:53:56,night,6,1,0,long,high,Philadelphia,Halal,2,0,0
4d5oNL9oHazgXmXyunVTQw,Wr2k0Vz8RbcumYulp-jIrA,4.0,2014-11-16 03:05:13,night,6,1,0,long,high,Cherry Hill,Restaurants,2,0,0
ScuWOAFGiCSDkZPI4x5mAQ,_VB4EIoGdAR4sBB6rApEAg,4.0,2014-11-16 06:03:56,night,6,1,1,short,high,Tampa,Restaurants,1,0,1
QKXluDSI8QQrlC5xQyAgjg,5RzJ2bjU8bLSaN5SuiUpYA,4.0,2014-11-16 13:33:37,afternoon,6,1,1,long,high,Indianapolis,Event Planning & Services,2,1,1
u1cvQWB0lB4YsIbtSlUR7g,ZhCnKe7U1TsHWnAlXl8Isw,5.0,2014-11-16 16:00:21,afternoon,6,1,1,long,high,Saint Louis,Restaurants,2,1,1
wqrbPeGf-bimRXU5t1x5Aw,A0F-h3xJm_6gHDKcDQwSrQ,2.0,2014-11-16 16:43:59,afternoon,6,1,1,medium,high,Philadelphia,Pizza,2,1,1
IkLdv0dFGfRJrtFVJYJnLg,bbEXAEFr4RYHLlZ-HFssTA,5.0,2014-11-16 17:29:53,afternoon,6,1,1,long,high,Goleta,Fast Food,2,0,1
PR7XS6OA-6ylu8sLGObUsQ,INWHqjudS0vDcVKlHyz69A,3.0,2014-11-16 19:11:56,evening,6,1,0,short,high,Drexel Hill,Event Planning & Services,2,0,1
rUQ0uTP4lbqbEl7PGhCugA,FJlYldo1NcoyKMG2YKWywA,4.0,2014-11-16 20:04:06,evening,6,1,1,long,high,Tampa,Ethnic Food,1,0,0
4UAqdgiCe1jwI1IQl96MIA,PYUI1OJVksGUbCrteU68bw,1.0,2014-11-16 21:09:29,evening,6,1,0,long,high,Philadelphia,Bars,2,1,1
huHPQSQgw4kFakc0Vq7TDA,sB45WFgysT617bKWP_WJwA,5.0,2014-11-16 22:27:30,evening,6,1,1,long,high,Saint Louis,Bars,1,0,0
12nuY5DRprBaDa9Rc4NLUw,t0XZeA0MP0P66QyLQn_NUw,5.0,2014-11-16 22:32:46,evening,6,1,1,long,high,Sparks,Restaurants,2,1,0
VVNj3hSE8drWCu8xUXH05Q,Yll7kUVI7j0gArBMQKpEaQ,2.0,2014-11-17 03:39:29,night,0,0,1,long,high,Franklin,Breakfast & Brunch,1,0,1
jk0Yf80nGLQkVwsx6tRBsQ,EQ-TZ2eeD_E0BHuvoaeG5Q,5.0,2014-11-17 13:10:27,afternoon,0,0,0,long,high,Indianapolis,Beer,2,1,1
61FNJUiDqXReViksOYiILQ,NVN_23yYJDf_RAinqFICDA,4.0,2014-11-17 16:26:58,afternoon,0,0,1,long,high,Philadelphia,Hot Dogs,1,0,0
qVEOVvc9gB29v7IAWsnA_g,5qmNrtr0iNyhCk6ky3c97w,4.0,2014-11-17 17:39:09,afternoon,0,0,0,long,low,Franklin,American (Traditional),2,1,1
xC-q_yh0XwcjRLimkS3RNg,aJpDjaMVhWZRLdwZtqQjEg,4.0,2014-11-17 19:02:26,evening,0,0,1,long,high,Edmonton,Ice Cream & Frozen Yogurt,1,1,1
zyNrXvJyYdC34tS6BcCykA,r-kln94enJMMmCWmzbXO2g,4.0,2014-11-17 19:35:38,evening,0,0,1,medium,high,Philadelphia,Food,2,0,0
ORloFtZj3Cul8XeBw5wa1A,_PQzeo8P2sGczzFEifrK-Q,5.0,2014-11-18 01:11:37,night,1,0,1,long,high,Philadelphia,Food,2,0,0
dqucQwA-CHWhUczwqIxKKg,Rply0vEJrwuAa1vOvJgTnw,5.0,2014-11-18 03:28:16,night,1,0,1,medium,high,Eddystone,Food,2,0,0
BhetfbS0jjIcrTwH7aScNQ,ixPTo6Hum7nNZ7A4VPhTXg,5.0,2014-11-18 17:04:58,afternoon,1,0,0,short,high,Tampa,Restaurants,2,1,1
gQSMov4ZEXnlyWHNhGi3bA,f-WhNOSwN1aB4nRFekf01g,5.0,2014-11-18 19:39:23,evening,1,0,1,short,high,New Orleans,Arts & Entertainment,2,0,0
z9sL9d4kfAiQeGJ1dGmBng,F8yozE3NWnImNApHO347gQ,3.0,2014-11-18 21:56:08,evening,1,0,1,long,high,Philadelphia,Restaurants,2,1,1
vKwoXHvV58QtXyI0KcVKKQ,sJz2WhvVGW8jsdQhZ_BlUQ,3.0,2014-11-19 15:10:45,afternoon,2,0,1,long,high,New Orleans,Jazz & Blues,2,1,0
PV0U0arT_AUfjVBtrKfPSA,pIYHiRUoUH_lsLmvzDoapw,4.0,2014-11-19 16:42:21,afternoon,2,0,1,medium,high,Haddonfield,Food,2,0,0
QhzzVcCXetK2hCctHsMzmg,L-YdO_NODKXXT3bkS0nUpg,4.0,2014-11-20 00:14:29,night,3,0,0,long,high,Saint Pete Beach,American (Traditional),2,1,1
vHc-UrI9yfL_pnnc6nJtyQ,DTIKGgzoKGLCNw2dNKfHZg,4.0,2014-11-20 21:51:38,evening,3,0,1,long,high,Reno,Specialty Schools,2,1,1
Igs1V9jMkjdgNEhQBvE1bQ,FH_LQqNmjiFnvm6vGuXmnQ,4.0,2014-11-20 22:57:39,evening,3,0,0,long,high,Gallatin,American (Traditional),2,0,0
xYgdYioZpHUxApiddFhCxg,8YdvaCDx8SQvuZCUyR2mkg,4.0,2014-11-21 19:34:39,evening,4,0,1,medium,high,Town and Country,Florists,2,0,0
OLGQ7alK4VKl3YdQk6UF5g,sdWuLh-auc0nC2Jy6_26AQ,4.0,2014-11-21 20:49:55,evening,4,0,1,long,high,Philadelphia,Bars,2,1,0
P-NTOAMFVSDFGkhcj4GaIQ,LTtmAHFW3nWLirD--VWAEw,4.0,2014-11-23 01:50:23,night,6,1,1,medium,high,Tucson,Automotive,2,0,0
TlCZZbzVb67vGWWrUNBBVQ,6LCZLGa09Qifn6rG7-DNrg,3.0,2014-11-23 04:51:38,night,6,1,0,medium,high,Philadelphia,Thai,2,0,0
FUUEU3ZN5cL1nNNR2AYZuw,PYUI1OJVksGUbCrteU68bw,2.0,2014-11-24 13:35:46,afternoon,0,0,1,medium,high,Philadelphia,Bars,2,1,1
dFi7kwnnWwCUV60-u35-gQ,_IQE60MK6nlpr-pP3aywLQ,2.0,2014-11-24 14:30:30,afternoon,0,0,1,long,high,Indianapolis,Restaurants,2,1,1
2HA_Ub0s2qACtlOkrTe1DQ,-If0ps0QhOLCYVWQWs9RYg,1.0,2014-11-30 14:52:08,afternoon,6,1,1,long,high,New Orleans,Restaurants,1,0,1
i84YDhPbxtq9F8ipmtR5vg,mUIBtlWNPD7sz3rGGWQ1RA,5.0,2014-11-30 16:41:38,afternoon,6,1,1,long,high,Philadelphia,Mediterranean,2,0,1
NqBYt9pw7kNoytFQ9ATS-w,QWqKTWQ2OiDgo3dzNkpung,4.0,2014-11-30 17:17:20,afternoon,6,1,1,medium,high,Philadelphia,Korean,2,0,0
NqBYt9pw7kNoytFQ9ATS-w,eaDZlSuVS0EY67Ke6pRP6Q,2.0,2014-11-30 17:19:24,afternoon,6,1,1,medium,high,Philadelphia,Malaysian,2,1,0
jFSrZYDK85AM4Yhrbg99kg,pNu5bd9aL3jcJClfdQ86MQ,1.0,2014-11-30 17:49:38,afternoon,6,1,0,medium,high,St Louis,Mediterranean,2,1,1
IJJETLhfEVvuUF_UfA7Hug,qC63cwAI-baLmbEdxbR3FA,1.0,2014-11-30 17:50:47,afternoon,6,1,1,medium,high,Valrico,Italian,1,1,1
bGREVtD0aDERKe5k4d5Zkg,QJfM8uRNy6KHhj6kIatzmg,3.0,2014-11-30 18:18:41,afternoon,6,1,1,long,high,Clayton,Food,2,1,1
KnPrhgAtSuUEA4PYSLFDVg,FHNIvNgh3fS7VZQq2Y3dsA,4.0,2014-11-30 22:41:06,evening,6,1,1,long,high,Philadelphia,Asian Fusion,2,1,0
EAHCCgMFoJxlOPcCPQ91SQ,bN7-A2GlVz2Job3frIPy9w,5.0,2014-12-01 01:32:15,night,0,0,1,long,high,Tucson,Ice Cream & Frozen Yogurt,2,0,0
cZohBzgCY3B4Fbd25GHHLQ,ZhCnKe7U1TsHWnAlXl8Isw,3.0,2014-12-01 01:35:06,night,0,0,1,long,high,Saint Louis,Restaurants,2,1,1
PpRKM2R73KAEAfjB6EX6YQ,ziFtaIQdzQfFL79iLTq_zQ,4.0,2014-12-01 02:24:46,night,0,0,1,long,high,Folsom,Burgers,1,0,1
EcdjtQ3sfpKSp-j4LM3aPw,2fTfpN5SggLgW4LlzptMPg,2.0,2014-12-01 16:09:51,afternoon,0,0,1,long,high,Edmonton,Nightlife,3,1,1
6nwKICMjYAlK_yRM9YxpHg,sB45WFgysT617bKWP_WJwA,5.0,2014-12-01 18:04:40,afternoon,0,0,1,medium,high,Saint Louis,Bars,1,0,0
pkmzFPcVsM5I_fdKDQkufA,VRnJgj0IvxoksHppE78X2Q,5.0,2014-12-01 18:18:52,afternoon,0,0,1,long,high,Philadelphia,Dim Sum,2,1,0
2iS1vg5TYpV_iEiNC8osTg,BjBDHqHhMXSxgyVipccznQ,4.0,2014-12-01 18:19:43,afternoon,0,0,1,medium,high,Tampa,African,3,1,0
2iS1vg5TYpV_iEiNC8osTg,IYlUaKC9nICjiWdk-ShPlg,4.0,2014-12-01 18:26:01,afternoon,0,0,1,medium,high,Carmel,Restaurants,2,1,1
pkmzFPcVsM5I_fdKDQkufA,7mpYTDb24SywNMRn3yeakQ,2.0,2014-12-01 18:27:37,afternoon,0,0,1,long,high,Philadelphia,Event Planning & Services,2,1,1
6nwKICMjYAlK_yRM9YxpHg,cXEx8dhmoFZcsJjXS2lLuQ,4.0,2014-12-01 18:35:51,afternoon,0,0,1,long,high,Saint Louis,Italian,2,1,0
NfoUVmfvDDtYGuSgtuZkkQ,_O16xyQwp0YSTG2RgweRYA,2.0,2014-12-01 19:54:23,evening,0,0,0,short,high,Tampa,Italian,2,1,1
G5HTJzuYXglHpb6BamwV_w,NT5S6JV5wPwKOd3s3Yh1zQ,4.0,2014-12-01 23:43:51,evening,0,0,1,long,high,Nashville,Restaurants,2,1,0
sh3V6hnNMLVV9YwFA9QNaw,A21srfWbl97OWsCn2lK-0Q,4.0,2014-12-02 13:08:09,afternoon,1,0,1,long,high,St. Petersburg,Beer,2,1,0
5MYa3BbBU359oqcEYwY94w,iwAFHdulOuYTevEfW8DqGQ,4.0,2014-12-02 16:34:23,afternoon,1,0,1,medium,high,Valrico,Food,3,0,0
nyVMucNs6I8N-COK18Ml8w,NT5S6JV5wPwKOd3s3Yh1zQ,5.0,2014-12-02 20:17:23,evening,1,0,0,medium,high,Nashville,Restaurants,2,1,0
ROzJ3UppTc8AKpSpKs-bzA,pqe1pCQx--uybdm6EQ8AqQ,2.0,2014-12-02 22:47:53,evening,1,0,0,medium,high,Wynnewood,American (New),1,0,1
-f8p-dBjGKrwVsi1sG6Sig,BAycbMpT0Irqcz8juBbSHg,3.0,2014-12-03 00:42:44,night,2,0,1,medium,high,Indianapolis,Restaurants,1,0,0
ktm2YMsb65tRnePcYpVlqg,DeVlppoc8dPBhOCPrm4wmg,5.0,2014-12-03 02:14:43,night,2,0,1,long,high,Indianapolis,American (Traditional),3,1,1
CQe3-kNns5HGOxabNXuLbQ,ymoEdJB5NE56sWw74uyX7A,4.0,2014-12-03 03:00:38,night,2,0,1,medium,high,Indianapolis,Sushi Bars,2,1,1
RRsbPGYyKJ3zqMMkzcHZaQ,eMiN8nm70jjKg8izikVWDA,3.0,2014-12-03 03:24:13,night,2,0,1,long,high,Philadelphia,Seafood,2,1,1
ktm2YMsb65tRnePcYpVlqg,SSZDGl2J-CEyIzuIbEiYNQ,4.0,2014-12-03 04:23:54,night,2,0,1,long,high,Saint Louis,Bars,2,1,0
gRL9s6ENxV1qermRYDWjPQ,pafrjSu3h0v0N8GR3ghNtQ,4.0,2014-12-03 04:59:00,night,2,0,1,medium,high,Indianapolis,Cajun/Creole,1,0,1
5jKScvMqxW_rzd0D8xgX1A,cXSyVvOr9YRN9diDkaWs0Q,4.0,2014-12-03 06:07:23,night,2,0,1,long,high,Philadelphia,Southern,2,1,1
2EWTK9tYPn-UYC7lzDjpWQ,F_wIC6i5y4zdQyp99R7PdQ,1.0,2014-12-03 16:38:21,afternoon,2,0,1,long,high,Indianapolis,American (Traditional),1,0,0
8ZoIRlxtj6p1gtawxt7DNA,cHCRC7r9irhK0dIum1zeUw,5.0,2014-12-03 20:25:39,evening,2,0,1,long,high,Indianapolis,Cideries,2,1,0
4JJfd85Bxt9whgLjzJfzTw,1Efad30BdOeqqjX2d6P4sw,5.0,2014-12-03 20:40:22,evening,2,0,1,medium,high,Palm Harbor,Vegan,2,1,0
eh03Ytv4exbW33L2erx1kA,EpREWeEpmR8f1qLHzzF0AA,5.0,2014-12-04 01:58:31,night,3,0,0,short,high,Saint Louis,Local Flavor,2,1,1
eh03Ytv4exbW33L2erx1kA,M0r9lUn2gLFYgIwIfG8-bQ,5.0,2014-12-04 02:19:03,night,3,0,0,medium,high,Saint Louis,Ice Cream & Frozen Yogurt,2,1,0
kCBMksMPqNPw2dfWH_deXQ,tFpstYqxugKHzeyNUsuD_A,4.0,2014-12-04 15:00:10,afternoon,3,0,1,long,high,Carmel,American (Traditional),2,1,1
Yne5lL6wC3xz77E-uOf9HQ,ixPTo6Hum7nNZ7A4VPhTXg,3.0,2014-12-04 16:00:30,afternoon,3,0,1,long,high,Tampa,Restaurants,2,1,1
16yfdXvoj6ra0hqFjLu2cQ,kkcQYuF3w5iHnHMf0EnRhQ,4.0,2014-12-04 18:14:10,afternoon,3,0,0,medium,high,Philadelphia,Sandwiches,1,1,0
PpRKM2R73KAEAfjB6EX6YQ,O8YYh_b4hf82C4DAeBhmeQ,5.0,2014-12-04 19:21:27,evening,3,0,1,long,high,Havertown,Food,2,0,0
obAksk0tLwmo6Vb32fOgQQ,d_tRshM-w6S4QxE4VVi8tQ,4.0,2014-12-04 21:58:00,evening,3,0,0,medium,high,Philadelphia,American (New),2,1,0
obAksk0tLwmo6Vb32fOgQQ,TFnGJlA5l_HDdzGDkNTdTA,4.0,2014-12-04 21:58:53,evening,3,0,0,medium,high,Philadelphia,American (New),2,1,0
kkPgJv6KBFN15caG7NYYlg,v-CGMnVeRT_xRV6q_B7ySw,4.0,2014-12-05 06:58:33,night,4,0,1,long,high,Edmonton,Chinese,2,1,0
btSaJqMiUwMemMZ1AhCe3Q,MMRRS6YhVRx_iN5-JhMRYg,4.0,2014-12-05 14:05:10,afternoon,4,0,1,long,high,Philadelphia,Restaurants,2,1,0
V1rial53zLecglzJl9cIMA,kfN6roQlTHWvMNlYdq2zgw,3.0,2014-12-05 15:32:33,afternoon,4,0,1,medium,high,Chalfont,Restaurants,2,0,0
Hxx8FmhpxiugIrGRh8RDOg,JRoY9Mx2LghIki2Uo1SOJA,4.0,2014-12-05 17:34:21,afternoon,4,0,1,long,high,Belleville,Bars,2,1,1
hZ-ZtZ3bqZg6GhWepqj20g,M0r9lUn2gLFYgIwIfG8-bQ,4.0,2014-12-05 18:23:53,afternoon,4,0,1,long,high,Saint Louis,Ice Cream & Frozen Yogurt,2,1,0
KXYRjdlgg-Gw7mwF22ZAJg,6LCZLGa09Qifn6rG7-DNrg,4.0,2014-12-05 20:12:33,evening,4,0,1,medium,high,Philadelphia,Thai,2,0,0
SBjQX8BNQk4KtLVf8W14zQ,tez6k-WegNFjLju6Qz9Vdw,3.0,2014-12-05 21:48:50,evening,4,0,1,long,high,Smyrna,Restaurants,2,1,0
fr1Hz2acAb3OaL3l6DyKNg,TXoxXn3IETBBJxZQMQK3rw,4.0,2014-12-06 23:40:13,evening,5,1,1,long,high,Tampa,Seafood,2,1,0
CQe3-kNns5HGOxabNXuLbQ,cHCRC7r9irhK0dIum1zeUw,5.0,2014-12-07 00:57:27,night,6,1,1,long,high,Indianapolis,Cideries,2,1,0
IJJETLhfEVvuUF_UfA7Hug,qzCT_X5aTj8SkGpKdBYYdg,3.0,2014-12-07 05:16:36,night,6,1,1,long,high,Pinellas Park,Nightlife,2,1,0
VnwAkLCq_Xx2YlJck3AxTg,gzln_L7ch8z-Ob6autmumw,3.0,2014-12-08 17:26:05,afternoon,0,0,1,long,high,Seminole,Salad,1,1,1
xC-q_yh0XwcjRLimkS3RNg,RuBWR6CAgVi7iWR8LHUi6A,4.0,2014-12-17 21:58:29,evening,2,0,1,long,high,Edmonton,Barbeque,2,1,0
I-wq3PJNBlaZ8tpi0SdS8A,p7UGlPkE3Gagm9Mq7aHfYg,5.0,2014-12-17 23:30:10,evening,2,0,1,long,high,Saint Louis,Food,1,0,1
vffKQc_WQMYFGY4JS5VAOw,AOGFntN8SHBmRNYV6AhqgQ,3.0,2014-12-18 03:16:20,night,3,0,1,long,high,Tampa,Grocery,2,1,0
I2XpWCHAom1JRyHXZQrnfg,AOGFntN8SHBmRNYV6AhqgQ,4.0,2014-12-18 05:06:48,night,3,0,1,long,high,Tampa,Grocery,2,1,0
MTd-2hIbsAg8_r0qSoHqMQ,yN6jZyG1G1FG_HCZQlJZ1g,4.0,2014-12-18 13:33:14,afternoon,3,0,0,medium,high,Fishers,Restaurants,2,1,1
MTd-2hIbsAg8_r0qSoHqMQ,tFpstYqxugKHzeyNUsuD_A,2.0,2014-12-18 13:42:25,afternoon,3,0,0,medium,high,Carmel,American (Traditional),2,1,1
Yne5lL6wC3xz77E-uOf9HQ,U0ICWpbd1C0GD9SpIv3bSA,4.0,2014-12-18 14:28:57,afternoon,3,0,1,long,high,Brandon,Restaurants,2,1,1
Xw7ZjaGfr0WNVt6s_5KZfA,-6TttC-1-rf5gC0QHWrs_w,3.0,2014-12-18 17:35:48,afternoon,3,0,1,medium,high,Terrytown,Restaurants,1,1,0
dFi7kwnnWwCUV60-u35-gQ,SlZJATE_TGUU8X34UJNi4g,5.0,2014-12-18 18:40:28,afternoon,3,0,1,medium,high,Indianapolis,Mexican,2,1,1
Um5bfs5DH6eizgjH3xZsvg,STtVemevd30WoiZWn_taiQ,4.0,2014-12-18 22:18:07,evening,3,0,1,medium,high,Oldsmar,Latin American,1,0,1
_wRTBeEpjXvH6oSl2dMhLA,MquXDiKxHB4NYv5r5KodOQ,5.0,2014-12-19 02:57:11,night,4,0,1,long,high,Marlton,Restaurants,2,0,1
ozUHEpWDfRn7IKqluK503A,nX-8oJQFZGVyLvjDCFAzXw,3.0,2014-12-19 18:34:35,afternoon,4,0,1,long,high,Mount Laurel,Japanese,2,0,0
4Pk295jW5RiHkfG9Mmx8PQ,cXAKeC-EgVChIxhS7fscmw,3.0,2014-12-19 20:02:04,evening,4,0,1,medium,high,Tucson,Restaurants,2,1,1
P2FNLDMpSpdo92ydQlw7-g,LDkD5R5N7CG9yCD0YSLMZA,4.0,2014-12-19 21:00:35,evening,4,0,1,long,high,Tucson,Chinese,2,1,1
EFjyEu7ov5rYDSSo5M6MCg,qjXqWIBNvMcs1s4iMezNag,3.0,2014-12-19 23:15:26,evening,4,0,0,medium,high,Clearwater,Chicken Wings,1,1,0
5jKScvMqxW_rzd0D8xgX1A,JUlsvVAvZvGHWFfkKm0nlg,3.0,2014-12-20 03:03:19,night,5,1,1,long,high,Philadelphia,Mexican,2,1,1
WBlAiBpB9kMG2YbO7ngYvg,4S_yN5o0EvXvV6GNvesTKw,2.0,2014-12-20 19:04:32,evening,5,1,0,medium,high,Philadelphia,Restaurants,2,1,0
oLjseICFHuisZmxrm6bqxA,HU-S7rzIE1qDkCy4L54CHA,3.0,2014-12-20 22:19:52,evening,5,1,1,short,high,Tampa,Beer,1,1,1
cbY0f25GE3WLB5YUNQUgtw,VRGYwKE_Z77frm5NwLvJhw,5.0,2014-12-20 22:49:32,evening,5,1,0,medium,high,Nashville,Bars,2,1,0
zrESudirjip-s8wxxAB0xw,NMtUD873aWrNjljt3VOcFA,2.0,2014-12-21 01:18:33,night,6,1,1,long,high,Philadelphia,American (Traditional),3,1,0
OExmdhEdcKHQQqXrv6ftTg,eznriqn0sKt0D594H5OCcA,4.0,2014-12-21 03:21:32,night,6,1,1,long,high,Philadelphia,Mexican,1,1,0
Ff_kwM1B9CyOZCMK_1rOHg,BWITd9JUXP3gSi1z3Y-z8g,3.0,2014-12-21 05:03:28,night,6,1,1,long,high,Philadelphia,Italian,2,1,1
nNG4bDLxyTL87DuOa4nGsQ,fGYnHzFr1z2kv7bPRW6VMA,5.0,2014-12-21 10:47:25,morning,6,1,1,long,high,West Chester,Pizza,2,1,1
FqYiCra6wbBpN_jTWpaOAg,2GYg3liJ9-m6Z67L_4_BRQ,5.0,2014-12-21 13:57:28,afternoon,6,1,1,long,high,Philadelphia,Pets,2,0,0
gdE08fH1krgdIykCyWUj1A,mUIBtlWNPD7sz3rGGWQ1RA,5.0,2014-12-21 19:15:33,evening,6,1,0,long,high,Philadelphia,Mediterranean,2,0,1
1JtpcHELRrSDoWS80WtzuQ,2W0P6hXCbE6EgP5R6y9eBw,4.0,2014-12-21 23:04:02,evening,6,1,1,long,high,Indianapolis,Pizza,2,1,0
5jKScvMqxW_rzd0D8xgX1A,9gObo5ltOMo6UgsaXaHPWA,2.0,2014-12-22 00:32:48,night,0,0,1,long,high,Philadelphia,American (New),3,1,0
32bzjxbJCYM61y6sbA7rxA,bdfZdB2MTXlT6-RBjSIpQg,3.0,2014-12-22 03:17:33,night,0,0,0,medium,high,Isla Vista,Food,1,0,1
Va1VeFo3so8d444ohkSGjg,5xokROlB8Zo5T-_qbHzsrQ,2.0,2014-12-22 05:02:06,night,0,0,1,long,high,Tampa,Food,2,1,1
Um5bfs5DH6eizgjH3xZsvg,1Efad30BdOeqqjX2d6P4sw,4.0,2014-12-22 07:08:24,morning,0,0,1,long,high,Palm Harbor,Vegan,2,1,0
dIRTUvNn9HSG7SlCB1CdKw,-ATiAtTikuGuqvaW2O6tNA,2.0,2014-12-22 15:50:19,afternoon,0,0,0,medium,high,Philadelphia,Sandwiches,2,1,1
Cvi8nZTwDVaQkqmmgQwQMw,mbglgx3nbRRPKxh0SxDjNQ,5.0,2014-12-22 16:38:18,afternoon,0,0,1,long,high,Philadelphia,Latin American,1,0,1
GG0mFsEXb-02_dzFPqRV1Q,jxfAi7UDmtbhyPw7ZsfKVw,3.0,2014-12-22 17:41:00,afternoon,0,0,1,long,high,Media,Desserts,2,0,1
0Igx-a1wAstiBDerGxXk2A,PzhPMkaNYiKDTHoTG0r8rw,4.0,2014-12-22 21:03:45,evening,0,0,1,long,high,New Orleans,Vietnamese,1,0,1
60RKNAZwY5EUooJf624aKw,qhsJbgxVNDb0973r3Gjrow,4.0,2014-12-22 22:09:49,evening,0,0,1,long,high,Webster Groves,Nightlife,2,1,1
60RKNAZwY5EUooJf624aKw,p7UGlPkE3Gagm9Mq7aHfYg,5.0,2014-12-22 22:16:37,evening,0,0,1,long,high,Saint Louis,Food,1,0,1
KI4Qksd3x7eAJZp1OKZXfA,CPPOKMjjE3-au0BWdbC95Q,5.0,2014-12-22 22:24:29,evening,0,0,1,long,high,Reno,Latin American,1,1,1
I-wq3PJNBlaZ8tpi0SdS8A,8YdvaCDx8SQvuZCUyR2mkg,4.0,2014-12-22 22:27:16,evening,0,0,1,long,high,Town and Country,Florists,2,0,0
V1rial53zLecglzJl9cIMA,cGa8ySpfmtfQKPkHJKHnUw,2.0,2014-12-23 16:05:55,afternoon,1,0,1,long,high,Montgomeryville,Restaurants,1,0,0
y0HFxZKklJmALPdCg5_eLQ,b8EjtNcEKDbR1ATUaKO7WA,5.0,2014-12-23 16:50:57,afternoon,1,0,0,medium,high,Doylestown,Event Planning & Services,2,0,1
ivW0Vad81qJ8SIgqJ8p1Mw,cvHY1RTAPSoH94ysP2_eyQ,4.0,2014-12-24 17:00:26,afternoon,2,0,1,long,high,Nashville,Health Markets,2,1,1
VTHNbsEN_tmd7_--2Wv6LQ,MfK5DeKjnneIDZTUkUKP8g,4.0,2014-12-24 18:46:44,afternoon,2,0,1,medium,high,Carmel,Food,1,0,1
XzpJ4uHkxARCFQiZ9bffyg,Wr2k0Vz8RbcumYulp-jIrA,4.0,2014-12-24 19:39:14,evening,2,0,0,medium,high,Cherry Hill,Restaurants,2,0,0
rlG1sLt1SM_0lmAasBOYEg,KZe5kpIHWVuJl6WgNYzceg,4.0,2014-12-24 20:04:03,evening,2,0,1,medium,high,New Orleans,Cajun/Creole,1,1,0
1JtpcHELRrSDoWS80WtzuQ,Gf1EboxqdJ9SPsVJur93Cw,4.0,2014-12-24 20:15:44,evening,2,0,1,long,high,Indianapolis,Fast Food,1,1,0
stHAj4YnbLl3EIYsI5TrWA,Vnob_w_Aohf7ZDqxcJ9z2A,5.0,2014-12-24 23:42:51,evening,2,0,0,medium,high,New Orleans,Bars,2,1,0
zyvxtbh5eJ86bVgk52Yflg,pNu5bd9aL3jcJClfdQ86MQ,2.0,2014-12-26 16:44:16,afternoon,4,0,1,medium,high,St Louis,Mediterranean,2,1,1
AhZHhaMAT81y8nXr_cjpDA,dNR-b-CsrFGYhMo9zLMrCw,5.0,2014-12-27 02:35:05,night,5,1,0,medium,high,Brentwood,Japanese,2,0,0
pNF7ShX5v_BqbRNe0mFCUw,C_EtrXTygRX5RTUOKtO6Dg,3.0,2014-12-27 06:26:40,night,5,1,0,medium,low,Philadelphia,Nightlife,2,1,1
21FAnridQkQCJMM_PfyfcA,-kGUmgyeYcNDcuEr4FoVeA,2.0,2014-12-28 03:26:56,night,6,1,1,medium,high,Sparks,Pizza,2,1,1
V-Tv_2hv1Ag3wQrqOpVnEQ,3lBooCffgkW7tVSG5kILBA,4.0,2015-01-03 22:31:41,evening,5,1,1,long,high,Philadelphia,Restaurants,2,0,0
hWDybu_KvYLSdEFzGrniTw,roc-xyyzN5b_nImb0NdRLQ,4.0,2015-01-03 23:16:09,evening,5,1,1,long,high,Philadelphia,Restaurants,1,0,0
6Yy4vdVpfmy19SigDdVZtA,3sdlpskDaXr1P59BYjGoFw,4.0,2015-01-04 01:54:51,night,6,1,1,long,high,Philadelphia,Burgers,1,0,0
6NagSmaahFhlt3LEpnVXoQ,f4vbnGoGo3eWorVekctVGQ,4.0,2015-01-04 02:09:13,night,6,1,1,long,high,New Orleans,Restaurants,2,0,1
6Q8dQGr_DBKcmQ1aXVWvTQ,8zfkMJ0JkW8OnGTK0Pgabw,4.0,2015-01-04 14:59:10,afternoon,6,1,1,medium,high,Glendora,Food,2,0,0
5QRQJNdt3p6E7FWR9FEX3A,W4rgF_1eKzFZiGUOsgbGMA,4.0,2015-01-04 15:36:20,afternoon,6,1,1,long,high,Carmel,Pakistani,2,1,0
4XIjdvV3bz-e_NYzJRJLHg,B73uHrYlkCNOIS6JwGBqYg,4.0,2015-01-04 15:56:39,afternoon,6,1,1,long,high,Tucson,Tapas/Small Plates,2,1,0
kO30XR2WeF6bla6dK1ZZLw,oBhJuukGRqPVvYBfTkhuZA,4.0,2015-01-04 19:39:19,evening,6,1,1,long,high,Philadelphia,American (New),2,1,1
uGWYBQN3hNsKW7Bn4Tu4FQ,sLgnx_WFCjEoPsS6NwU70Q,2.0,2015-01-04 21:30:19,evening,6,1,1,long,high,Meridian,Event Planning & Services,1,1,0
v98WXw1EToiuPIxtE0aekQ,CVrU9WrUHs2SShb6RRMwVA,3.0,2015-01-04 23:42:45,evening,6,1,1,medium,high,Philadelphia,Specialty Food,1,0,0
UYU71DRx-UDAee-eFOFfWw,r-kln94enJMMmCWmzbXO2g,4.0,2015-01-05 01:08:53,night,0,0,1,long,high,Philadelphia,Food,2,0,0
IsEqTj43_J253muXem2S0g,wxNrsZt7towVK4LgjjEo1g,5.0,2015-01-05 04:28:01,night,0,0,0,medium,high,Moorestown,Italian,3,1,1
EDP-WIrKO3JP6PKu5hrMEg,1UNorskttXSWuEcgzKzXcA,2.0,2015-01-05 04:28:02,night,0,0,0,long,high,Philadelphia,Lounges,3,1,1
cIVmIJD7nIiEcVGamfBoVw,PYUI1OJVksGUbCrteU68bw,4.0,2015-01-05 19:01:28,evening,0,0,1,long,high,Philadelphia,Bars,2,1,1
jFSrZYDK85AM4Yhrbg99kg,pym7c6ZFEtmoH16xN2ApBg,3.0,2015-01-06 00:42:04,night,1,0,0,medium,high,New Orleans,Restaurants,2,1,1
SWwV8YhdTSSW4QFEDV7G-w,Xsvi9wYhD7u5XrK2EKDd8w,4.0,2015-01-06 01:07:35,night,1,0,1,medium,high,Tampa,Pizza,2,1,1
Yft76ogF5YzCQ4mn6vSQ6Q,rVfe1LHo55A2fworkm_jVw,5.0,2015-01-06 01:48:16,night,1,0,1,long,high,Philadelphia,Bars,2,1,0
twnjVzD9eONjFKcwLzNStQ,eS4billU3Yd9hoVUFfZFbA,5.0,2015-01-06 02:59:46,night,1,0,1,long,high,Clearwater,Hot Dogs,1,1,1
61FNJUiDqXReViksOYiILQ,cXSyVvOr9YRN9diDkaWs0Q,4.0,2015-01-06 15:37:28,afternoon,1,0,1,long,high,Philadelphia,Southern,2,1,1
dLeQWcavoGKfof59f3Y6uQ,rQCTWNMzIZTfqWEAjxDpKQ,4.0,2015-01-06 16:19:43,afternoon,1,0,1,long,high,Tampa,Ice Cream & Frozen Yogurt,1,1,1
gGuAM6Cw1VXJGLssm24ehA,f4vbnGoGo3eWorVekctVGQ,5.0,2015-01-06 17:07:26,afternoon,1,0,1,medium,high,New Orleans,Restaurants,2,0,1
gGuAM6Cw1VXJGLssm24ehA,4WdDY97x4GdMYtyk1KQMnw,5.0,2015-01-06 17:12:39,afternoon,1,0,1,medium,high,New Orleans,Cafes,2,0,0
btSaJqMiUwMemMZ1AhCe3Q,w9MojhsClMHHKK5pa8gcBw,2.0,2015-01-06 17:38:00,afternoon,1,0,1,medium,high,Tampa,Restaurants,1,0,0
fjkzmyW9Top964EMrY36KQ,7YhxsxMgrYJsu71nadfuTQ,1.0,2015-01-06 17:44:42,afternoon,1,0,1,short,high,Pinellas Park,Restaurants,2,1,0
x-LrGPXN7WFX15Qk9B6_YQ,LnZvGYbqozanOSevcftnrw,4.0,2015-01-06 18:33:59,afternoon,1,0,1,long,high,Philadelphia,Sandwiches,2,0,0
CZmwm1Qd3Ftr5TfAlnmWOA,MMRRS6YhVRx_iN5-JhMRYg,4.0,2015-01-06 21:26:06,evening,1,0,1,long,high,Philadelphia,Restaurants,2,1,0
FqYiCra6wbBpN_jTWpaOAg,G_kesdiiYUmTWV9yRHcuCg,4.0,2015-01-06 21:29:30,evening,1,0,1,medium,high,Bensalem,Pizza,1,0,0
p0MhNWkwOPBfRo8qUb7faw,E6WheRR9KwPwSs7k8Z7h0g,5.0,2015-01-06 22:57:51,evening,1,0,0,medium,high,Reno,Fast Food,1,0,0
4F59l8scDgg6BQx0HGRtcQ,5RzJ2bjU8bLSaN5SuiUpYA,4.0,2015-01-06 23:18:22,evening,1,0,1,medium,high,Indianapolis,Event Planning & Services,2,1,1
1bjo-xG3tKF5rQjRx5zW4Q,cXSyVvOr9YRN9diDkaWs0Q,5.0,2015-01-07 00:04:16,night,2,0,1,long,high,Philadelphia,Southern,2,1,1
Unk0vlfw3QrPrslXnXWSSw,sr-5EY6bmp4jINhea06MjA,5.0,2015-01-07 04:01:51,night,2,0,1,medium,high,Indianapolis,Restaurants,2,1,1
4F59l8scDgg6BQx0HGRtcQ,8bkSuPXdYW58QsUEOG77HQ,1.0,2015-01-07 14:34:24,afternoon,2,0,1,medium,high,Indianapolis,Italian,3,1,1
aIFbo8WaP6SCuOFnj_v9kA,pym7c6ZFEtmoH16xN2ApBg,3.0,2015-01-07 15:20:07,afternoon,2,0,0,medium,high,New Orleans,Restaurants,2,1,1
AaPhPor834YyMwCqOxytdQ,JQz0_R70G3bjQ5dRqrhxKQ,5.0,2015-01-07 16:00:18,afternoon,2,0,1,medium,high,Clearwater,Salad,2,1,1
FqYiCra6wbBpN_jTWpaOAg,PxEiXqMAzzvp8GFlb5EoLg,5.0,2015-01-07 19:34:16,evening,2,0,1,long,high,Philadelphia,Restaurants,2,1,1
_kcHxYPXRYjU4hk2xtCO0w,0ndzIekJs0PRPA5Aoz9sow,5.0,2015-01-07 20:24:19,evening,2,0,1,long,high,Metairie,Coffee & Tea,1,0,0
Bab2Cs8K6XYPG0USqVf70g,ixPTo6Hum7nNZ7A4VPhTXg,3.0,2015-01-07 21:08:46,evening,2,0,1,medium,high,Tampa,Restaurants,2,1,1
TlCZZbzVb67vGWWrUNBBVQ,zBOy9arp97nuwKuTal5Mkg,4.0,2015-01-07 22:49:59,evening,2,0,0,short,high,Philadelphia,Chinese,1,0,0
WT36RE4WkUIaEbLDjkPB3g,GUMVStVaJfWmCIpQA4TtHg,1.0,2015-01-08 00:18:06,night,3,0,1,long,high,Philadelphia,Restaurants,2,0,0
NGGd_11d2RXR8wTurenLgg,Km94SEqBokmuM_HKoy7WJQ,3.0,2015-01-08 14:23:55,afternoon,3,0,1,medium,high,Wilmington,Fashion,2,0,0
6InyxxWLYI0J9y4342o12Q,r7WwdseoJpfna4a57qeiag,3.0,2015-01-08 18:03:53,afternoon,3,0,1,long,high,Carmel,Fast Food,1,1,1
m8q0X8bt7UAlawSjbG0c7Q,35GCFtezJ3upyqGf-zJ8MA,4.0,2015-01-08 20:44:36,evening,3,0,0,medium,high,St. Petersburg,Food,2,1,0
vIcFuPtw8cRXRN0HJDXirQ,oBhJuukGRqPVvYBfTkhuZA,5.0,2015-01-08 21:32:21,evening,3,0,1,long,high,Philadelphia,American (New),2,1,1
PLOYtrCMUFPHQe2IbYAd5g,b2IDM2SC0HkcflLl_nSTrA,4.0,2015-01-09 01:09:55,night,4,0,1,long,high,Carmel,Bars,2,1,1
u8YXsT2UCNlIlGHS3LAmPg,NT5S6JV5wPwKOd3s3Yh1zQ,2.0,2015-01-09 01:12:19,night,4,0,1,medium,high,Nashville,Restaurants,2,1,0
CfX4sTIFFNaRchNswqhVfg,h6IzeUVASeDtvKhd2PEsKA,4.0,2015-01-09 06:00:24,night,4,0,1,medium,high,New Orleans,Food,2,0,0
-QmEKJ_CzZnT9biZHddfZQ,GUMVStVaJfWmCIpQA4TtHg,2.0,2015-01-09 08:21:12,morning,4,0,1,long,high,Philadelphia,Restaurants,2,0,0
-QmEKJ_CzZnT9biZHddfZQ,Q-prSTdggNlxAEFV88BZOw,5.0,2015-01-09 10:00:53,morning,4,0,1,long,high,Philadelphia,Beer,2,1,1
vALpp2IgoeeyiRoH1qRMuQ,hAmuto6UndVroyd_DaD-TA,3.0,2015-01-09 11:18:03,morning,4,0,1,long,high,Tampa,Specialty Food,2,1,0
OmL2bjLvvRxg1brM5Pehgw,RZtGWDLCAtuipwaZ-UfjmQ,3.0,2015-01-09 16:52:45,afternoon,4,0,1,medium,high,Philadelphia,Pizza,2,1,1
xqS2PjKu16g2cFDBNgJ8Ng,GBTPC53ZrG1ZBY3DT8Mbcw,3.0,2015-01-09 22:16:43,evening,4,0,1,long,high,New Orleans,German,2,1,0
PLOYtrCMUFPHQe2IbYAd5g,50TGaB-hcv4R3QiWUmIP_w,2.0,2015-01-10 19:40:12,evening,5,1,1,long,high,Indianapolis,Indian,2,1,0
lTLtF7JnFFPRe_iKWjW-vQ,WQ832PDnsDshhbQFm83ISg,5.0,2015-01-10 22:59:31,evening,5,1,0,medium,high,Tampa,Cinema,2,1,0
cPN4Kkk6UDTXCynsp_-7KQ,7lwe7n-Yc-V9E_HfLAeylg,2.0,2015-01-11 15:46:27,afternoon,6,1,0,long,high,Philadelphia,Restaurants,2,1,1
RBzELkwCOCla8yRrMZDGHQ,sr-5EY6bmp4jINhea06MjA,5.0,2015-01-13 18:30:25,afternoon,1,0,1,medium,high,Indianapolis,Restaurants,2,1,1
6InyxxWLYI0J9y4342o12Q,tFpstYqxugKHzeyNUsuD_A,3.0,2015-01-13 19:57:46,evening,1,0,1,long,high,Carmel,American (Traditional),2,1,1
z1-wLzYSLC7F7QnkeAQoOw,P_x9fEz8efemqOIV46S0tg,5.0,2015-01-18 14:47:08,afternoon,6,1,1,medium,high,St Petersburg,Bars,2,1,1
bbtc1OcdwTOsz3i7WwpHGA,iHcz4EQFvKoAvP8mhEbVew,4.0,2015-01-18 17:32:06,afternoon,6,1,0,medium,high,Chester,Caribbean,1,0,0
w5iiF7drL4mKBBO8oAUQqg,7lwe7n-Yc-V9E_HfLAeylg,4.0,2015-01-18 17:56:43,afternoon,6,1,0,medium,high,Philadelphia,Restaurants,2,1,1
w5iiF7drL4mKBBO8oAUQqg,MMRRS6YhVRx_iN5-JhMRYg,3.0,2015-01-18 18:04:20,afternoon,6,1,0,medium,high,Philadelphia,Restaurants,2,1,0
w5iiF7drL4mKBBO8oAUQqg,mUIBtlWNPD7sz3rGGWQ1RA,3.0,2015-01-18 18:21:38,afternoon,6,1,0,medium,high,Philadelphia,Mediterranean,2,0,1
w5iiF7drL4mKBBO8oAUQqg,-ATiAtTikuGuqvaW2O6tNA,2.0,2015-01-18 18:43:13,afternoon,6,1,0,medium,high,Philadelphia,Sandwiches,2,1,1
w5iiF7drL4mKBBO8oAUQqg,xCXGV3wEvYd4xBGx8ZRFQA,4.0,2015-01-18 19:06:55,evening,6,1,0,medium,high,Philadelphia,Restaurants,1,0,1
ibRrf8Kv4Oo-pUsAH9wtjw,NdqATFd0JsFzEOD8Z8pa5w,5.0,2015-01-18 21:50:03,evening,6,1,1,long,high,Carmel,American (Traditional),2,1,1
ibRrf8Kv4Oo-pUsAH9wtjw,sr-5EY6bmp4jINhea06MjA,5.0,2015-01-18 22:07:46,evening,6,1,1,long,high,Indianapolis,Restaurants,2,1,1
UqyjI4UQIpybgd8FkpEaaQ,4DVN5Uun3i-nmTIIOBhHog,2.0,2015-01-18 23:25:45,evening,6,1,1,long,high,Tampa,Caterers,2,0,1
8RcEwGrFIgkt9WQ35E6SnQ,oaboaRBUgGjbo2kfUIKDLQ,4.0,2015-01-18 23:27:36,evening,6,1,1,medium,high,Nashville,Ice Cream & Frozen Yogurt,2,0,0
8RcEwGrFIgkt9WQ35E6SnQ,oQ5CPRt0R3AzFvcjNOqB1w,3.0,2015-01-18 23:56:41,evening,6,1,1,medium,high,Nashville,Barbeque,2,1,1
dFi7kwnnWwCUV60-u35-gQ,EQ-TZ2eeD_E0BHuvoaeG5Q,4.0,2015-01-19 00:08:53,night,0,0,1,long,high,Indianapolis,Beer,2,1,1
8RcEwGrFIgkt9WQ35E6SnQ,pSmOH4a3HNNpYM82J5ycLA,3.0,2015-01-19 00:13:48,night,0,0,1,medium,high,Nashville,Restaurants,2,1,0
bdalWswHTzYC1RDBYLehgw,NT5S6JV5wPwKOd3s3Yh1zQ,3.0,2015-01-19 01:19:56,night,0,0,1,medium,high,Nashville,Restaurants,2,1,0
bdalWswHTzYC1RDBYLehgw,oQ5CPRt0R3AzFvcjNOqB1w,4.0,2015-01-19 01:26:35,night,0,0,1,long,high,Nashville,Barbeque,2,1,1
bdalWswHTzYC1RDBYLehgw,pSmOH4a3HNNpYM82J5ycLA,4.0,2015-01-19 01:33:33,night,0,0,1,medium,high,Nashville,Restaurants,2,1,0
bdalWswHTzYC1RDBYLehgw,_owHO6DTYU-XVP8jAcgZFw,3.0,2015-01-19 01:38:20,night,0,0,1,medium,high,Nashville,Pizza,2,1,1
bdalWswHTzYC1RDBYLehgw,H3JjbID9Zhukpqr9uupHAA,3.0,2015-01-19 01:40:19,night,0,0,1,long,high,Nashville,Burgers,2,1,1
bdalWswHTzYC1RDBYLehgw,vo12FJ4dAdP8Jr4ctFYRkg,4.0,2015-01-19 02:39:46,night,0,0,1,medium,high,Mount Juliet,Pizza,2,0,1
R-c5M0iJkMxxTxIqTQQZ8w,3Yogz58lIto-kceF2y-THg,2.0,2015-01-19 03:26:53,night,0,0,0,medium,high,Edmonton,Chinese,2,0,0
3tBluoSyAoMct4vPb25uug,d_tRshM-w6S4QxE4VVi8tQ,5.0,2015-01-19 03:46:57,night,0,0,0,long,high,Philadelphia,American (New),2,1,0
VB-DFqhRr_TPA1faJhHclA,QGUj9Za0iG_OJz0CqujE_Q,4.0,2015-01-19 14:10:56,afternoon,0,0,1,medium,high,Saint Petersburg,Sandwiches,1,0,1
VB-DFqhRr_TPA1faJhHclA,35GCFtezJ3upyqGf-zJ8MA,4.0,2015-01-19 14:14:17,afternoon,0,0,1,medium,high,St. Petersburg,Food,2,1,0
6InyxxWLYI0J9y4342o12Q,oJ4ik-4PZe6gexxW-tSmsw,3.0,2015-01-19 14:15:51,afternoon,0,0,1,long,high,Indianapolis,Nightlife,2,1,1
CjJhEzdWQNEKa7grwPRQyg,F8yozE3NWnImNApHO347gQ,4.0,2015-01-19 16:03:26,afternoon,0,0,1,long,high,Philadelphia,Restaurants,2,1,1
SYgVIFxAe0XWlcY1PPq_Gw,P8QLcGZZOPgl9w_3ARBKiQ,5.0,2015-01-19 16:24:44,afternoon,0,0,1,long,high,Philadelphia,Japanese,2,0,0
fo2c2mfebLM-5x0iFU3ZJA,-Or44IdY51Ukd618kikmtA,4.0,2015-01-19 16:27:08,afternoon,0,0,1,long,high,Philadelphia,Restaurants,1,1,1
6PZxoJFHQFfmN5J0eBqeyQ,lRbHFOIFuusN2WOR_ypQ_A,4.0,2015-01-19 20:10:36,evening,0,0,0,long,high,Philadelphia,Restaurants,2,0,0
Uv5UYI6aPzJG5OkeRtd4vg,71U7MxQEhwitJOm4CQpRwQ,3.0,2015-01-19 21:03:18,evening,0,0,1,long,high,Tampa,Japanese,2,1,1
J5UplcR8Txw8fmUm_4VifA,vG9aD-fvsIimgo-l7u8-AA,5.0,2015-01-19 22:50:47,evening,0,0,0,medium,high,Franklin,Restaurants,2,1,1
wqrbPeGf-bimRXU5t1x5Aw,P8QLcGZZOPgl9w_3ARBKiQ,4.0,2015-01-20 02:27:42,night,1,0,1,medium,high,Philadelphia,Japanese,2,0,0
KXX_KFF_TS2cKrg2_2RfSA,WXxZigTHz0ap8JXVCEEepA,5.0,2015-01-20 02:36:04,night,1,0,1,long,high,St Louis,Fast Food,1,0,0
rL5uMarIYnEMgDr09pafqg,pym7c6ZFEtmoH16xN2ApBg,5.0,2015-01-20 16:14:09,afternoon,1,0,1,long,high,New Orleans,Restaurants,2,1,1
OExmdhEdcKHQQqXrv6ftTg,uIZwBkvWicqyWraXvYOipw,4.0,2015-01-20 16:23:59,afternoon,1,0,1,long,high,Philadelphia,Restaurants,3,1,0
lAW03ccfMEuRZiDqvVgc0w,C-m2goUXTiEVrQBpXsiTLA,5.0,2015-01-20 17:18:19,afternoon,1,0,1,long,high,Edmonton,Dim Sum,2,1,0
1HM81n6n4iPIFU5d2Lokhw,qWZimITbVwNSGJZsuM47-Q,3.0,2015-01-20 18:28:01,afternoon,1,0,1,long,high,New Orleans,Nightlife,2,1,1
PpRKM2R73KAEAfjB6EX6YQ,gu9H6XoryCn07BfPsSdeSw,4.0,2015-01-20 18:28:28,afternoon,1,0,1,long,high,Springfield,Restaurants,1,1,0
bqHqs6JaWmZ2LpMbizMfaQ,rOsC1rDpIxvNoHxEvNFjeA,5.0,2015-01-20 19:31:33,evening,1,0,1,medium,high,New Orleans,Burgers,2,1,1
Xw7ZjaGfr0WNVt6s_5KZfA,jMZ56S8Y1t7cA1Ob-d-qeA,5.0,2015-01-20 19:44:18,evening,1,0,1,long,high,New Orleans,Nightlife,2,1,0
yBUmqGw2u0CAiYulUBiSWQ,EpREWeEpmR8f1qLHzzF0AA,4.0,2015-01-20 19:45:52,evening,1,0,0,long,high,Saint Louis,Local Flavor,2,1,1
A_cc2tU92JcCmk71LmrFsg,2KIDQyTh-HzLxOUEDqtDBg,3.0,2015-01-20 19:56:41,evening,1,0,0,long,high,Saint Petersburg,Specialty Food,2,1,0
aSxBK-o7EQg6t7sjy-GH0g,UCMSWPqzXjd7QHq7v8PJjQ,4.0,2015-01-20 20:59:57,evening,1,0,1,medium,high,Tucson,Restaurants,2,1,1
-QmEKJ_CzZnT9biZHddfZQ,P8QLcGZZOPgl9w_3ARBKiQ,3.0,2015-01-20 23:39:37,evening,1,0,1,long,high,Philadelphia,Japanese,2,0,0
-QmEKJ_CzZnT9biZHddfZQ,U30ggGzFpXvc2NZYwOW3qg,4.0,2015-01-21 00:26:22,night,2,0,1,long,high,Philadelphia,Cafes,1,0,1
uPr3t2M-OykA8M_oro7j1A,g8ZqVCalVp-PsOqyS4dXGw,4.0,2015-01-21 01:54:29,night,2,0,1,medium,high,Media,Restaurants,2,0,0
-QmEKJ_CzZnT9biZHddfZQ,mpVZG520RL-K1YeQi55ZPg,4.0,2015-01-21 05:53:50,night,2,0,1,long,high,Philadelphia,Burgers,1,1,0
SYgVIFxAe0XWlcY1PPq_Gw,IH_ZeeTh13jQURbh31d1Kw,4.0,2015-01-21 14:30:01,afternoon,2,0,1,long,high,Philadelphia,Restaurants,1,1,0
Yne5lL6wC3xz77E-uOf9HQ,z55MjytBCcIza_LFT73Lzg,5.0,2015-01-21 18:24:29,afternoon,2,0,1,short,high,Tampa,Sandwiches,1,0,0
TR7ezcRznfr1Jif7euZZJg,-nXZLIhPQcYYJiLI3weqGQ,4.0,2015-01-22 00:08:02,night,3,0,1,long,high,Pennington,Food,2,0,0
fxeRdFmgY6tbTyidpcdFLw,BDYL4lMlT6fpKgiNlJRclA,3.0,2015-01-22 17:19:11,afternoon,3,0,1,long,high,Fairview Heights,Seafood,2,1,0
AmM4Lfk15XfqRGCINWgkOQ,ZhCnKe7U1TsHWnAlXl8Isw,4.0,2015-01-22 19:12:37,evening,3,0,1,long,high,Saint Louis,Restaurants,2,1,1
EbU4rotPHfMKpcQUfhnlYw,HCbJPXWXvwN-C7XfmVy3gA,4.0,2015-01-22 19:17:36,evening,3,0,0,short,high,Indianapolis,Desserts,2,1,1
ZCd8JIPT6bovm9-L3ZH1aQ,UCMSWPqzXjd7QHq7v8PJjQ,5.0,2015-01-22 20:34:25,evening,3,0,1,medium,high,Tucson,Restaurants,2,1,1
H8evlZitNdbCar4jqG_lZw,Uy0r4bzRmY5LFtDfzNgkag,5.0,2015-01-22 22:49:49,evening,3,0,1,long,high,University City,Mexican,2,1,0
IcowqfUjDSmdwtT0vp4pRg,Ho0uAnaLL57On7enESYfeA,2.0,2015-01-23 02:35:14,night,4,0,1,medium,high,Fairview Heights,Health & Medical,2,0,0
bbPl-oSG4eLJL1uWupxiwg,EtKSTHV5Qx_Q7Aur9o4kQQ,2.0,2015-01-23 12:15:16,morning,4,0,0,long,high,Philadelphia,Bars,2,1,1
njJjEOLRTo03Fwp4jg_Jpg,7kv0_b00dLOqKxaHb7Xfeg,5.0,2015-01-23 15:26:02,afternoon,4,0,1,short,high,Indianapolis,Food,1,0,1
9kbV0gn3Ea2eAMV-Z_eX8Q,MpkCQTOV6D3XGRPbtQPj5Q,4.0,2015-01-23 16:33:22,afternoon,4,0,1,long,high,Avon,Vietnamese,1,0,0
Uv5UYI6aPzJG5OkeRtd4vg,cg4JFJcCxRTTMmcg9O9KtA,2.0,2015-01-23 19:42:58,evening,4,0,1,medium,high,Tampa,Wine Bars,2,1,1
wUTjHpPAs6EWFZtMfEQUiw,V6Om7YZhlRQRU7WfuxHq8Q,4.0,2015-01-23 20:38:10,evening,4,0,0,short,high,Philadelphia,Restaurants,1,0,0
5jKScvMqxW_rzd0D8xgX1A,j_dA2oE0St07hd7bqLKgBg,4.0,2015-01-23 23:28:37,evening,4,0,1,long,high,Philadelphia,Restaurants,2,0,0
_ry8RIiiS_k0_7MYhEu_hg,Zh8X1au_crT9jBs2LlPb2Q,4.0,2015-01-24 03:22:40,night,5,1,1,long,high,Philadelphia,Restaurants,3,1,0
vffKQc_WQMYFGY4JS5VAOw,rQCTWNMzIZTfqWEAjxDpKQ,3.0,2015-01-24 15:52:40,afternoon,5,1,1,long,high,Tampa,Ice Cream & Frozen Yogurt,1,1,1
7xWrRJ5kfgcQyQ3UL3fImQ,PYUI1OJVksGUbCrteU68bw,5.0,2015-01-24 16:45:46,afternoon,5,1,1,long,high,Philadelphia,Bars,2,1,1
vDACtEdgJP3mS-U0_NA0Pw,hwrFnVzxb-hn7TiTlkZJHg,5.0,2015-01-24 21:41:01,evening,5,1,1,medium,high,Saint Louis,Beer,2,0,0
en9InA1FGqAbbM2-KpqgBA,PzhPMkaNYiKDTHoTG0r8rw,3.0,2015-01-25 03:42:07,night,6,1,1,long,high,New Orleans,Vietnamese,1,0,1
rlG1sLt1SM_0lmAasBOYEg,-6TttC-1-rf5gC0QHWrs_w,4.0,2015-01-25 07:12:06,morning,6,1,1,short,high,Terrytown,Restaurants,1,1,0
4JJfd85Bxt9whgLjzJfzTw,STtVemevd30WoiZWn_taiQ,4.0,2015-01-25 23:25:01,evening,6,1,1,medium,high,Oldsmar,Latin American,1,0,1
4JJfd85Bxt9whgLjzJfzTw,gJ9YeSqAMMF0M0-y58j0Gg,2.0,2015-01-25 23:35:28,evening,6,1,1,medium,high,Oldsmar,Chicken Wings,1,0,0
YlWqbKfRinSudpLlgTxKbA,9V0LMtO1riRw9-pUuG4NFg,5.0,2015-01-26 04:00:59,night,0,0,1,long,high,Indianapolis,Latin American,2,1,1
dMBzfEZVid6__5D4D5IgBw,EtKSTHV5Qx_Q7Aur9o4kQQ,5.0,2015-01-26 13:48:58,afternoon,0,0,0,medium,high,Philadelphia,Bars,2,1,1
bcjbaE6dDog4jkNY91ncLQ,nGYXglmKHgUcovuTHIg6_A,4.0,2015-01-27 19:17:39,evening,1,0,0,medium,high,New Orleans,Event Planning & Services,2,0,0
nlQGyti20c07rpTSYYoNZQ,2KIDQyTh-HzLxOUEDqtDBg,5.0,2015-01-28 15:32:15,afternoon,2,0,0,long,high,Saint Petersburg,Specialty Food,2,1,0
DCfZ-fEvzoEEsGMyDIKpKw,ab3pRv-b0o-BwMK2jVbH3Q,5.0,2015-01-28 20:49:33,evening,2,0,1,long,high,Clearwater,Restaurants,2,1,1
EFjyEu7ov5rYDSSo5M6MCg,7EhTT4iEuA7JaaWA-eI3Qw,4.0,2015-02-02 14:51:35,afternoon,0,0,0,long,high,Pinellas Park,Food,1,0,1
Ot3dwSCZ-1m_z-rIoG5tNA,yDHINEt7By47My7x4Mb8oA,1.0,2015-02-02 17:28:57,afternoon,0,0,0,long,high,West Conshohocken,Salad,2,1,1
Ot3dwSCZ-1m_z-rIoG5tNA,DsKzHnkLKnxZTVsFpts4oA,2.0,2015-02-02 18:05:44,afternoon,0,0,0,medium,high,Philadelphia,Breakfast & Brunch,2,1,0
AaPhPor834YyMwCqOxytdQ,GyC36Pn0Q1-qHnqXys6yFg,3.0,2015-02-02 19:49:21,evening,0,0,1,long,high,Tampa,Southern,2,0,1
qjfMBIZpQT9DDtw_BWCopQ,KhBUg5QhBYuK8RZAe5gDMQ,4.0,2015-02-02 20:15:22,evening,0,0,1,long,high,Tampa,Restaurants,2,1,0
7nq09jiKpW9xw9J9iKUbpg,9gObo5ltOMo6UgsaXaHPWA,5.0,2015-02-02 21:14:55,evening,0,0,1,long,high,Philadelphia,American (New),3,1,0
aY7Tuiui3BbrLGgVpgziZA,GBTPC53ZrG1ZBY3DT8Mbcw,5.0,2015-02-02 23:24:06,evening,0,0,1,long,high,New Orleans,German,2,1,0
p0MhNWkwOPBfRo8qUb7faw,_TANOcxwIOmQhk1mnXaj7w,1.0,2015-02-02 23:40:44,evening,0,0,0,long,high,Reno,Hot Dogs,1,1,0
u8YXsT2UCNlIlGHS3LAmPg,iCKF72z3fqRTF1vxdBZINQ,5.0,2015-02-03 02:15:05,night,1,0,1,short,high,Nashville,American (Traditional),2,1,1
9qBdzBzoDxLFSMhhGrTWJg,M0r9lUn2gLFYgIwIfG8-bQ,4.0,2015-02-03 17:04:28,afternoon,1,0,0,medium,high,Saint Louis,Ice Cream & Frozen Yogurt,2,1,0
9qBdzBzoDxLFSMhhGrTWJg,-bGw8ARHQucKWEHEkxpGFw,4.0,2015-02-03 17:20:52,afternoon,1,0,0,medium,high,St. Louis,Bakeries,1,0,1
V-Tv_2hv1Ag3wQrqOpVnEQ,oBhJuukGRqPVvYBfTkhuZA,4.0,2015-02-03 18:53:35,afternoon,1,0,1,long,high,Philadelphia,American (New),2,1,1
btSaJqMiUwMemMZ1AhCe3Q,KhBUg5QhBYuK8RZAe5gDMQ,4.0,2015-02-03 18:53:47,afternoon,1,0,1,medium,high,Tampa,Restaurants,2,1,0
vBFtIlBirAvgbTrxE6w30A,Oun4NN-u5yiHIxDqtJnxgA,4.0,2015-02-03 19:24:04,evening,1,0,0,long,high,Philadelphia,Restaurants,1,0,0
4Pk295jW5RiHkfG9Mmx8PQ,lS1dmSXpAtQqT04eRm9kiA,3.0,2015-02-04 00:31:28,night,2,0,1,medium,high,Tucson,Restaurants,1,1,1
VB-DFqhRr_TPA1faJhHclA,iSJlDpeYlhUYLGpkVwolMA,4.0,2015-02-04 00:58:40,night,2,0,1,long,high,Tampa,Nightlife,1,1,0
tqDxGR6FRIGcnIhpA8e4_Q,f82dhKNiUXsDVPMLqKYiIQ,4.0,2015-02-04 12:59:16,morning,2,0,0,medium,high,Tucson,Restaurants,2,1,0
0s4zhb05z65FSco0i12SxA,lIcpuosu_UVSy-sfWDecoQ,1.0,2015-02-04 13:37:35,afternoon,2,0,1,long,high,Maryland Heights,Sports Bars,1,1,0
Cltm3tgipVMnVbzpv7K1Vw,SNQ8sn7R9_e92GWKMCNSgg,4.0,2015-02-04 13:49:01,afternoon,2,0,1,long,high,Saint Louis,Fast Food,1,0,0
F76i3Syqc_jTR2m2vXGwuQ,RhuYqAT45uIR2NNdDsolXQ,4.0,2015-02-04 15:00:47,afternoon,2,0,0,medium,high,Tucson,Restaurants,1,0,0
IyIsFkVY48JWa01inv-7zA,AKFahOtdDQA7NVXZyDajCA,5.0,2015-02-04 15:49:23,afternoon,2,0,1,medium,high,Tucson,Flowers & Gifts,2,0,0
dqucQwA-CHWhUczwqIxKKg,MZW_eTFYFBvHYg5OFqDRCA,3.0,2015-02-04 16:00:36,afternoon,2,0,1,medium,high,Wilmington,Burgers,2,1,1
Sz8Og_uKzfPnElZetadDZQ,hYonVJe6xzVBHHT2FLo4zg,4.0,2015-02-04 16:01:43,afternoon,2,0,1,long,high,Nashville,Restaurants,2,1,1
y0HFxZKklJmALPdCg5_eLQ,cdIZWzfLzU8AAnS0rWQXdw,4.0,2015-02-04 16:26:56,afternoon,2,0,0,medium,high,Doylestown,Restaurants,3,1,1
ky3m9-iihoIPInRcJM1r0Q,TghRoAMx43V-9l7mH-SENg,2.0,2015-02-04 17:28:51,afternoon,2,0,0,long,high,Clearwater Beach,Food,2,1,1
WY7FOzVi4Fa9zezilupH5w,Zh8X1au_crT9jBs2LlPb2Q,4.0,2015-02-04 19:32:06,evening,2,0,1,long,high,Philadelphia,Restaurants,3,1,0
6InyxxWLYI0J9y4342o12Q,tX1rierR7E6yrmBvF9nkEw,3.0,2015-02-05 01:10:13,night,3,0,1,long,high,Indianapolis,Diners,2,1,0
6InyxxWLYI0J9y4342o12Q,C-L3Idjx0RvopgmnkbOpmA,2.0,2015-02-05 01:14:33,night,3,0,1,long,high,Indianapolis,American (Traditional),2,0,1
fT403FEKB5VJqpjq-hdVxQ,W0vdz23JQtVQX5vJkiCj3g,2.0,2015-02-05 02:43:16,night,3,0,1,long,high,Saint Petersburg,Bars,2,1,1
WuiEYopWZOWOuWQD87fVSw,YtSqYv1Q_pOltsVPSx54SA,4.0,2015-02-05 15:12:55,afternoon,3,0,1,long,high,Philadelphia,Wine Bars,3,1,0
3KSZIUQjmcwn3IqmZEABdQ,LAOdChV60GwEJHE7UwDKyw,4.0,2015-02-05 16:55:32,afternoon,3,0,0,medium,high,Clearwater,Restaurants,1,0,0
ZdYHJ-hctaaDeH1CpP7-EA,JomDoQafikclSVVCPkWjnA,5.0,2015-02-05 17:30:14,afternoon,3,0,1,medium,high,Philadelphia,Diners,1,0,0
bfpdkDQfWjWoJRAsbtfATQ,cg4JFJcCxRTTMmcg9O9KtA,5.0,2015-02-05 18:55:28,afternoon,3,0,1,long,high,Tampa,Wine Bars,2,1,1
WuiEYopWZOWOuWQD87fVSw,7yPzOek7Af2dKWGYKpcHWA,5.0,2015-02-05 20:41:07,evening,3,0,1,long,high,Philadelphia,Restaurants,2,0,0
WuiEYopWZOWOuWQD87fVSw,P8QLcGZZOPgl9w_3ARBKiQ,3.0,2015-02-05 20:50:21,evening,3,0,1,long,high,Philadelphia,Japanese,2,0,0
9-z8DCVGGVhgwU-etc4zIA,FHNIvNgh3fS7VZQq2Y3dsA,4.0,2015-02-05 21:53:52,evening,3,0,1,long,high,Philadelphia,Asian Fusion,2,1,0
p0MhNWkwOPBfRo8qUb7faw,diwwt5QBU3-Thig9SVlsOA,3.0,2015-02-05 22:55:04,evening,3,0,0,long,high,Reno,Bars,2,1,0
EbU4rotPHfMKpcQUfhnlYw,i7syG2Gyr_qVPR1GwehzuA,4.0,2015-02-05 23:54:49,evening,3,0,0,short,high,Indianapolis,Restaurants,3,1,0
8ybqiIIq9AWe4AmrQEq8qA,tNnVxOC_9p8UK3N_2-yCtQ,4.0,2015-02-06 00:53:48,night,4,0,0,long,high,Cherry Hill,Korean,2,0,0
G5HTJzuYXglHpb6BamwV_w,oQ5CPRt0R3AzFvcjNOqB1w,5.0,2015-02-06 02:39:06,night,4,0,1,long,high,Nashville,Barbeque,2,1,1
I-wq3PJNBlaZ8tpi0SdS8A,IFKCqDKdrAOtph_TEi8ycw,4.0,2015-02-06 03:22:07,night,4,0,1,long,high,Saint Louis,Sports Bars,1,1,1
Kl7RbNm-2OnFWEuWx1ASfg,jg1YxrBaK9cB4OT1Zx49Hg,4.0,2015-02-06 15:59:50,afternoon,4,0,1,long,high,Tucson,Restaurants,2,1,1
LUnCGVyQE0v0cAjJfkqM_A,9mE7Xp0hH6TMv3eaf2Ylxg,4.0,2015-02-06 22:00:51,evening,4,0,0,medium,high,Franklin,Bars,3,1,0
LUnCGVyQE0v0cAjJfkqM_A,1ig2AJg8A08_XA3pFAMiRQ,5.0,2015-02-06 22:13:18,evening,4,0,0,medium,high,Franklin,Steakhouses,3,1,0
LUnCGVyQE0v0cAjJfkqM_A,xs5gxwXz1QFlWy62XAH-9Q,3.0,2015-02-06 22:21:00,evening,4,0,0,medium,high,Franklin,Pizza,1,1,1
LUnCGVyQE0v0cAjJfkqM_A,uE3yzH2l1A_FYciu95EptA,4.0,2015-02-06 22:24:50,evening,4,0,0,medium,high,Franklin,Restaurants,2,1,0
fJ8VAC3EuN4OEoh-WzL2Og,xT41eqUSsM_MDE1Vjhq20A,4.0,2015-02-06 22:50:51,evening,4,0,0,long,high,Tampa,Gluten-Free,2,0,1
U-_NAY29g2t6jP7HRVgK8g,iSJlDpeYlhUYLGpkVwolMA,4.0,2015-02-07 00:34:51,night,5,1,1,medium,high,Tampa,Nightlife,1,1,0
SBjQX8BNQk4KtLVf8W14zQ,JakK5CvB7qYMEGqbuNh5fg,4.0,2015-02-07 05:37:57,night,5,1,1,long,high,Smyrna,Fashion,2,0,0
zD1T8JFx3O1Rf9aNu49rpQ,2er_V-oAd7IbQ5YTY56r7A,5.0,2015-02-07 18:41:04,afternoon,5,1,0,short,high,Philadelphia,Restaurants,2,1,1
5eiLUiKhnbVteCkqKGYl8Q,dBCNUSbz5-8nQNrxWo5deg,5.0,2015-02-07 23:10:24,evening,5,1,1,medium,high,Southampton,Restaurants,2,1,0
6JejVLZl5M-IB3UkNTkXtQ,Bt7NBqA31uOI4H_hvasLLg,3.0,2015-02-08 00:52:43,night,6,1,1,medium,high,New Orleans,Caterers,2,1,1
aSxBK-o7EQg6t7sjy-GH0g,jg1YxrBaK9cB4OT1Zx49Hg,4.0,2015-02-08 04:51:02,night,6,1,1,medium,high,Tucson,Restaurants,2,1,1
8bZ9QiMWMpAka36qHh2OSg,giDsHBlGhHwqNZkmOV9aYQ,3.0,2015-02-08 16:03:47,afternoon,6,1,1,long,high,Chester,Restaurants,2,1,0
XD_SGGnLRR-NmdI_jjobZg,O6hY9yenifuRXrpc4TfgsQ,3.0,2015-02-08 19:33:18,evening,6,1,1,long,high,Philadelphia,Restaurants,2,1,1
XD_SGGnLRR-NmdI_jjobZg,kxX2SOes4o-D3ZQBkiMRfA,4.0,2015-02-08 19:48:15,evening,6,1,1,long,high,Philadelphia,Halal,2,0,0
o6ob4f_GwT2PRXcqW2uidQ,NT5S6JV5wPwKOd3s3Yh1zQ,4.0,2015-02-08 22:56:50,evening,6,1,0,medium,high,Nashville,Restaurants,2,1,0
EtT1tdGlMB4nPRBekuWbqg,z680Aylt8wN2KAeFM1hy-A,5.0,2015-02-09 01:20:03,night,0,0,1,long,high,Indianapolis,Bars,2,1,1
Wjia69bHEb7xeWMlxWNPGA,2kuhZOrWcLYe_XePccr4lA,4.0,2015-02-09 12:35:34,morning,0,0,1,long,high,Tampa,Restaurants,2,1,1
xC-q_yh0XwcjRLimkS3RNg,jZsfzsAwwPxsBlAvcWPVUg,4.0,2015-02-09 18:11:31,afternoon,0,0,1,long,high,Edmonton,Vietnamese,2,0,0
VnwAkLCq_Xx2YlJck3AxTg,2KIDQyTh-HzLxOUEDqtDBg,5.0,2015-02-10 18:35:36,afternoon,1,0,1,medium,high,Saint Petersburg,Specialty Food,2,1,0
U7aysStyFtCUVdFRTpMQ3A,tYqIKRQjDCywDVkbfUGSug,5.0,2015-02-12 21:52:18,evening,3,0,0,medium,high,Bensalem,Bakeries,1,0,0
NUtIAX-ygn474tDg5nmesg,-ATiAtTikuGuqvaW2O6tNA,2.0,2015-02-16 05:53:31,night,0,0,1,medium,high,Philadelphia,Sandwiches,2,1,1
NUtIAX-ygn474tDg5nmesg,GUMVStVaJfWmCIpQA4TtHg,3.0,2015-02-16 06:32:34,night,0,0,1,long,high,Philadelphia,Restaurants,2,0,0
NUtIAX-ygn474tDg5nmesg,uMT7H0shZK4-pQ_J2qMEWA,5.0,2015-02-16 07:02:17,morning,0,0,1,long,high,Philadelphia,Grocery,1,0,0
NUtIAX-ygn474tDg5nmesg,rQW9iupvhk6ScPn2VPNLVQ,5.0,2015-02-16 07:05:21,morning,0,0,1,medium,high,Philadelphia,Food Trucks,1,0,0
NUtIAX-ygn474tDg5nmesg,6LCZLGa09Qifn6rG7-DNrg,4.0,2015-02-16 07:20:16,morning,0,0,1,long,high,Philadelphia,Thai,2,0,0
vNTIw7KCKcRi6s9NJPzGTg,1JtpcHELRrSDoWS80WtzuQ,4.0,2015-02-16 12:44:50,morning,0,0,0,medium,high,Goodlettsville,Food,2,1,1
dLeQWcavoGKfof59f3Y6uQ,BjBDHqHhMXSxgyVipccznQ,4.0,2015-02-16 17:02:37,afternoon,0,0,1,long,high,Tampa,African,3,1,0
_ry8RIiiS_k0_7MYhEu_hg,U30ggGzFpXvc2NZYwOW3qg,5.0,2015-02-16 17:17:08,afternoon,0,0,1,long,high,Philadelphia,Cafes,1,0,1
Jl4kC3eiGlEgEylXpOj7-Q,I2CxrvM0BGH1svfxqGGD2g,3.0,2015-02-16 18:11:07,afternoon,0,0,1,medium,high,Nashville,Automotive,2,1,1
WY7B-CBeLbjjDBr73l4k-A,9nkYaCQRyO0fi8SrXDFhGw,1.0,2015-02-16 21:32:30,evening,0,0,0,long,high,Philadelphia,Food,3,0,0
miwSBbmZQXOkNo7XPMiEXA,8OPE0UaZHf7vdYkgbIj8vg,2.0,2015-02-16 21:44:55,evening,0,0,0,long,high,Indianapolis,American (New),2,1,1
NUtIAX-ygn474tDg5nmesg,dSPA4yql9vUwnYRxHiVtHA,3.0,2015-02-17 04:03:25,night,1,0,1,long,high,Philadelphia,Sushi Bars,2,0,1
eFUcc2QbaW0InWgsBsMiwA,UNRqCfwvvcU7jdbvExbhDg,4.0,2015-02-17 15:57:53,afternoon,1,0,1,medium,high,Bryn Mawr,Irish Pub,2,1,0
NUtIAX-ygn474tDg5nmesg,u7_3L1NBWgxhBM_B-cmmnA,3.0,2015-02-17 16:05:35,afternoon,1,0,1,medium,high,Philadelphia,Italian,2,1,1
tqDxGR6FRIGcnIhpA8e4_Q,KAk07Tbv0UsoY-s7RYfepg,2.0,2015-02-17 16:08:10,afternoon,1,0,0,long,high,Tucson,Restaurants,2,1,0
eFUcc2QbaW0InWgsBsMiwA,2rQFgavS-942RapZTBSBTw,4.0,2015-02-17 17:05:24,afternoon,1,0,1,long,high,Bryn Mawr,Italian,2,1,1
OLGQ7alK4VKl3YdQk6UF5g,uMT7H0shZK4-pQ_J2qMEWA,5.0,2015-02-17 19:59:43,evening,1,0,1,long,high,Philadelphia,Grocery,1,0,0
WY7FOzVi4Fa9zezilupH5w,MMRRS6YhVRx_iN5-JhMRYg,5.0,2015-02-17 20:51:55,evening,1,0,1,long,high,Philadelphia,Restaurants,2,1,0
eVWgnIaMMelbcIzydSqWMA,Su_KoRa64akK19myzyK3xA,4.0,2015-02-17 20:56:47,evening,1,0,1,long,high,Philadelphia,Restaurants,3,1,1
V-Tv_2hv1Ag3wQrqOpVnEQ,VJEzpfLs_Jnzgqh5A_FVTg,5.0,2015-02-17 21:32:11,evening,1,0,1,medium,high,Philadelphia,Soup,2,0,1
tywhgQd-CMbishWP-v6W2Q,s3FRhtaNU8dt-mKkLKUQaQ,2.0,2015-02-18 03:54:18,night,2,0,1,medium,high,Nashville,Sushi Bars,2,1,1
Um5bfs5DH6eizgjH3xZsvg,Sl8hH3uzlFoO29Ip5cIKeg,3.0,2015-02-18 04:38:53,night,2,0,1,medium,high,Tampa,American (New),1,0,0
Um5bfs5DH6eizgjH3xZsvg,gk8l75GLFUsFr0kS5uLtkQ,4.0,2015-02-18 04:50:57,night,2,0,1,medium,high,Carrollwood,Chicken Wings,1,0,0
G3h8pIclwUbuu3itJqF7ug,QU6xxKwHXR6xQ5oi2yIKLw,4.0,2015-02-18 06:24:23,night,2,0,1,long,high,Edmonton,Grocery,1,0,0
i4gFMzrV-FlUElIipCV56w,7clCBgNbd-x2Wj96lZ6Mjw,5.0,2015-02-18 15:21:52,afternoon,2,0,1,long,high,Indianapolis,Food,2,1,0
lU9v6r4bo6nh1i5z4Z-BDg,kd0Sv_ZjnBhbMxs0U4KgQw,5.0,2015-02-18 17:28:46,afternoon,2,0,1,short,high,Phoenixville,Latin American,2,1,1
rpqPEEh6dWg8228Qu63uUQ,N7wYxm84QtcqTJZfGWpxzw,3.0,2015-02-18 18:41:49,afternoon,2,0,1,long,high,Franklin,Food,1,0,0
aSxBK-o7EQg6t7sjy-GH0g,wa_bwyY57etHjtJ2Fw0E3g,3.0,2015-02-18 19:14:29,evening,2,0,1,medium,high,Tucson,Vegetarian,2,1,1
nlQGyti20c07rpTSYYoNZQ,VZfc50XVwgdCecH4YbGNFg,3.0,2015-02-18 20:00:43,evening,2,0,0,long,high,Tampa,American (New),2,1,1
bo4WKYqBoT0Cc23epTo8pA,yLIn3po-fKb0T3UIoJdiyQ,4.0,2015-02-18 20:10:31,evening,2,0,1,long,high,Edmonton,Italian,2,1,1
K45F8uWoeXLXt-CXjCAbFQ,B73uHrYlkCNOIS6JwGBqYg,3.0,2015-02-18 20:43:11,evening,2,0,0,long,high,Tucson,Tapas/Small Plates,2,1,0
V9DkyuJkU3YcUjZ8b98I8A,DNtXVS0xYn0n8Cscmj9JSg,3.0,2015-02-18 22:04:06,evening,2,0,0,medium,high,Saint Louis,Chicken Wings,2,1,1
VVNj3hSE8drWCu8xUXH05Q,HcEOK1WiOpHvhZtp7PkRmg,4.0,2015-02-18 22:39:02,evening,2,0,1,long,high,Nashville,Restaurants,2,1,1
M1Rg1pBkC2Co1NZP5QSSDw,wCluBbW9nzS7MEMFltMwJw,1.0,2015-02-19 00:01:45,night,3,0,0,medium,high,Philadelphia,Food,2,1,1
fr1Hz2acAb3OaL3l6DyKNg,b7V_5q22_eTeHlYzq1bpFw,4.0,2015-02-19 03:11:39,night,3,0,1,long,high,Kenner,Seafood,2,1,1
urGnh8Eockw-wJ1PgzgY-g,WQ832PDnsDshhbQFm83ISg,5.0,2015-02-19 04:13:26,night,3,0,1,long,high,Tampa,Cinema,2,1,0
Uv5UYI6aPzJG5OkeRtd4vg,Mxlw3cSKkWv5o4HdRWGTPg,5.0,2015-02-19 14:28:19,afternoon,3,0,1,medium,high,Tampa,Tea Rooms,2,0,1
0Igx-a1wAstiBDerGxXk2A,qWZimITbVwNSGJZsuM47-Q,4.0,2015-02-19 15:53:42,afternoon,3,0,1,long,high,New Orleans,Nightlife,2,1,1
c88Hk7eXBNJrGOB_4his8w,PaOJy2n3oRBpIigV6TMxlg,4.0,2015-02-19 16:13:35,afternoon,3,0,1,medium,high,Fairless Hills,Restaurants,2,0,0
VQ3J0tYADb5SjCqUiU0StQ,citzbW-2MVEZRNBqpVO-Jw,3.0,2015-02-19 17:55:41,afternoon,3,0,1,long,high,Wilmington,American (Traditional),2,1,1
p0MhNWkwOPBfRo8qUb7faw,pP1V9AvK716BMxoHkNVWdw,5.0,2015-02-19 22:05:21,evening,3,0,0,medium,high,Reno,Food,2,0,0
U-_NAY29g2t6jP7HRVgK8g,KhBUg5QhBYuK8RZAe5gDMQ,4.0,2015-02-19 23:33:56,evening,3,0,1,medium,high,Tampa,Restaurants,2,1,0
aSxBK-o7EQg6t7sjy-GH0g,5O09IoKwgQkm3aR_Ir5_2w,4.0,2015-02-20 00:49:28,night,4,0,1,medium,high,Tucson,Breweries,1,0,0
WY7B-CBeLbjjDBr73l4k-A,3lBooCffgkW7tVSG5kILBA,4.0,2015-02-20 02:58:14,night,4,0,0,medium,high,Philadelphia,Restaurants,2,0,0
-7XrSrJfHndHc_taEXurTw,a_ts6C7QntisENtyitJRBw,5.0,2015-02-20 13:41:45,afternoon,4,0,1,long,high,Tampa,Ice Cream & Frozen Yogurt,1,0,1
urGnh8Eockw-wJ1PgzgY-g,LkskzKzo_S8YmG1dGn4hag,5.0,2015-02-20 22:06:10,evening,4,0,1,medium,high,Tampa,Tex-Mex,1,1,1
o15SFerEo23dMSiY_P2xEw,ZhCnKe7U1TsHWnAlXl8Isw,3.0,2015-02-21 04:25:20,night,5,1,1,medium,high,Saint Louis,Restaurants,2,1,1
32bzjxbJCYM61y6sbA7rxA,cbkrO0zra1OiNGvtjw2igQ,3.0,2015-02-21 08:54:53,morning,5,1,0,medium,high,Goleta,Restaurants,2,0,0
M1Rg1pBkC2Co1NZP5QSSDw,iDtIMWJVIGYspg5JvJKaOw,4.0,2015-02-22 22:18:33,evening,6,1,0,medium,high,Wynnewood,Food,2,1,0
fr1Hz2acAb3OaL3l6DyKNg,lJXfCo0ME730q0_qvO2l2g,4.0,2015-02-22 22:47:09,evening,6,1,1,long,high,Plant City,Restaurants,2,1,1
CjwYS6PtNDlrLnHErQAgMQ,4fUok5d5vgdQEb1Bzzg0rA,5.0,2015-02-23 00:32:03,night,0,0,1,medium,high,Kenner,Restaurants,2,1,0
MTd-2hIbsAg8_r0qSoHqMQ,DeVlppoc8dPBhOCPrm4wmg,4.0,2015-02-23 00:52:45,night,0,0,0,medium,high,Indianapolis,American (Traditional),3,1,1
tqDxGR6FRIGcnIhpA8e4_Q,W7NxQw8UYFR0HLPrI08tvw,5.0,2015-02-23 16:00:11,afternoon,0,0,0,long,high,Tucson,Restaurants,1,1,1
CjwYS6PtNDlrLnHErQAgMQ,mDsElkXohOsEOH46cpx_Xw,5.0,2015-02-23 18:27:52,afternoon,0,0,1,medium,high,Metairie,Wine Bars,2,1,1
EFjyEu7ov5rYDSSo5M6MCg,2KIDQyTh-HzLxOUEDqtDBg,4.0,2015-02-24 15:15:06,afternoon,1,0,0,long,high,Saint Petersburg,Specialty Food,2,1,0
xC-q_yh0XwcjRLimkS3RNg,YiGw-_idlbUXLmUaEAsi8A,4.0,2015-02-24 16:09:21,afternoon,1,0,1,long,high,Edmonton,Restaurants,2,1,0
cZohBzgCY3B4Fbd25GHHLQ,DNtXVS0xYn0n8Cscmj9JSg,2.0,2015-02-24 17:52:23,afternoon,1,0,1,long,high,Saint Louis,Chicken Wings,2,1,1
uGWYBQN3hNsKW7Bn4Tu4FQ,HjLYCBxJti8V-hsP_yVZ3w,4.0,2015-02-24 20:27:58,evening,1,0,1,medium,high,Boise,Vegan,2,1,1
v6Jd2lpaKvyXpzzyNDelyw,dUctvEfHQccW_uxtRup2QQ,1.0,2015-02-24 21:06:19,evening,1,0,1,long,high,Saint Petersburg,Steakhouses,2,1,0
lTLtF7JnFFPRe_iKWjW-vQ,hKameFsaXh9g8WQbv593UA,3.0,2015-02-25 00:09:35,night,2,0,0,medium,high,Lutz,Seafood,2,1,0
a_-cGctRb1Tjzkzw8Hp3_Q,ZiQiMlvgk19GrEEkN9kyRA,5.0,2015-02-25 04:32:40,night,2,0,1,long,high,Tampa,Shopping,2,1,1
eAWnP9ZeVo8kp808y-0LXA,0BNR2_vrxuXG6I7f3Y6LZQ,5.0,2015-02-25 05:43:01,night,2,0,1,long,high,NASHVILLE,Food,2,0,0
7nq09jiKpW9xw9J9iKUbpg,P8QLcGZZOPgl9w_3ARBKiQ,2.0,2015-02-25 13:39:42,afternoon,2,0,1,long,high,Philadelphia,Japanese,2,0,0
rpqPEEh6dWg8228Qu63uUQ,oQ5CPRt0R3AzFvcjNOqB1w,4.0,2015-02-25 14:18:18,afternoon,2,0,1,long,high,Nashville,Barbeque,2,1,1
hn18xnU4C5wM_rlQ06FANA,SlZJATE_TGUU8X34UJNi4g,4.0,2015-02-25 15:11:29,afternoon,2,0,0,medium,high,Indianapolis,Mexican,2,1,1
hn18xnU4C5wM_rlQ06FANA,7clCBgNbd-x2Wj96lZ6Mjw,4.0,2015-02-25 15:28:00,afternoon,2,0,0,medium,high,Indianapolis,Food,2,1,0
3HmloQl9Hc7CMkGNfbZ37g,1Pxg1AMf0rEn9QF__ZYoWw,5.0,2015-02-25 17:46:19,afternoon,2,0,1,medium,high,Nashville,Japanese,2,1,0
CSCKshBCf6-MBGUCFpEGAQ,iDtIMWJVIGYspg5JvJKaOw,5.0,2015-02-25 21:46:15,evening,2,0,1,long,high,Wynnewood,Food,2,1,0
3_inIIto4ZaKsuOqEaJazw,5xokROlB8Zo5T-_qbHzsrQ,4.0,2015-02-26 04:20:05,night,3,0,1,medium,high,Tampa,Food,2,1,1
3_inIIto4ZaKsuOqEaJazw,iSJlDpeYlhUYLGpkVwolMA,4.0,2015-02-26 04:26:06,night,3,0,1,long,high,Tampa,Nightlife,1,1,0
SUV5QErmlMLhwsIkdUzK4w,mDsElkXohOsEOH46cpx_Xw,1.0,2015-02-26 05:57:44,night,3,0,0,long,low,Metairie,Wine Bars,2,1,1
jFSrZYDK85AM4Yhrbg99kg,YSuVRABFuPIy8N91x2yg5Q,5.0,2015-03-05 01:22:47,night,3,0,0,short,high,St Louis,Specialty Food,1,0,0
_ufG-6QfPQyOg8wrH-6e2Q,zvVJFBnDYOz_hsm5DLQJMA,5.0,2015-03-05 01:57:17,night,3,0,1,long,high,Edmonton,Beer,2,0,0
jqTa-RtGU26q3TFTmMZOAw,P8QLcGZZOPgl9w_3ARBKiQ,2.0,2015-03-05 01:59:10,night,3,0,1,long,high,Philadelphia,Japanese,2,0,0
_ufG-6QfPQyOg8wrH-6e2Q,ryinOK7C290pGMskTdlulA,3.0,2015-03-05 02:12:08,night,3,0,1,long,high,Edmonton,American (Traditional),2,1,1
nlsxDX6nKcVDGWzVxdsWiQ,cN8F-BmoHoS9eCqIHMtlHA,5.0,2015-03-05 15:07:39,afternoon,3,0,1,long,high,Saint Louis,Bakeries,2,0,1
CozGguiwx7JEVk7cAwdvpA,kZ3L75t_7EqE9kRS6bpWSA,2.0,2015-03-05 18:00:54,afternoon,3,0,1,long,high,Reno,Restaurants,2,1,1
tywhgQd-CMbishWP-v6W2Q,Sw7qcWQ5_iOUjBZMhSxyOQ,4.0,2015-03-05 19:22:47,evening,3,0,1,long,high,South Pasadena,Seafood,2,1,1
yr05GyWHR1u2yZffmfFkbg,z680Aylt8wN2KAeFM1hy-A,4.0,2015-03-05 21:03:01,evening,3,0,1,long,high,Indianapolis,Bars,2,1,1
a1xbZ-UTFf2pk8s69oGmgg,4DVN5Uun3i-nmTIIOBhHog,5.0,2015-03-05 23:18:28,evening,3,0,1,medium,high,Tampa,Caterers,2,0,1
I2XpWCHAom1JRyHXZQrnfg,Jx2AoB_IQOUrZ3s6fdAUSA,4.0,2015-03-06 01:45:11,night,4,0,1,long,high,Tampa,Coffee & Tea,1,1,1
I2XpWCHAom1JRyHXZQrnfg,geMJbmX310M5VYe2f7au8Q,4.0,2015-03-06 02:17:00,night,4,0,1,long,high,Tampa,American (Traditional),1,0,0
twnjVzD9eONjFKcwLzNStQ,rQCTWNMzIZTfqWEAjxDpKQ,3.0,2015-03-06 02:37:27,night,4,0,1,long,high,Tampa,Ice Cream & Frozen Yogurt,1,1,1
32bzjxbJCYM61y6sbA7rxA,cbkrO0zra1OiNGvtjw2igQ,3.0,2015-03-06 07:31:17,morning,4,0,0,long,high,Goleta,Restaurants,2,0,0
DTNAb-1gJ6e2nyqCc3fdcQ,2er_V-oAd7IbQ5YTY56r7A,5.0,2015-03-06 17:25:34,afternoon,4,0,1,long,high,Philadelphia,Restaurants,2,1,1
LYHQ_anXo-4MqYipQWsezA,MnxMt3CErrx4dXll4ADqLg,4.0,2015-03-06 18:53:30,afternoon,4,0,1,long,high,Indianapolis,Bakeries,2,1,0
9lCb0V9FVtvI9qHuZhJmqw,9nkYaCQRyO0fi8SrXDFhGw,3.0,2015-03-06 20:23:18,evening,4,0,1,medium,high,Philadelphia,Food,3,0,0
9lCb0V9FVtvI9qHuZhJmqw,-4dYswJy7SPcbcERvitmIg,3.0,2015-03-06 20:43:45,evening,4,0,1,medium,high,Philadelphia,Food,2,0,0
QKXluDSI8QQrlC5xQyAgjg,tFpstYqxugKHzeyNUsuD_A,5.0,2015-03-06 23:46:36,evening,4,0,1,medium,high,Carmel,American (Traditional),2,1,1
9lCb0V9FVtvI9qHuZhJmqw,u7_3L1NBWgxhBM_B-cmmnA,4.0,2015-03-07 00:37:10,night,5,1,1,long,high,Philadelphia,Italian,2,1,1
4jK-hJbH1jxRpLWk_J_oLA,pym7c6ZFEtmoH16xN2ApBg,4.0,2015-03-07 03:56:23,night,5,1,1,medium,high,New Orleans,Restaurants,2,1,1
5T9WlOw6Wns5LJmCs4W4Iw,JOvNunKJlWhwJRwLmUR9ZA,4.0,2015-03-07 14:43:50,afternoon,5,1,0,medium,high,St Petersburg,Bars,2,1,1
21FAnridQkQCJMM_PfyfcA,CPPOKMjjE3-au0BWdbC95Q,2.0,2015-03-08 03:07:26,night,6,1,1,long,high,Reno,Latin American,1,1,1
F0DuATWzDGbP0-37pnAOGA,yDHINEt7By47My7x4Mb8oA,3.0,2015-03-08 03:27:44,night,6,1,0,short,high,West Conshohocken,Salad,2,1,1
Z0pPx5DfmYgQIKGu5aSa_A,JJNCJWaH2KV44r9aeEBlqA,1.0,2015-03-08 03:34:59,night,6,1,0,medium,high,Indianapolis,Breweries,2,0,0
tVjZsrpIldh3P-1tHECaug,eaDZlSuVS0EY67Ke6pRP6Q,5.0,2015-03-08 13:55:53,afternoon,6,1,1,long,high,Philadelphia,Malaysian,2,1,0
HQF0z2ueGEwfTnsAPQl9DA,_EKvNMC2Mm67HzqNIzLgXg,4.0,2015-03-08 14:28:11,afternoon,6,1,0,medium,high,Media,Restaurants,2,0,1
HQF0z2ueGEwfTnsAPQl9DA,cx2fwY66_xTNFo0p2EEC4g,4.0,2015-03-08 14:39:14,afternoon,6,1,0,medium,high,Media,American (New),2,1,1
3KSZIUQjmcwn3IqmZEABdQ,BIW1SKq5ItkA9gP6-FhSkA,4.0,2015-03-08 18:57:18,afternoon,6,1,0,medium,high,St Petersburg,Soul Food,2,1,0
obAksk0tLwmo6Vb32fOgQQ,4_W5pstoN1166TGjjPOrMg,4.0,2015-03-08 21:13:27,evening,6,1,0,medium,high,Philadelphia,American (Traditional),2,1,1
von42BASCOHoDgA0LkRcLA,5AOkxsg6UJQ_CoJTMBDUmQ,5.0,2015-03-08 22:44:47,evening,6,1,0,medium,high,New Orleans,American (New),3,1,1
von42BASCOHoDgA0LkRcLA,GBTPC53ZrG1ZBY3DT8Mbcw,5.0,2015-03-08 23:10:45,evening,6,1,0,medium,high,New Orleans,German,2,1,0
von42BASCOHoDgA0LkRcLA,1ddqdY_piKp-abaZ-bGRSA,4.0,2015-03-08 23:18:52,evening,6,1,0,short,high,New Orleans,Steakhouses,3,1,0
urGnh8Eockw-wJ1PgzgY-g,4DVN5Uun3i-nmTIIOBhHog,4.0,2015-03-08 23:54:00,evening,6,1,1,medium,high,Tampa,Caterers,2,0,1
cMUcY6xVqnnZEEyj5YqDow,seKihQKpGGnCeLuELRQPSQ,3.0,2015-03-09 01:38:16,night,0,0,0,long,high,Indianapolis,Sports Bars,2,1,1
JfqaznyuI0N4FnAXa-644Q,BWPokhrYnWdfxdaUaM6l9Q,5.0,2015-03-09 02:03:56,night,0,0,1,medium,high,Nashville,Venues & Event Spaces,3,1,1
4F59l8scDgg6BQx0HGRtcQ,jQBPO3rYkNwIaOdQS5ktgQ,4.0,2015-03-09 02:06:13,night,0,0,1,long,high,Saint Louis,Ice Cream & Frozen Yogurt,2,1,0
I0ezkVvCcBnavJf2soWHjA,_tADqh3OmH6CzGJWKkru3g,4.0,2015-03-09 04:59:58,night,0,0,1,long,high,Philadelphia,Latin American,2,0,0
6lq2eopOkyYHFZ7WQuuZkg,_VB4EIoGdAR4sBB6rApEAg,4.0,2015-03-09 05:14:38,night,0,0,0,medium,high,Tampa,Restaurants,1,0,1
JEIiE2fyLeZwnmCxLB1IGw,sr-5EY6bmp4jINhea06MjA,4.0,2015-03-09 13:42:48,afternoon,0,0,1,long,high,Indianapolis,Restaurants,2,1,1
von42BASCOHoDgA0LkRcLA,D73evJ9PZKxO3E5TaThe3w,3.0,2015-03-09 15:00:46,afternoon,0,0,0,medium,high,New Orleans,Tex-Mex,2,1,1
6Yy4vdVpfmy19SigDdVZtA,RZtGWDLCAtuipwaZ-UfjmQ,4.0,2015-03-09 15:56:07,afternoon,0,0,1,long,high,Philadelphia,Pizza,2,1,1
mzXDuhZBPdHfMIk1YXP0mQ,bTve2mwLk5Zc01vRKqc2KQ,2.0,2015-03-09 16:36:51,afternoon,0,0,0,long,high,Philadelphia,Restaurants,1,1,1
GcdYgbaF75vj7RO6EZhPOQ,1NCUTTp6rIyXpwUDVv9qOA,4.0,2015-03-09 17:34:14,afternoon,0,0,1,long,high,Philadelphia,Pizza,1,0,0
vYMvOTL31e0KbTo9Hd0tjg,-HMt-jXxUNBIkO8IUOtE-g,4.0,2015-03-09 19:27:31,evening,0,0,1,medium,high,St Pete Beach,Ice Cream & Frozen Yogurt,2,0,0
von42BASCOHoDgA0LkRcLA,mzZ_WTb2zvyJMBkm84B-WA,5.0,2015-03-09 21:37:54,evening,0,0,0,medium,high,Metairie,Donuts,2,1,0
TylOr9YYTV3znqIvH7kdmQ,pSmOH4a3HNNpYM82J5ycLA,3.0,2015-03-09 21:47:14,evening,0,0,1,long,high,Nashville,Restaurants,2,1,0
pe-ltR4of_hrIjaHXlKveg,oRZzKWdyMQld6N_y4UWkAg,3.0,2015-03-09 23:24:24,evening,0,0,1,medium,high,Tampa,Latin American,2,1,0
Ttn1RtATzZBtWsx6MoPGqQ,oBhJuukGRqPVvYBfTkhuZA,4.0,2015-03-10 02:44:17,night,1,0,1,long,high,Philadelphia,American (New),2,1,1
7VRCizPyyGvSNL1E_zfCzQ,M4kHDHNzftSUtgpgyLlZ8w,5.0,2015-03-10 18:31:30,afternoon,1,0,0,medium,high,New Port Richey,Restaurants,1,1,1
hla_Au4fcGMHU8PTFd05nA,6N9T23_iXkcOCh6boAXpIg,4.0,2015-03-10 20:29:55,evening,1,0,1,medium,high,Tucson,Restaurants,2,1,1
pppIHoA8b8B8Wd5t72sDxA,HTqXI5S2XcSlh_ylx9sE6g,4.0,2015-03-10 23:59:52,evening,1,0,1,long,high,Philadelphia,Food,2,0,0
von42BASCOHoDgA0LkRcLA,FtkYGVPVCRuuhQhYJBSVQw,5.0,2015-03-11 03:06:51,night,2,0,0,short,high,New Orleans,Food,2,0,0
gQSMov4ZEXnlyWHNhGi3bA,zSqTndm5Alq9dW1PyzbdTA,5.0,2015-03-11 04:02:35,night,2,0,1,medium,high,New Orleans,Seafood,2,1,1
tgkjSWCcWXAAk2DScYmQrg,krIXxF3-vdrnDqtaMv-5zw,2.0,2015-03-11 17:21:05,afternoon,2,0,1,medium,high,Ardmore,Indian,2,0,0
87fs2ADFKSADKCtbMyzoUQ,M2ZrrqseHE5xssUrOL0Gtg,5.0,2015-03-14 23:02:15,evening,5,1,0,short,low,Tampa,American (Traditional),1,0,1
EFjyEu7ov5rYDSSo5M6MCg,ab3pRv-b0o-BwMK2jVbH3Q,4.0,2015-03-18 17:55:48,afternoon,2,0,0,medium,high,Clearwater,Restaurants,2,1,1
hn18xnU4C5wM_rlQ06FANA,cHCRC7r9irhK0dIum1zeUw,4.0,2015-03-18 18:08:41,afternoon,2,0,0,medium,high,Indianapolis,Cideries,2,1,0
NajX5fDsuIVzbRCKMh24Mw,TuYx8LUw7shzFGXQuUmbNA,3.0,2015-03-18 21:05:04,evening,2,0,0,medium,high,Cherry Hill,Restaurants,2,0,1
lU9v6r4bo6nh1i5z4Z-BDg,x4XdNhp0Xn8lOivzc77J-g,5.0,2015-03-18 22:23:29,evening,2,0,1,short,high,Phoenixville,Thai,2,1,0
iBRqbcx2UbyWbLW1mGySUQ,3OGzmGqWwsyGLkhnxrA9Pw,5.0,2015-03-18 22:45:06,evening,2,0,1,long,high,Tampa,Pizza,2,1,0
nqHmFx837BIlsYNX5LsR4w,Z5po0aTuzKKblek5y6Sp8Q,4.0,2015-03-18 23:54:20,evening,2,0,0,medium,high,Philadelphia,Food,2,0,0
d0FbFaZuJWfai0RYsUS7qw,uIZwBkvWicqyWraXvYOipw,5.0,2015-03-19 00:31:26,night,3,0,1,long,high,Philadelphia,Restaurants,3,1,0
d0FbFaZuJWfai0RYsUS7qw,LdK6Tqr9-QK8eNezCUes9A,5.0,2015-03-19 00:56:12,night,3,0,1,medium,high,Philadelphia,Sandwiches,1,0,1
7yuBjruAJfk0n0eTFONMSg,uTq9qVkOuxjBPjqC7K0XYA,4.0,2015-03-19 01:48:31,night,3,0,1,long,high,Nashville,Custom Cakes,2,1,1
Um5bfs5DH6eizgjH3xZsvg,Zc38kNMGlzhG1sivxyXeMA,3.0,2015-03-19 02:25:58,night,3,0,1,long,high,St. Petersburg,Restaurants,2,0,0
Z-ee4V5_ZFsI2ltccSpqyw,jQBPO3rYkNwIaOdQS5ktgQ,4.0,2015-03-19 04:54:53,night,3,0,1,long,high,Saint Louis,Ice Cream & Frozen Yogurt,2,1,0
3HmloQl9Hc7CMkGNfbZ37g,McQo2QJGt1BI9oPu6KLDjg,5.0,2015-03-19 16:09:56,afternoon,3,0,1,long,high,Indianapolis,Specialty Food,2,0,0
Ot3dwSCZ-1m_z-rIoG5tNA,d_tRshM-w6S4QxE4VVi8tQ,4.0,2015-03-19 17:28:52,afternoon,3,0,0,medium,high,Philadelphia,American (New),2,1,0
RCZ5M9o2-fxgFuurpmEs3w,2jvmqojTdrdj3YboXzKRcw,4.0,2015-03-19 19:11:46,evening,3,0,0,long,high,Exton,Restaurants,2,1,0
AmM4Lfk15XfqRGCINWgkOQ,j3E_vGw47XpiEgTr-KiJUg,5.0,2015-03-20 03:23:29,night,4,0,1,long,high,Saint Louis,Bakeries,1,0,0
FVzA-5cUVRYttsv5aFOqQA,ZWRgvtyHRobwpi4G-Z4STQ,3.0,2015-03-20 17:25:32,afternoon,4,0,1,medium,high,Nashville,Food,1,0,0
HTvYtV9fYYZSSLq7MpEAKA,DrRnV4gN7tkdrgBmG6Y7OA,5.0,2015-03-20 19:42:56,evening,4,0,0,long,high,Clementon,Latin American,1,1,0
HTvYtV9fYYZSSLq7MpEAKA,pzhvHwe_3-4JYTC-wXDJpA,4.0,2015-03-20 20:00:45,evening,4,0,0,medium,high,Philadelphia,Food Trucks,1,0,0
HTvYtV9fYYZSSLq7MpEAKA,Hr2uEAG9O2q0nDwEs4cExg,5.0,2015-03-20 20:08:19,evening,4,0,0,long,high,Cherry Hill,Restaurants,2,1,0
HTvYtV9fYYZSSLq7MpEAKA,j99PtxlKTW_u5alE4jiqHQ,4.0,2015-03-20 20:12:19,evening,4,0,0,medium,high,Philadelphia,Restaurants,2,1,0
HTvYtV9fYYZSSLq7MpEAKA,zrd6bulYNAKhCdSVtJ8aXQ,1.0,2015-03-20 20:18:59,evening,4,0,0,medium,high,Sicklerville,American (Traditional),2,1,0
HF0UuReDMroSsdRoj1GpWA,Bt7NBqA31uOI4H_hvasLLg,5.0,2015-03-20 20:40:20,evening,4,0,0,long,high,New Orleans,Caterers,2,1,1
K4l-QrTWeAjb5xOXd81iGw,KVwQkBd8tJCDVc8O6_tMOg,1.0,2015-03-20 22:49:03,evening,4,0,1,long,high,Oldsmar,Chinese,2,1,0
KXX_KFF_TS2cKrg2_2RfSA,_aKr7POnacW_VizRKBpCiA,4.0,2015-03-21 18:32:06,afternoon,5,1,1,long,high,Saint Louis,Delis,1,1,0
VB-DFqhRr_TPA1faJhHclA,-kAaeJxXCtLNAo3DosoXXA,4.0,2015-03-21 18:37:25,afternoon,5,1,1,long,high,Saint Petersburg,Diners,1,1,0
A9cXP_K95FRor1qxuUEu2g,1SwfAYI1HGDyJKHmdRXI5Q,3.0,2015-03-21 21:06:11,evening,5,1,1,long,high,Indianapolis,Burgers,1,1,0
mg_CnvJFP2vu3PaSRzTrxA,r7WwdseoJpfna4a57qeiag,2.0,2015-03-21 23:48:28,evening,5,1,1,long,high,Carmel,Fast Food,1,1,1
6JejVLZl5M-IB3UkNTkXtQ,gC8i-lxwvGhVpOXM5eYdtA,4.0,2015-03-22 11:16:14,morning,6,1,1,medium,high,New Orleans,Mexican,2,0,0
y0HFxZKklJmALPdCg5_eLQ,Fp2Dk2__WHq7SK1Ah6oo0Q,5.0,2015-03-22 17:27:35,afternoon,6,1,0,long,high,Doylestown,Juice Bars & Smoothies,2,1,1
aGI_wfhcJ86DJ-67Lkty8g,FHNIvNgh3fS7VZQq2Y3dsA,3.0,2015-03-22 17:39:44,afternoon,6,1,1,long,high,Philadelphia,Asian Fusion,2,1,0
aGI_wfhcJ86DJ-67Lkty8g,2D4xIM1ahHTQa6iV4m3p9Q,4.0,2015-03-22 17:43:55,afternoon,6,1,1,medium,high,Philadelphia,Juice Bars & Smoothies,1,1,0
Z0pPx5DfmYgQIKGu5aSa_A,9V0LMtO1riRw9-pUuG4NFg,5.0,2015-03-22 18:36:46,afternoon,6,1,0,short,high,Indianapolis,Latin American,2,1,1
Z0pPx5DfmYgQIKGu5aSa_A,1T9F7iLDFAYWJvif1RKneg,5.0,2015-03-22 18:38:02,afternoon,6,1,0,short,high,Indianapolis,Restaurants,2,1,0
45BL_H-mDCoiuA9k8iGv5g,VZFQS0SXzXPuxISbAgIVBA,3.0,2015-03-22 19:48:28,evening,6,1,0,long,high,Conshohocken,Restaurants,1,0,1
von42BASCOHoDgA0LkRcLA,W4Nx1wALHKeO6fm9DxD7bg,5.0,2015-03-22 21:14:24,evening,6,1,0,medium,high,Harahan,Furniture Stores,2,0,0
aGI_wfhcJ86DJ-67Lkty8g,jULIPydhMj18KOI5OHTwfA,4.0,2015-03-22 21:14:49,evening,6,1,1,long,high,Philadelphia,Tacos,2,1,1
2iS1vg5TYpV_iEiNC8osTg,oThWInL6gUCt2d98fSIAfA,4.0,2015-03-23 12:54:13,morning,0,0,1,medium,high,Fishers,Restaurants,2,1,1
ROzJ3UppTc8AKpSpKs-bzA,jULIPydhMj18KOI5OHTwfA,2.0,2015-03-24 01:26:10,night,1,0,0,long,high,Philadelphia,Tacos,2,1,1
kaa6i7IHMyYIom7DIul9EQ,htO_nlxkEsYHzDrtbiUxew,4.0,2015-03-24 01:40:10,night,1,0,1,long,high,Philadelphia,Restaurants,1,0,0
IcowqfUjDSmdwtT0vp4pRg,nRKndeZLQ3eDL10UMwS2rQ,5.0,2015-03-24 01:40:15,night,1,0,1,medium,high,Saint Louis,Ice Cream & Frozen Yogurt,1,0,0
0MJ5sKX5uq7Ma5hbl4l3BQ,hqm2zJ1WY5UaVGZ6j07NNA,5.0,2015-03-24 11:33:21,morning,1,0,1,long,high,Cherry Hill,Breakfast & Brunch,2,1,1
ja7uhtXlvzRzFE7JizROUQ,LVteL0Rnh2E_yOFCLJUPhg,4.0,2015-03-24 13:40:59,afternoon,1,0,1,long,high,Media,Pizza,1,1,0
WO6L5yMX5LEeJuMNMjerRQ,TUhRukcZb3tG0cB_X68FCQ,4.0,2015-03-24 15:28:26,afternoon,1,0,1,medium,high,North Wales,Restaurants,2,1,0
lAW03ccfMEuRZiDqvVgc0w,b4DcNSlKBGIoOmX7PLxmWw,3.0,2015-03-24 15:59:48,afternoon,1,0,1,long,high,Edmonton,Canadian (New),3,1,1
CaVEy7kpASLwNBGymLwhgw,2tg6sMQr9rrXVXmgrqBYmg,2.0,2015-03-25 07:01:44,morning,2,0,1,long,high,Saint Petersburg,Pubs,2,1,0
8CcBu5xno_eFPAzxA1psDA,a1kzPot-Q16eIUBjQTre9w,2.0,2015-03-25 18:00:47,afternoon,2,0,0,long,high,Norristown,Sandwiches,1,0,0
hyv-a2bBQehwaTIeYlKecQ,HHWTWs8sa7cE3ksH3_BCTw,5.0,2015-03-27 01:14:19,night,4,0,0,medium,high,Philadelphia,Coffee & Tea,1,0,1
Wjia69bHEb7xeWMlxWNPGA,Jx2AoB_IQOUrZ3s6fdAUSA,5.0,2015-03-27 12:11:58,morning,4,0,1,long,high,Tampa,Coffee & Tea,1,1,1
qVEOVvc9gB29v7IAWsnA_g,ypXuDmnnPxnfP8a0qLsiEg,5.0,2015-04-01 14:41:17,afternoon,2,0,0,medium,low,Nashville,Chicken Wings,2,1,1
qVEOVvc9gB29v7IAWsnA_g,Yv6HUVu7fRMnt_NtGdVQBw,4.0,2015-04-01 15:01:11,afternoon,2,0,0,medium,low,Nashville,Restaurants,2,1,0
qVEOVvc9gB29v7IAWsnA_g,pSmOH4a3HNNpYM82J5ycLA,4.0,2015-04-01 15:14:39,afternoon,2,0,0,medium,low,Nashville,Restaurants,2,1,0
huHPQSQgw4kFakc0Vq7TDA,QCSLVCAx7nl_0B2PNVSnyg,4.0,2015-04-01 17:24:07,afternoon,2,0,1,long,high,Maryville ,Food,1,0,0
B-s-8VUnuBjGTP3d01jsyw,m1EGAIfFEN9nG2_bJqnAcQ,4.0,2015-04-01 18:19:11,afternoon,2,0,1,long,high,Reno,Sushi Bars,2,1,0
qESx3c9NOITAcXqTQjbOCQ,u7_3L1NBWgxhBM_B-cmmnA,3.0,2015-04-01 20:55:23,evening,2,0,1,long,high,Philadelphia,Italian,2,1,1
Oi1qbcz2m2SnwUeztGYcnQ,fGYnHzFr1z2kv7bPRW6VMA,4.0,2015-04-01 22:03:04,evening,2,0,1,long,high,West Chester,Pizza,2,1,1
vffKQc_WQMYFGY4JS5VAOw,JDwp5guESWuyng2MSBYEjg,3.0,2015-04-01 22:46:24,evening,2,0,1,long,high,Tampa,American (New),2,1,1
KhHwhL89YnbEw8RNM03C4A,oLc7k78_YcDMnMCdbC-h1A,5.0,2015-04-01 23:43:52,evening,2,0,1,short,high,New Orleans,American (Traditional),2,1,1
zQTEbn5nWGPypxOf2uRPmg,IZv79jZv6el1sBHrG7426g,5.0,2015-04-02 00:45:41,night,3,0,1,long,high,Des Peres,Steakhouses,3,1,1
_YqknhseJ6yjtS1g0D4Vwg,kpK6SmxIiNoGPNhlEGiL4w,5.0,2015-04-02 02:27:25,night,3,0,0,medium,high,Saint Louis,Italian,2,1,1
6NagSmaahFhlt3LEpnVXoQ,GBTPC53ZrG1ZBY3DT8Mbcw,4.0,2015-04-02 16:37:40,afternoon,3,0,1,long,high,New Orleans,German,2,1,0
fCffaLUaWrI6QM8I_kHcfw,dpwkz52tHB2MCPv53I2aRA,3.0,2015-04-02 18:11:09,afternoon,3,0,0,long,high,Reno,Restaurants,2,1,0
GG0mFsEXb-02_dzFPqRV1Q,AgGD37HVpQmimj8W17xM2w,3.0,2015-04-02 18:24:18,afternoon,3,0,1,medium,high,Aston,Ice Cream & Frozen Yogurt,1,0,1
Kl7RbNm-2OnFWEuWx1ASfg,jmwasbZfgj3honf79qKsnA,5.0,2015-04-02 20:19:34,evening,3,0,1,long,high,Tucson,Mexican,1,1,0
1iokf9rM43YAwxsa8bp1OQ,9LZWyTM6KCr6JvfWEgGeQw,5.0,2015-04-02 21:12:15,evening,3,0,1,long,high,Indianapolis,Ice Cream & Frozen Yogurt,1,0,1
1iokf9rM43YAwxsa8bp1OQ,oGdbvXKXVCQ8WC_GQePDkQ,5.0,2015-04-02 22:08:57,evening,3,0,1,long,high,Indianapolis,Cafes,2,1,1
mg_CnvJFP2vu3PaSRzTrxA,EQ-TZ2eeD_E0BHuvoaeG5Q,2.0,2015-04-02 22:32:38,evening,3,0,1,long,high,Indianapolis,Beer,2,1,1
Zn8tgekH0oCfyk4SUtygoA,n5P6-HWN3kFSYBxfVfDxEg,4.0,2015-04-02 23:56:21,evening,3,0,1,medium,high,Clearwater Beach,Hotels & Travel,2,1,1
cqoSx4ITtvkYmWaL6gf0YQ,iSJlDpeYlhUYLGpkVwolMA,4.0,2015-04-03 02:01:13,night,4,0,1,long,high,Tampa,Nightlife,1,1,0
_ufG-6QfPQyOg8wrH-6e2Q,3Yogz58lIto-kceF2y-THg,4.0,2015-04-03 04:20:11,night,4,0,1,long,high,Edmonton,Chinese,2,0,0
4wFZgzj4DXB3Mn7Q1WLhXg,ZH-D4qbLggBSvwpF0zXrQQ,3.0,2015-04-03 15:53:59,afternoon,4,0,1,long,high,Boise,Breakfast & Brunch,2,0,0
uUcNCwf86aea7F9AGFBJNQ,Oun4NN-u5yiHIxDqtJnxgA,3.0,2015-04-03 16:02:06,afternoon,4,0,0,medium,high,Philadelphia,Restaurants,1,0,0
uUcNCwf86aea7F9AGFBJNQ,IH_ZeeTh13jQURbh31d1Kw,3.0,2015-04-03 16:05:17,afternoon,4,0,0,medium,high,Philadelphia,Restaurants,1,1,0
spkspIaGx9aj8wsnGOVnqA,-ATiAtTikuGuqvaW2O6tNA,3.0,2015-04-03 16:08:51,afternoon,4,0,1,long,high,Philadelphia,Sandwiches,2,1,1
uUcNCwf86aea7F9AGFBJNQ,INWHqjudS0vDcVKlHyz69A,1.0,2015-04-03 16:17:28,afternoon,4,0,0,medium,high,Drexel Hill,Event Planning & Services,2,0,1
PGx_pmKGlmzK4Y_15IWAUw,jULIPydhMj18KOI5OHTwfA,4.0,2015-04-03 16:41:03,afternoon,4,0,1,long,high,Philadelphia,Tacos,2,1,1
spkspIaGx9aj8wsnGOVnqA,FHNIvNgh3fS7VZQq2Y3dsA,4.0,2015-04-03 16:57:06,afternoon,4,0,1,medium,high,Philadelphia,Asian Fusion,2,1,0
0G-QF457q_0Z_jKqh6xWiA,aiggx_mzALX3kZOGYTPdjg,3.0,2015-04-03 17:12:46,afternoon,4,0,1,long,high,New Orleans,Venues & Event Spaces,3,0,0
wfi0T-xq_P5sKQvwQitlYg,pPFv6CTFK5i8FNj8f3_pVg,4.0,2015-04-03 17:33:02,afternoon,4,0,1,long,high,Edmonton,Restaurants,2,1,0
urGnh8Eockw-wJ1PgzgY-g,XwoXi0M66RU6Gouq-DSDHw,4.0,2015-04-03 18:40:11,afternoon,4,0,1,medium,high,Odessa,Restaurants,1,1,0
qVEOVvc9gB29v7IAWsnA_g,ltBBYdNzkeKdCNPDAsxwAA,3.0,2015-04-03 19:16:22,evening,4,0,0,long,low,Nashville,Cocktail Bars,2,1,0
Bo8l98htNUOzPLcCBM86Bg,GlYN-RJyL_YwxIqsSDo1ag,5.0,2015-04-03 19:46:29,evening,4,0,0,long,high,Tucson,Diners,1,0,0
qVEOVvc9gB29v7IAWsnA_g,1Pxg1AMf0rEn9QF__ZYoWw,2.0,2015-04-03 19:56:13,evening,4,0,0,medium,low,Nashville,Japanese,2,1,0
HxyLRaoH9PS09M6R3rV-EQ,MMRRS6YhVRx_iN5-JhMRYg,3.0,2015-04-03 20:02:48,evening,4,0,1,long,high,Philadelphia,Restaurants,2,1,0
qVEOVvc9gB29v7IAWsnA_g,oQ5CPRt0R3AzFvcjNOqB1w,4.0,2015-04-03 20:38:16,evening,4,0,0,short,low,Nashville,Barbeque,2,1,1
mg_CnvJFP2vu3PaSRzTrxA,eHQ0utxOdNVHVfDD7fYvdg,5.0,2015-04-03 21:38:03,evening,4,0,1,long,high,Mooresville,Restaurants,2,0,0
rTOLj63bMRn9ragmfMzOeA,0hIXH9jMdHov1VrLC8ujUg,5.0,2015-04-04 00:03:32,night,5,1,1,long,high,Tampa,American (Traditional),2,1,1
HVAz1kANuNrX3zqVe4iRPw,Uc6PdjT_MO5bRPQsUUEy5Q,4.0,2015-04-04 02:13:54,night,5,1,1,long,high,Tampa,Restaurants,2,1,1
MR39Vmbfr3StG-Atok3tHA,VRGYwKE_Z77frm5NwLvJhw,3.0,2015-04-04 13:52:06,afternoon,5,1,1,long,high,Nashville,Bars,2,1,0
lU9v6r4bo6nh1i5z4Z-BDg,rKlPSPn0wF5tkCrWZzBnbA,4.0,2015-04-04 18:39:46,afternoon,5,1,1,medium,high,Audubon,Restaurants,2,1,1
zidK7sC6ekLjGndRZeoGKQ,4Hyfm0Ly3yo96RJTVShTIA,3.0,2015-04-04 23:41:33,evening,5,1,0,medium,high,St. Petersburg,American (Traditional),2,1,0
ZCd8JIPT6bovm9-L3ZH1aQ,otQS34_MymijPTdNBoBdCw,5.0,2015-04-05 06:06:09,night,6,1,1,medium,high,Tucson,Restaurants,2,1,1
5QRQJNdt3p6E7FWR9FEX3A,mtHxMNtlbDIkgH6IfzBgMg,4.0,2015-04-05 16:55:26,afternoon,6,1,1,medium,high,Greenwood,Cupcakes,2,0,0
1iokf9rM43YAwxsa8bp1OQ,ymoEdJB5NE56sWw74uyX7A,5.0,2015-04-05 18:19:16,afternoon,6,1,1,long,high,Indianapolis,Sushi Bars,2,1,1
rt3MZtOmwB0hohjILz45DQ,TDKBPcViJQDMrdUm6a9XZA,5.0,2015-04-05 21:21:24,evening,6,1,1,long,high,Reno,Food,2,1,1
dMBzfEZVid6__5D4D5IgBw,u7_3L1NBWgxhBM_B-cmmnA,5.0,2015-04-05 21:39:32,evening,6,1,0,medium,high,Philadelphia,Italian,2,1,1
M9k0BUcjH36YQrBklhg34A,ri7LOsk5W_xGVfxhXFHY5Q,2.0,2015-04-06 00:09:47,night,0,0,0,medium,high,Sparks,Dive Bars,1,1,0
QSNzozwTwY9UU3QNvf-3jA,L-YdO_NODKXXT3bkS0nUpg,4.0,2015-04-06 01:17:06,night,0,0,1,long,high,Saint Pete Beach,American (Traditional),2,1,1
_Wkf2RNDnBuqMOpzSqmZXw,TDKBPcViJQDMrdUm6a9XZA,4.0,2015-04-06 01:51:32,night,0,0,1,long,high,Reno,Food,2,1,1
kkPgJv6KBFN15caG7NYYlg,wqj6JquckEOs1h7rs376kQ,4.0,2015-04-06 02:55:39,night,0,0,1,medium,high,Edmonton,Restaurants,2,0,0
CAy7UDGySy5DzsgCxktpLg,NMtUD873aWrNjljt3VOcFA,1.0,2015-04-06 16:02:43,afternoon,0,0,1,long,high,Philadelphia,American (Traditional),3,1,0
KHDuc3dFLvpNgpu4z0sf-w,FSTmzo0beEVMRMSArcp4fg,5.0,2015-04-07 00:22:02,night,1,0,1,medium,high,Tampa,Mexican,1,1,1
qb93lt68RXCsrmAc9AYJeQ,htO_nlxkEsYHzDrtbiUxew,3.0,2015-04-07 00:41:33,night,1,0,1,medium,high,Philadelphia,Restaurants,1,0,0
ZCd8JIPT6bovm9-L3ZH1aQ,8QJTzIaR5FceGds8HBSIig,5.0,2015-04-07 01:30:41,night,1,0,1,medium,high,Tucson,Nightlife,2,1,1
590n3_2wj7xIPBzw8ogXTg,OHzX-ZD9qyoeoxR8Z0dlIA,5.0,2015-04-07 12:49:54,morning,1,0,1,long,high,Philadelphia,Restaurants,2,1,1
kCBMksMPqNPw2dfWH_deXQ,-gx2zqPkSs-7aGZ01bDb7A,5.0,2015-04-07 14:56:30,afternoon,1,0,1,long,high,Indianapolis,Sports Bars,2,1,1
rvlJ2fOucVo7I3wYJAFYTQ,viVz0HzP-_CbU07HUCquZQ,5.0,2015-04-07 17:37:17,afternoon,1,0,0,long,high,Indianapolis,Vietnamese,1,0,0
StZTVDuFzahNvjl5qu6l7Q,EZuIzN2oAdZt-dkbdwH0pw,4.0,2015-04-07 17:51:11,afternoon,1,0,0,short,high,Boise,Sandwiches,2,1,1
90LRTAl9knIOAN_HwHqcBQ,eaDZlSuVS0EY67Ke6pRP6Q,4.0,2015-04-08 00:04:05,night,2,0,1,long,high,Philadelphia,Malaysian,2,1,0
btzyD8sU1n7dlgHRBECgzw,hn3Rg2JrhQoDJBEhrpuwWg,3.0,2015-04-08 01:51:42,night,2,0,1,long,high,Franklin,Food,2,1,1
gopCgvFzBdM7SuzOHHjaHw,IZmCSGeXLCB-Y2UvJrvr-A,4.0,2015-04-08 18:41:59,afternoon,2,0,1,medium,high,New Orleans,Salad,2,1,0
0HjeAwCrfdbJgOAlP6b9Tw,jULIPydhMj18KOI5OHTwfA,5.0,2015-04-09 20:47:37,evening,3,0,1,long,high,Philadelphia,Tacos,2,1,1
SBjQX8BNQk4KtLVf8W14zQ,CmaMxRtf0NJxOR5r0Pw_mQ,3.0,2015-04-12 04:25:44,night,6,1,1,long,high,Nashville,Barbeque,1,0,1
3MpDvy5gEdsbZh9-p92dHg,dD2p903p8lU0IgXT3OFluA,4.0,2015-04-15 18:56:25,afternoon,2,0,1,long,high,Nashville,Breakfast & Brunch,1,1,1
aLtvIGucNiiC1bIuTLpmqQ,voAosWO5yGhvppHRKm-7mQ,4.0,2015-04-15 19:53:39,evening,2,0,1,medium,high,New Orleans,Breakfast & Brunch,2,1,1
aLtvIGucNiiC1bIuTLpmqQ,gOtY7zJ1rIu6UIHXEvh5sA,4.0,2015-04-15 19:54:33,evening,2,0,1,short,high,New Orleans,Specialty Food,2,1,0
3HmloQl9Hc7CMkGNfbZ37g,eHQ0utxOdNVHVfDD7fYvdg,5.0,2015-04-15 20:26:08,evening,2,0,1,long,high,Mooresville,Restaurants,2,0,0
4_OVSuZ8N8gqyHQjV7W8Bg,RuuGJoMm2Y3wbLbPPHTvqw,2.0,2015-04-15 20:45:18,evening,2,0,1,medium,high,Runnemede,Restaurants,2,1,1
iBRqbcx2UbyWbLW1mGySUQ,3OGzmGqWwsyGLkhnxrA9Pw,5.0,2015-04-15 23:08:01,evening,2,0,1,medium,high,Tampa,Pizza,2,1,0
2EWTK9tYPn-UYC7lzDjpWQ,W3pOGK9qIZJbA6CS0HRNcQ,2.0,2015-04-16 03:11:02,night,3,0,1,medium,high,Indianapolis,Pizza,2,0,0
T__CyGS2hC3fq51vGXv9YA,K_WZrMHAjqZ5DThAw4ZKMQ,1.0,2015-04-16 03:19:33,night,3,0,0,long,high,Indianapolis,Restaurants,1,1,0
KWLxxZKAcdUOBqBLMPW22w,KAk07Tbv0UsoY-s7RYfepg,1.0,2015-04-16 03:50:04,night,3,0,1,long,high,Tucson,Restaurants,2,1,0
IcowqfUjDSmdwtT0vp4pRg,iPqywZdnDd-vuP5i6LUSDA,5.0,2015-04-16 04:23:56,night,3,0,1,medium,high,Franklin,Grocery,2,1,0
5MYa3BbBU359oqcEYwY94w,gEltZpDpY54boc3SaerMtg,4.0,2015-04-16 12:37:09,morning,3,0,1,long,high,Tampa,Caribbean,2,1,0
WcQ01IBbW0ID01EE7bdH4g,k3sED9tpGEOtzhGxvcxTrw,2.0,2015-04-16 20:55:14,evening,3,0,0,long,high,Metairie,Restaurants,1,1,0
gQSMov4ZEXnlyWHNhGi3bA,zSqTndm5Alq9dW1PyzbdTA,4.0,2015-04-16 23:56:25,evening,3,0,1,short,high,New Orleans,Seafood,2,1,1
xkkJz-AEM_ikYbnLVVdpCw,qDkbudGRfmJvf7trQZea4g,2.0,2015-04-17 01:14:30,night,4,0,0,medium,high,Philadelphia,Restaurants,3,1,0
16yfdXvoj6ra0hqFjLu2cQ,P8QLcGZZOPgl9w_3ARBKiQ,3.0,2015-04-17 16:51:09,afternoon,4,0,0,long,high,Philadelphia,Japanese,2,0,0
FVzA-5cUVRYttsv5aFOqQA,X64JH5kXOjWsBCsGxmFSIw,3.0,2015-04-17 22:41:10,evening,4,0,1,medium,high,Old Hickory,Restaurants,1,1,1
ei3O4gS4YaEfQW2vpDdYkA,3CsBRtDT5WOUu8IY0mHhXw,4.0,2015-04-17 23:40:42,evening,4,0,1,medium,high,Philadelphia,Pizza,1,0,1
h_WJ9jf22thDw10b1KL-cg,Yv9KUZ-N3otoKUtToPPxAg,3.0,2015-04-18 02:21:46,night,5,1,1,long,high,Doylestown,Breakfast & Brunch,2,1,1
SYgVIFxAe0XWlcY1PPq_Gw,u-8sFq05DQ6PYCR5HiKZ2w,2.0,2015-04-18 06:50:04,night,5,1,1,long,high,Philadelphia,Pizza,1,0,1
MZ_2Nd3Xe6-51tU13cF5Cw,JgTSG4rIDf20Kgp6U_asng,4.0,2015-04-18 13:52:38,afternoon,5,1,1,long,high,St. Louis,Pizza,2,1,0
dLeQWcavoGKfof59f3Y6uQ,NL-pATcAaXHwxrm7ODwEig,1.0,2015-04-18 16:45:18,afternoon,5,1,1,medium,high,Tampa,American (Traditional),1,1,0
U2cTPixd8mQxM6CHmacHgA,b4DcNSlKBGIoOmX7PLxmWw,4.0,2015-04-18 21:04:03,evening,5,1,1,long,high,Edmonton,Canadian (New),3,1,1
sG9dTFp2WwWbRJVjj5gH2w,89COhCW-cAD5-fTXPfXYTw,2.0,2015-04-19 01:16:22,night,6,1,1,long,high,Maplewood,Donuts,1,0,0
SYgVIFxAe0XWlcY1PPq_Gw,C_EtrXTygRX5RTUOKtO6Dg,2.0,2015-04-19 03:48:25,night,6,1,1,long,high,Philadelphia,Nightlife,2,1,1
wjck5FNNSXKl_RJdw-NW8A,O286wXm4mcznQn_1JieD1g,5.0,2015-04-19 14:03:59,afternoon,6,1,1,medium,high,Philadelphia,Event Planning & Services,3,0,0
amq9RgubtZJK3ASuPCkUrw,2nUzpVFZVyGoD-RVhz-1KA,5.0,2015-04-19 14:53:47,afternoon,6,1,0,short,high,Kirkwood,Burgers,2,1,1
amq9RgubtZJK3ASuPCkUrw,0CeDwvLyRVgr-fq-DHk1sQ,5.0,2015-04-19 15:18:27,afternoon,6,1,0,short,high,St. Louis,American (New),1,1,0
iBRqbcx2UbyWbLW1mGySUQ,APW4-ESYGTIn17mY189Osg,5.0,2015-04-19 20:01:00,evening,6,1,1,long,high,Tampa,Soup,1,1,1
d8FwfuFM9SJA3kU_cIQ3aw,eaDZlSuVS0EY67Ke6pRP6Q,4.0,2015-04-19 22:37:34,evening,6,1,1,medium,high,Philadelphia,Malaysian,2,1,0
JyzLjUFEIW3epNlHI6Oa6Q,KP5OncF2jhT7_J1phHPPww,5.0,2015-04-19 23:51:29,evening,6,1,1,long,high,Tampa,Mexican,2,1,1
v98WXw1EToiuPIxtE0aekQ,9uHEhLKTVXATCt7JSvUsCg,5.0,2015-04-20 00:03:02,night,0,0,1,medium,high,Philadelphia,Local Flavor,1,0,0
kmyO80BMdVGG3kJpr_fymA,w520vYWEpEYBf90rSr9NVA,4.0,2015-04-20 01:23:40,night,0,0,0,medium,high,Nashville,Thai,2,0,1
8bZ9QiMWMpAka36qHh2OSg,i7LerGjkoxNPrlJ1oJpbXw,2.0,2015-04-20 01:38:39,night,0,0,1,long,high,Langhorne,Restaurants,2,1,0
xC0EwX1RMsM99vVVisKLfQ,jULIPydhMj18KOI5OHTwfA,4.0,2015-04-20 02:03:56,night,0,0,1,medium,high,Philadelphia,Tacos,2,1,1
GcdYgbaF75vj7RO6EZhPOQ,4_W5pstoN1166TGjjPOrMg,4.0,2015-04-20 02:18:06,night,0,0,1,long,high,Philadelphia,American (Traditional),2,1,1
CQe3-kNns5HGOxabNXuLbQ,sB45WFgysT617bKWP_WJwA,5.0,2015-04-20 13:31:26,afternoon,0,0,1,medium,high,Saint Louis,Bars,1,0,0
-7XrSrJfHndHc_taEXurTw,WoFttPbJRti49sXBgOeIBQ,4.0,2015-04-20 23:37:05,evening,0,0,1,long,high,Wesley Chapel,Bars,2,1,1
HKIFN7bin1aKtQZ9k9tRlQ,-y5vYOsyL4bSFxeOtQtYbg,2.0,2015-04-21 02:26:16,night,1,0,0,short,high,Tucson,Delis,2,1,1
xYgdYioZpHUxApiddFhCxg,F0AAzMdhv2RyjwHVned5bQ,5.0,2015-04-21 03:02:39,night,1,0,1,long,high,Florissant,American (Traditional),2,1,1
I2XpWCHAom1JRyHXZQrnfg,4JQ0hePJAlBepDzb20_32g,3.0,2015-04-21 06:34:35,night,1,0,1,long,high,Ruskin,Nightlife,2,1,1
tVjZsrpIldh3P-1tHECaug,9gObo5ltOMo6UgsaXaHPWA,3.0,2015-04-22 03:20:26,night,2,0,1,short,high,Philadelphia,American (New),3,1,0
CfX4sTIFFNaRchNswqhVfg,bSJczuohHVko33UT82hnfA,4.0,2015-04-22 16:40:18,afternoon,2,0,1,long,high,New Orleans,Pizza,1,1,1
1iokf9rM43YAwxsa8bp1OQ,jRLskcm_icZIKs81mYC4iQ,4.0,2015-04-22 17:26:46,afternoon,2,0,1,long,high,Indianapolis,Restaurants,2,1,0
mZrbrAAtQ0Xmt_MMUEs6Kg,bSWL0YxfawjS03_g2kgujA,4.0,2015-04-23 16:39:31,afternoon,3,0,1,long,high,Philadelphia,Sandwiches,1,1,1
T__CyGS2hC3fq51vGXv9YA,Gf1EboxqdJ9SPsVJur93Cw,1.0,2015-04-23 20:53:18,evening,3,0,0,long,high,Indianapolis,Fast Food,1,1,0
F7oysaWequH7GB5f_pY2iA,nX2105_S9lUhB5rbhC2n2w,5.0,2015-04-25 19:20:57,evening,5,1,0,medium,high,Saint Louis,Donuts,1,0,0
F76i3Syqc_jTR2m2vXGwuQ,LTtmAHFW3nWLirD--VWAEw,3.0,2015-04-26 08:17:18,morning,6,1,0,long,high,Tucson,Automotive,2,0,0
KHDuc3dFLvpNgpu4z0sf-w,ugSj0rWlWQ57-FuKuieGXA,2.0,2015-04-28 16:16:33,afternoon,1,0,1,long,high,Tampa,Sandwiches,2,1,1
PAc93PtEbYDtytBQ9Dyjug,bN7-A2GlVz2Job3frIPy9w,5.0,2015-04-28 18:20:37,afternoon,1,0,1,long,high,Tucson,Ice Cream & Frozen Yogurt,2,0,0
5kcLlhJPLJL_GLwrAdbZAA,NMtUD873aWrNjljt3VOcFA,4.0,2015-04-28 19:43:37,evening,1,0,1,long,high,Philadelphia,American (Traditional),3,1,0
JQvMNDFsvT_njvRgWUir3A,AY1SyySRyTnBwBdf7qfGxQ,5.0,2015-04-28 21:11:03,evening,1,0,1,medium,high,Philadelphia,Grocery,2,0,0
T__CyGS2hC3fq51vGXv9YA,Gf1EboxqdJ9SPsVJur93Cw,1.0,2015-04-28 22:36:28,evening,1,0,0,long,high,Indianapolis,Fast Food,1,1,0
Unk0vlfw3QrPrslXnXWSSw,EQ-TZ2eeD_E0BHuvoaeG5Q,4.0,2015-04-29 01:27:27,night,2,0,1,long,high,Indianapolis,Beer,2,1,1
dFi7kwnnWwCUV60-u35-gQ,e1jylvnhcMVr1ER8PO4dpA,4.0,2015-04-29 14:11:32,afternoon,2,0,1,long,high,Indianapolis,Barbeque,2,0,1
6PZxoJFHQFfmN5J0eBqeyQ,2er_V-oAd7IbQ5YTY56r7A,5.0,2015-04-29 14:11:34,afternoon,2,0,0,medium,high,Philadelphia,Restaurants,2,1,1
-G7Zkl1wIWBBmD0KRy_sCw,-d8B04ueyxADRutlcHYewQ,4.0,2015-04-29 14:36:49,afternoon,2,0,1,long,high,Doylestown,American (New),2,0,1
AUI-wWC12oaeQja9BiGwRQ,ARgidflSXPHj7uhK-Y7hwA,4.0,2015-04-29 21:28:23,evening,2,0,0,short,high,St Louis,Japanese,2,1,0
LarOkLonzqu5pLzZimS2BA,AdT6vMVYy2uFFfnYbWoAsw,5.0,2015-04-29 23:30:44,evening,2,0,0,medium,high,Hendersonville,Restaurants,2,1,1
LarOkLonzqu5pLzZimS2BA,BxhkoR6cscJwwex8gx31OA,5.0,2015-04-29 23:34:13,evening,2,0,0,medium,high,Madison,Restaurants,2,0,0
tjUSuyGKVCaNzKpP5xYEQQ,jxfAi7UDmtbhyPw7ZsfKVw,5.0,2015-04-30 00:56:36,night,3,0,0,long,high,Media,Desserts,2,0,1
mzXDuhZBPdHfMIk1YXP0mQ,u7_3L1NBWgxhBM_B-cmmnA,4.0,2015-04-30 16:37:51,afternoon,3,0,0,medium,high,Philadelphia,Italian,2,1,1
_kp3hr0ohALINduHTERs9Q,Fok0BLJP0OMxbbl3l6QmZA,5.0,2015-04-30 17:20:48,afternoon,3,0,1,medium,high,Clayton,Restaurants,2,1,0
AaPhPor834YyMwCqOxytdQ,AODksDNj5mH953cyhUG1Qw,5.0,2015-04-30 17:33:20,afternoon,3,0,1,medium,high,Tampa,Laotian,2,1,1
CjwYS6PtNDlrLnHErQAgMQ,8uF-bhJFgT4Tn6DTb27viA,5.0,2015-04-30 20:22:36,evening,3,0,1,long,high,New Orleans,Food,1,1,1
spkspIaGx9aj8wsnGOVnqA,D5V0Fawd6ODVgqCY8xngsw,4.0,2015-04-30 21:34:55,evening,3,0,1,long,high,Philadelphia,Event Planning & Services,3,1,0
K17847uudqPFPIjSPgxs2A,7mpYTDb24SywNMRn3yeakQ,4.0,2015-04-30 22:49:02,evening,3,0,1,long,high,Philadelphia,Event Planning & Services,2,1,1
Kl7RbNm-2OnFWEuWx1ASfg,AEOd0wRdjeLIXb1usSp9hg,3.0,2015-05-01 00:48:49,night,4,0,1,long,high,Tucson,Restaurants,2,1,0
gs0dNGac_01UWK_bXrYilA,Edg22x3CZkIv0GUib2oEFA,5.0,2015-05-01 04:33:05,night,4,0,1,long,high,New Orleans,Pizza,2,1,1
PLOYtrCMUFPHQe2IbYAd5g,3JwRFu53hgEisf_SRBPIew,4.0,2015-05-01 14:57:07,afternoon,4,0,1,long,high,Glassboro,Food,2,0,0
huHPQSQgw4kFakc0Vq7TDA,SSZDGl2J-CEyIzuIbEiYNQ,3.0,2015-05-01 19:56:49,evening,4,0,1,medium,high,Saint Louis,Bars,2,1,0
H2DNqyt2CR5a8Gv3Jisqhg,seouwqRlM9YNNAkZS09FuQ,4.0,2015-05-02 00:46:39,night,5,1,1,long,high,Greenwood,Pizza,1,0,1
gdE08fH1krgdIykCyWUj1A,dSPA4yql9vUwnYRxHiVtHA,5.0,2015-05-02 03:09:39,night,5,1,0,medium,high,Philadelphia,Sushi Bars,2,0,1
JTqQ9C9S2Qc8_aHtO1965g,qjGS_7iaQDpbVhS6W8qkHQ,5.0,2015-05-02 22:21:13,evening,5,1,1,medium,high,Philadelphia,Food,2,0,0
y7pQs16TZ9pZe-ILxuyL3w,qt1o4H9O9lBwqf3K7GGFag,4.0,2015-05-02 22:29:58,evening,5,1,1,medium,high,Clearwater,American (Traditional),2,1,1
vrPBIr1rQxQk3rarehBEig,-Or44IdY51Ukd618kikmtA,5.0,2015-05-02 23:48:40,evening,5,1,0,long,low,Philadelphia,Restaurants,1,1,1
vYMvOTL31e0KbTo9Hd0tjg,xqFB8Vri9BTOGWmsJW9QAQ,4.0,2015-05-03 00:22:12,night,6,1,1,medium,high,Tampa,Grocery,2,0,0
fs5bpfk-2pvq2v8S1De5pQ,P8QLcGZZOPgl9w_3ARBKiQ,5.0,2015-05-03 03:58:38,night,6,1,0,medium,high,Philadelphia,Japanese,2,0,0
9lCb0V9FVtvI9qHuZhJmqw,Z5po0aTuzKKblek5y6Sp8Q,5.0,2015-05-03 04:11:00,night,6,1,1,long,high,Philadelphia,Food,2,0,0
fs5bpfk-2pvq2v8S1De5pQ,6LCZLGa09Qifn6rG7-DNrg,5.0,2015-05-03 05:16:38,night,6,1,0,long,high,Philadelphia,Thai,2,0,0
bIJHF7VwQQ_TqgL0yfgJdA,geUiM_VTRmUz6dViO7E-jg,5.0,2015-05-03 15:13:37,afternoon,6,1,1,long,high,Fishers,Pizza,2,1,1
l3ElIU_Wsz16qnBp690mvA,XahxHmkaFOAwXix2VGRAUQ,5.0,2015-05-03 16:28:03,afternoon,6,1,0,medium,high,Philadelphia,Food Stands,1,0,1
kd7R1mX2soYNrIbK7h5SVA,C-m2goUXTiEVrQBpXsiTLA,3.0,2015-05-03 16:45:53,afternoon,6,1,1,long,high,Edmonton,Dim Sum,2,1,0
bfpdkDQfWjWoJRAsbtfATQ,VZfc50XVwgdCecH4YbGNFg,5.0,2015-05-03 19:41:36,evening,6,1,1,long,high,Tampa,American (New),2,1,1
EAHCCgMFoJxlOPcCPQ91SQ,UCMSWPqzXjd7QHq7v8PJjQ,4.0,2015-05-04 03:45:00,night,0,0,1,long,high,Tucson,Restaurants,2,1,1
27M0B4ENG7sI-Z2gCuqANA,mUIBtlWNPD7sz3rGGWQ1RA,5.0,2015-05-04 04:00:49,night,0,0,1,short,high,Philadelphia,Mediterranean,2,0,1
ikWD8meznb14w9yNie3bwQ,rVhsjZWk_u20TDcvwhbdyQ,4.0,2015-05-04 13:43:29,afternoon,0,0,1,long,high,Indianapolis,Restaurants,1,1,0
mzL0zHFGyd9866OUljq49g,jULIPydhMj18KOI5OHTwfA,4.0,2015-05-04 17:01:19,afternoon,0,0,1,long,high,Philadelphia,Tacos,2,1,1
4_OVSuZ8N8gqyHQjV7W8Bg,RVLF2RaStLkJiQCqBHknDw,5.0,2015-05-04 19:16:05,evening,0,0,1,long,high,Philadelphia,Food,1,0,1
tywhgQd-CMbishWP-v6W2Q,_owHO6DTYU-XVP8jAcgZFw,3.0,2015-05-04 22:19:50,evening,0,0,1,long,high,Nashville,Pizza,2,1,1
DBYhpb5hrAYgQjQaMhNYyQ,rVhsjZWk_u20TDcvwhbdyQ,5.0,2015-05-05 00:30:57,night,1,0,1,medium,high,Indianapolis,Restaurants,1,1,0
KHDuc3dFLvpNgpu4z0sf-w,7EhTT4iEuA7JaaWA-eI3Qw,5.0,2015-05-05 02:19:19,night,1,0,1,long,high,Pinellas Park,Food,1,0,1
4381-bSqHKt_tF5PQH2epQ,uKEabBQrn0gLzvTppOrKIA,5.0,2015-05-05 12:56:29,morning,1,0,1,long,high,Saint Petersburg,Mexican,1,1,1
VQ3J0tYADb5SjCqUiU0StQ,AgGD37HVpQmimj8W17xM2w,3.0,2015-05-05 14:53:04,afternoon,1,0,1,long,high,Aston,Ice Cream & Frozen Yogurt,1,0,1
dEvFqqQImRAaE1dT5wYMJg,U8NTSQowS3pcfs3KbR2jCA,4.0,2015-05-05 18:26:25,afternoon,1,0,1,medium,high,Riverview,Convenience Stores,2,0,0
8jjjhTDBqTsXCok4DvGHGg,Tqt99-TsbRT4bmsXHyA1lA,5.0,2015-05-05 20:58:05,evening,1,0,1,long,high,Edmonton,Restaurants,3,1,1
UYU71DRx-UDAee-eFOFfWw,jULIPydhMj18KOI5OHTwfA,4.0,2015-05-05 21:01:21,evening,1,0,1,long,high,Philadelphia,Tacos,2,1,1
F2btBeGFsXzD5bHbvNV_2g,H3JjbID9Zhukpqr9uupHAA,4.0,2015-05-06 18:14:08,afternoon,2,0,0,medium,high,Nashville,Burgers,2,1,1
aaEr2-3Qaa4jo9rkjiqibA,-nXZLIhPQcYYJiLI3weqGQ,4.0,2015-05-06 19:31:37,evening,2,0,1,long,high,Pennington,Food,2,0,0
Ttn1RtATzZBtWsx6MoPGqQ,6LCZLGa09Qifn6rG7-DNrg,5.0,2015-05-07 18:43:17,afternoon,3,0,1,long,high,Philadelphia,Thai,2,0,0
ikWD8meznb14w9yNie3bwQ,I2Yt74AzSQFfyQqgN7PSEg,4.0,2015-05-12 19:40:03,evening,1,0,1,long,high,Indianapolis,Venues & Event Spaces,2,0,0
ikWD8meznb14w9yNie3bwQ,sr-5EY6bmp4jINhea06MjA,5.0,2015-05-12 19:56:16,evening,1,0,1,long,high,Indianapolis,Restaurants,2,1,1
RBzELkwCOCla8yRrMZDGHQ,9_m_iA3VAqGBJEW5XLc-5w,5.0,2015-05-12 21:06:59,evening,1,0,1,long,high,Indianapolis,Food,2,0,0
oF20BNxcphfedn93Nfwd9w,ZjWjuo7yTUVGdztoSSmuBw,5.0,2015-05-13 01:50:51,night,2,0,1,long,high,Webster Groves,Juice Bars & Smoothies,1,0,0
h_WJ9jf22thDw10b1KL-cg,aOJdNN7IsxR7xy9H_bJuLQ,4.0,2015-05-13 01:52:02,night,2,0,1,long,high,Doylestown,Food,2,0,1
zQTEbn5nWGPypxOf2uRPmg,jQBPO3rYkNwIaOdQS5ktgQ,4.0,2015-05-13 04:41:13,night,2,0,1,long,high,Saint Louis,Ice Cream & Frozen Yogurt,2,1,0
xC-q_yh0XwcjRLimkS3RNg,3Yogz58lIto-kceF2y-THg,4.0,2015-05-13 16:15:34,afternoon,2,0,1,long,high,Edmonton,Chinese,2,0,0
B4TOHqJvwqYS5F4rRkTQ7Q,vFpbUcVAXxrSz5mFIzKbyw,3.0,2015-05-13 20:52:48,evening,2,0,0,medium,high,Springfield,Sports Bars,2,1,0
VUllFn1I5j056JyVqsQXBQ,NesMl0Tiq1FsPoX2LzHkNg,5.0,2015-05-13 22:15:15,evening,2,0,1,long,high,Tucson,Cheesesteaks,1,1,1
8VNmuYmFboXleIFf-stnFg,5m9QeYTx52m50MMR3Rr_wA,4.0,2015-05-13 22:53:39,evening,2,0,0,long,high,Reno,Delis,1,1,0
TVN3qoXU0-sateboutdCZg,JUlsvVAvZvGHWFfkKm0nlg,4.0,2015-05-14 02:47:12,night,3,0,1,long,high,Philadelphia,Mexican,2,1,1
zQTEbn5nWGPypxOf2uRPmg,uqXYVxIwoEsFFjEHBlMZQA,3.0,2015-05-14 03:20:08,night,3,0,1,long,high,Saint Louis,Desserts,2,1,1
RY4dBYybgQLaXQYz-LMpLA,JOvNunKJlWhwJRwLmUR9ZA,4.0,2015-05-14 04:52:41,night,3,0,1,long,high,St Petersburg,Bars,2,1,1
-QmEKJ_CzZnT9biZHddfZQ,MMRRS6YhVRx_iN5-JhMRYg,4.0,2015-05-14 05:29:32,night,3,0,1,long,high,Philadelphia,Restaurants,2,1,0
ILicYV0XNcbfiWEgWlIZ8g,DRnvSL_I8MLuTLhl6O4JBQ,5.0,2015-05-14 12:16:07,morning,3,0,1,long,high,Philadelphia,Pizza,2,0,1
Nxr5C4m0edwetAeRUacP6A,WHkMM8OCQhZMsSPnwItsKg,4.0,2015-05-14 15:46:19,afternoon,3,0,1,long,high,Tarpon Springs,Hot Dogs,1,1,1
MO-ecGSRdYr4aF92G3Rc0g,IYzBKfT_JolGL-MA4STQYA,5.0,2015-05-14 16:34:00,afternoon,3,0,1,long,high,Saint Louis,American (Traditional),2,1,1
LYHQ_anXo-4MqYipQWsezA,F2C5ENuY8CXfgoW-gAMdDA,4.0,2015-05-14 17:52:43,afternoon,3,0,1,long,high,Indianapolis,Bars,2,1,1
OLGQ7alK4VKl3YdQk6UF5g,BWITd9JUXP3gSi1z3Y-z8g,5.0,2015-05-14 19:30:43,evening,3,0,1,long,high,Philadelphia,Italian,2,1,1
U2cTPixd8mQxM6CHmacHgA,zCGoQt3VCVP0iT6WtIeHZA,3.0,2015-05-14 23:51:55,evening,3,0,1,medium,high,Edmonton,Restaurants,2,1,1
wfi0T-xq_P5sKQvwQitlYg,v-CGMnVeRT_xRV6q_B7ySw,4.0,2015-05-15 00:20:24,night,4,0,1,long,high,Edmonton,Chinese,2,1,0
JQvMNDFsvT_njvRgWUir3A,i221dg3tgAMZLG-zeS5k3g,3.0,2015-05-15 02:13:09,night,4,0,1,medium,high,Philadelphia,Food,1,0,0
xjQSpme1Z7Xw8XehRLpYuA,F8yozE3NWnImNApHO347gQ,5.0,2015-05-15 02:24:39,night,4,0,0,long,high,Philadelphia,Restaurants,2,1,1
4jK-hJbH1jxRpLWk_J_oLA,GtfM73QC1y4_j8ghKPSt_w,3.0,2015-05-15 03:04:01,night,4,0,1,medium,high,Harvey,Ice Cream & Frozen Yogurt,2,1,1
aGI_wfhcJ86DJ-67Lkty8g,I5KZm-NnxYeEQsmp6nK5_w,4.0,2015-05-15 03:09:01,night,4,0,1,long,high,Philadelphia,Food,2,1,1
AHRrG3T1gJpHvtpZ-K0G_g,rVhsjZWk_u20TDcvwhbdyQ,5.0,2015-05-15 15:09:41,afternoon,4,0,1,long,high,Indianapolis,Restaurants,1,1,0
rTOLj63bMRn9ragmfMzOeA,o3RGMdSY37_PX1k1vZsXpA,5.0,2015-05-15 15:50:56,afternoon,4,0,1,medium,high,Clearwater,American (New),3,1,1
7iFUtwc9hhgGCThohNFwtw,oJRjeio1OBablDFr--__Xg,1.0,2015-05-15 21:13:33,evening,4,0,0,long,high,Tampa,Food,1,1,0
SYgVIFxAe0XWlcY1PPq_Gw,htO_nlxkEsYHzDrtbiUxew,4.0,2015-05-16 05:50:40,night,5,1,1,long,high,Philadelphia,Restaurants,1,0,0
kMLLHLIvUBXyPusIA6I1tQ,o3RGMdSY37_PX1k1vZsXpA,5.0,2015-05-16 06:00:34,night,5,1,1,long,high,Clearwater,American (New),3,1,1
3feEElYb8I9_8kuPxtAMLw,71U7MxQEhwitJOm4CQpRwQ,3.0,2015-05-16 12:29:52,morning,5,1,1,long,high,Tampa,Japanese,2,1,1
K4l-QrTWeAjb5xOXd81iGw,O5zuQH_YowDC-rsK8ZEXCA,3.0,2015-05-16 12:54:46,morning,5,1,1,long,high,Tampa,Asian Fusion,1,1,0
USD9k93iOIB88v93B5iBcw,ROeacJQwBeh05Rqg7F6TCg,5.0,2015-05-16 16:04:30,afternoon,5,1,1,short,high,Philadelphia,Korean,1,0,0
3feEElYb8I9_8kuPxtAMLw,lCBLhf37pnkyZ-1MWNF3ag,1.0,2015-05-16 20:11:53,evening,5,1,1,long,high,Tampa,Delis,1,1,1
LnFIWZM_l__4t8Qxj3pnOg,d_tRshM-w6S4QxE4VVi8tQ,2.0,2015-05-16 20:12:17,evening,5,1,1,medium,high,Philadelphia,American (New),2,1,0
vYMvOTL31e0KbTo9Hd0tjg,Knd4u3v3I_6SbAzp_gbXaQ,5.0,2015-05-17 00:15:22,night,6,1,1,medium,high,Plant City,Food,1,0,1
U7aysStyFtCUVdFRTpMQ3A,GmJDCmDhtKbjofeO35yBrw,2.0,2015-05-17 02:13:44,night,6,1,0,long,high,Philadelphia,Delis,1,1,0
Z0pPx5DfmYgQIKGu5aSa_A,ymoEdJB5NE56sWw74uyX7A,5.0,2015-05-17 16:23:17,afternoon,6,1,0,short,high,Indianapolis,Sushi Bars,2,1,1
urGnh8Eockw-wJ1PgzgY-g,BjBDHqHhMXSxgyVipccznQ,5.0,2015-05-17 17:09:29,afternoon,6,1,1,medium,high,Tampa,African,3,1,0
Jhdk8OjarHCjISYhRvJvTg,60NzhNKEQJNBA9ZfvJieDg,1.0,2015-05-17 17:17:36,afternoon,6,1,0,medium,high,Downingtown,Event Planning & Services,2,0,0
fIapBzyUHsZTbvy4Dg0myg,B10mqANgHvL8gBteo1UhAA,4.0,2015-05-17 19:11:26,evening,6,1,1,medium,high,Tucson,Restaurants,2,1,1
vZWNh7DMwYVgz3sz-JudwQ,O5zuQH_YowDC-rsK8ZEXCA,3.0,2015-05-17 21:48:09,evening,6,1,1,long,high,Tampa,Asian Fusion,1,1,0
_N8kvjHWS60R6xjhs0em9A,cXSyVvOr9YRN9diDkaWs0Q,5.0,2015-05-17 22:10:36,evening,6,1,1,medium,high,Philadelphia,Southern,2,1,1
d8FwfuFM9SJA3kU_cIQ3aw,RuuGJoMm2Y3wbLbPPHTvqw,4.0,2015-05-17 23:51:33,evening,6,1,1,medium,high,Runnemede,Restaurants,2,1,1
d8FwfuFM9SJA3kU_cIQ3aw,RuuGJoMm2Y3wbLbPPHTvqw,4.0,2015-05-17 23:51:37,evening,6,1,1,medium,high,Runnemede,Restaurants,2,1,1
vTprcHGBn9asRfI349M1Fg,6iqDIQCE8sq7Xq1xvhG1Tg,4.0,2015-05-18 00:04:50,night,0,0,1,long,high,Reno,Italian,2,1,0
362EJ-BAcCkoeudPCtLKWA,9V0LMtO1riRw9-pUuG4NFg,5.0,2015-05-18 01:21:53,night,0,0,0,short,low,Indianapolis,Latin American,2,1,1
khvn7hhX08g33N5niO676w,NesMl0Tiq1FsPoX2LzHkNg,4.0,2015-05-18 01:49:50,night,0,0,0,medium,high,Tucson,Cheesesteaks,1,1,1
lU9v6r4bo6nh1i5z4Z-BDg,Z5po0aTuzKKblek5y6Sp8Q,5.0,2015-05-18 02:09:39,night,0,0,1,medium,high,Philadelphia,Food,2,0,0
mzXDuhZBPdHfMIk1YXP0mQ,04UD14gamNjLY0IDYVhHJg,5.0,2015-05-18 05:02:40,night,0,0,0,medium,high,Philadelphia,Mediterranean,2,1,0
wjck5FNNSXKl_RJdw-NW8A,4_W5pstoN1166TGjjPOrMg,4.0,2015-05-18 15:14:56,afternoon,0,0,1,long,high,Philadelphia,American (Traditional),2,1,1
V1rial53zLecglzJl9cIMA,-d8B04ueyxADRutlcHYewQ,4.0,2015-05-18 17:22:41,afternoon,0,0,1,long,high,Doylestown,American (New),2,0,1
590n3_2wj7xIPBzw8ogXTg,gK9CdFaCXmHoW8aLfXiSqg,4.0,2015-05-18 18:17:25,afternoon,0,0,1,long,high,Ardmore,Restaurants,2,1,0
NfoUVmfvDDtYGuSgtuZkkQ,xT41eqUSsM_MDE1Vjhq20A,5.0,2015-05-18 20:35:29,evening,0,0,0,medium,high,Tampa,Gluten-Free,2,0,1
d9cpPrIfozQ2nIniIZ4F6A,NcO-pWiZmNM5zBg8H9zB6Q,4.0,2015-05-19 13:07:59,afternoon,1,0,1,long,high,Smyrna,Food,2,1,1
5jKScvMqxW_rzd0D8xgX1A,5X43mcuo8-oq9NUZi5m7Jg,2.0,2015-05-20 04:23:37,night,2,0,1,long,high,New Hope,Food,2,1,1
7iFUtwc9hhgGCThohNFwtw,xT41eqUSsM_MDE1Vjhq20A,3.0,2015-05-20 15:58:23,afternoon,2,0,0,long,high,Tampa,Gluten-Free,2,0,1
aLtvIGucNiiC1bIuTLpmqQ,2er_V-oAd7IbQ5YTY56r7A,3.0,2015-05-20 16:16:59,afternoon,2,0,1,medium,high,Philadelphia,Restaurants,2,1,1
UYU71DRx-UDAee-eFOFfWw,MMRRS6YhVRx_iN5-JhMRYg,4.0,2015-05-22 16:35:28,afternoon,4,0,1,long,high,Philadelphia,Restaurants,2,1,0
nWepkfrazqoTWkPDdgI1bw,o7cD_sDA-Evj3Oh0zeH9nQ,5.0,2015-05-24 01:48:08,night,6,1,1,long,high,Reno,Restaurants,1,0,0
CfX4sTIFFNaRchNswqhVfg,1YfILky5n_7V3MHs8gzwMw,3.0,2015-05-26 07:22:01,morning,1,0,1,medium,high,New Orleans,Food,2,0,0
PpRKM2R73KAEAfjB6EX6YQ,O8YYh_b4hf82C4DAeBhmeQ,2.0,2015-05-26 12:34:28,morning,1,0,1,long,high,Havertown,Food,2,0,0
X0Bmllln5u8i37-Fo8leVg,N5ekxQd7wGHWJJK-p9qqXw,5.0,2015-05-26 14:29:48,afternoon,1,0,1,long,high,Nashville,Restaurants,3,1,0
3HmloQl9Hc7CMkGNfbZ37g,COclRBaXBjYpomS4syUmvg,4.0,2015-05-26 15:08:09,afternoon,1,0,1,long,high,Indianapolis,Restaurants,1,0,1
dFi7kwnnWwCUV60-u35-gQ,To8sBx3uED_CIgtRW3Jrxg,4.0,2015-05-26 16:17:13,afternoon,1,0,1,long,high,Indianapolis,Barbeque,1,0,0
2XKlUjHGk9z-2ckFMcBEHw,37BpNvlEAT6WVGsksrHbBQ,4.0,2015-05-26 20:56:29,evening,1,0,1,long,high,Nashville,Sushi Bars,2,1,1
dEvFqqQImRAaE1dT5wYMJg,EFPLTyrqx_x_6GVaDU5Mtw,3.0,2015-05-26 21:11:14,evening,1,0,1,long,high,Brandon,Fast Food,1,0,0
MEgTog8Eot2kupiPE_1pmA,LVteL0Rnh2E_yOFCLJUPhg,2.0,2015-05-26 21:21:14,evening,1,0,1,long,high,Media,Pizza,1,1,0
XsnL3gdNiPRnj9svFvz-EA,I0I2mkCOPTYVSLpc8A8VVw,5.0,2015-05-27 05:18:00,night,2,0,1,long,high,New Orleans,Personal Chefs,3,1,0
ouODopBKF3AqfCkuQEnrDg,GqUv8rF5h3ZZFfj7S9tgyQ,3.0,2015-05-27 05:49:08,night,2,0,1,medium,high,Wayne,Buffets,2,0,0
A1nIXS5XEWeZ2EUUcOsurA,cwSlDlrmK1qlOWH9zDuNKQ,5.0,2015-05-27 14:42:19,afternoon,2,0,1,medium,high,Marlton,Chicken Wings,1,0,0
P0GbmdzeEJtx4CBsksTKIA,UvBSMmsmtT4RABoKy2ZJeQ,4.0,2015-05-27 15:44:36,afternoon,2,0,1,long,high,Nashville,Nightlife,2,1,1
KnPrhgAtSuUEA4PYSLFDVg,P8QLcGZZOPgl9w_3ARBKiQ,4.0,2015-05-27 18:10:18,afternoon,2,0,1,medium,high,Philadelphia,Japanese,2,0,0
RMrWegRjr3gn_g7fOLxHRA,xCXGV3wEvYd4xBGx8ZRFQA,4.0,2015-05-27 19:23:48,evening,2,0,1,long,high,Philadelphia,Restaurants,1,0,1
jswWHPctnZGH3qqvN4mzoQ,_aKr7POnacW_VizRKBpCiA,5.0,2015-05-27 20:14:35,evening,2,0,1,long,high,Saint Louis,Delis,1,1,0
BrhwZCoV-kd5JbV8G6gHLw,8MyjJ5ocf9VFjdscKrQu4A,1.0,2015-05-27 20:40:00,evening,2,0,1,long,high,Carmel,Restaurants,1,1,1
4wFZgzj4DXB3Mn7Q1WLhXg,lHndmmPiVHzZ9PLz_su8Zw,3.0,2015-05-27 20:44:07,evening,2,0,1,long,high,Boise,Mexican,1,0,1
WuiEYopWZOWOuWQD87fVSw,14ZGwnDyydXdSBsLXpSUrA,4.0,2015-05-27 21:21:10,evening,2,0,1,medium,high,Philadelphia,Vietnamese,2,1,1
wUTjHpPAs6EWFZtMfEQUiw,dBCNUSbz5-8nQNrxWo5deg,5.0,2015-05-27 22:57:04,evening,2,0,0,medium,high,Southampton,Restaurants,2,1,0
EMJjstNBGfIlJbooOO1i_g,JF7iyI3wA_AKi_iXOKi0Qw,3.0,2015-05-27 23:06:53,evening,2,0,0,long,high,Ardmore,Italian,2,1,1
-rGU3wo4fgEnGRboYdMTjw,dygflr6j51vf3-lM5pUIkw,2.0,2015-05-28 02:17:21,night,3,0,1,long,high,Tucson,Mexican,1,1,0
i84YDhPbxtq9F8ipmtR5vg,-OIUunijjcq_ZzyyQhPPFQ,3.0,2015-05-28 14:19:21,afternoon,3,0,1,long,high,Philadelphia,Restaurants,2,0,0
SWwV8YhdTSSW4QFEDV7G-w,o1TR7rOmAcxiNBLEM3kEqw,2.0,2015-05-28 14:34:30,afternoon,3,0,1,long,high,Temple Terrace,Restaurants,1,0,0
Dh6OTRg1ajZ6QLZgbOTcBQ,Wndkw2PinAwTgjeUJOTdCg,3.0,2015-05-29 00:18:06,night,4,0,1,long,high,Reno,Food,2,1,1
KSrQ-qr-dXCcJadevuS1RA,EtKSTHV5Qx_Q7Aur9o4kQQ,3.0,2015-05-29 04:23:34,night,4,0,1,long,high,Philadelphia,Bars,2,1,1
WyrrCOkp8MaVfj10UAOMFA,9V0LMtO1riRw9-pUuG4NFg,5.0,2015-05-29 09:21:51,morning,4,0,1,long,high,Indianapolis,Latin American,2,1,1
WyrrCOkp8MaVfj10UAOMFA,MpkCQTOV6D3XGRPbtQPj5Q,5.0,2015-05-29 09:35:39,morning,4,0,1,medium,high,Avon,Vietnamese,1,0,0
kO30XR2WeF6bla6dK1ZZLw,NMtUD873aWrNjljt3VOcFA,4.0,2015-05-29 14:20:42,afternoon,4,0,1,long,high,Philadelphia,American (Traditional),3,1,0
LUnCGVyQE0v0cAjJfkqM_A,yfxupsPE3O3BL_fWQwJUAw,5.0,2015-05-29 14:55:54,afternoon,4,0,0,medium,high,Franklin,Sushi Bars,2,1,0
vKwoXHvV58QtXyI0KcVKKQ,Rx5lfHMWkezmQjCfr2ziAw,4.0,2015-05-29 16:40:49,afternoon,4,0,1,medium,high,New Orleans,Vietnamese,1,1,0
PssOidTS69z5ciMjNCjPww,tP6tk-M8y09QKIoOO0JIbw,5.0,2015-05-29 19:44:26,evening,4,0,1,medium,high,St Pete Beach,Nightlife,2,1,1
zidK7sC6ekLjGndRZeoGKQ,JOvNunKJlWhwJRwLmUR9ZA,5.0,2015-05-29 20:15:59,evening,4,0,0,medium,high,St Petersburg,Bars,2,1,1
3feEElYb8I9_8kuPxtAMLw,o3RGMdSY37_PX1k1vZsXpA,3.0,2015-05-29 20:45:51,evening,4,0,1,long,high,Clearwater,American (New),3,1,1
Oi1qbcz2m2SnwUeztGYcnQ,r31oH9nLDCLcSqsd3MdT1A,3.0,2015-05-29 22:17:21,evening,4,0,1,long,high,Broomall,Fast Food,1,0,1
lMY8NBPyzlPbbu-KBYfD9A,33JlrWf0kmHd2VzW58Wp0g,3.0,2015-05-30 03:30:52,night,5,1,1,medium,high,Saint Louis,Bars,2,1,1
K4l-QrTWeAjb5xOXd81iGw,JOvNunKJlWhwJRwLmUR9ZA,4.0,2015-05-30 11:40:21,morning,5,1,1,medium,high,St Petersburg,Bars,2,1,1
Gu6v8UP_FKORLlKyvc5JIg,VOEN8f9WEysinBsLqbiVqg,3.0,2015-05-30 12:47:02,morning,5,1,1,long,high,Metairie,Venues & Event Spaces,3,1,1
qs9_yIgen2NUxQCS-LiR_Q,Lp7o7wv0-QtupZeZP0QcMg,3.0,2015-05-30 13:09:58,afternoon,5,1,0,medium,high,Glenside,Beer,2,1,0
0Ko6fgC_9Fr61tsZgG6bag,ql9pGsVnj0ZWAsHxO0myaQ,5.0,2015-05-30 13:14:29,afternoon,5,1,0,medium,high,Nashville,American (Traditional),1,1,0
kmyO80BMdVGG3kJpr_fymA,dNR-b-CsrFGYhMo9zLMrCw,5.0,2015-05-30 17:06:56,afternoon,5,1,0,medium,high,Brentwood,Japanese,2,0,0
GevrFd8ojonAr4fEQB9WfA,gK9CdFaCXmHoW8aLfXiSqg,4.0,2015-05-30 19:07:25,evening,5,1,1,long,high,Ardmore,Restaurants,2,1,0
vTprcHGBn9asRfI349M1Fg,XXZqNGRUyGVLx8oNm6BtBA,5.0,2015-05-30 19:17:06,evening,5,1,1,medium,high,Reno,Restaurants,1,1,0
sPtik-YgGYvT3sIJZURv6g,uKEabBQrn0gLzvTppOrKIA,3.0,2015-05-30 20:06:43,evening,5,1,1,medium,high,Saint Petersburg,Mexican,1,1,1
aaEr2-3Qaa4jo9rkjiqibA,mUIBtlWNPD7sz3rGGWQ1RA,4.0,2015-05-30 22:22:08,evening,5,1,1,medium,high,Philadelphia,Mediterranean,2,0,1
daBNJmXVo5LwmL5zTqf6Mw,WQ832PDnsDshhbQFm83ISg,1.0,2015-05-31 00:01:53,night,6,1,0,long,high,Tampa,Cinema,2,1,0
YlWqbKfRinSudpLlgTxKbA,EQ-TZ2eeD_E0BHuvoaeG5Q,5.0,2015-05-31 03:10:35,night,6,1,1,long,high,Indianapolis,Beer,2,1,1
8_IQn0jNOWiJjFL_S_IJwg,vD2jzpPv4iyOLKzITscGvA,5.0,2015-05-31 03:18:22,night,6,1,0,long,low,Saint Louis,Wine Bars,3,1,1
8_IQn0jNOWiJjFL_S_IJwg,nRKndeZLQ3eDL10UMwS2rQ,3.0,2015-05-31 03:50:02,night,6,1,0,long,low,Saint Louis,Ice Cream & Frozen Yogurt,1,0,0
XzpJ4uHkxARCFQiZ9bffyg,Wr2k0Vz8RbcumYulp-jIrA,5.0,2015-05-31 09:21:27,morning,6,1,0,short,high,Cherry Hill,Restaurants,2,0,0
QKXluDSI8QQrlC5xQyAgjg,9V0LMtO1riRw9-pUuG4NFg,5.0,2015-05-31 13:33:29,afternoon,6,1,1,medium,high,Indianapolis,Latin American,2,1,1
iiaWyeXrdiddVVshvv7mzA,iSJlDpeYlhUYLGpkVwolMA,4.0,2015-05-31 22:04:37,evening,6,1,1,medium,high,Tampa,Nightlife,1,1,0
-THLGnsYKu3yQAsy_tt1fw,W8XLPyLx5eD0SgnfxCraDQ,5.0,2015-06-01 01:23:18,night,0,0,1,long,high,Oldsmar,Grocery,1,0,0
6Q8dQGr_DBKcmQ1aXVWvTQ,wn1rS1Ga9xZ1BIMffnJW5A,3.0,2015-06-01 01:29:01,night,0,0,1,medium,high,Sicklerville,Fast Food,2,1,0
v98WXw1EToiuPIxtE0aekQ,OHzX-ZD9qyoeoxR8Z0dlIA,4.0,2015-06-01 02:12:56,night,0,0,1,long,high,Philadelphia,Restaurants,2,1,1
v98WXw1EToiuPIxtE0aekQ,Aphp-EdFass877c-sWp5eg,4.0,2015-06-01 02:27:21,night,0,0,1,long,high,Woodbury,Diners,2,1,1
T__CyGS2hC3fq51vGXv9YA,Gf1EboxqdJ9SPsVJur93Cw,1.0,2015-06-01 04:55:40,night,0,0,0,long,high,Indianapolis,Fast Food,1,1,0
wfi0T-xq_P5sKQvwQitlYg,_v8Ccd70N6uXw8muQeyhOA,3.0,2015-06-01 05:56:17,night,0,0,1,long,high,Edmonton,Restaurants,2,1,1
eVWgnIaMMelbcIzydSqWMA,Zh8X1au_crT9jBs2LlPb2Q,3.0,2015-06-01 12:45:33,morning,0,0,1,long,high,Philadelphia,Restaurants,3,1,0
CZmwm1Qd3Ftr5TfAlnmWOA,toMVWIsPJmS7-LiLAf2AfA,5.0,2015-06-01 13:52:18,afternoon,0,0,1,medium,high,Philadelphia,Food,2,1,0
3HmloQl9Hc7CMkGNfbZ37g,nRKndeZLQ3eDL10UMwS2rQ,4.0,2015-06-01 15:07:32,afternoon,0,0,1,long,high,Saint Louis,Ice Cream & Frozen Yogurt,1,0,0
OExmdhEdcKHQQqXrv6ftTg,c8rjE6NcfeyzLB_aU1GdMA,3.0,2015-06-01 20:49:56,evening,0,0,1,long,high,Philadelphia,Nightlife,2,1,0
Bo8l98htNUOzPLcCBM86Bg,UCMSWPqzXjd7QHq7v8PJjQ,5.0,2015-06-02 17:26:19,afternoon,1,0,0,long,high,Tucson,Restaurants,2,1,1
YDFRDj6uC2v9oThuT0MyFw,1feuZITxuTrl9mr7V11kwQ,4.0,2015-06-04 04:31:24,night,3,0,1,medium,high,Tucson,Coffee & Tea,1,0,1
U4INQZOPSUaj8hMjLlZ3KA,ltBBYdNzkeKdCNPDAsxwAA,2.0,2015-06-04 04:43:06,night,3,0,1,long,high,Nashville,Cocktail Bars,2,1,0
vzNYQaFyBnIU_bBkJsUJQA,jULIPydhMj18KOI5OHTwfA,5.0,2015-06-05 03:11:30,night,4,0,1,long,high,Philadelphia,Tacos,2,1,1
EcdjtQ3sfpKSp-j4LM3aPw,2AYNaQcQcR1UqIt7TOpOhg,5.0,2015-06-05 16:25:49,afternoon,4,0,1,medium,high,Edmonton,Food Delivery Services,2,0,0
EbU4rotPHfMKpcQUfhnlYw,p3Vbzk03kNiI0tr181qamA,2.0,2015-06-08 17:05:36,afternoon,0,0,0,medium,high,Indianapolis,American (New),2,1,1
CjwYS6PtNDlrLnHErQAgMQ,mXRnfKu9PCP3k3YIcumCJA,3.0,2015-06-08 18:23:15,afternoon,0,0,1,long,high,Jefferson,Food,1,0,0
hmVE7u0Nt45j5sZCH9j_YQ,4WdDY97x4GdMYtyk1KQMnw,3.0,2015-06-08 19:08:46,evening,0,0,0,short,low,New Orleans,Cafes,2,0,0
hmVE7u0Nt45j5sZCH9j_YQ,GBTPC53ZrG1ZBY3DT8Mbcw,4.0,2015-06-08 19:22:01,evening,0,0,0,medium,low,New Orleans,German,2,1,0
Uv5UYI6aPzJG5OkeRtd4vg,3OGzmGqWwsyGLkhnxrA9Pw,3.0,2015-06-08 19:29:21,evening,0,0,1,long,high,Tampa,Pizza,2,1,0
hmVE7u0Nt45j5sZCH9j_YQ,rOsC1rDpIxvNoHxEvNFjeA,4.0,2015-06-08 19:52:59,evening,0,0,0,medium,low,New Orleans,Burgers,2,1,1
hmVE7u0Nt45j5sZCH9j_YQ,jMZ56S8Y1t7cA1Ob-d-qeA,4.0,2015-06-08 20:26:47,evening,0,0,0,medium,low,New Orleans,Nightlife,2,1,0
hmVE7u0Nt45j5sZCH9j_YQ,q4aAaxdN4wmUZoC6sKEwsw,3.0,2015-06-08 21:13:53,evening,0,0,0,medium,low,New Orleans,Cocktail Bars,3,1,0
hmVE7u0Nt45j5sZCH9j_YQ,bSJczuohHVko33UT82hnfA,4.0,2015-06-08 21:57:43,evening,0,0,0,medium,low,New Orleans,Pizza,1,1,1
8YwDTep-Z_4Jk47A4NqS5w,2er_V-oAd7IbQ5YTY56r7A,5.0,2015-06-08 22:22:43,evening,0,0,0,medium,high,Philadelphia,Restaurants,2,1,1
RQWQTxfhGGJ7bGgJ1EnExQ,iTbiFCjbYYHZsuNoGMhrhA,2.0,2015-06-08 23:03:14,evening,0,0,1,long,high,Pinellas Park,Food,1,0,0
4jK-hJbH1jxRpLWk_J_oLA,vN6v8m4DO45Z4pp8yxxF_w,5.0,2015-06-09 03:17:50,night,1,0,1,medium,high,New Orleans,Vegetarian,2,1,0
4jK-hJbH1jxRpLWk_J_oLA,g5ogvPhw3PSobtaZFkdEXg,5.0,2015-06-09 03:21:43,night,1,0,1,long,high,New Orleans,Cupcakes,2,1,0
P2FNLDMpSpdo92ydQlw7-g,LDkD5R5N7CG9yCD0YSLMZA,5.0,2015-06-09 04:30:57,night,1,0,1,long,high,Tucson,Chinese,2,1,1
6CFozKX_jLeGrleFQGl8-Q,skJ1w8B5YusIibyxH4ohxQ,3.0,2015-06-09 04:33:08,night,1,0,1,long,high,New Orleans,Active Life,2,1,1
YxE9ERtoyczXIxqEadX5yw,hnJ_Bt2-Io_Mdf9p1KlprQ,5.0,2015-06-09 05:47:40,night,1,0,0,long,high,Clearwater,Restaurants,2,1,0
VQ3J0tYADb5SjCqUiU0StQ,QkyEr9j7il9lJqseTbPe5w,3.0,2015-06-09 12:33:57,morning,1,0,1,long,high,Media,Restaurants,2,1,1
pgQurApfbrV-rPKZKYo-Tw,gC8i-lxwvGhVpOXM5eYdtA,5.0,2015-06-09 16:33:36,afternoon,1,0,1,medium,high,New Orleans,Mexican,2,0,0
NqBYt9pw7kNoytFQ9ATS-w,hFa7UxRZgJDQJ3UBhQsu9A,4.0,2015-06-09 16:53:22,afternoon,1,0,1,medium,high,Wilmington,Restaurants,2,1,1
adi9O9g6X9ksr0wxFG9Yrw,xz3z2vqP8XkAsA11HA9pDg,5.0,2015-06-09 17:15:54,afternoon,1,0,1,long,high,Philadelphia,Beer Bar,2,1,1
Rvf4alwYpKnoe73PdCvNSg,KP5OncF2jhT7_J1phHPPww,1.0,2015-06-09 17:49:41,afternoon,1,0,0,medium,high,Tampa,Mexican,2,1,1
8YwDTep-Z_4Jk47A4NqS5w,O6hY9yenifuRXrpc4TfgsQ,5.0,2015-06-09 18:15:18,afternoon,1,0,0,medium,high,Philadelphia,Restaurants,2,1,1
CjwYS6PtNDlrLnHErQAgMQ,6w8vHi5LzY0in7iFcGdpug,2.0,2015-06-09 21:04:57,evening,1,0,1,long,high,Metairie,Snow Removal,1,0,0
KSrQ-qr-dXCcJadevuS1RA,B-DiQpcSTJ7oMMnwzbAGTQ,5.0,2015-06-09 22:31:17,evening,1,0,1,long,high,Philadelphia,Thai,1,0,0
N11AGsSHMp9ZhOARSq8LNQ,XlABylkLaLRv8x4HoH5SQA,4.0,2015-06-09 22:38:05,evening,1,0,1,long,high,Reno,Shopping,2,0,0
KSrQ-qr-dXCcJadevuS1RA,jULIPydhMj18KOI5OHTwfA,5.0,2015-06-09 22:59:50,evening,1,0,1,long,high,Philadelphia,Tacos,2,1,1
EOajY1L3ole3gLTCZ2xw1g,Q-prSTdggNlxAEFV88BZOw,5.0,2015-06-10 00:33:53,night,2,0,1,long,high,Philadelphia,Beer,2,1,1
oLjseICFHuisZmxrm6bqxA,pSmOH4a3HNNpYM82J5ycLA,5.0,2015-06-10 01:19:58,night,2,0,1,medium,high,Nashville,Restaurants,2,1,0
Va1VeFo3so8d444ohkSGjg,llYsxQ0IuKh0HXULlqu6fw,3.0,2015-06-10 01:50:22,night,2,0,1,long,high,Tampa,Filipino,2,0,0
G3h8pIclwUbuu3itJqF7ug,B3JF06ctShiYJeg1FyJ5jA,4.0,2015-06-10 05:46:15,night,2,0,1,long,high,Edmonton,Indian,2,1,1
aY7Tuiui3BbrLGgVpgziZA,KOprnHl3K-oXWszxZKESow,5.0,2015-06-10 12:19:47,morning,2,0,1,medium,high,Lutz,Coffee & Tea,1,0,1
uSLc9pJ_qqQT3mjrYXb6fw,jRLskcm_icZIKs81mYC4iQ,5.0,2015-06-10 17:33:16,afternoon,2,0,1,long,high,Indianapolis,Restaurants,2,1,0
jswWHPctnZGH3qqvN4mzoQ,nX2105_S9lUhB5rbhC2n2w,4.0,2015-06-10 22:34:19,evening,2,0,1,medium,high,Saint Louis,Donuts,1,0,0
A9cXP_K95FRor1qxuUEu2g,e1jylvnhcMVr1ER8PO4dpA,3.0,2015-06-11 00:05:23,night,3,0,1,long,high,Indianapolis,Barbeque,2,0,1
zQTEbn5nWGPypxOf2uRPmg,89COhCW-cAD5-fTXPfXYTw,3.0,2015-06-11 03:16:15,night,3,0,1,medium,high,Maplewood,Donuts,1,0,0
Gu6v8UP_FKORLlKyvc5JIg,IZmCSGeXLCB-Y2UvJrvr-A,2.0,2015-06-11 06:41:22,night,3,0,1,long,high,New Orleans,Salad,2,1,0
Te3BwftEFN8C9WxImhfM_g,Zh8X1au_crT9jBs2LlPb2Q,2.0,2015-06-11 11:25:47,morning,3,0,1,long,high,Philadelphia,Restaurants,3,1,0
-G7Zkl1wIWBBmD0KRy_sCw,rKe7iEiqe8TVqvwZLdlhRA,2.0,2015-06-11 14:15:33,afternoon,3,0,1,long,high,Morrisville,Fast Food,1,0,1
m-n_AHwndmHAgZIsu52kYA,NFFS6Qow43IRG6dRPgZCzQ,4.0,2015-06-11 15:37:31,afternoon,3,0,1,long,high,Reno,Cafes,2,1,1
_BcWyKQL16ndpBdggh2kNA,OEzYP44ER97a1hi4LgR6bA,4.0,2015-06-11 17:47:53,afternoon,3,0,1,short,high,Springfield,Event Planning & Services,1,0,0
hmVE7u0Nt45j5sZCH9j_YQ,8uF-bhJFgT4Tn6DTb27viA,4.0,2015-06-11 20:04:42,evening,3,0,0,medium,low,New Orleans,Food,1,1,1
5dYduxPNouuR5SI3V1OtCw,dYYkzkiAQoOtRjdR0kcspw,4.0,2015-06-12 01:10:23,night,4,0,1,medium,high,Nashville,Breweries,2,1,1
HKIFN7bin1aKtQZ9k9tRlQ,lEOxwatxwXaCi8lPUTFKRQ,3.0,2015-06-12 02:55:40,night,4,0,0,medium,high,Tucson,Restaurants,1,0,1
g1etLmsmplrSVy_vKX90-w,Uy0r4bzRmY5LFtDfzNgkag,5.0,2015-06-12 03:08:36,night,4,0,1,long,high,University City,Mexican,2,1,0
TR7ezcRznfr1Jif7euZZJg,-ATiAtTikuGuqvaW2O6tNA,3.0,2015-06-12 04:28:02,night,4,0,1,long,high,Philadelphia,Sandwiches,2,1,1
KSrQ-qr-dXCcJadevuS1RA,MMRRS6YhVRx_iN5-JhMRYg,3.0,2015-06-12 15:44:57,afternoon,4,0,1,long,high,Philadelphia,Restaurants,2,1,0
zQTEbn5nWGPypxOf2uRPmg,nRKndeZLQ3eDL10UMwS2rQ,4.0,2015-06-13 00:14:50,night,5,1,1,long,high,Saint Louis,Ice Cream & Frozen Yogurt,1,0,0
KZYfKyOIwcsDNHGJF0OHCw,bKgyXSQUGA8IHGt8ne5NuA,3.0,2015-06-13 01:20:21,night,5,1,0,medium,high,Reno,Restaurants,1,1,1
P-NTOAMFVSDFGkhcj4GaIQ,BauybYsfqd0y6KDrJ6ZxjQ,3.0,2015-06-13 04:05:54,night,5,1,1,medium,high,Tucson,Coffee & Tea,1,0,1
ASLIke5kbn7Z95wT_otaUQ,-kGUmgyeYcNDcuEr4FoVeA,3.0,2015-06-13 04:36:00,night,5,1,1,long,high,Sparks,Pizza,2,1,1
WcQ01IBbW0ID01EE7bdH4g,bn4N0bxa-u-kBaKLwU893w,4.0,2015-06-13 05:09:01,night,5,1,0,long,high,New Orleans,Restaurants,1,0,0
IEbdk3v9uCl20UVObqljvA,Z5po0aTuzKKblek5y6Sp8Q,1.0,2015-06-13 06:09:58,night,5,1,1,long,high,Philadelphia,Food,2,0,0
VtKGYxPL1oGr4he7_whrWA,rVhsjZWk_u20TDcvwhbdyQ,4.0,2015-06-13 15:14:30,afternoon,5,1,1,long,high,Indianapolis,Restaurants,1,1,0
KSrQ-qr-dXCcJadevuS1RA,uE40984_YDgVvPeRpFcCaQ,3.0,2015-06-13 16:43:38,afternoon,5,1,1,long,high,Philadelphia,Southern,2,1,0
NqBYt9pw7kNoytFQ9ATS-w,EtKSTHV5Qx_Q7Aur9o4kQQ,4.0,2015-06-13 16:57:51,afternoon,5,1,1,medium,high,Philadelphia,Bars,2,1,1
KSrQ-qr-dXCcJadevuS1RA,9gObo5ltOMo6UgsaXaHPWA,4.0,2015-06-13 18:53:15,afternoon,5,1,1,long,high,Philadelphia,American (New),3,1,0
IEbdk3v9uCl20UVObqljvA,VRnJgj0IvxoksHppE78X2Q,4.0,2015-06-13 19:42:04,evening,5,1,1,long,high,Philadelphia,Dim Sum,2,1,0
fr1Hz2acAb3OaL3l6DyKNg,Yh_KhyVD6ZBwsIQQ1wSUpw,4.0,2015-06-13 20:37:27,evening,5,1,1,long,high,Tampa,Vietnamese,1,0,0
Va1VeFo3so8d444ohkSGjg,Zc38kNMGlzhG1sivxyXeMA,2.0,2015-06-14 12:54:53,morning,6,1,1,long,high,St. Petersburg,Restaurants,2,0,0
MkXDu9bVpaUq3QL6_RU9yg,XaSNISuTB4DKvzS3Rug5Nw,5.0,2015-06-14 16:41:47,afternoon,6,1,0,long,high,Flourtown,Restaurants,2,0,0
nNG4bDLxyTL87DuOa4nGsQ,4_W5pstoN1166TGjjPOrMg,4.0,2015-06-14 19:02:11,evening,6,1,1,long,high,Philadelphia,American (Traditional),2,1,1
nNG4bDLxyTL87DuOa4nGsQ,C4lZdhasjZVQyDlOiXY1sA,3.0,2015-06-14 19:02:34,evening,6,1,1,long,high,Malvern,Mexican,2,0,1
vr-Rw3nMKIgGrVNT6A7p9g,HHWTWs8sa7cE3ksH3_BCTw,5.0,2015-06-15 15:30:57,afternoon,0,0,1,long,high,Philadelphia,Coffee & Tea,1,0,1
IKbjLnfBQtEyVzEu8CuOLg,Mha77MN_BYGB-w7DONZ5YA,4.0,2015-06-21 00:06:18,night,6,1,1,medium,high,Tampa,Peruvian,1,0,0
R-c5M0iJkMxxTxIqTQQZ8w,F-NLo63QqYWQX59M_nNZmg,2.0,2015-06-21 02:36:40,night,6,1,0,long,high,Sherwood Park,Barbeque,2,0,0
MEgTog8Eot2kupiPE_1pmA,LJ7nGzqbmY44UZFVEfVNXw,4.0,2015-06-21 12:42:41,morning,6,1,1,long,high,West Chester,Restaurants,2,1,1
IJJETLhfEVvuUF_UfA7Hug,wHiPhPVuGnngEieDBMG00g,2.0,2015-06-21 18:47:56,afternoon,6,1,1,short,high,Brandon,Bars,2,1,1
kmyO80BMdVGG3kJpr_fymA,HCqmx4ENAZ76SAjoalj-MQ,4.0,2015-06-21 18:50:19,afternoon,6,1,0,medium,high,Franklin,Barbeque,2,1,0
Uv5v7r1eN4XFsKZ2jwn1sg,I0I2mkCOPTYVSLpc8A8VVw,5.0,2015-06-21 18:52:44,afternoon,6,1,1,long,high,New Orleans,Personal Chefs,3,1,0
kmyO80BMdVGG3kJpr_fymA,c4IkL2K64JeFC7kcnbupsw,4.0,2015-06-21 19:59:06,evening,6,1,0,medium,high,Brentwood,Mexican,1,1,1
en9InA1FGqAbbM2-KpqgBA,OINbC0rpDVJ5bfxt3LO9fw,4.0,2015-06-21 20:24:09,evening,6,1,1,long,high,New Orleans,Restaurants,2,0,1
-7XrSrJfHndHc_taEXurTw,I1h0GRYp86eX-XqwVXsSGA,5.0,2015-06-21 22:17:20,evening,6,1,1,long,high,Tampa,Restaurants,2,0,0
rUQ0uTP4lbqbEl7PGhCugA,WQ832PDnsDshhbQFm83ISg,2.0,2015-06-21 22:51:04,evening,6,1,1,long,high,Tampa,Cinema,2,1,0
vALpp2IgoeeyiRoH1qRMuQ,WQ832PDnsDshhbQFm83ISg,2.0,2015-06-21 23:00:23,evening,6,1,1,long,high,Tampa,Cinema,2,1,0
AvGJVv7Z3a0q1MJT1Ykd0w,do1iQw_yAYGcaNn2RMBnSQ,4.0,2015-06-21 23:47:30,evening,6,1,1,short,high,Ridley Park,Restaurants,1,0,0
PKzt4KMQpQIRSvOYo3EdFw,7sKfrJmjG6unAQeWdQUe2w,5.0,2015-06-22 00:06:59,night,0,0,0,medium,high,Philadelphia,Pizza,1,0,1
03F1c27jkAikld3z5tSdpQ,u7_3L1NBWgxhBM_B-cmmnA,5.0,2015-06-22 00:19:53,night,0,0,1,medium,high,Philadelphia,Italian,2,1,1
03F1c27jkAikld3z5tSdpQ,Muftkox9yn0qai-SEpEZGQ,4.0,2015-06-22 00:31:18,night,0,0,1,medium,high,West Chester,Pubs,2,0,0
zQTEbn5nWGPypxOf2uRPmg,M0r9lUn2gLFYgIwIfG8-bQ,4.0,2015-06-22 02:15:41,night,0,0,1,long,high,Saint Louis,Ice Cream & Frozen Yogurt,2,1,0
CjJhEzdWQNEKa7grwPRQyg,XQWZQjC73fCTRGWnD18-Eg,5.0,2015-06-22 03:57:32,night,0,0,1,long,high,Philadelphia,American (Traditional),1,0,1
CjJhEzdWQNEKa7grwPRQyg,RVLF2RaStLkJiQCqBHknDw,5.0,2015-06-22 04:07:07,night,0,0,1,long,high,Philadelphia,Food,1,0,1
0MJ5sKX5uq7Ma5hbl4l3BQ,jULIPydhMj18KOI5OHTwfA,4.0,2015-06-22 12:00:40,morning,0,0,1,long,high,Philadelphia,Tacos,2,1,1
jBzITjfkC7M99oN6a5HErQ,Dtuf4vD0znzwJW9vk3iTNw,5.0,2015-06-22 13:19:48,afternoon,0,0,1,long,high,Indianapolis,Steakhouses,2,1,0
iiaWyeXrdiddVVshvv7mzA,VJDGI6EPMa28KbNrLrITEQ,3.0,2015-06-22 13:23:45,afternoon,0,0,1,medium,high,Land O Lakes,Japanese,2,1,0
iiaWyeXrdiddVVshvv7mzA,tXfeVYKJq-bGPx1sjHOMHA,4.0,2015-06-22 13:29:35,afternoon,0,0,1,medium,high,Land O' Lakes,Diners,2,0,0
UYU71DRx-UDAee-eFOFfWw,d_tRshM-w6S4QxE4VVi8tQ,4.0,2015-06-22 14:56:52,afternoon,0,0,1,long,high,Philadelphia,American (New),2,1,0
-rGU3wo4fgEnGRboYdMTjw,YjUWPpI6HXG530lwP-fb2A,3.0,2015-06-22 16:08:27,afternoon,0,0,1,long,high,Tucson,Restaurants,1,0,0
hn18xnU4C5wM_rlQ06FANA,ut6fi2W2YaipNOqvi7e0jw,4.0,2015-06-22 18:21:21,afternoon,0,0,0,medium,high,Carmel,Nightlife,2,1,1
v6Jd2lpaKvyXpzzyNDelyw,nvb8SFi1-LzaQHEhUnw_7g,2.0,2015-06-22 18:30:30,afternoon,0,0,1,long,high,Treasure Island,Restaurants,2,1,1
KSrQ-qr-dXCcJadevuS1RA,BWITd9JUXP3gSi1z3Y-z8g,5.0,2015-06-22 19:07:36,evening,0,0,1,long,high,Philadelphia,Italian,2,1,1
Hxx8FmhpxiugIrGRh8RDOg,2nUzpVFZVyGoD-RVhz-1KA,4.0,2015-06-22 19:11:36,evening,0,0,1,long,high,Kirkwood,Burgers,2,1,1
YDFRDj6uC2v9oThuT0MyFw,-y5vYOsyL4bSFxeOtQtYbg,4.0,2015-06-22 21:13:26,evening,0,0,1,medium,high,Tucson,Delis,2,1,1
YDFRDj6uC2v9oThuT0MyFw,LQcGL4hfJAeK6bk2ZdhmXw,5.0,2015-06-22 21:15:10,evening,0,0,1,medium,high,Tucson,Fast Food,1,0,1
f4mbT-nxg2AJhqxB6XgnlA,ompDR5sUDpoI6gnTldmneQ,2.0,2015-06-22 22:55:35,evening,0,0,1,long,high,New Orleans,Seafood,2,1,0
HQF0z2ueGEwfTnsAPQl9DA,fnO03-RX7UDC1TzXETWEsQ,3.0,2015-06-23 00:06:01,night,1,0,0,long,high,Media,Restaurants,2,1,1
oF20BNxcphfedn93Nfwd9w,U3cudGMQsFqpAgpnonvYqA,4.0,2015-06-23 02:20:07,night,1,0,1,long,high,Bridgeton,Mexican,2,1,1
zQTEbn5nWGPypxOf2uRPmg,QJfM8uRNy6KHhj6kIatzmg,5.0,2015-06-23 03:11:21,night,1,0,1,long,high,Clayton,Food,2,1,1
MEgTog8Eot2kupiPE_1pmA,OHzX-ZD9qyoeoxR8Z0dlIA,4.0,2015-06-23 12:47:14,morning,1,0,1,long,high,Philadelphia,Restaurants,2,1,1
UYU71DRx-UDAee-eFOFfWw,OHzX-ZD9qyoeoxR8Z0dlIA,3.0,2015-06-23 14:21:45,afternoon,1,0,1,long,high,Philadelphia,Restaurants,2,1,1
hVPyu7QWaSQgOlz0rppmkg,8KU5lsg69OIbpGUBmt43AQ,5.0,2015-06-23 19:01:06,evening,1,0,1,long,high,Feasterville Trevose,Restaurants,1,0,1
nyVMucNs6I8N-COK18Ml8w,N5ekxQd7wGHWJJK-p9qqXw,5.0,2015-06-23 19:05:42,evening,1,0,0,medium,high,Nashville,Restaurants,3,1,0
iiaWyeXrdiddVVshvv7mzA,SYy81zP4MPF4DtOqjRq4qg,4.0,2015-06-23 20:18:15,evening,1,0,1,medium,high,Tampa,Breweries,1,0,0
tBXZIkcFCSgtbnjSDREgpw,EQ-TZ2eeD_E0BHuvoaeG5Q,3.0,2015-06-23 21:41:35,evening,1,0,1,long,high,Indianapolis,Beer,2,1,1
p0MhNWkwOPBfRo8qUb7faw,diwwt5QBU3-Thig9SVlsOA,3.0,2015-06-23 21:58:06,evening,1,0,0,long,high,Reno,Bars,2,1,0
dryc4ON8yzZfFW0LQWNklw,I2CxrvM0BGH1svfxqGGD2g,4.0,2015-06-23 22:39:52,evening,1,0,0,medium,high,Nashville,Automotive,2,1,1
yNQU9f5QdqS-AEY2Gj7KxA,CPFKi2lZJazP6IdtCdDDyg,4.0,2015-06-24 01:40:31,night,2,0,1,medium,high,Reno,Bars,1,1,1
bfpdkDQfWjWoJRAsbtfATQ,EGITUFVLb87GRKapMtZg-w,4.0,2015-06-24 01:44:41,night,2,0,1,long,high,Tampa,Donuts,1,0,1
bfpdkDQfWjWoJRAsbtfATQ,AODksDNj5mH953cyhUG1Qw,4.0,2015-06-24 01:53:24,night,2,0,1,long,high,Tampa,Laotian,2,1,1
vrPBIr1rQxQk3rarehBEig,Fc_8eLlcq5yy4DzrEeqEaQ,5.0,2015-06-24 03:13:47,night,2,0,0,long,low,Philadelphia,Seafood,2,1,0
4_OVSuZ8N8gqyHQjV7W8Bg,hqm2zJ1WY5UaVGZ6j07NNA,5.0,2015-06-24 12:13:40,morning,2,0,1,long,high,Cherry Hill,Breakfast & Brunch,2,1,1
kmyO80BMdVGG3kJpr_fymA,dNR-b-CsrFGYhMo9zLMrCw,4.0,2015-06-24 15:50:31,afternoon,2,0,0,medium,high,Brentwood,Japanese,2,0,0
M1Rg1pBkC2Co1NZP5QSSDw,iDtIMWJVIGYspg5JvJKaOw,3.0,2015-06-25 01:08:47,night,3,0,0,medium,high,Wynnewood,Food,2,1,0
LYVK0THpducvG9Y9eEmI5g,Mxlw3cSKkWv5o4HdRWGTPg,5.0,2015-06-25 04:13:40,night,3,0,0,short,high,Tampa,Tea Rooms,2,0,1
LYVK0THpducvG9Y9eEmI5g,mLNSOU8Ki0Fm09xd6ZKkcA,3.0,2015-06-25 04:57:22,night,3,0,0,medium,high,Tampa,Music Venues,3,1,1
LYVK0THpducvG9Y9eEmI5g,cg4JFJcCxRTTMmcg9O9KtA,4.0,2015-06-25 04:58:46,night,3,0,0,medium,high,Tampa,Wine Bars,2,1,1
LYVK0THpducvG9Y9eEmI5g,Uc6PdjT_MO5bRPQsUUEy5Q,5.0,2015-06-25 05:17:12,night,3,0,0,short,high,Tampa,Restaurants,2,1,1
I0ezkVvCcBnavJf2soWHjA,LnZvGYbqozanOSevcftnrw,4.0,2015-06-25 10:36:12,morning,3,0,1,long,high,Philadelphia,Sandwiches,2,0,0
MO-ecGSRdYr4aF92G3Rc0g,_PRReGRG73wT8edwsfWbuQ,3.0,2015-06-25 20:10:56,evening,3,0,1,medium,high,Saint Louis,Food,2,0,0
gadrifahFEqaYvLyUVFPxw,mQvRi0nm84Www71d4qOheQ,3.0,2015-06-26 01:21:01,night,4,0,0,long,low,Bryn Mawr,Seafood,2,0,0
8TQ4QWrbS6nKvQAjvQMbug,hRHhP3fhMy3LktPyQa3s_A,4.0,2015-06-27 01:06:45,night,5,1,1,medium,high,Saint Louis,Restaurants,2,1,1
1AVaIU4ClnKecWYuYNO38w,sr-5EY6bmp4jINhea06MjA,4.0,2015-06-27 02:19:24,night,5,1,1,long,high,Indianapolis,Restaurants,2,1,1
KHDuc3dFLvpNgpu4z0sf-w,LnQRfj3pPz0369stRnwUWw,5.0,2015-06-28 03:05:25,night,6,1,1,medium,high,Valrico,Japanese,2,1,0
kmyO80BMdVGG3kJpr_fymA,ql9pGsVnj0ZWAsHxO0myaQ,5.0,2015-06-28 20:10:05,evening,6,1,0,long,high,Nashville,American (Traditional),1,1,0
NfoUVmfvDDtYGuSgtuZkkQ,WWnRdTjwaTnsLSJX95j-Zw,3.0,2015-06-28 21:34:13,evening,6,1,0,medium,high,Tampa,Lounges,2,1,1
_kp3hr0ohALINduHTERs9Q,z680Aylt8wN2KAeFM1hy-A,5.0,2015-07-03 21:07:59,evening,4,0,1,medium,high,Indianapolis,Bars,2,1,1
pamPk2N-OrlMjrY_cFJN5Q,O6hY9yenifuRXrpc4TfgsQ,5.0,2015-07-03 22:24:01,evening,4,0,1,long,high,Philadelphia,Restaurants,2,1,1
y7H-4bWuX3eqC7C11DvQcA,3CsBRtDT5WOUu8IY0mHhXw,2.0,2015-07-04 00:13:30,night,5,1,1,medium,high,Philadelphia,Pizza,1,0,1
1EJYgQ-ja_UbTWR_FDj4_A,UakVMT3xrpbFB2pHdxPjnw,5.0,2015-07-04 01:14:57,night,5,1,1,long,high,Dunedin,Bars,2,1,1
_N8kvjHWS60R6xjhs0em9A,dERS4qwl9v-Gwft-Ug8APA,3.0,2015-07-04 12:22:11,morning,5,1,1,long,high,Jenkintown,Restaurants,2,0,1
Oi1qbcz2m2SnwUeztGYcnQ,94T-JvAH2dq64yh4Eqzhkw,4.0,2015-07-04 13:16:50,afternoon,5,1,1,long,high,Media,Bars,2,1,0
JTqQ9C9S2Qc8_aHtO1965g,MquXDiKxHB4NYv5r5KodOQ,3.0,2015-07-04 13:21:23,afternoon,5,1,1,long,high,Marlton,Restaurants,2,0,1
cS6w05o4ZE13E5T7X0AvBg,A0F-h3xJm_6gHDKcDQwSrQ,4.0,2015-07-04 13:31:45,afternoon,5,1,1,medium,high,Philadelphia,Pizza,2,1,1
3l0AxprlBoGXF52nLhJXmw,nJ4RKwRgkGiD4fE0QAg5mg,1.0,2015-07-04 13:40:38,afternoon,5,1,0,long,high,West Chester,Barbeque,2,1,1
CfX4sTIFFNaRchNswqhVfg,q39t6-a47CLf1RTyqu9CYg,4.0,2015-07-04 16:25:56,afternoon,5,1,1,medium,high,New Orleans,Japanese,2,1,1
UqTvUrtM9VZfcnjMyvfZxA,OHzX-ZD9qyoeoxR8Z0dlIA,5.0,2015-07-04 17:27:20,afternoon,5,1,0,medium,high,Philadelphia,Restaurants,2,1,1
kaa6i7IHMyYIom7DIul9EQ,u7_3L1NBWgxhBM_B-cmmnA,4.0,2015-07-04 17:49:57,afternoon,5,1,1,long,high,Philadelphia,Italian,2,1,1
UqTvUrtM9VZfcnjMyvfZxA,7yPzOek7Af2dKWGYKpcHWA,5.0,2015-07-04 17:53:24,afternoon,5,1,0,long,high,Philadelphia,Restaurants,2,0,0
A9cXP_K95FRor1qxuUEu2g,geUiM_VTRmUz6dViO7E-jg,3.0,2015-07-04 23:27:58,evening,5,1,1,long,high,Fishers,Pizza,2,1,1
BnBQ0UU9uSiI_0cbCZ4lsw,vuAI70USd3my2Kb9_9zajw,3.0,2015-07-04 23:29:40,evening,5,1,1,long,high,Saint Louis,Restaurants,2,1,1
3feEElYb8I9_8kuPxtAMLw,VZfc50XVwgdCecH4YbGNFg,4.0,2015-07-05 01:54:00,night,6,1,1,long,high,Tampa,American (New),2,1,1
_ufG-6QfPQyOg8wrH-6e2Q,C-m2goUXTiEVrQBpXsiTLA,3.0,2015-07-05 05:04:48,night,6,1,1,long,high,Edmonton,Dim Sum,2,1,0
I2XpWCHAom1JRyHXZQrnfg,d9vapPUlJCSSrltRRKO9ig,2.0,2015-07-05 18:10:58,afternoon,6,1,1,medium,high,Tampa,Korean,2,1,0
UqTvUrtM9VZfcnjMyvfZxA,4SQ5uczVt66-GGGeNQRfEA,1.0,2015-07-05 18:20:53,afternoon,6,1,0,medium,high,Philadelphia,Nightlife,2,1,1
2EWTK9tYPn-UYC7lzDjpWQ,9_m_iA3VAqGBJEW5XLc-5w,4.0,2015-07-05 19:38:41,evening,6,1,1,long,high,Indianapolis,Food,2,0,0
I2XpWCHAom1JRyHXZQrnfg,s4VzQaUCrgwPuViQYOqC2w,4.0,2015-07-05 20:46:45,evening,6,1,1,long,high,Tampa,Restaurants,1,0,0
8jjjhTDBqTsXCok4DvGHGg,ubkCYzHu9ZnGi3vOQy_P1A,2.0,2015-07-05 21:04:58,evening,6,1,1,long,high,Edmonton,Fruits & Veggies,1,0,0
-Ub6sTS9u9scC5y_85l8xg,ehnMcJZlx29XMroxMd3-mQ,5.0,2015-07-05 21:15:51,evening,6,1,0,medium,high,Saint Louis,Indian,2,0,0
9EMgczqumS10LYSbsaiKdQ,rQCTWNMzIZTfqWEAjxDpKQ,4.0,2015-07-05 23:37:03,evening,6,1,1,medium,high,Tampa,Ice Cream & Frozen Yogurt,1,1,1
Js4nQlGRjS1Bd5vsAQQfgA,gK9CdFaCXmHoW8aLfXiSqg,5.0,2015-07-06 01:10:15,night,0,0,1,long,high,Ardmore,Restaurants,2,1,0
UqTvUrtM9VZfcnjMyvfZxA,EtKSTHV5Qx_Q7Aur9o4kQQ,3.0,2015-07-06 17:22:40,afternoon,0,0,0,long,high,Philadelphia,Bars,2,1,1
qT2W8QV0YuuUy8tUXZ8jeg,TCHh4RIrvp7h2BucXt1kvA,4.0,2015-07-06 19:15:20,evening,0,0,0,medium,high,Ardmore,Pizza,1,0,0
kCBMksMPqNPw2dfWH_deXQ,LrUQOSOfuus8pcCHJwaQWg,3.0,2015-07-06 19:24:39,evening,0,0,1,long,high,Indianapolis,Breweries,1,0,0
tywhgQd-CMbishWP-v6W2Q,C1D2o1VV2TDjpkG3BsdseA,4.0,2015-07-06 22:57:28,evening,0,0,1,long,high,Nashville,Tex-Mex,1,1,1
tywhgQd-CMbishWP-v6W2Q,V84WWG0hJsCWthqxS6zftg,3.0,2015-07-06 23:01:11,evening,0,0,1,long,high,Brentwood,Caterers,2,0,0
ZRYAIWkACxCzN16opiUQ3Q,jH1AttbdbqczQNpHorYH3g,4.0,2015-07-06 23:24:03,evening,0,0,1,medium,high,Mount Laurel,Restaurants,2,1,1
mg_CnvJFP2vu3PaSRzTrxA,1gWUE5Avh_pswlHhf813EQ,5.0,2015-07-07 00:46:32,night,1,0,1,long,high,Greenwood,Restaurants,1,1,0
VtKGYxPL1oGr4he7_whrWA,EQ-TZ2eeD_E0BHuvoaeG5Q,5.0,2015-07-07 01:15:37,night,1,0,1,long,high,Indianapolis,Beer,2,1,1
Um5bfs5DH6eizgjH3xZsvg,O5zuQH_YowDC-rsK8ZEXCA,4.0,2015-07-07 05:19:21,night,1,0,1,long,high,Tampa,Asian Fusion,1,1,0
urGnh8Eockw-wJ1PgzgY-g,KP5OncF2jhT7_J1phHPPww,5.0,2015-07-07 13:03:47,afternoon,1,0,1,long,high,Tampa,Mexican,2,1,1
kkPgJv6KBFN15caG7NYYlg,wgAOla9CZxzuLMyEPvl3Ng,3.0,2015-07-07 18:00:54,afternoon,1,0,1,long,high,Edmonton,Restaurants,2,0,0
zTwwciNRMedBvUS3-_8h6g,00szsg8vQy6yX5f-m9sI4A,4.0,2015-07-07 18:21:18,afternoon,1,0,1,long,high,Buckingham,Grocery,2,0,0
OLGQ7alK4VKl3YdQk6UF5g,SIoCIxjn4jLt2O-4DajWJw,3.0,2015-07-07 20:14:17,evening,1,0,1,long,high,Philadelphia,Nightlife,2,1,1
27M0B4ENG7sI-Z2gCuqANA,u7_3L1NBWgxhBM_B-cmmnA,4.0,2015-07-08 03:42:10,night,2,0,1,medium,high,Philadelphia,Italian,2,1,1
UqTvUrtM9VZfcnjMyvfZxA,toMVWIsPJmS7-LiLAf2AfA,5.0,2015-07-08 11:31:26,morning,2,0,0,medium,high,Philadelphia,Food,2,1,0
iiaWyeXrdiddVVshvv7mzA,SwBhaxfQPbyhsi0QHUAN0A,4.0,2015-07-08 17:10:34,afternoon,2,0,1,long,high,Tampa,Food,2,1,0
ozUHEpWDfRn7IKqluK503A,7lwe7n-Yc-V9E_HfLAeylg,3.0,2015-07-08 17:19:15,afternoon,2,0,1,medium,high,Philadelphia,Restaurants,2,1,1
EcdjtQ3sfpKSp-j4LM3aPw,8mElCveTpsBGuu9zOdLXbQ,2.0,2015-07-08 21:35:04,evening,2,0,1,long,high,Edmonton,Food,1,0,0
btSaJqMiUwMemMZ1AhCe3Q,eaDZlSuVS0EY67Ke6pRP6Q,2.0,2015-07-09 22:01:15,evening,3,0,1,long,high,Philadelphia,Malaysian,2,1,0
kkPgJv6KBFN15caG7NYYlg,NUGu31Ou05hGdZ1YPhVdNA,3.0,2015-07-10 02:54:05,night,4,0,1,medium,high,Indianapolis,Shopping,2,0,0
kkPgJv6KBFN15caG7NYYlg,FLvsHSO09AY5BlaibUkLzw,3.0,2015-07-10 03:01:43,night,4,0,1,medium,high,Greenwood,Department Stores,1,0,0
ojxS1v-8nUvEEx4DlsPQrA,uIZwBkvWicqyWraXvYOipw,5.0,2015-07-10 14:21:35,afternoon,4,0,1,medium,high,Philadelphia,Restaurants,3,1,0
b3bTU1phXWm6WYV8NpWnnA,bmz4siaejdjs4_yS_mYW4A,3.0,2015-07-10 17:19:53,afternoon,4,0,1,medium,high,Franklin,American (Traditional),2,1,0
-Ub6sTS9u9scC5y_85l8xg,yjYNk2K77o34anIhS4zJyg,1.0,2015-07-10 21:24:32,evening,4,0,0,long,high,Fenton,Salad,1,1,1
NfoUVmfvDDtYGuSgtuZkkQ,WWnRdTjwaTnsLSJX95j-Zw,1.0,2015-07-11 04:16:09,night,5,1,0,medium,high,Tampa,Lounges,2,1,1
wjck5FNNSXKl_RJdw-NW8A,DRr5xdfHtqgWfhmdTU1B8Q,3.0,2015-07-11 13:52:16,afternoon,5,1,1,long,high,Philadelphia,Breakfast & Brunch,2,1,1
xkkJz-AEM_ikYbnLVVdpCw,a7_KZUJknqRA4DHQ3j9ofA,2.0,2015-07-11 23:53:03,evening,5,1,0,medium,high,Aston,Nightlife,2,1,0
KXDiP5LvmOIAH2M7rQyquw,wifZgJ9IUjNxsmebpCRiRw,4.0,2015-07-12 18:22:00,afternoon,6,1,0,medium,high,Antioch,Seafood,2,1,0
oP3oYmqGyylvHxZR8ejGQg,cHCRC7r9irhK0dIum1zeUw,4.0,2015-07-13 00:10:52,night,0,0,0,medium,high,Indianapolis,Cideries,2,1,0
6NagSmaahFhlt3LEpnVXoQ,QUnvoceeKLK201dOflQThA,3.0,2015-07-14 01:27:16,night,1,0,1,long,high,New Orleans,Street Vendors,1,0,0
OLGQ7alK4VKl3YdQk6UF5g,RZtGWDLCAtuipwaZ-UfjmQ,4.0,2015-07-16 16:22:50,afternoon,3,0,1,long,high,Philadelphia,Pizza,2,1,1
ntFP0Em4s28hKfokauuHzg,mzZ_WTb2zvyJMBkm84B-WA,5.0,2015-07-16 16:31:10,afternoon,3,0,1,medium,high,Metairie,Donuts,2,1,0
Rvf4alwYpKnoe73PdCvNSg,sWCCxY1-9B1FGlSVeQvnHg,4.0,2015-07-16 16:40:21,afternoon,3,0,0,long,high,St Petersburg,Restaurants,2,1,1
16yfdXvoj6ra0hqFjLu2cQ,O6hY9yenifuRXrpc4TfgsQ,4.0,2015-07-16 17:53:08,afternoon,3,0,0,long,high,Philadelphia,Restaurants,2,1,1
4jK-hJbH1jxRpLWk_J_oLA,yJ2ZRXx01eF40eRQFqIBeQ,3.0,2015-07-16 19:00:16,evening,3,0,1,medium,high,Metairie,Restaurants,2,1,0
vzNYQaFyBnIU_bBkJsUJQA,FKrP06TDAKtxNG1vrRQcQQ,1.0,2015-07-17 07:23:00,morning,4,0,1,long,high,Philadelphia,Burgers,2,0,0
fr1Hz2acAb3OaL3l6DyKNg,WoFttPbJRti49sXBgOeIBQ,3.0,2015-07-17 12:43:19,morning,4,0,1,long,high,Wesley Chapel,Bars,2,1,1
cIVmIJD7nIiEcVGamfBoVw,7yPzOek7Af2dKWGYKpcHWA,5.0,2015-07-17 14:02:22,afternoon,4,0,1,long,high,Philadelphia,Restaurants,2,0,0
j7gM2jTyQu3EIXVDvZSQ8Q,68ThEdiK0eWCEgGEmV9Tng,5.0,2015-07-17 16:42:00,afternoon,4,0,0,long,high,Philadelphia,Breakfast & Brunch,2,1,1
lEyAWBqX2Plyz041C09P5w,8MyjJ5ocf9VFjdscKrQu4A,3.0,2015-07-17 18:08:55,afternoon,4,0,1,long,high,Carmel,Restaurants,1,1,1
JnXCk0zxxUuMrwDF4RA5eg,rkem6aEo3vAG2VufybdwuA,4.0,2015-07-17 19:38:19,evening,4,0,1,medium,high,Tampa,Steakhouses,2,1,0
_wsoGbLalsSaZlfxUiWuCQ,AdT6vMVYy2uFFfnYbWoAsw,4.0,2015-07-17 21:52:02,evening,4,0,1,short,high,Hendersonville,Restaurants,2,1,1
5QRQJNdt3p6E7FWR9FEX3A,cHCRC7r9irhK0dIum1zeUw,4.0,2015-07-17 22:51:10,evening,4,0,1,medium,high,Indianapolis,Cideries,2,1,0
OmeHrX90F7fh5eXZImj-Ig,o3RGMdSY37_PX1k1vZsXpA,5.0,2015-07-18 01:39:58,night,5,1,0,medium,high,Clearwater,American (New),3,1,1
KSrQ-qr-dXCcJadevuS1RA,Dv6RfXLYe1atjgz3Xf4GGw,4.0,2015-07-18 02:20:16,night,5,1,1,long,high,Philadelphia,Burgers,2,0,1
6VjLDddIe4N3vZbtSNww8g,KP5OncF2jhT7_J1phHPPww,4.0,2015-07-18 02:52:15,night,5,1,1,long,low,Tampa,Mexican,2,1,1
JtznT7WXiOO2izBZIadeBQ,WO5nr-4sjVs506BdCLL0aA,2.0,2015-07-18 04:05:24,night,5,1,1,long,high,Tampa,Restaurants,2,1,0
kMLLHLIvUBXyPusIA6I1tQ,XDyrMUdIWRBXA-d9kNoB5w,2.0,2015-07-18 15:50:19,afternoon,5,1,1,short,high,Apollo Beach,Seafood,2,1,1
hWDybu_KvYLSdEFzGrniTw,xDqifhzRrOOYMOgOtWvyWQ,2.0,2015-07-18 15:57:45,afternoon,5,1,1,long,high,Nashville,Breakfast & Brunch,1,0,0
WJVedIAJN0FRxDn6M1tLkA,AWJyivVwe3t9BO-k8D0ynQ,3.0,2015-07-18 17:29:14,afternoon,5,1,1,long,high,Philadelphia,Food,1,0,0
rfDqKDpd1_B-VlkPDfHsqQ,cHCRC7r9irhK0dIum1zeUw,5.0,2015-07-18 20:12:10,evening,5,1,1,medium,high,Indianapolis,Cideries,2,1,0
QqtSzfJdaP3FSorPORD6VA,-CLLdRWg2JJ6QUVj33HYNg,2.0,2015-07-18 20:30:37,evening,5,1,0,long,high,Harahan,Seafood,2,1,0
6lq2eopOkyYHFZ7WQuuZkg,TV81bpCQ6p6o4Hau5hk-zw,4.0,2015-07-18 21:53:31,evening,5,1,0,medium,high,Tarpon Springs,Food,2,1,1
GdmJInilh9WAqAISitNGRw,14ZGwnDyydXdSBsLXpSUrA,5.0,2015-07-18 22:01:07,evening,5,1,1,medium,high,Philadelphia,Vietnamese,2,1,1
C2nzoqU60AcRPHpCBsEScQ,9uHEhLKTVXATCt7JSvUsCg,4.0,2015-07-18 22:44:35,evening,5,1,1,medium,high,Philadelphia,Local Flavor,1,0,0
sgK8_cpe6FTk2HD0P27K0g,kd0Sv_ZjnBhbMxs0U4KgQw,5.0,2015-07-19 14:09:12,afternoon,6,1,0,medium,high,Phoenixville,Latin American,2,1,1
sgK8_cpe6FTk2HD0P27K0g,Oun4NN-u5yiHIxDqtJnxgA,5.0,2015-07-19 15:00:06,afternoon,6,1,0,short,high,Philadelphia,Restaurants,1,0,0
sgK8_cpe6FTk2HD0P27K0g,v9D3inGP2LaibM0VMufaXg,4.0,2015-07-19 15:14:42,afternoon,6,1,0,medium,high,Narberth,Thai,2,0,1
zvq6qxc2IVA08jaUelUMRw,FHNIvNgh3fS7VZQq2Y3dsA,2.0,2015-07-19 19:26:51,evening,6,1,1,long,high,Philadelphia,Asian Fusion,2,1,0
7qBgGzyf0FbHKC0jiI1J8A,BWITd9JUXP3gSi1z3Y-z8g,4.0,2015-07-19 20:56:23,evening,6,1,1,medium,high,Philadelphia,Italian,2,1,1
CQe3-kNns5HGOxabNXuLbQ,EQ-TZ2eeD_E0BHuvoaeG5Q,5.0,2015-07-20 00:56:15,night,0,0,1,long,high,Indianapolis,Beer,2,1,1
fIapBzyUHsZTbvy4Dg0myg,8QJTzIaR5FceGds8HBSIig,4.0,2015-07-20 01:04:54,night,0,0,1,medium,high,Tucson,Nightlife,2,1,1
fIapBzyUHsZTbvy4Dg0myg,SKgD0jRWVKk3NqOtSs3VFA,3.0,2015-07-20 01:19:32,night,0,0,1,long,high,Tucson,Restaurants,1,0,0
7xWrRJ5kfgcQyQ3UL3fImQ,A0F-h3xJm_6gHDKcDQwSrQ,1.0,2015-07-20 11:38:41,morning,0,0,1,medium,high,Philadelphia,Pizza,2,1,1
Y4ZmJCuAbIvnv45oIIuLHA,Zh8X1au_crT9jBs2LlPb2Q,5.0,2015-07-20 13:00:31,afternoon,0,0,1,medium,high,Philadelphia,Restaurants,3,1,0
xttYXDJT9JokoiSTpirmjQ,z680Aylt8wN2KAeFM1hy-A,4.0,2015-07-20 14:03:52,afternoon,0,0,1,medium,high,Indianapolis,Bars,2,1,1
t9Qrz3zLtOnlmEeKfDCtFA,Mha77MN_BYGB-w7DONZ5YA,5.0,2015-07-20 16:47:33,afternoon,0,0,1,medium,high,Tampa,Peruvian,1,0,0
iBRqbcx2UbyWbLW1mGySUQ,APW4-ESYGTIn17mY189Osg,5.0,2015-07-20 18:25:02,afternoon,0,0,1,long,high,Tampa,Soup,1,1,1
HBLDsdGpWd13cnu6hoeR5w,kd0Sv_ZjnBhbMxs0U4KgQw,3.0,2015-07-20 18:45:23,afternoon,0,0,1,long,high,Phoenixville,Latin American,2,1,1
EcdjtQ3sfpKSp-j4LM3aPw,fycMe9LC7-O5ezKFrU-r_g,4.0,2015-07-20 19:41:14,evening,0,0,1,long,high,Edmonton,Vietnamese,1,0,0
z9sL9d4kfAiQeGJ1dGmBng,gK9CdFaCXmHoW8aLfXiSqg,3.0,2015-07-20 20:23:37,evening,0,0,1,long,high,Ardmore,Restaurants,2,1,0
6InyxxWLYI0J9y4342o12Q,FBBeJO50xZiNIo3oFhAFRA,4.0,2015-07-20 20:43:03,evening,0,0,1,medium,high,Indianapolis,Arts & Entertainment,2,0,0
Um5bfs5DH6eizgjH3xZsvg,SKph9ovzvVSNzNFICgKb1Q,3.0,2015-07-21 01:20:57,night,1,0,1,long,high,Clearwater,Restaurants,2,1,1
vDACtEdgJP3mS-U0_NA0Pw,NV6zZPb5OGVpyX4JrSzUPg,5.0,2015-07-21 01:35:01,night,1,0,1,long,high,Saint Louis,Bars,2,1,1
VUllFn1I5j056JyVqsQXBQ,-1MhPXk1FglglUAmuPLIGg,5.0,2015-07-21 09:00:22,morning,1,0,1,long,high,Tucson,Nightlife,1,1,1
lYQk0R6sPfo3WeX-l_5BuA,bdth7r1brx9yRU7sYwF9jQ,4.0,2015-07-21 13:51:15,afternoon,1,0,1,long,high,Ballwin,Japanese,2,1,0
5T9WlOw6Wns5LJmCs4W4Iw,o3RGMdSY37_PX1k1vZsXpA,4.0,2015-07-21 16:05:19,afternoon,1,0,0,medium,high,Clearwater,American (New),3,1,1
gopCgvFzBdM7SuzOHHjaHw,pym7c6ZFEtmoH16xN2ApBg,4.0,2015-07-21 16:07:20,afternoon,1,0,1,medium,high,New Orleans,Restaurants,2,1,1
o6UJMpHcpLJEvmKLrxLS3w,YB689VFiOlzUTBRPiauDFA,5.0,2015-07-21 23:10:43,evening,1,0,1,medium,high,Santa Barbara,American (Traditional),2,0,1
6DR4LS9hxlGcPYVho-FOQQ,Mha77MN_BYGB-w7DONZ5YA,4.0,2015-07-22 03:39:50,night,2,0,1,medium,high,Tampa,Peruvian,1,0,0
dEvFqqQImRAaE1dT5wYMJg,s8eXjE9r0vo78hzb3Br7cQ,4.0,2015-07-22 18:53:06,afternoon,2,0,1,medium,high,Tampa,Restaurants,1,1,0
OLGQ7alK4VKl3YdQk6UF5g,MMRRS6YhVRx_iN5-JhMRYg,4.0,2015-07-23 16:45:54,afternoon,3,0,1,long,high,Philadelphia,Restaurants,2,1,0
kkPgJv6KBFN15caG7NYYlg,v8mZvt446HYQDGMCckBubQ,4.0,2015-07-23 22:33:00,evening,3,0,1,long,high,Indianapolis,Event Planning & Services,2,0,0
kkPgJv6KBFN15caG7NYYlg,p3Vbzk03kNiI0tr181qamA,2.0,2015-07-24 19:14:47,evening,4,0,1,long,high,Indianapolis,American (New),2,1,1
fr1Hz2acAb3OaL3l6DyKNg,Mha77MN_BYGB-w7DONZ5YA,5.0,2015-07-25 00:13:47,night,5,1,1,long,high,Tampa,Peruvian,1,0,0
6CFozKX_jLeGrleFQGl8-Q,Vnob_w_Aohf7ZDqxcJ9z2A,4.0,2015-07-25 18:56:08,afternoon,5,1,1,medium,high,New Orleans,Bars,2,1,0
qRVdE86xXkbroufHf2TVLA,TfcpJBiFNnDaochnmp4M2Q,5.0,2015-07-26 15:28:55,afternoon,6,1,0,long,high,Nashville,Cafes,2,1,0
XuhpPK0bZgVenkGBh7KA6w,cXSyVvOr9YRN9diDkaWs0Q,3.0,2015-07-28 11:18:56,morning,1,0,1,long,high,Philadelphia,Southern,2,1,1
OLGQ7alK4VKl3YdQk6UF5g,F8yozE3NWnImNApHO347gQ,5.0,2015-07-28 15:31:21,afternoon,1,0,1,long,high,Philadelphia,Restaurants,2,1,1
Kl7RbNm-2OnFWEuWx1ASfg,LQcGL4hfJAeK6bk2ZdhmXw,5.0,2015-07-28 15:49:18,afternoon,1,0,1,long,high,Tucson,Fast Food,1,0,1
A_cc2tU92JcCmk71LmrFsg,ixPTo6Hum7nNZ7A4VPhTXg,2.0,2015-07-28 19:00:00,evening,1,0,0,long,high,Tampa,Restaurants,2,1,1
6VjLDddIe4N3vZbtSNww8g,mLNSOU8Ki0Fm09xd6ZKkcA,5.0,2015-07-28 22:51:36,evening,1,0,1,long,low,Tampa,Music Venues,3,1,1
GfI-d9mQePFA2PvhAd4WGQ,fGYnHzFr1z2kv7bPRW6VMA,1.0,2015-07-29 00:59:12,night,2,0,1,medium,high,West Chester,Pizza,2,1,1
RQWQTxfhGGJ7bGgJ1EnExQ,FjGAm10tARIypt5fYGpfqQ,3.0,2015-07-29 11:39:58,morning,2,0,1,long,high,Pinellas Park,Fast Food,1,0,0
XuhpPK0bZgVenkGBh7KA6w,DGvkU7CkdBs6lNbncQmF3A,4.0,2015-07-29 13:16:04,afternoon,2,0,1,long,high,Philadelphia,Restaurants,2,1,1
bNnBwW5kNO77KTgMeVhxKg,9V0LMtO1riRw9-pUuG4NFg,1.0,2015-07-29 16:58:40,afternoon,2,0,1,long,high,Indianapolis,Latin American,2,1,1
Xw7ZjaGfr0WNVt6s_5KZfA,ajfBGoRGUzhD0fTXLENcrw,4.0,2015-07-29 18:19:59,afternoon,2,0,1,long,high,Belle Chasse,Japanese,2,1,0
3x-kbXQUhrsWOcp8mUimbw,jZsfzsAwwPxsBlAvcWPVUg,4.0,2015-07-29 18:51:53,afternoon,2,0,1,long,high,Edmonton,Vietnamese,2,0,0
EjFuEF6w59l8Q7tdbgZj-Q,ZhCnKe7U1TsHWnAlXl8Isw,3.0,2015-07-29 22:09:30,evening,2,0,1,medium,high,Saint Louis,Restaurants,2,1,1
vALpp2IgoeeyiRoH1qRMuQ,KwCZuRlaeciJsOXkCOtjDA,1.0,2015-07-30 01:32:16,night,3,0,1,medium,high,Tampa,Butcher,2,0,0
JtznT7WXiOO2izBZIadeBQ,oRZzKWdyMQld6N_y4UWkAg,2.0,2015-07-30 06:45:34,night,3,0,1,long,high,Tampa,Latin American,2,1,0
j7gM2jTyQu3EIXVDvZSQ8Q,DsKzHnkLKnxZTVsFpts4oA,1.0,2015-07-30 16:24:31,afternoon,3,0,0,long,high,Philadelphia,Breakfast & Brunch,2,1,0
aSxBK-o7EQg6t7sjy-GH0g,B73uHrYlkCNOIS6JwGBqYg,4.0,2015-07-30 18:37:43,afternoon,3,0,1,long,high,Tucson,Tapas/Small Plates,2,1,0
IsEqTj43_J253muXem2S0g,A9rVxmIBtHZRvNhbBaGAWg,5.0,2015-07-30 19:36:00,evening,3,0,0,short,high,Hamilton,Restaurants,2,0,0
GfI-d9mQePFA2PvhAd4WGQ,K5ffo0hkwhG33BDNQrJF6A,5.0,2015-07-30 21:33:18,evening,3,0,1,medium,high,Doylestown,Restaurants,3,1,1
GfI-d9mQePFA2PvhAd4WGQ,bJAY2baMKSTlWRc-QZGopQ,4.0,2015-07-30 21:42:51,evening,3,0,1,medium,high,Doylestown,Restaurants,2,1,1
5hXFRKC8OvDIYgOLTGIIBw,4fUok5d5vgdQEb1Bzzg0rA,5.0,2015-07-30 23:29:36,evening,3,0,0,medium,high,Kenner,Restaurants,2,1,0
miwSBbmZQXOkNo7XPMiEXA,nRKndeZLQ3eDL10UMwS2rQ,5.0,2015-07-31 00:54:40,night,4,0,0,medium,high,Saint Louis,Ice Cream & Frozen Yogurt,1,0,0
CPqnqt_zEURlYBHlUE0VfQ,46_2e1hnQ4csLrYnhn6bkw,4.0,2015-07-31 14:05:41,afternoon,4,0,0,long,high,Philadelphia,Restaurants,2,1,1
KXX_KFF_TS2cKrg2_2RfSA,EwqQAb-UUN_BVrvnwr3hpg,4.0,2015-07-31 14:44:38,afternoon,4,0,1,medium,high,Saint Louis,Fast Food,1,1,0
IEGYLJsCYcX-r8c2_KAXRA,ypXuDmnnPxnfP8a0qLsiEg,4.0,2015-07-31 15:27:07,afternoon,4,0,1,long,high,Nashville,Chicken Wings,2,1,1
-Ub6sTS9u9scC5y_85l8xg,lpfrjbjIWC0BNZThaSDMLw,5.0,2015-07-31 17:58:55,afternoon,4,0,0,medium,high,Florissant,Thai,2,0,0
lU9v6r4bo6nh1i5z4Z-BDg,kE8XRJWDRnrihtgm5cLU_g,5.0,2015-07-31 20:37:29,evening,4,0,1,medium,high,Norristown,Event Planning & Services,2,0,0
fylDqbbgPEqZ9J4EBpoI_w,5TVWytR2oNbSKYgfxypuBw,5.0,2015-08-01 04:33:26,night,5,1,1,medium,high,Saint Louis,Cafes,2,0,1
A9cXP_K95FRor1qxuUEu2g,-B7E8MFb47FoGcp25lXgxw,3.0,2015-08-01 12:52:08,morning,5,1,1,long,high,Indianapolis,American (Traditional),1,1,1
KZYfKyOIwcsDNHGJF0OHCw,6iqDIQCE8sq7Xq1xvhG1Tg,3.0,2015-08-01 18:49:52,afternoon,5,1,0,long,high,Reno,Italian,2,1,0
WT36RE4WkUIaEbLDjkPB3g,Z5po0aTuzKKblek5y6Sp8Q,4.0,2015-08-02 05:06:53,night,6,1,1,medium,high,Philadelphia,Food,2,0,0
uSLc9pJ_qqQT3mjrYXb6fw,geUiM_VTRmUz6dViO7E-jg,4.0,2015-08-02 18:01:49,afternoon,6,1,1,long,high,Fishers,Pizza,2,1,1
5T9WlOw6Wns5LJmCs4W4Iw,idRTl_xdqB12GWXIsisW-g,3.0,2015-08-02 19:23:49,evening,6,1,0,medium,high,Seminole,Restaurants,2,0,0
d8FwfuFM9SJA3kU_cIQ3aw,-ATiAtTikuGuqvaW2O6tNA,4.0,2015-08-02 23:07:25,evening,6,1,1,long,high,Philadelphia,Sandwiches,2,1,1
3l0AxprlBoGXF52nLhJXmw,nJ4RKwRgkGiD4fE0QAg5mg,1.0,2015-08-03 01:38:07,night,0,0,0,medium,high,West Chester,Barbeque,2,1,1
WO6L5yMX5LEeJuMNMjerRQ,GUMVStVaJfWmCIpQA4TtHg,4.0,2015-08-03 17:48:50,afternoon,0,0,1,long,high,Philadelphia,Restaurants,2,0,0
KSrQ-qr-dXCcJadevuS1RA,ROeacJQwBeh05Rqg7F6TCg,5.0,2015-08-03 18:39:27,afternoon,0,0,1,long,high,Philadelphia,Korean,1,0,0
Yi0eUCpnNHSZnc0mJgfTbw,c37aDysgwNQsLpMWNedhTg,3.0,2015-08-03 20:12:05,evening,0,0,1,medium,high,Dunedin,Bars,2,1,0
Bs9hv0zgdY8khKwTCmrNoQ,WsutM91wvomE-P2ilXslaw,5.0,2015-08-04 13:17:08,afternoon,1,0,1,medium,high,Audubon,Pizza,1,1,0
w4BiBncdzxNed_PLV-b1VQ,IYzBKfT_JolGL-MA4STQYA,4.0,2015-08-04 16:27:57,afternoon,1,0,1,long,high,Saint Louis,American (Traditional),2,1,1
miwSBbmZQXOkNo7XPMiEXA,_aKr7POnacW_VizRKBpCiA,5.0,2015-08-04 21:01:13,evening,1,0,0,medium,high,Saint Louis,Delis,1,1,0
p0MhNWkwOPBfRo8qUb7faw,rnaE88k8yV5pFAGJeiIK4Q,2.0,2015-08-06 23:16:58,evening,3,0,0,medium,high,Reno,Food,2,1,0
PJBF-bqE7Qa35LsV1unUmA,H1ZTsd_d-wvunsT3ZmoBvg,5.0,2015-08-07 02:12:56,night,4,0,0,medium,high,St. Louis,Italian,2,1,0
Brot1XijR_rwvE5SCVTeug,seKihQKpGGnCeLuELRQPSQ,5.0,2015-08-07 03:08:10,night,4,0,1,medium,high,Indianapolis,Sports Bars,2,1,1
m982bOXdBgpmVU3ROb1B2Q,sr-5EY6bmp4jINhea06MjA,4.0,2015-08-07 12:59:42,morning,4,0,1,long,high,Indianapolis,Restaurants,2,1,1
Uk3X2AypU8AqvcYEVf7s6Q,YB689VFiOlzUTBRPiauDFA,4.0,2015-08-07 13:57:42,afternoon,4,0,1,medium,high,Santa Barbara,American (Traditional),2,0,1
1HM81n6n4iPIFU5d2Lokhw,vfmHUg7jWnfzLb90vcuLSg,3.0,2015-08-07 17:20:27,afternoon,4,0,1,long,high,New Orleans,Bars,3,1,0
irJKUrPxs5Z5fTvya-JVyA,GV-e7Op4aU98xkjjoKlRhA,3.0,2015-08-07 17:41:55,afternoon,4,0,1,long,high,Saint Louis,Basque,2,1,1
khvn7hhX08g33N5niO676w,5O09IoKwgQkm3aR_Ir5_2w,5.0,2015-08-07 19:01:20,evening,4,0,0,long,high,Tucson,Breweries,1,0,0
EcdjtQ3sfpKSp-j4LM3aPw,P9VrCQBcyoDmMV5xtlOBsQ,5.0,2015-08-07 19:32:46,evening,4,0,1,short,high,Edmonton,Food,2,1,0
6xI97AFZKYFqcOw94ntbFw,N5ekxQd7wGHWJJK-p9qqXw,4.0,2015-08-07 20:40:52,evening,4,0,0,medium,high,Nashville,Restaurants,3,1,0
6xI97AFZKYFqcOw94ntbFw,VRGYwKE_Z77frm5NwLvJhw,4.0,2015-08-07 20:44:05,evening,4,0,0,medium,high,Nashville,Bars,2,1,0
N11AGsSHMp9ZhOARSq8LNQ,k6XrnjX2TBM_nDzD_XA9NQ,4.0,2015-08-07 21:38:27,evening,4,0,1,long,high,Reno,Arts & Entertainment,2,1,1
KvoHp9A3TgaiVWj4SZpdAg,1_hDCN3iioFR3XnUr32ZtA,4.0,2015-08-08 01:24:47,night,5,1,1,long,high,Saint Petersburg,Fast Food,1,1,1
3l0AxprlBoGXF52nLhJXmw,T5f-IRQWQYgFQbgO_kVkvg,4.0,2015-08-08 02:05:32,night,5,1,0,medium,high,West Chester,Breakfast & Brunch,1,1,1
9_lcpqJ53tPpo614CD1oRw,7wpTBtY2kiMXmW42zvL-fw,4.0,2015-08-08 02:09:24,night,5,1,1,long,high,Kenner,Restaurants,2,0,0
QSNzozwTwY9UU3QNvf-3jA,oJRjeio1OBablDFr--__Xg,3.0,2015-08-08 02:21:53,night,5,1,1,medium,high,Tampa,Food,1,1,0
A9cXP_K95FRor1qxuUEu2g,4-y4Jj8hNuVIFktoYnm3-Q,2.0,2015-08-08 02:25:03,night,5,1,1,long,high,Indianapolis,Pizza,1,0,1
CHYvZ-r1_bSMfBCswelaBw,M2m_SM9GpIbct2a_hOGzag,2.0,2015-08-08 02:28:39,night,5,1,1,long,high,Franklin,American (Traditional),2,1,1
zgOp2LnpN1d1ETzssrypww,7wpTBtY2kiMXmW42zvL-fw,4.0,2015-08-08 03:23:49,night,5,1,1,long,high,Kenner,Restaurants,2,0,0
6Jrx4sEzyYLz4XWAMVokgw,SlZJATE_TGUU8X34UJNi4g,4.0,2015-08-08 15:51:34,afternoon,5,1,1,long,high,Indianapolis,Mexican,2,1,1
9_lcpqJ53tPpo614CD1oRw,eJYvM2Zy5BloOYGldWmAVw,4.0,2015-08-08 20:19:40,evening,5,1,1,long,high,New Orleans,Food,1,0,1
zgOp2LnpN1d1ETzssrypww,eJYvM2Zy5BloOYGldWmAVw,4.0,2015-08-08 20:34:33,evening,5,1,1,medium,high,New Orleans,Food,1,0,1
AdyMl8e06O5Wp63Nr2lKUg,sr-5EY6bmp4jINhea06MjA,1.0,2015-08-08 21:55:44,evening,5,1,0,medium,high,Indianapolis,Restaurants,2,1,1
fCffaLUaWrI6QM8I_kHcfw,uaipZDBSvzDzUUlazpyGCg,3.0,2015-08-09 00:06:25,night,6,1,0,long,high,Reno,Japanese,2,1,0
yNQU9f5QdqS-AEY2Gj7KxA,uaipZDBSvzDzUUlazpyGCg,4.0,2015-08-09 01:37:16,night,6,1,1,long,high,Reno,Japanese,2,1,0
2HA_Ub0s2qACtlOkrTe1DQ,Y3ZCO17N1_T_Ms1JmswwzA,4.0,2015-08-09 03:44:02,night,6,1,1,long,high,Tucson,Mexican,1,0,1
8EMU7d4pCkdqUnvlIW40CA,P8QLcGZZOPgl9w_3ARBKiQ,5.0,2015-08-09 13:00:09,afternoon,6,1,1,long,high,Philadelphia,Japanese,2,0,0
EFjyEu7ov5rYDSSo5M6MCg,D2kZP7jvrWTuRzcPY6NbqA,2.0,2015-08-09 15:08:18,afternoon,6,1,0,long,high,St. Petersburg,Restaurants,1,1,1
ZCd8JIPT6bovm9-L3ZH1aQ,bXjnfT69E8DJinX-ifOofA,4.0,2015-08-09 15:59:27,afternoon,6,1,1,medium,high,Tucson,Chicken Wings,1,1,0
urGnh8Eockw-wJ1PgzgY-g,WQ832PDnsDshhbQFm83ISg,3.0,2015-08-09 16:34:44,afternoon,6,1,1,long,high,Tampa,Cinema,2,1,0
kUfKfSmhtKaW_m0039edYg,__I81oH6jmYwh1YXjVWsWA,5.0,2015-08-09 17:23:39,afternoon,6,1,0,medium,high,Reno,Food,1,1,0
0Ko6fgC_9Fr61tsZgG6bag,1ig2AJg8A08_XA3pFAMiRQ,2.0,2015-08-09 18:35:06,afternoon,6,1,0,long,high,Franklin,Steakhouses,3,1,0
qjfMBIZpQT9DDtw_BWCopQ,hpTU_2MMC9mtWQGq5Jr3ZQ,5.0,2015-08-10 01:41:41,night,0,0,1,long,high,St. Petersburg,Ice Cream & Frozen Yogurt,1,0,1
CjraTqh4EsvpveZQgj0qVQ,2nUzpVFZVyGoD-RVhz-1KA,4.0,2015-08-10 11:48:07,morning,0,0,0,medium,high,Kirkwood,Burgers,2,1,1
urGnh8Eockw-wJ1PgzgY-g,mMPvgBgqON8pia_4AgGTUw,2.0,2015-08-10 12:57:34,morning,0,0,1,long,high,Tampa,Sushi Bars,2,1,0
XuhpPK0bZgVenkGBh7KA6w,GqUv8rF5h3ZZFfj7S9tgyQ,4.0,2015-08-10 14:14:28,afternoon,0,0,1,long,high,Wayne,Buffets,2,0,0
nyVMucNs6I8N-COK18Ml8w,I2CxrvM0BGH1svfxqGGD2g,1.0,2015-08-10 15:36:05,afternoon,0,0,0,medium,high,Nashville,Automotive,2,1,1
UYU71DRx-UDAee-eFOFfWw,u7_3L1NBWgxhBM_B-cmmnA,4.0,2015-08-10 19:10:24,evening,0,0,1,long,high,Philadelphia,Italian,2,1,1
AHRrG3T1gJpHvtpZ-K0G_g,9V0LMtO1riRw9-pUuG4NFg,5.0,2015-08-10 22:44:07,evening,0,0,1,long,high,Indianapolis,Latin American,2,1,1
21FAnridQkQCJMM_PfyfcA,CPFKi2lZJazP6IdtCdDDyg,5.0,2015-08-11 13:50:56,afternoon,1,0,1,short,high,Reno,Bars,1,1,1
CozGguiwx7JEVk7cAwdvpA,uaipZDBSvzDzUUlazpyGCg,4.0,2015-08-11 15:58:15,afternoon,1,0,1,long,high,Reno,Japanese,2,1,0
wjck5FNNSXKl_RJdw-NW8A,eMiN8nm70jjKg8izikVWDA,4.0,2015-08-11 16:21:46,afternoon,1,0,1,long,high,Philadelphia,Seafood,2,1,1
vYMvOTL31e0KbTo9Hd0tjg,ovLgaPIMrx7PDZPrEpTMvg,5.0,2015-08-11 17:19:27,afternoon,1,0,1,long,high,Tampa,Salad,1,0,0
d8FwfuFM9SJA3kU_cIQ3aw,8rb-3VYXE37IZix4yOdskw,3.0,2015-08-11 19:39:39,evening,1,0,1,medium,high,Williamstown,American (Traditional),1,1,0
z0UcOv-TCmwuv_oiZkIMBw,JvawJ9bSr22xn4R9oLvl_w,3.0,2015-08-12 04:04:36,night,2,0,1,long,high,New Orleans,Southern,2,1,0
I2XpWCHAom1JRyHXZQrnfg,xT41eqUSsM_MDE1Vjhq20A,4.0,2015-08-12 04:38:29,night,2,0,1,long,high,Tampa,Gluten-Free,2,0,1
6nwKICMjYAlK_yRM9YxpHg,EKbb62ui8LgHk3B7OJMyBw,2.0,2015-08-12 13:48:05,afternoon,2,0,1,long,high,Saint Louis,Restaurants,2,1,1
MdaiGLPoMby-kr-JMw-cZQ,oYzq49fG7jokPLQ38bFMOw,3.0,2015-08-12 14:01:51,afternoon,2,0,1,long,high,Chalfont,Japanese,2,1,0
cuwv0cwD0qwTHIcx-K7q2A,BWITd9JUXP3gSi1z3Y-z8g,5.0,2015-08-12 14:58:51,afternoon,2,0,1,long,high,Philadelphia,Italian,2,1,1
bwWGVLbtdSlcsvkc2Ttu6w,FtkYGVPVCRuuhQhYJBSVQw,4.0,2015-08-12 17:11:33,afternoon,2,0,1,short,high,New Orleans,Food,2,0,0
Cltm3tgipVMnVbzpv7K1Vw,EpREWeEpmR8f1qLHzzF0AA,3.0,2015-08-12 20:46:50,evening,2,0,1,long,high,Saint Louis,Local Flavor,2,1,1
