item_id:token	hour_of_day	day_of_week	is_weekend	season	time_slot	user_elite	user_experience	city	category	price_range	alcohol	outdoor_seating
0	16	3	0	1	0	0	2	7	16	1	2	0
1	8	1	0	1	1	1	1	463	505	2	2	0
2	19	0	0	2	1	0	2	502	571	2	2	0
3	1	4	0	3	3	0	2	125	241	2	2	0
4	15	0	0	1	0	0	2	370	174	1	2	0
5	1	2	0	3	3	0	2	502	432	1	1	1
6	21	5	1	3	3	0	3	440	55	1	2	0
7	23	0	0	3	3	0	2	391	317	2	2	0
8	0	5	1	2	3	0	2	203	272	1	2	0
9	13	4	0	3	0	0	3	218	221	1	2	0
10	15	0	0	1	3	0	3	20	348	1	1	0
11	21	6	0	4	3	0	2	419	214	2	1	1
12	16	0	0	2	0	0	1	296	294	2	2	0
13	2	6	0	2	0	0	2	5	241	1	2	0
14	16	3	0	1	0	0	1	37	570	3	2	0
15	2	3	0	3	3	0	2	33	543	1	2	1
16	16	4	0	3	0	0	2	436	241	2	2	0
17	20	2	0	2	1	0	2	370	241	2	2	0
18	0	4	0	2	3	0	2	267	43	2	2	0
19	13	5	1	3	0	0	0	478	164	2	2	0
20	13	2	0	2	0	0	3	478	445	2	2	0
21	17	6	0	4	3	0	2	125	134	2	1	0
22	17	3	0	3	1	0	3	502	627	2	2	0
23	17	3	0	2	3	0	1	414	90	2	1	1
24	2	3	0	1	3	0	1	484	543	1	0	0
25	4	1	0	2	3	0	2	76	284	2	2	0
26	0	0	0	1	3	0	3	15	432	4	1	0
27	18	0	0	3	3	0	0	478	51	2	1	1
28	2	0	0	2	3	0	3	72	90	1	2	0
29	14	0	0	3	0	1	1	556	16	1	2	0
30	13	1	0	1	0	0	0	328	223	1	2	0
31	19	6	0	3	3	0	2	370	550	2	1	1
32	12	0	0	2	0	0	2	502	556	2	2	0
33	6	2	0	1	0	0	0	125	223	1	2	0
34	11	4	0	2	0	0	3	478	124	2	2	0
35	22	5	1	3	3	0	2	429	382	3	2	0
36	12	0	0	3	0	0	1	218	16	1	1	1
37	2	2	0	3	3	0	0	324	37	2	2	0
38	2	5	1	1	3	0	3	478	309	2	2	0
39	20	2	0	1	1	0	3	370	546	2	2	0
40	21	1	0	3	0	0	3	370	55	2	2	0
41	2	5	1	3	3	0	0	194	553	2	1	0
42	17	3	0	2	3	0	0	370	123	1	2	0
43	22	5	1	3	3	0	3	341	31	1	2	0
44	21	3	0	4	3	0	1	125	469	2	2	0
45	15	5	0	2	3	0	3	502	318	2	2	0
46	13	5	0	3	0	0	2	218	43	2	2	0
47	4	0	0	1	3	0	0	502	553	1	1	0
48	21	3	1	1	3	0	1	461	16	1	2	0
49	0	1	0	2	3	0	2	419	19	2	2	0
50	17	4	0	3	1	0	3	37	419	2	2	0
51	2	1	0	3	3	0	2	419	243	2	0	1
52	4	5	1	1	0	0	2	43	241	1	2	0
53	0	5	1	2	3	0	1	456	322	2	2	0
54	2	2	0	1	3	0	0	328	317	2	2	0
55	23	0	0	3	3	1	0	478	496	1	2	0
56	16	2	0	3	3	0	2	419	437	2	2	0
57	21	4	0	2	3	0	2	297	241	2	2	0
58	1	3	0	2	3	0	2	328	543	1	2	1
59	17	4	0	1	1	0	3	246	186	2	2	0
60	1	6	1	1	0	0	0	414	51	2	1	0
61	23	5	0	1	3	0	2	112	543	2	2	0
62	1	4	0	3	3	0	2	76	397	2	1	1
63	6	3	0	3	2	0	2	412	340	1	2	0
64	1	4	0	2	3	0	0	9	15	2	1	1
65	0	0	0	2	3	0	1	414	318	2	2	0
66	5	3	0	3	3	0	2	377	322	1	2	0
67	0	1	0	3	3	1	1	414	255	3	2	0
68	6	5	1	1	1	0	1	416	16	2	1	1
69	17	4	0	3	1	0	2	478	42	2	2	0
70	0	2	0	1	3	0	1	324	241	1	2	0
71	23	6	0	4	3	0	2	419	55	2	2	0
72	2	1	0	1	0	0	0	518	222	3	2	0
73	2	6	0	3	3	0	2	370	543	2	2	0
74	22	3	0	4	3	0	2	69	281	2	2	0
75	16	2	0	1	0	0	3	330	43	2	2	0
76	16	4	0	2	0	0	3	159	285	2	2	0
77	1	1	0	1	3	0	0	414	550	1	2	0
78	20	1	0	1	3	0	2	502	487	2	2	0
79	16	0	0	3	1	0	2	370	543	1	2	1
80	3	6	0	2	1	0	3	478	284	1	2	0
81	1	3	0	2	3	0	3	184	115	1	2	1
82	13	3	0	3	0	0	2	125	283	2	2	0
83	16	3	0	1	0	0	2	370	510	2	2	0
84	20	0	0	1	0	0	2	502	175	2	2	0
85	14	0	0	2	1	1	0	370	241	2	2	0
86	1	4	0	2	3	1	1	478	174	2	2	0
87	17	0	0	1	3	0	3	450	378	2	2	0
88	1	0	0	2	3	0	2	419	489	2	2	0
89	1	2	0	1	3	0	2	30	167	2	2	0
90	22	6	0	3	3	0	2	463	432	2	1	1
91	18	1	0	3	1	0	2	37	550	1	2	1
92	1	5	0	3	3	0	2	218	543	2	1	0
93	22	2	0	3	3	0	2	224	22	2	2	0
94	18	0	0	1	1	0	0	324	222	2	2	0
95	22	6	0	2	3	0	2	370	543	2	2	0
96	20	6	1	1	1	0	2	438	571	2	2	0
97	18	3	0	2	1	0	3	416	236	2	2	0
98	16	0	0	2	1	0	2	370	12	2	2	0
99	4	1	0	4	0	1	1	383	571	2	2	0
100	4	1	0	2	3	0	0	328	402	1	2	0
101	18	0	0	1	1	0	0	159	433	1	2	1
102	14	3	0	3	0	0	2	296	304	2	2	0
103	16	1	0	1	0	0	3	414	42	2	2	0
104	22	1	0	2	0	0	0	377	306	2	2	0
105	19	1	0	2	3	0	2	457	101	2	2	0
106	4	0	0	3	0	0	2	532	101	2	2	0
107	14	3	0	3	0	0	0	370	91	2	2	0
108	1	5	0	3	3	0	2	478	543	2	0	0
109	17	2	0	2	1	0	2	461	46	1	2	1
110	0	2	0	2	3	0	3	511	347	2	2	0
111	7	2	0	2	0	0	2	502	571	3	2	0
112	0	0	0	1	3	0	3	296	28	2	2	0
113	18	4	0	3	0	0	2	324	294	2	2	0
114	21	6	0	4	3	0	2	566	241	1	2	0
115	1	6	0	2	3	0	0	218	33	2	2	0
116	21	5	0	4	3	0	0	310	81	2	2	0
117	18	3	0	2	1	1	0	565	284	2	2	0
118	17	0	0	2	3	0	2	108	15	2	2	1
119	11	3	0	1	1	0	0	527	561	2	2	0
120	12	4	0	1	0	0	0	73	543	1	2	0
121	18	5	0	2	1	0	2	293	543	1	2	1
122	2	1	0	4	3	0	2	45	496	1	2	0
123	6	6	0	2	3	0	3	414	423	2	1	1
124	21	6	1	1	0	0	2	478	550	1	2	0
125	0	0	0	1	3	0	2	218	543	2	1	0
126	2	0	0	3	1	0	2	293	17	2	2	0
127	1	0	0	4	3	1	1	37	201	2	2	0
128	23	5	0	1	3	0	2	43	432	2	1	0
129	19	2	0	3	1	0	1	125	477	2	2	0
130	13	3	0	1	0	0	2	327	587	2	2	0
131	17	0	0	2	3	0	0	218	591	2	1	1
132	2	5	0	3	3	0	2	391	51	2	1	0
133	1	3	0	1	3	0	2	565	324	2	0	0
134	1	2	0	3	3	0	2	324	625	2	0	0
135	20	4	0	4	1	1	1	419	661	2	2	0
136	1	3	0	4	1	0	3	82	426	2	2	0
137	1	0	0	2	0	0	2	478	420	2	2	0
138	3	0	0	1	3	1	1	45	483	2	2	0
139	19	5	0	1	3	0	2	416	179	1	0	0
140	4	0	0	3	3	0	2	444	496	2	1	1
141	17	5	0	1	3	0	2	419	130	2	2	0
142	0	0	0	4	3	0	3	61	15	2	0	1
143	14	4	1	2	3	0	3	412	401	2	1	0
144	16	6	0	1	3	0	2	478	272	2	0	1
145	1	3	0	2	1	0	2	178	571	2	2	0
146	17	0	0	2	1	0	0	125	241	2	2	0
147	1	5	0	3	3	0	2	216	432	2	1	1
148	18	2	0	3	1	0	3	519	571	2	2	0
149	0	6	0	3	3	0	2	363	241	2	2	0
150	1	6	0	2	3	0	2	357	543	2	0	1
151	23	3	0	3	3	0	2	496	318	2	2	0
152	16	2	0	4	0	0	3	72	442	2	2	0
153	1	0	0	1	3	0	2	125	201	2	2	0
154	22	2	0	3	3	0	2	391	487	2	2	0
155	2	5	0	2	3	0	0	502	214	2	1	0
156	20	0	0	2	1	0	2	502	631	2	2	0
157	1	0	0	1	3	0	0	436	543	1	2	0
158	0	5	1	3	1	0	2	566	294	2	2	0
159	5	6	1	3	3	0	2	391	344	2	2	0
160	3	5	0	1	0	0	2	416	81	1	2	0
161	0	0	0	2	3	0	0	543	55	2	2	0
162	2	0	0	1	3	0	2	554	43	2	2	0
163	18	5	0	1	1	0	3	370	382	2	2	0
164	22	3	0	1	3	0	2	478	180	1	2	0
165	18	6	1	3	1	1	0	370	130	1	2	0
166	0	0	0	4	3	0	2	107	267	2	1	1
167	17	5	1	2	1	0	2	14	214	2	2	0
168	1	5	0	3	0	1	3	506	15	2	2	1
169	15	3	0	2	0	0	2	502	321	2	2	0
170	16	0	0	1	0	0	3	370	43	2	2	0
171	0	0	0	4	3	0	0	350	214	2	2	0
172	17	1	0	2	3	0	3	37	318	2	2	0
173	14	0	0	3	0	0	0	112	81	1	2	0
174	2	4	0	1	3	0	2	125	341	2	1	0
175	22	0	0	3	3	0	2	419	57	2	0	1
176	0	1	0	3	1	0	2	179	55	2	2	0
177	16	6	1	1	0	1	1	502	543	1	2	0
178	20	0	0	2	1	0	3	551	103	2	2	0
179	1	0	0	1	3	0	3	13	679	2	2	0
180	14	6	1	4	0	0	2	114	169	1	2	0
181	5	5	1	4	3	0	1	544	81	1	2	0
182	15	5	1	4	0	0	2	391	571	2	2	0
183	14	4	0	3	0	0	1	218	340	2	2	0
184	2	0	0	3	3	0	2	502	169	2	0	1
185	17	0	0	3	1	0	0	414	34	2	2	0
186	19	2	0	2	1	0	2	530	507	2	2	0
187	1	4	0	1	1	0	3	81	377	1	2	0
188	22	3	0	1	0	0	3	461	585	2	2	0
189	21	3	0	2	3	0	3	502	629	2	2	0
190	1	5	0	2	3	0	2	82	401	2	1	1
191	2	4	0	3	0	0	1	332	572	2	2	0
192	0	2	0	1	3	0	3	328	494	2	2	0
193	23	1	0	1	3	0	0	502	15	2	1	0
194	2	3	0	3	3	0	2	369	142	2	2	0
195	0	4	0	4	3	0	1	478	629	2	2	0
196	2	0	0	1	3	0	3	370	554	2	2	0
197	18	5	1	2	1	0	2	116	635	2	2	0
198	18	1	0	3	3	0	2	55	273	2	2	0
199	4	1	0	3	2	0	1	502	531	2	2	0
200	21	0	0	2	3	0	3	79	20	2	2	0
201	18	2	0	2	1	0	3	419	318	2	2	0
202	18	2	0	2	3	0	2	37	81	2	1	1
203	19	4	0	4	1	0	2	502	674	2	2	0
204	21	0	0	2	3	0	1	230	241	1	2	0
205	21	2	0	1	3	0	1	326	543	1	2	0
206	3	1	0	3	3	0	3	370	55	2	2	0
207	19	4	0	1	1	0	1	414	590	2	2	0
208	19	3	0	3	1	0	2	374	579	2	2	0
209	20	5	1	3	1	0	3	478	247	3	2	0
210	2	0	0	2	0	0	0	61	273	2	2	0
211	15	0	0	1	3	0	2	370	397	2	2	0
212	16	1	0	1	0	0	1	125	378	2	2	0
213	16	1	0	3	0	1	0	474	487	2	2	0
214	23	6	0	4	3	0	2	7	496	2	1	1
215	20	6	1	3	3	0	2	302	304	2	2	0
216	17	2	0	2	3	0	0	341	214	2	2	0
217	17	1	0	2	3	0	1	37	222	2	2	0
218	2	6	1	2	3	1	0	218	33	2	2	0
219	2	0	0	1	1	0	2	414	55	3	2	0
220	3	5	1	4	3	0	0	83	170	2	2	0
221	3	0	0	1	2	0	1	412	16	1	2	0
222	18	3	0	2	1	0	2	370	55	2	2	0
223	23	2	0	2	3	0	3	478	364	1	2	0
224	1	0	0	1	3	0	2	354	694	2	2	0
225	14	5	1	3	0	0	3	269	309	2	2	0
226	3	1	1	4	3	1	2	502	55	2	2	0
227	17	1	0	3	1	0	0	502	32	3	2	0
228	14	3	0	2	0	0	2	478	571	2	2	0
229	22	6	0	1	3	0	3	244	658	2	2	1
230	0	2	0	4	0	0	2	74	214	1	2	0
231	23	6	0	2	3	0	0	328	322	1	2	0
232	18	2	0	4	3	1	1	319	241	2	2	0
233	15	4	0	3	0	0	2	218	426	2	2	0
234	19	5	1	4	1	0	3	125	186	2	2	0
235	1	5	1	1	3	0	3	370	543	2	1	1
236	4	2	0	2	3	0	0	125	16	2	1	1
237	20	2	0	1	1	0	0	202	483	2	2	0
238	22	2	0	1	3	0	0	480	631	2	2	0
239	15	0	0	1	0	0	1	461	15	1	2	0
240	14	2	0	1	0	0	2	324	681	2	2	0
241	3	0	0	1	3	0	3	532	391	2	2	0
242	23	4	0	3	3	0	2	53	543	2	2	1
243	23	1	0	4	3	0	2	419	430	2	2	0
244	21	6	0	2	3	0	2	197	241	1	0	0
245	18	6	1	3	1	1	1	478	241	3	2	0
246	0	2	0	1	3	0	2	444	15	1	2	0
247	3	4	0	3	3	0	0	414	543	1	2	0
248	4	2	0	3	3	0	0	412	3	2	2	0
249	3	0	0	2	1	0	0	244	90	1	2	0
250	12	1	0	1	0	0	3	478	194	2	2	0
251	18	3	0	1	1	0	2	125	142	2	2	0
252	20	5	1	2	1	0	3	125	123	2	1	1
253	13	6	1	1	0	1	1	10	234	2	2	0
254	21	3	0	3	3	0	0	463	33	2	2	0
255	2	0	0	1	0	0	3	201	42	2	2	0
256	17	6	0	1	1	0	2	521	401	1	2	0
257	4	3	0	1	0	0	2	37	55	2	2	0
258	8	0	0	1	0	0	3	391	570	2	2	0
259	17	4	0	2	3	0	0	370	606	1	2	0
260	17	6	1	3	1	0	3	179	43	2	2	0
261	11	3	1	3	1	0	3	370	378	1	2	0
262	20	1	0	2	3	0	2	502	543	1	2	1
263	0	3	0	4	3	0	3	370	594	3	2	0
264	13	1	0	3	0	0	3	370	93	3	2	0
265	16	2	0	3	0	1	0	478	467	2	2	0
266	0	2	0	1	3	0	0	554	44	2	2	0
267	11	3	0	1	1	0	0	478	378	2	2	0
268	16	0	0	4	3	0	2	190	241	1	2	1
269	0	4	0	3	3	0	2	502	483	2	2	0
270	12	4	0	3	0	0	2	79	426	2	2	0
271	21	3	0	1	3	0	1	370	48	2	2	0
272	1	1	0	1	3	0	0	218	543	2	2	0
273	20	4	0	1	1	0	2	391	255	2	2	0
274	5	0	0	2	3	0	2	391	285	3	2	0
275	1	2	0	1	3	0	2	370	196	2	2	0
276	3	2	0	2	0	0	2	56	346	1	2	0
277	0	1	0	4	1	0	2	412	223	1	2	0
278	1	0	0	1	3	0	1	370	314	2	2	0
279	3	6	1	3	3	0	0	357	238	2	2	0
280	1	1	0	1	3	0	1	125	78	2	2	0
281	1	6	0	1	3	0	2	414	543	2	2	0
282	0	4	0	3	3	0	2	328	215	2	2	0
283	15	1	0	2	1	0	2	551	214	2	2	0
284	1	5	0	2	0	0	0	393	510	2	2	0
285	0	6	0	2	3	0	1	328	51	2	1	0
286	1	6	0	1	3	0	3	461	124	2	2	0
287	1	0	0	4	3	0	0	419	283	2	2	0
288	15	0	0	1	0	0	2	324	344	2	2	0
289	0	6	0	3	3	0	2	324	543	1	2	0
290	1	6	1	1	3	0	1	323	257	1	2	0
291	11	0	0	2	1	0	2	370	606	2	2	0
292	1	2	0	2	3	0	2	384	283	2	2	0
293	0	1	0	1	3	0	2	342	139	2	2	0
294	19	5	0	2	1	0	2	246	241	1	2	0
295	0	4	0	3	3	0	2	218	543	2	1	1
296	19	3	0	1	1	0	2	72	378	2	2	0
297	2	5	1	3	3	1	0	436	357	2	2	0
298	22	2	0	1	3	0	0	444	571	2	2	0
299	4	3	0	2	3	0	0	441	304	2	2	0
300	5	6	1	1	3	0	3	324	651	2	2	0
301	21	6	0	1	3	0	2	370	84	2	2	0
302	14	1	0	1	0	0	3	370	588	2	2	0
303	21	1	0	1	3	1	0	324	432	2	1	0
304	2	2	0	2	3	0	2	502	15	1	2	1
305	16	0	0	3	0	0	0	551	51	2	1	1
306	8	6	1	3	1	0	2	328	378	1	2	0
307	14	1	0	1	3	0	2	511	378	2	2	0
308	23	6	1	2	3	0	2	391	571	1	2	0
309	16	4	0	2	0	0	0	412	571	2	2	0
310	3	3	0	1	3	1	1	478	293	2	1	0
311	16	5	0	1	3	0	2	478	16	2	0	1
312	4	5	1	4	3	1	1	9	180	2	2	0
313	19	4	0	2	3	0	2	159	570	2	2	0
314	3	1	0	2	1	0	2	436	298	2	2	0
315	5	2	0	1	1	0	1	127	143	1	2	0
316	4	4	0	3	3	0	3	398	293	2	2	0
317	12	2	0	2	0	0	3	532	241	2	2	0
318	0	1	0	2	3	0	2	502	487	2	2	0
319	1	3	0	3	3	0	1	370	518	2	2	0
320	0	3	0	2	1	0	2	370	294	2	2	0
321	12	5	1	3	0	0	2	36	309	2	2	0
322	12	6	0	2	3	0	2	475	543	2	2	0
323	0	0	0	2	0	0	2	61	571	2	2	0
324	4	1	0	1	3	0	0	230	543	2	2	0
325	2	1	0	3	3	0	1	125	543	1	2	0
326	2	6	1	3	3	0	2	370	81	3	1	1
327	5	0	0	1	3	0	2	296	130	1	2	0
328	18	0	0	2	1	0	3	328	55	2	2	0
329	5	4	0	4	3	0	3	383	543	1	2	0
330	21	1	0	3	3	0	2	391	173	1	2	0
331	1	4	1	1	3	0	2	432	598	2	1	0
332	13	0	0	2	0	0	2	339	241	1	2	0
333	9	4	0	3	2	0	3	478	241	1	2	0
334	3	1	0	2	3	0	2	414	147	4	2	0
335	3	5	1	2	3	1	1	310	55	2	2	0
336	20	0	0	3	3	0	0	419	16	2	1	1
337	0	1	0	1	0	0	0	30	273	2	2	0
338	18	0	0	1	1	0	3	502	571	4	2	0
339	1	6	0	3	3	0	0	159	46	2	2	1
340	22	2	0	4	3	0	2	69	496	2	2	1
341	21	1	0	2	3	0	3	381	651	2	2	0
342	1	3	0	1	3	0	2	93	340	2	2	1
343	0	3	0	1	3	0	2	478	20	2	2	0
344	1	0	0	3	3	0	2	37	43	2	2	0
345	23	0	0	3	3	0	0	61	241	3	2	0
346	9	1	0	1	0	0	0	561	241	2	2	0
347	0	1	0	1	3	0	3	272	101	2	2	0
348	21	3	0	4	3	0	0	471	243	1	2	1
349	19	1	0	2	3	0	1	48	543	2	1	1
350	1	6	0	3	3	0	2	453	241	2	1	1
351	19	1	0	1	3	0	3	184	606	2	2	0
352	3	0	0	1	0	0	2	125	284	2	2	0
353	1	2	0	4	3	0	2	37	51	2	2	0
354	0	0	0	1	0	0	2	330	223	1	2	0
355	0	2	0	3	3	0	2	275	179	1	2	0
356	16	6	0	3	0	0	2	159	81	2	0	1
357	1	6	0	2	3	0	2	328	322	1	2	0
358	18	3	0	1	1	0	3	502	241	1	2	0
359	1	2	0	1	3	0	3	359	543	2	2	0
360	1	4	0	1	3	0	2	218	34	2	2	0
361	21	2	0	2	3	0	2	461	420	2	2	0
362	0	6	0	1	3	0	2	334	15	2	2	1
363	19	4	0	1	1	0	2	281	543	1	2	0
364	19	2	0	2	0	0	2	111	251	1	2	0
365	1	6	0	1	3	0	2	370	433	2	1	0
366	14	5	1	1	3	0	2	139	55	4	2	0
367	17	1	0	3	3	0	1	370	340	1	2	0
368	19	3	0	1	1	1	0	293	124	2	2	0
369	3	0	0	1	3	1	1	324	317	2	2	0
370	14	6	1	1	0	0	3	328	382	2	2	0
371	16	0	0	1	0	1	1	370	214	2	2	0
372	23	3	0	3	3	0	2	324	543	1	2	1
373	1	1	0	2	3	1	1	125	46	2	2	0
374	15	2	0	3	3	0	2	37	81	2	0	0
375	22	2	0	3	3	0	3	296	441	2	2	0
376	0	1	0	1	3	0	2	32	606	2	1	1
377	20	5	1	1	0	0	3	81	401	2	1	1
378	14	6	0	4	0	0	3	116	130	1	2	1
379	0	5	0	1	3	0	3	324	214	2	2	0
380	0	5	0	3	3	0	0	370	458	2	2	0
381	19	1	0	2	3	0	2	324	15	3	1	0
382	2	5	0	4	3	0	2	391	666	2	0	0
383	14	0	0	4	3	0	2	125	189	2	2	0
384	13	0	0	3	0	0	2	370	241	1	2	0
385	0	0	0	1	0	0	2	478	401	1	2	0
386	20	5	1	1	1	0	3	354	262	2	2	0
387	2	4	0	2	3	0	2	218	617	2	2	0
388	20	0	0	3	3	0	3	419	680	2	2	0
389	20	1	0	2	3	0	2	444	546	2	2	0
390	7	4	0	2	2	1	1	444	393	2	2	0
391	2	2	0	1	3	0	2	391	278	2	2	0
392	23	5	0	3	3	0	0	370	666	2	2	1
393	15	4	0	2	0	0	3	10	581	2	2	0
394	14	5	1	1	0	1	0	377	629	2	2	0
395	0	6	1	2	3	0	3	324	543	1	0	0
396	7	2	0	4	1	0	1	509	43	1	2	0
397	20	5	0	2	1	1	1	125	214	2	1	1
398	19	0	0	3	1	0	2	324	42	2	2	0
399	16	0	1	1	1	0	1	528	571	2	2	0
400	16	6	1	4	0	0	2	478	33	2	2	0
401	22	2	0	2	3	0	2	502	213	2	2	0
402	4	6	1	3	3	0	2	60	33	2	2	0
403	3	0	0	1	3	1	0	169	214	2	2	0
404	16	4	0	2	0	0	3	37	6	2	1	1
405	3	6	0	2	3	0	2	169	520	2	1	1
406	8	1	0	4	0	1	1	478	198	2	2	0
407	18	5	0	4	3	0	2	370	543	1	2	1
408	1	4	0	1	3	0	3	327	123	2	2	0
409	19	0	0	2	1	0	3	478	396	2	2	0
410	3	0	0	3	3	0	2	63	543	2	0	1
411	1	6	0	2	3	0	2	328	543	2	1	1
412	18	1	0	3	1	0	3	197	283	1	2	0
413	0	0	0	2	3	0	2	551	432	3	1	0
414	12	4	0	4	0	0	3	246	186	2	2	0
415	19	3	0	4	3	0	3	430	214	2	2	0
416	2	6	0	2	3	0	2	472	123	1	2	0
417	1	4	0	1	3	0	0	370	410	2	1	0
418	2	0	0	4	1	0	2	328	43	2	2	0
419	15	4	0	4	0	1	1	370	244	1	0	1
420	1	4	0	2	0	0	2	391	298	2	2	0
421	19	3	0	2	1	0	2	328	43	2	2	0
422	14	5	0	3	1	0	2	159	543	2	2	1
423	20	5	0	3	1	0	2	370	346	2	2	0
424	18	6	0	2	1	0	2	357	658	2	0	0
425	0	0	0	2	1	0	3	461	20	2	2	0
426	2	5	1	1	3	0	3	457	16	2	1	1
427	22	6	0	3	3	0	2	63	16	2	0	1
428	3	1	0	3	3	1	0	502	571	2	2	0
429	12	4	0	2	0	1	0	416	284	2	2	0
430	0	0	0	4	3	1	1	125	337	2	1	0
431	13	3	0	1	0	1	1	10	241	1	2	0
432	3	3	0	1	3	1	1	508	88	2	1	1
433	1	1	0	3	3	0	1	179	241	1	2	0
434	1	2	0	3	3	0	2	370	241	2	2	0
435	0	2	0	3	3	0	2	478	543	2	1	1
436	22	0	0	1	3	0	3	377	51	2	1	0
437	1	1	0	1	3	0	3	570	420	2	2	0
438	22	1	0	3	3	0	2	180	241	2	2	1
439	13	2	0	4	1	0	3	478	321	2	2	0
440	0	4	0	3	3	0	2	391	485	2	2	0
441	3	6	1	4	1	0	0	419	216	2	2	0
442	3	0	0	4	3	0	2	37	318	1	2	0
443	3	1	0	1	2	0	1	383	317	2	2	0
444	3	1	0	1	3	0	2	125	543	2	1	0
445	14	1	0	3	0	0	2	463	103	2	2	0
446	16	5	0	2	0	0	0	159	590	3	2	0
447	4	4	0	4	3	0	2	324	374	2	2	0
448	5	2	0	2	1	0	2	425	487	2	2	0
449	4	4	0	1	3	0	1	264	191	1	2	0
450	0	5	0	1	3	0	0	72	33	2	2	0
451	20	6	0	2	3	0	2	414	15	2	1	0
452	3	1	0	3	3	0	2	370	496	1	2	0
453	20	2	0	1	1	1	0	125	46	2	2	1
454	9	6	1	1	1	0	2	478	221	2	2	0
455	1	0	0	3	3	0	1	528	74	2	2	0
456	21	5	0	2	3	0	2	289	16	1	1	1
457	22	2	0	1	3	1	1	540	571	2	2	0
458	18	3	0	2	1	0	3	478	669	2	2	0
459	4	4	0	1	1	0	3	370	71	2	2	0
460	14	6	0	2	0	0	3	328	94	1	2	1
461	1	6	0	3	3	0	2	324	585	2	1	0
462	2	1	0	3	3	0	0	414	340	3	1	1
463	3	5	0	3	3	0	2	324	341	2	0	0
464	18	5	0	3	3	0	2	408	315	1	2	1
465	14	0	0	1	0	0	2	370	616	1	2	0
466	21	0	0	4	3	0	1	218	543	1	2	0
467	2	2	0	1	3	0	3	293	487	2	2	0
468	16	2	0	3	0	0	2	502	420	2	2	0
469	16	2	0	1	3	1	1	324	660	2	1	0
470	0	2	0	3	1	0	2	444	41	2	2	0
471	21	5	0	2	3	0	2	218	90	1	0	0
472	19	1	0	3	1	0	3	175	378	2	2	0
473	15	4	0	4	0	0	2	280	212	2	2	0
474	0	6	0	4	3	1	1	125	51	2	1	0
475	22	2	0	1	3	0	0	218	543	2	0	0
476	3	0	0	3	3	0	2	328	586	3	1	1
477	15	2	0	3	0	0	2	0	294	2	2	0
478	21	0	0	1	3	0	2	370	379	3	1	1
479	18	3	0	1	1	1	1	330	571	2	2	0
480	0	4	0	1	0	0	2	271	440	2	2	0
481	0	4	0	3	0	0	3	203	294	2	2	0
482	2	0	0	2	3	0	2	391	103	2	2	0
483	5	5	1	1	3	0	2	502	305	2	2	0
484	21	0	0	1	3	0	0	478	378	2	2	0
485	14	0	0	1	1	0	0	328	265	2	2	0
486	1	0	0	1	0	1	1	324	41	2	2	0
487	0	0	0	3	1	1	1	218	241	1	2	0
488	0	0	0	3	3	0	2	370	408	2	2	0
489	0	5	0	4	3	0	2	43	543	2	1	1
490	18	5	1	3	1	0	3	128	321	2	2	0
491	19	1	0	3	1	0	2	519	197	2	2	0
492	1	0	0	4	3	0	2	326	543	2	1	0
493	21	1	0	2	3	0	1	328	241	2	2	0
494	15	0	0	1	1	0	0	81	243	2	2	0
495	16	5	1	1	0	0	3	219	398	2	2	0
496	1	5	1	3	3	0	0	370	241	2	2	0
497	22	5	0	3	3	0	2	532	401	1	2	1
498	1	1	0	4	1	0	0	37	366	1	2	0
499	2	2	0	1	1	0	2	125	55	2	2	0
500	4	6	0	2	3	0	2	370	241	1	2	0
501	23	0	0	3	3	0	0	416	223	1	0	1
502	0	0	0	1	0	0	3	243	402	2	2	0
503	3	1	0	1	1	0	2	91	294	2	2	0
504	0	0	0	3	3	0	2	370	55	2	2	0
505	2	5	1	4	3	0	3	197	241	1	2	0
506	0	1	0	1	3	0	0	218	186	2	2	0
507	15	6	0	3	3	0	2	328	318	3	2	0
508	14	6	0	3	3	0	0	414	16	2	1	1
509	18	0	0	2	1	0	2	370	484	2	2	0
510	18	6	1	1	1	0	3	502	42	2	2	0
511	18	6	0	2	3	0	2	453	553	2	1	1
512	16	2	0	4	0	0	0	125	420	2	2	0
513	16	6	1	4	0	0	1	391	32	2	2	0
514	16	0	0	3	0	1	0	81	214	2	2	0
515	4	1	0	3	3	0	2	461	379	2	1	0
516	14	0	0	2	3	0	2	341	55	2	2	0
517	2	0	0	4	3	0	2	328	598	3	1	0
518	2	4	0	1	3	0	2	281	340	1	2	0
519	21	5	1	3	3	0	2	478	43	2	2	0
520	15	1	0	2	0	0	1	53	43	2	2	0
521	4	1	0	1	3	0	0	502	130	1	2	1
522	19	3	0	2	1	1	1	237	241	2	2	0
523	18	5	1	3	1	0	0	502	274	2	2	0
524	20	4	0	3	3	0	1	196	128	2	2	0
525	20	5	1	2	3	0	3	502	512	2	2	0
526	19	0	0	3	1	0	2	185	543	1	2	0
527	1	6	0	1	3	0	2	82	130	2	2	1
528	17	2	0	4	1	0	3	370	71	2	2	0
529	17	2	0	2	1	0	2	419	142	2	2	0
530	14	1	0	2	0	0	3	370	48	2	2	0
531	17	5	0	1	3	0	2	159	598	3	1	0
532	15	6	0	2	0	0	3	218	306	2	2	0
533	13	3	0	2	1	0	2	532	174	2	2	0
534	16	2	0	2	0	0	2	419	613	2	2	0
535	3	1	0	4	3	0	2	461	43	2	2	0
536	17	2	0	3	1	0	3	370	579	3	2	0
537	8	2	0	1	0	0	0	40	241	2	2	0
538	17	5	0	3	3	0	0	81	550	2	2	1
539	4	1	0	1	3	0	2	246	543	1	2	1
540	22	0	0	2	3	0	2	159	543	2	2	1
541	2	2	0	1	1	0	2	137	214	1	2	0
542	19	2	0	1	3	0	3	370	309	2	2	0
543	17	2	0	2	1	0	2	391	124	2	2	0
544	2	0	0	1	3	0	2	275	57	3	2	0
545	6	2	0	3	1	1	1	125	241	2	2	0
546	2	2	0	1	3	1	1	332	257	2	2	0
547	15	0	0	1	0	0	2	297	571	1	2	0
548	16	2	0	2	0	0	2	414	334	2	2	0
549	15	0	0	4	0	0	2	414	661	2	2	0
550	4	5	1	2	3	0	0	444	135	1	2	0
551	20	4	0	2	1	0	2	447	43	2	2	0
552	19	1	0	2	3	0	3	37	43	2	2	0
553	0	0	0	1	1	1	0	370	100	1	2	0
554	16	2	0	2	0	0	2	330	46	2	2	0
555	17	3	0	2	1	0	2	34	543	2	1	1
556	3	4	1	2	0	0	0	10	680	2	2	0
557	0	6	0	1	3	0	2	72	550	1	1	0
558	1	5	0	4	3	0	0	93	543	1	2	0
559	21	4	0	1	3	0	2	391	33	2	1	1
560	1	4	0	1	3	0	0	391	43	1	2	0
561	2	2	0	2	3	0	3	159	55	2	2	0
562	16	1	0	3	0	0	2	159	200	2	2	0
563	16	2	0	1	3	0	3	195	90	2	1	0
564	17	5	0	3	3	0	1	414	82	2	2	0
565	14	3	0	1	0	0	1	414	397	1	1	0
566	14	0	0	1	0	0	2	339	16	1	2	0
567	2	0	0	1	3	0	1	324	693	2	2	0
568	3	2	0	1	0	0	0	419	577	3	2	0
569	2	1	0	4	3	0	3	502	201	2	2	0
570	23	3	0	1	3	0	3	370	543	1	2	0
571	7	0	0	2	1	0	2	461	241	1	2	0
572	18	6	0	2	1	0	3	324	217	4	2	0
573	3	3	0	2	1	0	2	335	689	2	2	0
574	14	5	0	3	0	0	1	370	510	2	2	0
575	18	1	0	3	1	0	1	502	344	3	2	0
576	0	0	0	4	3	0	3	218	571	1	2	1
577	23	6	0	3	3	0	3	391	114	2	1	0
578	19	1	0	4	3	0	0	328	179	1	1	0
579	15	2	0	2	0	0	2	414	389	3	2	0
580	15	6	0	2	0	0	2	243	222	2	2	0
581	15	3	0	1	0	0	2	296	43	2	2	0
582	0	2	0	1	3	0	0	87	238	2	2	0
583	0	0	0	1	1	0	0	81	103	2	2	0
584	1	6	0	2	3	0	3	339	553	2	2	1
585	0	3	0	1	3	0	2	218	543	1	2	0
586	16	1	0	1	3	0	1	414	171	2	2	0
587	20	3	0	1	3	1	1	502	174	2	2	0
588	0	5	1	1	0	0	0	178	543	2	2	1
589	1	1	0	3	3	0	2	412	556	2	2	0
590	2	0	0	2	3	0	3	419	416	2	2	0
591	2	6	0	3	1	0	2	37	223	1	2	1
592	20	6	0	1	3	0	0	551	273	2	2	0
593	12	1	0	2	1	0	2	332	420	2	2	0
594	2	1	0	2	3	0	0	324	262	2	2	0
595	19	1	0	4	1	0	3	478	644	2	2	0
596	0	1	0	4	3	0	3	502	630	2	2	0
597	3	1	0	1	3	0	0	328	15	2	1	0
598	3	2	0	3	3	0	2	370	282	2	2	0
599	11	1	0	2	0	0	2	244	543	1	2	0
600	4	0	0	4	1	0	1	502	640	2	2	0
601	2	1	1	2	0	0	2	450	15	1	2	1
602	15	0	0	2	0	0	2	463	484	2	2	0
603	2	4	0	1	1	0	1	125	398	3	2	0
604	21	4	0	2	3	0	3	531	426	2	2	0
605	20	1	0	2	3	0	2	419	16	2	1	1
606	22	0	0	3	3	0	3	530	101	2	2	0
607	23	6	1	2	3	0	3	324	543	1	1	0
608	16	4	0	2	0	1	1	125	243	2	2	0
609	4	3	0	2	3	0	2	457	571	2	2	0
610	13	1	0	1	0	0	0	296	186	2	2	0
611	0	4	0	1	1	0	0	354	510	2	2	0
612	15	3	0	2	1	0	3	478	81	2	1	1
613	23	2	0	3	3	0	1	370	346	1	0	0
614	0	6	0	1	3	0	3	328	42	2	2	0
615	17	0	0	3	0	0	2	218	550	1	2	1
616	3	1	0	1	3	0	2	70	191	1	2	0
617	20	6	1	2	1	0	2	330	435	2	2	0
618	15	1	0	1	0	0	0	37	55	2	2	0
619	17	1	0	3	1	0	2	15	346	2	2	1
620	4	4	0	1	3	0	0	370	487	2	2	0
621	21	4	0	1	3	0	2	94	55	2	2	0
622	23	5	0	1	3	0	2	194	543	2	0	0
623	11	2	0	3	2	0	2	416	42	2	2	0
624	22	0	0	3	3	0	3	370	214	2	2	0
625	15	1	0	2	0	0	3	370	284	2	2	0
626	3	2	0	1	3	0	2	374	588	1	2	0
627	4	0	0	2	1	0	0	414	694	2	2	0
628	18	0	0	4	1	0	2	478	3	2	2	0
629	4	6	1	2	0	0	3	414	130	1	2	1
630	15	2	0	1	1	0	2	502	255	2	2	0
631	20	1	0	2	1	0	2	192	214	2	2	0
632	20	1	0	3	1	0	2	392	571	3	2	0
633	12	1	0	2	0	0	2	271	101	2	2	0
634	0	2	0	2	3	0	2	328	520	1	1	1
635	19	2	0	1	3	0	2	416	587	2	0	0
636	16	0	0	2	0	0	2	459	223	1	2	1
637	0	0	0	1	3	0	2	330	119	2	2	0
638	2	1	0	4	1	0	3	414	257	2	2	0
639	11	2	0	2	2	0	2	218	644	2	2	0
640	23	4	0	3	3	0	3	370	426	2	2	0
641	2	6	1	2	1	1	1	550	1	2	2	0
642	1	0	0	1	3	0	0	172	55	1	2	0
643	13	4	0	3	0	1	0	4	118	1	2	0
644	14	0	0	1	0	0	3	324	1	3	2	0
645	15	1	0	1	0	0	0	328	170	2	2	0
646	18	1	0	3	1	0	2	370	543	1	2	0
647	19	4	0	2	1	0	2	141	3	2	2	0
648	0	5	0	3	3	0	2	93	341	2	2	0
649	15	2	0	2	0	1	1	502	47	2	2	0
650	23	6	0	3	3	0	2	384	543	1	2	0
651	23	6	0	3	3	0	2	550	606	2	2	0
652	0	0	0	1	3	1	0	414	496	2	2	0
653	17	4	0	1	1	0	2	553	543	1	0	0
654	2	1	0	3	3	0	1	218	388	2	2	0
655	0	5	1	4	3	0	3	179	55	1	2	0
656	2	3	0	3	3	0	2	45	595	2	2	0
657	0	4	0	1	0	0	0	108	257	2	2	0
658	21	4	0	2	3	0	2	324	366	2	2	0
659	1	0	0	2	3	0	2	370	15	2	1	1
660	16	3	0	1	3	0	2	328	432	1	1	1
661	6	3	0	4	2	0	1	125	55	3	2	0
662	21	3	0	1	3	0	3	218	55	2	2	0
663	1	3	0	1	3	0	0	81	289	2	2	0
664	3	0	0	3	3	0	0	121	241	2	2	0
665	2	4	0	2	3	0	2	78	543	2	2	1
666	5	1	0	2	0	0	0	391	432	1	1	0
667	14	0	0	2	0	0	2	391	637	3	2	0
668	0	5	1	2	3	0	1	324	594	2	2	0
669	19	2	0	1	1	0	3	478	364	2	2	1
670	16	5	0	4	3	0	3	280	543	1	2	0
671	2	0	0	2	3	0	0	218	496	2	1	0
672	0	2	0	4	3	0	2	518	241	2	2	0
673	3	1	0	4	3	0	2	159	318	2	2	0
674	15	0	0	3	0	0	3	414	42	2	2	0
675	23	4	0	3	1	0	2	37	170	2	2	0
676	21	0	0	1	3	1	0	370	3	2	2	0
677	1	3	0	3	3	0	2	36	625	2	2	1
678	22	1	0	4	3	0	3	416	304	2	2	0
679	2	1	0	3	3	0	2	419	122	2	2	1
680	1	2	0	2	1	0	3	16	565	1	2	1
681	2	3	0	3	3	0	2	370	661	2	2	0
682	6	2	0	1	0	0	3	453	171	1	2	0
683	18	0	0	3	1	0	0	324	543	2	2	0
684	1	5	1	3	3	0	3	107	479	2	2	0
685	2	0	0	1	3	1	1	416	33	2	2	0
686	6	0	0	3	1	0	2	196	281	2	2	0
687	19	1	0	2	1	0	2	429	328	2	2	0
688	14	1	0	1	0	0	0	67	241	1	2	1
689	2	0	0	2	3	0	2	72	309	2	2	0
690	3	1	0	1	3	0	3	324	90	1	1	0
691	6	2	0	3	3	0	2	419	244	1	2	1
692	15	6	0	3	0	0	2	218	81	2	2	1
693	4	3	0	3	3	0	2	391	491	2	2	0
694	16	6	1	3	3	0	3	218	119	1	2	0
695	2	5	0	2	3	0	2	502	90	2	0	0
696	16	5	1	3	0	0	3	159	241	2	2	0
697	3	0	0	3	3	0	2	80	541	2	2	0
698	16	1	0	3	3	0	2	370	241	1	2	1
699	22	0	0	3	3	0	2	391	378	2	2	0
700	18	3	0	4	1	0	2	84	40	2	2	0
701	13	2	0	3	0	0	0	343	101	2	2	0
702	22	5	1	2	3	0	3	220	48	2	2	0
703	1	5	0	3	3	0	2	370	543	2	1	1
704	23	4	0	3	3	0	2	43	241	1	2	0
705	6	1	0	1	0	0	2	296	43	2	2	0
706	14	6	1	2	0	0	3	478	318	2	2	0
707	5	0	0	3	3	0	3	125	432	3	1	1
708	22	0	0	1	3	0	2	324	571	3	2	0
709	2	6	1	3	3	0	3	13	606	2	2	0
710	2	0	0	4	0	0	1	218	543	2	2	1
711	21	6	0	1	3	0	2	378	16	1	2	0
712	3	6	1	2	3	0	2	149	130	1	2	1
713	4	1	0	1	3	0	0	478	43	2	2	0
714	7	3	0	2	0	0	3	246	55	1	2	0
715	1	1	0	1	3	1	1	125	684	2	2	0
716	23	2	0	2	3	0	3	218	324	2	1	0
717	1	0	0	1	3	0	2	414	485	2	2	0
718	14	3	0	2	0	0	0	370	304	2	2	0
719	2	0	0	1	1	0	3	4	294	2	2	0
720	15	6	0	1	3	0	2	139	543	2	2	0
721	16	2	0	3	1	0	3	296	241	1	2	1
722	17	3	0	3	3	0	2	218	543	1	2	0
723	0	5	0	3	3	0	0	478	543	2	0	1
724	12	5	1	1	0	1	0	48	222	2	2	0
725	0	4	0	1	3	0	2	478	68	2	2	0
726	0	1	0	1	3	0	0	324	485	2	2	0
727	19	2	0	1	1	0	1	304	496	2	2	0
728	20	0	0	1	1	0	2	159	453	2	2	0
729	16	4	0	2	3	0	2	328	214	2	2	0
730	3	2	0	3	3	0	2	502	198	2	2	0
731	0	5	0	2	3	0	2	232	90	2	1	1
732	0	2	0	4	3	0	2	419	214	2	1	1
733	16	0	0	2	3	1	0	370	571	2	2	0
734	13	0	0	1	3	0	2	370	318	3	2	0
735	12	2	0	2	0	0	3	107	661	2	2	0
736	2	2	0	3	3	0	3	324	426	2	2	0
737	20	2	0	1	1	1	1	125	661	2	2	0
738	3	5	0	2	3	0	1	456	377	2	2	0
739	2	6	1	3	0	0	0	414	55	2	2	0
740	7	2	0	1	2	0	2	125	241	1	2	0
741	0	6	0	2	3	0	3	54	340	2	1	1
742	7	0	0	1	0	1	0	328	660	2	2	0
743	0	0	0	1	3	0	2	330	496	1	2	0
744	14	2	0	3	0	1	0	414	651	2	2	0
745	0	0	0	2	3	0	3	416	520	2	1	0
746	19	2	0	1	1	0	3	306	543	2	2	0
747	0	0	0	2	1	0	3	521	115	2	2	0
748	0	1	0	3	3	0	3	502	214	1	2	0
749	4	4	0	1	3	0	3	502	306	2	2	0
750	3	6	0	2	3	0	2	244	123	1	2	0
751	14	0	0	2	0	0	1	45	3	2	2	0
752	1	1	0	1	1	0	1	25	124	2	2	0
753	1	1	0	2	3	0	0	502	543	1	0	1
754	23	6	0	1	3	0	2	548	624	1	2	1
755	15	1	0	3	3	0	3	218	426	2	2	0
756	4	2	0	2	3	0	1	72	571	2	2	0
757	13	3	0	2	0	0	2	328	432	3	1	1
758	3	3	0	4	3	1	0	502	571	2	2	0
759	21	6	0	3	3	1	0	414	496	2	2	1
760	1	5	0	2	3	0	2	522	55	2	2	0
761	16	3	0	2	0	0	3	370	43	2	2	0
762	1	0	0	1	3	0	1	419	309	2	2	0
763	15	0	0	1	1	0	0	139	543	2	1	1
764	20	3	0	1	1	0	0	164	241	1	2	1
765	1	2	0	3	3	0	2	558	543	2	1	1
766	4	2	1	2	0	0	0	391	130	1	2	0
767	16	5	0	1	0	0	2	149	215	2	2	0
768	18	0	0	3	0	0	2	527	543	1	2	0
769	11	1	0	1	1	0	2	532	284	2	2	0
770	15	0	0	1	3	0	3	330	322	1	2	1
771	13	3	0	3	0	0	2	478	283	1	2	0
772	15	5	1	1	0	0	2	502	43	2	2	0
773	1	1	0	1	3	0	0	419	51	2	1	1
774	5	5	1	2	3	0	2	391	571	2	2	0
775	11	0	0	4	2	0	3	326	196	1	2	0
776	2	6	0	1	3	0	2	370	262	2	2	0
777	1	6	0	3	3	0	0	398	58	2	1	1
778	12	3	0	2	0	0	2	218	550	1	2	0
779	15	3	0	1	0	1	1	414	229	2	2	0
780	18	4	0	1	1	0	0	370	543	2	2	0
781	18	1	0	2	3	0	3	478	420	2	2	0
782	18	6	0	1	1	0	2	414	51	2	1	1
783	22	1	0	1	3	0	3	548	304	2	2	0
784	17	6	0	3	3	0	2	419	296	2	2	1
785	2	1	0	3	0	0	0	37	560	2	2	0
786	19	1	0	2	3	0	2	37	548	1	2	1
787	5	5	1	1	2	0	1	179	33	2	2	0
788	17	6	1	4	1	0	0	478	130	1	2	0
789	0	6	0	4	3	0	2	463	241	2	0	0
790	2	0	0	2	1	0	2	502	543	1	2	0
791	0	0	0	1	3	1	1	125	543	1	2	0
792	17	0	0	3	1	0	3	203	71	2	2	0
793	2	2	0	3	3	0	3	218	571	2	2	0
794	1	3	0	3	3	0	1	478	505	2	2	0
795	15	5	1	3	0	0	2	180	378	2	2	0
796	18	6	0	2	3	0	2	324	606	2	1	1
797	21	2	0	1	3	0	3	502	55	2	2	0
798	14	1	0	2	3	0	2	505	346	1	2	1
799	21	2	0	3	3	0	3	218	629	2	2	0
800	1	6	0	2	3	0	3	125	382	2	2	0
801	0	5	1	3	1	0	2	61	174	2	2	0
802	0	4	0	3	3	1	0	125	543	2	2	1
803	15	2	0	2	3	0	2	370	543	1	2	0
804	5	1	0	1	1	0	1	461	543	1	2	1
805	1	6	0	1	3	0	2	61	543	2	1	1
806	15	5	0	3	3	0	3	463	143	2	2	0
807	0	5	0	2	3	0	2	370	496	1	2	1
808	22	2	0	2	3	0	3	328	631	2	2	0
809	1	1	0	2	3	0	2	450	223	2	2	0
810	1	2	0	3	3	0	0	149	359	2	2	0
811	1	2	0	1	3	1	0	324	597	2	2	0
812	3	0	1	2	3	0	0	383	378	2	2	0
813	0	0	0	2	3	0	3	419	464	2	2	0
814	1	0	0	1	3	1	0	218	304	1	2	0
815	0	2	0	1	3	0	1	414	34	2	0	1
816	13	5	0	2	1	0	2	502	640	2	2	0
817	18	2	0	2	3	0	2	197	55	1	2	0
818	3	2	0	1	3	0	0	328	304	1	2	0
819	4	1	0	2	3	0	3	502	378	2	2	0
820	19	5	1	2	1	0	2	259	496	1	2	0
821	14	0	0	1	1	0	0	169	241	2	2	0
822	20	4	0	1	1	0	2	288	214	2	2	0
823	1	5	1	3	3	0	0	383	401	2	2	0
824	14	2	0	4	0	0	0	37	225	2	2	0
825	18	0	0	3	1	0	3	414	530	2	2	0
826	14	2	0	1	0	0	0	370	587	2	2	0
827	0	1	0	3	3	0	2	169	241	2	2	0
828	19	2	0	2	0	0	3	527	128	2	2	0
829	21	2	0	1	3	1	1	125	304	1	2	0
830	17	0	0	1	1	0	3	478	639	2	2	0
831	19	6	0	1	3	0	0	328	317	2	2	0
832	0	6	0	1	3	0	2	478	496	2	0	0
833	9	2	0	2	0	0	3	324	588	1	2	0
834	2	6	1	4	3	0	2	391	606	2	1	0
835	12	0	0	2	3	0	2	478	222	1	2	0
836	13	1	0	1	0	0	1	374	217	3	2	0
837	15	4	1	3	0	0	3	461	543	1	2	0
838	6	2	0	1	3	0	0	419	241	2	2	1
839	1	4	0	1	3	0	2	230	241	2	2	0
840	18	4	0	3	3	0	3	37	51	1	0	1
841	3	2	0	2	0	0	0	328	95	2	1	1
842	0	1	0	3	3	0	1	475	81	1	2	0
843	14	0	0	3	3	0	2	391	309	2	2	0
844	15	2	0	2	0	0	2	478	43	2	2	0
845	3	5	0	1	3	0	3	502	433	2	0	1
846	13	5	1	1	0	0	2	416	443	2	2	0
847	14	2	0	3	0	0	2	508	294	2	2	0
848	11	0	0	1	0	0	0	478	94	2	2	0
849	23	3	0	3	3	0	2	81	51	2	1	0
850	1	6	0	3	3	0	2	415	51	1	1	0
851	13	5	0	3	3	0	3	370	553	2	2	0
852	0	0	0	1	0	0	2	190	309	2	2	0
853	23	0	0	4	3	0	3	137	3	2	2	0
854	15	1	0	1	0	0	0	538	496	2	2	0
855	1	1	0	2	2	0	2	478	46	2	2	0
856	1	0	0	1	3	0	0	391	322	1	2	0
857	20	0	0	4	1	0	2	271	55	3	2	0
858	0	4	0	3	3	0	2	324	543	2	1	1
859	13	1	0	1	1	0	3	302	464	2	2	0
860	3	2	0	4	0	0	2	323	571	3	2	0
861	3	4	0	1	3	0	2	502	553	2	1	0
862	23	1	0	1	3	1	1	218	571	2	2	0
863	3	3	0	3	3	0	2	125	123	2	2	0
864	0	5	0	2	3	0	2	214	241	2	2	0
865	4	1	0	1	1	0	3	461	16	2	1	1
866	17	2	0	4	1	0	2	328	57	2	2	0
867	7	1	0	3	1	0	2	419	43	2	2	0
868	0	0	0	2	3	0	0	370	241	2	2	1
869	17	4	0	1	1	0	1	502	432	1	1	0
870	3	2	0	3	3	1	2	502	483	2	2	0
871	23	6	1	3	3	0	3	123	543	1	2	0
872	4	6	0	3	3	0	0	125	344	3	2	0
873	16	1	0	1	0	0	2	562	273	3	2	0
874	12	1	0	1	0	0	1	245	571	1	2	0
875	5	5	1	4	0	0	2	153	314	2	2	0
876	2	4	0	1	3	0	2	378	585	1	0	0
877	4	0	0	1	1	0	2	391	282	2	2	0
878	3	2	0	2	3	0	1	125	496	2	2	1
879	18	0	0	4	0	0	0	370	3	2	2	0
880	1	4	0	2	3	0	1	522	201	1	2	0
881	18	3	0	2	0	0	3	370	309	2	2	0
882	19	3	0	1	1	0	3	478	543	1	2	0
883	0	4	0	2	0	0	2	202	548	2	2	1
884	12	0	0	2	0	0	2	324	318	2	2	0
885	0	2	0	2	3	0	2	125	273	2	2	0
886	23	0	0	2	3	0	2	125	402	2	2	0
887	1	6	1	1	3	0	2	530	693	2	2	0
888	20	2	0	1	1	0	3	532	561	3	2	0
889	15	5	1	4	0	0	3	36	196	2	2	0
890	19	2	0	1	3	0	3	478	346	1	2	0
891	1	1	0	3	3	0	2	419	52	2	2	0
892	0	3	0	2	3	0	3	267	378	2	2	0
893	3	0	0	1	3	0	0	125	571	1	2	0
894	4	2	0	4	3	0	2	218	571	2	2	0
895	4	3	0	2	3	0	1	267	241	1	2	1
896	15	6	0	1	3	1	0	370	543	1	1	0
897	0	1	0	3	3	0	2	532	57	2	2	0
898	13	6	0	3	0	0	2	370	543	2	2	0
899	22	1	0	3	3	0	0	328	432	2	1	0
900	22	4	0	2	3	0	3	519	543	1	2	1
901	16	1	0	3	0	0	0	81	435	2	2	0
902	15	1	0	3	0	0	3	296	571	3	2	0
903	13	6	1	3	3	0	2	370	212	1	2	0
904	14	0	0	4	3	0	1	478	244	1	2	1
905	20	5	1	2	1	0	0	44	41	2	2	0
906	1	0	0	4	3	0	2	194	407	2	2	0
907	16	0	0	4	0	0	1	221	322	1	2	0
908	13	3	0	2	1	0	2	370	284	2	2	0
909	1	5	0	3	3	0	2	448	571	2	2	0
910	1	2	0	1	1	0	2	334	378	4	2	0
911	15	1	0	1	0	0	0	200	294	2	2	0
912	6	2	0	1	1	0	3	502	378	2	2	0
913	5	3	0	4	3	0	0	370	180	1	2	0
914	19	4	0	2	1	0	2	425	22	2	2	0
915	14	3	0	2	0	0	2	425	81	1	2	0
916	4	2	0	3	3	0	2	37	462	2	2	0
917	14	6	1	1	0	0	2	37	530	2	2	0
918	19	5	1	3	1	1	0	414	629	2	2	0
919	2	1	0	3	3	0	2	339	284	2	2	0
920	0	5	0	3	3	1	1	328	640	2	2	0
921	1	6	0	1	3	0	1	370	90	1	2	0
922	0	0	0	1	0	0	0	370	627	1	2	0
923	2	1	0	1	3	0	2	502	432	1	1	1
924	0	3	0	2	3	0	2	324	318	2	2	0
925	5	5	1	2	1	0	3	4	378	2	2	0
926	22	0	0	2	0	0	2	208	571	2	2	0
927	17	4	0	1	1	0	0	156	572	2	2	0
928	15	1	0	2	0	1	1	159	571	2	2	0
929	12	0	0	3	0	0	2	249	89	2	2	0
930	20	0	0	2	3	0	1	289	169	2	2	0
931	21	1	0	1	0	0	0	550	538	2	2	0
932	1	6	1	3	3	0	0	444	241	1	2	0
933	2	3	0	2	3	0	3	419	55	2	2	0
934	13	2	0	3	0	0	2	502	543	1	2	1
935	15	4	0	3	3	0	2	378	273	1	2	0
936	18	5	0	3	1	0	2	328	299	2	2	1
937	6	1	0	1	1	0	1	444	13	2	2	0
938	7	3	0	3	0	0	3	502	46	2	2	0
939	1	5	0	4	3	0	2	218	543	2	1	1
940	17	0	0	4	1	0	2	125	272	3	2	0
941	1	5	0	3	3	0	2	478	543	1	2	0
942	1	6	1	3	1	0	0	226	550	1	2	0
943	18	3	0	4	1	0	3	370	281	2	2	0
944	5	5	0	1	3	0	2	391	3	2	2	0
945	22	1	0	3	3	0	2	551	543	1	2	0
946	20	0	0	2	1	1	1	391	294	2	2	0
947	19	4	0	2	1	0	2	419	147	2	2	0
948	17	3	0	3	0	0	2	372	284	2	2	0
949	2	4	0	3	1	0	2	296	536	2	2	0
950	2	1	0	1	3	0	3	218	294	2	2	0
951	2	5	0	3	3	0	2	218	496	1	2	1
952	5	3	0	1	0	0	3	502	186	2	2	0
953	2	3	0	1	3	0	2	502	303	2	2	0
954	1	0	0	2	0	0	2	45	55	3	2	0
955	20	1	0	1	3	0	1	391	571	2	2	0
956	2	0	0	1	1	0	2	218	496	1	2	0
957	15	3	0	2	0	0	2	546	426	2	2	0
958	19	1	0	1	1	0	1	414	660	2	2	0
959	1	2	0	1	3	1	1	454	43	1	2	0
960	3	4	0	1	3	0	2	478	115	2	2	0
961	4	1	0	3	3	0	2	502	571	2	2	0
962	1	3	0	3	3	0	2	478	20	2	2	0
963	23	3	0	4	3	0	2	86	467	2	2	0
964	1	5	1	3	1	0	3	81	318	2	2	0
965	20	0	0	1	1	0	0	502	635	2	2	0
966	15	0	0	4	0	0	2	416	377	2	2	1
967	18	4	0	3	3	0	0	370	322	1	2	0
968	3	2	0	4	0	0	0	121	145	2	2	0
969	0	6	0	3	3	0	3	370	543	2	1	1
970	4	6	0	2	3	0	3	2	543	2	1	1
971	18	0	0	2	1	0	3	478	483	2	2	0
972	1	4	0	3	3	0	3	391	194	2	2	0
973	0	6	0	4	3	0	2	252	401	2	2	1
974	7	5	1	1	1	0	1	125	496	2	2	0
975	2	0	0	2	3	0	0	330	170	2	2	0
976	8	2	0	4	0	1	0	271	16	2	1	1
977	1	0	0	3	0	0	2	370	543	1	2	0
978	1	0	0	1	3	0	3	414	55	2	2	0
979	18	5	1	3	3	0	0	110	571	2	2	0
980	3	4	0	1	3	0	2	125	543	2	0	0
981	13	0	0	2	0	0	2	125	200	2	2	0
982	18	0	0	1	3	0	2	502	130	2	2	0
983	4	2	0	3	0	0	3	328	553	2	2	0
984	23	0	0	1	3	0	0	478	115	2	2	1
985	0	2	0	2	3	0	2	370	587	2	2	1
986	1	2	0	1	3	0	3	374	629	2	2	0
987	17	3	0	4	1	0	2	218	315	1	2	1
988	2	6	0	4	3	0	2	37	543	2	1	1
989	22	6	0	3	3	0	2	81	543	2	1	1
990	19	0	0	1	3	0	1	68	28	2	2	0
991	20	6	1	3	1	0	3	414	130	1	2	1
992	19	4	0	3	1	0	3	218	284	2	2	0
993	13	3	0	3	0	0	3	416	229	2	2	0
994	3	3	0	1	3	0	0	502	378	2	2	0
995	16	1	0	1	3	0	2	43	55	2	2	0
996	1	0	0	3	0	0	1	546	317	2	2	0
997	23	6	0	2	3	0	2	463	16	2	1	0
998	20	4	0	1	1	0	3	370	239	2	2	0
999	11	1	0	1	1	0	0	328	15	1	2	0
1000	1	4	0	3	3	0	2	550	55	2	2	0
1001	4	2	0	3	3	0	1	324	571	1	2	0
1002	16	0	0	3	0	0	2	185	422	3	2	0
1003	1	0	0	2	3	0	3	406	432	2	1	1
1004	16	5	1	4	0	0	2	218	639	2	2	0
1005	19	1	0	4	1	0	3	414	550	1	2	0
1006	2	1	0	3	3	0	2	374	426	1	2	0
1007	21	0	0	3	0	0	3	478	388	2	2	0
1008	17	5	1	2	0	0	3	309	16	1	2	0
1009	2	6	0	2	1	0	2	82	426	2	2	0
1010	1	2	0	3	3	0	3	159	294	2	2	0
1011	1	2	0	2	3	0	3	425	543	2	2	0
1012	19	1	0	3	3	0	2	218	37	2	2	0
1013	2	6	0	2	3	0	2	328	615	2	1	0
1014	13	3	0	2	0	1	1	370	614	2	2	0
1015	18	0	0	2	1	0	3	389	545	2	2	0
1016	15	0	0	2	0	0	2	391	41	2	2	0
1017	15	0	0	1	0	0	2	81	642	2	2	0
1018	16	0	0	1	0	0	2	324	81	1	2	0
1019	3	2	0	3	3	0	0	218	440	2	2	0
1020	0	4	0	1	0	0	0	271	426	2	2	0
1021	21	0	0	1	3	0	2	514	119	2	2	1
1022	13	0	1	4	0	0	2	5	620	2	2	0
1023	1	2	0	3	3	0	2	370	15	2	1	1
1024	2	2	0	2	3	0	0	226	590	2	2	0
1025	4	3	0	2	1	0	2	235	217	3	2	0
1026	18	3	0	1	1	0	1	324	15	2	2	0
1027	2	0	0	2	3	0	3	370	432	2	1	1
1028	13	5	0	3	0	0	2	370	543	2	2	0
1029	18	6	0	2	3	0	2	243	598	2	1	0
1030	1	0	0	3	3	0	2	419	222	2	2	0
1031	15	4	0	1	3	0	0	370	543	2	2	1
1032	2	2	0	4	3	0	3	370	94	1	2	0
1033	0	4	0	1	3	0	3	246	328	2	2	0
1034	4	5	1	1	3	0	3	502	496	1	2	0
1035	16	6	0	1	0	0	2	357	483	2	2	0
1036	14	0	0	2	1	0	3	414	170	2	2	0
1037	5	2	0	2	0	0	2	391	170	2	2	0
1038	16	5	1	3	1	0	3	461	432	2	1	1
1039	2	1	0	2	3	0	2	328	94	2	2	0
1040	21	2	0	3	0	0	2	478	426	1	2	0
1041	3	1	0	3	0	0	0	328	309	2	2	0
1042	1	6	0	4	3	0	2	398	241	2	2	0
1043	0	6	1	1	3	0	2	328	119	1	2	0
1044	0	2	0	1	3	1	1	391	294	2	2	0
1045	2	0	0	1	3	0	2	370	16	2	1	1
1046	1	5	1	1	3	0	1	420	6	2	1	0
1047	0	4	0	2	1	0	2	391	580	2	2	0
1048	2	5	0	4	3	0	2	378	241	1	2	1
1049	12	5	1	4	0	0	1	93	373	2	2	0
1050	21	2	0	1	3	0	2	108	419	2	2	0
1051	13	0	0	4	0	0	2	476	241	1	2	0
1052	2	2	0	3	3	0	2	244	553	2	2	0
1053	0	6	0	2	3	0	2	174	223	1	2	0
1054	4	6	1	3	3	0	3	429	426	2	2	0
1055	1	5	0	4	3	0	2	159	392	1	2	0
1056	15	0	0	4	0	0	2	454	309	2	2	0
1057	4	3	0	1	0	1	1	480	273	2	2	0
1058	19	4	0	4	1	0	2	419	294	2	2	0
1059	4	2	0	3	3	0	3	125	294	3	2	0
1060	2	0	0	1	3	0	2	374	550	1	2	0
1061	18	1	0	2	1	0	2	61	88	1	2	0
1062	15	5	1	1	3	0	3	142	33	2	1	0
1063	3	0	0	1	3	0	2	226	543	2	1	0
1064	0	1	0	4	1	0	0	324	214	1	2	0
1065	18	1	0	1	1	0	3	125	101	2	2	0
1066	16	0	0	3	0	0	2	419	43	2	2	0
1067	2	0	0	4	3	0	0	502	377	2	2	0
1068	18	1	0	3	1	0	2	398	196	2	2	0
1069	17	5	1	3	1	0	3	370	81	2	0	0
1070	2	0	0	4	2	0	0	414	241	2	2	0
1071	12	2	0	4	0	0	1	370	571	1	2	0
1072	0	2	0	2	3	0	3	391	266	2	2	0
1073	1	3	0	2	0	1	0	324	315	1	0	0
1074	20	5	0	3	1	0	2	389	241	2	2	0
1075	15	2	0	1	3	0	2	357	543	2	2	0
1076	17	2	0	4	1	1	1	218	33	2	2	0
1077	4	1	0	2	3	0	2	391	21	2	2	0
1078	2	2	0	3	1	0	3	8	426	2	2	0
1079	4	1	0	1	3	0	2	502	579	3	2	0
1080	9	0	0	1	2	0	1	125	571	3	2	0
1081	21	1	0	3	3	0	2	296	485	2	2	0
1082	15	5	1	3	0	0	3	310	216	2	2	0
1083	16	2	0	3	0	0	3	81	252	3	2	0
1084	3	2	0	4	1	0	0	370	571	4	2	0
1085	14	3	0	3	1	0	3	370	284	2	2	0
1086	19	4	0	4	3	0	2	293	543	2	0	0
1087	5	5	1	1	1	0	2	179	434	2	2	0
1088	2	5	0	2	3	0	2	559	281	2	2	0
1089	15	1	0	2	3	0	3	370	208	2	2	0
1090	14	2	0	3	0	0	2	49	130	1	2	0
1091	16	5	0	4	1	0	3	496	543	2	2	0
1092	21	0	0	1	3	0	2	324	3	2	2	0
1093	0	6	0	1	3	0	2	377	543	1	0	0
1094	4	4	0	1	3	0	2	419	571	2	2	0
1095	1	2	0	2	3	0	3	37	548	2	2	0
1096	2	0	0	1	3	0	2	502	223	1	2	1
1097	4	3	0	2	3	0	0	218	543	1	2	0
1098	7	6	1	3	2	0	2	340	214	2	2	0
1099	1	5	0	3	0	0	2	370	471	2	2	0
1100	0	0	0	1	3	0	3	328	55	2	2	0
1101	16	1	1	3	3	0	2	387	543	1	1	1
1102	19	0	0	1	1	0	2	503	306	3	2	0
1103	3	0	0	2	3	0	3	218	241	1	2	0
1104	20	3	0	4	3	0	0	328	483	2	2	0
1105	2	6	0	2	0	0	3	502	318	1	2	0
1106	2	2	0	1	3	0	3	30	660	3	1	0
1107	15	1	0	4	3	1	0	218	652	1	2	0
1108	2	0	0	1	3	0	2	45	241	2	2	1
1109	18	1	0	4	1	0	3	328	241	2	2	1
1110	1	4	0	4	1	0	3	146	143	2	2	0
1111	13	1	0	4	0	0	2	502	32	2	2	0
1112	0	5	0	1	1	0	2	457	214	2	0	1
1113	2	2	0	1	3	0	0	414	660	2	2	0
1114	22	4	0	1	3	0	3	391	487	2	2	0
1115	20	2	0	4	3	0	1	414	615	2	1	1
1116	16	5	0	2	0	0	0	478	246	2	2	0
1117	18	1	0	1	1	0	0	370	571	3	2	0
1118	2	2	0	3	3	0	3	424	15	2	1	1
1119	1	6	0	2	3	0	2	37	598	2	1	1
1120	0	1	0	2	1	0	2	179	203	2	2	0
1121	23	5	1	1	3	0	2	391	284	2	2	0
1122	18	0	0	3	1	0	3	218	318	2	2	0
1123	14	3	0	4	0	0	2	370	408	2	2	0
1124	18	0	0	2	1	0	0	478	571	1	2	0
1125	0	1	0	2	3	0	3	218	324	2	0	0
1126	2	5	1	2	1	0	3	37	366	3	2	0
1127	1	3	0	2	3	0	2	391	580	2	2	0
1128	4	1	0	3	1	0	0	478	550	1	2	0
1129	21	4	0	3	3	0	0	48	543	1	2	0
1130	13	5	0	3	0	0	2	397	45	2	2	1
1131	2	2	0	3	3	0	3	370	32	2	2	0
1132	2	6	0	2	0	0	2	324	543	3	1	1
1133	0	0	0	2	3	0	0	444	571	3	2	0
1134	21	4	0	1	3	0	0	125	43	2	2	0
1135	3	0	0	2	1	0	3	69	167	2	2	0
1136	23	4	0	1	3	0	2	159	399	2	2	0
1137	3	1	0	1	3	0	3	521	629	2	2	0
1138	20	5	0	2	3	0	2	296	553	2	1	1
1139	0	3	0	1	3	0	2	324	585	1	2	0
1140	18	4	0	1	1	0	3	370	217	3	2	0
1141	22	5	1	3	3	0	2	35	543	1	2	0
1142	15	1	0	3	0	1	1	125	87	1	2	0
1143	23	6	0	1	3	0	0	218	82	2	2	0
1144	0	0	0	3	1	0	3	502	339	2	2	0
1145	0	5	1	4	3	0	2	103	3	2	2	0
1146	3	0	0	3	3	0	2	391	294	2	2	0
1147	0	0	0	3	3	0	2	522	496	1	2	0
1148	15	0	0	2	3	0	2	328	15	3	1	1
1149	1	1	0	1	1	0	2	15	294	2	2	0
1150	0	2	0	3	3	0	2	0	479	2	2	0
1151	0	6	0	4	3	0	2	125	342	3	1	0
1152	1	3	0	1	1	0	3	257	305	2	2	0
1153	1	3	0	3	3	1	0	125	587	2	2	0
1154	2	4	0	2	3	0	2	502	606	2	1	0
1155	19	1	0	1	1	0	2	218	42	2	2	0
1156	13	0	0	1	0	0	3	5	72	2	2	0
1157	2	0	0	1	3	0	2	65	90	1	2	1
1158	12	2	0	2	0	0	0	508	43	2	1	0
1159	2	0	0	2	2	0	0	334	115	2	2	0
1160	0	0	0	1	3	1	1	324	130	1	2	1
1161	18	1	0	1	1	0	2	370	543	1	2	0
1162	23	5	0	1	3	0	3	391	216	2	2	0
1163	17	6	1	2	3	0	0	218	364	1	0	0
1164	1	3	0	3	3	0	2	370	117	1	2	0
1165	1	2	0	2	3	0	2	183	55	2	2	0
1166	1	0	0	3	3	0	2	414	379	2	2	1
1167	1	0	0	3	1	0	3	305	269	2	2	0
1168	17	0	0	2	1	0	2	551	543	2	0	0
1169	0	2	0	3	3	0	1	37	15	3	1	1
1170	15	5	1	3	0	0	2	478	15	2	1	1
1171	21	4	0	3	3	0	0	419	655	2	2	0
1172	17	1	0	4	1	0	2	370	109	2	2	0
1173	2	0	0	1	0	1	1	370	16	3	1	0
1174	19	4	0	1	1	0	3	139	284	2	2	0
1175	3	0	0	2	3	0	0	502	317	2	2	0
1176	22	5	1	2	3	0	1	73	420	2	2	0
1177	1	5	1	3	3	0	3	37	43	2	2	0
1178	19	5	0	2	3	0	2	324	284	3	2	0
1179	15	5	0	1	3	0	0	502	90	1	1	0
1180	20	1	0	4	3	0	2	159	55	2	2	0
1181	14	1	0	2	0	0	2	224	543	2	2	0
1182	3	2	0	3	3	0	3	222	179	1	2	0
1183	0	4	0	1	3	0	2	502	82	1	2	0
1184	14	4	0	2	0	0	3	72	518	2	2	0
1185	16	4	0	2	0	0	3	391	294	2	2	0
1186	14	4	0	1	0	1	1	551	241	2	1	1
1187	13	1	0	4	0	0	2	416	294	2	2	0
1188	5	3	0	1	1	0	0	116	48	2	2	0
1189	21	5	1	2	3	0	2	423	130	1	2	0
1190	0	6	1	4	1	0	3	502	426	2	2	0
1191	2	0	1	2	0	0	3	515	543	2	1	0
1192	3	2	0	1	1	0	0	218	432	1	1	1
1193	16	2	0	3	0	0	2	269	543	2	0	0
1194	17	5	1	2	1	1	1	76	306	3	2	0
1195	17	6	1	2	1	0	3	114	130	1	0	0
1196	1	5	0	4	3	0	2	360	666	2	2	1
1197	23	3	0	2	3	0	2	551	341	2	2	0
1198	0	2	0	1	3	0	3	328	309	2	2	0
1199	2	1	0	3	3	0	2	551	550	2	0	0
1200	14	3	0	2	0	0	2	218	241	2	2	1
1201	2	1	0	1	3	0	1	218	214	2	1	1
1202	19	0	0	3	3	0	3	92	103	2	2	0
1203	18	3	0	3	3	0	2	370	87	1	0	0
1204	14	4	0	3	0	0	0	442	381	2	2	0
1205	16	2	0	2	0	0	3	478	282	2	2	0
1206	1	0	0	3	3	0	3	37	284	2	2	0
1207	1	1	0	2	3	0	1	275	130	1	2	0
1208	4	5	0	3	3	0	0	414	94	2	2	1
1209	17	3	0	2	3	0	2	37	241	1	2	1
1210	15	1	0	1	0	0	2	37	571	2	2	0
1211	11	3	0	3	2	0	2	61	497	2	2	0
1212	0	0	0	1	3	1	0	324	234	2	2	0
1213	1	3	0	2	3	0	0	370	284	2	2	0
1214	2	0	0	2	3	0	1	328	587	2	2	0
1215	1	0	0	4	3	0	3	100	241	2	2	0
1216	2	2	0	4	3	0	2	391	294	2	2	0
1217	0	6	0	3	3	1	1	218	226	2	2	0
1218	18	6	1	3	3	0	2	327	241	2	1	1
1219	1	0	0	4	0	0	2	7	570	2	2	0
1220	5	2	0	1	3	0	1	296	51	1	2	0
1221	22	1	0	2	3	0	0	496	241	2	2	0
1222	0	2	0	4	0	0	3	370	486	2	2	0
1223	1	0	0	1	3	0	2	416	548	2	1	1
1224	1	4	0	2	3	0	2	502	241	1	2	1
1225	2	4	0	1	3	0	0	346	550	1	2	1
1226	3	4	0	1	3	0	0	125	94	2	1	1
1227	15	6	1	1	0	0	2	227	241	1	2	0
1228	1	4	0	4	3	0	3	142	321	2	2	0
1229	21	2	0	1	3	0	2	229	571	3	2	0
1230	21	3	0	1	3	1	1	502	198	2	2	0
1231	15	1	0	3	0	0	3	370	101	2	2	0
1232	16	4	1	4	0	0	2	350	498	2	2	0
1233	17	1	0	1	1	0	2	241	284	2	2	0
1234	14	5	1	1	3	0	3	289	3	2	2	0
1235	15	4	1	3	0	0	2	478	50	2	2	0
1236	3	2	0	2	0	0	0	502	556	2	2	0
1237	7	5	1	2	0	0	1	81	16	1	0	1
1238	22	6	0	1	3	0	1	324	543	1	2	0
1239	4	4	0	1	3	0	3	234	287	2	2	0
1240	20	0	0	3	3	0	2	478	543	2	0	0
1241	13	4	0	2	1	0	2	76	234	4	2	0
1242	18	5	1	4	1	0	2	218	378	2	2	0
1243	17	1	0	1	1	0	2	81	666	1	2	1
1244	17	3	0	1	1	0	3	41	43	2	2	0
1245	15	1	0	1	3	0	3	370	543	3	1	0
1246	2	1	0	1	3	0	3	409	90	1	2	0
1247	21	5	0	4	3	0	2	370	432	2	1	0
1248	17	1	0	1	1	0	0	324	42	2	2	0
1249	3	5	1	2	3	0	2	423	550	1	2	0
1250	16	1	0	1	0	0	2	45	512	2	2	0
1251	4	2	0	3	3	0	2	502	241	1	2	0
1252	4	2	0	4	3	1	1	125	543	1	0	0
1253	16	1	0	4	0	0	3	328	55	1	2	0
1254	4	2	1	3	3	0	2	532	322	2	2	0
1255	5	5	1	1	3	0	3	478	294	2	2	0
1256	17	2	0	1	1	0	3	419	510	2	2	0
1257	8	1	0	1	1	1	0	81	257	2	2	0
1258	3	2	0	2	3	0	3	202	55	2	2	0
1259	3	1	0	1	3	0	2	370	543	2	1	0
1260	17	5	0	1	3	0	0	328	51	2	1	0
1261	16	4	0	1	0	0	0	109	145	2	2	0
1262	16	1	0	1	1	0	2	370	281	2	2	0
1263	19	6	0	4	3	0	2	328	90	1	2	1
1264	15	2	0	3	0	0	2	502	3	2	2	0
1265	0	2	0	1	3	0	2	463	543	2	2	0
1266	7	6	1	2	3	0	2	370	379	2	1	1
1267	22	3	0	1	3	0	2	391	169	1	0	0
1268	23	0	0	4	3	0	2	410	123	2	0	0
1269	0	6	1	1	3	0	0	391	598	3	1	1
1270	2	1	0	4	0	0	1	398	257	2	2	0
1271	2	2	0	1	0	0	2	486	222	1	2	0
1272	14	2	0	2	3	1	1	125	73	2	2	0
1273	2	0	0	2	3	0	0	125	223	2	2	0
1274	2	6	0	2	3	0	0	414	550	2	1	1
1275	5	2	0	2	3	0	0	370	660	1	2	0
1276	14	1	0	1	0	0	2	377	55	2	2	0
1277	19	2	0	4	3	0	3	324	543	3	2	0
1278	1	1	0	2	1	0	2	200	366	3	2	0
1279	3	5	1	1	3	0	2	502	96	2	2	0
1280	16	5	1	3	0	0	3	45	310	2	2	0
1281	17	1	0	3	1	0	0	296	3	2	2	0
1282	23	6	0	1	3	0	2	159	16	2	1	1
1283	4	2	0	1	3	0	3	370	241	1	2	0
1284	22	1	0	1	3	0	3	454	543	1	2	0
1285	2	3	0	4	3	0	2	566	543	1	2	0
1286	16	5	1	3	0	0	2	478	307	2	2	0
1287	0	3	0	4	3	0	2	164	41	2	2	0
1288	5	1	0	3	1	0	0	125	3	2	2	0
1289	19	4	0	2	3	0	0	328	223	1	2	1
1290	18	0	0	1	1	0	2	81	241	1	2	1
1291	22	0	0	1	3	0	2	391	214	2	2	0
1292	0	2	0	2	0	0	2	81	11	2	2	0
1293	20	6	0	3	3	0	2	74	550	2	1	1
1294	1	6	1	2	3	0	2	125	171	2	2	0
1295	1	2	0	2	3	0	1	125	259	2	1	0
1296	0	1	0	3	1	0	3	243	543	1	2	0
1297	4	0	0	2	3	0	0	502	340	3	1	1
1298	19	0	0	2	3	0	3	328	33	2	1	1
1299	21	4	0	3	3	0	3	269	43	2	2	0
1300	1	2	0	1	1	0	1	330	257	1	2	0
1301	2	3	0	1	3	0	2	4	117	2	2	0
1302	0	2	0	4	3	0	1	218	223	1	2	0
1303	15	6	0	3	0	0	2	478	241	2	2	1
1304	5	0	0	3	1	0	2	370	309	3	2	0
1305	1	5	1	4	3	0	2	81	576	2	2	0
1306	19	3	0	3	1	1	0	121	281	2	2	0
1307	15	1	0	4	0	0	2	457	632	2	2	0
1308	14	1	0	4	3	0	2	107	214	2	2	0
1309	5	4	0	1	0	0	2	502	284	2	2	0
1310	18	5	0	2	3	0	2	444	55	2	2	0
1311	7	6	1	1	2	0	1	125	402	2	2	0
1312	19	1	0	1	1	0	2	342	632	2	2	0
1313	23	4	0	3	3	0	2	282	432	2	1	1
1314	2	1	0	1	3	0	2	414	543	3	1	1
1315	6	0	0	1	2	0	2	324	512	2	2	0
1316	16	2	0	3	3	0	2	72	341	2	2	1
1317	17	0	0	3	3	0	2	478	3	2	2	0
1318	19	5	0	1	1	0	2	324	73	2	2	0
1319	0	3	0	3	3	0	2	497	487	2	2	0
1320	23	4	0	3	3	1	0	522	222	2	2	0
1321	18	1	0	2	1	0	0	502	550	1	2	0
1322	15	4	0	3	0	0	0	445	55	2	2	0
1323	14	6	0	3	3	0	2	370	81	2	1	1
1324	6	0	0	1	0	0	1	125	424	2	2	0
1325	1	6	0	1	3	0	3	127	51	2	1	0
1326	3	1	0	1	3	0	3	218	543	2	2	0
1327	4	4	0	1	0	0	1	81	145	2	2	0
1328	4	5	1	1	3	0	2	391	246	1	2	0
1329	17	2	0	1	1	0	0	550	314	2	2	0
1330	17	4	0	2	3	0	2	463	273	2	2	0
1331	20	3	0	3	1	0	2	13	51	2	1	0
1332	16	0	0	3	0	0	3	370	318	2	2	0
1333	20	6	1	2	1	0	2	43	624	2	2	0
1334	18	0	0	2	3	0	2	370	325	1	2	0
1335	1	6	1	1	1	0	1	370	587	1	2	0
1336	2	2	0	2	0	0	2	328	94	1	2	1
1337	16	6	0	3	0	0	2	461	241	2	0	1
1338	2	4	0	1	2	0	2	125	571	2	2	0
1339	15	3	0	1	3	0	1	478	543	1	2	0
1340	19	2	0	4	1	0	2	37	378	4	2	0
1341	2	4	0	3	0	1	1	478	463	2	2	0
1342	0	1	0	1	3	1	1	370	255	3	2	0
1343	12	6	0	3	3	0	2	370	214	2	2	0
1344	3	6	0	3	3	0	1	419	151	2	2	0
1345	13	2	0	2	0	0	0	324	281	2	2	0
1346	18	2	0	1	3	0	3	414	42	2	2	0
1347	19	4	0	1	1	0	1	550	106	2	2	0
1348	14	2	0	3	0	0	2	283	550	1	2	0
1349	22	4	0	1	3	0	3	259	571	2	2	0
1350	13	0	0	4	0	0	2	391	186	2	2	0
1351	1	6	0	1	3	0	2	370	625	2	2	0
1352	1	6	0	1	3	0	2	370	241	2	2	0
1353	1	0	0	2	3	0	2	436	606	2	1	0
1354	18	3	0	2	1	0	0	328	543	1	2	0
1355	19	1	0	2	3	0	2	502	543	2	1	1
1356	4	3	0	1	3	0	3	328	38	2	2	0
1357	1	0	0	3	0	0	0	60	401	2	2	0
1358	22	5	0	3	3	0	0	414	379	2	1	1
1359	0	1	0	3	3	0	2	37	317	3	2	0
1360	21	3	0	1	3	0	2	314	625	2	1	1
1361	13	1	0	3	0	0	2	111	241	2	2	0
1362	0	0	0	3	3	0	3	370	530	2	2	0
1363	1	3	0	3	3	0	3	179	378	2	2	0
1364	17	5	1	3	1	0	1	457	32	2	2	0
1365	1	6	1	3	3	0	2	330	214	2	2	0
1366	21	1	0	1	3	0	1	478	611	1	2	1
1367	16	6	1	4	0	0	3	0	255	1	2	0
1368	16	2	0	2	0	0	3	218	71	2	2	0
1369	13	0	0	1	0	1	1	370	518	2	2	0
1370	20	2	0	3	3	0	3	125	457	2	2	0
1371	0	3	0	1	3	0	0	370	398	4	2	0
1372	22	5	1	1	3	1	0	328	226	2	2	0
1373	13	0	0	2	0	0	3	370	42	2	2	0
1374	14	0	0	1	3	0	1	436	401	2	1	0
1375	22	3	0	1	3	0	3	218	241	1	2	0
1376	5	0	0	2	0	0	3	328	426	2	2	0
1377	2	2	0	2	3	0	0	324	55	3	2	0
1378	4	1	0	4	3	0	0	370	573	2	2	0
1379	17	2	0	3	1	0	0	324	34	1	2	1
1380	0	6	1	1	3	0	2	324	51	2	1	0
1381	21	5	0	4	3	0	2	391	123	1	2	0
1382	2	2	0	1	3	0	2	45	471	2	2	0
1383	23	6	1	3	3	1	1	108	194	1	2	0
1384	0	1	0	1	1	0	2	532	543	1	2	0
1385	1	0	0	3	3	0	2	218	123	1	2	0
1386	16	0	0	1	0	0	2	463	346	1	2	1
1387	2	0	0	2	3	0	2	324	145	2	2	0
1388	5	0	0	2	1	0	2	437	43	2	2	0
1389	8	6	1	1	0	0	1	480	3	2	2	0
1390	2	6	0	2	0	0	3	551	298	2	2	0
1391	0	2	0	3	3	0	2	81	543	1	2	1
1392	19	4	0	2	3	0	3	37	426	2	2	0
1393	9	1	0	2	0	0	3	201	317	2	2	0
1394	13	1	0	2	0	0	3	305	55	2	2	0
1395	3	6	1	3	1	0	2	370	323	2	2	1
1396	13	2	0	2	3	1	0	478	130	2	2	1
1397	1	4	0	2	3	0	1	391	241	2	2	0
1398	0	0	0	1	0	0	0	405	284	1	2	0
1399	15	2	0	4	1	0	3	370	196	2	2	0
1400	19	1	0	3	3	0	3	370	285	3	2	0
1401	14	2	0	1	0	0	1	324	435	2	2	0
1402	12	2	0	2	0	0	2	370	440	2	2	0
1403	19	0	0	3	3	0	2	370	445	2	2	0
1404	3	2	0	1	3	0	3	391	587	1	2	0
1405	20	3	0	3	3	0	1	391	241	3	0	0
1406	8	0	0	2	3	0	0	70	426	2	2	0
1407	19	2	0	1	1	0	3	370	617	2	2	0
1408	0	1	0	3	3	0	2	251	546	2	2	0
1409	0	0	0	1	3	1	2	478	255	2	2	0
1410	19	1	0	3	3	0	2	391	241	2	2	0
1411	3	1	0	2	3	0	3	551	318	2	2	0
1412	4	0	0	1	3	0	3	370	123	2	2	0
1413	17	2	0	1	1	0	2	416	16	1	2	1
1414	13	3	0	2	0	0	3	197	187	2	2	0
1415	2	2	1	1	1	0	2	414	43	2	2	0
1416	19	5	0	1	3	0	2	391	340	2	1	0
1417	14	5	0	3	0	0	2	303	43	2	2	0
1418	2	6	1	1	3	0	2	370	223	1	2	0
1419	20	3	0	1	3	0	2	311	661	2	2	0
1420	0	4	0	3	3	0	2	419	234	2	2	0
1421	0	5	1	4	1	0	2	497	543	1	2	0
1422	19	1	0	1	3	0	2	324	666	1	0	0
1423	21	1	0	3	3	0	2	179	401	1	0	1
1424	14	1	0	2	0	0	3	100	440	2	2	0
1425	20	4	0	3	1	0	2	200	42	2	2	0
1426	15	2	0	1	0	0	3	230	43	2	2	0
1427	21	4	0	4	3	0	2	185	496	1	2	0
1428	1	6	1	1	3	0	2	324	543	1	2	0
1429	7	1	0	2	1	0	2	414	43	2	2	0
1430	4	1	0	1	3	0	0	391	543	1	2	0
1431	17	1	0	3	0	0	2	174	16	2	1	0
1432	5	4	0	2	3	0	0	430	88	2	2	0
1433	18	0	0	4	1	0	3	218	318	2	2	0
1434	2	0	0	3	3	0	0	324	51	1	1	1
1435	15	2	0	2	0	0	0	146	142	2	2	0
1436	1	5	0	3	1	0	2	478	579	2	2	0
1437	1	1	0	2	3	1	1	463	432	1	1	0
1438	23	0	0	4	3	0	2	26	222	1	2	0
1439	23	0	0	1	0	0	3	357	241	1	2	0
1440	20	6	1	2	0	0	2	414	46	1	2	1
1441	0	3	0	2	3	0	2	502	571	2	2	0
1442	2	0	0	1	3	0	2	328	214	2	2	0
1443	4	0	0	2	3	1	1	391	571	2	2	0
1444	16	0	0	3	0	0	2	370	309	2	2	0
1445	21	4	0	2	3	0	0	296	581	1	2	0
1446	19	0	0	2	1	0	0	328	28	2	2	0
1447	12	6	1	2	0	0	3	100	90	1	2	0
1448	19	4	0	1	1	0	3	267	196	1	2	0
1449	1	0	0	3	3	0	1	125	444	2	2	1
1450	2	0	1	2	0	0	2	125	241	2	2	0
1451	19	5	0	3	3	1	0	218	571	1	2	0
1452	14	4	0	2	0	0	3	324	399	2	2	0
1453	17	3	0	2	1	0	1	226	51	2	1	0
1454	0	1	0	1	3	0	3	78	55	2	2	0
1455	14	0	0	4	0	0	2	502	309	2	2	0
1456	0	5	1	2	3	0	0	147	241	2	2	1
1457	21	6	0	1	3	0	1	327	520	1	0	0
1458	14	2	0	4	0	0	2	37	103	2	2	0
1459	1	6	1	4	3	1	1	414	340	2	0	1
1460	1	1	0	3	3	0	2	419	222	3	2	0
1461	5	2	0	1	3	0	2	72	41	2	2	0
1462	15	1	0	1	0	0	1	383	272	2	2	0
1463	0	3	0	2	3	0	2	257	661	2	2	0
1464	0	2	0	3	3	0	1	502	223	1	2	0
1465	11	6	1	3	2	0	3	323	170	2	2	0
1466	16	4	0	4	0	0	2	197	571	2	2	0
1467	19	5	0	1	1	1	0	125	46	2	2	0
1468	0	5	0	3	3	0	2	478	341	2	0	1
1469	17	2	0	1	3	0	2	480	34	2	2	0
1470	1	1	0	1	3	0	2	370	618	2	2	0
1471	17	6	0	1	3	0	2	414	496	1	1	1
1472	1	2	0	1	3	0	2	324	606	2	1	0
1473	17	3	0	1	1	0	0	218	340	1	2	1
1474	17	5	1	2	1	0	0	185	602	2	2	0
1475	17	0	0	1	1	0	3	550	543	1	2	0
1476	0	0	0	2	3	0	2	370	365	2	2	0
1477	2	1	0	4	3	0	2	414	543	1	2	0
1478	17	3	0	2	1	0	0	416	567	2	2	0
1479	22	0	0	1	3	0	0	218	571	2	2	0
1480	0	0	0	2	3	0	0	81	6	2	1	0
1481	0	0	0	4	3	0	2	81	341	2	2	0
1482	22	4	0	3	3	0	3	532	432	2	1	1
1483	3	2	0	2	3	0	0	125	3	2	2	0
1484	2	2	0	3	3	0	2	482	55	1	2	0
1485	22	4	0	4	3	0	2	434	543	2	2	1
1486	1	6	0	4	3	0	2	218	15	2	1	1
1487	0	2	0	2	3	1	0	370	322	1	2	0
1488	20	4	0	3	1	0	3	502	543	1	2	0
1489	0	3	0	2	3	0	2	327	74	2	2	0
1490	0	0	0	3	3	0	1	328	3	2	2	0
1491	14	0	0	3	0	0	2	292	543	1	2	1
1492	0	2	0	3	2	1	1	391	130	1	2	0
1493	15	2	0	2	3	0	2	370	3	2	2	0
1494	1	6	0	1	3	1	0	350	241	1	2	1
1495	3	5	1	2	0	0	2	369	543	2	2	0
1496	0	0	0	1	3	0	2	218	234	2	2	0
1497	22	3	0	4	3	0	3	125	55	2	2	0
1498	18	0	0	2	1	1	1	377	32	2	2	0
1499	21	0	0	4	3	0	3	478	223	1	2	1
1500	15	1	0	1	3	0	3	324	341	2	0	0
1501	11	1	0	3	1	0	2	370	658	2	2	0
1502	18	3	0	3	1	0	0	324	169	1	2	1
1503	0	0	0	4	1	1	1	81	106	2	2	0
1504	21	2	0	3	3	0	2	370	55	3	2	0
1505	21	2	0	3	3	0	2	174	123	1	2	0
1506	21	0	0	1	3	0	2	324	543	1	2	0
1507	21	5	0	2	3	0	3	416	341	2	0	0
1508	17	2	0	1	1	0	1	502	550	1	2	0
1509	12	2	1	1	0	0	2	332	543	1	2	0
1510	8	0	0	1	0	0	3	370	103	2	2	0
1511	23	0	0	3	3	0	0	374	241	1	2	1
1512	18	2	0	2	1	1	1	218	273	1	2	0
1513	1	2	0	1	3	1	0	383	518	2	2	0
1514	16	0	0	2	1	0	1	551	309	2	2	0
1515	0	3	0	2	3	0	1	391	378	3	2	0
1516	4	3	0	4	1	0	3	232	309	2	2	0
1517	18	6	0	2	3	0	2	328	16	2	1	1
1518	0	2	0	3	3	0	2	72	543	1	2	0
1519	19	4	0	4	1	0	2	93	43	2	2	0
1520	1	3	0	3	3	1	1	45	241	2	2	0
1521	18	5	0	3	3	0	2	246	81	2	2	0
1522	17	6	0	4	1	0	2	419	81	2	0	1
1523	0	1	0	2	3	0	2	125	543	1	2	0
1524	20	4	0	4	1	0	2	398	55	1	2	0
1525	3	1	0	1	3	0	2	370	182	1	1	0
1526	20	5	1	1	1	0	2	37	123	2	0	0
1527	15	1	0	1	0	0	2	186	485	2	2	0
1528	1	3	0	1	3	0	2	108	571	1	2	0
1529	0	4	0	3	3	0	0	335	241	2	2	0
1530	4	0	0	1	3	0	0	502	543	1	2	0
1531	18	0	0	1	3	0	0	307	543	1	2	0
1532	5	0	0	1	1	0	2	344	90	1	2	1
1533	16	3	0	4	3	0	0	502	364	2	1	1
1534	15	6	1	3	0	0	2	146	550	1	2	0
1535	14	0	0	3	0	0	2	384	578	2	2	0
1536	22	4	0	3	3	0	2	551	543	2	1	0
1537	0	0	0	3	3	0	2	328	283	2	2	0
1538	21	3	0	4	3	0	2	502	55	1	2	0
1539	22	6	0	3	3	0	3	370	496	2	2	1
1540	13	4	1	1	0	0	1	429	222	2	2	0
1541	0	6	0	2	3	0	2	332	432	2	1	0
1542	21	5	1	3	3	0	3	502	309	2	2	0
1543	0	1	0	2	3	0	2	502	543	1	1	1
1544	22	2	0	4	3	0	3	330	239	1	2	0
1545	0	6	1	3	3	0	3	551	48	2	2	0
1546	2	0	0	4	0	1	0	114	221	1	2	0
1547	15	3	0	3	0	0	2	416	294	2	2	0
1548	18	1	0	4	1	0	2	324	35	2	2	0
1549	21	5	0	3	3	0	0	218	598	4	1	0
1550	16	2	0	3	0	0	3	502	483	2	2	0
1551	19	3	0	1	1	0	3	478	530	2	2	0
1552	17	4	0	1	1	0	3	185	90	1	2	0
1553	1	2	0	4	3	0	2	370	46	1	2	0
1554	1	0	0	2	0	0	0	179	282	2	2	0
1555	1	2	0	2	0	0	3	444	571	2	2	0
1556	18	0	0	3	3	0	3	61	284	2	2	0
1557	5	0	0	1	0	1	1	272	340	3	1	1
1558	22	5	0	1	3	0	2	266	543	2	2	0
1559	13	1	0	2	0	0	2	461	183	2	2	0
1560	4	1	0	2	3	0	0	50	543	1	2	0
1561	0	0	0	3	3	0	2	335	571	3	2	0
1562	18	3	0	4	1	0	3	218	507	2	2	0
1563	18	5	1	1	1	0	3	43	58	1	2	0
1564	21	5	1	1	3	0	3	391	229	2	2	0
1565	21	0	0	2	3	0	2	131	3	2	2	0
1566	21	1	0	2	3	0	3	374	543	2	0	0
1567	4	0	0	3	3	0	2	391	223	1	2	1
1568	0	2	0	4	3	0	3	478	43	2	2	0
1569	1	4	0	2	3	0	2	478	57	2	2	0
1570	19	1	0	2	1	0	2	478	309	2	2	0
1571	14	1	0	2	0	0	2	144	43	2	2	0
1572	12	0	0	3	0	0	3	185	543	1	2	0
1573	1	5	1	2	3	0	3	474	170	2	2	0
1574	20	1	0	1	1	0	2	457	55	2	2	0
1575	0	4	0	1	3	0	2	414	397	2	1	1
1576	3	5	1	1	3	0	0	370	15	2	2	0
1577	0	0	0	1	3	0	2	345	309	2	2	0
1578	20	3	0	1	1	0	3	391	1	2	2	0
1579	2	4	1	1	3	0	0	125	341	1	2	0
1580	22	0	0	4	3	0	2	305	543	1	2	0
1581	20	5	0	4	1	0	1	218	241	2	0	0
1582	1	3	0	3	3	0	3	391	120	2	2	0
1583	0	4	0	2	3	0	3	370	543	1	2	0
1584	18	4	0	3	1	0	0	218	163	3	1	0
1585	6	0	0	3	0	0	3	414	223	2	2	1
1586	18	1	0	3	1	0	2	296	294	2	2	0
1587	3	2	0	1	0	0	2	159	571	2	2	0
1588	13	0	0	2	0	0	2	414	630	2	2	0
1589	19	0	0	1	3	0	2	370	212	3	2	0
1590	5	3	0	2	0	0	2	370	214	2	2	0
1591	16	6	0	2	3	0	2	478	55	2	2	0
1592	9	2	0	1	0	0	3	416	309	2	2	0
1593	4	3	0	2	3	0	2	391	393	2	2	0
1594	3	0	0	1	0	0	0	125	584	2	2	0
1595	0	2	0	2	0	0	2	114	15	1	2	0
1596	4	3	0	1	1	0	1	26	16	1	2	0
1597	16	1	0	3	3	0	0	324	318	2	2	0
1598	15	5	0	2	3	0	2	414	78	2	2	0
1599	20	5	0	1	1	0	2	478	283	2	2	0
1600	0	2	0	1	3	0	2	370	595	2	2	0
1601	21	2	0	3	3	0	2	391	196	2	2	0
1602	1	6	1	4	3	1	1	125	693	1	2	0
1603	3	0	1	2	0	1	1	226	379	2	1	0
1604	16	2	0	4	0	0	3	414	571	2	2	0
1605	0	3	0	3	3	0	1	551	33	2	2	0
1606	0	6	0	1	3	0	3	518	87	2	2	0
1607	0	0	0	2	1	0	2	267	49	2	2	0
1608	3	2	1	1	1	0	0	370	55	2	2	0
1609	23	5	1	3	3	0	2	328	318	2	2	0
1610	1	6	0	3	3	0	2	419	214	2	2	0
1611	9	0	0	3	0	0	2	328	576	2	2	0
1612	1	4	0	4	3	0	2	370	241	2	2	0
1613	22	2	0	4	3	0	2	289	55	1	2	0
1614	20	3	0	1	0	1	1	103	571	2	2	0
1615	23	0	0	4	3	0	3	506	48	2	2	0
1616	0	4	0	4	3	0	2	125	81	2	0	1
1617	14	2	0	3	0	0	2	218	241	1	2	1
1618	0	5	0	4	3	0	2	296	241	1	0	0
1619	18	3	0	1	1	1	2	218	163	2	1	1
1620	23	0	0	1	3	0	2	370	543	2	1	1
1621	2	5	0	1	3	0	2	239	55	1	2	0
1622	23	5	1	3	3	0	3	158	571	1	2	0
1623	3	3	1	4	3	0	0	37	273	2	2	0
1624	1	0	0	1	0	0	2	272	304	2	2	0
1625	19	6	0	1	3	0	2	370	214	2	1	1
1626	6	0	0	1	1	1	0	328	241	1	2	0
1627	23	1	0	2	3	1	0	267	304	2	2	0
1628	5	1	0	3	3	0	2	502	43	2	2	0
1629	23	3	0	4	3	0	2	26	543	1	2	1
1630	22	1	0	3	3	0	2	391	222	2	2	0
1631	12	0	0	4	0	0	3	478	23	2	2	0
1632	2	5	1	2	3	0	0	125	660	2	2	0
1633	1	0	0	1	3	0	3	419	101	2	2	0
1634	15	3	0	2	0	0	3	391	243	1	2	0
1635	16	6	1	2	1	0	2	478	174	2	1	0
1636	1	2	0	3	3	0	2	218	241	1	1	0
1637	4	3	0	1	1	0	0	448	167	2	2	0
1638	3	2	0	1	3	0	2	179	55	2	2	0
1639	19	2	0	1	3	0	2	493	16	2	1	1
1640	1	4	0	2	3	0	2	370	496	1	2	1
1641	21	4	0	3	3	0	1	125	169	2	2	0
1642	13	4	0	1	0	0	2	246	442	2	2	0
1643	0	1	0	3	3	0	2	478	16	2	1	1
1644	22	3	0	1	3	0	2	444	241	1	1	0
1645	2	0	0	3	3	0	3	324	235	2	2	0
1646	15	1	0	1	0	0	2	47	543	1	2	0
1647	14	1	0	1	0	0	2	328	309	2	2	0
1648	2	2	0	4	3	1	1	403	281	2	2	0
1649	0	1	0	1	0	0	3	270	101	2	2	0
1650	16	1	0	1	0	0	2	159	395	2	2	0
1651	21	6	0	4	3	0	0	324	1	2	2	0
1652	3	6	0	1	3	0	0	364	543	1	2	0
1653	18	4	0	3	1	0	2	551	255	3	2	0
1654	3	4	0	3	3	0	3	226	543	2	2	0
1655	1	1	0	4	3	0	3	370	496	1	2	0
1656	16	1	0	4	0	0	3	461	442	3	2	0
1657	4	0	0	1	0	0	2	91	543	2	2	0
1658	0	0	0	1	3	0	1	324	393	2	2	0
1659	14	6	0	3	3	0	2	370	543	2	2	0
1660	16	0	0	2	1	0	2	37	401	1	2	0
1661	23	2	0	1	3	0	0	72	587	3	2	0
1662	21	0	0	3	3	0	2	391	102	2	2	0
1663	1	3	0	4	3	0	2	229	324	2	2	0
1664	18	5	0	3	1	0	2	330	46	2	2	0
1665	21	2	0	1	3	0	2	179	571	1	2	0
1666	3	1	0	2	3	0	2	502	571	3	2	0
1667	1	0	0	1	3	1	0	218	43	2	2	0
1668	14	0	0	4	0	0	2	370	284	3	2	0
1669	2	0	0	4	3	1	1	125	304	3	2	0
1670	21	3	0	1	3	0	2	444	55	1	2	0
1671	0	0	0	2	3	0	3	257	678	2	2	0
1672	0	4	0	1	1	0	3	502	170	2	2	0
1673	20	1	0	2	1	0	0	54	543	4	2	0
1674	19	4	0	3	3	0	2	374	169	1	0	1
1675	22	1	0	1	3	1	1	478	241	2	2	0
1676	16	3	0	4	3	0	3	374	239	2	2	0
1677	16	6	0	3	0	0	2	478	571	3	2	0
1678	15	2	0	3	0	1	1	328	182	1	1	1
1679	18	5	1	2	1	0	0	37	294	2	2	0
1680	18	5	1	2	1	1	0	267	378	1	2	0
1681	23	6	0	3	3	0	2	324	81	2	2	0
1682	0	2	1	3	3	0	3	343	322	1	2	0
1683	15	6	0	4	3	0	2	277	191	1	2	0
1684	21	2	0	1	3	0	2	444	455	2	2	0
1685	16	0	0	4	0	0	0	328	41	2	2	0
1686	1	0	0	3	0	0	2	513	359	2	2	0
1687	15	5	1	1	3	0	2	230	41	2	2	0
1688	18	3	0	1	3	0	0	502	15	1	1	1
1689	21	1	0	1	3	1	0	370	543	3	1	0
1690	8	5	0	1	3	0	2	323	285	3	2	0
1691	15	2	0	3	0	0	3	140	689	2	2	0
1692	21	4	0	1	3	0	3	293	388	2	2	0
1693	0	2	0	3	3	0	3	179	20	2	2	0
1694	1	2	0	4	3	0	3	370	591	2	1	0
1695	20	4	0	1	1	1	1	328	432	2	2	0
1696	17	3	0	4	1	0	3	370	214	2	2	0
1697	3	2	0	1	3	0	1	81	214	2	2	0
1698	17	4	0	1	1	0	3	324	223	1	2	1
1699	3	3	0	1	3	0	0	370	432	2	1	1
1700	1	6	1	1	3	0	2	414	33	3	1	1
1701	19	3	0	1	1	0	0	543	43	2	2	0
1702	0	0	0	3	3	0	2	510	241	2	1	0
1703	4	5	1	3	3	0	2	419	145	2	2	0
1704	2	2	0	1	0	0	1	324	432	1	1	0
1705	16	0	0	3	0	0	3	502	378	2	2	0
1706	14	2	0	1	0	1	0	218	180	1	2	0
1707	16	5	1	1	0	0	1	142	571	1	2	0
1708	3	5	0	3	3	0	2	406	350	1	2	1
1709	2	5	0	4	1	0	3	414	130	1	2	0
1710	1	5	1	2	3	0	2	478	341	2	0	0
1711	13	4	0	2	0	0	0	30	234	2	2	0
1712	0	4	0	2	3	0	3	144	543	1	2	1
1713	3	0	0	1	3	0	2	26	304	2	2	0
1714	2	3	0	2	3	0	2	218	543	1	2	0
1715	21	3	0	1	0	0	3	441	106	2	2	0
1716	0	5	0	3	3	0	2	370	341	2	2	1
1717	0	6	1	1	3	0	0	282	432	2	1	0
1718	13	5	0	3	0	1	0	414	16	1	0	0
1719	0	3	0	3	3	0	2	61	543	1	0	1
1720	16	0	0	3	3	0	1	218	15	2	1	1
1721	20	6	0	2	1	0	3	218	241	2	2	0
1722	18	0	0	3	1	0	2	218	530	2	2	0
1723	18	3	0	2	3	0	2	95	135	1	2	1
1724	13	0	0	1	0	0	2	185	484	2	2	0
1725	14	5	0	3	0	0	2	324	298	2	2	0
1726	20	5	1	2	1	0	2	370	693	2	2	0
1727	0	0	0	2	3	0	2	502	432	2	1	1
1728	16	5	1	3	0	0	2	218	543	1	2	0
1729	1	2	0	3	0	0	3	530	668	1	2	0
1730	2	2	0	2	0	0	0	267	318	2	2	0
1731	16	0	0	4	3	0	0	324	241	2	2	0
1732	15	4	0	2	0	0	0	125	543	1	2	1
1733	12	0	0	1	0	0	2	52	280	2	2	0
1734	18	0	0	1	1	0	3	350	55	2	2	0
1735	4	5	0	3	3	1	0	502	579	2	2	0
1736	16	6	0	2	0	0	3	32	543	1	2	0
1737	17	0	0	2	1	0	2	267	440	2	2	0
1738	0	1	0	4	0	0	2	238	241	2	2	0
1739	17	1	0	3	1	0	2	324	223	2	2	0
1740	13	0	0	2	1	0	0	164	629	2	2	0
1741	20	2	0	4	1	0	2	414	281	2	2	0
1742	1	3	0	1	3	0	1	7	483	2	2	0
1743	2	0	0	3	3	0	2	461	543	2	2	0
1744	11	1	0	2	0	0	2	423	55	2	2	0
1745	1	0	0	2	1	0	3	37	694	2	2	0
1746	0	3	0	4	3	0	2	412	304	2	2	0
1747	18	0	0	1	1	0	2	502	378	2	2	0
1748	20	3	0	2	1	0	3	370	443	2	2	0
1749	14	5	0	2	0	1	0	157	591	1	1	1
1750	22	5	0	3	2	0	2	203	51	2	1	1
1751	0	0	0	2	3	1	1	61	463	2	2	0
1752	2	2	0	4	3	1	1	125	652	1	2	0
1753	19	1	0	1	1	0	0	384	496	2	2	0
1754	23	1	0	1	3	0	2	153	223	1	2	0
1755	18	3	0	2	0	0	0	43	241	1	2	1
1756	23	0	0	4	3	0	2	370	630	2	2	0
1757	0	0	0	4	3	1	1	492	238	2	2	0
1758	22	6	1	2	3	0	2	502	418	2	2	0
1759	2	1	0	1	1	0	2	127	571	2	2	0
1760	2	0	0	1	0	0	0	370	281	2	2	0
1761	18	6	0	1	3	0	3	72	55	2	2	0
1762	17	0	0	1	1	0	3	189	214	2	2	0
1763	21	1	0	3	3	0	2	502	309	2	2	0
1764	14	0	0	3	0	0	2	416	487	2	2	0
1765	4	0	0	2	1	0	2	328	463	2	2	0
1766	23	4	0	2	3	0	2	216	584	2	0	1
1767	1	2	0	1	3	0	3	384	124	2	2	0
1768	0	2	0	4	3	0	2	218	340	3	1	1
1769	19	2	0	3	1	0	0	72	140	2	2	0
1770	18	2	0	3	1	1	1	330	292	2	2	0
1771	17	5	0	3	1	0	0	419	55	2	2	0
1772	0	3	0	2	3	0	3	45	236	2	2	0
1773	3	1	0	4	3	0	2	478	571	2	2	0
1774	18	1	0	3	1	0	2	419	378	2	2	0
1775	3	6	1	1	3	0	2	461	170	2	2	0
1776	1	5	1	3	3	0	2	502	571	2	2	0
1777	0	3	0	4	3	0	3	444	693	2	2	0
1778	18	2	0	1	1	0	2	496	616	1	2	0
1779	15	6	0	4	1	0	2	328	81	2	1	0
1780	23	5	1	1	3	0	0	89	571	3	2	0
1781	0	5	1	1	0	0	2	293	345	2	2	0
1782	19	6	1	3	3	0	0	478	543	1	2	0
1783	2	1	0	3	3	1	0	370	571	1	2	0
1784	14	3	0	2	0	0	3	324	661	2	2	0
1785	0	1	0	4	3	0	2	271	90	2	2	1
1786	21	1	0	1	3	0	2	370	46	1	2	0
1787	0	0	0	3	3	0	2	502	241	2	2	0
1788	20	5	1	1	1	0	3	324	309	2	2	0
1789	2	2	0	2	3	0	2	478	294	2	2	0
1790	3	5	1	2	3	0	1	502	42	2	2	0
1791	1	0	0	1	1	0	2	478	55	2	2	0
1792	5	2	0	2	3	0	1	109	587	1	2	0
1793	0	1	0	4	1	0	2	419	421	2	2	0
1794	16	3	0	3	3	0	2	391	43	2	2	0
1795	3	2	0	4	3	0	2	18	420	2	2	0
1796	0	0	0	2	3	1	1	125	241	1	2	0
1797	1	4	0	1	3	0	2	349	304	2	2	0
1798	20	0	0	2	1	0	2	391	616	2	2	0
1799	20	2	0	2	1	0	2	271	340	2	0	0
1800	4	2	0	1	1	1	0	218	46	1	2	0
1801	4	1	0	1	3	0	3	435	498	2	2	0
1802	20	6	0	1	1	0	3	125	496	2	2	0
1803	4	5	1	1	3	0	2	504	380	2	2	0
1804	22	2	0	1	3	0	2	502	482	2	2	0
1805	4	0	0	2	0	0	0	43	241	1	2	0
1806	17	2	0	1	1	0	2	463	479	2	2	0
1807	21	5	1	1	3	1	0	502	550	1	2	0
1808	0	0	0	1	3	0	2	125	283	3	2	0
1809	15	0	0	3	0	0	0	394	553	2	2	1
1810	18	1	0	4	1	0	2	328	543	2	2	0
1811	21	1	0	3	3	0	3	547	16	1	1	0
1812	15	1	0	2	0	0	1	330	55	2	2	0
1813	18	6	1	2	1	0	2	551	640	2	2	0
1814	1	4	0	2	3	0	2	324	543	1	1	1
1815	18	0	0	1	1	0	0	16	550	1	2	1
1816	0	2	0	1	2	0	2	478	571	2	2	0
1817	13	4	0	4	3	0	2	360	165	2	2	0
1818	18	5	1	1	1	0	0	232	543	2	2	0
1819	16	2	0	1	0	1	0	414	294	2	2	0
1820	4	3	0	4	3	1	1	357	55	1	2	0
1821	20	6	0	2	3	0	2	328	241	1	0	1
1822	0	5	0	1	3	0	2	518	314	2	2	0
1823	13	6	0	1	0	0	2	104	241	1	2	1
1824	23	5	1	2	3	0	3	61	170	2	2	0
1825	19	4	0	1	1	0	2	289	43	2	2	0
1826	12	0	0	1	0	0	2	384	498	2	2	0
1827	11	2	0	2	3	0	2	370	543	1	2	0
1828	9	3	0	3	2	0	3	37	130	1	2	0
1829	2	0	0	2	3	0	1	480	3	2	2	0
1830	13	0	0	2	3	0	2	218	553	2	1	1
1831	4	1	0	2	3	0	3	419	390	2	2	0
1832	17	5	1	1	1	0	2	310	571	2	2	0
1833	23	1	0	3	3	0	0	81	309	2	2	0
1834	17	2	0	2	1	0	3	532	43	2	2	0
1835	0	0	0	4	3	0	2	218	3	2	2	0
1836	1	6	0	2	3	0	3	172	241	2	2	0
1837	17	3	0	2	3	0	3	502	38	2	2	0
1838	1	2	0	2	3	0	0	391	196	2	2	0
1839	15	2	0	1	3	0	2	324	512	2	2	0
1840	18	2	0	1	1	0	3	419	368	2	2	0
1841	16	5	1	4	1	0	3	81	304	3	2	0
1842	22	5	0	3	3	0	3	416	238	2	2	0
1843	0	1	0	4	3	0	0	324	294	2	2	0
1844	18	6	0	2	3	0	3	125	81	2	1	0
1845	1	0	0	1	0	0	2	414	340	2	2	0
1846	17	3	0	3	3	0	2	159	49	1	2	1
1847	2	3	0	3	3	0	2	502	22	2	2	0
1848	21	0	0	1	3	0	1	454	42	2	2	0
1849	4	1	0	1	3	0	0	159	570	2	2	0
1850	15	5	1	3	0	0	2	478	556	2	2	0
1851	15	1	0	2	0	0	2	202	294	2	2	0
1852	1	5	0	3	3	0	2	289	51	2	1	0
1853	13	6	0	3	3	0	2	76	341	2	1	0
1854	3	6	1	3	0	0	0	555	94	1	2	1
1855	2	3	0	2	3	0	2	218	616	2	2	0
1856	15	4	0	1	0	0	3	370	294	2	2	0
1857	0	0	0	3	3	0	0	245	273	2	2	0
1858	4	3	0	3	3	0	2	70	401	1	1	0
1859	5	4	0	3	3	0	0	281	317	2	2	0
1860	15	5	1	1	0	0	2	246	579	2	2	0
1861	5	4	0	1	3	0	1	305	273	1	2	0
1862	19	4	0	1	1	0	2	328	94	1	2	0
1863	1	4	0	3	0	1	0	218	464	1	2	0
1864	2	3	0	4	0	0	0	163	571	2	2	0
1865	15	1	0	3	0	0	2	550	399	2	2	0
1866	15	0	0	2	3	0	2	125	571	3	2	0
1867	1	6	0	4	3	0	2	324	354	2	0	1
1868	0	2	0	3	0	0	3	218	426	2	2	0
1869	17	1	0	4	1	0	1	218	241	1	2	0
1870	17	1	0	4	1	0	3	328	3	2	2	0
1871	13	1	0	1	0	0	0	275	38	2	2	0
1872	0	0	0	1	3	0	0	502	388	2	2	0
1873	0	3	0	3	3	0	3	293	689	2	2	0
1874	1	2	0	3	3	0	1	58	214	2	2	0
1875	2	1	0	2	3	0	2	502	51	1	1	1
1876	19	6	1	4	1	0	2	391	424	2	2	0
1877	0	4	0	3	3	0	3	419	55	2	2	0
1878	1	1	0	1	3	0	3	43	130	1	2	1
1879	20	2	0	1	0	1	1	370	57	2	2	0
1880	6	6	0	3	1	0	3	370	169	1	0	0
1881	1	4	0	1	3	0	0	429	432	2	1	1
1882	16	1	0	2	0	0	2	414	55	2	2	0
1883	0	6	1	4	3	0	0	63	388	2	2	0
1884	1	2	0	4	3	0	3	554	426	2	2	0
1885	2	2	1	1	0	1	1	185	273	3	2	0
1886	1	1	0	2	0	0	0	414	543	1	1	1
1887	16	0	0	2	3	0	2	328	464	2	2	0
1888	2	3	0	1	3	0	2	37	318	2	2	0
1889	17	2	0	2	1	0	2	502	89	2	2	0
1890	0	2	0	2	3	0	0	562	284	3	2	0
1891	4	2	0	1	3	0	0	153	90	1	2	0
1892	3	0	0	2	3	0	2	391	48	2	2	0
1893	15	1	0	2	0	0	3	502	309	2	2	0
1894	15	2	0	2	0	0	0	454	318	2	2	0
1895	22	1	0	2	3	0	2	419	550	1	2	0
1896	0	1	0	2	1	0	3	407	43	2	2	0
1897	0	0	0	1	3	0	1	76	119	1	2	0
1898	17	5	1	3	1	0	2	45	4	2	2	0
1899	19	0	0	1	1	0	2	218	543	1	2	0
1900	20	2	0	4	1	0	0	93	16	3	1	1
1901	2	1	0	1	1	0	0	419	55	2	2	0
1902	0	5	0	1	3	0	3	474	123	2	2	0
1903	13	6	1	2	0	0	2	218	487	2	2	0
1904	2	6	0	3	3	0	2	218	322	1	2	1
1905	0	6	1	4	3	0	2	218	543	1	2	0
1906	15	0	0	1	0	0	3	503	43	2	2	0
1907	18	4	0	3	1	0	3	502	543	2	2	0
1908	14	3	0	2	0	0	1	43	55	2	2	0
1909	13	2	0	3	0	0	3	15	358	2	2	0
1910	17	3	0	3	1	0	3	72	543	2	2	0
1911	7	1	0	1	2	0	2	419	186	2	2	0
1912	3	5	0	1	3	0	2	391	543	2	1	1
1913	12	4	0	1	0	0	2	45	43	2	2	0
1914	17	0	0	2	3	0	2	324	16	2	1	0
1915	3	1	0	2	3	0	2	370	543	1	2	1
1916	2	4	0	2	1	0	2	61	579	4	2	0
1917	1	0	0	3	0	0	1	520	33	2	2	0
1918	1	6	0	3	3	0	2	381	34	2	1	1
1919	20	1	0	4	1	0	3	414	447	2	2	0
1920	0	0	0	2	3	0	0	480	147	2	2	0
1921	21	4	0	4	1	0	2	339	234	2	2	0
1922	1	5	0	2	0	0	2	218	317	2	2	0
1923	15	2	0	1	3	0	2	45	241	1	2	1
1924	4	2	0	1	3	0	2	125	241	1	0	0
1925	0	5	1	1	3	0	0	419	255	2	2	0
1926	4	1	0	4	1	0	2	224	145	2	2	0
1927	3	6	0	3	3	0	2	280	606	2	2	0
1928	21	0	0	2	3	0	3	30	43	2	2	0
1929	15	2	0	3	0	0	2	218	401	2	2	0
1930	16	6	0	2	3	0	2	218	364	2	1	1
1931	0	6	1	3	3	0	0	370	571	1	2	0
1932	3	5	1	3	3	0	2	372	690	2	2	1
1933	18	0	0	3	1	0	3	370	195	2	2	0
1934	0	0	0	2	1	0	0	551	214	3	2	0
1935	1	1	0	3	0	0	0	246	107	2	2	0
1936	19	3	1	2	1	0	2	275	234	2	2	0
1937	14	3	0	2	0	0	2	478	198	2	2	0
1938	14	1	0	3	0	0	2	15	43	2	2	0
1939	0	0	0	3	3	0	0	478	123	1	2	0
1940	15	6	1	1	0	0	2	159	4	2	2	0
1941	22	3	0	1	3	0	3	267	377	2	2	0
1942	0	6	0	1	3	0	1	324	16	2	1	1
1943	1	4	0	2	0	0	2	370	130	1	2	0
1944	15	4	0	3	0	0	2	218	685	2	0	0
1945	18	6	0	3	3	0	2	310	543	2	2	0
1946	1	0	0	2	1	0	3	478	42	2	2	0
1947	20	4	0	2	1	0	2	448	571	4	2	0
1948	18	4	0	3	0	0	2	403	241	2	2	1
1949	17	2	0	2	3	0	2	218	241	2	2	0
1950	7	6	1	4	2	0	2	548	43	2	2	0
1951	3	0	0	3	0	0	0	370	642	2	2	0
1952	1	0	0	4	3	0	3	324	484	2	2	0
1953	16	1	0	4	3	0	2	419	41	2	2	0
1954	5	4	0	1	3	0	3	419	571	2	2	0
1955	21	6	0	1	3	0	2	43	543	2	0	0
1956	2	5	0	2	0	0	3	328	174	1	2	1
1957	14	6	0	3	3	0	3	218	543	2	1	1
1958	20	0	0	1	1	0	3	527	571	2	2	0
1959	13	4	0	1	0	0	2	330	483	2	2	0
1960	22	2	0	1	3	0	2	201	117	1	2	0
1961	1	5	0	3	3	0	1	478	180	1	0	0
1962	16	0	0	3	0	0	2	551	321	2	2	0
1963	15	6	0	2	3	0	2	370	15	3	1	0
1964	1	5	1	1	3	1	0	125	321	3	2	0
1965	20	2	0	1	1	0	2	391	224	2	2	0
1966	20	0	0	2	1	0	2	159	19	3	2	0
1967	14	6	0	3	3	0	3	348	143	1	2	1
1968	1	0	0	2	3	0	0	478	43	2	2	0
1969	0	1	1	2	3	0	0	328	640	2	2	0
1970	19	6	0	1	0	0	2	370	550	1	2	0
1971	19	2	0	2	1	0	1	153	123	1	2	0
1972	0	3	0	3	3	0	2	391	571	1	1	0
1973	15	1	0	1	0	0	3	293	483	2	2	0
1974	19	1	0	3	1	1	1	478	90	1	2	0
1975	2	0	0	3	3	0	0	328	21	2	2	0
1976	2	6	0	3	3	0	2	159	51	3	1	0
1977	18	6	0	2	1	0	1	193	543	2	2	1
1978	21	1	0	2	3	0	0	370	241	3	2	0
1979	17	0	0	1	1	0	0	303	198	2	2	0
1980	16	6	0	4	3	0	2	146	317	2	2	0
1981	23	6	1	1	3	0	2	502	318	2	2	0
1982	16	5	0	2	3	0	2	374	401	1	0	1
1983	22	1	0	2	0	0	3	478	487	2	2	0
1984	2	2	0	2	3	0	2	125	222	3	2	0
1985	18	4	0	2	0	0	2	218	378	2	2	0
1986	20	4	0	2	3	1	1	328	43	2	2	0
1987	5	6	0	1	3	0	3	461	241	1	2	0
1988	22	5	1	3	3	0	2	218	241	2	2	0
1989	3	6	0	1	3	0	1	324	241	1	2	1
1990	1	0	0	2	3	0	2	146	298	2	2	0
1991	1	0	0	2	3	0	2	246	496	2	0	0
1992	0	1	0	2	3	0	3	324	16	1	2	0
1993	2	2	0	3	3	0	1	370	377	1	2	0
1994	21	3	0	3	3	0	3	125	55	3	2	0
1995	20	0	0	2	1	0	0	125	78	2	2	0
1996	1	0	1	3	3	1	0	52	479	2	2	0
1997	2	6	0	3	3	0	2	128	496	2	0	1
1998	5	6	0	1	0	0	2	330	81	1	2	0
1999	23	0	0	3	3	0	3	293	238	2	2	0
2000	19	4	0	1	1	0	3	478	43	2	2	0
2001	17	0	0	1	3	0	0	370	74	1	2	0
2002	0	2	0	1	3	0	2	502	317	2	2	0
2003	0	0	0	1	3	0	1	416	55	2	2	0
2004	2	4	0	2	3	0	2	478	590	2	2	0
2005	15	6	0	1	3	0	2	370	289	2	2	0
2006	20	6	0	3	0	0	2	296	543	2	2	1
2007	22	6	1	2	3	0	1	289	194	2	2	0
2008	13	3	0	4	0	0	3	190	115	2	2	0
2009	20	0	0	2	3	0	0	370	496	2	2	1
2010	1	6	0	3	3	0	2	342	625	2	1	1
2011	2	2	0	3	3	0	3	43	550	1	2	0
2012	0	6	0	2	3	0	2	463	57	2	1	0
2013	1	0	0	1	1	0	0	502	543	1	2	1
2014	4	2	0	2	1	0	2	502	89	2	2	0
2015	20	0	0	2	3	0	3	246	432	2	1	1
2016	0	1	0	2	3	1	2	289	43	2	2	0
2017	4	6	0	3	3	0	2	391	15	2	1	0
2018	17	2	0	2	1	0	2	357	48	2	2	0
2019	1	1	0	3	3	1	1	324	440	2	2	0
2020	20	0	0	1	1	0	0	502	364	2	1	0
2021	15	1	0	2	0	0	2	502	353	2	2	0
2022	4	1	0	1	3	0	0	125	591	2	1	0
2023	19	5	1	4	1	0	2	478	378	2	2	0
2024	16	2	0	2	0	0	0	414	378	2	2	0
2025	18	1	0	1	3	0	3	296	201	2	2	0
2026	0	6	0	2	3	0	2	478	214	2	2	0
2027	20	0	0	2	3	0	3	183	55	1	2	0
2028	15	1	0	1	0	0	2	478	294	2	2	0
2029	3	4	0	2	3	1	0	149	273	2	2	0
2030	17	5	1	2	1	0	2	502	483	2	2	0
2031	19	0	0	1	3	0	2	192	543	2	2	0
2032	23	4	0	4	3	0	3	502	428	2	2	0
2033	17	0	0	2	1	1	0	218	32	2	2	0
2034	19	3	0	3	1	1	0	370	660	2	2	0
2035	1	4	0	3	3	0	2	343	340	2	1	1
2036	23	0	0	3	3	0	1	237	147	3	2	0
2037	14	0	1	3	1	1	1	218	631	2	2	0
2038	16	2	0	3	0	0	2	293	43	2	2	0
2039	2	0	0	1	3	1	0	324	588	2	2	0
2040	1	3	0	4	3	0	2	384	119	1	2	0
2041	4	5	1	4	0	0	2	271	167	4	2	0
2042	22	1	0	1	1	0	1	296	180	2	2	0
2043	19	2	0	2	1	0	2	328	95	2	2	1
2044	1	3	0	1	3	0	3	140	445	2	2	0
2045	13	3	0	2	0	0	1	218	660	2	2	0
2046	2	1	0	4	3	0	0	502	543	2	2	0
2047	8	1	0	1	1	1	1	466	33	2	2	0
2048	23	3	0	3	3	0	2	370	241	2	2	0
2049	17	2	0	1	1	0	1	474	241	1	2	0
2050	0	4	0	3	3	0	0	218	16	1	2	1
2051	2	3	0	4	1	0	0	334	113	2	2	0
2052	14	1	0	1	0	0	0	81	543	1	2	1
2053	6	2	0	4	2	1	1	370	640	2	2	0
2054	15	1	0	4	0	0	2	498	186	2	2	0
2055	0	1	0	1	3	0	3	502	571	2	2	0
2056	1	1	0	2	3	0	3	502	571	2	2	0
2057	3	6	1	1	1	0	2	37	340	2	1	0
2058	0	2	0	2	3	0	2	478	553	2	0	1
2059	23	2	0	2	3	0	0	502	239	2	2	0
2060	3	0	0	4	0	1	1	218	171	2	2	0
2061	16	6	0	3	0	0	2	324	15	2	2	0
2062	1	0	0	2	2	0	2	370	241	1	2	0
2063	19	0	0	2	3	0	2	281	95	2	1	1
2064	2	2	0	3	3	0	0	502	486	2	2	0
2065	12	4	0	1	3	0	0	414	366	1	2	0
2066	0	0	0	3	3	1	0	324	55	2	2	0
2067	0	6	0	4	3	0	2	478	360	2	2	1
2068	22	3	0	1	3	1	1	478	273	2	0	0
2069	23	0	0	4	3	0	2	400	550	1	2	0
2070	21	3	0	3	3	0	0	296	585	2	2	0
2071	18	5	0	4	1	0	1	478	584	1	2	1
2072	0	6	0	1	3	0	2	415	51	2	1	1
2073	19	1	0	1	1	0	0	453	294	2	2	0
2074	20	6	1	2	1	0	2	328	143	2	2	0
2075	1	1	0	4	3	0	0	370	543	1	2	1
2076	17	3	0	1	1	0	3	528	294	1	2	0
2077	2	6	1	1	0	0	1	522	222	2	2	0
2078	21	0	0	3	1	0	2	121	43	2	2	0
2079	17	3	0	3	1	0	0	54	137	2	2	0
2080	0	3	0	2	3	0	2	454	341	2	1	0
2081	19	0	0	3	1	0	2	218	571	2	2	0
2082	13	2	0	4	1	0	2	73	110	1	2	0
2083	6	0	0	3	0	0	3	125	543	2	2	0
2084	17	6	0	2	1	0	2	186	550	2	2	0
2085	16	1	0	1	0	1	0	502	272	1	2	1
2086	21	1	0	1	3	0	3	562	285	2	2	0
2087	13	6	1	2	0	0	1	77	571	2	2	0
2088	16	2	0	4	0	0	2	218	200	2	2	0
2089	19	0	0	1	1	1	1	328	148	2	2	0
2090	16	2	0	1	0	0	2	370	294	2	2	0
2091	17	1	0	2	1	0	2	370	241	1	2	0
2092	19	2	0	1	1	0	2	328	543	2	1	0
2093	1	5	1	1	3	0	1	125	571	2	2	0
2094	19	0	0	3	1	0	0	502	524	2	2	0
2095	21	4	0	1	3	0	0	202	202	2	2	0
2096	2	4	0	3	3	0	0	370	273	2	2	0
2097	0	0	0	2	3	0	1	419	571	2	2	0
2098	1	0	0	1	3	0	2	414	652	2	2	0
2099	23	6	0	2	3	0	2	551	666	2	1	1
2100	17	1	0	1	1	0	2	187	16	1	2	0
2101	21	1	0	3	3	0	0	203	309	2	2	0
2102	2	0	0	3	3	0	2	125	496	2	1	0
2103	18	0	0	1	1	0	1	326	21	2	2	0
2104	15	6	0	3	0	0	2	81	81	2	2	1
2105	22	0	0	4	3	0	2	42	378	2	2	0
2106	20	1	0	2	1	0	2	521	377	2	2	0
2107	2	2	0	2	3	1	0	125	3	2	2	0
2108	22	0	0	4	3	0	2	391	241	1	2	0
2109	12	6	1	3	0	0	2	370	587	2	0	1
2110	19	4	0	1	1	0	2	370	241	2	0	0
2111	1	6	1	4	0	0	2	328	595	2	2	0
2112	4	0	0	2	3	0	1	231	528	2	2	0
2113	1	1	0	3	3	0	3	502	318	2	2	0
2114	22	5	0	2	3	0	2	202	543	2	0	1
2115	13	0	0	3	3	1	1	324	174	1	2	1
2116	2	5	0	3	3	0	1	82	163	2	0	1
2117	19	1	0	4	3	0	2	414	304	2	2	0
2118	0	1	0	1	3	0	2	502	378	2	2	0
2119	19	0	0	3	1	0	2	370	571	2	2	0
2120	18	1	0	2	3	0	0	370	33	1	1	1
2121	14	0	0	2	0	0	2	530	571	2	2	0
2122	13	4	0	1	0	0	0	159	571	2	0	1
2123	11	0	0	3	0	0	2	282	142	2	2	0
2124	0	6	0	2	3	0	1	10	322	1	2	1
2125	15	0	0	2	0	0	2	81	590	1	2	0
2126	3	4	0	1	1	0	2	532	543	1	2	0
2127	19	0	0	3	3	0	2	414	41	2	2	0
2128	17	0	0	1	3	1	0	45	401	1	0	1
2129	17	0	0	1	1	1	1	125	234	2	2	0
2130	0	0	0	1	1	0	0	296	315	1	2	0
2131	17	0	0	3	1	0	2	370	103	2	2	0
2132	1	1	0	1	3	0	3	218	616	2	2	0
2133	15	2	0	1	0	0	2	444	571	2	2	0
2134	20	6	0	1	3	0	0	391	458	1	0	0
2135	6	4	0	1	2	0	1	125	571	2	2	0
2136	19	6	1	1	1	0	3	478	133	1	2	1
2137	16	1	0	3	3	1	1	370	10	3	1	0
2138	4	0	0	1	3	0	2	179	543	1	2	1
2139	16	4	0	3	1	0	2	324	571	2	2	0
2140	21	6	1	4	3	0	1	383	41	2	2	0
2141	0	6	1	2	3	0	0	72	571	2	2	0
2142	13	4	0	2	0	1	0	414	214	2	2	0
2143	22	2	0	1	3	0	1	370	378	2	2	0
2144	1	0	0	1	3	0	2	370	340	2	1	1
2145	13	1	0	2	0	0	2	309	43	2	2	0
2146	0	2	0	2	3	0	2	324	661	2	2	0
2147	23	2	0	2	3	0	0	218	223	1	0	1
2148	16	3	0	3	0	0	3	324	334	2	2	0
2149	14	2	0	2	0	0	2	374	48	2	2	0
2150	2	4	0	1	3	0	3	280	579	2	2	0
2151	2	1	0	3	3	0	2	218	318	2	2	0
2152	13	4	0	2	0	0	2	432	613	2	2	0
2153	16	0	0	1	0	0	2	218	496	1	2	0
2154	0	6	1	3	3	0	3	127	3	2	1	1
2155	17	6	0	2	3	0	2	554	179	2	0	1
2156	21	0	0	1	3	1	1	230	571	2	2	0
2157	4	1	0	3	0	0	1	381	159	2	2	0
2158	22	3	0	1	3	0	2	502	294	2	2	0
2159	13	4	0	2	0	0	0	61	191	1	2	0
2160	22	2	0	1	3	0	1	550	90	1	2	0
2161	1	0	0	4	3	0	2	550	496	1	2	0
2162	20	6	0	2	3	0	2	203	410	2	2	0
2163	0	3	0	1	3	0	0	502	43	2	2	0
2164	19	5	0	2	3	0	2	81	55	2	2	0
2165	18	1	0	1	3	0	3	269	119	1	0	0
2166	0	1	0	3	3	0	2	419	42	2	2	0
2167	1	3	0	1	3	0	2	481	117	2	2	0
2168	4	5	0	3	3	0	2	324	55	2	2	0
2169	21	1	0	2	3	0	2	197	55	2	2	0
2170	1	0	0	2	0	0	0	81	41	2	2	0
2171	15	2	0	1	3	0	2	370	241	2	2	0
2172	13	0	0	2	0	0	3	3	294	2	2	0
2173	4	0	0	1	3	0	0	135	179	1	2	0
2174	18	3	0	2	1	0	0	370	244	1	2	0
2175	14	6	1	2	0	0	3	116	241	2	2	0
2176	0	1	0	2	3	0	2	374	666	1	0	0
2177	2	0	0	3	3	0	2	37	16	2	0	1
2178	18	1	0	3	3	1	1	370	571	2	2	0
2179	1	1	0	1	0	0	2	81	494	3	2	0
2180	4	1	0	3	3	0	2	81	214	2	2	0
2181	3	0	0	3	3	0	0	328	241	2	2	0
2182	21	6	1	1	3	0	2	502	268	2	2	0
2183	2	1	0	1	3	0	0	559	571	2	2	0
2184	19	2	0	4	1	0	3	218	42	2	2	0
2185	0	4	0	3	3	0	2	328	307	2	2	0
2186	18	0	0	2	3	0	2	370	625	1	2	0
2187	23	0	0	4	3	1	1	414	241	1	2	1
2188	19	6	0	1	3	0	2	324	51	3	1	0
2189	3	6	0	1	3	0	2	502	543	2	0	1
2190	5	3	0	1	3	0	2	37	147	2	2	0
2191	0	3	0	3	3	0	2	370	246	1	2	0
2192	22	2	0	2	3	0	2	478	94	3	1	1
2193	0	5	1	2	3	0	2	502	627	1	2	0
2194	1	6	0	1	3	0	2	125	324	2	0	1
2195	3	6	1	3	1	0	0	391	159	2	2	0
2196	22	3	0	1	3	0	1	478	241	2	2	0
2197	16	5	1	1	0	1	1	127	214	2	2	0
2198	9	1	0	4	3	0	2	460	382	3	2	0
2199	21	2	1	3	3	0	1	419	463	2	2	0
2200	22	3	0	2	3	0	2	218	294	2	2	0
2201	16	0	0	3	1	0	2	328	241	2	2	0
2202	23	4	0	4	3	0	3	341	57	2	2	0
2203	1	6	0	1	3	0	2	88	241	3	2	1
2204	1	2	0	3	3	0	2	137	401	1	2	0
2205	20	5	0	4	1	0	2	370	241	2	2	1
2206	17	2	0	3	3	0	3	332	58	2	1	0
2207	2	6	0	1	3	0	2	502	615	2	1	0
2208	2	0	0	1	3	0	2	398	515	2	2	0
2209	13	0	0	2	0	0	0	416	234	2	2	0
2210	13	0	0	2	3	0	2	530	46	1	0	1
2211	4	2	0	1	3	0	2	502	294	2	2	0
2212	19	2	0	4	1	0	2	391	318	2	2	0
2213	10	1	0	2	0	0	2	81	103	2	2	0
2214	21	1	0	2	3	0	2	419	432	2	1	1
2215	4	4	0	3	1	0	2	127	55	1	2	0
2216	0	1	1	1	3	0	2	324	1	2	2	0
2217	5	3	0	3	0	0	2	370	50	1	2	0
2218	2	5	1	3	3	0	2	478	543	1	2	0
2219	18	2	0	2	1	1	1	478	378	2	2	0
2220	2	6	1	3	3	0	2	218	543	1	2	0
2221	15	1	0	2	0	0	0	328	226	2	2	0
2222	3	0	0	3	3	0	0	328	379	2	1	0
2223	15	6	1	1	0	0	0	419	222	2	2	0
2224	3	5	1	1	3	0	2	142	553	2	1	0
2225	2	4	0	1	3	0	2	328	318	2	2	0
2226	3	0	0	1	1	0	0	357	241	2	0	0
2227	11	0	0	1	0	1	0	7	191	2	2	0
2228	1	5	1	4	1	0	0	502	561	1	2	0
2229	14	2	0	2	0	0	0	87	57	1	2	0
2230	1	5	1	1	3	0	3	457	583	2	1	0
2231	1	5	1	2	3	0	2	328	73	1	2	0
2232	0	1	0	2	1	0	0	502	241	1	2	0
2233	11	1	0	1	0	0	3	479	543	2	2	1
2234	18	6	0	3	3	0	2	328	16	2	2	0
2235	20	0	0	3	1	0	3	370	514	2	2	0
2236	0	0	0	4	3	0	0	370	549	1	2	0
2237	20	1	0	4	1	0	2	81	284	2	2	0
2238	16	5	1	3	0	0	0	239	196	2	2	0
2239	1	3	0	2	3	0	3	414	388	2	2	0
2240	10	2	1	4	0	0	3	419	186	2	2	0
2241	16	0	0	1	0	0	2	419	530	2	2	0
2242	19	2	0	3	1	0	3	502	196	1	2	0
2243	16	1	0	3	3	0	0	502	216	2	2	0
2244	0	1	0	3	1	0	2	328	20	2	2	0
2245	2	5	1	4	3	0	2	370	623	2	2	0
2246	0	0	0	3	0	0	2	324	631	2	2	0
2247	15	6	1	3	0	0	2	378	629	2	2	0
2248	15	1	0	1	1	0	2	478	55	1	2	0
2249	20	4	0	1	1	1	1	463	579	2	2	0
2250	5	1	0	2	1	0	0	81	294	2	2	0
2251	2	3	0	2	1	0	2	43	666	2	2	0
2252	22	4	0	2	3	0	3	100	115	1	2	0
2253	1	0	0	1	3	0	0	379	223	1	2	1
2254	4	0	0	4	3	0	3	328	294	2	2	0
2255	1	3	0	1	3	0	2	293	555	2	2	0
2256	18	5	1	1	1	0	3	61	71	2	2	0
2257	18	2	0	3	1	0	3	125	352	2	2	0
2258	5	5	1	1	3	0	3	125	97	3	0	0
2259	0	0	0	1	3	0	1	153	543	1	2	0
2260	1	0	0	2	3	0	0	324	26	2	2	0
2261	21	3	0	1	3	0	3	218	426	2	2	0
2262	17	3	0	1	1	0	0	370	15	1	2	0
2263	14	5	0	3	0	0	2	478	550	1	2	1
2264	18	1	0	1	1	0	2	296	629	2	2	0
2265	2	6	0	3	3	0	2	370	340	2	1	1
2266	18	0	0	4	1	0	3	416	55	2	2	0
2267	22	5	0	1	3	1	1	324	660	3	1	1
2268	1	0	0	4	3	0	2	370	214	2	2	0
2269	19	4	0	1	1	0	1	478	70	2	2	0
2270	7	1	0	1	0	0	3	444	216	2	2	0
2271	1	0	0	4	3	0	3	478	33	2	2	0
2272	11	3	0	4	0	0	3	357	198	2	2	0
2273	22	3	0	2	3	0	2	419	50	2	2	0
2274	4	4	0	1	3	0	3	267	50	1	2	0
2275	1	0	0	1	3	0	3	218	186	2	2	0
2276	4	3	0	2	0	1	0	414	143	2	2	0
2277	21	1	0	2	3	0	3	101	234	2	2	0
2278	2	0	0	4	0	0	2	114	440	2	2	0
2279	4	3	0	3	3	0	2	502	130	1	2	1
2280	4	5	1	3	3	0	2	566	485	2	2	0
2281	19	2	0	2	1	0	2	370	241	2	2	1
2282	15	1	0	1	0	0	1	370	304	1	2	0
2283	3	5	1	2	3	0	3	502	543	2	0	0
2284	17	2	0	3	1	0	2	230	241	2	2	0
2285	21	3	0	3	3	0	3	370	309	2	2	0
2286	2	5	0	2	3	0	2	551	678	2	2	0
2287	22	4	0	2	3	0	3	478	55	2	2	0
2288	14	3	1	4	0	0	0	417	130	1	2	1
2289	20	6	1	4	1	0	2	61	309	2	2	0
2290	17	5	0	1	1	0	2	93	43	2	2	0
2291	1	0	0	3	3	0	2	414	432	3	1	0
2292	22	2	0	3	3	0	3	330	606	2	0	0
2293	12	0	0	1	0	0	3	101	256	2	2	0
2294	15	0	0	1	3	0	2	419	432	1	1	1
2295	18	3	0	1	1	0	0	310	512	2	2	0
2296	1	3	0	3	3	0	1	502	16	2	1	1
2297	1	1	0	2	1	0	2	478	490	2	2	0
2298	15	6	1	1	3	0	2	194	214	2	2	0
2299	6	6	1	3	2	1	1	328	543	1	2	1
2300	3	2	0	2	3	0	2	328	450	2	2	0
2301	2	0	0	2	1	0	0	72	222	3	2	0
2302	1	4	0	2	2	0	2	370	170	2	2	0
2303	14	1	0	2	0	0	3	218	519	2	2	0
2304	2	3	0	1	3	0	0	416	73	2	2	0
2305	10	6	1	1	1	0	1	81	432	2	2	1
2306	18	4	0	1	0	0	2	551	43	2	2	0
2307	2	4	0	4	3	0	2	502	432	2	1	1
2308	17	2	0	2	1	0	2	218	401	2	0	0
2309	17	5	0	2	3	0	3	45	543	2	2	1
2310	1	0	0	2	3	0	1	116	496	1	2	0
2311	1	1	0	4	1	0	1	370	543	1	2	1
2312	15	5	1	3	0	0	3	149	216	1	2	0
2313	14	0	0	2	0	0	0	122	322	1	2	0
2314	5	1	0	3	3	0	0	37	357	2	2	0
2315	18	6	0	2	3	0	2	478	8	3	1	0
2316	14	1	0	1	0	0	2	218	641	2	2	0
2317	13	4	0	2	0	0	0	502	214	2	2	0
2318	5	1	0	1	0	0	2	37	486	2	2	0
2319	16	0	0	1	3	0	0	419	285	3	2	0
2320	9	0	0	4	1	0	2	370	81	1	2	0
2321	0	4	0	1	3	0	2	444	512	2	2	0
2322	0	2	0	3	3	0	3	370	378	2	2	0
2323	3	1	0	2	3	0	2	370	543	1	2	0
2324	2	1	0	1	0	0	1	391	49	1	2	0
2325	1	0	0	3	3	0	3	521	46	2	2	0
2326	4	2	0	4	3	1	1	125	619	2	2	0
2327	4	5	1	4	1	0	2	501	378	2	2	0
2328	1	2	0	1	3	0	2	81	103	2	2	0
2329	1	6	0	3	0	0	0	478	167	3	2	0
2330	15	0	0	4	0	0	3	370	571	2	2	0
2331	18	2	0	4	1	0	3	419	200	2	2	0
2332	17	2	0	1	1	0	0	324	377	2	2	0
2333	16	0	0	1	0	0	2	324	309	2	2	0
2334	16	2	0	3	1	0	0	342	145	2	2	0
2335	0	2	0	2	3	0	2	334	359	1	2	0
2336	15	6	0	1	3	0	2	328	115	2	1	1
2337	21	2	0	4	3	0	3	232	106	2	2	0
2338	0	2	0	3	3	0	3	370	214	2	2	0
2339	18	2	0	3	1	0	0	370	613	1	2	0
2340	20	4	0	3	1	0	2	324	16	2	2	1
2341	14	4	0	2	0	0	3	43	113	2	2	0
2342	1	6	0	1	3	0	3	267	241	2	1	0
2343	1	5	1	4	3	0	3	436	241	2	2	0
2344	17	0	0	3	1	0	0	384	281	2	2	0
2345	19	0	0	4	1	1	1	335	241	1	2	0
2346	4	1	0	1	1	0	2	183	81	1	2	1
2347	0	0	0	2	3	0	2	370	543	2	2	1
2348	1	1	0	1	1	0	2	218	123	2	2	0
2349	18	4	0	4	1	0	2	15	193	2	2	0
2350	1	0	0	2	3	0	2	269	543	2	2	0
2351	2	3	0	3	3	0	1	444	377	2	2	0
2352	0	1	0	1	1	1	0	218	241	2	2	0
2353	16	1	0	4	3	0	2	324	432	2	0	1
2354	1	0	0	3	3	0	3	429	543	2	1	1
2355	21	1	0	4	3	0	0	370	378	1	2	0
2356	17	1	0	1	1	0	2	218	16	2	2	1
2357	23	1	0	3	3	0	0	328	119	2	2	0
2358	0	0	0	2	3	1	0	125	178	2	1	0
2359	2	0	0	4	3	0	2	107	684	2	2	0
2360	21	5	1	1	3	0	3	52	487	2	2	0
2361	17	3	0	3	1	0	3	468	543	1	2	1
2362	17	6	0	3	3	0	2	324	624	1	0	1
2363	17	6	0	2	1	0	2	478	346	2	2	0
2364	0	3	0	2	3	0	2	81	119	1	2	0
2365	21	6	1	1	3	0	2	416	241	2	2	0
2366	15	2	1	4	0	0	3	370	627	1	2	0
2367	18	3	0	1	3	0	2	72	543	1	2	1
2368	1	0	0	3	1	0	0	332	171	2	2	0
2369	21	2	0	4	3	0	2	212	135	2	2	1
2370	1	2	0	2	3	0	1	218	73	1	2	0
2371	15	2	0	4	0	0	3	186	464	2	2	0
2372	6	1	0	3	1	0	0	335	543	2	1	1
2373	0	0	0	1	3	1	1	200	518	2	2	0
2374	0	5	0	2	3	0	2	271	401	2	2	1
2375	22	1	0	3	3	0	3	324	485	2	2	0
2376	1	3	0	1	3	0	0	370	397	1	2	1
2377	17	0	0	1	1	0	2	324	255	1	2	0
2378	19	2	0	1	1	0	2	370	55	1	2	0
2379	22	4	0	1	3	0	3	370	50	2	2	0
2380	18	4	0	4	1	0	2	218	43	2	2	0
2381	17	1	0	1	3	0	3	40	550	1	2	1
2382	1	0	0	1	3	0	2	502	273	2	1	1
2383	5	3	1	3	0	0	2	457	317	2	2	0
2384	1	6	0	2	3	0	2	72	340	2	2	1
2385	6	0	0	3	1	0	3	370	214	1	2	0
2386	18	1	0	1	1	0	2	370	543	1	2	0
2387	13	0	0	1	0	0	2	266	378	2	2	0
2388	18	2	0	1	3	0	1	328	155	2	2	0
2389	2	1	0	1	3	0	3	502	55	2	2	0
2390	0	6	0	1	3	0	1	324	585	2	2	0
2391	20	0	0	3	1	0	0	267	17	2	2	0
2392	0	4	0	2	3	0	0	324	44	4	2	0
2393	3	5	1	1	3	0	0	211	73	1	2	0
2394	3	3	0	2	3	0	2	194	553	2	1	0
2395	0	0	0	2	3	1	1	9	90	1	2	1
2396	2	5	0	1	3	0	2	419	378	2	2	0
2397	0	3	0	2	3	0	2	324	543	1	2	0
2398	13	0	0	2	0	0	0	414	543	1	2	1
2399	0	1	0	3	3	0	2	530	571	2	2	0
2400	0	1	0	2	3	0	0	63	273	2	2	0
2401	1	2	0	4	3	0	2	324	515	2	2	0
2402	0	3	0	1	3	0	2	554	55	2	2	0
2403	0	0	0	1	0	0	2	370	37	2	2	0
2404	0	0	0	2	0	0	2	296	496	1	2	0
2405	14	3	0	4	0	0	2	391	309	2	2	0
2406	1	6	0	1	3	0	2	381	341	3	1	0
2407	13	0	0	2	0	0	2	2	571	2	2	0
2408	2	5	0	3	3	0	2	268	70	2	2	0
2409	20	1	0	2	1	0	3	200	446	2	2	0
2410	22	1	0	3	3	0	3	551	241	1	2	0
2411	1	3	0	2	3	0	3	16	103	2	2	0
2412	0	0	0	2	3	0	3	454	543	1	2	1
2413	4	4	0	3	3	0	2	478	382	2	2	0
2414	3	6	1	1	3	0	3	315	406	3	2	0
2415	20	2	0	3	1	0	3	125	616	2	2	0
2416	22	0	0	1	3	1	0	414	543	2	1	1
2417	6	0	0	4	1	1	0	296	407	4	2	0
2418	22	2	0	2	3	0	3	341	285	3	2	0
2419	2	6	1	3	3	0	3	534	543	1	2	0
2420	13	1	0	3	3	1	0	218	543	1	2	1
2421	23	6	0	3	3	0	2	391	51	1	0	1
2422	21	0	0	1	3	0	2	391	364	1	0	1
2423	14	6	1	3	0	0	3	13	550	2	0	1
2424	3	0	0	4	3	0	0	370	543	1	2	1
2425	1	0	0	2	0	0	3	328	483	2	2	0
2426	17	2	0	1	1	0	3	370	276	2	2	0
2427	2	4	0	2	3	0	3	502	495	2	2	0
2428	5	6	1	1	3	0	2	478	349	2	2	0
2429	13	5	1	2	0	0	2	502	637	2	2	0
2430	2	2	0	1	3	0	3	419	434	2	2	0
2431	2	5	1	4	3	0	0	502	543	1	2	1
2432	1	5	1	4	3	0	3	125	16	2	1	0
2433	1	1	0	1	3	0	2	339	49	2	1	0
2434	12	0	0	3	0	0	0	414	55	3	2	0
2435	18	2	0	1	1	0	2	198	686	2	2	0
2436	12	0	0	2	0	0	2	370	281	2	2	0
2437	3	1	0	1	1	1	1	414	46	1	2	0
2438	22	3	0	1	3	0	3	328	33	2	2	0
2439	16	5	1	2	3	0	2	45	317	2	2	0
2440	2	6	0	2	3	0	2	9	543	2	0	1
2441	20	1	0	3	1	0	2	478	7	2	2	0
2442	0	3	0	3	3	0	2	80	678	2	2	0
2443	2	5	0	1	3	0	2	172	135	1	2	0
2444	17	6	1	4	1	1	0	403	241	1	2	0
2445	19	2	0	3	3	0	3	370	587	1	2	0
2446	2	1	0	4	3	1	1	72	48	2	2	0
2447	2	2	0	2	3	0	3	306	432	2	2	0
2448	21	2	0	4	3	0	2	37	21	2	2	0
2449	0	0	0	3	3	0	2	419	432	2	2	1
2450	14	1	0	3	0	0	2	478	482	2	2	0
2451	18	1	0	2	1	1	0	7	115	2	1	0
2452	15	0	0	4	1	0	2	429	543	3	1	1
2453	0	1	0	2	3	0	2	532	496	2	1	1
2454	1	2	0	1	3	0	2	179	543	1	2	0
2455	4	3	0	1	1	0	3	478	432	1	2	1
2456	16	5	0	3	3	0	2	370	432	2	1	1
2457	22	3	1	1	3	0	0	244	317	2	2	0
2458	3	2	0	2	0	0	3	374	567	2	2	0
2459	6	4	0	4	2	0	2	391	170	2	2	0
2460	18	4	0	2	1	0	2	328	55	2	2	0
2461	14	0	0	2	0	0	3	478	43	2	2	0
2462	17	3	0	4	3	1	1	125	317	2	2	0
2463	6	0	0	4	2	0	2	419	200	2	2	0
2464	1	0	0	3	3	0	3	505	543	1	2	0
2465	15	3	0	2	3	0	3	554	432	1	1	1
2466	1	2	0	2	3	0	0	259	37	2	2	0
2467	4	1	0	1	1	0	0	444	309	2	2	0
2468	2	2	0	1	3	0	2	218	201	3	2	0
2469	1	3	0	3	3	0	2	342	543	1	1	1
2470	18	0	0	1	3	0	3	328	94	2	1	1
2471	5	4	0	1	3	0	2	272	42	2	2	0
2472	2	6	0	2	3	0	2	419	318	2	2	0
2473	19	3	0	2	1	0	2	95	543	1	1	1
2474	23	3	0	1	3	0	2	230	147	2	2	0
2475	0	4	0	2	3	0	2	37	579	2	2	0
2476	0	6	0	1	3	0	2	370	543	2	1	0
2477	20	6	0	4	3	0	2	522	51	2	1	1
2478	0	0	0	4	0	0	3	108	281	2	2	0
2479	17	1	0	2	1	0	3	328	302	2	2	0
2480	1	0	0	2	3	0	0	374	19	2	2	0
2481	0	5	0	3	3	0	2	208	16	1	2	0
2482	12	6	1	3	0	0	3	390	141	2	2	0
2483	18	3	1	4	1	0	3	502	543	1	1	1
2484	6	0	0	2	0	0	0	56	180	2	2	0
2485	18	0	0	1	1	0	2	478	393	2	2	0
2486	0	0	0	1	0	0	3	370	496	1	2	0
2487	4	1	0	4	3	0	2	414	42	2	2	0
2488	20	5	1	3	1	0	2	522	426	2	2	0
2489	17	3	0	1	1	0	1	324	49	1	2	1
2490	19	2	0	2	1	0	2	478	105	2	2	0
2491	0	1	0	2	3	1	1	502	44	2	2	0
2492	20	1	0	2	1	0	3	408	474	3	2	0
2493	17	3	0	3	1	0	2	495	238	2	2	0
2494	0	0	0	2	3	0	3	43	366	2	2	0
2495	4	1	0	1	3	0	2	502	620	2	2	0
2496	3	5	1	4	3	0	3	30	123	2	2	0
2497	4	1	0	3	3	0	2	391	575	2	2	0
2498	21	2	0	1	3	0	0	461	238	2	2	0
2499	22	1	0	1	3	0	2	125	341	2	1	0
2500	9	0	0	1	0	0	2	414	43	2	2	0
2501	17	3	0	1	1	0	1	218	186	2	2	0
2502	2	5	1	2	3	0	2	436	598	2	1	0
2503	5	1	0	1	3	0	3	328	119	2	1	0
2504	16	3	0	2	0	0	3	502	179	1	2	0
2505	1	0	0	1	2	0	2	478	309	2	2	0
2506	21	2	0	1	3	0	1	478	402	1	2	0
2507	21	6	0	1	3	0	2	370	43	2	2	0
2508	0	3	0	1	3	0	2	461	185	2	2	0
2509	15	1	0	1	3	0	3	165	298	2	2	0
2510	19	6	0	1	3	0	2	328	382	3	2	0
2511	13	0	0	2	0	0	1	328	571	2	2	0
2512	19	4	0	1	1	0	2	150	543	3	1	0
2513	23	0	0	1	3	0	1	502	84	1	2	0
2514	3	6	1	4	3	0	3	444	90	1	2	0
2515	17	0	0	1	1	1	0	125	294	2	2	0
2516	17	2	0	1	1	0	2	213	543	1	2	1
2517	16	2	0	1	0	1	1	218	571	2	2	0
2518	2	0	0	1	3	1	0	125	119	2	1	1
2519	1	3	0	3	3	0	2	482	170	2	2	0
2520	16	2	0	3	0	0	0	342	191	1	2	0
2521	13	0	0	1	0	0	3	341	71	2	2	0
2522	19	0	0	1	1	0	3	218	309	2	2	0
2523	19	1	0	3	1	0	2	102	52	2	2	0
2524	14	5	1	2	0	0	1	97	514	2	2	0
2525	3	1	0	2	3	0	1	419	241	2	2	0
2526	2	2	0	3	3	0	2	391	590	2	2	0
2527	2	2	0	2	1	0	2	16	214	2	2	0
2528	17	0	0	2	1	0	3	370	294	2	2	0
2529	3	6	0	4	3	0	2	370	550	1	2	0
2530	13	5	0	3	0	0	2	463	543	1	0	1
2531	3	0	0	2	3	0	0	551	550	1	2	0
2532	2	0	0	2	3	0	2	414	16	3	2	0
2533	19	4	0	1	1	0	0	370	51	3	1	1
2534	21	2	0	2	3	0	3	125	41	2	2	0
2535	3	0	0	1	3	0	2	370	432	2	0	0
2536	3	4	0	2	3	0	3	370	241	1	2	1
2537	2	0	0	3	0	0	1	414	46	2	2	0
2538	22	2	0	2	3	0	3	218	556	2	2	0
2539	5	4	0	2	3	0	2	179	631	2	2	0
2540	21	2	0	3	3	0	2	370	214	3	1	0
2541	1	0	0	2	3	0	0	370	284	2	2	0
2542	2	0	0	1	3	0	0	328	624	2	1	1
2543	13	5	1	4	0	0	2	94	101	2	2	0
2544	23	4	0	2	3	0	2	328	55	4	1	0
2545	0	6	0	3	3	0	3	502	543	1	0	0
2546	14	0	0	3	0	0	2	324	530	2	2	0
2547	1	4	0	3	3	0	2	370	21	3	2	0
2548	13	6	0	3	0	0	2	462	543	1	2	1
2549	0	3	0	2	3	0	0	310	571	2	2	0
2550	13	0	0	4	0	0	0	477	169	2	2	1
2551	1	0	0	3	3	0	0	550	309	2	2	0
2552	1	5	1	3	0	0	2	108	55	2	2	0
2553	0	4	0	3	3	0	2	271	309	2	2	0
2554	2	1	0	3	0	0	3	175	470	2	2	0
2555	11	1	0	4	2	0	2	93	42	2	2	0
2556	17	5	1	2	1	0	3	271	543	2	2	0
2557	20	4	0	4	3	0	2	478	571	2	2	0
2558	22	3	0	3	3	0	2	63	543	2	1	1
2559	1	1	0	1	1	0	3	391	3	2	2	0
2560	14	1	0	2	0	1	1	125	73	1	2	0
2561	23	3	0	1	3	0	2	159	34	1	0	1
2562	0	3	0	3	3	0	2	370	543	2	1	1
2563	8	6	1	3	2	0	3	175	515	2	2	0
2564	14	0	0	2	3	0	3	502	214	2	2	0
2565	1	0	0	2	3	0	2	47	214	3	2	0
2566	16	0	0	1	3	0	0	370	81	1	2	0
2567	2	1	0	3	3	0	1	244	214	2	2	0
2568	0	2	0	1	3	0	1	370	571	2	2	0
2569	0	1	0	1	3	0	3	478	50	2	2	0
2570	23	0	0	3	3	0	2	419	126	2	2	0
2571	23	1	0	2	3	0	2	328	222	1	2	0
2572	1	0	0	2	3	0	3	108	284	2	2	0
2573	2	1	0	2	3	0	2	339	543	2	1	0
2574	23	5	1	1	3	0	2	84	43	2	2	0
2575	17	6	1	4	1	0	3	370	496	2	2	0
2576	20	1	0	3	3	0	0	463	550	2	0	1
2577	2	3	0	3	3	0	2	414	119	2	1	1
2578	3	0	0	3	0	0	2	391	41	2	2	0
2579	4	3	0	3	3	0	2	419	80	2	2	0
2580	3	2	0	4	3	1	1	328	570	2	2	0
2581	18	5	0	3	3	0	2	370	543	2	2	0
2582	1	1	0	3	3	0	3	149	543	1	2	1
2583	19	4	0	1	3	0	2	374	42	2	2	0
2584	3	3	0	1	3	0	2	267	530	2	2	0
2585	1	1	0	3	3	1	1	218	222	2	2	0
2586	22	2	0	2	3	0	2	502	571	2	2	0
2587	15	3	0	2	0	0	0	381	441	3	2	0
2588	11	0	0	2	2	1	1	171	485	2	2	0
2589	1	1	0	1	1	0	2	200	170	2	2	0
2590	4	5	1	2	3	0	1	125	378	2	2	0
2591	19	2	0	3	3	0	3	377	55	3	2	0
2592	0	5	1	2	3	0	2	370	496	2	2	1
2593	16	2	0	2	3	0	2	370	81	2	1	1
2594	3	6	1	1	0	0	0	370	377	2	2	0
2595	0	2	0	4	3	0	2	324	487	2	2	0
2596	17	4	0	1	1	0	3	296	55	2	2	0
2597	16	4	0	1	0	0	0	45	124	2	2	0
2598	16	2	0	3	0	0	0	7	43	2	2	0
2599	5	3	0	1	3	0	3	391	588	2	0	1
2600	1	4	0	2	0	0	3	175	27	1	2	0
2601	3	4	0	1	3	0	2	416	147	2	2	0
2602	0	1	0	1	0	0	2	197	117	2	2	0
2603	1	6	1	3	3	1	2	218	3	2	2	0
2604	3	4	0	2	3	0	0	250	81	1	2	0
2605	2	0	0	1	0	1	1	478	693	2	2	0
2606	21	2	0	2	3	0	0	444	496	2	2	0
2607	15	4	0	4	0	0	2	139	171	1	2	0
2608	17	1	0	3	1	0	2	372	401	2	2	1
2609	0	5	0	1	3	0	3	370	340	2	2	1
2610	4	5	0	4	1	0	2	398	284	2	2	0
2611	0	0	0	3	3	0	0	125	32	2	2	0
2612	19	1	0	2	1	0	2	405	309	2	2	0
2613	14	2	0	1	1	0	2	78	388	2	2	0
2614	2	1	0	2	1	0	2	324	81	1	2	1
2615	15	0	0	1	0	0	0	414	421	2	2	0
2616	0	4	0	2	0	0	3	502	55	2	2	0
2617	1	2	0	3	3	0	3	218	41	2	2	0
2618	1	1	0	1	0	0	1	398	463	2	2	0
2619	17	1	0	2	1	0	2	4	15	2	1	0
2620	20	5	1	2	1	0	2	246	216	2	2	0
2621	2	1	0	4	1	0	2	303	257	2	2	0
2622	0	2	0	2	3	0	3	246	543	2	2	0
2623	0	1	0	1	3	1	0	218	378	3	2	0
2624	0	1	0	1	1	0	2	133	241	1	2	0
2625	16	0	0	4	0	0	2	414	43	2	2	0
2626	3	5	0	3	0	1	0	502	241	2	2	0
2627	0	6	0	3	3	0	2	218	16	3	1	1
2628	19	2	1	4	1	1	0	218	222	2	2	0
2629	0	0	0	4	3	0	3	370	119	1	2	0
2630	18	1	0	1	1	0	2	391	294	2	2	0
2631	21	0	0	2	0	0	2	370	543	1	2	0
2632	17	0	0	4	1	1	0	328	543	1	2	0
2633	2	0	0	3	3	0	2	370	223	2	2	1
2634	3	2	0	2	0	0	3	324	55	2	2	0
2635	4	1	0	2	0	0	2	149	543	1	2	0
2636	2	3	0	2	3	0	3	502	691	1	2	0
2637	0	4	0	2	3	0	3	327	55	2	2	0
2638	19	0	0	1	1	0	1	125	344	3	2	0
2639	19	4	0	2	1	0	2	296	687	2	2	0
2640	13	1	0	4	0	0	2	72	222	2	2	0
2641	16	3	0	2	0	0	0	502	281	2	2	0
2642	0	0	0	2	3	0	2	478	182	1	0	0
2643	1	6	1	1	3	0	0	125	43	2	2	0
2644	0	6	0	2	3	0	2	87	238	2	2	0
2645	21	1	0	4	3	0	0	159	470	2	2	0
2646	2	2	0	1	1	0	3	370	587	3	2	0
2647	16	5	1	2	3	0	2	391	422	2	2	0
2648	18	0	0	1	1	0	2	328	214	2	2	0
2649	15	1	0	2	0	0	0	201	241	1	2	0
2650	13	3	0	3	0	0	2	218	550	1	2	0
2651	1	0	0	2	1	0	3	34	4	2	2	0
2652	16	5	0	2	0	0	3	414	378	2	2	0
2653	14	3	0	3	0	0	0	324	163	2	1	0
2654	15	5	1	1	0	0	3	159	55	2	2	0
2655	0	0	0	3	3	0	0	13	241	2	2	0
2656	20	4	0	1	3	0	0	414	243	1	2	1
2657	1	3	0	1	3	0	0	226	378	2	2	0
2658	8	6	0	2	0	0	2	81	54	2	2	0
2659	17	1	0	1	3	0	2	391	288	2	2	0
2660	19	3	0	2	1	0	2	63	555	2	2	0
2661	4	0	0	2	1	0	2	391	469	2	2	0
2662	12	1	0	2	0	0	2	419	214	2	2	0
2663	15	4	0	3	0	0	2	419	543	2	2	0
2664	1	2	0	2	1	0	1	125	543	1	1	0
2665	11	3	0	4	3	0	2	218	214	2	2	0
2666	0	0	0	3	3	0	1	146	174	2	2	0
2667	16	0	0	4	3	0	2	414	485	2	2	0
2668	0	0	0	4	3	0	2	461	543	1	2	1
2669	17	0	0	3	1	0	0	502	167	2	2	0
2670	19	4	0	3	1	1	1	125	432	3	1	1
2671	4	5	0	1	1	0	1	83	364	1	2	0
2672	0	4	0	1	0	0	3	370	629	2	2	0
2673	16	4	0	3	0	0	0	332	440	2	2	0
2674	18	0	0	2	3	0	2	370	81	2	1	0
2675	21	2	0	3	3	0	3	305	543	1	2	0
2676	2	4	0	2	3	0	2	142	548	2	1	0
2677	23	0	0	2	3	0	3	461	688	2	2	0
2678	13	5	0	4	1	0	3	280	546	2	2	0
2679	1	6	0	1	3	0	2	218	598	2	1	0
2680	18	1	0	3	3	0	2	391	318	2	2	0
2681	3	1	0	3	3	0	2	324	214	3	2	0
2682	2	1	0	2	3	0	2	502	158	2	2	0
2683	4	5	0	1	3	0	0	383	472	2	2	0
2684	18	2	0	3	3	0	2	370	90	2	2	1
2685	19	0	0	3	1	0	0	107	590	2	2	0
2686	18	1	0	1	1	0	0	419	37	2	2	0
2687	23	1	0	3	3	0	2	324	543	2	0	1
2688	20	3	0	3	1	0	3	461	384	2	2	0
2689	3	1	0	3	3	0	0	86	241	2	2	0
2690	2	0	0	2	0	0	3	128	445	2	2	0
2691	0	0	1	1	3	0	3	478	543	1	2	1
2692	14	1	0	2	0	0	0	370	512	1	2	0
2693	19	4	0	4	1	0	2	414	426	2	2	0
2694	6	0	0	2	1	0	0	391	201	2	2	0
2695	5	0	0	2	3	0	0	551	401	1	2	0
2696	0	6	0	1	3	0	2	370	432	2	1	1
2697	21	1	0	1	3	0	3	179	606	2	2	1
2698	14	0	0	3	0	0	2	218	543	2	1	1
2699	3	6	0	1	3	0	0	502	191	1	2	0
2700	1	0	0	1	1	0	2	370	340	1	2	1
2701	19	3	0	1	1	0	3	502	678	1	2	0
2702	15	0	0	2	1	0	2	159	222	1	2	0
2703	17	2	0	3	3	0	3	370	294	2	2	0
2704	0	4	0	1	3	0	1	502	281	2	2	0
2705	22	1	0	2	3	0	2	187	378	2	2	0
2706	20	2	0	3	1	0	2	566	51	2	2	0
2707	14	3	0	3	0	0	3	186	284	2	2	0
2708	3	1	0	3	1	0	2	212	571	2	2	0
2709	18	4	0	1	1	0	2	370	496	1	1	1
2710	3	0	0	2	3	0	2	127	340	2	2	0
2711	2	5	1	1	3	0	0	155	496	2	2	0
2712	23	4	0	2	3	0	0	478	543	1	2	0
2713	22	4	0	3	3	0	2	370	55	2	2	0
2714	3	1	0	3	3	0	2	324	90	2	2	0
2715	0	2	0	4	0	1	1	218	234	2	2	0
2716	2	0	0	1	3	0	2	391	223	1	2	0
2717	1	1	0	1	3	1	0	502	436	2	2	0
2718	14	5	0	1	0	0	2	114	543	1	2	1
2719	9	1	0	4	2	0	3	324	20	2	2	0
2720	18	1	0	3	1	0	2	391	3	2	2	0
2721	0	1	0	1	3	0	2	121	78	2	1	1
2722	17	1	0	2	1	0	2	480	543	2	2	0
2723	15	3	0	1	3	0	1	414	398	2	2	0
2724	2	0	0	3	3	0	2	370	55	2	2	0
2725	15	1	0	1	3	0	0	328	252	2	2	0
2726	15	5	1	1	0	0	1	502	15	2	1	1
2727	16	5	1	3	0	1	0	502	571	2	2	0
2728	20	3	0	1	1	1	0	125	241	1	2	0
2729	0	2	0	1	3	0	0	370	543	3	2	0
2730	13	1	0	1	0	0	2	324	241	1	2	1
2731	2	0	0	2	3	0	3	370	174	2	2	0
2732	23	6	0	1	3	0	2	324	543	2	1	0
2733	16	5	1	3	0	0	2	532	420	2	2	0
2734	22	2	0	1	3	0	0	446	241	2	0	0
2735	15	3	0	3	0	0	3	478	43	2	2	0
2736	0	0	0	1	1	1	0	429	571	2	2	0
2737	15	1	0	1	0	1	1	519	322	1	2	0
2738	18	0	0	1	1	0	0	502	37	2	2	0
2739	17	0	0	1	1	0	2	125	487	2	2	0
2740	2	2	0	2	0	0	3	498	426	2	2	0
2741	19	0	0	1	3	0	2	324	241	2	1	1
2742	15	0	0	3	3	0	0	218	223	1	2	1
2743	1	5	0	1	3	0	2	324	94	2	1	1
2744	2	5	1	3	3	0	0	502	241	1	2	0
2745	0	0	0	3	0	0	2	419	661	2	2	0
2746	17	0	0	2	3	1	0	43	223	1	2	0
2747	2	2	0	3	3	0	3	502	496	1	2	0
2748	14	2	0	2	0	0	3	478	191	1	2	1
2749	1	4	0	1	3	0	0	288	543	2	2	1
2750	20	2	0	1	1	0	2	419	602	2	2	0
2751	18	6	0	3	1	0	3	230	42	2	2	0
2752	14	4	0	3	0	0	2	384	55	2	2	0
2753	14	2	0	3	0	0	2	360	579	3	2	0
2754	16	2	0	1	0	0	2	350	496	1	2	0
2755	23	5	0	3	3	0	3	357	543	2	0	1
2756	18	6	0	2	3	0	2	398	426	2	2	0
2757	17	1	0	2	1	0	0	218	543	1	2	0
2758	5	4	0	1	1	0	3	444	3	2	2	0
2759	2	1	0	3	3	0	2	414	543	2	1	1
2760	3	1	0	1	3	0	2	142	55	2	2	0
2761	15	1	0	3	0	1	0	370	543	2	2	0
2762	15	5	0	2	3	0	3	218	378	2	2	0
2763	8	2	0	2	1	0	2	391	309	2	2	0
2764	1	4	0	4	0	0	2	370	634	2	2	0
2765	3	1	0	3	3	0	2	370	571	2	2	0
2766	15	6	1	3	0	0	2	267	585	1	2	0
2767	18	1	0	1	1	0	2	318	483	2	2	0
2768	2	3	0	1	0	0	3	405	490	2	2	0
2769	16	6	1	3	0	0	2	464	543	2	2	1
2770	22	3	0	4	3	0	2	293	496	2	2	1
2771	1	5	0	4	3	0	0	478	571	4	2	0
2772	23	6	0	2	3	0	2	461	36	3	2	0
2773	0	5	0	1	3	0	2	482	211	2	0	1
2774	6	4	0	1	3	0	2	116	411	1	0	1
2775	2	1	0	1	3	0	1	190	27	2	2	0
2776	17	6	0	3	3	0	2	218	57	2	1	1
2777	22	5	1	1	3	0	2	81	688	2	2	0
2778	22	5	0	1	3	0	2	66	300	2	2	0
2779	15	4	0	3	0	0	3	551	543	1	1	0
2780	20	6	0	1	3	0	0	502	543	2	1	0
2781	0	0	0	3	1	0	3	235	571	2	2	0
2782	18	3	0	4	0	0	0	551	20	2	2	0
2783	6	2	0	2	2	0	3	310	57	2	2	0
2784	2	2	0	3	3	1	1	218	543	1	2	1
2785	2	5	0	3	1	0	2	463	284	2	2	0
2786	4	6	0	2	1	1	1	159	241	1	2	0
2787	16	0	0	2	0	0	0	391	300	2	2	0
2788	2	4	0	2	3	0	3	506	55	2	2	0
2789	6	5	1	1	0	0	2	502	283	1	2	0
2790	16	0	0	1	0	1	1	296	378	2	2	0
2791	20	0	0	1	1	0	1	324	571	3	2	0
2792	0	0	0	1	1	0	3	81	71	2	2	0
2793	0	5	0	1	0	0	0	462	432	2	2	0
2794	0	4	0	4	0	0	2	218	262	2	2	0
2795	17	2	0	1	1	1	1	218	223	1	2	1
2796	0	3	0	3	3	0	2	532	55	2	2	0
2797	2	2	0	2	3	0	2	37	550	2	0	1
2798	20	1	0	3	1	0	3	107	426	2	2	0
2799	2	0	0	3	3	0	3	324	591	1	1	1
2800	2	2	0	1	1	0	2	370	284	2	2	0
2801	0	5	1	1	3	0	3	502	453	2	2	0
2802	0	1	0	1	3	0	2	72	249	2	2	0
2803	2	6	1	3	3	0	0	419	554	2	2	0
2804	1	0	0	3	3	0	0	267	16	2	1	0
2805	3	5	0	1	3	0	2	301	543	2	1	1
2806	2	2	0	3	1	0	2	309	399	2	2	0
2807	17	0	0	3	3	0	2	463	66	2	2	0
2808	20	2	0	3	1	0	0	218	401	2	1	1
2809	1	6	0	1	3	0	3	277	543	2	1	0
2810	3	3	0	1	3	0	3	502	496	1	2	0
2811	4	0	0	1	1	0	0	125	571	3	2	0
2812	19	3	0	1	1	1	1	125	378	2	2	0
2813	13	5	1	2	0	0	2	218	294	2	2	0
2814	0	0	0	2	3	0	2	218	41	2	2	0
2815	5	0	0	3	0	0	2	301	3	2	2	0
2816	16	6	1	4	0	0	2	266	543	1	2	0
2817	20	2	0	2	3	0	2	328	496	2	1	1
2818	13	2	0	2	0	0	2	185	45	1	2	0
2819	21	6	1	4	3	1	1	324	683	2	1	1
2820	14	2	0	4	0	0	0	547	309	2	2	0
2821	21	5	1	2	3	0	3	478	241	1	2	0
2822	0	6	0	1	3	0	3	436	496	1	2	0
2823	1	1	0	4	3	0	0	385	130	1	2	1
2824	3	6	0	2	3	0	2	502	340	2	0	0
2825	23	2	0	4	3	0	3	185	561	2	2	0
2826	0	4	0	3	3	0	3	478	123	1	0	1
2827	18	4	0	1	1	0	1	125	570	2	2	0
2828	4	3	0	4	0	0	2	502	502	2	2	0
2829	13	3	0	2	3	0	2	35	51	2	1	1
2830	21	6	1	1	3	0	0	478	49	2	2	0
2831	23	5	1	2	3	0	0	324	43	2	2	0
2832	0	2	0	4	3	0	3	502	378	3	2	0
2833	8	2	1	4	1	0	1	125	348	2	0	0
2834	17	3	0	1	1	1	0	391	273	2	2	0
2835	2	1	0	2	0	0	0	317	388	2	2	0
2836	2	4	0	2	3	0	0	478	241	2	2	0
2837	1	0	0	3	3	1	1	324	194	2	2	0
2838	0	2	0	3	3	0	3	370	284	2	2	0
2839	19	6	0	1	3	0	2	478	131	2	2	1
2840	0	5	0	1	3	0	1	10	16	1	2	0
2841	23	0	0	4	3	0	2	230	543	2	1	0
2842	1	2	0	3	3	1	0	289	261	1	2	0
2843	1	0	0	3	3	0	2	414	377	2	1	1
2844	2	1	0	3	3	0	2	502	130	1	2	1
2845	19	5	0	2	1	0	2	391	43	2	2	0
2846	18	0	0	1	1	0	1	125	324	2	2	0
2847	0	2	0	3	3	0	1	370	304	4	2	0
2848	18	0	0	2	1	0	2	478	294	2	2	0
2849	1	0	0	2	3	0	2	370	258	2	2	0
2850	17	6	0	4	1	0	2	52	543	1	2	0
2851	21	0	0	3	3	0	3	332	283	2	2	0
2852	15	0	0	1	0	0	0	370	553	3	2	0
2853	19	3	0	1	3	0	2	391	273	2	2	0
2854	19	2	0	2	3	0	2	328	129	2	1	1
2855	2	3	0	2	3	0	2	63	603	2	2	0
2856	20	0	0	3	3	0	2	370	51	2	1	1
2857	22	6	1	3	3	0	2	416	139	2	2	0
2858	11	0	0	4	2	0	0	80	234	2	2	0
2859	19	6	1	2	3	0	2	296	543	1	2	0
2860	2	6	0	1	3	0	2	244	625	2	2	0
2861	3	1	0	1	3	1	1	414	543	3	1	1
2862	16	0	0	1	3	0	1	234	298	2	2	0
2863	19	2	0	4	1	0	3	218	442	2	2	0
2864	19	2	0	2	1	0	2	461	550	1	2	0
2865	1	4	0	3	3	0	1	414	223	1	2	0
2866	3	6	0	4	3	0	2	419	264	2	0	0
2867	20	6	0	1	3	0	0	414	169	2	2	0
2868	17	0	0	2	1	0	0	414	251	1	2	0
2869	18	1	0	4	1	0	2	478	307	2	2	0
2870	1	5	0	3	3	0	2	125	646	3	1	0
2871	0	1	0	2	0	1	1	414	94	3	2	1
2872	18	3	0	3	3	0	2	429	49	2	2	0
2873	19	6	0	2	3	0	2	0	401	1	2	1
2874	23	5	0	2	3	0	2	149	401	2	1	1
2875	22	4	0	3	3	0	2	153	16	2	1	1
2876	1	6	0	3	1	0	2	339	440	2	2	0
2877	19	5	1	2	1	0	0	414	543	1	1	0
2878	2	3	1	2	3	0	2	370	496	1	2	0
2879	3	5	0	3	3	0	2	391	496	2	0	1
2880	2	5	0	3	3	0	2	218	51	2	1	1
2881	1	2	0	1	3	0	2	37	520	2	2	1
2882	1	1	0	1	0	0	2	3	43	2	2	0
2883	23	0	0	1	3	0	3	179	0	1	2	0
2884	18	4	0	4	1	1	0	419	229	2	2	0
2885	2	2	0	3	3	0	3	391	543	1	2	0
2886	19	0	0	2	3	0	2	502	214	2	2	0
2887	0	4	0	4	3	0	3	339	123	1	2	0
2888	0	5	0	1	0	0	3	391	378	2	2	0
2889	0	0	0	3	3	0	0	303	543	2	2	0
2890	1	4	0	1	3	0	0	125	315	2	1	1
2891	0	1	0	1	3	0	2	80	281	2	2	0
2892	19	3	0	3	3	0	0	370	631	2	2	0
2893	17	5	1	2	1	0	3	551	296	4	2	0
2894	4	1	0	3	3	0	1	502	294	2	2	0
2895	23	6	1	2	3	0	3	68	520	2	1	1
2896	1	2	0	3	3	0	2	125	543	2	2	0
2897	5	0	0	1	1	1	1	267	222	3	2	0
2898	17	0	0	1	1	0	3	443	532	2	2	0
2899	0	0	0	1	3	0	0	370	543	2	1	1
2900	16	1	0	1	0	0	3	28	214	2	2	0
2901	0	1	0	2	3	0	3	328	660	2	2	0
2902	12	5	1	1	0	0	2	551	43	2	2	0
2903	1	2	0	3	3	0	2	218	33	2	2	0
2904	12	0	0	3	0	0	1	327	46	1	2	0
2905	23	3	0	3	3	0	3	444	89	2	2	0
2906	12	4	0	2	0	1	1	432	241	2	2	0
2907	0	0	0	1	0	0	0	199	48	2	2	0
2908	21	1	0	4	3	0	2	324	561	2	2	0
2909	0	6	1	3	3	0	3	391	304	2	2	0
2910	16	2	0	2	0	0	2	550	584	2	2	0
2911	22	6	0	3	3	0	3	419	241	1	2	0
2912	14	6	1	2	0	0	3	502	149	2	2	0
2913	17	1	0	4	1	0	0	414	599	1	2	0
2914	17	5	1	1	1	0	3	107	42	2	2	0
2915	9	0	0	2	1	0	2	370	238	2	2	0
2916	0	1	0	4	3	1	0	370	508	1	2	0
2917	2	2	0	3	3	0	2	61	426	2	2	0
2918	14	6	1	4	0	0	2	143	33	2	2	0
2919	7	5	1	3	1	0	2	324	3	2	2	0
2920	21	1	0	1	3	0	1	478	222	1	2	0
2921	0	5	0	1	3	0	2	370	34	2	1	0
2922	22	3	0	4	3	0	1	164	16	2	2	0
2923	21	4	0	1	3	0	2	370	178	2	2	0
2924	22	5	0	2	3	0	3	502	309	2	2	0
2925	1	4	0	1	3	0	2	543	55	2	2	0
2926	3	0	0	4	3	0	2	419	2	2	2	0
2927	16	2	0	4	3	0	0	478	212	1	2	0
2928	4	0	0	3	3	0	2	457	71	2	2	0
2929	11	1	0	3	0	0	2	370	314	2	2	0
2930	0	4	0	2	3	0	2	370	90	2	2	0
2931	13	1	0	1	0	1	0	218	371	2	2	0
2932	15	2	0	3	3	0	1	185	171	1	2	0
2933	20	4	0	4	1	0	3	391	371	2	2	0
2934	14	1	0	1	3	0	3	414	629	2	2	0
2935	21	0	0	2	3	0	2	461	324	1	0	0
2936	20	1	0	2	1	0	0	280	487	2	2	0
2937	0	2	0	3	3	0	0	218	543	1	0	1
2938	21	2	1	1	3	0	2	72	43	2	2	0
2939	22	0	0	4	3	0	3	419	512	2	2	0
2940	0	1	0	2	3	0	2	478	200	2	2	0
2941	3	1	0	2	1	0	2	159	169	1	2	0
2942	15	5	1	2	0	0	2	521	487	2	2	0
2943	1	0	0	4	3	0	2	328	129	3	1	1
2944	2	1	0	1	3	0	0	203	386	2	2	0
2945	18	6	1	1	1	0	2	370	590	2	2	0
2946	14	3	0	2	3	0	0	478	401	1	0	1
2947	20	0	0	3	1	0	0	185	42	2	2	0
2948	0	1	0	1	3	0	2	391	432	2	1	1
2949	19	2	0	4	1	0	0	414	272	2	2	0
2950	5	5	0	1	3	0	2	370	543	1	2	0
2951	14	3	0	3	0	0	0	37	309	2	2	0
2952	4	5	1	3	2	0	2	218	673	2	2	0
2953	3	6	1	3	3	0	2	478	543	1	2	1
2954	0	1	0	3	0	0	2	218	571	2	2	0
2955	2	0	0	3	3	0	2	324	33	2	1	1
2956	16	0	0	4	0	0	3	478	61	2	2	0
2957	18	0	0	1	1	0	2	391	273	2	2	1
2958	14	3	0	3	0	0	2	463	55	3	2	0
2959	2	1	0	1	3	1	0	218	401	1	2	0
2960	1	0	0	2	1	0	0	328	16	1	2	0
2961	22	3	0	4	3	0	3	4	571	2	2	0
2962	21	4	0	4	3	0	3	391	42	2	2	0
2963	16	2	0	1	0	0	2	218	16	1	2	0
2964	17	2	0	2	1	0	0	143	273	2	2	0
2965	18	3	0	4	1	0	2	334	167	2	2	0
2966	14	5	0	2	1	0	1	310	304	2	2	0
2967	0	0	0	2	3	0	2	328	671	2	2	0
2968	21	6	0	1	3	0	2	16	94	1	2	1
2969	1	1	0	3	3	0	3	261	322	2	2	0
2970	18	1	0	1	1	0	2	419	644	2	2	0
2971	4	0	0	3	3	0	2	370	553	2	1	0
2972	16	1	0	4	0	0	2	37	55	2	2	0
2973	21	0	0	1	3	0	3	551	629	2	2	0
2974	1	0	0	1	3	0	0	478	43	2	2	0
2975	0	3	0	4	3	0	2	414	543	2	2	1
2976	2	3	0	2	1	0	1	414	306	2	2	0
2977	4	0	0	3	3	0	2	324	214	2	2	0
2978	21	1	0	1	3	0	3	370	57	1	2	0
2979	19	0	0	2	3	0	3	80	179	2	1	1
2980	19	0	0	1	0	0	3	370	531	2	2	0
2981	11	0	0	1	1	0	0	419	48	2	2	0
2982	16	0	0	1	0	0	2	523	567	2	2	0
2983	14	0	0	1	0	0	2	423	512	2	2	0
2984	2	4	0	3	1	1	1	37	246	2	2	0
2985	11	1	0	2	2	0	2	370	581	2	2	0
2986	21	2	0	3	3	0	3	478	101	2	2	0
2987	2	2	0	2	3	0	2	374	223	1	2	0
2988	16	3	0	4	0	0	2	532	530	2	2	0
2989	20	2	0	1	0	0	2	37	346	1	2	0
2990	4	5	0	1	3	0	2	324	3	2	2	0
2991	18	0	0	1	1	0	3	324	55	3	2	0
2992	1	3	0	1	1	0	3	324	496	2	2	0
2993	20	1	0	2	1	0	3	185	309	2	2	0
2994	1	4	0	3	3	0	2	414	460	2	0	1
2995	20	6	1	1	1	0	3	414	46	3	2	0
2996	1	1	0	2	3	0	3	370	543	2	2	0
2997	13	3	0	3	0	0	3	436	281	2	2	0
2998	16	5	1	2	0	0	0	53	16	2	2	0
2999	20	6	0	3	3	0	3	370	51	2	1	1
3000	15	1	0	1	0	0	0	50	483	2	2	0
3001	15	2	0	2	0	0	2	218	571	2	2	0
3002	15	0	0	3	3	0	3	107	42	2	2	0
3003	5	3	0	3	3	0	3	391	55	2	2	0
3004	2	1	0	3	3	0	2	80	543	2	0	0
3005	0	0	0	1	0	0	2	218	121	4	2	0
3006	1	2	0	1	1	0	2	108	346	2	2	1
3007	15	4	0	1	0	0	2	478	440	2	2	0
3008	14	0	0	2	0	1	1	370	318	3	2	0
3009	15	0	0	4	0	0	2	37	689	2	2	0
3010	16	3	0	2	0	0	3	43	294	2	2	0
3011	0	0	0	2	3	0	2	532	106	2	2	0
3012	1	5	1	3	3	0	2	107	404	2	2	0
3013	0	4	0	1	3	0	0	414	550	1	2	0
3014	4	1	1	3	0	0	2	87	346	1	2	0
3015	15	1	0	2	3	0	0	461	238	2	2	0
3016	1	1	0	1	3	1	1	370	543	1	2	0
3017	20	0	0	1	1	0	1	478	3	2	2	0
3018	17	4	0	1	3	0	2	328	241	2	2	0
3019	22	0	0	3	3	0	2	419	28	2	2	0
3020	23	0	0	2	3	0	3	324	543	1	2	0
3021	11	4	0	2	0	0	3	532	130	2	2	0
3022	17	0	0	3	3	0	2	116	46	2	2	0
3023	13	1	0	2	0	0	2	90	482	2	2	0
3024	16	0	0	2	0	0	1	324	377	2	2	0
3025	0	2	0	4	3	0	3	414	55	2	2	0
3026	0	0	0	2	1	0	0	218	571	1	2	0
3027	19	1	0	3	1	0	2	378	344	2	2	0
3028	0	4	0	4	1	0	2	426	169	1	2	0
3029	0	3	0	1	3	0	2	502	214	2	2	0
3030	0	4	0	4	3	1	1	324	463	2	2	0
3031	1	0	0	1	3	0	0	365	180	2	2	0
3032	0	4	0	3	3	1	1	436	222	2	2	0
3033	23	1	0	1	3	0	2	271	401	1	2	0
3034	15	0	0	1	3	0	2	2	81	1	0	1
3035	14	0	0	2	0	0	1	80	241	2	2	0
3036	21	2	0	3	3	0	0	121	694	2	2	0
3037	0	2	0	2	3	0	2	185	426	2	2	0
3038	4	4	0	2	3	0	3	502	624	2	2	0
3039	2	4	0	1	2	1	1	125	171	2	2	0
3040	23	2	0	4	3	0	2	502	284	2	2	0
3041	2	1	0	4	3	0	2	328	496	1	0	1
3042	0	6	0	2	3	0	2	377	55	2	2	0
3043	14	0	0	3	0	0	2	370	61	2	2	0
3044	21	0	0	1	3	0	2	328	379	2	1	1
3045	19	6	1	3	1	0	2	324	129	2	1	0
3046	0	2	0	4	3	0	3	444	229	2	2	0
3047	0	5	1	4	3	0	3	502	340	1	2	0
3048	0	5	0	2	3	0	2	523	543	2	1	1
3049	0	3	0	2	3	0	3	370	55	2	2	0
3050	4	4	0	1	1	0	0	10	426	2	2	0
3051	22	4	0	4	3	0	0	324	90	1	2	0
3052	0	5	0	1	3	0	2	532	496	2	2	0
3053	17	5	1	2	1	0	3	357	309	2	2	0
3054	14	5	0	2	1	0	2	454	241	2	2	0
3055	20	1	0	4	3	0	3	370	663	2	2	0
3056	15	3	1	1	0	0	2	370	170	2	2	0
3057	18	0	0	1	1	0	3	202	420	2	2	0
3058	1	1	0	4	3	0	3	414	591	1	1	0
3059	18	1	0	2	3	0	1	4	119	1	2	0
3060	14	6	0	1	0	0	0	43	45	1	2	0
3061	1	2	0	1	3	0	2	48	16	2	1	0
3062	12	1	0	2	0	0	3	360	364	2	2	0
3063	5	0	0	1	3	0	3	289	309	3	2	0
3064	4	4	0	3	3	0	2	391	103	2	2	0
3065	0	4	0	4	3	0	2	346	543	1	2	0
3066	0	5	1	3	3	0	3	296	55	2	2	0
3067	2	3	0	1	3	0	2	328	51	2	1	0
3068	1	3	0	1	3	0	2	127	543	2	0	1
3069	20	4	0	3	1	0	3	159	262	2	2	0
3070	2	1	0	1	3	0	2	370	55	2	2	0
3071	0	5	0	2	1	1	0	478	350	2	2	1
3072	2	0	0	2	3	0	2	328	264	2	1	0
3073	3	1	0	2	3	0	3	37	634	3	2	0
3074	1	6	1	1	3	0	2	35	340	2	1	1
3075	19	0	0	3	1	0	2	243	678	2	2	0
3076	14	0	0	1	0	0	2	140	3	2	2	0
3077	17	2	0	2	1	0	3	478	639	2	2	0
3078	1	3	0	1	1	0	3	328	543	2	1	0
3079	3	1	0	3	0	0	3	36	401	1	2	0
3080	1	2	0	2	3	0	2	327	294	2	2	0
3081	6	2	0	1	1	0	3	502	305	2	2	0
3082	0	0	0	3	3	0	2	88	50	1	2	0
3083	14	1	0	3	0	0	0	16	3	2	2	0
3084	3	0	0	1	3	0	2	328	284	2	2	0
3085	0	5	1	1	3	0	2	384	340	2	2	0
3086	20	4	0	4	3	0	3	370	571	2	2	0
3087	3	2	0	4	3	0	1	334	543	1	2	1
3088	17	0	0	3	3	0	0	381	214	2	2	0
3089	15	5	1	3	0	1	1	218	3	2	2	0
3090	0	6	1	2	1	0	2	125	241	2	2	0
3091	3	5	1	1	3	0	3	80	340	3	1	0
3092	18	6	1	3	1	0	2	478	508	1	2	0
3093	19	0	0	3	1	0	2	478	393	2	2	0
3094	1	3	0	3	3	0	2	370	229	2	2	0
3095	16	0	0	2	1	0	0	134	661	2	2	0
3096	12	2	0	3	0	0	2	334	294	2	2	0
3097	0	0	0	1	0	1	1	218	300	2	2	0
3098	4	2	0	2	0	0	2	478	351	2	2	0
3099	21	3	0	1	3	0	2	478	309	3	2	0
3100	23	1	0	3	3	0	2	502	625	2	1	1
3101	4	0	0	1	3	0	0	127	41	2	2	0
3102	21	4	0	1	3	0	2	370	530	2	2	0
3103	16	0	0	4	1	0	2	370	401	1	2	0
3104	1	2	0	3	3	0	1	213	289	2	2	0
3105	19	0	0	3	1	0	3	296	222	2	2	0
3106	19	6	0	2	1	0	2	370	130	1	2	1
3107	4	1	0	2	3	1	1	63	571	3	2	0
3108	4	2	0	1	0	0	2	478	571	2	2	0
3109	2	1	0	4	3	0	2	244	55	2	2	0
3110	16	0	0	4	0	1	0	218	488	2	2	0
3111	15	1	1	4	0	1	0	357	130	2	2	1
3112	0	2	0	3	3	0	3	370	609	2	2	0
3113	19	2	0	2	3	0	2	328	98	1	2	0
3114	0	0	0	2	3	0	1	72	304	2	2	0
3115	13	0	0	4	0	0	0	324	347	2	2	0
3116	2	6	1	1	3	0	2	562	42	2	2	0
3117	0	1	0	1	1	0	2	391	340	1	2	1
3118	14	0	0	4	0	0	3	180	241	1	2	0
3119	0	0	0	2	3	0	2	370	543	2	2	0
3120	22	0	0	1	3	0	2	370	543	2	1	1
3121	18	3	0	1	1	0	2	277	489	2	2	0
3122	0	3	1	2	3	0	3	70	553	1	0	0
3123	15	0	0	1	0	0	2	37	42	2	2	0
3124	2	6	0	2	3	0	0	414	53	2	1	1
3125	15	0	0	4	0	0	1	238	694	2	2	0
3126	1	4	0	4	3	0	0	370	543	1	2	0
3127	21	6	0	3	3	0	2	30	587	1	2	0
3128	1	1	0	1	3	0	1	343	194	2	2	0
3129	0	0	0	2	0	0	2	370	530	2	2	0
3130	17	2	0	3	1	0	2	37	43	2	2	0
3131	11	1	0	3	3	0	0	246	543	1	2	0
3132	20	5	1	4	1	0	3	339	43	2	2	0
3133	14	2	0	1	0	0	2	551	55	2	2	0
3134	0	4	0	2	3	0	2	139	543	2	2	0
3135	3	0	0	3	3	0	1	370	543	1	2	0
3136	1	1	0	2	3	0	2	391	243	1	2	0
3137	1	2	0	1	0	0	1	370	550	1	2	0
3138	1	6	0	4	3	0	2	328	543	1	2	0
3139	2	1	0	1	0	0	2	81	55	2	2	0
3140	15	4	0	1	0	0	3	72	294	2	2	0
3141	17	6	1	4	1	0	3	403	130	1	2	1
3142	0	2	0	4	3	0	2	414	483	2	2	0
3143	5	0	0	1	1	0	2	43	426	2	2	0
3144	22	6	1	3	3	0	3	502	48	2	2	0
3145	16	5	1	1	0	0	2	370	309	2	2	0
3146	16	3	0	2	3	0	0	61	45	2	0	1
3147	1	5	1	2	3	0	2	370	314	2	2	0
3148	18	2	0	2	0	0	2	30	496	1	2	0
3149	15	4	0	1	0	0	2	1	629	2	2	0
3150	20	0	0	1	1	0	1	324	222	2	2	0
3151	14	6	1	1	0	0	3	365	130	1	2	0
3152	0	1	0	1	3	0	0	177	352	2	2	0
3153	17	3	0	1	3	0	2	391	690	2	0	1
3154	2	5	1	2	3	1	1	218	196	1	2	0
3155	13	0	0	4	3	0	0	532	294	2	2	0
3156	2	0	0	2	3	0	2	299	543	2	2	0
3157	13	3	0	2	0	0	2	370	241	2	2	0
3158	0	3	0	3	3	0	2	296	55	2	2	0
3159	22	5	0	3	3	0	3	478	593	2	2	0
3160	14	0	0	2	0	0	2	324	309	2	2	0
3161	6	5	1	2	2	1	0	502	571	3	2	0
3162	20	0	0	2	3	1	1	326	391	1	2	0
3163	21	1	0	2	3	0	2	356	543	1	2	0
3164	1	0	0	3	3	0	0	414	171	2	2	0
3165	17	1	0	4	1	0	3	308	543	2	2	0
3166	11	0	0	1	0	0	3	511	55	2	2	0
3167	18	4	0	3	1	0	2	391	43	2	2	0
3168	16	4	0	2	0	1	1	218	223	1	2	0
3169	4	0	0	4	3	1	0	218	432	2	1	0
3170	4	0	0	1	3	0	3	360	115	2	2	0
3171	1	4	0	3	3	0	0	142	43	2	2	0
3172	16	3	0	1	0	0	2	478	689	2	2	0
3173	13	6	0	4	0	0	0	218	3	2	2	0
3174	18	1	0	1	3	0	2	37	543	1	2	0
3175	4	1	0	2	3	0	0	419	543	2	1	1
3176	19	3	0	2	1	0	1	45	123	1	2	0
3177	1	0	0	2	3	1	1	218	20	2	2	0
3178	2	1	0	1	3	0	2	445	223	1	2	0
3179	23	0	0	2	3	0	2	414	317	2	2	0
3180	16	1	0	2	0	0	3	114	183	2	2	0
3181	23	0	0	1	3	0	3	324	228	2	2	0
3182	16	2	0	2	0	0	3	244	688	2	2	0
3183	0	1	0	3	3	0	3	551	167	1	2	0
3184	0	0	0	1	1	0	2	391	199	2	2	0
3185	1	3	0	1	3	0	2	444	487	2	2	0
3186	20	1	0	3	1	0	0	16	241	2	1	1
3187	19	5	0	3	1	0	3	370	629	2	2	0
3188	14	1	0	3	0	0	2	159	281	2	2	0
3189	4	6	0	3	3	0	2	384	123	1	2	0
3190	2	1	0	3	3	0	2	324	543	2	1	0
3191	2	5	1	2	3	1	0	444	288	2	2	0
3192	17	6	0	3	1	0	0	502	179	1	2	0
3193	17	6	0	2	1	0	3	498	212	1	2	1
3194	2	2	0	4	3	0	2	370	169	1	2	0
3195	1	4	0	4	3	0	2	218	571	1	2	0
3196	16	3	0	3	3	0	0	370	432	2	1	0
3197	11	2	0	3	2	0	2	218	530	2	2	0
3198	17	1	0	3	1	1	0	370	281	2	2	0
3199	1	6	1	3	3	1	1	125	241	2	2	0
3200	19	2	0	4	1	0	3	370	262	2	2	0
3201	14	1	0	4	0	0	3	61	241	2	2	0
3202	18	1	0	3	1	0	3	391	7	2	2	0
3203	0	3	0	3	3	0	1	370	543	1	2	0
3204	22	2	0	2	3	0	0	310	241	2	2	0
3205	13	4	0	2	0	0	2	370	229	2	2	0
3206	21	6	1	3	3	0	2	532	223	2	2	0
3207	1	1	0	1	3	0	2	551	222	2	2	0
3208	4	6	1	3	3	0	0	69	543	2	2	0
3209	2	0	0	3	3	1	1	125	666	2	2	0
3210	3	3	0	4	0	0	2	262	42	2	2	0
3211	13	0	0	2	0	0	0	72	318	2	2	0
3212	0	2	0	3	3	0	3	40	130	2	2	1
3213	1	6	1	4	3	0	2	370	163	2	1	0
3214	2	6	0	1	3	0	2	218	587	1	2	0
3215	22	1	0	4	3	0	3	72	590	2	2	0
3216	15	5	0	3	3	0	2	391	130	1	2	1
3217	14	2	0	1	1	0	0	495	628	1	1	0
3218	20	1	0	2	3	0	0	527	88	2	2	0
3219	15	5	0	1	3	0	3	328	377	2	1	1
3220	16	5	0	4	1	0	2	281	46	1	2	1
3221	20	4	0	3	3	0	2	313	397	2	0	1
3222	16	2	0	1	1	0	2	328	428	2	2	0
3223	2	6	0	3	3	0	3	196	322	2	2	1
3224	0	5	1	2	3	0	2	391	38	2	2	0
3225	16	3	0	3	0	0	3	214	543	1	2	0
3226	3	4	1	1	3	0	0	348	571	2	2	0
3227	16	4	1	1	1	0	2	324	241	1	2	1
3228	21	0	0	3	3	0	3	506	580	2	2	0
3229	23	4	0	1	3	0	2	370	543	2	2	0
3230	21	2	0	2	3	1	1	391	229	2	2	0
3231	16	5	0	4	3	0	2	461	543	2	2	0
3232	16	0	0	1	0	0	2	170	318	2	2	0
3233	2	2	0	2	0	0	0	324	367	2	2	0
3234	14	1	0	3	0	0	2	271	219	2	2	1
3235	13	4	0	4	3	0	1	478	585	2	2	1
3236	13	5	1	4	0	1	1	530	55	1	2	0
3237	3	0	0	1	3	0	1	37	3	2	2	1
3238	16	3	0	1	0	0	0	62	43	2	2	0
3239	14	1	0	2	0	0	3	370	90	1	2	0
3240	2	1	0	3	3	0	2	301	614	2	1	1
3241	13	0	0	3	0	1	1	441	591	1	1	0
3242	1	4	0	2	1	0	3	478	236	2	2	0
3243	21	1	0	3	3	1	1	461	294	2	2	0
3244	2	0	0	2	1	0	2	218	223	1	2	1
3245	2	1	0	2	3	0	3	518	217	2	2	0
3246	4	2	0	1	3	0	0	370	39	2	2	0
3247	19	1	0	2	3	0	1	461	340	2	1	0
3248	1	3	0	1	3	0	2	310	130	1	2	0
3249	3	5	0	3	3	0	2	502	119	2	0	0
3250	18	1	0	1	1	0	2	81	579	2	2	0
3251	2	3	0	1	1	0	2	414	195	2	2	0
3252	16	1	0	3	0	0	2	478	543	1	2	0
3253	0	0	0	1	3	0	0	563	520	2	1	1
3254	3	2	0	2	3	0	2	330	67	2	2	0
3255	17	6	0	3	3	0	2	324	90	2	1	1
3256	1	4	0	2	3	0	3	45	241	3	2	0
3257	3	2	0	1	3	1	1	328	571	3	2	0
3258	0	3	0	1	3	0	0	496	46	1	2	0
3259	0	0	0	3	3	0	3	370	340	2	1	1
3260	0	0	0	2	3	0	1	370	322	2	2	0
3261	20	5	0	3	0	0	2	370	241	1	2	1
3262	16	0	0	3	0	0	3	324	486	2	2	0
3263	14	1	0	1	1	0	2	154	283	2	2	0
3264	3	0	0	1	3	0	1	527	57	2	2	0
3265	17	5	0	4	1	0	3	69	90	2	2	0
3266	0	0	0	1	3	0	0	324	85	2	2	0
3267	0	0	0	1	3	0	1	324	42	2	2	0
3268	1	1	0	2	3	0	2	370	543	2	2	0
3269	23	5	0	3	3	0	2	108	377	2	2	0
3270	23	2	0	1	3	0	2	127	587	2	2	0
3271	5	2	0	1	3	0	1	370	43	2	2	0
3272	0	0	0	3	0	0	1	218	300	2	2	0
3273	19	5	0	3	3	0	2	218	174	2	1	1
3274	2	2	0	2	3	0	0	169	143	2	2	0
3275	1	2	0	3	3	0	2	159	49	2	1	0
3276	20	0	0	1	1	1	1	125	46	1	2	0
3277	23	2	0	3	3	0	1	414	357	2	2	0
3278	22	2	0	1	3	0	2	278	51	2	1	1
3279	13	1	0	1	0	0	3	37	298	2	2	0
3280	23	0	0	4	3	0	0	419	273	2	2	0
3281	16	4	0	1	0	0	2	370	130	1	2	1
3282	21	3	0	3	3	0	0	416	588	2	2	0
3283	0	0	0	3	3	0	2	502	38	2	2	0
3284	16	0	0	2	0	0	2	537	21	2	2	0
3285	20	6	0	1	3	0	0	324	156	2	2	0
3286	21	1	0	4	3	0	3	197	534	2	2	0
3287	2	4	0	1	3	0	2	502	43	2	2	0
3288	18	0	0	2	3	0	2	195	543	2	2	0
3289	22	1	0	1	3	0	0	370	241	2	2	0
3290	15	3	0	2	0	0	2	326	440	2	2	0
3291	20	2	0	2	1	0	3	391	42	2	2	0
3292	1	2	0	2	3	0	2	185	283	1	2	0
3293	18	1	0	3	1	0	2	444	42	2	2	0
3294	0	1	0	3	3	0	3	26	309	3	2	0
3295	5	1	0	1	3	0	2	419	680	2	2	0
3296	20	4	0	2	1	1	1	218	587	1	2	0
3297	3	0	0	2	3	0	2	328	223	1	2	0
3298	1	6	1	2	3	0	3	99	318	2	2	0
3299	18	0	0	1	1	0	0	324	81	1	2	0
3300	3	3	0	2	3	0	2	218	472	2	0	0
3301	23	0	0	2	3	0	2	340	51	1	1	0
3302	18	3	0	2	1	0	1	137	366	1	2	0
3303	4	3	0	3	3	0	3	416	432	2	1	1
3304	4	0	0	3	3	0	2	195	43	2	2	0
3305	17	4	0	3	0	0	2	218	16	2	2	0
3306	23	6	0	3	3	0	2	419	318	2	2	0
3307	2	5	1	2	3	0	3	370	55	2	2	0
3308	3	1	0	1	3	0	3	414	284	2	2	0
3309	6	3	0	1	2	0	2	419	466	2	2	0
3310	3	0	0	4	1	0	3	419	489	2	2	0
3311	3	1	0	3	1	0	2	165	43	2	2	0
3312	15	3	0	2	0	1	0	324	532	2	2	0
3313	12	2	0	1	0	0	0	81	440	2	2	0
3314	10	6	0	1	0	0	2	160	543	1	2	0
3315	4	6	0	1	3	0	2	419	496	1	0	0
3316	2	4	0	2	0	0	3	370	571	2	2	0
3317	18	1	0	2	1	0	2	226	241	3	2	0
3318	14	4	0	2	0	0	3	328	55	2	2	0
3319	1	3	0	3	3	0	0	370	543	2	2	0
3320	4	5	1	2	0	0	3	328	241	2	2	0
3321	1	3	0	3	3	0	3	218	543	2	2	0
3322	20	0	0	2	0	0	2	7	432	2	1	1
3323	22	6	1	4	3	0	3	328	142	2	2	0
3324	23	0	0	3	3	0	3	370	111	2	2	0
3325	17	3	0	3	1	1	0	370	426	1	2	0
3326	19	1	0	1	3	1	1	370	241	2	2	0
3327	4	4	0	1	3	0	0	324	60	2	2	0
3328	22	2	0	4	1	0	3	328	406	2	2	0
3329	0	0	0	3	3	0	1	478	57	1	1	1
3330	0	2	0	3	0	0	3	309	341	2	1	0
3331	13	1	0	3	0	0	3	186	344	1	2	0
3332	19	3	0	2	3	0	2	370	553	2	2	0
3333	16	0	0	1	0	0	2	502	512	2	2	0
3334	1	0	0	2	3	0	2	90	41	2	2	0
3335	16	5	1	3	3	0	3	159	401	2	2	0
3336	4	0	0	2	3	0	2	179	571	2	2	0
3337	14	0	0	2	0	0	2	89	512	2	2	0
3338	4	5	0	1	3	0	3	444	222	2	2	0
3339	15	0	0	2	0	1	1	328	518	2	2	0
3340	15	5	0	1	0	1	1	296	241	2	2	0
3341	1	3	0	2	0	0	3	413	167	2	2	0
3342	0	0	0	1	3	0	1	448	300	2	2	0
3343	19	6	1	3	1	0	2	185	426	2	2	0
3344	21	2	0	3	3	0	3	183	284	2	2	0
3345	2	1	0	4	0	1	1	370	571	3	2	0
3346	18	0	0	1	1	0	2	4	120	2	2	0
3347	0	4	0	4	3	0	2	450	16	2	2	0
3348	18	0	0	2	1	0	0	448	543	2	0	0
3349	17	4	0	3	3	0	2	350	543	1	2	1
3350	8	1	0	2	0	0	3	93	18	2	2	0
3351	5	3	0	2	3	0	3	275	43	2	2	0
3352	2	6	1	1	3	0	3	391	43	2	2	0
3353	3	1	0	2	3	0	0	328	550	2	2	0
3354	1	4	0	1	3	0	2	444	550	1	2	0
3355	21	3	0	1	3	0	3	81	694	2	2	0
3356	20	2	0	2	1	0	2	43	71	2	2	0
3357	18	2	0	1	0	0	2	478	55	3	2	0
3358	0	6	1	1	3	0	3	218	530	2	2	0
3359	0	1	0	3	1	0	3	527	294	3	2	0
3360	17	6	0	3	1	0	0	61	214	2	2	0
3361	2	6	0	1	1	0	2	54	174	2	2	0
3362	22	0	0	1	3	0	3	419	162	2	2	0
3363	1	3	0	2	3	0	2	383	606	2	0	0
3364	2	5	1	3	3	0	1	370	496	2	2	0
3365	19	2	0	2	3	0	2	324	543	2	1	1
3366	14	1	0	1	0	0	1	429	42	2	2	0
3367	1	2	1	1	0	0	0	125	241	2	1	1
3368	5	3	0	2	3	0	2	125	420	2	2	0
3369	1	1	0	2	3	0	2	125	283	2	2	0
3370	3	1	0	4	3	0	3	419	74	2	2	0
3371	0	1	0	2	2	0	3	502	378	2	2	0
3372	18	0	0	1	1	0	2	159	43	2	2	0
3373	21	6	0	2	3	0	2	146	543	2	1	0
3374	23	1	0	3	3	0	2	532	340	2	2	0
3375	19	1	0	1	3	0	2	328	317	1	1	0
3376	21	3	0	2	3	0	2	372	512	2	2	0
3377	2	0	0	1	3	0	1	370	294	2	2	0
3378	3	1	1	1	0	0	0	111	200	2	2	0
3379	16	1	0	3	0	0	1	196	43	2	2	0
3380	15	0	0	2	0	0	2	370	145	2	2	0
3381	22	0	0	3	3	0	0	232	565	1	2	0
3382	4	2	0	3	3	0	2	37	658	2	0	1
3383	0	0	0	3	3	0	2	257	142	2	2	0
3384	17	1	0	1	3	0	0	162	241	3	1	0
3385	4	1	0	3	3	0	3	370	33	2	2	0
3386	18	0	0	3	1	0	2	324	22	2	2	0
3387	23	6	0	1	3	0	0	278	401	1	2	0
3388	2	5	1	2	3	0	2	324	322	1	2	1
3389	3	0	0	4	3	1	0	370	33	3	2	0
3390	3	0	0	3	3	0	3	147	51	2	1	1
3391	19	3	0	1	3	0	2	383	543	2	0	1
3392	1	1	0	4	3	0	3	272	321	2	2	0
3393	16	4	0	1	0	0	3	502	571	4	2	0
3394	21	4	0	1	3	0	3	142	294	2	2	0
3395	15	0	0	1	0	0	1	88	598	3	2	0
3396	3	2	0	3	1	0	1	370	284	2	2	0
3397	5	6	1	2	3	0	3	45	90	1	2	0
3398	21	1	0	3	3	0	2	328	169	1	0	1
3399	2	6	0	1	3	1	1	502	57	2	1	1
3400	17	2	0	1	3	0	0	43	550	2	2	0
3401	21	0	0	1	3	0	0	218	543	2	2	0
3402	19	0	0	1	3	0	3	527	550	2	2	1
3403	12	4	0	3	0	0	2	359	113	2	2	0
3404	16	0	0	2	0	0	3	370	487	2	2	0
3405	0	1	0	1	1	0	1	478	657	2	2	0
3406	13	2	0	1	0	0	0	419	543	1	2	1
3407	0	6	0	4	3	0	2	72	543	2	1	0
3408	1	5	0	3	3	0	3	174	548	2	2	0
3409	19	5	1	2	1	0	2	378	487	2	2	0
3410	18	2	0	3	3	0	2	370	317	2	2	0
3411	19	5	1	2	1	0	0	370	358	2	2	0
3412	13	0	0	1	1	0	2	61	3	2	2	0
3413	21	2	0	2	3	0	2	522	426	2	2	0
3414	16	6	0	1	0	0	0	463	49	1	2	0
3415	15	1	0	3	0	0	0	370	661	2	2	0
3416	14	3	0	3	0	0	2	528	294	2	2	0
3417	22	5	1	2	0	1	1	370	543	1	2	0
3418	19	2	0	1	1	0	3	218	678	1	2	0
3419	15	1	0	1	0	0	2	37	378	2	2	0
3420	0	1	0	3	3	0	2	370	496	1	2	0
3421	15	0	0	3	0	0	2	227	223	1	2	0
3422	17	5	1	1	1	0	0	419	170	2	2	0
3423	0	2	0	1	3	0	0	463	3	2	2	0
3424	17	0	0	3	1	1	1	218	378	2	2	0
3425	0	2	0	1	3	0	2	513	543	2	1	0
3426	1	5	0	1	3	0	1	139	543	2	0	0
3427	0	0	0	1	3	0	2	370	471	2	2	0
3428	0	3	1	1	3	0	2	434	261	2	2	0
3429	1	0	0	2	3	0	2	370	487	2	2	0
3430	1	5	1	4	3	0	2	243	354	2	1	0
3431	3	2	0	3	3	0	2	391	507	2	2	0
3432	2	0	0	3	3	0	2	502	307	2	2	0
3433	8	0	0	2	0	0	2	37	17	2	2	0
3434	7	2	0	2	1	0	3	419	234	2	2	0
3435	21	4	0	1	3	0	2	383	309	2	2	0
3436	1	1	0	1	3	0	2	342	283	2	2	0
3437	20	3	0	1	1	0	2	324	241	2	2	0
3438	4	0	0	2	3	0	2	502	88	2	2	0
3439	2	6	0	2	3	0	2	328	476	3	1	0
3440	14	5	1	3	0	0	2	370	42	2	2	0
3441	2	1	0	3	3	0	2	419	625	2	0	0
3442	1	5	0	3	3	0	2	414	496	1	2	1
3443	17	1	0	3	1	0	2	26	378	2	2	0
3444	22	3	0	2	3	0	3	478	543	2	2	0
3445	21	6	0	1	3	0	2	324	43	2	1	1
3446	1	2	0	2	3	0	3	93	42	2	2	0
3447	1	2	0	3	0	0	3	414	3	2	2	0
3448	1	0	0	1	3	0	3	289	579	2	2	0
3449	14	0	0	2	0	0	2	218	660	2	2	0
3450	3	1	0	4	3	0	2	37	393	4	2	0
3451	2	5	1	1	3	0	3	327	110	2	2	0
3452	5	6	0	1	0	0	1	328	317	3	2	0
3453	17	3	0	2	3	0	1	370	571	3	2	0
3454	1	0	0	3	3	0	3	371	294	2	2	0
3455	5	4	0	1	0	0	1	457	42	2	2	0
3456	20	0	0	3	1	0	2	34	571	2	2	0
3457	2	0	0	1	3	1	1	391	660	2	1	0
3458	14	1	0	1	0	0	0	527	241	1	2	0
3459	16	5	0	1	1	0	2	370	346	1	2	1
3460	0	1	0	2	3	0	2	502	512	2	2	0
3461	2	2	0	2	3	0	2	370	241	2	2	1
3462	13	0	0	3	1	0	2	370	530	2	2	0
3463	19	5	0	2	3	0	2	328	550	2	1	1
3464	1	4	0	1	3	0	3	472	426	1	2	0
3465	18	5	0	2	0	0	2	81	543	1	2	1
3466	14	2	0	2	3	0	0	175	156	2	2	0
3467	0	6	0	4	3	0	2	502	33	2	2	0
3468	1	5	1	2	3	1	1	125	571	3	2	0
3469	19	3	0	2	3	0	3	370	55	2	2	0
3470	2	0	0	1	3	0	2	370	123	1	0	0
3471	1	6	0	3	3	0	0	218	33	1	2	1
3472	15	1	0	1	0	0	1	414	71	2	2	0
3473	22	2	0	2	3	0	2	419	640	2	2	0
3474	13	0	0	3	0	0	3	61	3	2	2	0
3475	1	6	1	4	1	1	1	370	32	2	2	0
3476	15	2	0	2	3	0	2	370	543	2	1	1
3477	23	2	0	1	3	0	2	304	123	1	2	0
3478	5	4	0	1	3	0	2	391	71	2	2	0
3479	0	5	0	3	3	0	2	495	15	2	1	1
3480	1	0	0	1	3	0	3	20	198	2	2	0
3481	0	0	0	2	3	1	0	414	32	2	2	0
3482	14	5	1	4	0	0	2	328	284	2	2	0
3483	18	1	0	3	3	0	2	419	241	2	2	1
3484	3	1	0	2	1	0	0	532	222	2	2	0
3485	3	1	0	1	0	0	0	328	484	2	2	0
3486	0	5	0	1	1	0	2	478	318	1	2	0
3487	1	6	0	1	3	1	1	328	597	2	2	0
3488	19	1	0	3	3	0	2	414	591	1	1	1
3489	0	4	0	3	3	0	3	125	606	2	1	0
3490	0	3	0	2	3	0	0	370	543	1	2	0
3491	3	0	0	1	3	0	2	502	543	2	1	1
3492	0	6	1	1	3	0	3	156	534	2	2	0
3493	4	4	0	2	3	0	2	125	241	2	2	0
3494	19	5	1	3	1	0	0	218	145	2	2	0
3495	17	0	0	1	1	0	3	202	560	2	2	0
3496	20	4	0	1	3	0	2	372	55	2	2	0
3497	22	1	0	2	3	0	3	280	309	2	2	0
3498	18	0	0	1	1	0	2	354	186	2	2	0
3499	17	0	0	3	1	0	2	502	571	2	2	0
3500	0	6	1	3	3	1	1	478	55	2	2	0
3501	12	6	0	1	0	0	2	518	43	2	2	0
3502	4	0	0	1	3	0	2	391	428	3	2	0
3503	0	1	0	3	3	0	2	246	174	2	1	0
3504	16	0	0	3	0	0	3	478	568	2	2	0
3505	18	1	0	4	1	0	3	370	629	2	2	0
3506	21	4	0	3	3	0	2	414	340	2	1	1
3507	17	4	0	2	3	0	2	111	214	2	2	1
3508	19	2	0	1	1	0	1	45	439	2	2	0
3509	5	0	0	1	3	0	2	296	543	1	0	1
3510	20	1	0	1	1	1	1	186	432	2	2	0
3511	5	2	0	3	1	0	2	502	55	1	2	0
3512	19	3	0	2	1	0	0	339	653	2	2	0
3513	0	0	0	2	3	0	3	234	214	2	2	0
3514	18	2	0	2	3	0	3	370	147	2	2	0
3515	14	1	0	2	1	0	2	566	241	2	2	0
3516	19	2	0	3	1	0	2	79	487	2	2	0
3517	21	2	0	2	3	0	2	478	618	2	2	0
3518	20	6	0	3	3	0	2	142	135	2	1	0
3519	21	5	1	4	3	0	3	478	571	2	2	0
3520	4	5	0	2	3	0	2	125	179	2	2	1
3521	2	5	0	3	3	0	2	502	678	2	2	0
3522	3	4	0	2	3	1	1	478	55	2	2	0
3523	0	0	0	1	3	0	2	463	55	3	2	0
3524	1	6	1	4	3	0	0	551	57	2	2	0
3525	1	0	0	1	3	0	0	419	543	3	1	1
3526	3	2	0	1	1	0	2	502	42	2	2	0
3527	1	3	0	1	3	0	0	463	543	2	1	0
3528	5	4	0	3	3	0	0	492	334	2	2	0
3529	3	3	0	2	3	0	0	502	543	1	2	0
3530	21	2	0	2	3	1	0	125	662	2	2	0
3531	16	5	1	2	1	0	0	414	472	2	2	0
3532	13	0	0	3	1	0	2	108	42	2	2	0
3533	15	1	0	3	0	0	2	61	543	2	0	1
3534	19	6	0	2	3	0	2	414	16	2	1	1
3535	0	0	0	2	0	0	0	30	317	1	2	0
3536	23	4	0	3	3	0	2	328	34	2	1	1
3537	2	0	0	4	0	0	2	370	532	2	2	0
3538	18	5	1	2	1	1	1	218	426	2	2	0
3539	1	2	0	1	3	0	2	328	548	2	1	0
3540	2	6	0	4	3	0	2	103	598	3	1	1
3541	0	1	0	1	1	0	3	502	309	2	2	0
3542	18	0	0	2	1	0	3	267	41	2	2	0
3543	20	5	1	3	1	0	0	478	285	2	2	0
3544	14	5	1	1	0	1	1	86	346	2	2	0
3545	0	3	0	1	1	0	2	429	229	2	2	0
3546	19	3	0	1	1	0	0	370	182	1	1	1
3547	15	0	0	4	0	0	3	334	354	1	2	0
3548	14	1	0	2	0	0	2	414	484	2	2	0
3549	23	2	0	3	3	0	3	218	50	2	2	0
3550	4	2	0	1	3	0	0	125	273	2	2	0
3551	17	0	0	1	1	0	1	125	393	2	2	0
3552	4	1	0	2	0	0	2	502	317	2	2	0
3553	0	6	0	1	3	0	2	521	15	3	2	0
3554	0	1	0	1	1	0	2	478	309	2	2	0
3555	6	3	0	3	3	0	2	179	543	1	0	0
3556	13	1	0	2	0	0	3	502	353	2	2	0
3557	2	2	0	3	0	0	2	478	426	2	2	0
3558	17	5	0	3	3	0	0	370	550	1	2	1
3559	12	5	0	2	3	0	3	149	486	2	2	0
3560	6	5	0	2	1	0	3	125	55	2	2	0
3561	14	2	0	1	0	0	3	139	294	2	2	0
3562	16	0	0	3	0	0	2	339	543	2	2	0
3563	3	1	0	1	3	1	1	125	130	2	2	1
3564	21	6	1	2	3	0	3	372	241	2	2	0
3565	1	1	0	4	3	0	3	391	650	2	2	0
3566	0	5	1	1	3	0	0	328	33	2	2	0
3567	18	5	1	1	3	0	2	462	543	2	0	1
3568	0	4	0	1	3	0	3	43	633	2	2	0
3569	6	4	0	1	2	0	3	125	661	2	2	0
3570	23	3	0	2	3	0	0	478	279	2	2	0
3571	1	5	0	1	1	0	2	370	273	3	2	0
3572	21	5	1	2	3	1	0	125	496	2	2	0
3573	2	1	0	1	0	0	2	293	16	2	1	0
3574	1	3	0	1	0	0	3	357	241	2	2	1
3575	19	2	0	4	0	0	3	551	314	2	2	0
3576	15	6	1	3	0	1	0	125	124	2	2	0
3577	17	4	0	2	1	0	2	370	651	2	2	0
3578	15	2	0	3	0	0	2	426	130	1	2	0
3579	16	0	0	3	0	0	2	504	479	2	2	0
3580	17	3	0	1	1	0	3	3	546	2	2	0
3581	19	5	0	2	1	0	2	453	147	2	2	0
3582	2	1	0	1	3	0	0	518	543	3	1	0
3583	1	2	0	2	1	0	2	444	158	2	2	0
3584	17	2	0	4	0	0	0	391	340	2	1	1
3585	3	0	0	1	1	0	3	260	43	2	2	0
3586	22	1	0	2	3	0	2	240	694	2	2	0
3587	0	0	0	4	3	1	1	81	43	1	2	0
3588	2	6	1	1	3	1	0	185	497	2	2	0
3589	0	4	0	2	2	0	0	502	239	1	2	0
3590	2	2	0	2	3	0	2	37	543	1	2	0
3591	17	2	0	3	1	0	3	328	553	2	1	1
3592	0	3	0	1	3	0	0	334	241	2	2	0
3593	1	0	0	2	3	0	3	179	169	1	2	1
3594	0	3	0	1	0	0	3	185	42	2	2	0
3595	5	0	0	2	1	0	2	224	20	2	2	0
3596	10	2	0	2	0	0	0	88	680	2	2	0
3597	3	1	0	4	3	0	3	125	543	2	1	0
3598	1	5	1	3	3	0	2	374	543	1	2	0
3599	19	2	0	3	3	0	2	414	543	1	1	1
3600	0	2	1	3	3	0	3	444	522	2	2	0
3601	6	3	0	2	1	0	3	125	543	2	1	0
3602	2	0	0	2	3	0	2	89	51	2	2	1
3603	16	3	0	1	0	0	1	88	33	2	2	0
3604	14	0	0	2	0	0	2	370	241	2	2	0
3605	3	5	1	2	3	0	2	37	401	2	0	1
3606	0	6	1	4	3	0	2	439	223	2	2	0
3607	4	5	1	4	3	0	2	502	543	1	2	1
3608	15	0	0	3	0	0	2	268	317	2	2	0
3609	0	3	0	4	3	0	3	378	661	2	2	0
3610	4	2	0	2	1	0	3	37	344	1	2	0
3611	2	0	0	1	3	0	3	83	51	2	1	0
3612	12	3	0	2	0	1	1	159	317	2	2	0
3613	1	0	0	1	3	0	2	502	464	2	2	0
3614	0	2	0	1	3	0	2	370	115	1	2	0
3615	13	0	0	3	0	0	0	426	483	2	2	0
3616	0	2	0	1	1	0	2	328	244	2	2	0
3617	16	6	1	4	0	0	2	502	391	2	2	0
3618	14	5	0	3	0	0	3	391	507	2	2	0
3619	0	0	0	1	3	0	2	153	496	1	2	0
3620	20	3	0	1	3	0	1	328	55	3	2	0
3621	3	2	0	1	0	0	3	478	680	2	2	0
3622	1	3	0	3	3	1	0	502	496	1	2	0
3623	19	0	0	3	1	1	0	309	192	2	2	0
3624	0	2	0	2	3	0	2	240	543	1	0	1
3625	13	3	0	1	0	0	2	391	55	2	2	0
3626	12	6	0	4	0	0	2	224	130	1	2	1
3627	2	5	1	1	1	0	1	328	241	2	2	0
3628	18	3	0	2	1	0	2	341	561	2	2	0
3629	15	1	0	2	0	0	3	324	483	2	2	0
3630	0	1	0	3	3	0	2	324	550	1	2	0
3631	17	3	0	1	1	0	3	69	42	2	2	0
3632	22	3	0	2	3	0	2	391	543	2	0	0
3633	5	2	0	2	3	1	0	203	241	1	2	0
3634	1	6	1	2	0	0	3	309	234	2	2	0
3635	2	1	0	2	3	0	3	114	496	1	2	0
3636	3	6	1	4	3	1	1	218	540	2	2	0
3637	20	1	0	1	3	0	2	370	543	2	1	0
3638	2	2	0	3	3	1	0	195	22	3	2	0
3639	13	0	0	2	1	0	0	289	289	2	2	0
3640	0	6	0	2	3	0	3	324	232	1	2	0
3641	14	3	0	4	0	0	2	276	483	2	2	0
3642	6	5	1	1	1	0	1	478	20	2	2	0
3643	13	5	1	3	1	1	0	43	222	2	2	0
3644	3	0	0	3	0	1	1	103	241	2	2	0
3645	1	2	0	1	0	0	2	125	284	3	2	0
3646	1	1	0	3	3	0	3	125	210	2	2	0
3647	18	2	0	3	3	0	3	95	548	1	2	1
3648	0	5	1	1	3	0	0	376	128	2	2	0
3649	15	1	0	1	0	0	2	419	55	1	2	0
3650	1	0	0	1	3	0	2	140	571	2	2	0
3651	19	1	0	2	1	0	2	296	393	2	2	0
3652	5	4	0	1	3	0	0	142	306	3	2	0
3653	16	3	0	1	0	0	3	372	215	2	2	0
3654	3	5	0	2	3	0	2	478	15	2	1	1
3655	16	6	1	1	0	1	1	328	432	2	2	0
3656	3	0	0	3	3	0	0	296	318	2	2	0
3657	0	5	0	2	3	0	2	7	340	2	1	1
3658	3	2	0	2	3	0	1	414	241	1	2	0
3659	15	2	0	1	0	1	0	414	130	2	2	1
3660	20	6	1	1	1	0	2	240	543	2	2	0
3661	1	1	0	2	0	0	0	370	382	2	2	0
3662	1	1	0	4	3	0	3	370	238	3	2	0
3663	20	4	0	2	3	0	2	125	331	3	2	0
3664	11	1	0	1	0	0	2	457	509	2	2	0
3665	1	2	0	3	3	0	2	218	55	2	2	0
3666	1	2	0	3	3	0	0	218	82	2	2	0
3667	14	1	0	3	0	0	1	463	680	3	1	1
3668	0	1	0	2	3	0	2	432	223	1	2	0
3669	15	1	0	1	0	0	1	370	570	2	2	0
3670	2	6	1	1	3	1	1	526	432	1	2	0
3671	15	5	0	1	3	0	3	370	55	3	2	0
3672	1	2	0	1	3	0	2	328	432	2	1	0
3673	20	5	1	3	1	0	1	328	571	1	2	0
3674	21	1	0	2	3	0	2	391	294	2	2	0
3675	13	2	0	1	0	0	2	188	175	2	2	0
3676	2	1	0	3	1	0	0	551	543	2	1	1
3677	22	5	0	1	3	0	2	502	543	1	2	0
3678	1	0	0	1	3	0	2	218	414	2	2	0
3679	19	4	0	1	1	0	1	125	222	3	2	0
3680	4	0	0	2	3	0	2	234	432	2	1	0
3681	15	4	0	1	3	0	0	414	543	2	1	1
3682	23	6	0	2	3	0	2	457	51	2	1	1
3683	15	5	1	2	0	0	3	188	130	1	2	1
3684	15	5	0	1	0	0	2	202	90	1	0	0
3685	0	0	0	2	3	0	3	429	123	2	2	0
3686	13	5	1	4	0	0	0	502	143	1	2	0
3687	17	6	0	1	0	0	2	81	548	2	0	1
3688	13	1	0	3	0	0	2	330	106	2	2	0
3689	2	6	0	2	3	0	2	26	51	2	1	1
3690	20	0	0	3	1	0	2	72	55	2	2	0
3691	21	2	0	2	3	0	3	0	571	3	2	0
3692	16	3	0	3	0	0	2	350	435	1	2	0
3693	18	0	0	4	1	0	0	328	378	2	2	0
3694	16	4	0	3	3	0	2	243	536	2	2	0
3695	1	0	0	1	3	0	2	370	401	2	1	1
3696	0	3	0	1	1	0	1	531	179	2	2	0
3697	7	6	1	1	0	1	0	153	81	1	2	0
3698	21	1	0	3	3	0	3	461	543	2	2	0
3699	23	3	0	1	3	0	3	419	48	2	2	0
3700	17	2	0	4	3	1	1	125	33	2	2	0
3701	16	2	0	1	3	0	0	370	3	2	2	0
3702	1	3	0	3	3	0	2	165	298	2	2	0
3703	2	0	0	3	3	0	2	444	543	2	1	1
3704	0	0	0	2	3	0	2	502	3	2	2	0
3705	22	3	0	2	3	0	2	370	553	2	1	0
3706	1	2	0	2	3	1	1	414	241	1	2	0
3707	13	6	1	2	0	1	0	328	214	2	2	0
3708	13	2	0	3	0	1	1	326	543	1	2	0
3709	2	1	0	4	3	0	2	30	543	2	2	0
3710	2	0	0	1	3	0	0	436	222	2	2	0
3711	15	0	0	1	0	0	2	419	661	2	2	0
3712	12	0	0	4	0	1	1	370	543	1	2	0
3713	0	3	0	3	3	0	3	227	543	1	2	1
3714	16	3	0	3	3	0	3	463	154	1	2	1
3715	5	0	0	1	3	0	0	310	218	2	2	0
3716	14	0	0	1	3	0	2	328	15	3	1	1
3717	13	3	0	2	0	0	2	478	37	2	2	0
3718	1	2	0	1	3	0	2	159	42	2	2	0
3719	21	4	0	1	3	0	2	478	216	2	2	0
3720	0	2	0	1	0	0	2	328	179	1	2	1
3721	17	4	0	2	1	0	1	480	306	2	2	0
3722	2	1	0	2	1	0	3	478	672	2	2	0
3723	19	0	0	4	1	0	2	551	101	2	2	0
3724	0	2	0	1	0	0	2	461	408	3	2	0
3725	13	2	0	4	0	0	2	81	550	1	2	1
3726	15	6	0	2	0	0	2	68	179	1	2	0
3727	15	1	0	1	0	0	2	414	113	2	2	0
3728	21	6	0	3	3	0	0	328	33	2	2	0
3729	2	5	0	1	3	0	2	461	496	2	1	0
3730	3	6	1	2	3	0	3	478	543	1	0	0
3731	2	6	1	2	1	1	1	324	543	2	2	0
3732	20	0	0	2	0	1	0	324	550	1	0	1
3733	23	6	1	3	3	0	3	478	543	1	2	1
3734	1	1	0	1	3	0	1	125	33	2	2	0
3735	17	3	0	1	3	0	3	16	678	3	2	0
3736	0	0	0	3	3	0	3	478	119	1	2	0
3737	0	2	0	1	3	0	2	324	284	2	2	0
3738	19	1	0	1	1	0	0	370	196	1	2	0
3739	15	1	0	1	0	0	2	384	308	2	2	0
3740	23	2	0	4	3	1	0	26	543	1	2	0
3741	2	2	0	2	3	0	0	45	401	1	2	1
3742	12	1	0	3	1	0	1	332	304	2	2	0
3743	19	1	0	4	1	0	3	45	309	2	2	0
3744	15	0	0	1	0	0	0	398	284	2	2	0
3745	16	5	0	3	0	0	2	370	179	1	2	0
3746	3	0	0	3	3	0	2	502	571	4	2	0
3747	3	0	0	2	1	0	2	72	3	2	2	0
3748	1	0	0	1	3	0	3	330	241	2	2	0
3749	18	0	0	4	1	1	1	149	371	2	2	0
3750	21	3	0	1	3	0	0	215	16	1	1	1
3751	14	0	0	2	1	1	0	328	298	2	2	0
3752	18	0	0	2	1	1	1	502	403	2	2	0
3753	0	5	0	3	3	0	0	108	98	2	2	0
3754	22	2	0	2	3	0	2	414	543	1	2	0
3755	20	4	0	1	3	0	2	205	340	2	1	1
3756	14	1	0	2	0	0	3	414	464	2	2	0
3757	4	0	0	1	0	0	0	106	304	2	2	0
3758	0	1	0	1	3	0	3	357	520	2	1	0
3759	2	0	0	2	3	0	1	372	548	2	2	0
3760	2	0	0	2	3	0	3	378	543	1	2	0
3761	3	1	0	2	0	0	2	419	214	2	2	0
3762	18	4	0	4	1	0	1	218	46	1	2	0
3763	20	0	0	2	1	0	3	328	426	2	2	0
3764	1	5	0	1	3	0	2	328	585	2	1	0
3765	14	6	0	4	0	0	3	81	81	1	2	0
3766	0	5	0	2	3	0	2	374	496	1	2	0
3767	22	6	1	3	3	0	2	11	340	2	2	1
3768	17	0	0	1	1	0	2	478	96	2	2	0
3769	18	4	0	2	1	0	2	127	382	3	2	0
3770	19	1	1	1	1	0	0	328	214	2	2	0
3771	13	2	0	2	0	0	2	246	42	2	2	0
3772	15	5	0	3	3	0	2	478	130	1	2	1
3773	17	3	0	2	1	0	0	502	90	1	2	0
3774	1	6	1	2	3	0	2	412	174	2	1	1
3775	1	4	0	3	0	0	0	218	285	2	2	0
3776	0	4	0	3	3	0	2	310	229	2	2	0
3777	0	0	0	2	3	0	2	328	318	2	2	0
3778	5	0	0	1	3	1	0	452	222	2	2	0
3779	12	1	0	3	0	0	1	218	571	4	2	0
3780	15	1	0	3	0	0	3	414	142	2	2	0
3781	14	0	0	2	0	0	3	93	206	2	2	0
3782	18	0	0	3	3	0	2	502	46	2	2	1
3783	23	6	1	4	3	1	1	414	369	2	2	0
3784	2	5	0	3	3	0	3	414	318	2	2	0
3785	15	5	1	3	0	0	3	139	234	2	2	0
3786	19	3	0	1	1	0	0	502	487	2	2	0
3787	1	0	0	2	1	0	2	324	499	2	2	0
3788	16	3	0	1	0	0	2	324	309	2	2	0
3789	1	1	0	2	3	0	2	567	188	2	2	0
3790	15	6	0	2	0	0	2	328	94	1	2	0
3791	16	1	0	2	0	0	2	370	635	2	2	0
3792	3	0	0	1	0	0	3	478	3	2	2	0
3793	18	2	0	3	3	0	3	324	130	2	2	1
3794	3	0	0	1	3	0	3	502	294	2	2	0
3795	16	5	0	4	0	0	0	108	543	3	1	1
3796	20	2	0	2	0	0	2	351	388	3	2	0
3797	5	4	1	1	1	0	0	391	180	1	2	0
3798	6	0	0	2	2	0	3	502	43	2	2	0
3799	1	6	1	2	3	0	3	495	530	4	2	0
3800	15	0	0	1	3	0	2	370	15	3	2	0
3801	0	5	1	1	3	0	2	489	235	2	2	0
3802	1	4	0	4	3	1	0	502	132	2	2	0
3803	1	0	0	2	3	0	3	127	304	2	2	0
3804	12	5	1	3	0	0	3	379	106	2	2	0
3805	3	2	0	2	1	0	2	370	130	1	2	0
3806	0	4	0	4	3	0	0	502	198	2	2	0
3807	19	6	1	2	3	0	0	414	163	2	1	1
3808	2	0	0	3	3	0	3	478	277	2	2	0
3809	19	2	0	3	1	0	0	370	548	1	2	0
3810	14	1	0	1	0	0	2	463	510	2	2	0
3811	1	0	0	4	3	0	2	502	543	2	0	0
3812	0	0	0	1	1	0	2	162	284	3	2	0
3813	10	0	0	1	2	0	3	125	41	2	2	0
3814	16	6	0	3	3	0	2	391	318	2	2	0
3815	14	0	0	4	0	1	0	510	298	2	2	0
3816	2	2	0	3	3	0	3	324	318	2	2	0
3817	3	5	0	3	3	0	2	391	34	2	0	0
3818	0	1	0	3	0	0	3	496	119	1	2	1
3819	23	2	0	1	3	0	2	502	229	2	2	0
3820	18	3	0	3	3	0	3	72	55	1	2	0
3821	2	5	0	1	3	0	1	324	597	2	1	0
3822	2	1	0	3	3	0	2	125	95	3	2	0
3823	3	0	0	1	0	0	2	419	484	2	2	0
3824	20	0	0	2	3	0	2	328	318	2	2	0
3825	0	1	0	3	3	0	3	502	78	1	1	0
3826	13	0	0	2	1	0	2	453	214	1	2	1
3827	15	0	0	2	0	0	0	478	571	1	2	0
3828	15	6	0	1	3	0	2	61	123	2	2	0
3829	19	4	0	3	3	0	2	502	309	2	2	0
3830	0	5	1	3	3	0	3	257	543	1	2	0
3831	20	0	0	3	1	0	3	486	55	1	2	0
3832	16	3	0	4	0	0	2	419	41	2	2	0
3833	15	1	0	1	0	0	0	370	195	2	2	0
3834	21	3	0	1	3	0	2	502	294	2	2	0
3835	0	5	0	1	3	0	0	370	229	2	2	0
3836	3	0	0	3	3	0	2	328	543	2	1	1
3837	0	6	0	3	3	0	2	234	496	1	2	0
3838	17	0	0	3	1	0	0	59	106	2	2	0
3839	5	0	0	1	3	0	0	370	169	1	2	0
3840	4	0	0	1	3	0	1	502	401	2	1	1
3841	2	5	1	1	3	0	3	556	3	2	2	0
3842	0	1	0	1	3	0	3	3	543	1	2	0
3843	2	0	0	3	0	1	1	146	543	1	2	1
3844	14	2	0	3	0	0	2	473	642	2	2	0
3845	23	3	0	1	3	0	2	36	241	1	2	0
3846	14	4	0	3	0	0	2	419	85	3	2	0
3847	20	0	0	1	1	1	0	502	572	3	2	0
3848	18	0	1	1	1	0	0	230	304	3	2	0
3849	23	6	0	3	3	0	2	328	214	2	2	0
3850	2	4	0	1	1	0	0	88	571	2	2	0
3851	17	6	1	3	1	1	0	414	571	3	2	0
3852	4	2	0	1	1	0	0	328	398	3	2	0
3853	17	2	0	3	1	0	2	37	241	2	2	0
3854	2	0	0	2	1	0	2	370	34	1	2	0
3855	11	3	0	3	2	1	0	463	571	1	2	0
3856	17	2	0	4	1	0	2	502	479	2	2	0
3857	19	0	0	3	0	0	0	547	660	3	1	1
3858	0	3	0	4	3	0	2	551	629	2	2	0
3859	2	0	0	3	3	0	3	222	115	1	2	1
3860	3	2	0	2	2	0	2	414	1	1	2	0
3861	22	0	0	4	3	0	2	267	130	1	2	1
3862	23	6	0	2	3	0	2	478	401	2	1	1
3863	3	4	0	3	0	0	0	461	62	2	2	0
3864	18	0	0	2	1	0	0	502	16	1	2	0
3865	20	5	0	3	3	0	2	324	401	1	2	0
3866	2	0	0	4	1	0	1	125	94	1	2	1
3867	20	2	0	1	1	0	0	414	571	2	2	0
3868	21	0	0	2	3	0	0	461	174	1	2	0
3869	4	5	1	1	3	0	2	414	512	2	2	0
3870	1	1	0	3	1	0	3	370	680	2	2	0
3871	17	3	0	2	1	0	2	448	339	2	2	0
3872	20	0	0	2	1	0	3	218	491	2	2	0
3873	19	4	0	2	1	0	0	350	543	2	0	1
3874	7	2	0	1	2	0	0	186	273	2	2	0
3875	2	4	0	2	3	0	0	328	543	1	2	0
3876	13	3	0	4	0	0	2	378	68	2	2	0
3877	16	0	0	1	3	0	2	370	241	2	2	0
3878	0	1	0	1	1	0	2	478	289	1	2	0
3879	23	0	0	2	3	0	0	478	241	1	2	0
3880	3	1	0	4	1	0	0	391	571	2	2	0
3881	15	0	0	4	0	1	0	165	83	1	2	0
3882	17	2	0	3	1	0	2	328	543	2	0	0
3883	0	0	0	2	3	0	1	502	550	1	2	1
3884	18	2	0	3	0	0	2	72	37	2	2	0
3885	18	1	0	1	1	0	2	226	616	2	2	0
3886	15	3	0	3	0	0	2	246	231	2	2	0
3887	17	5	0	1	3	0	3	350	123	2	0	0
3888	23	5	1	1	3	1	1	213	241	2	2	0
3889	1	0	0	1	3	0	3	502	432	1	2	1
3890	1	1	0	1	3	0	3	324	570	4	2	0
3891	18	1	0	2	1	0	2	324	587	2	2	0
3892	18	5	1	3	1	0	0	185	676	2	2	0
3893	2	5	0	2	3	0	2	502	87	1	2	1
3894	15	1	0	1	0	0	2	414	41	2	2	0
3895	0	1	0	3	3	0	3	293	124	2	2	0
3896	21	0	0	4	3	1	1	125	543	2	2	0
3897	18	0	0	4	1	0	3	330	55	1	2	0
3898	16	5	0	2	1	0	2	328	95	1	0	0
3899	19	0	0	3	1	0	2	190	571	2	2	0
3900	19	1	0	1	3	0	2	391	281	2	2	0
3901	1	0	0	1	3	1	0	218	543	1	2	0
3902	1	2	0	3	3	0	0	37	629	2	2	0
3903	22	2	0	4	3	0	2	426	281	2	2	0
3904	2	0	0	2	3	0	2	327	543	3	1	1
3905	15	1	0	3	0	0	2	157	40	2	2	0
3906	1	6	0	2	3	0	2	372	543	2	2	0
3907	13	1	0	2	0	0	2	457	426	1	2	0
3908	0	0	0	2	3	0	0	33	223	1	2	0
3909	22	0	0	1	3	1	1	502	14	2	2	0
3910	12	0	0	2	0	0	0	4	317	2	2	0
3911	6	6	1	3	1	0	2	328	625	2	0	1
3912	3	4	0	1	3	0	2	72	281	2	2	0
3913	3	3	0	4	3	0	3	159	309	2	2	0
3914	16	1	0	4	3	0	0	370	123	1	2	0
3915	18	0	0	1	3	0	2	478	543	2	0	0
3916	1	2	0	2	3	0	2	450	90	2	2	0
3917	14	1	0	2	0	1	1	414	163	2	2	0
3918	21	5	1	4	3	1	0	43	486	2	2	0
3919	21	2	0	1	3	0	3	419	241	1	2	1
3920	21	4	0	1	3	1	0	218	214	2	2	0
3921	13	5	1	1	0	0	2	374	556	2	2	0
3922	5	1	0	1	3	1	1	478	170	2	2	0
3923	1	5	0	1	3	0	2	532	496	2	1	0
3924	23	6	1	4	3	0	3	370	253	2	2	0
3925	14	2	0	2	1	0	2	374	309	2	2	0
3926	0	6	0	2	3	0	1	551	222	2	2	0
3927	2	4	0	2	3	0	1	429	223	2	2	0
3928	21	4	0	3	3	0	3	378	241	1	2	1
3929	9	3	0	1	1	0	2	370	543	1	2	0
3930	0	3	0	3	3	0	3	370	583	2	2	0
3931	23	6	1	1	3	0	2	547	543	1	2	0
3932	22	6	1	3	3	0	2	461	16	1	2	0
3933	21	2	0	3	3	0	0	15	294	2	2	0
3934	10	5	1	2	3	0	2	530	167	2	2	0
3935	20	2	0	2	1	1	0	370	51	4	1	0
3936	21	5	1	1	3	0	3	426	123	1	2	0
3937	4	2	0	2	2	0	3	370	6	2	1	0
3938	14	1	0	3	0	1	1	324	120	2	2	0
3939	5	1	0	2	3	0	3	125	170	2	2	0
3940	18	6	1	2	1	0	2	518	223	1	2	0
3941	18	0	0	1	1	0	2	502	43	2	2	0
3942	1	0	0	4	3	1	1	125	567	2	2	0
3943	15	6	0	2	0	0	0	414	340	2	1	1
3944	13	2	0	3	0	0	2	478	470	2	2	0
3945	4	0	0	4	3	0	1	91	223	1	2	1
3946	4	6	0	3	3	0	2	444	432	2	1	1
3947	16	4	0	3	0	0	0	370	241	1	2	0
3948	0	3	0	2	0	0	2	370	142	2	2	0
3949	0	0	0	1	3	0	2	355	345	2	2	0
3950	20	0	0	1	1	0	2	32	465	2	2	0
3951	0	2	0	2	3	0	2	532	309	2	2	0
3952	1	0	0	1	3	1	0	478	93	2	2	0
3953	19	1	0	2	1	0	3	328	529	2	1	1
3954	2	0	0	2	1	0	2	86	196	2	2	0
3955	19	0	0	4	1	0	2	429	43	2	2	0
3956	1	6	0	1	3	0	2	502	543	1	2	0
3957	2	0	0	2	0	0	2	370	420	2	2	0
3958	4	0	0	1	3	0	0	444	196	1	2	0
3959	2	6	0	3	3	0	2	329	315	1	2	1
3960	1	6	0	3	3	0	2	415	16	2	1	1
3961	0	3	0	4	3	0	3	93	241	1	2	1
3962	4	2	0	1	3	0	2	324	216	2	2	0
3963	19	3	0	1	1	0	2	348	543	1	2	1
3964	1	1	0	3	0	1	0	416	214	2	2	0
3965	17	3	0	4	3	0	3	370	543	1	2	0
3966	0	5	1	1	3	0	1	187	229	2	2	0
3967	5	6	0	1	3	0	0	296	543	1	2	1
3968	2	6	0	2	1	0	0	52	43	2	2	0
3969	0	6	0	2	3	0	0	370	606	2	1	0
3970	17	1	0	1	1	0	0	370	241	2	2	0
3971	5	5	1	3	3	0	3	278	90	1	2	1
3972	1	1	0	4	3	0	3	304	550	2	2	1
3973	23	5	1	4	3	0	3	72	55	2	2	0
3974	1	6	1	2	1	0	3	324	283	1	2	0
3975	1	0	0	1	3	0	3	293	294	2	2	0
3976	21	0	0	2	3	0	2	502	223	1	2	0
3977	18	2	0	2	1	0	2	502	272	1	2	1
3978	13	1	0	3	0	0	0	139	33	2	2	0
3979	0	3	0	1	1	0	2	157	106	2	2	0
3980	1	0	0	3	3	0	2	257	241	1	2	0
3981	17	3	0	4	0	0	2	370	43	2	2	0
3982	15	1	0	3	0	0	3	478	309	2	2	0
3983	4	6	0	4	3	0	3	86	3	2	2	0
3984	22	0	0	1	3	0	2	502	587	2	2	0
3985	17	6	0	1	1	0	2	518	401	1	2	1
3986	18	0	0	1	1	0	3	100	543	1	2	0
3987	1	1	0	4	3	0	2	502	43	2	2	0
3988	1	1	0	2	3	0	3	257	322	1	2	1
3989	18	1	0	1	1	0	2	424	494	2	2	0
3990	5	1	0	2	1	0	2	220	543	1	2	1
3991	19	1	0	1	3	0	2	414	625	2	0	0
3992	13	6	1	2	0	0	1	377	191	1	2	0
3993	1	3	0	1	3	1	1	370	543	1	2	0
3994	12	2	0	4	0	0	0	81	543	1	2	0
3995	0	0	0	3	0	1	1	414	273	2	2	0
3996	0	1	0	1	1	0	1	478	441	2	2	0
3997	22	6	1	2	3	0	3	249	378	2	2	0
3998	23	3	0	3	3	0	3	230	496	2	2	0
3999	15	2	0	2	3	0	2	426	241	2	2	1
4000	16	4	0	3	0	0	3	381	43	2	2	0
4001	1	1	0	1	3	0	3	100	90	1	2	0
4002	0	6	0	2	3	0	2	391	15	2	0	1
4003	0	6	1	2	3	0	0	370	571	3	2	0
4004	2	4	0	1	3	0	2	502	123	2	0	1
4005	3	4	0	1	0	0	2	208	657	2	2	0
4006	3	0	0	3	0	0	2	180	303	2	2	0
4007	17	3	0	1	1	0	2	550	550	1	2	1
4008	0	0	0	2	3	0	2	502	543	1	2	0
4009	15	4	0	3	1	0	3	218	550	2	2	0
4010	3	1	0	2	3	0	1	502	483	2	2	0
4011	4	1	0	2	3	0	3	414	243	3	2	0
4012	16	2	0	4	0	0	3	282	309	2	2	0
4013	13	1	0	4	0	0	1	324	246	2	2	0
4014	1	2	0	3	3	0	0	296	294	2	2	0
4015	15	1	0	1	1	1	1	275	171	2	2	0
4016	1	1	0	2	3	0	2	196	543	1	2	0
4017	22	3	0	2	3	0	3	324	309	2	2	0
4018	0	2	0	3	1	0	2	552	401	1	2	1
4019	0	4	0	3	3	1	1	185	322	1	2	0
4020	23	0	0	4	3	0	2	388	58	2	1	0
4021	4	3	0	1	3	0	0	419	166	2	2	0
4022	18	0	0	3	1	0	0	370	169	1	2	0
4023	1	6	1	2	3	0	3	452	167	2	2	0
4024	18	0	0	1	1	1	1	370	660	2	2	0
4025	18	0	0	4	1	0	2	384	378	2	2	0
4026	0	6	0	2	3	0	2	532	543	2	0	1
4027	2	4	0	4	3	0	2	328	16	2	1	0
4028	0	3	0	3	3	0	2	159	273	1	2	0
4029	1	3	0	1	3	0	0	139	73	2	2	0
4030	1	2	0	2	3	0	2	461	51	2	1	1
4031	4	1	0	2	1	0	0	419	124	2	2	0
4032	5	0	0	3	3	0	3	419	432	2	1	1
4033	18	2	0	2	1	0	2	330	123	2	2	0
4034	22	1	0	3	3	0	1	472	661	2	2	0
4035	18	2	0	3	1	0	2	414	55	1	2	0
4036	7	3	0	2	2	0	3	81	283	2	2	0
4037	0	0	0	1	3	0	3	478	285	1	2	0
4038	21	4	0	3	3	0	0	218	223	1	2	0
4039	0	3	0	3	3	0	2	247	51	1	1	0
4040	16	2	0	3	0	0	2	502	294	2	2	0
4041	20	2	0	3	3	0	2	502	223	1	2	1
4042	5	5	1	1	3	0	3	419	213	2	2	0
4043	21	2	0	4	3	0	0	561	273	2	0	0
4044	4	6	1	4	3	1	1	478	543	1	2	0
4045	2	2	0	3	3	0	2	391	379	2	1	0
4046	1	0	0	3	0	0	0	370	543	1	2	0
4047	1	3	0	3	3	0	2	332	659	1	0	0
4048	0	2	0	3	3	0	2	257	550	2	2	1
4049	2	4	0	3	3	0	3	414	543	2	1	1
4050	23	6	1	1	3	0	1	502	43	2	2	0
4051	21	3	0	2	3	1	1	370	284	2	2	0
4052	4	3	0	1	3	0	1	125	241	3	2	0
4053	18	1	0	1	1	0	3	328	530	2	2	0
4054	16	3	0	2	0	1	1	370	43	2	2	0
4055	2	3	0	3	1	0	2	324	641	1	2	0
4056	6	3	0	1	2	0	2	429	101	2	2	0
4057	18	2	0	3	1	0	0	267	540	2	2	0
4058	20	0	0	3	1	0	3	478	50	2	2	0
4059	19	5	1	1	1	0	3	326	378	2	2	0
4060	3	1	0	2	3	0	2	289	496	1	0	0
4061	20	6	0	1	0	1	0	324	448	2	2	0
4062	0	6	1	3	3	0	3	310	167	2	2	0
4063	19	1	0	3	1	0	0	125	543	1	2	0
4064	18	2	0	2	3	0	3	95	223	1	0	1
4065	16	1	0	3	0	0	2	186	90	1	2	0
4066	14	3	0	1	0	0	2	37	15	2	0	1
4067	20	2	0	3	1	0	0	43	309	2	2	0
4068	15	5	1	2	0	0	2	108	81	1	2	0
4069	19	3	0	1	3	0	2	218	259	2	2	0
4070	17	0	0	1	3	0	2	370	529	2	2	0
4071	15	1	0	2	0	0	3	328	571	2	2	0
4072	2	1	0	4	0	0	2	218	3	2	2	0
4073	0	2	0	4	3	0	2	138	42	2	2	0
4074	17	3	0	1	3	0	3	370	530	2	2	0
4075	19	0	0	3	1	0	2	127	421	2	2	0
4076	0	0	0	1	3	0	0	296	100	1	2	0
4077	9	4	0	1	2	0	0	81	70	2	2	0
4078	14	6	0	3	0	0	2	370	550	1	2	1
4079	0	2	0	1	1	0	2	191	658	3	2	0
4080	17	0	0	3	1	0	0	532	285	2	2	0
4081	19	3	0	1	3	0	2	391	294	2	2	0
4082	2	0	0	3	3	0	0	414	15	2	2	0
4083	14	6	0	1	3	0	2	370	267	2	2	1
4084	12	1	0	2	1	0	0	310	426	3	2	0
4085	18	1	0	2	1	0	3	244	215	1	2	0
4086	21	6	1	4	3	1	2	296	693	3	2	0
4087	7	3	0	2	0	0	2	179	71	2	2	0
4088	16	3	0	2	0	0	2	60	346	2	2	0
4089	19	6	1	1	3	0	2	296	283	2	2	0
4090	4	0	0	1	3	0	0	328	241	2	2	0
4091	22	3	0	3	3	0	3	324	489	2	2	0
4092	18	0	0	4	1	0	3	478	315	1	2	1
4093	23	4	0	2	3	0	2	478	624	1	0	1
4094	21	4	0	3	3	0	2	218	119	2	1	1
4095	1	2	0	1	3	0	2	391	167	3	2	0
4096	20	5	1	4	1	0	3	370	340	1	2	0
4097	19	0	0	3	1	0	3	343	543	2	0	0
4098	21	0	0	2	3	0	2	414	46	1	0	0
4099	2	3	0	4	3	0	1	502	3	2	2	0
4100	19	2	0	1	1	0	2	328	660	1	2	1
4101	1	6	0	3	3	0	2	216	51	2	1	1
4102	0	5	0	1	3	0	2	511	341	2	0	0
4103	20	6	0	4	3	0	2	370	550	2	2	0
4104	0	1	0	3	1	0	2	181	223	1	2	0
4105	0	4	0	2	0	0	2	502	113	2	2	0
4106	1	3	0	2	3	0	2	175	57	2	1	0
4107	16	1	0	3	3	0	0	218	182	1	1	1
4108	1	4	0	3	1	0	2	416	346	1	2	1
4109	0	6	0	2	3	0	2	63	317	2	2	0
4110	4	4	0	1	3	0	2	37	543	2	0	0
4111	20	2	0	3	1	0	3	108	214	2	2	0
4112	19	0	0	4	1	0	3	391	378	2	2	0
4113	0	1	0	2	3	0	3	370	543	1	2	0
4114	20	0	0	3	1	1	1	218	82	1	2	0
4115	0	2	0	4	3	0	2	370	543	2	2	0
4116	3	6	1	2	1	0	2	35	3	2	2	0
4117	0	1	0	4	0	0	2	419	229	2	2	0
4118	0	1	0	4	3	0	2	179	543	2	1	1
4119	19	1	0	1	1	0	2	218	571	3	2	0
4120	4	4	0	3	3	0	2	218	123	1	2	0
4121	16	4	0	2	1	0	3	416	55	2	2	0
4122	14	3	0	2	0	0	0	381	473	2	2	0
4123	1	2	0	2	3	0	0	7	14	2	2	0
4124	0	5	1	4	1	0	0	444	543	1	2	0
4125	19	4	0	4	1	0	2	159	143	1	2	0
4126	16	6	1	2	0	0	3	269	571	3	2	0
4127	5	0	0	1	3	0	2	502	304	2	2	0
4128	23	0	0	1	3	0	3	502	234	2	2	0
4129	3	3	0	2	1	1	1	63	3	2	2	0
4130	1	6	1	3	3	0	2	502	119	2	2	0
4131	21	4	0	1	3	0	2	37	309	2	2	0
4132	21	4	0	1	3	0	3	159	214	2	2	0
4133	6	1	0	3	1	0	0	370	432	2	1	1
4134	16	6	0	1	0	0	2	330	543	1	2	1
4135	20	3	0	1	1	0	0	328	657	2	2	0
4136	16	0	0	3	3	0	2	414	214	3	2	0
4137	2	0	0	3	3	0	2	414	322	2	1	0
4138	3	6	1	3	3	0	3	350	318	2	2	0
4139	0	3	0	2	3	0	2	246	500	2	0	0
4140	19	1	0	1	1	1	1	125	130	1	2	0
4141	2	0	0	2	3	0	3	414	637	2	2	0
4142	17	4	0	3	1	0	2	478	550	1	2	0
4143	18	0	0	3	3	0	2	478	16	1	2	1
4144	17	6	0	2	3	0	2	159	16	2	0	1
4145	0	6	1	2	3	0	2	370	73	1	2	0
4146	1	2	0	2	3	0	1	125	198	2	2	0
4147	2	2	0	2	1	0	2	419	657	2	2	0
4148	1	5	0	3	3	0	3	330	543	1	0	1
4149	13	3	0	3	0	0	1	500	543	1	2	0
4150	16	0	0	2	0	0	2	416	130	1	0	1
4151	13	1	0	1	0	0	3	266	571	3	2	0
4152	13	3	0	3	0	0	3	81	309	2	2	0
4153	4	2	0	2	0	0	0	370	170	2	2	0
4154	1	3	1	3	1	0	3	309	660	2	2	0
4155	1	6	0	1	3	0	0	370	191	1	2	0
4156	20	6	0	2	1	0	2	72	294	2	2	0
4157	2	5	1	3	0	0	3	196	55	1	2	0
4158	14	2	0	2	0	0	3	478	20	2	2	0
4159	8	2	0	2	2	1	1	125	571	2	2	0
4160	0	1	0	3	3	0	0	419	690	2	0	1
4161	20	6	0	2	3	0	2	296	606	2	0	0
4162	5	1	0	2	3	0	2	391	329	2	2	0
4163	20	0	0	3	1	0	0	473	543	2	1	0
4164	4	0	0	3	2	0	2	328	214	2	2	0
4165	13	0	0	3	0	0	2	478	440	2	2	0
4166	15	1	0	2	0	0	3	478	673	3	2	0
4167	0	5	1	2	3	0	2	370	431	1	2	0
4168	14	1	0	4	0	0	2	324	561	2	2	0
4169	3	6	0	3	3	0	2	391	543	2	2	0
4170	16	6	1	2	0	0	0	370	543	1	2	0
4171	20	1	0	1	1	0	3	43	262	2	2	0
4172	1	5	1	4	3	0	2	414	690	2	1	1
4173	1	1	0	2	3	0	2	324	309	2	2	0
4174	3	2	0	1	3	0	2	444	543	1	2	0
4175	15	1	0	2	0	0	3	370	421	2	2	0
4176	23	0	0	1	3	0	2	5	55	2	2	0
4177	23	0	0	1	3	0	0	370	496	2	2	0
4178	3	2	0	1	0	0	2	218	401	1	2	0
4179	14	4	0	3	0	0	0	270	43	2	2	0
4180	22	1	0	1	3	0	2	230	439	2	2	0
4181	20	0	0	2	3	0	2	370	543	2	1	0
4182	2	2	0	4	3	0	2	296	50	1	2	0
4183	16	0	0	1	0	0	0	370	123	1	2	0
4184	20	1	0	1	1	0	0	78	3	2	2	0
4185	19	1	0	3	3	0	0	218	401	1	2	1
4186	17	1	0	2	1	0	0	324	241	1	2	0
4187	17	4	0	1	1	0	2	357	693	2	2	0
4188	2	3	0	3	3	0	3	13	426	2	2	0
4189	3	0	0	1	3	0	2	502	171	2	2	0
4190	14	5	1	2	0	0	0	108	56	2	2	0
4191	0	0	0	3	0	0	2	430	661	2	2	0
4192	14	4	0	4	0	0	2	416	426	2	2	0
4193	0	6	0	2	0	0	2	557	543	2	1	1
4194	0	1	0	1	3	0	0	244	55	2	2	0
4195	17	0	0	4	1	0	2	227	487	2	2	0
4196	4	1	0	1	3	0	0	45	241	1	2	1
4197	21	5	1	4	3	0	3	532	57	2	2	0
4198	0	5	1	4	1	0	2	502	262	2	2	0
4199	20	0	0	3	1	0	3	502	43	2	2	0
4200	2	1	0	2	3	1	1	370	543	1	2	0
4201	0	4	0	3	1	0	3	15	262	2	2	0
4202	21	0	0	2	3	0	2	326	119	1	2	0
4203	2	5	0	3	3	0	2	502	51	1	1	0
4204	19	5	0	2	3	0	2	328	241	2	2	0
4205	18	4	0	3	1	0	0	370	191	1	2	0
4206	0	0	0	1	3	0	2	370	606	2	1	1
4207	18	4	0	3	1	0	3	285	543	2	2	1
4208	5	1	0	3	3	0	2	419	214	3	2	0
4209	15	0	0	1	0	0	2	52	214	2	1	1
4210	20	1	0	1	1	0	0	339	119	1	2	0
4211	4	4	0	1	3	0	2	37	587	1	2	1
4212	3	0	0	1	3	0	2	324	90	1	2	0
4213	1	4	0	4	3	1	1	125	543	2	2	0
4214	0	4	0	2	3	0	0	551	90	2	1	1
4215	21	1	0	2	3	0	0	305	90	1	2	1
4216	2	1	0	2	3	0	2	30	15	1	2	0
4217	0	0	0	1	3	1	0	410	148	3	2	0
4218	16	6	0	2	3	0	2	414	432	2	1	1
4219	19	0	0	3	1	0	3	419	661	2	2	0
4220	21	1	0	1	3	0	0	370	543	1	2	0
4221	12	4	0	3	0	0	2	238	33	2	2	0
4222	1	2	0	2	3	0	2	461	543	2	1	1
4223	18	6	0	3	1	0	2	419	130	2	0	1
4224	17	0	0	1	1	1	1	218	587	2	2	0
4225	4	0	0	4	3	0	0	414	229	2	2	0
4226	0	5	0	2	3	0	2	185	51	2	1	1
4227	9	3	0	2	1	0	0	23	241	2	2	0
4228	0	0	1	1	3	0	0	478	590	3	2	0
4229	0	2	0	1	3	0	0	370	634	2	2	0
4230	2	1	0	3	3	1	0	502	43	2	2	0
4231	3	6	0	1	3	0	2	61	241	1	2	1
4232	1	1	0	3	3	0	3	81	57	4	2	0
4233	16	0	0	3	3	0	2	419	214	2	2	0
4234	5	1	0	1	3	0	1	8	487	2	2	0
4235	20	6	0	2	3	0	3	267	243	2	2	0
4236	0	2	0	2	0	0	0	370	226	2	2	0
4237	3	0	0	1	0	0	0	414	550	1	2	0
4238	18	5	0	2	3	0	0	478	478	1	2	0
4239	0	4	1	2	3	1	2	13	205	2	2	0
4240	20	3	0	2	1	0	1	478	571	3	2	0
4241	3	2	0	2	3	0	0	125	433	2	2	1
4242	16	0	0	3	0	0	3	100	94	2	2	1
4243	23	1	0	2	0	0	0	32	512	2	2	0
4244	1	1	0	1	3	0	2	61	241	1	2	1
4245	22	5	0	2	3	0	3	370	496	1	2	1
4246	22	6	1	4	3	0	2	266	269	2	2	0
4247	14	5	0	2	1	0	3	7	101	2	2	0
4248	17	5	0	2	3	0	3	296	571	2	2	0
4249	17	1	0	4	1	0	2	502	515	2	2	0
4250	0	2	0	4	3	0	3	37	215	2	2	0
4251	0	0	0	4	3	0	2	478	262	2	2	0
4252	17	4	0	2	1	0	1	326	241	1	2	0
4253	18	6	0	3	1	0	2	398	550	1	2	1
4254	0	0	0	2	3	0	2	324	543	2	1	1
4255	1	0	0	1	3	0	1	414	423	2	1	1
4256	17	5	0	3	3	0	2	502	682	2	2	0
4257	17	3	0	2	1	1	1	414	212	1	2	0
4258	1	0	0	3	3	1	2	218	46	2	2	0
4259	1	2	0	4	3	0	2	324	678	2	2	0
4260	20	2	0	3	3	0	3	370	543	1	2	0
4261	14	1	0	3	0	0	2	78	322	1	2	0
4262	18	1	0	3	1	0	1	324	661	2	2	0
4263	13	3	0	2	0	0	3	47	401	2	0	0
4264	19	5	0	2	3	0	2	13	666	1	2	0
4265	16	2	0	3	3	0	2	391	90	2	2	0
4266	23	2	0	2	3	1	0	125	130	2	2	1
4267	17	0	0	1	1	0	2	565	543	1	2	1
4268	17	1	0	3	1	0	2	157	294	2	2	0
4269	22	1	0	3	3	0	0	419	32	2	2	0
4270	0	0	0	3	3	0	2	280	543	2	2	1
4271	21	2	0	2	3	0	2	328	318	2	2	0
4272	18	0	0	1	1	0	2	137	340	2	2	1
4273	0	1	0	2	3	0	0	310	566	2	2	0
4274	20	4	0	4	1	0	3	414	426	2	2	0
4275	22	5	1	4	3	0	2	238	543	1	2	1
4276	2	3	0	2	1	0	2	357	55	2	2	0
4277	14	5	0	2	0	0	0	324	42	2	2	0
4278	22	6	0	4	3	0	2	461	543	2	1	0
4279	1	5	1	4	3	0	2	441	496	2	2	1
4280	18	6	0	4	1	0	2	532	520	2	2	0
4281	2	1	0	3	0	0	2	441	382	2	2	0
4282	14	5	1	3	0	0	2	414	378	2	2	0
4283	0	5	0	1	3	0	2	324	625	2	0	0
4284	2	6	1	1	3	1	1	414	588	2	2	0
4285	17	1	0	1	1	0	0	414	661	2	2	0
4286	17	5	1	2	1	0	2	357	366	1	2	0
4287	1	2	0	2	3	0	3	324	318	2	2	0
4288	0	5	0	2	3	0	3	461	223	1	2	0
4289	0	5	1	2	3	0	3	43	46	2	2	0
4290	19	3	0	1	1	1	0	478	619	2	2	1
4291	12	0	0	4	0	0	3	518	629	2	2	0
4292	0	1	0	1	1	0	3	370	377	2	2	0
4293	14	0	0	3	3	0	1	478	223	1	0	1
4294	21	0	0	1	3	0	0	550	508	2	2	0
4295	8	2	0	1	0	0	1	368	42	2	2	0
4296	6	2	0	3	1	0	1	452	97	2	1	0
4297	21	2	0	3	3	0	2	419	543	1	2	0
4298	16	0	0	1	3	0	2	370	408	2	2	0
4299	0	4	0	1	3	0	1	551	401	2	2	0
4300	0	6	1	3	3	0	2	125	543	2	1	0
4301	2	3	0	2	0	1	0	45	518	2	2	0
4302	2	3	0	1	3	0	2	218	587	1	2	0
4303	5	0	0	2	1	0	3	478	101	2	2	0
4304	2	6	0	2	1	0	0	324	241	1	2	0
4305	1	3	0	3	3	0	3	441	42	2	2	0
4306	18	0	0	2	3	0	2	370	243	2	2	0
4307	1	2	0	2	3	0	2	419	294	2	2	0
4308	13	4	0	1	0	0	2	414	85	2	2	0
4309	19	1	0	2	3	0	2	463	214	2	2	0
4310	19	3	0	3	1	0	0	218	631	2	2	0
4311	23	1	0	1	3	0	2	438	55	1	2	0
4312	17	2	0	3	1	0	2	89	401	1	1	1
4313	0	0	0	2	3	0	2	37	496	1	2	0
4314	19	4	0	3	1	0	2	478	440	2	2	0
4315	21	6	0	1	3	0	2	391	241	1	0	1
4316	2	6	0	2	3	0	2	324	543	3	1	0
4317	3	0	0	3	0	0	2	72	354	2	2	0
4318	22	1	0	3	3	0	3	175	678	2	2	0
4319	23	6	1	4	3	0	2	51	317	1	2	0
4320	0	1	0	2	3	0	0	69	366	2	2	0
4321	13	2	0	1	0	0	2	159	241	1	2	0
4322	22	5	1	2	3	0	2	81	571	1	2	0
4323	2	6	0	2	3	0	2	381	33	2	2	0
4324	1	1	0	3	3	0	3	419	512	2	2	0
4325	5	0	0	3	3	0	2	391	378	2	2	0
4326	0	3	0	2	0	0	3	328	284	2	2	0
4327	19	4	0	1	1	0	2	478	315	2	0	1
4328	0	5	0	1	3	0	2	370	402	2	2	0
4329	23	0	0	3	3	0	3	324	55	2	2	0
4330	20	1	1	1	1	0	3	339	106	2	2	0
4331	18	4	0	3	1	0	2	370	401	1	2	0
4332	23	1	0	2	3	0	3	444	487	2	2	0
4333	18	4	0	1	1	0	0	467	483	2	2	0
4334	16	0	0	2	0	0	1	324	314	2	2	0
4335	15	2	0	1	0	0	3	108	43	2	2	0
4336	1	3	0	2	3	0	2	30	550	2	1	0
4337	17	6	0	3	3	0	2	391	94	2	0	1
4338	18	2	0	2	1	0	0	328	378	2	2	0
4339	14	1	0	2	0	0	2	419	491	2	2	0
4340	1	0	0	2	3	0	2	521	426	1	2	0
4341	1	1	0	1	3	0	2	328	379	1	1	1
4342	14	1	0	1	3	0	3	186	426	1	2	0
4343	17	2	0	4	1	0	3	391	294	2	2	0
4344	18	2	0	3	1	0	0	370	426	2	2	0
4345	17	4	0	4	1	0	0	289	90	1	2	1
4346	16	2	0	3	0	0	0	478	314	2	2	0
4347	19	3	0	2	1	0	2	83	57	2	1	0
4348	23	3	1	2	3	0	1	309	116	1	2	0
4349	2	1	0	2	1	1	0	350	543	1	2	0
4350	18	1	0	2	1	0	2	226	15	2	2	1
4351	17	1	0	4	1	0	2	478	214	2	2	0
4352	20	5	0	2	1	0	2	296	553	2	0	0
4353	2	1	0	1	1	0	2	478	16	1	2	0
4354	4	3	0	1	3	0	2	502	309	2	2	0
4355	20	0	0	3	1	0	3	421	142	2	2	0
4356	3	0	0	3	1	0	0	335	130	1	2	0
4357	20	0	0	1	3	0	2	370	16	3	1	0
4358	9	0	0	2	1	0	2	246	311	2	2	0
4359	0	5	0	3	3	0	3	478	87	1	2	0
4360	17	0	0	1	1	1	0	288	55	2	2	0
4361	2	1	0	3	0	0	2	370	241	1	2	0
4362	18	1	0	2	1	0	0	296	543	2	1	0
4363	1	0	0	2	0	0	2	370	164	2	2	0
4364	1	3	0	1	3	0	3	324	364	1	2	0
4365	0	6	0	4	3	0	2	370	119	1	0	1
4366	1	0	0	3	3	0	3	218	57	2	2	0
4367	0	3	0	3	3	0	3	391	43	2	2	0
4368	1	2	0	1	1	0	0	206	543	2	2	0
4369	1	0	0	3	3	0	2	391	576	2	2	0
4370	0	3	0	2	3	0	2	370	306	2	2	0
4371	17	2	0	4	1	0	3	370	457	2	2	0
4372	15	0	0	2	0	0	3	72	556	2	2	0
4373	18	4	0	1	1	0	3	370	568	2	2	0
4374	2	6	0	2	3	0	2	324	543	2	1	0
4375	0	3	0	2	0	0	2	128	241	1	2	0
4376	15	0	0	3	0	0	3	72	236	2	2	0
4377	1	1	0	4	3	0	1	463	518	2	2	0
4378	14	1	0	1	0	0	0	478	364	2	2	0
4379	23	6	1	3	3	0	0	37	241	2	2	0
4380	2	0	0	1	1	0	3	503	167	2	2	0
4381	0	4	0	3	3	0	3	302	255	1	2	0
4382	1	4	0	2	3	1	1	218	571	2	2	0
4383	20	3	0	2	1	0	2	532	4	2	2	0
4384	14	0	0	2	0	0	0	414	48	2	2	0
4385	2	1	0	1	3	0	2	414	51	2	1	1
4386	20	4	0	3	3	0	0	370	315	1	2	0
4387	13	5	0	1	0	0	2	214	123	2	2	0
4388	16	4	0	4	1	0	0	370	241	2	2	0
4389	17	1	0	1	1	0	0	81	487	2	2	0
4390	23	1	0	3	3	0	2	179	42	2	2	0
4391	5	2	0	1	3	0	2	419	464	2	2	0
4392	3	1	0	2	3	0	1	328	660	2	2	0
4393	2	2	0	2	3	0	2	56	543	2	2	0
4394	0	0	0	2	3	0	3	37	50	1	2	0
4395	0	0	0	4	0	0	3	17	543	2	1	0
4396	1	5	0	1	3	0	2	450	51	2	1	0
4397	12	6	1	2	0	1	1	391	537	2	2	0
4398	17	0	0	3	1	0	1	324	111	2	2	0
4399	6	0	0	1	2	0	0	391	169	1	2	1
4400	2	1	0	3	3	0	2	436	241	2	0	1
4401	14	4	0	2	1	0	2	37	283	2	2	0
4402	4	2	0	2	0	0	2	328	387	2	2	0
4403	0	4	0	2	3	1	0	293	202	2	2	0
4404	23	1	0	3	3	0	2	527	543	1	2	1
4405	0	5	1	4	3	0	3	61	16	2	1	1
4406	17	4	0	4	1	0	1	370	130	1	2	1
4407	3	5	0	2	1	0	1	452	543	1	2	0
4408	0	4	0	2	3	0	2	502	117	1	1	1
4409	2	0	0	4	3	0	2	372	55	2	2	0
4410	12	2	0	2	3	0	3	324	318	2	2	0
4411	16	1	0	2	3	1	1	478	570	3	2	0
4412	0	3	0	3	3	0	3	527	340	1	2	0
4413	4	5	1	1	3	0	0	370	543	3	1	0
4414	2	2	0	2	1	0	0	374	378	2	2	0
4415	17	0	0	1	1	1	0	218	19	2	2	0
4416	1	5	1	1	3	0	3	37	319	2	2	0
4417	2	0	0	1	3	0	0	296	115	2	2	0
4418	17	5	0	1	3	0	2	370	485	2	2	0
4419	22	4	0	2	3	0	2	370	579	2	2	0
4420	17	0	0	1	1	0	2	30	543	1	2	0
4421	20	1	0	1	3	1	0	502	3	2	2	0
4422	11	6	0	3	1	0	2	370	15	2	2	1
4423	14	0	0	2	0	0	1	149	234	2	2	0
4424	1	1	0	2	3	0	3	429	90	2	2	0
4425	21	2	0	3	3	0	3	425	579	2	2	0
4426	3	1	0	1	3	1	1	370	241	2	2	0
4427	5	0	0	1	0	0	2	324	543	1	2	0
4428	2	0	0	1	1	0	2	76	543	1	2	0
4429	2	4	0	3	3	0	2	502	304	1	2	0
4430	15	2	0	2	0	0	1	374	543	2	2	0
4431	3	6	1	2	3	0	2	324	241	2	2	0
4432	17	2	0	3	1	1	1	7	3	2	2	0
4433	0	2	0	4	3	0	3	324	382	2	2	0
4434	12	0	0	2	1	0	2	339	119	1	2	0
4435	16	3	0	1	0	0	3	45	147	2	2	0
4436	1	0	0	3	3	0	1	518	90	1	2	1
4437	3	3	0	4	3	0	2	391	432	2	1	0
4438	4	1	0	4	3	0	2	551	57	2	2	0
4439	20	2	0	1	1	0	2	278	571	2	2	0
4440	0	4	0	2	0	0	2	163	309	2	2	0
4441	4	3	0	1	3	0	2	293	398	2	2	0
4442	6	0	0	1	1	0	0	324	90	1	2	0
4443	19	3	0	2	1	0	0	226	543	1	2	0
4444	18	5	0	2	3	0	2	43	625	2	0	0
4445	16	6	0	2	0	1	1	370	241	2	2	0
4446	17	1	0	2	1	0	2	547	440	2	2	0
4447	15	0	0	2	3	0	2	328	543	2	2	1
4448	18	2	0	3	1	0	1	327	304	2	2	0
4449	0	2	0	4	2	0	2	557	130	1	2	0
4450	19	5	0	1	1	0	2	502	543	2	2	1
4451	19	3	0	1	1	0	3	175	347	2	2	0
4452	2	4	0	2	1	0	2	372	51	4	1	1
4453	0	6	0	1	0	0	2	472	241	1	2	0
4454	16	5	1	2	0	0	2	125	340	3	2	1
4455	3	2	0	1	1	0	0	444	543	3	1	0
4456	3	3	0	3	3	0	2	95	269	2	2	0
4457	5	4	0	2	3	0	0	391	356	2	2	0
4458	14	2	0	3	0	0	3	566	298	2	2	0
4459	19	4	0	1	1	0	2	551	543	1	2	0
4460	15	0	0	3	0	0	2	370	90	1	2	0
4461	18	1	0	1	3	0	0	370	214	3	2	0
4462	15	3	0	1	0	0	1	218	640	2	2	0
4463	1	5	0	3	3	0	3	197	301	2	2	0
4464	20	5	0	2	3	1	0	218	318	2	0	1
4465	15	0	0	2	0	0	2	370	127	2	2	0
4466	20	6	0	2	3	0	3	478	128	2	2	0
4467	17	0	0	3	3	0	2	414	421	2	2	0
4468	6	5	1	2	2	1	0	478	222	2	2	0
4469	1	6	1	1	3	0	3	374	391	2	2	0
4470	2	0	0	4	3	0	3	414	135	2	2	0
4471	12	4	1	2	0	0	2	354	359	2	2	0
4472	12	5	1	1	0	1	1	267	542	1	2	0
4473	4	6	0	2	3	0	3	478	34	1	2	0
4474	19	0	0	4	1	1	1	149	3	2	2	0
4475	18	0	0	3	1	0	3	419	432	2	2	1
4476	15	1	0	2	0	0	2	246	298	2	2	0
4477	2	6	0	2	3	0	2	370	543	2	2	1
4478	16	6	0	2	0	0	2	328	615	3	1	0
4479	19	5	1	4	1	0	3	377	488	1	2	0
4480	3	2	0	2	3	0	1	328	328	2	2	0
4481	0	1	0	1	3	0	2	391	257	1	1	0
4482	1	0	0	1	3	0	0	409	223	2	2	0
4483	0	2	0	3	3	0	2	218	543	2	2	0
4484	17	1	0	1	1	0	2	37	550	1	2	1
4485	14	0	0	2	0	0	2	27	241	1	2	1
4486	14	2	0	3	1	0	0	200	241	2	2	0
4487	12	3	0	2	0	0	1	550	284	2	2	0
4488	1	2	0	1	3	0	3	125	666	2	2	0
4489	2	0	0	3	3	0	3	391	234	2	2	0
4490	20	6	1	2	1	0	3	414	281	2	2	0
4491	18	5	0	2	3	0	2	479	49	2	0	1
4492	0	0	0	1	3	0	2	419	561	3	2	0
4493	18	6	1	2	1	0	2	425	33	1	1	1
4494	2	3	0	3	3	1	1	414	540	2	2	0
4495	0	2	0	1	3	0	3	436	432	2	0	0
4496	1	4	0	2	3	0	2	296	42	2	2	0
4497	0	1	0	1	1	1	0	328	571	1	2	0
4498	23	4	0	3	3	0	2	218	606	1	2	0
4499	21	6	1	1	3	1	1	409	214	1	2	0
4500	22	5	1	2	0	0	2	345	42	2	2	0
4501	18	2	0	3	1	0	2	324	284	2	2	0
4502	4	0	0	1	0	0	0	218	241	1	2	0
4503	13	3	0	4	0	0	2	159	229	2	2	0
4504	16	3	0	3	3	0	1	450	214	1	2	0
4505	16	5	1	3	0	1	1	478	257	2	2	0
4506	2	0	0	4	3	0	2	416	482	2	2	0
4507	12	4	0	1	0	0	3	530	378	2	2	0
4508	0	1	0	2	3	0	2	370	241	1	2	0
4509	0	6	1	4	3	0	2	551	214	1	0	0
4510	1	6	1	3	3	0	3	502	389	1	2	0
4511	22	4	0	3	3	0	2	370	340	2	2	0
4512	19	0	0	3	3	0	2	370	543	2	1	1
4513	2	2	0	2	3	0	3	370	309	2	2	0
4514	15	0	0	1	3	0	2	478	543	2	0	0
4515	18	6	0	3	3	0	2	328	543	2	2	1
4516	1	5	0	1	3	0	2	325	543	2	2	0
4517	19	4	0	3	1	1	0	360	55	2	2	0
4518	0	1	0	2	3	0	2	419	571	2	2	0
4519	16	2	0	3	0	1	0	502	304	2	2	0
4520	0	6	0	3	1	0	3	328	656	2	2	0
4521	3	0	0	2	3	0	2	370	16	3	2	1
4522	16	1	0	1	0	0	0	503	142	2	2	0
4523	18	0	0	3	1	0	1	218	244	1	2	0
4524	15	5	1	2	0	0	2	478	217	2	2	0
4525	13	5	1	1	0	0	1	263	326	2	2	0
4526	0	1	0	2	2	0	3	502	607	2	2	0
4527	0	4	0	4	3	0	2	502	241	1	2	0
4528	1	1	0	1	3	0	2	370	111	2	2	0
4529	23	3	0	3	3	0	0	23	496	2	1	0
4530	5	1	0	1	3	1	1	414	543	2	0	1
4531	15	2	0	2	0	0	2	414	57	1	1	1
4532	14	2	0	3	0	0	2	139	318	2	2	0
4533	4	0	0	3	3	0	0	68	317	2	2	0
4534	3	2	0	3	0	0	3	391	359	2	2	0
4535	20	4	0	4	1	0	0	370	543	1	2	0
4536	1	0	0	2	1	0	2	391	311	2	2	0
4537	21	0	0	2	3	1	1	328	300	2	2	0
4538	1	1	0	2	1	0	2	503	191	1	2	0
4539	1	5	0	2	3	0	2	310	318	2	2	0
4540	2	1	0	1	1	1	0	478	543	2	1	0
4541	3	2	0	2	3	0	0	35	55	2	2	0
4542	16	1	0	2	0	1	1	414	241	1	2	1
4543	20	1	0	2	3	0	2	324	660	3	1	1
4544	2	5	1	3	1	0	0	212	241	2	2	0
4545	20	0	0	1	1	0	2	324	489	2	2	0
4546	0	4	0	1	3	0	2	226	167	2	2	0
4547	4	5	0	2	1	0	2	310	46	2	2	0
4548	0	5	0	3	3	0	3	4	543	1	2	0
4549	1	5	0	1	1	0	2	15	147	3	2	0
4550	12	2	0	2	0	1	1	370	241	2	2	0
4551	14	3	0	2	0	0	3	288	482	2	2	0
4552	0	6	1	2	3	0	0	328	401	1	2	0
4553	0	2	0	4	3	1	1	218	73	1	2	0
4554	19	3	0	2	1	0	1	81	543	2	2	0
4555	0	1	0	1	3	0	2	186	426	1	2	0
4556	1	0	0	2	3	0	2	302	543	1	2	0
4557	20	2	0	2	1	0	3	246	309	2	2	0
4558	14	5	1	1	0	0	1	126	143	1	2	0
4559	1	3	0	2	3	0	2	324	171	1	2	0
4560	15	0	0	1	0	0	3	332	42	2	2	0
4561	20	0	0	3	1	0	2	324	571	2	2	0
4562	0	2	0	3	3	0	1	361	241	1	2	0
4563	8	3	0	2	1	0	2	369	209	2	2	0
4564	19	3	0	3	1	0	0	384	241	1	2	0
4565	14	0	0	2	0	0	0	498	241	1	2	1
4566	3	1	0	1	0	0	3	482	284	4	2	0
4567	2	0	0	3	1	1	1	391	571	2	2	0
4568	19	0	0	3	1	0	2	367	46	1	2	0
4569	18	2	0	2	3	0	2	381	398	2	2	0
4570	21	6	0	3	3	0	2	328	543	2	1	1
4571	22	1	0	1	3	0	0	391	571	1	2	0
4572	17	5	0	3	3	0	0	444	408	2	2	0
4573	0	5	1	1	3	0	0	463	94	2	2	0
4574	21	0	0	1	3	0	0	328	420	2	2	0
4575	18	4	0	4	1	0	3	218	571	2	2	0
4576	17	4	0	3	1	0	2	370	508	2	2	0
4577	16	6	1	2	0	0	0	49	241	2	2	0
4578	0	0	0	3	3	0	3	534	222	1	2	0
4579	5	6	0	3	3	0	0	502	128	2	2	0
4580	0	5	0	2	3	0	2	212	401	2	1	0
4581	8	2	0	2	0	1	0	516	585	1	2	0
4582	5	6	1	2	1	0	2	268	318	1	2	0
4583	19	3	0	2	3	0	0	463	51	2	1	0
4584	21	5	0	1	3	0	3	201	81	1	2	0
4585	7	3	0	2	0	0	2	246	378	2	2	0
4586	19	3	0	4	1	0	2	502	294	1	2	0
4587	17	2	0	1	1	0	3	271	388	2	2	0
4588	21	0	0	2	3	0	0	416	33	1	0	0
4589	1	0	0	1	1	0	2	159	496	2	2	0
4590	3	1	0	2	3	1	1	125	223	2	2	0
4591	1	6	1	3	3	0	0	171	223	1	2	0
4592	0	1	0	2	3	0	2	324	359	2	2	0
4593	8	6	1	4	2	0	0	218	440	2	2	0
4594	13	5	0	2	0	0	2	530	130	1	2	1
4595	17	0	0	3	1	0	0	125	401	1	2	0
4596	13	6	0	1	3	1	0	80	241	1	2	0
4597	2	3	0	4	3	0	3	502	378	2	2	0
4598	3	3	0	3	3	0	3	246	487	2	2	0
4599	8	3	0	1	2	0	2	37	401	1	2	1
4600	4	6	0	3	3	0	2	551	543	2	1	0
4601	0	5	1	1	3	0	3	296	49	2	2	0
4602	22	4	0	1	3	0	0	429	241	2	2	0
4603	21	4	0	1	3	0	2	551	58	1	2	0
4604	20	1	0	1	1	0	3	268	70	2	2	0
4605	4	6	1	4	3	0	2	378	294	2	2	0
4606	15	1	0	2	0	0	0	370	103	2	2	0
4607	16	5	0	2	0	0	2	391	50	2	2	0
4608	13	3	0	3	0	0	2	408	55	2	2	0
4609	13	6	1	1	0	0	2	198	273	2	2	0
4610	5	3	0	1	1	0	2	145	571	2	2	0
4611	21	4	0	2	3	0	3	502	571	4	2	0
4612	16	6	0	1	0	0	1	101	185	2	2	0
4613	19	4	0	2	3	0	2	416	543	2	0	1
4614	18	2	0	1	3	0	2	370	543	1	2	0
4615	2	0	0	1	3	0	1	370	222	1	2	0
4616	16	0	0	2	0	0	2	37	42	2	2	0
4617	2	0	0	3	3	0	2	218	265	2	2	0
4618	0	6	1	3	0	0	2	478	43	2	2	0
4619	1	6	1	1	3	0	2	391	510	2	2	0
4620	23	3	0	4	3	0	3	60	110	1	2	0
4621	1	0	0	1	3	0	0	296	571	2	2	0
4622	8	1	0	3	0	0	2	453	3	2	2	0
4623	4	2	0	3	3	0	0	557	543	1	2	0
4624	20	5	1	3	3	0	3	370	3	2	2	0
4625	17	1	0	1	1	0	2	296	16	2	1	0
4626	2	0	0	2	1	0	3	370	43	2	2	0
4627	2	4	0	4	3	0	0	478	81	1	2	0
4628	13	6	0	1	3	0	2	478	318	4	1	1
4629	2	0	0	3	3	0	2	398	543	1	2	1
4630	22	3	0	1	3	0	0	370	543	2	2	0
4631	20	1	0	3	1	0	0	230	294	2	2	0
4632	4	0	0	1	0	1	0	374	543	1	2	0
4633	1	0	0	4	0	0	3	478	241	1	2	0
4634	4	3	0	1	0	0	0	76	543	2	0	0
4635	21	5	0	2	3	0	0	125	223	2	2	0
4636	1	1	0	3	3	0	2	444	378	2	2	0
4637	15	2	0	2	0	0	1	5	598	2	1	1
4638	23	0	0	2	3	0	0	45	432	2	0	1
4639	0	6	0	4	3	0	3	482	51	2	1	1
4640	7	6	1	1	2	0	2	496	543	1	2	0
4641	3	0	0	2	1	1	1	324	472	2	2	0
4642	22	5	0	2	3	0	2	196	101	2	2	0
4643	22	3	0	3	3	0	2	454	317	2	2	0
4644	19	6	0	2	3	0	2	197	15	2	1	1
4645	21	0	0	2	3	0	3	478	220	2	2	0
4646	1	0	0	2	3	0	3	218	366	3	2	0
4647	2	1	0	2	3	0	3	103	241	1	2	1
4648	15	6	1	1	0	1	1	185	378	4	2	0
4649	0	3	0	3	3	0	2	502	340	1	2	0
4650	0	2	0	1	3	0	2	370	341	2	2	0
4651	18	0	0	2	0	0	2	268	233	2	2	0
4652	1	0	0	2	0	0	3	478	393	2	2	0
4653	21	5	0	1	3	1	1	125	241	2	2	0
4654	1	0	0	4	3	0	2	328	56	2	2	0
4655	3	3	0	1	3	0	2	324	147	2	2	0
4656	0	6	0	3	1	0	2	478	241	1	2	0
4657	19	0	0	3	3	0	2	408	543	3	1	1
4658	0	3	0	4	3	0	2	271	51	2	1	1
4659	0	0	0	2	3	0	3	357	321	2	2	0
4660	13	2	0	3	0	0	3	159	440	2	2	0
4661	19	2	0	3	1	0	3	49	214	2	2	1
4662	0	3	0	2	3	1	0	416	119	2	0	0
4663	22	1	0	3	3	0	2	502	55	1	2	0
4664	20	1	0	3	1	0	2	444	48	2	2	0
4665	0	0	0	2	3	1	1	218	322	1	2	1
4666	17	0	0	2	1	0	3	350	284	2	2	0
4667	2	0	0	1	3	0	2	328	223	1	2	0
4668	16	1	0	2	3	0	3	179	103	2	2	0
4669	0	1	0	1	0	0	2	107	543	1	2	0
4670	17	1	0	2	1	1	0	159	167	3	2	0
4671	0	2	0	1	0	0	0	125	123	1	2	0
4672	0	1	0	2	0	0	2	93	571	2	2	0
4673	19	5	0	2	1	0	2	328	43	2	2	0
4674	17	0	0	4	1	0	3	132	482	2	2	0
4675	1	2	0	1	1	0	2	522	241	1	2	0
4676	3	2	0	1	3	0	2	499	543	1	2	0
4677	19	5	0	2	1	0	2	37	130	1	2	0
4678	23	5	1	3	3	0	2	391	49	2	2	0
4679	17	0	0	4	1	0	0	327	571	2	2	0
4680	3	0	0	1	3	0	2	328	75	2	2	0
4681	5	3	0	2	1	0	1	226	43	2	2	0
4682	16	6	1	4	0	0	2	296	138	2	2	0
4683	12	0	0	1	0	0	3	478	213	2	2	0
4684	1	6	1	1	1	0	3	81	642	2	2	0
4685	23	4	0	2	3	1	0	502	33	2	2	0
4686	1	6	0	4	3	0	2	419	614	2	1	1
4687	0	0	0	1	0	0	2	550	50	1	2	0
4688	2	1	1	1	3	0	2	419	634	2	2	0
4689	2	1	0	1	0	0	3	81	309	2	2	0
4690	15	0	0	1	0	0	1	232	176	2	2	0
4691	1	5	1	1	3	0	3	502	344	3	2	0
4692	23	0	0	4	3	0	2	149	543	2	1	1
4693	19	0	0	3	1	0	3	444	238	2	2	0
4694	4	6	0	3	3	0	2	179	322	2	2	0
4695	13	2	0	1	0	0	3	334	483	2	2	0
4696	13	0	0	1	1	0	3	218	214	2	2	0
4697	0	0	0	1	3	0	2	502	294	2	2	0
4698	4	1	0	4	3	1	0	218	306	2	2	0
4699	3	5	0	3	3	0	0	37	484	2	2	0
4700	15	3	0	1	3	0	2	296	543	2	1	0
4701	21	1	0	1	3	0	2	280	298	2	2	0
4702	14	2	0	1	0	0	0	374	571	1	2	0
4703	3	4	0	1	3	0	1	218	543	1	2	0
4704	16	3	0	4	0	0	2	370	241	1	2	1
4705	14	0	0	2	0	1	1	370	250	2	1	1
4706	18	0	0	2	1	0	2	502	487	2	2	0
4707	1	5	0	1	3	1	2	218	588	2	2	0
4708	4	0	0	3	3	0	0	125	317	2	2	0
4709	2	4	0	3	3	0	2	218	583	2	0	0
4710	14	3	0	3	0	1	0	325	304	2	2	0
4711	3	4	0	3	3	0	2	151	338	2	1	0
4712	23	3	0	2	3	0	3	419	505	2	2	0
4713	2	2	0	2	3	0	2	37	553	2	0	0
4714	18	0	0	3	3	0	2	391	214	2	2	0
4715	23	6	0	1	3	0	2	370	51	2	1	1
4716	2	3	0	2	3	0	2	185	241	2	2	0
4717	4	3	0	2	3	0	3	244	496	2	2	0
4718	2	2	0	2	2	0	2	81	43	2	2	0
4719	1	6	0	3	3	0	2	457	51	2	0	1
4720	11	0	0	2	0	1	0	503	571	2	2	0
4721	14	3	0	4	0	0	2	140	543	2	2	0
4722	22	1	0	2	3	0	2	370	571	2	2	0
4723	1	2	0	2	0	0	1	370	543	2	2	1
4724	15	3	0	2	0	0	3	328	272	1	2	1
4725	18	2	0	2	1	1	0	296	402	1	2	0
4726	1	5	1	3	3	0	3	370	241	2	2	1
4727	19	2	0	1	1	0	0	429	37	2	2	0
4728	20	1	0	4	1	1	1	324	222	2	2	0
4729	15	0	0	1	0	0	0	444	33	2	2	0
4730	20	4	0	3	1	0	2	239	229	2	2	0
4731	17	2	0	2	1	0	0	218	318	1	2	0
4732	23	1	0	2	3	0	3	45	107	3	2	0
4733	18	1	0	1	1	1	0	391	214	1	2	0
4734	18	2	0	2	1	0	2	370	318	2	2	0
4735	19	4	0	2	1	0	2	370	318	2	2	0
4736	2	5	1	1	3	0	0	370	340	2	1	1
4737	3	5	1	2	3	1	0	328	309	2	2	0
4738	14	1	0	3	1	0	3	139	426	3	2	0
4739	0	6	1	3	0	0	2	164	543	2	2	0
4740	5	5	1	3	3	0	2	391	630	2	2	0
4741	18	2	0	2	1	0	2	125	309	2	2	0
4742	1	2	0	4	3	0	2	125	571	3	2	0
4743	18	2	0	1	1	0	3	324	33	1	1	0
4744	22	1	0	1	3	1	1	218	187	2	2	0
4745	15	1	0	1	0	1	0	478	130	1	2	1
4746	14	1	0	4	0	0	3	53	241	2	2	0
4747	19	6	1	2	1	0	3	229	571	4	2	0
4748	3	1	0	4	3	0	0	293	543	2	1	1
4749	17	4	0	1	1	0	1	81	180	1	2	0
4750	1	6	1	1	1	0	0	402	110	2	2	0
4751	18	5	1	2	1	0	1	125	378	2	2	0
4752	15	6	0	2	1	0	2	340	15	1	2	1
4753	21	0	0	2	3	0	0	289	389	2	2	0
4754	15	3	0	2	0	0	3	419	687	2	2	0
4755	2	5	1	3	2	0	1	218	170	2	2	0
4756	1	5	0	3	0	0	3	377	304	1	2	0
4757	2	1	0	2	3	0	2	89	214	2	2	0
4758	1	0	0	1	3	0	3	125	666	2	0	0
4759	0	3	0	1	1	0	0	370	543	1	2	0
4760	20	2	0	4	1	0	3	282	359	2	2	0
4761	21	4	0	1	3	0	2	218	241	2	2	0
4762	1	0	0	4	3	0	2	370	55	2	2	0
4763	1	0	0	1	3	0	2	375	241	2	2	0
4764	17	6	0	4	3	0	3	429	543	2	1	0
4765	2	2	0	3	1	0	2	478	599	2	2	0
4766	0	2	0	2	3	0	3	478	543	1	2	0
4767	3	0	0	3	0	0	3	370	571	2	2	0
4768	5	1	0	1	1	1	1	478	567	2	2	0
4769	0	0	0	1	3	0	0	218	30	2	2	0
4770	18	2	0	1	1	0	3	419	560	2	2	0
4771	2	1	0	1	3	0	2	551	284	2	2	0
4772	16	1	0	3	0	0	0	372	627	2	2	0
4773	6	2	0	1	1	0	0	419	186	2	2	0
4774	23	1	0	2	3	0	1	414	51	1	1	1
4775	18	6	1	2	1	0	3	334	689	2	2	0
4776	1	6	0	1	3	0	2	55	543	2	2	1
4777	21	1	0	2	3	0	2	37	495	2	2	0
4778	16	5	1	1	0	1	1	37	57	2	1	0
4779	0	3	0	2	3	0	3	339	51	2	2	0
4780	0	6	0	1	3	0	2	502	55	2	2	0
4781	15	5	1	3	0	0	1	226	318	2	2	0
4782	3	2	0	1	3	1	1	444	255	2	2	0
4783	0	1	0	1	1	0	0	414	487	2	2	0
4784	4	4	0	2	0	0	0	205	172	2	2	0
4785	20	6	0	3	3	0	2	517	340	2	0	1
4786	1	2	0	2	1	0	3	116	214	1	2	0
4787	20	3	0	1	1	0	1	72	241	2	2	0
4788	15	5	0	2	3	0	0	419	448	2	2	0
4789	1	2	0	3	3	0	2	502	63	3	2	0
4790	1	4	0	3	3	0	2	502	421	2	2	0
4791	1	0	0	3	2	0	0	125	666	2	2	0
4792	2	1	0	4	3	0	2	296	629	2	2	0
4793	21	1	0	3	3	0	2	179	378	2	2	0
4794	7	2	0	3	1	0	2	370	571	2	2	0
4795	13	0	0	3	0	0	3	370	81	2	2	0
4796	3	0	0	1	3	0	1	289	505	2	2	0
4797	20	2	0	3	1	0	2	125	241	1	2	0
4798	3	0	0	2	3	0	2	296	179	2	2	0
4799	14	4	0	3	0	0	1	201	543	1	0	0
4800	1	4	0	1	3	0	2	37	543	1	2	0
4801	14	6	0	3	3	0	2	218	555	2	2	0
4802	18	5	1	1	1	0	2	502	19	2	2	0
4803	0	0	0	3	3	0	2	370	543	2	1	1
4804	19	1	1	1	3	1	0	83	401	2	2	0
4805	0	2	0	1	3	1	0	370	241	2	1	1
4806	19	6	0	1	3	0	2	328	666	1	2	1
4807	13	6	1	1	0	1	1	370	579	2	2	0
4808	0	2	0	2	0	0	3	324	557	2	2	0
4809	19	3	0	2	3	0	0	412	57	2	1	0
4810	14	2	1	3	0	0	2	502	42	2	2	0
4811	1	0	0	1	3	1	1	414	432	1	1	1
4812	17	1	0	3	3	0	2	370	57	2	0	1
4813	20	2	0	1	1	0	2	34	309	2	2	0
4814	20	2	0	2	1	0	2	478	543	2	2	0
4815	2	2	0	1	1	1	0	391	530	2	2	0
4816	8	5	1	3	0	0	3	478	309	2	2	0
4817	22	0	0	3	3	0	3	218	543	2	1	1
4818	2	0	0	2	3	0	1	55	554	2	2	0
4819	1	5	1	2	3	0	1	530	143	2	2	0
4820	19	2	0	1	1	0	2	72	491	2	2	0
4821	0	2	0	2	3	1	0	414	123	1	2	0
4822	3	2	0	3	3	0	2	463	294	2	2	0
4823	17	5	1	4	1	0	0	478	309	2	2	0
4824	19	3	0	2	1	0	2	230	241	1	2	0
4825	22	2	0	1	3	1	1	218	309	2	2	0
4826	1	2	0	1	3	0	1	324	398	2	2	0
4827	0	0	0	1	3	0	3	551	223	1	2	0
4828	1	2	0	4	3	0	2	81	543	1	0	1
4829	3	0	0	1	3	0	3	370	309	2	2	0
4830	0	1	0	1	3	0	0	324	627	1	2	0
4831	1	0	0	2	3	0	0	478	423	2	1	1
4832	2	6	1	1	3	0	2	125	55	2	2	0
4833	11	0	0	3	2	1	1	370	322	1	2	0
4834	3	0	0	2	0	0	0	269	234	2	2	0
4835	18	1	0	1	1	0	0	324	145	2	2	0
4836	21	4	0	3	3	0	3	320	144	2	2	0
4837	17	1	0	2	1	0	2	359	344	2	2	0
4838	19	0	0	2	1	0	2	149	55	2	2	0
4839	14	2	0	1	0	0	2	414	426	2	2	0
4840	23	1	0	4	3	0	0	370	212	2	2	0
4841	17	0	0	3	1	0	2	328	422	2	2	0
4842	13	4	0	3	0	0	2	0	169	1	2	0
4843	22	1	0	1	3	0	2	383	42	2	2	0
4844	15	1	0	3	0	0	2	108	142	2	2	0
4845	1	6	1	4	3	0	3	30	171	2	2	0
4846	20	1	0	1	1	0	2	530	494	2	2	0
4847	23	6	1	1	3	0	3	218	543	2	2	0
4848	3	4	0	3	3	0	3	414	55	1	2	0
4849	16	4	0	3	0	0	3	37	571	2	2	0
4850	13	4	0	2	0	0	3	284	241	1	2	0
4851	12	0	0	4	1	0	2	432	543	1	2	0
4852	11	1	0	2	2	0	3	478	378	2	2	0
4853	2	5	0	3	3	0	2	328	426	2	2	0
4854	6	4	0	1	0	1	0	370	16	1	2	1
4855	2	0	0	1	1	0	2	414	543	2	1	0
4856	0	0	0	3	3	0	2	147	123	1	2	0
4857	20	0	0	1	1	0	0	478	496	1	2	0
4858	6	2	0	3	2	1	1	301	3	2	2	0
4859	18	0	0	4	1	0	3	479	294	2	2	0
4860	0	0	0	1	0	0	0	37	571	1	2	0
4861	1	6	1	1	3	0	0	213	16	1	2	0
4862	2	5	0	1	0	0	2	328	214	3	2	0
4863	13	5	0	1	0	0	2	416	550	1	2	1
4864	15	3	0	2	0	0	0	416	96	2	2	0
4865	22	1	0	1	3	1	0	218	512	2	2	0
4866	17	3	0	1	3	1	1	324	518	2	2	0
4867	15	5	0	1	3	0	2	478	49	1	0	0
4868	2	4	0	4	0	0	0	370	660	2	2	0
4869	16	5	0	4	3	0	2	80	241	2	0	1
4870	1	1	0	3	2	0	1	125	398	2	2	0
4871	6	1	0	3	0	0	0	218	241	2	2	0
4872	13	0	0	2	0	0	2	154	273	2	2	0
4873	1	3	0	4	3	0	3	391	43	2	2	0
4874	0	1	0	3	3	1	1	125	33	2	2	0
4875	17	4	0	4	1	0	2	208	200	2	2	0
4876	17	6	0	2	3	0	2	328	543	2	1	0
4877	1	2	0	3	3	0	2	390	3	2	2	0
4878	0	0	0	1	0	0	3	328	318	2	2	0
4879	23	4	0	2	3	0	0	419	518	2	2	0
4880	20	5	1	2	1	0	2	324	456	3	2	0
4881	22	0	0	1	3	0	0	125	666	2	2	0
4882	17	6	1	3	3	0	2	264	543	2	2	1
4883	2	1	0	1	3	0	3	414	214	2	2	0
4884	6	0	0	2	0	0	2	324	20	2	2	0
4885	1	1	0	2	0	1	0	125	322	2	2	0
4886	3	3	0	1	1	0	2	238	222	2	2	0
4887	2	0	0	1	3	0	0	93	51	1	1	0
4888	17	5	1	3	1	0	2	194	43	2	2	0
4889	19	1	0	3	1	0	2	370	43	2	2	0
4890	1	5	1	1	3	0	3	391	41	2	2	0
4891	17	3	0	1	1	0	3	381	37	2	2	0
4892	20	0	0	1	1	0	0	149	543	1	2	0
4893	17	2	0	2	1	0	2	341	613	2	2	0
4894	19	6	1	3	1	0	3	414	571	1	2	0
4895	14	6	0	4	3	0	1	280	241	2	1	0
4896	0	0	0	2	3	0	3	293	378	2	2	0
4897	1	0	0	1	3	1	0	125	273	1	2	0
4898	22	5	0	3	3	0	2	328	119	1	2	0
4899	0	0	1	3	0	0	2	143	200	2	2	0
4900	18	4	0	3	3	0	2	328	599	1	2	0
4901	4	5	1	1	3	0	0	472	321	4	2	0
4902	1	2	0	3	3	0	0	324	543	2	1	0
4903	22	2	0	1	3	0	2	457	294	2	2	0
4904	0	0	0	1	3	0	2	269	110	2	0	0
4905	22	0	0	3	3	0	3	403	294	2	2	0
4906	2	1	0	1	3	0	1	414	571	2	2	0
4907	19	0	0	1	1	0	2	527	483	2	2	0
4908	17	6	0	1	3	0	0	370	354	2	2	0
4909	17	2	0	3	1	0	2	82	214	2	2	0
4910	12	0	0	3	0	0	0	246	587	1	2	0
4911	3	4	0	1	3	0	3	419	55	2	2	0
4912	17	5	1	1	1	0	2	478	55	1	2	0
4913	19	1	0	1	1	0	2	502	285	2	2	0
4914	0	1	0	2	3	0	2	498	223	2	2	0
4915	16	0	0	2	0	0	0	296	568	2	2	0
4916	2	2	0	2	3	0	2	328	342	2	1	1
4917	18	2	0	4	1	1	1	125	346	1	2	0
4918	2	4	0	1	3	0	3	328	302	2	2	0
4919	11	1	0	1	0	0	0	78	106	2	2	0
4920	22	0	0	2	3	0	3	156	393	2	2	0
4921	0	1	0	1	3	0	2	88	15	2	2	0
4922	0	1	0	4	3	0	0	463	241	2	2	0
4923	17	5	0	4	3	0	3	370	129	2	1	0
4924	0	5	0	3	3	0	2	502	543	1	2	0
4925	22	2	0	2	3	1	1	419	530	2	2	0
4926	1	2	0	2	3	0	2	125	234	3	2	0
4927	11	1	0	4	1	0	3	15	43	2	2	0
4928	3	5	0	1	3	0	3	403	322	1	2	0
4929	3	1	0	2	3	0	2	404	229	2	2	0
4930	1	2	0	1	3	0	2	478	483	2	2	0
4931	2	1	0	3	3	0	2	125	648	2	2	0
4932	21	2	0	4	3	0	2	334	55	2	2	0
4933	11	2	0	1	1	0	0	266	571	1	2	0
4934	20	6	1	1	1	0	0	370	33	1	1	1
4935	15	6	0	2	0	0	1	478	241	2	2	1
4936	0	6	1	2	3	0	3	448	318	2	2	0
4937	13	1	0	3	0	0	3	218	294	2	2	0
4938	18	5	1	3	1	0	0	419	401	1	0	1
4939	3	6	1	4	3	1	1	478	222	3	2	0
4940	2	4	0	1	3	0	2	414	55	1	2	0
4941	12	0	0	2	0	0	3	463	571	2	2	0
4942	0	5	1	1	3	0	3	370	94	2	2	1
4943	18	0	0	1	1	0	3	502	309	2	2	0
4944	2	6	0	3	3	0	2	289	543	2	1	1
4945	20	2	0	1	1	0	2	236	606	2	2	0
4946	22	6	0	3	3	0	3	218	283	2	2	0
4947	1	6	0	1	3	0	3	246	401	1	0	0
4948	0	6	0	1	3	0	2	414	169	1	2	0
4949	4	6	1	1	3	0	3	2	304	2	2	0
4950	23	2	0	1	3	0	3	391	214	2	2	0
4951	22	5	1	2	3	0	0	502	668	2	2	0
4952	17	1	0	3	1	0	2	81	571	1	2	0
4953	21	4	0	3	3	0	3	226	484	2	2	0
4954	1	2	0	4	3	0	2	200	50	2	2	0
4955	23	2	0	4	3	0	2	478	629	2	2	0
4956	20	0	0	3	3	0	2	324	11	2	2	0
4957	2	3	0	3	3	0	0	478	372	2	2	0
4958	19	2	0	1	3	0	2	202	130	1	2	1
4959	17	2	0	1	1	0	3	218	3	3	2	0
4960	15	5	1	4	0	0	3	324	222	2	2	0
4961	10	3	0	1	2	0	2	448	11	2	2	0
4962	19	1	0	2	3	0	2	370	51	2	1	0
4963	20	5	1	1	1	0	2	461	51	2	1	1
4964	16	0	0	2	0	0	2	95	20	2	2	0
4965	1	3	0	2	3	0	2	502	426	2	2	0
4966	14	1	0	3	0	0	0	324	169	1	2	0
4967	3	1	0	2	0	1	1	416	497	2	2	0
4968	19	6	0	3	3	0	2	370	458	2	2	0
4969	0	4	0	2	3	0	1	13	55	2	2	0
4970	1	4	0	3	3	0	2	502	571	2	2	0
4971	13	1	0	2	0	0	1	48	487	2	2	0
4972	22	4	0	3	3	0	2	198	543	2	1	1
4973	3	4	0	3	1	0	1	370	543	1	2	1
4974	22	3	0	2	3	0	2	411	222	2	2	0
4975	20	1	0	3	1	0	2	328	196	2	2	0
4976	13	4	0	1	0	0	3	51	224	2	2	0
4977	15	0	0	2	0	0	2	37	422	2	2	0
4978	21	2	0	2	3	0	3	45	571	2	2	0
4979	14	5	1	2	0	1	0	218	43	2	2	0
4980	18	1	0	3	1	0	1	360	434	2	2	0
4981	16	1	0	4	3	0	0	12	130	1	2	0
4982	0	0	0	1	0	1	0	370	229	2	2	0
4983	1	5	1	2	3	0	2	391	543	2	2	1
4984	19	6	0	3	3	0	2	226	81	1	2	0
4985	1	1	0	3	3	0	2	478	241	1	2	1
4986	22	3	0	1	3	1	1	478	571	2	2	0
4987	3	2	0	3	3	0	0	45	518	2	2	0
4988	22	0	0	1	3	0	2	293	678	2	2	0
4989	15	5	1	2	0	0	0	324	241	2	2	0
4990	0	2	0	3	0	1	0	451	33	2	2	0
4991	13	1	0	2	0	0	3	403	71	2	2	0
4992	16	0	0	3	0	0	2	532	196	4	2	0
4993	17	3	0	2	1	0	0	502	16	4	1	1
4994	0	2	0	3	3	1	1	324	180	1	2	0
4995	11	1	0	3	2	0	2	334	196	2	2	0
4996	1	1	0	2	3	0	2	478	543	1	2	0
4997	14	4	0	2	0	0	2	478	571	1	2	0
4998	6	2	0	3	2	0	2	293	531	2	2	0
4999	20	1	0	1	1	0	3	37	287	1	2	0
5000	1	4	0	1	3	0	2	218	186	1	2	0
5001	0	6	1	3	3	0	3	461	33	2	2	0
5002	0	2	0	3	3	0	2	328	543	2	1	1
5003	14	0	0	3	0	0	3	370	543	1	2	0
5004	18	5	0	1	1	0	3	414	543	1	0	0
5005	22	0	0	2	3	0	0	478	294	2	2	0
5006	5	2	0	1	3	0	0	502	186	2	2	0
5007	14	2	0	1	0	1	1	52	31	1	2	0
5008	15	1	0	3	0	0	2	218	172	2	2	0
5009	20	0	0	4	1	0	3	125	222	3	2	0
5010	0	6	1	1	3	0	0	61	3	2	2	0
5011	23	0	0	1	3	0	2	551	85	3	2	0
5012	0	5	0	3	3	0	3	444	580	2	2	0
5013	6	0	0	1	0	0	0	478	222	4	2	0
5014	20	0	0	2	1	0	2	324	37	2	2	0
5015	11	3	0	2	1	0	2	478	571	2	2	0
5016	1	0	0	3	3	0	1	429	543	2	1	0
5017	19	5	0	3	3	0	3	45	440	2	2	0
5018	12	2	0	1	0	0	2	478	294	2	2	0
5019	0	0	0	3	3	0	2	391	543	1	2	0
5020	0	6	0	3	3	0	2	412	241	1	2	0
5021	15	2	0	1	0	0	0	328	130	2	2	1
5022	16	1	0	1	0	0	2	565	440	2	2	0
5023	16	6	0	2	3	0	3	370	543	2	1	1
5024	18	3	0	4	1	0	1	370	123	1	2	0
5025	22	1	0	2	3	0	2	43	217	2	2	0
5026	1	1	0	1	1	0	2	61	531	2	2	0
5027	1	1	0	1	3	0	0	81	187	2	2	0
5028	0	1	0	2	1	0	3	8	55	1	2	0
5029	13	1	0	3	0	0	1	436	96	2	2	0
5030	0	6	1	1	3	0	0	5	553	2	2	0
5031	5	6	0	3	3	1	1	502	33	2	2	0
5032	15	3	0	2	0	0	2	45	167	3	2	0
5033	17	0	0	3	1	0	1	326	130	1	2	0
5034	5	2	0	2	3	0	2	419	43	2	2	0
5035	4	6	0	3	3	0	2	370	543	1	2	1
5036	12	0	0	1	0	0	0	381	304	2	2	0
5037	0	2	0	2	3	0	2	502	43	2	2	0
5038	21	1	0	3	1	0	3	5	241	2	2	0
5039	17	0	0	1	1	1	1	414	564	2	2	0
5040	17	6	0	3	3	0	3	324	423	2	1	1
5041	3	3	0	3	1	0	0	414	463	2	2	0
5042	21	6	0	4	3	0	3	324	657	2	2	0
5043	3	1	0	1	3	1	1	478	543	2	2	0
5044	1	1	0	2	3	0	2	444	543	2	1	1
5045	3	0	0	4	2	0	1	391	222	2	2	0
5046	17	3	0	1	3	0	0	414	15	2	1	1
5047	3	0	0	1	0	0	1	127	571	1	2	0
5048	20	2	0	3	1	0	3	289	167	2	2	0
5049	18	1	0	2	1	0	2	462	318	2	2	0
5050	0	4	0	4	3	1	1	125	222	3	2	0
5051	17	5	1	1	1	0	1	463	265	3	2	0
5052	21	0	0	1	3	0	2	408	585	2	1	1
5053	2	5	1	2	3	0	2	370	309	2	2	0
5054	13	0	0	3	0	0	2	370	241	3	2	0
5055	1	0	0	3	0	0	2	48	577	2	2	0
5056	4	2	0	2	0	0	2	89	629	1	2	0
5057	16	2	0	3	0	0	2	37	43	2	2	0
5058	22	3	0	1	3	0	2	218	543	2	1	0
5059	19	0	0	2	3	0	2	370	354	1	2	0
5060	22	3	0	2	3	0	2	328	3	2	2	0
5061	2	6	1	2	3	0	2	506	90	1	2	0
5062	2	0	0	1	3	0	2	146	543	1	2	1
5063	5	2	0	1	1	0	0	244	241	1	2	0
5064	4	1	0	1	0	1	1	502	186	2	2	0
5065	2	2	0	2	3	0	0	296	571	3	2	0
5066	0	3	0	3	3	0	2	37	55	2	2	0
5067	16	3	0	4	0	0	3	296	306	2	2	0
5068	1	6	0	1	3	0	1	502	571	2	2	0
5069	0	2	0	1	3	0	2	45	16	2	1	0
5070	2	5	0	4	3	0	2	37	82	1	2	0
5071	22	4	0	2	3	0	3	45	43	2	2	0
5072	21	6	0	4	3	0	1	125	222	3	2	0
5073	16	5	1	3	1	0	2	79	482	2	2	0
5074	19	3	0	3	1	0	0	478	407	3	2	0
5075	18	6	1	2	1	0	2	370	241	1	2	1
5076	2	1	0	2	3	0	0	324	543	2	1	1
5077	23	3	0	1	3	0	2	268	606	2	1	0
5078	17	2	0	1	1	0	0	324	241	1	2	0
5079	0	5	0	3	1	0	2	267	220	2	2	0
5080	11	1	0	3	1	0	1	370	397	2	2	0
5081	1	6	1	1	3	0	2	218	543	1	2	0
5082	0	5	1	2	0	0	2	30	55	2	2	0
5083	12	3	0	3	0	0	2	296	239	2	2	0
5084	13	5	1	1	0	0	2	324	540	2	2	0
5085	0	0	0	2	3	0	2	288	90	1	2	0
5086	4	2	0	4	0	1	1	125	543	2	2	0
5087	0	0	0	3	3	0	3	328	680	2	2	0
5088	23	0	0	3	3	0	0	370	251	1	2	0
5089	18	4	0	1	1	1	0	502	294	2	2	0
5090	1	4	0	2	3	0	3	531	340	1	2	0
5091	3	2	0	1	3	0	2	414	43	2	2	0
5092	14	1	0	1	0	0	3	288	43	2	2	0
5093	17	0	0	3	3	0	0	370	496	2	1	1
5094	22	0	0	3	3	0	2	478	55	2	2	0
5095	13	1	0	4	0	0	2	324	613	3	2	0
5096	18	2	0	1	3	0	1	502	28	1	2	0
5097	20	2	0	4	1	0	2	370	613	2	2	0
5098	1	5	1	3	1	1	0	125	284	2	2	0
5099	3	2	0	2	3	0	3	220	139	2	2	0
5100	16	4	0	1	0	0	1	370	294	2	2	0
5101	4	6	1	1	3	0	3	296	634	2	2	0
5102	17	0	0	4	1	0	3	328	374	2	2	0
5103	1	6	1	2	3	0	1	108	265	3	2	0
5104	0	0	0	4	3	0	3	522	496	2	2	0
5105	1	0	0	4	1	0	2	140	550	1	2	0
5106	18	2	0	4	1	0	2	125	571	2	2	0
5107	0	6	0	1	3	0	0	324	496	2	2	0
5108	0	0	0	4	0	0	3	391	294	2	2	0
5109	16	2	0	4	0	0	2	392	571	1	2	0
5110	0	5	1	4	3	1	2	125	543	2	0	1
5111	2	6	0	3	3	0	2	414	496	1	1	1
5112	1	4	0	1	3	0	3	564	553	2	2	1
5113	4	4	0	3	0	0	0	414	255	2	2	0
5114	3	5	0	3	3	0	2	142	16	2	1	1
5115	2	6	0	1	3	0	2	277	15	2	1	0
5116	17	0	0	3	1	0	0	551	322	1	2	0
5117	2	1	0	4	3	0	2	391	571	2	2	0
5118	0	5	0	1	3	0	2	273	214	2	2	1
5119	14	5	1	1	0	0	2	370	543	1	2	0
5120	1	5	0	2	3	0	2	530	214	2	2	0
5121	22	3	0	1	3	0	2	502	543	1	2	0
5122	4	0	0	1	3	1	1	496	115	1	2	0
5123	1	1	0	2	3	0	2	502	571	2	2	0
5124	2	6	0	1	3	0	2	370	19	2	2	0
5125	15	2	0	3	1	0	3	328	222	1	2	0
5126	20	5	0	3	3	0	2	43	51	2	1	1
5127	17	3	0	4	1	0	2	370	214	2	2	0
5128	4	3	0	1	1	0	0	478	294	2	2	0
5129	14	5	0	3	0	0	2	244	543	1	2	0
5130	2	6	1	3	3	0	2	125	543	2	2	0
5131	21	2	0	4	3	0	2	218	241	2	2	0
5132	10	3	0	4	2	0	0	416	43	2	2	0
5133	18	3	0	1	1	0	2	43	214	2	2	0
5134	22	4	0	3	3	0	0	502	55	1	2	0
5135	1	1	0	1	3	0	1	507	241	2	2	1
5136	2	1	0	3	3	0	2	478	553	1	2	0
5137	15	1	0	3	3	0	2	196	194	1	2	0
5138	0	1	0	1	3	0	2	372	571	3	2	0
5139	0	4	0	3	1	0	2	502	246	1	2	0
5140	2	1	0	1	0	0	2	26	19	2	2	0
5141	3	1	0	3	3	0	1	123	241	2	2	0
5142	15	1	0	4	0	0	3	324	298	2	2	0
5143	15	0	0	2	0	0	2	478	196	2	2	0
5144	17	3	0	2	1	0	3	414	101	2	2	0
5145	15	0	0	3	3	1	0	370	169	1	2	0
5146	23	0	0	1	3	1	2	125	241	2	2	1
5147	3	0	0	3	3	0	2	243	340	1	2	0
5148	4	1	0	3	3	0	2	159	488	1	2	0
5149	18	3	0	3	3	0	2	45	43	2	2	0
5150	5	2	0	1	1	0	3	293	515	2	2	0
5151	1	4	0	3	1	0	3	296	55	2	2	0
5152	4	2	0	1	3	0	1	125	49	2	0	0
5153	4	0	0	4	3	0	2	125	16	2	1	0
5154	16	5	1	1	0	0	2	335	571	2	2	0
5155	18	2	0	1	1	0	0	95	187	2	2	0
5156	14	6	0	3	3	0	2	405	543	2	1	1
5157	18	1	0	2	3	0	0	374	214	1	1	0
5158	15	0	0	1	1	0	2	218	304	2	2	0
5159	0	2	0	2	1	0	0	414	90	1	1	1
5160	20	1	0	2	1	0	2	61	234	2	2	0
5161	15	1	0	2	3	0	2	328	666	1	0	0
5162	20	1	0	1	1	0	2	60	680	2	2	0
5163	1	2	0	1	3	0	3	37	530	2	2	0
5164	14	5	1	2	0	0	2	370	318	2	2	0
5165	0	4	0	3	3	0	0	324	223	1	2	0
5166	3	1	0	2	3	0	0	478	621	2	2	0
5167	19	0	0	1	1	0	2	370	543	2	1	1
5168	1	3	0	1	0	0	2	230	436	2	2	0
5169	17	0	0	3	1	0	2	159	408	2	2	0
5170	2	1	0	2	1	0	0	324	46	1	2	0
5171	3	2	0	4	3	0	2	72	368	2	2	0
5172	0	0	0	4	3	0	0	506	543	2	2	0
5173	6	0	0	1	1	0	0	328	346	2	2	0
5174	22	2	0	4	3	0	2	107	55	1	2	0
5175	1	5	1	3	3	0	2	49	543	1	2	0
5176	13	2	0	3	0	0	2	414	543	2	2	0
5177	2	5	1	2	3	0	2	192	3	2	2	0
5178	2	6	0	2	3	0	2	202	543	2	0	0
5179	2	0	0	1	0	0	2	502	512	2	2	0
5180	2	6	0	1	3	0	2	328	95	2	1	1
5181	22	0	0	2	0	1	1	414	226	2	2	0
5182	10	4	0	1	0	0	3	61	241	1	2	1
5183	0	0	0	3	3	0	3	218	16	1	2	1
5184	0	5	0	3	3	0	0	125	51	2	1	0
5185	4	6	0	1	3	0	2	301	241	3	1	1
5186	2	1	0	2	3	1	0	502	543	1	2	0
5187	18	1	0	1	1	0	2	99	254	2	2	0
5188	1	4	0	2	3	0	3	263	145	2	2	0
5189	17	2	0	1	1	0	2	50	571	2	2	0
5190	12	2	0	1	0	0	3	511	389	2	2	0
5191	1	2	0	3	3	0	3	370	556	2	2	0
5192	13	1	0	3	0	0	1	506	33	2	2	0
5193	2	3	0	2	0	0	2	555	15	2	2	0
5194	0	5	0	1	0	0	3	530	484	2	2	0
5195	1	0	0	1	3	0	1	502	48	2	2	0
5196	2	6	0	3	1	0	3	43	222	2	2	0
5197	0	4	0	1	3	0	2	505	123	2	2	0
5198	14	1	0	1	0	0	2	478	491	2	2	0
5199	18	5	1	1	1	0	0	327	32	2	2	0
5200	1	4	0	4	3	1	1	370	515	2	2	0
5201	22	0	0	3	3	0	3	370	123	2	2	1
5202	15	0	0	3	0	0	3	419	239	2	2	0
5203	19	4	0	2	1	0	0	37	401	1	2	0
5204	20	5	0	2	1	0	3	271	51	2	2	1
5205	0	4	0	3	3	0	2	48	318	1	2	0
5206	22	6	0	1	3	0	2	378	543	2	2	0
5207	3	4	0	2	3	0	3	448	432	2	1	1
5208	13	1	0	1	0	0	2	370	475	2	2	0
5209	13	2	0	2	1	0	1	324	571	2	2	0
5210	14	0	0	3	0	0	3	293	241	1	2	1
5211	0	2	0	1	3	0	2	414	440	2	2	0
5212	0	6	0	2	3	0	2	204	432	2	1	1
5213	1	0	0	1	3	0	3	330	543	1	2	0
5214	0	6	0	2	3	0	2	45	496	2	2	0
5215	2	1	0	1	3	0	0	436	241	1	2	0
5216	5	0	0	2	3	0	1	179	16	1	2	0
5217	2	3	0	2	3	0	3	391	147	2	2	0
5218	0	3	0	1	3	0	2	370	432	2	1	1
5219	0	0	0	2	3	0	2	328	43	2	2	0
5220	1	0	0	1	3	0	0	444	591	2	2	0
5221	15	2	0	4	0	0	2	328	344	2	2	0
5222	15	1	0	1	1	0	3	370	241	3	2	0
5223	4	0	0	1	1	0	3	391	445	2	2	0
5224	21	2	0	2	3	0	2	463	463	2	2	0
5225	2	0	0	1	0	0	3	419	3	2	2	0
5226	2	4	1	3	3	0	0	448	543	1	2	0
5227	22	6	0	3	3	0	2	61	241	2	2	0
5228	17	5	0	3	3	0	2	502	543	1	2	0
5229	1	0	0	2	3	0	1	81	543	2	0	1
5230	0	6	1	4	3	0	2	291	340	1	0	0
5231	11	4	0	2	2	0	3	61	217	2	2	0
5232	17	2	0	1	1	0	2	502	309	2	2	0
5233	2	2	0	3	3	0	2	271	574	2	1	1
5234	15	0	0	1	0	0	3	116	680	2	2	0
5235	18	0	0	1	3	0	2	502	543	2	2	1
5236	1	0	0	4	3	0	2	28	236	2	2	0
5237	20	4	0	4	1	0	2	532	234	2	2	0
5238	20	3	0	2	1	0	3	32	447	2	2	0
5239	3	2	0	3	0	0	3	502	284	2	2	0
5240	3	4	0	1	1	0	3	218	543	1	2	0
5241	3	6	1	1	0	1	0	43	483	2	2	0
5242	1	1	0	3	3	0	2	414	223	1	2	0
5243	10	6	0	1	2	0	1	15	543	2	2	0
5244	23	6	0	4	3	0	1	328	19	2	2	0
5245	16	6	1	1	1	0	3	425	432	2	2	1
5246	14	3	0	2	0	0	2	370	49	2	1	1
5247	2	1	0	2	3	0	2	91	241	2	1	1
5248	2	0	0	3	1	0	1	474	130	1	2	0
5249	4	6	0	4	0	0	2	391	291	2	2	0
5250	19	5	1	3	1	0	3	444	200	2	2	0
5251	20	5	0	4	1	0	2	218	241	1	2	1
5252	21	4	0	2	3	0	3	370	55	1	2	0
5253	15	4	0	1	0	0	2	96	543	1	2	0
5254	1	1	0	4	1	0	0	36	426	3	2	0
5255	2	0	0	3	3	0	2	414	51	2	1	0
5256	16	5	0	3	3	0	2	519	94	2	2	0
5257	20	4	0	1	1	0	3	372	543	2	2	0
5258	4	3	0	3	3	1	0	391	377	2	2	0
5259	1	0	0	2	3	0	3	324	113	2	2	0
5260	21	0	0	1	3	0	2	453	582	1	1	0
5261	0	6	1	1	3	0	2	502	543	2	1	0
5262	20	1	0	3	1	0	3	218	366	2	2	0
5263	20	0	0	2	1	1	0	125	550	2	2	0
5264	21	5	0	4	3	0	1	350	364	1	2	1
5265	0	0	0	1	3	0	0	269	486	2	2	0
5266	1	2	0	3	1	0	3	125	571	4	2	0
5267	3	4	0	2	1	0	0	478	309	2	2	0
5268	0	1	0	2	3	0	2	36	378	2	2	0
5269	14	0	0	3	0	0	3	419	294	2	2	0
5270	21	5	0	3	3	0	2	391	100	2	0	0
5271	15	5	0	1	0	0	2	370	587	3	2	0
5272	3	3	0	3	1	0	0	218	101	2	2	0
5273	2	2	0	3	3	0	2	414	543	1	0	1
5274	1	1	0	4	3	0	3	502	55	1	2	0
5275	18	0	0	4	1	0	3	324	171	1	2	0
5276	21	0	0	1	3	0	2	87	496	2	2	0
5277	5	5	1	4	3	0	3	125	571	2	2	0
5278	17	2	0	1	1	1	1	478	82	1	2	0
5279	22	3	0	2	3	1	0	478	126	2	2	0
5280	2	0	0	3	3	0	2	419	376	2	0	1
5281	16	4	0	1	0	0	1	125	147	3	2	0
5282	23	5	0	1	3	0	2	448	496	2	0	1
5283	2	0	0	4	3	0	3	327	317	3	2	0
5284	18	0	0	3	1	0	2	61	543	1	2	0
5285	20	2	0	3	1	1	1	478	214	2	2	0
5286	17	1	0	1	3	0	1	419	15	2	1	1
5287	11	0	0	2	1	0	3	478	130	2	2	0
5288	2	6	0	2	3	0	2	502	241	2	0	0
5289	2	6	0	4	1	0	2	551	543	2	1	0
5290	22	6	0	2	3	0	2	403	543	2	2	1
5291	15	0	0	3	3	0	0	328	129	2	1	1
5292	0	6	0	3	1	0	2	218	543	1	2	0
5293	3	6	1	1	3	0	2	106	3	2	2	0
5294	0	0	0	3	3	0	2	186	482	2	2	0
5295	1	3	0	3	0	0	0	370	432	2	2	0
5296	1	2	0	1	3	0	1	391	520	2	0	1
5297	0	0	0	2	3	0	2	502	304	2	2	0
5298	3	3	0	2	3	0	2	414	388	2	2	0
5299	16	4	0	3	0	0	0	293	571	2	2	0
5300	2	2	0	1	3	0	0	324	571	2	2	0
5301	3	3	0	4	0	1	1	370	241	1	2	0
5302	19	1	0	2	1	0	0	370	241	1	2	1
5303	16	1	0	2	0	0	1	502	580	2	2	0
5304	19	0	0	1	1	0	0	548	571	1	2	0
5305	18	1	0	3	1	0	1	125	463	2	2	0
5306	0	5	0	3	3	0	2	324	51	2	1	1
5307	16	1	0	3	0	0	2	391	40	2	2	0
5308	1	4	0	1	3	0	0	52	496	1	2	0
5309	0	1	0	2	3	0	0	370	59	1	1	1
5310	15	6	1	4	0	0	2	282	46	1	2	0
5311	4	4	0	3	3	0	2	293	304	2	2	0
5312	18	1	0	1	1	0	2	370	241	1	2	0
5313	2	6	0	3	3	0	3	196	543	2	1	0
5314	15	2	0	4	0	0	0	370	214	3	2	0
5315	22	2	0	2	3	0	3	526	16	2	0	0
5316	3	5	1	1	0	0	2	2	241	1	2	1
5317	0	6	0	2	3	0	2	54	543	1	2	0
5318	23	2	0	1	3	0	0	502	543	1	2	1
5319	19	0	0	1	0	0	2	197	101	2	2	0
5320	3	0	0	3	3	0	2	414	378	2	2	0
5321	16	1	0	3	0	0	3	218	294	2	2	0
5322	1	0	0	4	3	0	0	218	520	1	2	1
5323	21	6	0	2	3	0	2	207	117	2	2	0
5324	17	0	0	2	1	0	0	414	435	2	2	0
5325	20	0	0	3	1	0	2	295	55	2	2	0
5326	2	1	0	1	3	0	0	478	15	1	2	0
5327	0	5	0	1	3	0	2	139	543	2	1	1
5328	0	6	1	1	3	0	3	72	95	2	2	0
5329	19	2	0	3	1	0	3	391	512	2	2	0
5330	2	0	0	2	3	0	2	218	401	2	1	1
5331	13	2	0	1	0	0	2	139	55	2	2	0
5332	4	5	1	1	3	0	3	167	300	2	2	0
5333	4	2	0	2	3	0	0	232	237	3	2	0
5334	12	2	0	4	0	0	2	93	42	2	2	0
5335	4	2	0	1	3	0	3	296	550	2	0	1
5336	17	4	0	1	1	0	2	440	55	2	2	0
5337	1	3	0	1	3	0	2	327	123	1	2	0
5338	0	0	0	1	3	0	3	90	43	2	2	0
5339	14	3	0	1	3	0	0	310	378	1	2	0
5340	10	0	0	4	1	0	2	450	130	1	2	0
5341	12	1	0	2	3	0	2	425	587	1	2	0
5342	2	4	0	2	3	0	0	146	543	2	0	0
5343	3	4	1	1	3	0	2	400	234	2	2	0
5344	22	0	0	3	3	0	2	114	318	2	2	0
5345	19	6	1	1	3	0	3	218	658	2	0	1
5346	17	2	0	1	1	0	2	293	484	2	2	0
5347	13	0	0	3	0	0	3	61	55	2	2	0
5348	16	3	0	1	0	0	2	328	631	2	2	0
5349	0	3	0	2	3	0	2	402	543	2	1	0
5350	23	1	0	4	3	1	0	478	346	2	2	0
5351	15	6	0	1	0	0	3	370	543	3	2	1
5352	19	1	0	1	3	0	3	370	284	1	2	0
5353	0	1	0	1	1	1	0	465	543	1	2	0
5354	0	2	0	1	3	0	0	391	43	2	2	0
5355	17	0	0	1	1	0	3	370	55	2	2	0
5356	23	0	0	2	3	0	2	327	15	2	1	1
5357	0	2	0	2	3	0	2	440	553	2	0	1
5358	18	2	0	2	1	0	3	324	170	2	2	0
5359	1	6	0	3	3	0	2	478	241	2	1	0
5360	3	1	0	1	0	0	1	328	3	2	2	0
5361	1	0	0	3	3	0	2	309	324	2	0	1
5362	14	6	0	2	3	0	2	478	15	2	1	1
5363	1	1	0	2	3	0	0	463	518	2	2	0
5364	0	5	1	2	0	0	0	503	553	2	2	0
5365	1	0	0	3	3	0	1	478	598	3	1	0
5366	1	0	0	2	1	0	1	370	432	3	1	1
5367	1	0	0	1	3	0	0	550	34	2	2	0
5368	18	2	0	1	3	0	0	370	432	1	1	0
5369	16	2	0	1	0	0	3	414	42	2	2	0
5370	0	4	0	2	3	0	2	218	119	2	2	0
5371	18	4	0	3	1	0	3	218	283	2	2	0
5372	13	0	0	4	0	0	1	478	198	2	2	0
5373	3	0	0	3	3	0	2	518	15	2	1	1
5374	0	1	0	1	3	0	2	63	309	2	2	0
5375	13	5	1	3	0	0	3	214	490	2	2	0
5376	15	4	0	4	0	0	3	478	145	2	2	0
5377	12	2	0	1	0	0	2	551	378	3	2	0
5378	5	6	0	3	1	0	2	502	222	1	2	0
5379	2	3	0	2	3	0	2	179	378	2	2	0
5380	12	4	0	4	0	1	0	478	241	2	2	0
5381	21	4	0	1	0	0	2	339	378	2	2	0
5382	22	6	0	2	3	0	2	419	16	2	2	0
5383	1	3	0	2	3	0	2	89	223	1	2	0
5384	1	2	0	1	3	0	2	370	309	4	2	0
5385	2	0	0	1	3	1	1	478	98	2	2	0
5386	15	6	0	2	0	0	2	82	16	2	1	1
5387	23	0	0	2	3	0	3	350	321	2	2	0
5388	4	1	0	1	3	0	2	414	378	2	2	0
5389	21	0	0	1	3	0	3	339	543	2	2	0
5390	18	0	0	4	1	0	2	224	182	1	1	0
5391	16	5	0	4	0	0	2	237	496	2	2	1
5392	3	2	0	1	0	0	3	214	309	2	2	0
5393	4	2	0	3	3	0	2	444	309	2	2	0
5394	17	1	0	3	1	0	3	324	241	2	2	0
5395	0	3	0	3	3	0	0	532	81	1	0	1
5396	16	2	0	3	3	0	2	324	43	2	2	0
5397	23	1	0	3	3	0	0	324	48	2	2	0
5398	0	5	0	4	3	0	2	218	318	1	2	0
5399	16	4	0	3	0	0	3	230	239	2	2	0
5400	20	5	0	4	1	0	3	370	340	1	2	0
5401	4	0	0	1	3	0	2	462	51	1	1	1
5402	18	2	0	3	1	0	3	502	571	2	2	0
5403	1	3	0	1	3	0	1	186	123	2	2	0
5404	4	3	0	1	3	0	2	414	543	1	1	1
5405	2	0	0	3	3	0	2	30	598	2	1	0
5406	22	2	0	2	3	0	2	414	48	2	2	0
5407	5	1	0	4	3	0	2	414	150	2	2	0
5408	0	4	0	4	3	0	3	416	553	2	1	1
5409	1	1	0	4	3	0	2	88	543	3	2	1
5410	1	3	0	2	3	0	2	7	496	1	2	0
5411	1	0	0	4	3	0	2	370	130	1	2	1
5412	1	0	0	2	0	1	1	370	543	1	2	1
5413	23	6	0	2	3	0	2	391	241	2	1	1
5414	2	0	0	1	3	0	2	278	598	2	1	1
5415	23	5	1	4	3	0	0	370	304	2	2	0
5416	0	0	0	1	3	0	2	391	378	2	2	0
5417	3	6	1	4	3	1	1	296	353	3	2	0
5418	2	2	0	1	0	0	2	45	216	3	2	0
5419	1	0	0	4	3	0	2	370	15	2	1	0
5420	14	5	1	2	0	0	3	419	487	2	2	0
5421	20	0	0	2	1	0	2	374	309	2	2	0
5422	1	5	0	3	3	0	2	453	49	2	0	1
5423	0	3	0	3	3	0	2	370	214	1	2	0
5424	1	0	0	3	0	0	1	212	688	2	2	0
5425	3	0	0	1	3	1	0	125	49	2	2	0
5426	1	1	0	3	3	0	0	518	548	2	1	0
5427	23	5	1	4	3	0	0	478	324	1	2	0
5428	3	3	0	3	3	0	2	37	16	2	1	1
5429	13	4	0	3	0	0	3	398	55	2	2	0
5430	18	5	0	3	3	0	2	391	543	1	2	0
5431	1	6	1	1	1	0	2	446	401	1	0	0
5432	1	0	0	1	3	0	0	40	33	2	2	0
5433	14	5	1	2	3	0	2	289	397	3	2	1
5434	23	4	0	2	3	0	0	323	239	3	2	0
5435	13	2	0	2	0	0	0	414	571	2	2	0
5436	17	1	0	3	3	0	2	328	543	2	1	0
5437	22	5	0	2	3	0	3	114	543	1	0	1
5438	4	2	0	2	3	0	3	179	397	1	2	1
5439	6	1	0	1	1	0	2	27	294	2	2	0
5440	15	0	0	3	0	1	1	324	318	2	2	0
5441	18	5	0	3	1	0	2	310	115	2	2	0
5442	19	0	0	3	1	0	1	324	304	2	2	0
5443	13	4	0	3	0	0	2	370	43	2	2	0
5444	15	6	1	4	0	0	2	432	241	1	2	0
5445	17	4	0	1	1	0	0	36	543	1	2	0
5446	16	3	0	2	3	0	2	502	640	2	2	0
5447	12	0	0	3	0	0	1	237	587	2	2	0
5448	16	6	0	4	1	0	2	370	284	2	2	0
5449	1	3	0	3	3	0	3	414	496	1	2	0
5450	0	1	0	3	3	0	0	532	488	2	2	0
5451	13	0	0	3	0	0	2	370	143	1	2	0
5452	4	5	1	3	3	0	2	502	55	1	2	0
5453	2	5	0	4	3	0	3	414	123	1	2	0
5454	0	0	0	2	0	0	0	218	49	1	2	0
5455	0	6	1	4	0	0	2	416	130	1	2	1
5456	16	0	0	1	1	0	3	496	286	2	2	0
5457	21	6	0	1	3	0	2	125	543	2	0	0
5458	0	0	0	4	3	0	2	502	130	2	2	0
5459	2	5	0	2	3	0	3	478	346	1	2	1
5460	22	2	0	1	3	0	0	289	179	1	2	0
5461	15	2	0	2	0	0	2	328	81	2	2	0
5462	3	5	0	2	3	0	0	502	448	2	2	0
5463	1	0	1	2	3	0	2	37	51	2	1	1
5464	3	2	0	1	3	0	2	341	543	2	0	0
5465	19	0	1	1	1	0	2	289	48	2	2	0
5466	12	0	0	3	0	0	3	125	556	2	2	0
5467	23	6	0	2	3	0	2	480	241	2	1	1
5468	19	5	1	3	1	0	0	522	571	2	2	0
5469	17	3	0	1	1	0	0	502	488	3	2	0
5470	17	0	0	2	1	0	3	328	516	2	2	0
5471	14	2	0	2	0	0	0	349	273	1	2	0
5472	16	0	0	4	1	0	2	296	365	1	2	0
5473	23	6	1	1	3	0	2	478	553	2	0	0
5474	14	0	0	3	0	0	3	370	530	2	2	0
5475	17	3	0	3	1	0	2	419	241	2	2	0
5476	16	6	0	1	0	0	1	37	378	2	2	0
5477	1	4	0	1	3	0	2	328	318	3	2	0
5478	1	5	0	3	1	0	2	532	543	1	2	1
5479	22	3	0	3	3	0	3	324	426	1	2	0
5480	11	3	0	1	1	0	2	2	520	1	1	0
5481	17	3	0	4	1	0	2	370	32	2	2	0
5482	1	5	1	4	3	1	1	159	210	2	2	0
5483	16	0	1	3	0	0	0	547	241	2	2	0
5484	23	5	0	2	3	0	0	13	543	2	1	1
5485	3	0	0	3	3	0	1	370	51	1	1	0
5486	2	1	0	1	0	0	2	328	567	2	2	0
5487	22	0	0	3	3	0	2	286	273	2	2	0
5488	17	6	1	3	1	0	0	249	304	2	2	0
5489	0	0	0	2	3	0	3	54	543	2	0	0
5490	15	6	1	3	1	0	2	324	94	2	1	0
5491	9	6	1	1	2	0	2	125	543	2	2	0
5492	2	1	0	2	3	0	2	566	222	2	2	0
5493	19	0	0	3	3	0	2	381	318	2	2	0
5494	0	1	0	1	3	1	0	268	661	2	2	0
5495	0	1	0	2	3	0	2	82	241	2	1	1
5496	1	6	0	1	3	0	2	326	241	2	1	0
5497	18	6	0	2	1	0	3	72	110	2	2	1
5498	19	5	1	3	1	0	2	416	32	2	2	0
5499	5	5	1	2	3	0	0	502	3	2	2	0
5500	15	0	0	3	0	0	0	277	304	2	2	0
5501	21	3	0	2	0	0	3	107	202	3	2	0
5502	9	1	0	2	0	0	0	374	43	2	2	0
5503	17	0	0	1	1	1	1	26	194	1	2	0
5504	17	5	1	2	1	0	3	457	556	2	2	0
5505	0	5	0	4	3	0	3	72	340	2	2	1
5506	15	0	0	1	0	0	3	159	304	2	2	0
5507	23	0	0	1	3	0	0	444	571	2	2	0
5508	15	1	0	1	0	0	2	370	3	2	2	0
5509	16	2	0	3	3	0	2	218	49	1	2	0
5510	13	2	0	1	1	0	2	478	55	2	2	0
5511	0	4	0	2	3	0	3	502	186	2	2	0
5512	14	1	0	2	0	0	2	328	222	1	2	0
5513	0	6	1	1	0	0	3	502	552	2	2	0
5514	3	0	0	1	3	0	1	324	539	2	2	0
5515	2	6	0	1	3	0	2	505	548	2	0	1
5516	16	0	0	1	3	0	2	117	16	2	1	1
5517	0	1	0	1	3	0	2	310	284	1	2	0
5518	14	6	0	1	3	0	2	125	543	3	1	1
5519	15	5	0	3	0	0	2	370	678	2	2	0
5520	3	1	0	1	0	1	1	218	571	2	2	0
5521	4	0	0	1	3	0	3	125	543	2	1	0
5522	17	0	0	2	1	0	2	37	198	2	2	0
5523	12	3	0	1	0	0	2	370	284	2	2	0
5524	15	6	1	4	0	0	3	218	378	2	2	0
5525	18	0	0	3	3	0	3	324	541	2	2	0
5526	21	1	0	2	3	0	2	328	543	2	1	1
5527	7	6	1	3	1	0	0	419	590	3	2	0
5528	3	1	0	4	1	0	0	370	543	3	2	0
5529	15	4	0	1	0	0	0	125	43	2	2	0
5530	1	4	0	1	3	0	2	339	496	2	2	0
5531	1	6	0	1	3	0	2	72	543	2	2	1
5532	5	5	1	2	3	0	3	128	294	2	2	0
5533	17	2	0	2	3	0	2	116	241	2	0	1
5534	14	4	1	3	0	0	0	414	33	1	1	0
5535	3	6	0	1	3	0	3	391	543	2	2	0
5536	1	5	1	2	3	0	0	149	16	2	1	1
5537	3	6	0	1	1	0	2	159	222	2	2	0
5538	19	0	0	2	1	0	2	370	223	1	2	0
5539	5	0	0	4	1	0	1	370	241	2	2	0
5540	22	3	0	1	3	0	2	391	55	3	2	0
5541	21	5	1	1	3	1	0	372	241	1	2	0
5542	15	3	0	3	3	0	2	52	42	2	2	0
5543	0	2	0	3	3	0	2	324	55	2	2	0
5544	3	0	1	1	1	1	1	125	158	2	2	0
5545	16	2	0	3	0	0	0	218	156	2	2	0
5546	16	0	0	2	0	0	3	324	42	2	2	0
5547	17	2	0	3	1	0	2	370	543	2	2	0
5548	1	5	0	4	3	0	2	43	543	2	1	1
5549	18	2	0	1	0	0	2	414	530	2	2	0
5550	1	5	1	1	3	1	1	128	587	1	2	0
5551	2	1	0	3	3	0	2	462	565	1	2	1
5552	15	1	0	2	0	0	2	218	440	2	2	0
5553	14	2	0	1	0	0	2	432	426	2	2	0
5554	2	3	1	2	0	0	0	202	273	2	2	0
5555	19	6	0	3	3	0	2	370	94	1	2	1
5556	0	3	1	1	3	0	0	43	426	2	2	0
5557	22	4	0	1	3	0	2	406	81	1	2	0
5558	4	6	0	2	3	0	2	502	179	3	1	1
5559	18	0	0	3	3	0	2	48	401	2	1	1
5560	17	5	1	4	1	0	2	91	543	2	2	1
5561	19	3	0	3	1	0	2	480	312	2	2	0
5562	3	0	0	3	1	0	3	125	43	2	2	0
5563	18	0	1	4	1	0	2	485	233	2	2	0
5564	0	1	0	2	3	0	2	502	48	2	2	0
5565	1	4	0	3	3	0	2	391	285	2	2	0
5566	2	1	0	2	0	0	2	324	467	1	2	0
5567	19	4	0	2	1	0	3	52	228	2	2	0
5568	16	1	0	1	0	0	1	414	571	2	2	0
5569	23	2	0	2	3	0	2	502	55	2	2	0
5570	21	5	0	4	3	0	2	125	496	2	2	0
5571	0	2	0	2	0	0	3	522	42	2	2	0
5572	3	1	0	1	0	0	2	231	43	2	2	0
5573	18	1	0	1	1	1	0	398	143	2	2	0
5574	4	1	0	2	3	0	1	448	123	1	2	0
5575	0	5	0	2	3	0	2	532	666	2	2	0
5576	1	3	0	2	3	0	2	502	657	2	2	0
5577	12	1	0	4	0	1	1	346	71	2	2	0
5578	0	5	0	1	3	0	2	37	43	2	2	0
5579	1	0	0	2	3	0	3	280	214	2	2	0
5580	15	1	0	3	3	0	0	414	43	2	2	0
5581	1	1	0	2	3	0	1	478	432	1	1	1
5582	18	0	0	1	1	0	0	37	241	2	2	0
5583	1	5	1	1	3	0	2	414	571	2	2	0
5584	0	1	0	1	3	0	2	125	178	2	1	0
5585	1	4	1	1	0	0	3	423	101	2	2	0
5586	0	0	0	2	0	0	2	377	543	1	0	1
5587	5	1	0	1	3	0	3	181	640	2	2	0
5588	19	6	0	2	3	0	2	502	543	2	1	1
5589	4	0	0	3	3	0	2	414	51	1	1	0
5590	16	0	0	3	1	0	3	149	543	1	2	1
5591	20	3	0	1	1	0	0	391	230	2	2	0
5592	1	5	1	2	3	0	3	37	223	1	2	0
5593	3	3	0	2	3	0	3	419	626	1	2	0
5594	0	0	0	4	3	0	3	370	664	2	2	0
5595	1	3	0	1	1	0	1	461	479	2	2	0
5596	17	3	0	1	1	0	0	502	3	2	2	0
5597	12	2	0	3	0	0	0	213	378	2	2	0
5598	0	0	0	2	0	0	2	296	43	2	2	0
5599	16	3	0	4	0	1	0	37	294	2	2	0
5600	2	4	0	3	3	0	3	226	340	1	2	0
5601	22	2	0	3	3	0	0	391	223	1	2	1
5602	3	3	0	1	1	0	3	125	93	2	2	0
5603	20	0	0	4	1	0	2	461	309	2	2	0
5604	15	2	0	2	0	0	2	414	191	1	2	0
5605	15	6	0	4	3	0	3	98	33	2	2	0
5606	3	6	1	4	0	0	2	532	17	2	2	0
5607	15	4	0	2	0	0	2	230	55	2	2	0
5608	2	6	0	1	0	0	3	226	317	1	2	0
5609	2	2	0	4	3	0	0	454	163	1	1	1
5610	22	2	0	1	3	0	2	370	568	2	2	0
5611	2	1	0	1	3	0	1	95	666	2	0	0
5612	0	1	0	2	3	0	3	414	309	2	2	0
5613	2	0	0	1	3	0	3	54	338	2	1	0
5614	23	0	0	2	3	0	1	159	147	2	2	0
5615	4	1	0	1	3	0	2	419	167	2	2	0
5616	18	3	0	2	1	0	2	391	347	2	2	0
5617	18	5	1	2	1	0	3	7	382	2	2	0
5618	1	2	0	2	3	0	2	254	90	2	2	0
5619	2	3	0	1	0	0	3	16	543	1	2	0
5620	11	5	0	3	2	0	2	542	378	2	2	0
5621	13	3	0	2	0	0	0	467	616	3	2	0
5622	0	5	0	3	3	0	2	292	458	2	2	0
5623	16	2	0	3	3	0	3	419	239	2	2	0
5624	0	5	0	2	3	0	2	54	543	1	2	0
5625	1	0	0	1	3	0	2	116	463	2	2	0
5626	2	6	0	4	3	0	2	296	550	2	1	1
5627	16	0	0	1	0	0	0	562	43	2	2	0
5628	19	6	0	2	3	0	2	114	500	2	0	1
5629	12	2	0	1	0	0	3	463	198	3	2	0
5630	17	4	0	3	3	0	0	370	543	1	2	0
5631	0	0	0	2	3	0	3	416	179	1	0	1
5632	2	0	0	1	3	0	3	30	123	1	2	0
5633	0	2	0	3	3	0	3	43	543	1	2	0
5634	1	2	0	3	0	0	2	271	55	2	2	0
5635	0	0	0	4	1	1	1	185	44	3	2	0
5636	15	1	0	2	3	0	2	416	543	1	0	1
5637	3	2	0	3	1	0	1	478	492	2	1	1
5638	19	1	0	3	3	0	2	328	640	2	2	0
5639	1	1	0	2	3	0	1	328	543	1	2	1
5640	8	5	1	3	2	0	1	125	285	1	2	0
5641	22	2	0	4	3	0	3	222	378	2	2	0
5642	1	5	1	1	3	0	3	478	496	1	2	0
5643	1	6	0	3	3	0	2	444	51	2	1	1
5644	0	4	0	4	3	0	3	416	123	1	2	0
5645	8	0	0	1	0	0	3	72	71	2	2	0
5646	14	0	0	4	1	0	3	414	223	1	2	0
5647	19	5	0	1	1	0	3	218	548	2	2	0
5648	20	5	0	3	1	0	2	478	37	2	2	0
5649	1	2	0	1	1	0	0	551	543	1	2	0
5650	1	0	0	2	3	0	3	478	660	2	2	0
5651	9	6	1	3	2	1	0	478	587	2	0	1
5652	3	4	0	3	3	0	3	310	207	2	2	0
5653	1	3	0	3	0	0	3	478	41	2	2	0
5654	0	6	0	3	3	0	2	114	51	2	1	1
5655	3	0	0	1	0	0	1	370	15	3	1	1
5656	15	1	0	3	0	0	3	370	305	2	2	0
5657	17	2	0	3	1	0	2	426	392	2	2	0
5658	16	1	0	2	3	0	0	188	55	2	2	0
5659	14	2	0	2	3	0	2	478	543	2	0	1
5660	14	3	0	3	0	0	2	159	530	2	2	0
5661	0	6	0	3	3	0	2	0	119	1	2	0
5662	14	6	0	1	3	0	0	478	51	2	1	1
5663	14	0	0	3	0	0	2	296	571	3	2	0
5664	2	0	0	1	1	0	2	275	241	1	2	0
5665	16	1	0	1	1	0	0	328	214	2	2	0
5666	21	2	0	2	3	0	2	370	426	2	2	0
5667	21	5	0	2	3	0	2	502	284	2	2	0
5668	5	2	0	2	3	0	3	370	348	2	2	0
5669	0	4	0	2	0	0	2	125	130	2	0	1
5670	15	2	0	2	0	0	1	506	426	2	2	0
5671	19	0	0	4	3	0	2	277	414	2	2	0
5672	19	2	0	2	1	0	2	370	543	1	2	0
5673	2	3	0	4	3	0	0	478	309	2	2	0
5674	0	1	0	1	3	0	2	370	659	2	2	0
5675	1	0	0	3	3	0	3	135	543	2	2	0
5676	15	1	0	1	3	0	2	391	512	2	2	0
5677	0	1	0	3	3	0	3	502	298	2	2	0
5678	23	6	1	3	3	1	1	280	378	2	2	0
5679	4	2	0	1	0	0	3	197	50	2	2	0
5680	5	1	0	4	3	0	1	197	191	1	2	0
5681	1	0	0	2	3	0	3	185	94	2	2	0
5682	1	0	0	2	3	0	0	370	241	1	2	0
5683	17	3	0	2	1	0	2	365	130	1	2	0
5684	0	1	0	1	3	1	0	324	508	1	2	0
5685	14	2	0	3	3	0	3	324	239	4	2	0
5686	21	5	1	1	3	0	3	391	234	2	2	0
5687	1	6	0	3	3	0	3	328	6	2	1	0
5688	1	4	0	1	3	1	1	246	41	2	2	0
5689	17	1	0	1	1	0	2	414	496	2	2	0
5690	0	0	0	1	3	0	2	324	16	1	1	0
5691	0	2	0	3	1	0	2	8	543	2	1	1
5692	14	0	0	3	0	0	2	324	4	2	2	0
5693	16	1	0	1	0	0	1	186	366	1	2	0
5694	15	4	0	2	0	0	2	271	340	2	2	0
5695	0	1	0	2	1	0	3	125	496	2	2	1
5696	17	5	0	2	3	0	3	125	81	2	2	0
5697	0	0	0	1	3	0	2	414	42	2	2	0
5698	23	1	0	4	3	0	2	271	294	2	2	0
5699	0	6	1	3	3	0	3	180	55	3	2	0
5700	0	0	0	1	1	0	2	450	51	4	1	1
5701	18	3	0	4	3	0	3	391	561	2	2	0
5702	14	0	0	3	0	0	2	414	43	2	2	0
5703	20	3	0	3	1	0	2	370	550	1	2	0
5704	1	4	0	2	3	0	2	414	123	1	2	0
5705	1	1	0	1	3	0	2	370	276	2	2	0
5706	14	4	0	2	1	1	1	478	550	2	2	0
5707	12	5	1	4	0	0	2	372	543	1	2	1
5708	0	6	0	3	3	0	3	111	543	2	2	0
5709	21	5	1	2	3	0	2	324	464	2	2	0
5710	18	0	0	1	3	0	3	324	432	2	1	1
5711	16	0	0	3	3	0	2	419	160	2	2	0
5712	17	1	0	2	3	0	2	37	318	2	2	0
5713	15	4	0	2	0	0	2	370	196	2	2	0
5714	1	1	0	1	3	0	3	218	484	2	2	0
5715	19	1	0	1	1	0	2	68	90	2	2	0
5716	13	5	1	3	0	0	2	334	571	2	2	0
5717	17	6	0	1	3	0	2	505	401	2	1	0
5718	17	2	0	3	3	0	2	230	402	1	2	0
5719	15	3	0	4	0	0	3	391	55	2	2	0
5720	14	1	0	2	0	0	1	414	571	2	2	0
5721	5	1	0	3	0	0	2	532	309	2	2	0
5722	15	5	1	4	0	0	2	370	212	2	2	0
5723	1	2	0	1	1	0	2	125	426	2	2	0
5724	1	3	0	2	3	0	3	454	550	2	2	1
5725	22	6	0	1	3	0	2	414	426	2	2	0
5726	14	0	0	4	0	0	0	212	541	2	2	0
5727	1	0	0	1	3	0	2	419	196	1	2	0
5728	1	1	0	4	3	0	3	296	234	2	2	0
5729	3	2	0	3	3	0	2	444	20	2	2	0
5730	0	0	0	3	3	0	3	205	269	2	2	0
5731	3	2	0	2	3	0	3	328	553	2	1	1
5732	1	2	0	1	1	0	0	391	294	2	2	0
5733	1	6	1	1	0	1	0	478	223	1	2	1
5734	0	0	0	4	3	0	2	478	322	1	2	0
5735	2	1	0	1	3	0	0	478	246	1	2	0
5736	16	0	0	1	0	0	2	379	118	1	2	0
5737	4	5	1	1	3	1	1	208	241	2	2	0
5738	1	0	0	2	3	0	0	391	304	1	2	0
5739	19	0	0	3	1	0	2	530	55	2	2	0
5740	5	0	0	4	3	0	1	218	518	2	2	0
5741	18	0	0	2	1	0	2	328	377	2	2	0
5742	0	5	0	1	3	0	2	444	115	2	2	0
5743	3	1	0	3	3	0	2	391	432	1	1	1
5744	17	6	0	1	3	0	0	179	340	1	0	1
5745	20	1	0	1	1	0	2	370	543	1	2	0
5746	16	2	0	3	3	0	0	370	543	1	2	0
5747	17	4	0	2	1	0	0	502	216	2	2	0
5748	18	5	0	1	3	0	3	450	606	2	2	0
5749	6	0	0	3	1	0	0	45	115	2	2	0
5750	13	0	0	1	0	0	0	218	20	2	2	0
5751	12	0	0	1	0	0	2	502	426	2	2	0
5752	1	6	0	3	3	0	2	268	553	2	1	1
5753	14	2	0	2	0	1	0	521	174	1	2	0
5754	7	2	0	1	1	1	0	446	423	2	2	0
5755	3	0	0	2	3	0	2	310	318	2	2	0
5756	0	2	0	2	3	0	1	513	550	1	2	0
5757	3	6	0	1	3	0	2	502	543	2	1	1
5758	1	3	0	4	3	0	3	125	124	2	2	0
5759	0	2	0	3	3	0	0	257	51	2	1	1
5760	17	3	0	1	1	0	1	328	222	1	2	0
5761	19	5	0	1	3	0	2	328	553	2	1	1
5762	17	6	0	3	1	0	2	444	113	2	2	0
5763	14	5	0	2	3	0	2	328	130	1	2	1
5764	0	2	0	2	3	0	2	29	548	2	2	0
5765	17	0	0	2	3	1	0	370	543	2	2	0
5766	13	0	0	4	0	0	1	298	192	2	2	0
5767	23	3	0	3	3	0	2	303	262	2	2	0
5768	2	2	0	4	0	0	1	357	194	1	2	0
5769	15	3	0	4	0	0	3	478	417	2	2	0
5770	0	5	1	4	3	0	0	419	571	3	2	0
5771	13	1	0	1	0	0	3	370	33	2	2	0
5772	13	0	0	1	0	0	3	218	176	2	2	0
5773	18	5	1	2	1	0	0	218	443	2	2	0
5774	23	4	1	1	3	0	3	502	543	1	2	0
5775	1	0	0	3	0	0	3	130	96	3	2	0
5776	16	0	0	3	0	0	2	419	294	2	2	0
5777	4	0	0	3	3	0	2	370	609	2	2	0
5778	21	3	0	1	3	0	2	324	56	2	2	0
5779	14	0	0	2	0	0	2	391	262	2	2	0
5780	20	6	1	4	1	0	2	293	487	2	2	0
5781	14	4	0	1	3	0	3	239	341	2	0	0
5782	1	0	0	4	3	0	2	370	584	2	2	1
5783	1	2	0	2	3	0	3	52	284	4	2	0
5784	9	3	0	2	0	0	2	61	115	2	2	1
5785	11	1	0	4	1	0	2	158	130	4	2	0
5786	0	5	0	1	3	0	2	446	269	2	1	1
5787	16	2	0	1	0	0	0	328	55	3	2	0
5788	5	0	0	3	3	0	3	125	90	2	0	0
5789	4	4	0	3	1	0	0	234	625	2	2	0
5790	0	0	0	2	3	0	0	310	543	2	2	0
5791	2	4	0	2	3	0	2	37	123	1	2	0
5792	1	1	0	2	3	0	0	502	682	2	2	0
5793	0	2	0	1	3	0	2	159	51	2	1	1
5794	14	1	0	3	0	0	3	370	661	2	2	0
5795	18	4	0	1	3	0	2	324	658	1	2	0
5796	19	0	0	2	1	0	3	532	359	2	2	0
5797	19	5	1	3	1	0	0	244	43	2	2	0
5798	23	1	0	2	3	1	1	551	543	1	1	0
5799	23	6	1	1	3	0	2	52	401	1	2	1
5800	16	6	0	2	0	1	1	218	571	2	2	0
5801	14	2	0	3	0	0	3	478	37	2	2	0
5802	23	3	0	2	3	0	3	125	241	2	2	1
5803	16	6	1	4	0	0	2	169	105	2	2	0
5804	1	0	0	1	3	0	2	502	33	2	2	0
5805	22	6	0	4	3	0	3	296	660	3	1	1
5806	17	4	0	1	3	0	0	242	88	2	0	0
5807	18	2	0	1	1	0	2	26	543	1	2	0
5808	2	3	0	4	3	0	3	414	347	2	2	0
5809	19	6	0	3	3	0	2	324	51	2	1	0
5810	14	0	0	2	0	0	2	218	543	2	0	0
5811	17	6	0	1	3	0	2	370	178	2	2	0
5812	18	0	0	1	1	0	0	478	222	2	2	0
5813	3	4	0	2	0	0	2	551	487	2	2	0
5814	14	0	0	1	0	0	0	328	241	1	2	1
5815	1	6	1	1	1	1	1	448	139	1	2	0
5816	19	0	0	1	1	0	1	159	571	2	2	0
5817	16	4	0	3	3	0	2	328	167	3	2	0
5818	1	3	0	2	1	0	3	370	79	2	2	0
5819	0	4	0	3	3	0	2	370	309	2	2	0
5820	3	5	1	1	1	0	2	511	571	3	2	0
5821	14	4	0	2	0	0	2	528	62	2	2	0
5822	22	3	0	1	3	0	2	478	338	2	1	0
5823	5	5	1	2	3	0	3	230	214	1	2	0
5824	14	0	0	2	0	0	3	45	71	2	2	0
5825	16	0	0	2	0	0	2	463	105	2	2	0
5826	2	5	0	1	3	0	0	414	543	2	1	0
5827	15	3	0	4	0	0	2	93	543	1	2	1
5828	0	2	0	3	3	0	2	478	15	2	1	1
5829	22	0	1	1	3	0	2	45	550	1	2	0
5830	17	0	0	4	1	0	3	296	481	2	2	0
5831	5	0	0	3	0	0	0	324	246	1	2	0
5832	0	1	0	3	3	0	0	37	317	2	2	0
5833	3	3	0	1	0	0	0	218	217	2	2	0
5834	2	0	0	1	3	0	2	551	51	2	1	0
5835	12	1	0	2	0	0	3	49	680	2	2	0
5836	1	6	0	2	3	0	2	370	624	2	2	0
5837	1	2	0	1	3	0	2	457	113	2	2	0
5838	16	3	0	1	0	0	0	560	42	2	2	0
5839	19	4	0	4	1	0	2	200	571	2	2	0
5840	18	0	0	1	1	0	2	502	629	2	2	0
5841	23	2	0	2	3	1	1	218	43	2	2	0
5842	19	2	0	3	3	0	2	179	90	1	0	1
5843	0	0	0	1	3	0	2	419	463	2	2	0
5844	0	6	1	1	3	0	0	377	241	1	2	0
5845	21	2	0	1	3	0	2	502	234	2	2	0
5846	20	6	0	1	3	0	2	374	49	2	0	0
5847	19	4	0	2	3	0	3	16	543	2	2	1
5848	20	2	0	2	3	0	0	502	543	1	1	0
5849	2	4	0	4	3	0	2	478	186	2	2	0
5850	0	2	0	2	3	0	2	328	543	2	2	1
5851	13	2	0	3	3	0	2	461	214	2	2	0
5852	1	0	0	4	3	0	2	94	241	2	2	1
5853	15	6	1	3	3	0	2	293	15	2	1	1
5854	1	2	0	2	0	0	3	479	324	2	1	0
5855	3	3	1	3	3	0	3	377	591	2	1	1
5856	22	1	0	3	3	0	2	346	128	2	2	0
5857	16	1	0	4	0	0	0	218	241	1	2	1
5858	16	1	0	2	0	1	1	502	386	2	2	0
5859	1	4	0	1	0	0	0	324	485	2	2	0
5860	1	0	0	3	3	0	0	565	543	1	2	0
5861	0	0	0	3	3	0	0	324	25	2	2	0
5862	12	0	0	2	3	0	2	511	550	1	2	1
5863	21	5	0	1	3	0	2	328	51	2	1	0
5864	2	0	0	1	3	0	1	125	571	3	2	0
5865	20	5	1	4	1	0	0	83	43	2	2	0
5866	14	4	0	2	0	0	2	370	241	2	2	0
5867	1	0	0	1	3	0	2	414	543	2	2	0
5868	1	4	0	2	3	0	2	391	43	2	2	0
5869	4	6	0	2	3	0	2	414	51	2	1	1
5870	0	1	0	3	3	0	0	532	543	1	2	0
5871	17	1	0	1	1	0	2	391	43	2	2	0
5872	18	6	1	3	1	0	3	324	257	2	2	0
5873	1	6	1	1	0	0	2	190	82	2	2	0
5874	0	2	0	3	3	0	1	37	590	2	2	0
5875	2	6	0	2	3	0	2	414	401	2	1	0
5876	15	1	0	3	0	0	0	101	502	2	2	0
5877	17	0	0	3	1	0	3	370	294	2	2	0
5878	17	6	1	3	1	0	2	125	309	2	2	0
5879	17	2	0	3	3	0	0	111	322	1	2	0
5880	19	6	0	1	1	0	2	392	15	1	2	1
5881	18	5	0	1	1	0	2	462	51	2	1	1
5882	0	0	0	1	3	0	2	142	571	2	2	0
5883	1	6	0	1	3	0	0	391	432	1	1	0
5884	2	2	0	2	3	0	3	419	294	2	2	0
5885	14	4	0	1	0	0	1	370	509	2	2	0
5886	16	2	0	2	0	0	3	328	309	1	2	0
5887	20	0	0	1	1	0	0	391	55	3	2	0
5888	23	1	0	2	3	0	3	107	440	2	2	0
5889	2	1	0	3	0	0	2	370	571	3	2	0
5890	0	0	0	1	3	0	2	116	106	2	2	0
5891	1	1	0	2	1	0	2	125	543	2	2	1
5892	0	0	0	2	3	0	2	370	28	2	2	0
5893	12	4	0	1	3	0	3	114	553	2	1	1
5894	12	2	0	4	0	0	0	54	130	1	2	0
5895	0	6	0	1	3	0	2	416	51	2	1	1
5896	12	5	1	3	0	0	0	89	543	2	2	1
5897	2	0	0	3	3	0	2	310	317	1	2	0
5898	4	2	0	2	3	0	1	429	543	2	2	0
5899	13	0	0	3	0	0	1	357	43	2	2	0
5900	2	4	0	1	3	0	2	218	234	2	2	0
5901	7	0	0	3	1	0	1	4	572	1	2	0
5902	19	6	1	4	1	0	0	414	435	2	2	0
5903	0	0	0	1	1	0	2	534	123	1	2	0
5904	0	5	1	3	3	0	2	230	222	1	2	0
5905	1	1	0	1	3	0	3	5	57	1	1	1
5906	19	6	0	4	3	0	3	218	496	2	2	0
5907	21	0	0	1	3	0	0	194	255	2	2	0
5908	1	1	0	2	3	0	2	328	51	3	1	0
5909	20	1	0	1	3	0	2	61	458	2	0	0
5910	2	1	0	1	3	0	3	419	15	2	2	1
5911	19	6	0	1	3	0	2	328	401	2	1	1
5912	1	0	0	4	3	0	1	478	169	1	2	0
5913	21	6	1	4	3	0	2	296	587	1	2	0
5914	18	3	0	3	1	0	3	324	694	2	2	0
5915	20	2	0	2	1	0	3	78	487	2	2	0
5916	0	3	0	1	3	0	2	551	324	2	2	0
5917	0	3	0	3	3	0	2	278	241	2	1	1
5918	16	6	0	1	3	0	3	478	245	2	1	1
5919	17	6	0	2	1	1	1	72	571	2	2	0
5920	1	2	0	1	3	0	0	502	543	1	0	1
5921	0	1	0	1	3	0	3	198	657	2	2	0
5922	1	5	1	2	3	0	1	350	273	1	2	0
5923	2	6	0	3	3	0	2	391	543	2	1	1
5924	3	1	0	2	1	0	0	370	95	1	2	0
5925	19	4	0	3	3	0	2	189	273	1	2	0
5926	5	5	0	1	3	0	3	530	55	1	2	0
5927	15	0	0	3	3	0	1	111	491	2	2	0
5928	15	2	0	3	3	0	1	414	46	1	2	0
5929	0	5	0	3	0	0	2	181	550	1	2	0
5930	2	2	0	2	3	0	3	478	171	2	2	0
5931	1	2	0	2	3	0	2	86	241	2	2	0
5932	13	0	0	3	0	0	2	478	194	1	2	0
5933	23	0	0	1	3	0	3	218	567	2	2	0
5934	3	2	0	2	1	0	2	202	241	2	2	0
5935	2	0	0	2	0	0	1	125	3	2	2	0
5936	2	6	1	4	3	0	3	414	432	1	1	1
5937	23	1	0	3	3	1	0	370	322	1	2	0
5938	3	4	0	1	3	0	0	502	520	1	1	1
5939	18	6	0	4	3	0	2	528	543	2	1	1
5940	1	0	0	1	3	0	0	502	300	2	2	0
5941	2	5	1	3	3	0	3	370	441	2	2	0
5942	2	0	0	2	3	0	0	472	214	2	2	0
5943	0	2	0	3	3	0	1	391	340	3	2	0
5944	1	2	0	2	3	0	3	480	315	1	2	1
5945	1	6	0	1	3	0	2	218	378	2	2	0
5946	19	0	0	1	1	0	3	244	389	2	2	0
5947	19	6	0	2	3	0	0	296	55	2	2	0
5948	1	0	0	1	3	0	0	370	606	2	2	0
5949	8	1	0	2	2	0	3	409	252	2	2	0
5950	1	0	0	3	3	0	0	328	548	1	2	0
5951	22	1	0	1	3	0	2	35	57	1	2	1
5952	16	2	0	3	0	0	3	45	561	2	2	0
5953	16	0	0	3	0	0	1	416	194	2	2	0
5954	1	4	0	2	3	0	3	532	401	1	2	0
5955	1	1	0	1	0	0	3	403	334	3	2	0
5956	1	2	0	2	3	0	2	486	432	2	2	1
5957	13	6	0	3	3	0	3	416	598	2	1	0
5958	22	1	0	3	3	0	0	159	16	2	1	0
5959	23	0	0	3	3	1	0	125	130	2	0	0
5960	0	0	0	1	3	0	2	324	234	2	2	0
5961	3	0	0	3	3	0	3	372	496	1	2	1
5962	19	0	0	3	1	0	2	229	543	2	2	0
5963	2	3	0	2	3	0	2	502	123	2	0	0
5964	13	6	0	4	3	0	2	303	659	2	2	1
5965	3	0	0	4	1	0	3	125	543	2	2	0
5966	0	2	0	4	3	0	2	381	283	2	2	0
5967	3	1	0	2	3	0	2	450	543	1	1	0
5968	19	4	0	3	1	1	1	330	244	1	2	0
5969	5	1	0	1	1	0	0	414	543	1	2	0
5970	15	2	0	3	0	0	2	72	543	1	2	0
5971	14	4	0	1	0	0	2	478	304	2	2	0
5972	18	4	0	3	3	0	2	436	360	2	2	0
5973	13	2	0	2	3	0	3	370	238	2	2	0
5974	11	0	0	1	0	0	1	478	305	2	2	0
5975	0	6	0	4	3	0	2	478	543	2	1	0
5976	23	0	0	2	3	0	0	81	304	2	2	0
5977	16	0	0	2	0	1	1	343	497	2	2	0
5978	20	0	0	3	1	0	2	444	147	2	2	0
5979	2	6	0	2	3	0	2	478	128	2	1	0
5980	13	6	0	2	0	1	0	463	43	2	2	0
5981	0	2	0	3	3	0	2	159	124	2	2	0
5982	0	1	0	1	3	0	3	391	330	3	2	0
5983	1	0	0	3	3	0	1	546	533	2	2	0
5984	0	1	0	1	3	0	2	370	666	2	2	0
5985	12	3	0	2	0	0	2	339	241	1	2	0
5986	18	4	0	2	3	1	0	414	273	2	2	0
5987	3	3	0	1	0	0	3	108	142	2	2	0
5988	2	5	1	2	3	0	2	414	49	2	1	1
5989	1	0	0	2	3	0	2	372	496	2	2	1
5990	0	1	0	4	3	1	1	482	543	2	2	0
5991	3	4	0	2	1	0	3	186	378	2	2	0
5992	0	4	0	1	3	0	2	106	241	1	2	0
5993	1	2	0	1	3	0	2	218	318	1	2	0
5994	19	6	0	1	3	0	2	478	379	2	1	1
5995	16	1	0	4	0	0	2	370	255	2	2	0
5996	3	4	0	1	3	0	2	502	432	2	1	1
5997	1	0	0	2	3	0	0	370	543	2	2	0
5998	22	0	0	3	3	0	3	454	223	1	2	0
5999	1	2	0	1	3	1	0	391	606	2	0	0
6000	0	6	0	3	3	0	3	370	553	2	2	0
6001	0	1	0	4	0	0	2	218	520	2	1	1
6002	1	6	1	4	3	1	1	370	571	2	2	0
6003	15	5	1	3	1	1	0	125	114	2	1	0
6004	16	3	0	4	1	0	3	370	220	2	2	0
6005	18	3	0	3	1	0	2	370	543	2	2	1
6006	3	4	0	4	3	0	2	502	309	2	2	0
6007	18	1	0	4	3	0	3	0	344	2	2	0
6008	2	3	0	4	1	0	0	370	590	2	2	0
6009	3	6	0	2	0	0	3	550	170	2	2	0
6010	1	4	0	1	3	0	3	328	543	1	2	0
6011	1	5	0	4	3	0	2	328	401	2	1	1
6012	22	0	0	4	3	0	3	218	257	2	2	0
6013	0	6	0	2	1	0	3	218	543	1	2	0
6014	1	5	0	1	3	0	2	502	401	2	1	1
6015	1	5	1	3	1	0	2	419	414	2	2	0
6016	23	1	0	3	3	0	2	328	543	2	1	1
6017	4	0	0	1	3	0	2	218	496	1	2	0
6018	0	0	0	4	3	0	0	502	55	2	2	0
6019	1	0	0	3	3	1	0	328	322	1	2	0
6020	6	1	0	4	2	0	2	128	309	2	2	0
6021	0	4	0	4	0	0	2	324	649	2	2	0
6022	1	5	0	1	3	0	2	502	401	2	0	0
6023	21	1	0	1	3	1	1	391	186	2	2	0
6024	13	1	0	1	1	0	1	370	186	2	2	0
6025	1	0	0	1	3	0	3	328	550	2	1	1
6026	0	3	0	4	3	0	2	37	496	2	0	1
6027	18	5	0	2	1	0	2	426	543	1	2	0
6028	1	0	0	3	3	0	1	324	518	2	2	0
6029	14	5	1	2	0	0	3	532	217	2	2	0
6030	3	2	0	3	0	0	2	169	496	1	2	1
6031	4	5	0	2	3	0	0	144	503	1	2	0
6032	0	4	0	2	3	0	2	186	543	1	1	0
6033	0	1	0	3	3	0	3	520	514	2	2	0
6034	23	5	0	2	3	0	0	487	81	1	2	0
6035	21	2	0	1	3	0	3	414	426	2	2	0
6036	15	6	1	2	0	0	2	267	543	2	0	0
6037	13	5	0	1	0	0	3	359	81	1	2	0
6038	0	1	0	2	3	0	3	82	432	2	1	1
6039	20	0	0	2	1	0	2	391	48	2	2	0
6040	1	1	0	2	3	0	2	414	217	3	2	0
6041	17	6	0	2	3	0	2	391	241	2	2	1
6042	1	5	1	2	0	0	2	370	570	3	2	0
6043	3	6	0	1	3	0	2	159	464	2	2	0
6044	1	0	0	3	3	0	3	530	51	2	1	1
6045	8	0	0	3	2	0	2	82	43	1	2	0
6046	23	0	0	3	3	0	3	377	415	3	2	0
6047	11	2	0	2	2	1	2	365	587	2	2	0
6048	16	5	0	1	1	0	3	370	117	1	2	0
6049	22	3	0	2	3	0	0	125	55	3	2	0
6050	10	5	1	3	0	0	2	125	90	1	2	1
6051	0	5	0	4	3	0	2	72	543	2	2	0
6052	16	3	0	3	3	0	2	391	196	2	2	0
6053	3	2	0	2	1	0	3	391	309	2	2	0
6054	21	2	0	2	3	1	0	125	33	2	2	0
6055	1	6	0	1	0	0	0	180	344	2	2	0
6056	16	1	0	2	0	0	2	317	316	2	2	0
6057	13	6	1	2	0	0	0	414	129	2	2	0
6058	2	3	0	2	3	0	0	12	496	1	0	0
6059	2	6	0	2	3	0	3	169	341	2	2	0
6060	17	0	0	2	3	0	3	72	117	1	2	0
6061	18	3	0	3	1	0	3	419	687	2	2	0
6062	18	0	0	2	1	0	2	436	241	2	2	0
6063	3	1	0	2	3	0	1	218	543	1	2	1
6064	12	3	0	3	0	0	2	478	173	2	2	0
6065	21	4	0	3	3	0	2	159	543	1	2	0
6066	20	4	0	1	1	0	0	257	639	2	2	0
6067	1	2	0	4	0	1	0	502	180	1	2	0
6068	5	0	0	1	3	0	2	202	382	2	2	0
6069	2	1	0	2	2	0	3	13	50	2	2	0
6070	18	0	0	4	1	0	2	68	584	1	2	1
6071	13	1	0	3	0	0	3	271	294	2	2	0
6072	17	0	0	1	1	0	0	370	543	2	1	0
6073	4	2	0	2	3	0	3	114	214	3	2	0
6074	6	3	0	3	3	0	0	179	543	1	2	0
6075	0	2	0	1	1	0	2	518	488	2	2	0
6076	22	0	0	2	3	0	2	125	364	3	1	0
6077	21	5	1	1	3	0	2	482	660	2	2	0
6078	2	6	0	2	3	0	1	328	543	2	1	0
6079	1	4	0	3	3	0	2	478	340	2	1	0
6080	15	1	0	2	0	0	0	391	215	2	2	0
6081	0	1	0	3	3	0	2	502	634	2	2	0
6082	11	4	0	3	2	0	2	426	241	2	2	0
6083	12	3	0	2	0	1	1	478	222	1	2	0
6084	22	3	0	3	3	0	1	478	214	2	2	0
6085	0	4	0	1	2	0	0	502	487	2	2	0
6086	17	0	0	3	3	0	2	370	420	2	2	0
6087	1	1	0	1	0	0	3	525	579	2	2	0
6088	2	2	0	1	1	0	2	502	330	2	2	0
6089	19	5	1	1	1	0	2	296	593	2	2	0
6090	0	0	0	1	3	0	2	179	42	2	2	0
6091	14	0	0	3	0	0	2	370	543	2	2	0
6092	3	0	0	2	0	0	1	88	463	2	2	0
6093	0	1	0	3	1	1	0	370	265	2	2	0
6094	3	2	0	1	3	1	1	296	175	2	2	0
6095	0	2	0	2	3	0	2	536	43	2	2	0
6096	16	2	0	1	3	0	2	370	382	3	2	0
6097	1	4	0	1	0	0	1	334	467	2	2	0
6098	13	0	0	2	1	0	1	30	639	2	2	0
6099	1	6	0	2	3	0	0	349	543	1	1	1
6100	16	3	0	1	3	0	2	419	294	2	2	0
6101	17	6	0	1	1	0	2	414	543	2	1	1
6102	20	2	0	3	1	0	2	89	309	2	2	0
6103	20	0	0	2	3	0	3	328	445	2	2	0
6104	18	4	0	3	1	0	3	218	311	2	2	0
6105	17	0	0	4	1	0	3	414	571	3	2	0
6106	16	5	0	2	0	0	3	370	63	2	2	0
6107	0	5	1	3	3	0	2	293	543	1	2	0
6108	14	5	0	3	0	0	2	391	42	2	2	0
6109	5	5	1	1	1	1	1	37	90	2	2	0
6110	0	0	0	2	3	0	2	463	543	2	2	0
6111	17	2	0	4	1	0	1	125	398	4	2	0
6112	15	0	0	1	0	0	3	530	222	2	2	0
6113	15	1	0	3	0	0	0	461	46	2	2	0
6114	3	1	0	2	0	0	2	48	201	2	2	0
6115	0	2	0	4	3	0	2	391	512	2	2	0
6116	15	4	0	3	0	0	3	478	241	2	2	1
6117	17	6	1	1	1	0	2	502	571	3	2	0
6118	0	5	0	4	3	0	2	370	340	2	1	0
6119	14	2	0	1	0	0	1	288	241	3	2	0
6120	19	6	1	3	1	0	0	218	571	2	2	0
6121	5	1	0	1	3	0	2	502	43	2	2	0
6122	21	4	0	1	3	0	3	434	61	2	2	0
6123	22	0	0	1	3	0	2	328	176	2	2	0
6124	1	1	0	2	1	1	0	370	462	2	2	0
6125	19	2	0	1	1	0	2	5	553	2	1	1
6126	22	4	0	1	3	0	0	383	128	2	2	0
6127	1	4	0	1	3	0	2	444	284	2	2	0
6128	16	1	0	1	0	0	2	81	630	2	2	0
6129	23	6	0	2	3	0	2	328	543	2	1	0
6130	11	2	0	1	0	0	3	551	550	1	2	0
6131	1	2	0	2	3	1	1	551	571	2	2	0
6132	3	5	0	3	3	0	2	218	318	2	2	0
6133	0	2	0	1	1	0	2	61	378	2	2	0
6134	19	2	0	1	3	0	3	218	401	2	1	1
6135	17	4	0	2	3	0	2	349	420	2	2	0
6136	5	1	0	1	1	0	1	370	571	2	2	0
6137	16	2	0	4	0	0	2	324	234	2	2	0
6138	1	1	0	1	3	0	0	218	571	3	2	0
6139	12	3	0	2	0	0	0	532	317	2	2	0
6140	18	2	0	2	1	0	3	419	512	2	2	0
6141	17	4	0	2	1	0	3	328	344	2	2	0
6142	2	3	0	3	0	0	2	370	627	2	2	0
6143	3	5	1	2	3	1	1	246	571	1	2	0
6144	16	1	0	3	0	0	2	419	55	2	2	0
6145	11	3	0	1	2	0	3	100	234	2	2	0
6146	1	0	0	2	3	0	2	461	543	2	1	0
6147	21	1	0	2	3	0	2	478	284	1	2	0
6148	5	1	0	2	1	0	0	244	294	2	2	0
6149	2	4	0	1	3	0	0	218	48	2	2	0
6150	1	3	0	2	1	0	3	324	234	2	2	0
6151	11	2	0	4	2	1	1	237	241	2	2	0
6152	2	4	0	4	3	0	3	47	543	1	2	1
6153	1	5	0	2	3	0	2	544	214	1	2	0
6154	21	0	0	3	3	0	3	125	241	2	2	0
6155	0	2	0	2	3	0	0	429	167	3	2	0
6156	2	1	0	1	1	0	1	292	543	1	2	1
6157	11	5	1	1	2	0	0	510	487	2	2	0
6158	18	2	0	3	3	0	2	370	16	1	2	1
6159	12	3	0	2	0	0	2	370	401	2	2	0
6160	17	6	1	3	1	0	2	341	543	2	2	1
6161	2	0	0	3	1	0	0	521	309	2	2	0
6162	23	1	0	1	3	0	2	543	543	1	2	0
6163	0	1	0	2	0	0	1	414	309	2	2	0
6164	23	0	0	3	3	0	3	328	216	2	2	0
6165	16	0	0	1	0	0	0	502	55	1	2	0
6166	16	4	0	2	0	0	3	502	43	2	2	0
6167	10	0	0	2	1	0	3	450	309	2	2	0
6168	16	5	0	1	0	0	2	391	317	2	2	0
6169	15	4	0	3	0	0	2	37	635	2	2	0
6170	1	1	0	4	3	0	0	293	241	1	2	0
6171	21	3	0	3	3	0	2	463	55	2	2	0
6172	23	3	0	3	3	1	0	171	556	2	2	0
6173	0	6	0	2	3	0	3	357	340	2	0	0
6174	18	3	0	4	1	0	0	179	214	2	2	0
6175	0	3	0	2	1	0	2	125	214	2	2	0
6176	17	1	1	2	1	0	0	281	3	2	2	0
6177	23	0	0	3	3	0	2	566	82	2	1	0
6178	12	0	0	1	0	0	0	416	42	2	2	0
6179	3	5	1	4	3	0	3	125	543	1	2	0
6180	19	4	0	1	1	0	1	391	543	1	2	0
6181	4	2	0	4	3	0	2	179	639	2	2	0
6182	2	3	1	3	0	0	2	218	241	1	2	0
6183	16	1	0	1	3	1	1	332	585	1	2	0
6184	13	4	0	1	0	0	1	370	470	2	2	0
6185	18	5	0	1	3	0	3	324	432	2	1	0
6186	1	6	1	2	3	0	3	125	543	2	2	0
6187	22	6	1	4	3	0	1	370	130	1	2	0
6188	14	1	0	2	0	0	2	374	55	2	2	0
6189	17	6	0	1	1	0	0	154	543	2	2	0
6190	3	3	0	2	0	1	1	218	241	1	2	0
6191	16	1	0	3	1	0	2	370	244	1	2	1
6192	11	4	0	4	1	0	2	370	103	2	2	0
6193	2	2	0	2	3	0	1	478	41	2	2	0
6194	15	0	0	3	3	0	0	230	241	2	2	0
6195	16	4	0	1	1	0	3	370	147	2	2	0
6196	4	3	0	2	0	0	2	544	432	2	1	0
6197	1	1	0	1	3	0	0	444	309	2	2	0
6198	19	0	0	3	3	0	3	419	605	2	2	0
6199	15	1	0	1	0	0	3	383	571	3	2	0
6200	1	6	0	2	3	0	2	35	90	2	2	0
6201	23	1	0	2	3	0	3	502	120	2	2	0
6202	23	0	0	2	3	0	3	324	543	1	2	0
6203	4	4	0	2	3	0	2	370	446	2	2	0
6204	15	4	0	3	0	0	2	458	388	2	2	0
6205	18	4	0	3	1	1	1	370	51	2	1	0
6206	15	3	0	3	0	0	3	293	41	2	2	0
6207	1	2	0	1	3	0	2	370	571	2	2	0
6208	23	4	0	2	3	0	1	370	242	2	1	1
6209	15	6	0	4	0	0	3	328	302	2	2	0
6210	17	1	0	1	3	0	3	125	241	2	0	0
6211	0	2	0	1	3	0	3	159	688	2	2	0
6212	14	1	0	3	0	0	2	305	378	2	2	0
6213	22	5	0	1	3	0	2	532	123	2	2	1
6214	3	0	0	4	3	0	2	478	222	3	2	0
6215	3	3	0	4	3	0	2	328	275	2	2	0
6216	1	0	0	1	0	0	3	268	3	2	2	0
6217	16	1	0	1	3	0	2	370	543	2	2	0
6218	1	1	0	3	3	0	2	391	571	2	2	0
6219	0	3	0	2	3	0	2	391	378	2	2	0
6220	21	0	0	3	3	0	0	179	550	1	0	1
6221	17	2	0	3	3	0	2	391	388	2	2	0
6222	21	2	0	1	3	0	2	408	272	2	2	1
6223	16	1	0	4	0	0	0	414	346	1	2	1
6224	1	6	1	1	3	1	0	16	46	1	2	0
6225	21	0	0	3	3	0	1	478	379	2	1	1
6226	14	0	0	1	0	0	1	61	294	2	2	0
6227	20	3	0	2	3	0	2	391	378	1	2	0
6228	17	5	0	3	3	0	2	324	96	2	2	0
6229	1	5	0	2	3	0	2	370	543	1	2	0
6230	4	1	0	1	3	0	1	478	571	3	2	0
6231	16	0	0	3	3	1	1	370	519	2	2	0
6232	7	2	0	1	2	0	3	414	241	2	2	0
6233	16	0	0	1	0	0	0	37	543	1	2	0
6234	1	1	0	1	1	0	0	391	531	2	2	0
6235	1	1	0	2	2	0	2	28	322	4	2	0
6236	20	4	0	3	1	0	0	45	214	2	2	0
6237	1	0	0	2	0	0	2	296	42	2	2	0
6238	1	3	0	2	3	0	0	374	318	2	2	0
6239	2	0	0	1	0	0	2	527	340	2	1	0
6240	17	0	0	2	1	1	1	502	51	1	1	1
6241	1	5	1	3	3	0	3	391	119	1	2	0
6242	5	5	0	3	3	0	2	478	496	2	2	1
6243	0	0	0	1	3	0	2	93	378	2	2	0
6244	17	0	0	2	3	0	3	179	43	2	2	0
6245	14	2	0	2	0	0	3	554	355	2	2	0
6246	0	1	0	3	3	0	2	366	543	2	2	1
6247	0	3	0	4	0	0	1	125	571	2	2	0
6248	17	3	0	3	1	0	2	502	304	3	2	0
6249	14	5	0	1	3	0	2	502	318	1	2	0
6250	14	3	0	4	0	0	3	243	43	2	2	0
6251	18	6	1	3	1	0	3	50	42	2	2	0
6252	17	6	1	1	1	0	0	246	171	2	2	0
6253	0	4	0	1	3	0	2	42	496	2	1	0
6254	4	2	0	3	3	0	2	419	543	2	2	1
6255	1	5	0	1	3	0	2	348	543	1	0	0
6256	15	6	1	1	0	0	2	74	629	2	2	0
6257	0	2	0	4	3	0	0	414	561	2	2	0
6258	4	3	0	2	0	0	0	414	589	1	2	0
6259	17	0	0	4	1	1	1	370	571	2	2	0
6260	23	1	0	1	3	0	0	392	169	2	2	0
6261	16	0	0	3	0	0	2	222	467	2	2	0
6262	2	1	0	3	3	0	2	502	543	2	1	0
6263	3	5	1	1	3	0	0	257	123	1	2	0
6264	23	2	0	3	3	0	2	444	306	2	2	0
6265	15	0	0	2	3	0	2	391	571	1	1	0
6266	9	1	0	1	2	1	0	116	50	2	2	0
6267	23	0	0	1	3	0	2	429	584	2	2	0
6268	1	3	0	1	3	0	2	478	351	2	2	0
6269	18	1	0	2	1	0	3	324	632	2	2	0
6270	0	1	0	2	3	0	2	72	399	2	2	0
6271	11	3	0	1	2	0	2	478	309	2	2	0
6272	4	2	0	2	0	0	0	328	496	2	2	0
6273	16	1	0	1	0	0	3	478	55	2	2	0
6274	14	2	0	2	1	0	0	173	587	3	2	0
6275	1	4	0	1	3	0	2	328	543	2	1	1
6276	21	0	0	2	3	0	0	324	129	2	1	0
6277	0	2	0	2	3	0	3	502	88	2	0	0
6278	15	1	0	2	0	0	3	502	283	3	2	0
6279	18	1	0	4	1	0	2	159	214	1	2	0
6280	17	0	0	3	3	0	2	328	543	2	1	1
6281	15	6	1	3	0	0	3	436	94	2	0	0
6282	1	6	0	4	3	0	2	527	16	2	1	0
6283	21	0	0	1	1	0	2	459	43	2	2	0
6284	2	2	0	1	3	0	0	230	571	2	2	0
6285	23	0	0	3	3	0	2	502	401	1	2	1
6286	3	3	0	4	3	0	3	419	579	2	2	0
6287	1	5	1	1	3	0	2	192	304	2	2	0
6288	17	2	0	3	1	0	2	416	196	1	2	0
6289	15	0	0	2	0	0	2	159	241	2	2	0
6290	0	2	0	1	3	0	2	474	238	2	2	0
6291	15	2	0	1	0	0	0	324	590	2	2	0
6292	0	0	0	1	3	0	2	324	543	2	2	0
6293	20	5	0	2	3	0	2	289	33	2	2	0
6294	17	4	0	4	3	0	3	37	613	2	2	0
6295	3	6	0	2	3	0	3	502	322	2	2	0
6296	0	5	0	3	3	0	3	328	344	2	2	0
6297	13	1	0	3	0	0	1	155	51	2	2	0
6298	15	5	0	2	0	0	2	239	42	2	2	0
6299	4	0	0	3	3	0	2	391	371	2	2	0
6300	23	4	0	3	3	0	2	502	123	1	2	1
6301	1	1	0	2	3	0	2	72	243	2	2	0
6302	16	1	0	2	0	0	2	370	378	2	2	0
6303	1	2	0	2	0	0	3	218	629	2	2	0
6304	2	3	0	3	1	0	1	370	379	2	1	0
6305	1	0	0	1	0	0	0	458	543	2	2	1
6306	17	1	0	1	3	0	2	370	284	2	2	0
6307	1	5	0	1	3	0	2	370	34	2	1	0
6308	2	3	0	3	1	1	1	370	3	2	2	0
6309	14	2	0	1	1	1	0	324	226	2	2	0
6310	16	1	0	1	0	0	1	330	321	2	2	0
6311	0	6	0	1	3	0	3	296	606	2	0	0
6312	18	1	0	3	3	0	2	419	16	2	2	1
6313	2	0	0	3	3	0	2	502	532	2	2	0
6314	22	5	0	3	3	0	2	391	550	2	0	0
6315	20	3	0	2	1	0	2	52	543	2	2	0
6316	16	1	0	2	0	0	0	370	3	2	2	0
6317	0	0	0	1	3	0	3	218	285	2	2	0
6318	16	4	0	1	0	1	0	414	693	2	2	0
6319	3	4	0	1	3	0	2	414	393	2	2	0
6320	16	1	0	3	0	0	2	313	543	1	2	0
6321	14	4	0	2	3	0	3	502	629	2	2	0
6322	0	2	0	2	3	0	3	232	613	2	2	0
6323	16	4	0	2	3	0	2	444	522	2	2	0
6324	17	0	0	3	1	0	3	432	559	2	2	0
6325	2	5	1	3	0	0	3	502	399	2	2	0
6326	4	5	1	1	3	0	3	165	571	1	1	1
6327	23	3	0	2	3	0	2	116	241	2	0	1
6328	19	0	0	3	1	0	3	12	372	2	2	0
6329	1	4	0	3	1	1	0	218	163	1	1	1
6330	23	2	0	1	3	0	3	218	543	2	2	1
6331	4	1	0	3	3	0	2	370	223	1	2	0
6332	17	1	0	1	1	0	1	93	20	2	2	0
6333	21	0	0	4	3	0	2	49	238	1	2	0
6334	12	5	1	4	0	0	3	370	241	1	2	0
6335	23	2	0	2	3	0	3	532	581	2	2	0
6336	19	0	0	3	1	0	0	289	487	2	2	0
6337	0	0	0	1	3	0	2	218	629	2	2	0
6338	21	2	0	3	3	0	0	54	294	2	2	0
6339	18	5	0	2	1	1	0	372	16	3	1	0
6340	4	5	0	2	3	0	3	161	598	2	1	0
6341	1	4	0	1	3	0	0	81	377	2	2	0
6342	2	5	0	3	1	0	0	502	62	1	2	0
6343	21	1	0	1	3	0	2	419	309	2	2	0
6344	3	5	0	2	3	0	2	328	191	1	2	0
6345	0	3	0	1	3	1	1	103	543	2	1	1
6346	0	0	0	1	3	0	3	478	174	1	2	0
6347	0	2	0	4	3	0	1	551	571	2	2	0
6348	7	0	0	2	2	0	3	324	212	1	2	0
6349	19	4	0	3	1	0	2	328	432	2	1	1
6350	2	0	0	4	3	0	2	444	640	2	2	0
6351	18	0	0	3	3	0	2	391	629	2	2	0
6352	16	6	0	2	3	0	2	416	56	3	2	0
6353	19	1	0	1	1	0	0	324	322	2	0	0
6354	15	3	0	3	0	0	2	332	214	2	2	0
6355	14	6	0	1	0	0	2	230	543	1	2	0
6356	21	2	0	2	3	0	2	185	309	2	2	0
6357	22	0	0	3	3	0	2	324	568	3	2	0
6358	18	3	0	1	1	0	3	391	246	1	2	0
6359	15	4	0	2	0	0	1	452	340	2	2	1
6360	22	1	0	2	3	0	2	137	318	2	2	0
6361	11	3	0	1	0	0	2	416	21	2	2	0
6362	1	0	0	2	3	0	2	293	543	2	0	1
6363	2	1	0	2	3	0	2	370	241	1	2	1
6364	21	3	0	2	3	0	2	454	587	1	2	0
6365	20	3	0	3	3	0	2	202	16	2	1	0
6366	1	0	0	2	0	0	2	478	318	2	2	0
6367	1	0	0	3	3	0	2	502	536	2	2	0
6368	16	0	0	2	1	0	2	86	680	2	2	0
6369	0	0	0	2	0	0	2	372	543	2	2	0
6370	1	3	0	2	3	0	3	328	543	2	1	1
6371	3	5	1	1	2	0	2	502	174	2	2	0
6372	5	0	0	4	3	1	1	125	255	3	2	0
6373	23	0	0	2	3	0	2	218	123	1	2	0
6374	16	1	0	2	0	0	2	478	426	2	2	0
6375	15	2	0	2	0	0	2	530	498	2	2	0
6376	15	4	0	2	0	0	0	414	175	2	2	0
6377	21	3	0	1	3	0	1	186	571	2	2	0
6378	19	3	0	4	1	0	2	58	223	1	2	0
6379	10	1	0	1	0	0	0	550	426	1	2	0
6380	0	4	0	2	1	0	0	81	556	2	2	0
6381	3	1	0	1	3	1	1	45	318	2	2	0
6382	22	1	0	1	3	0	2	461	378	2	2	0
6383	21	2	0	4	3	0	0	218	520	2	1	0
6384	16	1	0	1	0	0	2	398	543	2	2	0
6385	1	5	0	3	3	0	2	30	88	2	2	0
6386	3	4	0	4	3	0	2	125	448	2	2	0
6387	17	4	0	3	1	0	2	172	130	1	2	0
6388	0	5	1	1	3	0	1	414	435	2	2	0
6389	2	1	0	2	3	0	2	502	496	2	2	0
6390	14	1	0	1	0	0	2	416	543	1	2	0
6391	6	2	0	1	0	0	0	328	378	1	2	0
6392	1	0	0	3	3	0	3	419	631	2	2	0
6393	14	1	0	2	0	0	3	27	241	1	2	1
6394	16	3	0	3	0	0	3	108	142	2	2	0
6395	3	0	0	4	3	0	0	218	543	1	2	0
6396	14	0	0	2	0	0	2	179	464	2	2	0
6397	18	0	0	3	1	0	3	370	586	2	2	1
6398	3	0	0	1	3	0	2	513	90	2	2	0
6399	18	5	1	1	1	1	0	463	1	2	2	0
6400	1	1	0	1	3	0	2	324	496	1	2	1
6401	15	6	0	2	3	0	2	37	401	1	1	1
6402	1	4	0	2	1	0	2	139	214	2	2	0
6403	4	2	0	1	1	0	0	502	317	2	2	0
6404	1	1	0	2	3	0	2	327	432	2	1	1
6405	1	3	0	4	3	0	0	414	123	1	2	0
6406	2	5	1	3	2	0	1	293	543	1	2	1
6407	0	1	0	1	3	0	2	324	217	2	2	0
6408	1	6	0	2	3	0	3	328	15	2	1	1
6409	17	0	0	2	1	0	0	461	448	2	2	0
6410	2	2	0	1	3	0	2	444	543	2	2	1
6411	1	2	0	2	3	0	0	478	49	1	2	1
6412	21	5	0	1	3	0	2	478	666	1	2	0
6413	22	1	0	1	3	0	1	461	571	2	2	0
6414	1	0	0	2	3	0	0	125	543	2	0	0
6415	15	0	0	3	0	0	1	114	43	2	2	0
6416	2	3	0	3	3	0	2	308	90	2	2	0
6417	16	0	0	3	1	0	0	478	105	4	2	0
6418	2	3	0	4	3	0	2	527	378	2	2	0
6419	0	5	0	3	3	0	1	510	571	1	2	0
6420	1	2	0	3	1	0	3	502	543	1	2	0
6421	1	2	0	1	3	0	2	111	294	1	2	0
6422	2	5	0	2	3	0	3	414	83	2	2	0
6423	2	1	0	3	1	1	1	324	571	3	2	0
6424	2	6	0	4	3	0	0	51	191	1	2	0
6425	0	2	0	1	3	0	2	267	543	2	0	0
6426	19	0	0	1	3	0	0	431	614	2	1	1
6427	17	1	0	4	1	0	2	159	81	1	2	1
6428	16	5	1	4	0	1	0	296	229	2	2	0
6429	23	0	0	3	3	0	3	412	16	2	2	0
6430	5	5	1	3	3	0	2	139	399	2	2	0
6431	0	2	0	2	1	0	2	181	543	2	0	1
6432	14	0	0	2	0	1	0	370	309	2	2	0
6433	4	6	1	4	3	0	3	419	222	3	2	0
6434	16	4	0	3	0	0	2	569	200	2	2	0
6435	17	1	0	3	1	0	0	502	571	2	2	0
6436	1	0	0	2	0	1	0	463	3	2	2	0
6437	1	2	0	1	3	0	2	328	543	2	1	0
6438	17	6	0	3	3	0	2	139	543	2	2	1
6439	23	0	0	1	3	0	0	111	630	2	2	0
6440	1	0	0	1	3	0	3	296	55	1	2	0
6441	1	1	0	3	3	0	3	179	661	2	2	0
6442	2	5	1	4	3	0	2	330	543	1	2	1
6443	12	3	0	3	0	0	2	192	103	2	2	0
6444	14	0	0	3	0	0	3	503	483	2	2	0
6445	0	0	0	1	2	0	2	428	180	1	2	0
6446	1	0	0	3	3	0	2	159	571	2	2	0
6447	2	6	0	3	3	1	1	218	467	2	2	0
6448	1	6	0	2	3	0	2	448	543	2	0	0
6449	13	5	1	1	0	0	2	293	284	1	2	0
6450	14	0	0	3	3	0	2	370	690	3	1	0
6451	19	5	1	3	1	0	3	391	214	2	2	0
6452	19	3	0	3	3	0	2	324	543	2	1	0
6453	1	6	0	3	3	0	2	108	81	2	1	1
6454	12	5	0	2	1	0	3	370	678	2	2	0
6455	0	0	0	4	3	0	2	328	16	1	1	1
6456	17	0	0	1	1	0	2	324	309	2	2	0
6457	22	6	0	3	3	0	1	218	169	1	2	1
6458	14	6	1	3	0	0	0	125	101	2	2	0
6459	16	4	0	1	0	0	2	93	42	2	2	0
6460	21	0	0	1	3	0	2	81	571	3	2	0
6461	21	0	0	4	3	1	1	196	590	2	2	0
6462	2	6	0	2	3	0	3	414	543	1	2	1
6463	18	6	0	2	1	0	2	450	571	2	2	0
6464	0	6	1	1	3	0	3	45	585	1	0	0
6465	20	1	0	3	1	0	2	128	174	2	2	0
6466	0	2	0	4	3	0	2	229	22	4	2	0
6467	15	1	0	3	0	0	0	414	167	2	2	0
6468	13	2	0	2	0	0	2	370	234	2	2	0
6469	21	3	0	3	3	0	2	255	108	2	2	0
6470	3	6	0	2	0	0	1	81	241	2	2	1
6471	0	2	0	3	3	0	0	521	81	1	2	0
6472	22	3	0	2	3	0	3	203	43	2	2	0
6473	1	4	0	1	3	0	2	397	283	2	2	0
6474	14	2	0	3	0	0	2	461	318	2	2	0
6475	17	4	0	2	1	0	0	296	44	2	2	0
6476	13	0	0	4	0	1	1	478	3	2	2	0
6477	18	1	0	1	1	0	2	303	353	3	2	0
6478	4	4	0	3	3	0	2	391	548	1	2	1
6479	1	6	0	1	3	0	2	234	543	2	1	1
6480	17	1	0	2	1	0	2	246	681	2	2	0
6481	4	6	0	2	3	0	2	444	241	2	1	1
6482	2	4	0	3	3	0	2	503	43	2	2	0
6483	15	0	0	4	0	0	2	545	123	1	2	0
6484	0	5	0	4	3	0	2	527	123	2	2	0
6485	15	2	0	2	0	0	3	328	43	2	2	0
6486	19	1	0	1	1	0	3	324	272	2	2	0
6487	17	6	0	1	3	0	0	370	241	2	2	0
6488	2	0	0	2	3	0	2	444	234	2	2	0
6489	19	3	0	3	1	0	2	454	55	2	2	0
6490	19	0	0	1	0	0	2	160	16	2	1	1
6491	1	1	0	2	2	0	1	88	294	1	2	0
6492	15	4	0	4	0	0	2	463	318	2	2	0
6493	2	2	0	2	3	0	1	370	48	2	2	0
6494	0	2	0	2	0	0	2	10	43	2	2	0
6495	18	0	0	2	1	0	2	370	294	3	2	0
6496	0	5	0	4	3	1	1	414	306	2	2	0
6497	0	1	0	2	3	1	1	37	3	2	2	0
6498	17	6	0	4	1	0	3	370	41	2	2	0
6499	14	4	0	3	0	0	2	332	121	3	2	0
6500	1	0	0	3	1	0	1	502	273	2	2	0
6501	13	2	0	2	0	1	1	370	59	3	2	0
6502	18	1	0	3	1	0	2	218	55	2	2	0
6503	1	0	0	2	3	0	2	171	217	4	2	0
6504	4	1	0	1	1	0	2	478	16	1	2	1
6505	21	1	0	2	3	0	2	419	15	3	2	0
6506	22	6	0	3	3	0	0	81	543	2	2	0
6507	23	1	0	2	3	0	2	527	550	1	2	0
6508	5	0	0	1	0	0	1	347	440	2	2	0
6509	16	2	0	4	0	0	2	381	388	2	2	0
6510	21	2	0	4	3	0	2	289	447	2	2	0
6511	14	6	1	1	0	0	0	543	378	1	2	0
6512	16	5	0	3	0	0	0	328	94	1	2	0
6513	13	1	0	2	0	0	0	478	592	3	2	0
6514	2	0	0	1	3	0	2	107	432	2	1	1
6515	20	3	0	2	1	0	0	328	590	2	2	0
6516	21	1	0	3	3	0	2	224	553	3	1	0
6517	19	5	0	3	1	0	2	37	81	2	2	0
6518	1	6	1	3	3	0	3	532	285	2	2	0
6519	15	6	1	3	1	1	1	562	322	1	2	0
6520	4	0	0	2	3	0	3	444	571	2	2	0
6521	13	5	1	1	0	0	3	339	81	2	2	0
6522	18	0	0	1	1	0	3	370	388	2	2	0
6523	17	1	0	1	1	0	2	218	229	2	2	0
6524	17	3	0	3	1	0	0	324	94	1	2	0
6525	15	2	0	2	3	0	2	478	55	2	2	0
6526	3	5	1	1	1	1	1	81	241	1	2	0
6527	20	1	0	1	3	0	3	145	378	2	2	0
6528	1	1	0	3	0	0	2	425	496	2	2	0
6529	14	2	0	1	0	0	2	267	309	2	2	0
6530	23	0	0	4	3	1	1	328	95	1	2	0
6531	2	1	1	1	3	0	0	81	317	2	2	0
6532	1	0	0	2	1	0	0	478	48	2	2	0
6533	13	6	1	3	0	1	1	218	304	2	2	0
6534	1	5	1	1	3	0	2	502	483	2	2	0
6535	5	3	0	2	3	0	2	360	426	2	2	0
6536	16	0	0	2	1	0	2	502	32	2	2	0
6537	19	1	0	2	1	0	1	61	33	2	2	0
6538	6	5	1	4	2	0	2	13	496	1	2	0
6539	2	1	1	1	3	0	2	391	487	2	2	0
6540	16	5	0	4	3	0	0	419	472	2	2	0
6541	23	6	0	2	3	0	2	49	81	2	2	1
6542	16	1	0	1	0	1	2	289	42	2	2	0
6543	16	6	1	2	0	0	2	340	550	1	0	1
6544	19	0	0	2	3	1	0	104	226	2	2	0
6545	4	4	0	1	0	0	2	370	366	1	2	0
6546	14	0	0	2	0	0	0	353	55	1	2	0
6547	2	0	0	2	3	0	1	391	32	2	2	0
6548	3	3	0	2	3	0	1	391	543	1	2	0
6549	2	3	0	1	3	0	2	63	273	2	2	0
6550	21	6	1	2	3	0	3	414	55	1	2	0
6551	3	0	0	1	3	0	2	37	284	3	2	0
6552	18	5	0	4	3	0	3	324	241	1	2	0
6553	20	1	0	3	3	0	1	328	3	2	2	0
6554	0	5	0	3	3	0	3	268	496	2	1	1
6555	20	0	0	3	1	0	2	444	630	2	2	0
6556	18	4	0	2	3	0	2	328	51	2	1	0
6557	0	4	0	1	3	0	3	61	647	2	2	0
6558	22	1	0	4	3	0	0	444	43	2	2	0
6559	2	1	0	4	3	0	3	180	294	2	2	0
6560	4	0	0	1	1	0	3	125	678	2	2	0
6561	19	2	0	2	3	0	3	324	317	2	2	0
6562	2	1	0	1	3	0	2	444	89	2	2	0
6563	0	0	0	1	3	0	2	416	543	1	2	0
6564	0	3	0	2	3	0	2	419	680	2	2	0
6565	0	0	0	2	3	0	2	257	119	2	2	0
6566	3	3	0	3	1	1	1	463	543	2	2	0
6567	0	2	0	2	0	0	2	114	3	2	2	0
6568	20	3	0	1	1	0	3	414	55	2	2	0
6569	2	4	0	1	0	0	1	530	318	2	2	0
6570	20	6	0	2	3	0	3	374	101	2	2	0
6571	4	1	0	1	3	1	1	372	187	2	2	0
6572	3	4	0	3	3	0	2	324	317	1	2	0
6573	1	6	0	4	3	0	2	288	241	2	2	0
6574	1	5	0	2	0	0	2	527	139	2	2	0
6575	16	2	0	3	0	0	3	43	309	2	2	0
6576	15	3	0	1	0	0	2	469	309	2	2	0
6577	17	5	0	2	1	0	2	502	294	2	2	0
6578	5	6	0	3	1	0	0	37	222	2	2	0
6579	3	3	0	2	3	0	3	3	543	1	2	0
6580	15	2	0	3	0	0	3	324	20	2	2	0
6581	0	0	0	3	2	1	1	391	244	1	0	0
6582	1	4	0	2	0	0	3	324	20	2	2	0
6583	2	1	0	2	1	1	1	478	303	1	2	0
6584	0	2	0	1	0	0	2	478	101	2	2	0
6585	21	6	0	1	3	0	2	370	543	3	1	0
6586	19	6	0	1	3	0	2	414	543	2	1	1
6587	7	6	1	1	0	0	3	324	51	2	2	0
6588	0	0	0	4	3	0	0	6	179	1	2	0
6589	21	0	0	4	3	0	0	125	55	2	2	0
6590	20	2	0	2	3	0	2	328	95	3	1	0
6591	1	0	0	2	1	0	2	324	632	2	2	0
6592	22	5	0	1	3	0	2	478	571	2	0	1
6593	0	4	0	1	3	0	2	92	294	2	2	0
6594	2	4	0	3	3	0	0	391	483	2	2	0
6595	1	0	0	1	1	1	1	528	346	1	2	0
6596	21	0	0	4	3	0	3	218	85	2	2	0
6597	15	0	0	4	0	0	1	324	303	2	2	0
6598	0	3	0	3	3	0	2	370	212	1	2	0
6599	17	2	0	1	1	1	1	328	229	2	2	0
6600	19	4	0	3	3	0	2	218	174	2	2	0
6601	21	1	0	3	3	0	2	391	309	2	2	0
6602	3	6	0	4	3	0	0	502	130	1	2	1
6603	18	5	1	1	1	0	2	330	50	2	2	0
6604	16	2	0	2	1	0	2	478	118	1	0	1
6605	16	3	0	2	0	0	2	278	55	2	2	0
6606	0	1	0	1	3	0	2	125	378	3	2	0
6607	23	6	0	1	3	0	2	30	341	2	2	0
6608	20	1	0	3	3	0	2	411	16	1	2	0
6609	13	0	0	2	0	0	0	398	20	2	2	0
6610	0	1	0	4	3	0	0	43	543	1	2	0
6611	0	0	0	2	3	0	2	43	550	2	1	0
6612	3	3	0	1	3	1	1	61	159	2	2	0
6613	20	1	0	2	3	0	1	478	273	2	2	0
6614	8	1	0	3	0	0	2	35	167	3	2	0
6615	23	3	0	1	3	0	2	267	630	1	2	0
6616	4	5	1	1	3	0	2	346	543	3	2	0
6617	2	6	0	2	0	0	3	370	234	2	2	0
6618	22	3	0	1	3	0	2	419	378	2	2	0
6619	21	6	1	1	3	0	3	478	214	2	2	0
6620	20	2	0	4	3	0	2	92	123	1	2	0
6621	0	4	0	1	0	0	3	324	571	2	2	0
6622	0	4	0	2	3	0	2	383	101	2	2	0
6623	2	0	0	3	3	0	2	218	657	2	2	0
6624	2	1	0	1	0	0	2	388	51	2	1	1
6625	2	2	0	3	3	0	3	478	281	2	2	0
6626	13	2	0	3	3	0	2	324	302	2	1	0
6627	13	2	0	3	0	0	3	218	223	1	2	1
6628	17	2	0	4	1	0	2	502	294	2	2	0
6629	19	4	0	1	3	0	1	324	257	2	2	0
6630	16	6	0	2	3	0	2	324	15	2	1	1
6631	3	3	0	3	3	0	2	37	625	2	0	0
6632	20	0	0	3	1	0	0	296	487	2	2	0
6633	1	1	0	2	1	0	2	391	378	2	2	0
6634	0	0	0	1	3	0	2	57	81	2	1	1
6635	2	0	0	1	3	0	0	370	130	1	2	1
6636	3	6	1	3	3	0	2	414	432	2	1	1
6637	0	5	1	3	3	0	2	478	304	3	2	0
6638	3	0	0	1	3	0	2	328	198	2	2	0
6639	3	2	0	1	3	0	2	125	223	1	2	1
6640	1	0	0	3	0	0	2	330	543	1	2	0
6641	20	3	0	3	1	0	2	226	304	2	2	0
6642	2	0	0	2	0	0	0	214	378	2	2	0
6643	13	3	0	4	0	0	2	478	631	2	2	0
6644	19	6	1	3	1	0	3	478	543	1	2	0
6645	0	6	1	2	3	0	2	159	15	2	1	1
6646	13	1	0	1	0	0	2	328	571	2	2	0
6647	0	5	0	3	3	0	3	478	130	1	2	0
6648	1	3	0	2	2	0	3	391	288	2	2	0
6649	19	6	0	1	3	0	0	566	690	2	1	0
6650	17	2	0	1	3	0	0	324	272	2	0	1
6651	14	2	0	3	0	0	2	246	543	2	1	0
6652	4	3	0	3	3	0	2	153	81	1	2	0
6653	21	3	0	1	3	0	0	478	394	2	2	0
6654	18	2	0	3	3	0	0	478	634	2	2	0
6655	17	3	0	2	3	0	2	502	294	2	2	0
6656	15	0	0	2	3	0	0	414	317	2	2	0
6657	4	2	0	2	1	1	0	125	323	2	2	0
6658	12	4	0	3	0	0	3	478	414	2	2	0
6659	21	6	1	1	3	1	0	419	220	2	2	0
6660	19	1	0	1	1	0	2	144	2	2	2	0
6661	9	0	0	2	0	1	0	218	50	2	2	0
6662	15	4	0	3	0	0	2	416	33	2	2	0
6663	2	0	0	3	0	0	1	370	652	2	2	0
6664	0	0	0	4	3	0	2	462	432	2	1	1
6665	16	0	0	2	0	0	3	330	184	4	2	0
6666	18	0	0	1	1	0	3	441	344	2	2	0
6667	2	3	0	2	3	0	2	56	337	2	1	0
6668	5	1	0	2	2	0	2	502	43	2	2	0
6669	3	3	0	3	3	0	2	391	81	2	1	1
6670	1	1	0	1	3	0	2	171	543	2	1	1
6671	0	0	0	3	3	0	2	370	3	2	2	0
6672	1	3	0	1	3	1	1	182	51	2	2	1
6673	3	5	0	2	3	0	3	370	51	2	1	0
6674	13	2	0	2	0	1	0	414	590	2	2	0
6675	0	0	0	2	3	0	0	218	543	1	2	0
6676	23	0	0	3	3	0	2	562	640	2	2	0
6677	1	0	0	1	3	0	2	551	90	2	1	0
6678	23	5	1	4	3	0	3	218	662	2	2	0
6679	0	4	0	1	3	0	1	341	241	1	2	0
6680	20	6	0	1	1	0	3	72	553	1	2	1
6681	5	1	0	3	1	0	2	370	34	2	1	0
6682	2	4	0	2	1	0	1	502	524	2	2	0
6683	13	1	0	1	0	0	1	91	57	2	1	1
6684	2	1	0	4	3	0	0	547	543	2	2	0
6685	16	1	0	4	0	1	1	180	55	2	2	0
6686	17	0	0	2	1	0	3	478	142	2	2	0
6687	6	0	0	3	0	0	0	321	16	1	2	0
6688	3	5	0	3	3	0	2	444	114	2	1	0
6689	0	0	0	1	3	0	2	289	543	2	2	1
6690	0	6	1	1	3	1	0	114	241	1	2	0
6691	1	0	0	2	3	0	3	370	117	2	2	0
6692	22	4	0	3	1	0	2	339	543	1	2	1
6693	1	1	1	1	3	0	2	339	289	1	2	0
6694	1	3	0	2	3	0	2	360	259	2	1	1
6695	2	5	0	1	3	0	2	478	591	1	1	1
6696	0	3	0	2	3	0	0	218	543	2	1	1
6697	17	6	1	3	1	0	3	370	364	1	2	0
6698	3	2	0	3	3	0	2	414	625	2	0	1
6699	20	6	1	1	1	0	3	444	220	2	2	0
6700	17	4	0	4	1	0	2	391	441	2	2	0
6701	13	2	0	1	0	0	0	414	55	2	2	0
6702	1	4	0	1	3	0	2	37	366	2	2	0
6703	23	6	0	3	3	0	0	478	241	1	2	0
6704	3	0	0	1	1	0	3	478	530	2	2	0
6705	0	2	0	2	3	0	2	419	43	2	2	0
6706	12	3	0	1	0	1	1	370	398	2	2	0
6707	2	3	0	2	2	0	0	414	13	2	2	0
6708	17	3	0	2	1	0	3	441	142	2	2	0
6709	3	6	0	1	3	0	0	328	90	1	2	0
6710	12	3	1	2	0	0	2	551	543	2	2	0
6711	0	0	0	3	1	0	2	391	493	4	2	0
6712	1	6	0	4	3	0	2	478	340	2	0	1
6713	18	1	0	2	1	0	1	391	226	2	2	0
6714	16	0	0	2	0	0	3	370	130	1	2	1
6715	1	0	0	3	3	0	1	370	241	2	2	0
6716	12	5	0	2	3	1	0	414	241	2	2	0
6717	4	0	0	2	0	0	0	246	46	2	2	0
6718	5	4	0	3	1	0	2	43	284	2	2	0
6719	1	3	0	3	3	0	1	478	627	1	2	0
6720	15	1	0	3	3	0	2	257	487	2	2	0
6721	4	1	0	1	1	0	0	370	54	2	2	0
6722	21	0	0	3	3	0	3	218	543	1	2	0
6723	14	1	0	2	0	0	3	81	154	1	0	1
6724	19	6	0	1	3	0	2	370	16	3	1	1
6725	15	4	0	2	0	0	0	324	482	2	2	0
6726	20	3	0	1	3	0	2	328	49	2	1	1
6727	2	6	0	3	3	0	2	370	156	1	2	0
6728	3	0	0	1	3	0	0	391	315	1	2	0
6729	3	1	0	3	3	0	1	527	484	2	2	0
6730	21	0	0	1	3	0	1	448	400	2	2	0
6731	2	5	0	1	3	0	0	414	18	2	2	0
6732	18	2	0	1	1	0	2	478	37	2	2	0
6733	21	3	0	3	3	0	2	72	241	2	2	0
6734	23	4	0	3	3	0	3	502	309	2	2	0
6735	1	3	0	3	3	0	3	324	129	2	1	1
6736	16	0	0	3	3	0	2	450	543	2	1	0
6737	16	6	0	4	3	0	2	478	543	1	2	1
6738	21	2	0	3	3	0	2	419	214	2	2	0
6739	13	5	1	1	0	0	2	200	556	2	2	0
6740	18	0	0	3	3	0	2	419	318	2	2	0
6741	17	2	0	2	1	0	2	267	426	2	2	0
6742	0	6	1	3	3	0	2	473	43	2	2	0
6743	1	1	0	3	3	0	3	414	596	2	2	0
6744	17	3	0	3	1	0	3	106	543	1	2	0
6745	0	4	0	1	0	1	0	370	548	1	2	0
6746	22	1	0	1	3	0	1	370	571	2	2	0
6747	18	6	1	3	1	0	3	166	294	2	2	0
6748	5	5	0	4	3	0	2	391	241	1	1	0
6749	3	3	0	1	3	0	2	37	24	1	2	0
6750	23	0	0	1	1	0	3	502	170	2	2	0
6751	19	5	0	3	3	0	2	414	169	1	0	0
6752	2	6	1	1	3	0	0	478	294	2	2	0
6753	17	4	0	2	0	0	0	341	81	1	2	0
6754	15	0	0	3	0	0	0	56	543	2	2	1
6755	2	6	1	4	3	0	2	457	690	2	0	1
6756	14	0	0	2	0	0	3	296	196	2	2	0
6757	18	6	0	2	3	0	0	149	550	1	2	0
6758	0	3	0	1	3	0	2	324	598	2	1	0
6759	23	2	0	2	3	0	3	330	145	2	2	0
6760	0	3	0	3	3	0	2	230	317	2	2	0
6761	16	3	0	1	0	0	2	388	3	2	2	0
6762	16	3	0	1	0	0	2	230	3	2	2	0
6763	17	2	0	3	1	0	2	224	55	3	2	0
6764	2	0	0	2	1	0	1	527	550	2	2	0
6765	0	0	0	2	3	1	0	283	340	2	2	0
6766	7	1	0	2	2	0	0	365	370	2	2	0
6767	14	5	1	2	3	0	2	370	306	3	2	0
6768	5	4	0	4	3	0	1	414	423	1	1	1
6769	12	2	0	1	0	0	0	370	543	2	1	0
6770	15	2	0	2	0	0	2	200	378	2	2	0
6771	1	3	0	2	3	0	2	342	543	1	0	1
6772	14	4	0	3	0	0	2	370	130	1	2	1
6773	19	2	0	3	1	0	2	333	543	3	2	0
6774	18	5	1	2	1	0	0	85	449	1	2	0
6775	4	3	0	1	3	1	1	554	281	2	2	0
6776	15	1	0	4	0	0	2	478	489	2	2	0
6777	0	1	0	3	3	0	0	324	426	2	2	0
6778	3	2	0	2	0	0	2	45	101	2	2	0
6779	1	0	0	1	0	0	0	370	51	2	2	0
6780	12	3	0	2	1	0	2	30	85	2	2	0
6781	23	4	0	2	3	0	3	220	532	2	2	0
6782	23	0	0	1	3	0	2	137	119	1	2	0
6783	5	1	0	3	3	0	0	328	571	1	2	0
6784	20	0	0	3	3	0	1	324	496	2	1	1
6785	0	5	0	1	3	0	0	478	214	2	2	0
6786	0	4	0	3	3	0	0	457	74	2	2	0
6787	14	2	0	1	0	0	1	502	124	2	2	0
6788	14	2	0	1	0	0	0	146	590	3	2	0
6789	1	5	0	3	3	0	0	346	543	2	1	1
6790	2	1	0	3	3	0	3	370	20	2	2	0
6791	0	0	0	1	3	0	0	370	364	2	2	0
6792	14	0	0	4	0	1	1	328	571	2	2	0
6793	12	0	0	2	1	0	3	478	3	2	2	0
6794	1	2	0	4	3	0	0	179	42	2	2	0
6795	6	4	0	2	2	0	2	412	269	2	2	0
6796	1	6	1	2	3	0	2	2	272	2	1	0
6797	21	2	0	3	3	0	2	63	550	2	2	0
6798	23	5	1	2	3	0	0	414	427	2	2	0
6799	22	1	0	1	3	0	3	218	16	2	2	0
6800	21	0	0	1	3	0	2	125	543	2	1	1
6801	19	0	0	1	1	0	1	461	145	2	2	0
6802	16	3	0	1	3	0	0	95	341	2	1	0
6803	20	5	1	3	1	1	0	551	577	2	2	0
6804	14	0	0	4	0	0	3	478	344	2	2	0
6805	18	5	1	3	1	0	0	543	543	1	2	0
6806	15	3	0	1	0	0	3	562	309	2	2	0
6807	11	0	0	2	2	0	0	7	57	2	2	0
6808	23	2	0	2	3	0	2	218	543	2	2	0
6809	15	3	0	1	0	0	0	408	272	1	2	1
6810	15	1	0	2	0	0	2	226	179	1	2	0
6811	20	3	0	1	3	0	3	179	639	2	2	0
6812	0	2	0	1	3	0	1	370	543	1	2	0
6813	1	5	1	1	3	0	2	86	309	2	2	0
6814	2	5	1	4	3	0	0	502	543	1	2	1
6815	3	6	1	2	3	0	2	502	543	2	1	1
6816	6	6	0	3	3	0	2	419	553	1	0	0
6817	1	3	0	3	1	0	0	339	550	1	2	0
6818	16	3	0	3	3	0	2	328	543	2	1	0
6819	2	6	0	1	3	0	3	125	543	2	1	0
6820	19	0	0	3	1	0	1	125	422	2	2	0
6821	20	6	0	4	3	0	2	478	543	2	1	0
6822	1	2	0	4	3	0	2	328	250	2	1	0
6823	15	1	0	2	0	0	3	551	42	2	2	0
6824	3	3	0	1	3	0	2	547	651	2	2	0
6825	22	4	0	2	3	0	2	419	569	2	2	0
6826	2	0	0	3	3	0	2	416	55	2	2	0
6827	13	2	0	1	0	0	0	159	340	2	2	0
6828	4	6	1	3	3	0	2	324	298	2	2	0
6829	4	1	0	1	3	0	0	414	214	2	2	0
6830	10	1	0	4	0	0	2	84	145	2	2	0
6831	16	4	0	1	0	0	3	45	487	2	2	0
6832	2	5	0	2	3	0	2	159	401	2	1	1
6833	3	1	0	2	3	0	0	502	57	3	1	0
6834	0	6	1	4	3	0	3	10	432	2	1	0
6835	14	0	0	3	1	0	3	165	556	2	2	0
6836	2	1	0	1	3	0	2	139	543	1	2	0
6837	0	3	0	4	3	0	2	478	123	1	2	0
6838	4	1	0	1	3	0	2	370	223	1	2	0
6839	3	1	0	3	3	0	1	386	21	2	2	0
6840	3	0	0	1	1	0	3	370	144	2	2	0
6841	6	3	0	3	0	0	0	125	543	2	2	0
6842	0	1	0	3	3	0	3	398	543	2	1	1
6843	13	4	0	1	0	0	0	81	440	2	2	0
6844	17	3	0	1	1	0	2	551	441	3	2	0
6845	18	5	1	2	1	0	3	174	16	2	1	0
6846	0	1	0	1	3	0	3	522	426	1	2	0
6847	19	0	0	4	1	0	2	324	632	2	2	0
6848	17	0	0	3	1	0	2	502	50	1	2	0
6849	22	1	0	2	3	0	1	218	322	1	2	1
6850	17	4	0	2	1	0	0	357	42	2	2	0
6851	16	5	1	2	0	0	3	324	241	2	2	1
6852	15	4	1	2	1	1	1	414	309	2	2	0
6853	19	3	0	2	1	0	2	502	106	2	2	0
6854	15	3	0	4	0	0	2	324	241	2	2	1
6855	21	6	1	3	3	0	2	478	543	2	2	0
6856	1	2	0	1	1	0	2	530	389	2	2	0
6857	1	0	0	3	3	0	0	436	33	2	2	0
6858	1	0	0	4	3	0	2	341	230	2	2	0
6859	5	3	0	1	0	1	0	502	130	1	2	0
6860	20	3	0	1	0	0	3	478	484	2	2	0
6861	21	4	0	4	3	0	2	328	346	1	2	1
6862	2	0	0	3	3	0	2	502	466	2	2	0
6863	0	2	0	3	3	0	2	179	378	2	2	0
6864	0	5	0	3	3	0	2	324	123	2	1	0
6865	17	3	0	2	1	0	2	324	378	2	2	0
6866	0	5	1	1	3	0	3	387	340	1	2	0
6867	3	2	0	2	3	0	2	328	222	3	2	0
6868	22	6	0	2	3	0	0	370	129	2	1	1
6869	18	2	0	4	1	1	1	125	322	1	0	1
6870	15	1	0	1	1	0	2	324	543	2	2	1
6871	17	5	0	2	3	0	2	328	82	2	2	0
6872	21	2	0	4	3	0	3	81	378	2	2	0
6873	18	1	0	3	1	0	1	218	88	2	2	0
6874	2	0	0	1	3	0	3	370	568	2	2	0
6875	18	0	0	4	3	0	2	244	543	1	2	0
6876	10	2	0	3	2	1	0	246	401	1	2	1
6877	1	1	0	1	3	0	2	310	317	2	2	0
6878	20	4	0	1	3	0	0	108	241	2	2	1
6879	3	2	0	2	3	0	1	419	571	2	2	0
6880	2	4	0	1	0	0	2	511	587	2	2	0
6881	1	6	0	1	3	0	2	518	571	1	2	0
6882	17	5	1	3	1	0	2	478	579	2	2	0
6883	14	4	0	2	0	1	0	480	678	2	2	0
6884	17	3	0	2	1	0	3	463	366	1	2	0
6885	2	0	0	3	3	0	1	81	543	2	2	1
6886	1	0	0	1	0	0	0	505	123	2	2	0
6887	0	0	0	3	1	0	2	218	496	1	2	0
6888	0	1	0	2	0	0	3	49	71	2	2	0
6889	20	0	0	2	1	1	0	515	173	2	2	0
6890	12	3	0	3	0	0	3	218	465	2	2	0
6891	20	5	0	3	1	0	2	391	483	2	2	0
6892	17	0	0	2	0	0	3	370	101	2	2	0
6893	18	1	0	2	1	0	1	414	378	3	2	0
6894	11	2	0	4	0	1	1	289	306	3	2	0
6895	20	0	0	3	1	0	0	391	206	2	2	0
6896	15	0	0	4	0	1	1	227	344	3	2	0
6897	18	1	0	1	1	0	2	116	571	2	2	0
6898	13	0	0	4	0	0	2	272	530	2	2	0
6899	19	3	0	4	1	0	2	505	3	2	2	0
6900	23	0	0	4	3	0	0	403	543	2	2	0
6901	3	4	0	2	3	1	1	324	571	2	2	0
6902	15	1	0	2	0	0	3	328	543	1	2	1
6903	15	5	0	3	0	0	2	143	81	1	2	0
6904	19	6	0	3	3	0	2	63	119	2	0	1
6905	19	0	0	3	3	0	2	458	129	2	1	1
6906	0	1	0	2	3	0	2	419	55	4	2	0
6907	4	1	0	3	3	1	1	370	123	3	1	0
6908	22	1	0	4	3	0	2	328	631	2	2	0
6909	14	1	0	1	3	0	1	502	3	2	2	0
6910	14	2	0	1	0	0	3	326	194	1	2	0
6911	20	5	1	2	1	0	2	478	309	2	2	0
6912	1	6	0	3	3	0	2	478	322	1	2	1
6913	15	2	0	2	0	0	2	328	71	2	2	0
6914	12	3	0	3	0	0	1	377	115	1	2	0
6915	15	4	0	4	0	0	2	61	222	2	2	0
6916	19	5	1	2	1	0	3	370	89	2	2	0
6917	17	4	0	1	3	0	2	81	543	2	0	1
6918	21	2	0	3	3	0	3	391	283	2	2	0
6919	14	2	0	4	1	0	2	159	440	2	2	0
6920	0	1	0	2	3	0	1	391	398	3	2	0
6921	4	2	0	1	0	0	0	288	661	2	2	0
6922	20	5	0	3	3	0	1	328	289	1	2	0
6923	17	2	0	3	1	0	2	179	22	2	2	0
6924	0	1	0	4	1	0	0	502	246	1	2	0
6925	18	0	0	3	3	0	2	72	543	2	2	1
6926	4	4	1	1	3	0	3	322	543	2	1	1
6927	22	4	0	2	3	0	2	434	341	2	1	1
6928	13	5	1	2	0	1	0	185	440	2	2	0
6929	19	5	0	2	1	0	2	34	306	2	2	0
6930	0	3	0	2	3	0	3	476	543	2	2	0
6931	6	2	0	3	1	0	2	391	5	2	2	0
6932	1	2	0	2	3	0	2	370	55	2	2	0
6933	17	3	0	2	1	0	2	370	401	1	2	0
6934	2	2	0	4	3	0	1	391	543	2	2	1
6935	16	1	0	3	0	0	1	419	571	2	2	0
6936	0	0	0	1	0	0	0	524	340	2	1	0
6937	18	6	0	3	1	0	3	328	33	1	1	1
6938	4	2	0	3	3	1	0	324	241	1	2	1
6939	1	6	1	1	0	1	0	125	95	3	1	0
6940	9	0	0	3	0	0	1	81	393	2	2	0
6941	16	1	0	2	0	0	2	328	660	3	2	0
6942	0	3	0	1	3	0	2	502	432	1	1	1
6943	1	2	0	2	3	0	3	267	344	2	2	0
6944	1	3	0	4	3	0	3	425	223	1	2	0
6945	1	5	0	3	3	0	2	23	341	2	0	0
6946	12	0	0	3	0	1	1	478	387	2	2	0
6947	1	6	0	4	3	0	2	237	116	4	2	1
6948	0	3	0	2	3	1	0	502	543	1	0	1
6949	18	5	1	3	1	0	2	478	90	2	1	1
6950	1	6	0	2	3	0	2	370	364	1	2	0
6951	2	0	0	2	3	0	3	230	170	2	2	0
6952	5	4	0	1	3	0	3	202	442	2	2	0
6953	2	1	0	4	1	0	1	414	314	2	2	0
6954	3	1	0	1	3	0	2	232	296	2	2	0
6955	1	6	0	3	3	0	2	502	496	1	2	0
6956	13	3	0	4	0	0	2	218	309	2	2	0
6957	23	5	1	2	3	0	3	43	322	2	2	0
6958	16	5	1	1	0	0	2	324	294	1	2	0
6959	19	5	1	2	3	0	0	444	426	2	2	0
6960	1	4	0	3	0	0	2	370	378	2	2	0
6961	19	5	0	1	3	0	2	502	591	2	1	1
6962	13	0	0	4	0	1	1	328	463	2	2	0
6963	21	1	0	2	3	0	2	81	401	1	0	0
6964	21	0	0	2	3	1	1	328	518	2	2	0
6965	15	5	1	1	0	0	2	414	85	2	2	0
6966	20	0	0	1	3	0	2	437	58	1	1	0
6967	16	0	0	1	3	0	0	185	543	2	1	1
6968	12	6	1	3	0	0	2	153	241	1	2	0
6969	15	1	0	1	0	0	2	521	571	1	2	0
6970	0	5	1	3	3	0	2	35	661	2	2	0
6971	0	2	0	2	1	0	3	370	55	2	2	0
6972	18	2	0	2	3	0	2	448	625	2	0	0
6973	18	3	0	2	1	0	3	181	241	1	2	1
6974	19	0	0	1	1	0	1	103	548	1	2	1
6975	2	3	0	1	1	0	2	370	344	2	2	0
6976	18	5	1	4	1	0	2	414	43	2	2	0
6977	2	0	0	1	0	0	2	230	571	2	2	0
6978	0	0	0	1	1	0	1	370	119	1	2	0
6979	6	0	0	1	0	0	2	89	273	2	2	0
6980	13	0	0	1	0	0	0	72	543	1	2	0
6981	16	0	0	1	0	0	0	95	55	3	2	0
6982	2	2	0	2	3	0	3	502	34	2	2	0
6983	17	6	0	3	3	0	3	74	496	2	2	0
6984	3	6	1	4	1	0	0	502	624	1	2	0
6985	21	0	0	3	3	0	1	419	18	2	2	0
6986	15	1	0	3	0	0	1	61	629	2	2	0
6987	14	6	1	4	0	0	3	463	55	2	2	0
6988	16	3	0	1	3	0	2	328	32	2	2	0
6989	2	0	0	3	3	1	1	88	322	1	2	0
6990	1	0	0	1	3	1	1	125	46	2	2	0
6991	16	0	0	3	0	0	1	218	543	2	2	1
6992	17	1	0	2	1	0	2	143	426	2	2	0
6993	18	1	0	4	1	0	2	416	543	2	2	0
6994	23	2	0	3	3	0	1	328	19	2	2	0
6995	1	5	1	2	3	0	3	502	543	1	2	0
6996	0	6	1	4	1	0	2	370	401	2	2	1
6997	18	2	0	1	1	0	0	218	543	1	2	0
6998	0	5	0	3	3	0	2	202	538	2	2	0
6999	18	5	0	3	3	0	3	61	51	2	1	1
7000	14	1	0	3	3	1	1	328	1	2	2	0
7001	0	2	0	1	3	1	0	114	50	2	2	0
7002	20	3	0	3	1	0	3	370	31	1	2	0
7003	0	6	1	1	3	0	3	307	543	2	2	1
7004	12	3	0	2	0	0	2	218	85	2	2	0
7005	19	0	0	1	3	0	2	125	97	3	1	1
7006	15	5	1	2	0	0	3	53	55	3	2	0
7007	20	0	0	3	1	0	3	391	395	2	2	0
7008	2	2	0	1	3	0	2	139	543	3	1	1
7009	3	0	0	4	1	0	3	370	593	2	2	0
7010	1	0	0	4	1	0	0	87	182	1	1	0
7011	17	0	0	2	1	0	2	328	583	1	2	0
7012	1	3	0	1	3	0	2	391	345	2	2	0
7013	15	1	0	3	0	0	2	502	220	2	2	0
7014	2	0	0	1	3	0	2	226	553	2	1	1
7015	21	0	0	1	3	0	0	328	587	2	1	1
7016	19	3	0	2	1	0	1	334	214	2	2	0
7017	7	0	0	1	2	0	3	419	4	2	2	0
7018	3	0	0	1	3	1	0	296	283	2	2	0
7019	15	0	0	3	0	0	0	108	214	2	2	1
7020	2	0	0	1	3	0	3	391	182	1	1	1
7021	19	2	0	4	1	0	0	323	571	3	2	0
7022	3	1	0	4	1	0	0	391	686	2	2	0
7023	21	1	0	2	3	0	2	330	241	1	2	0
7024	17	0	0	2	1	0	2	502	42	2	2	0
7025	4	4	0	3	3	0	1	324	322	1	2	1
7026	22	5	0	1	3	0	2	457	16	2	1	1
7027	4	6	0	3	3	0	2	502	520	2	0	0
7028	18	5	1	3	1	0	3	218	401	2	2	0
7029	0	4	0	1	3	0	3	218	119	1	2	0
7030	2	1	0	4	3	0	0	127	208	2	2	0
7031	12	0	0	2	0	0	2	81	579	2	2	0
7032	5	3	0	4	0	0	2	502	4	2	2	0
7033	0	6	1	3	3	0	3	125	340	2	2	0
7034	19	1	0	3	1	0	1	370	554	2	2	0
7035	16	2	0	4	3	0	3	324	50	2	2	0
7036	0	2	0	1	3	0	2	218	389	2	2	0
7037	1	6	1	3	3	0	2	120	543	3	1	0
7038	4	4	0	1	3	0	3	370	543	2	2	0
7039	0	6	1	1	3	0	2	218	432	1	1	1
7040	16	0	0	4	3	0	2	370	294	2	2	0
7041	1	0	0	4	3	0	2	370	571	1	2	0
7042	12	1	0	2	0	0	3	324	530	2	2	0
7043	17	6	1	4	1	0	2	328	426	2	2	0
7044	2	4	0	3	3	0	3	502	309	2	2	0
7045	2	4	0	2	3	0	3	461	309	2	2	0
7046	11	5	0	3	3	0	2	108	543	2	1	1
7047	16	5	1	2	3	0	0	81	234	2	1	1
7048	0	5	0	1	3	0	3	127	309	2	2	0
7049	19	0	0	2	1	0	3	416	474	2	2	0
7050	4	5	0	1	3	0	0	391	543	1	0	1
7051	21	0	0	4	0	0	0	70	90	1	2	0
7052	1	2	0	2	3	0	3	370	117	1	2	0
7053	23	6	1	4	3	0	0	377	483	2	2	0
7054	19	1	0	3	3	0	2	81	212	2	1	1
7055	1	2	0	2	3	0	2	391	580	2	2	0
7056	0	0	0	2	3	0	3	329	512	2	2	0
7057	19	0	0	1	1	1	1	328	51	2	1	1
7058	1	6	0	2	3	0	3	123	543	2	2	1
7059	3	3	0	3	0	0	3	160	317	2	2	0
7060	3	6	0	3	3	0	2	502	322	2	2	0
7061	19	5	0	1	1	0	2	478	543	1	2	0
7062	16	0	0	2	0	0	3	495	3	2	2	0
7063	2	5	1	1	1	0	0	323	218	2	2	0
7064	18	6	1	3	1	1	1	414	432	2	2	0
7065	3	3	0	3	3	0	3	462	317	2	2	0
7066	22	5	0	1	3	0	3	357	167	2	2	0
7067	0	0	0	1	3	0	3	414	432	1	1	1
7068	16	3	0	2	0	0	1	218	543	2	2	0
7069	14	1	0	1	0	0	2	414	304	2	2	0
7070	0	0	0	2	3	0	0	26	223	1	2	0
7071	23	3	0	3	3	0	2	419	186	2	2	0
7072	1	3	0	3	1	0	1	414	130	2	1	0
7073	14	6	0	1	0	0	2	218	15	2	2	1
7074	3	0	0	4	3	0	0	175	543	2	2	0
7075	20	2	0	1	1	0	2	390	317	2	2	0
7076	19	4	0	2	3	0	2	328	496	1	0	1
7077	22	5	0	4	3	0	2	370	550	1	0	1
7078	2	4	0	1	3	1	1	134	55	2	2	0
7079	0	6	0	3	3	0	3	203	241	1	0	0
7080	0	2	0	1	3	0	0	414	241	1	2	0
7081	17	0	0	2	3	0	2	370	543	1	2	1
7082	12	4	0	2	0	0	1	226	241	2	2	0
7083	0	5	0	1	3	0	2	370	496	1	2	0
7084	18	5	1	4	3	0	0	436	543	2	0	0
7085	23	5	0	1	3	0	2	246	432	2	1	1
7086	1	5	0	3	3	0	2	502	119	1	0	0
7087	0	0	0	2	3	0	3	324	560	2	2	0
7088	14	1	0	2	0	0	2	566	399	2	2	0
7089	15	6	1	3	0	0	3	419	461	2	2	0
7090	16	2	0	1	0	0	0	370	294	2	2	0
7091	2	0	0	1	3	0	2	502	20	2	2	0
7092	18	4	0	3	1	0	3	218	157	1	2	0
7093	1	6	1	2	3	0	2	125	432	2	1	1
7094	12	2	0	1	0	0	0	478	543	1	2	0
7095	3	3	0	1	3	0	0	479	241	2	2	0
7096	3	4	0	1	3	0	2	125	402	3	1	1
7097	23	5	1	3	3	1	0	502	684	2	2	0
7098	20	0	0	3	3	0	2	179	223	2	2	1
7099	1	1	0	1	3	0	3	370	543	1	2	0
7100	3	4	0	1	3	0	2	220	241	1	2	1
7101	1	6	0	2	3	0	2	16	341	2	1	0
7102	2	1	0	2	3	0	3	229	650	2	2	0
7103	1	2	0	1	3	0	1	215	251	1	2	0
7104	1	6	0	1	3	1	0	125	57	2	2	0
7105	20	4	0	1	3	1	1	45	194	2	2	0
7106	20	5	0	1	1	0	1	370	3	2	2	0
7107	7	2	0	2	2	0	0	305	432	2	2	0
7108	0	3	0	1	3	0	3	43	658	1	2	0
7109	19	5	0	1	3	0	2	100	432	2	1	1
7110	21	1	0	2	3	0	2	419	543	2	2	1
7111	3	1	0	3	3	0	0	478	550	1	1	1
7112	17	0	0	3	3	0	2	419	214	2	2	0
7113	20	1	0	3	1	0	2	125	264	2	1	0
7114	4	4	0	2	3	0	0	502	51	1	2	1
7115	2	1	0	3	3	0	3	502	482	2	2	0
7116	14	4	0	4	0	0	2	202	543	1	2	0
7117	2	5	0	1	3	0	2	159	16	2	1	0
7118	5	3	0	1	3	0	1	328	543	1	2	0
7119	0	0	0	2	3	0	2	78	322	3	2	0
7120	15	6	1	2	0	0	3	408	222	2	2	0
7121	0	0	0	1	3	0	2	414	543	2	1	1
7122	5	0	0	1	3	1	1	502	543	1	2	0
7123	1	4	0	2	3	0	3	125	223	1	2	0
7124	1	3	0	4	3	0	0	125	241	1	2	0
7125	16	2	0	2	0	0	2	37	413	2	2	0
7126	23	5	0	2	3	0	3	370	563	2	1	0
7127	15	1	0	1	0	0	2	419	289	2	2	0
7128	19	2	0	3	3	0	2	289	543	2	2	1
7129	19	2	0	3	1	0	1	391	226	2	2	0
7130	0	3	0	3	3	0	2	165	432	2	1	1
7131	13	4	0	3	0	0	2	138	241	1	2	0
7132	22	0	0	3	3	0	2	237	241	2	1	1
7133	16	5	1	4	0	0	1	408	421	2	2	0
7134	21	6	0	2	3	0	3	372	543	2	2	0
7135	18	0	0	3	1	0	2	121	496	2	2	0
7136	0	5	0	1	3	0	2	296	543	1	2	0
7137	16	1	0	3	0	0	3	478	241	2	2	1
7138	18	4	0	1	1	0	0	414	33	2	2	0
7139	1	0	0	2	0	0	2	265	146	2	2	0
7140	17	4	0	1	1	0	2	463	16	1	2	0
7141	1	3	0	1	3	1	0	328	275	2	2	0
7142	2	2	0	3	3	0	2	550	322	1	2	0
7143	1	0	0	3	3	0	2	226	482	2	2	0
7144	4	0	0	3	3	0	1	30	15	1	2	0
7145	20	1	0	2	3	0	2	419	317	2	2	0
7146	2	2	0	3	3	0	3	550	487	2	2	0
7147	16	2	0	2	0	0	0	342	401	1	2	0
7148	16	0	0	3	3	0	2	502	689	2	2	0
7149	3	0	0	1	3	0	2	185	90	1	2	1
7150	3	4	0	4	0	0	2	502	55	2	2	0
7151	21	6	1	2	3	0	2	370	625	2	2	0
7152	22	1	0	1	3	0	3	391	294	2	2	0
7153	0	1	0	3	3	0	1	496	318	2	2	0
7154	19	3	0	4	1	0	2	550	115	1	2	0
7155	13	4	0	4	0	0	0	246	241	1	2	1
7156	20	1	0	3	1	0	2	419	214	2	2	0
7157	20	3	0	2	3	0	2	445	15	2	1	1
7158	17	0	0	1	3	0	0	4	43	2	2	0
7159	23	2	0	2	3	0	3	63	309	2	2	0
7160	22	4	0	1	3	0	1	478	16	2	2	0
7161	4	0	0	2	3	0	2	502	426	1	2	0
7162	15	3	0	1	0	0	2	342	543	2	0	0
7163	0	0	0	1	3	0	2	114	51	2	1	0
7164	16	0	0	2	0	0	2	218	543	1	2	0
7165	1	0	0	2	3	0	2	542	496	1	2	0
7166	19	4	0	1	3	0	2	414	543	2	1	0
7167	1	4	0	2	3	0	2	332	543	1	2	0
7168	16	2	0	2	1	0	2	45	401	1	2	1
7169	14	1	0	4	0	0	3	478	568	2	2	0
7170	0	3	0	2	3	0	2	309	531	2	2	0
7171	15	3	0	2	0	0	2	510	90	1	2	0
7172	2	0	0	3	3	0	2	101	598	2	1	0
7173	14	1	0	2	0	0	2	388	241	2	2	0
7174	2	3	0	2	3	0	2	370	550	1	2	1
7175	0	0	0	3	3	0	1	63	143	2	2	0
7176	14	2	0	2	0	1	1	218	214	3	0	1
7177	23	2	0	1	3	1	1	370	327	2	2	0
7178	15	6	1	2	0	0	3	296	266	2	2	0
7179	16	5	0	3	3	0	2	370	543	2	2	1
7180	2	2	0	1	0	0	0	324	614	2	1	0
7181	9	3	0	3	2	0	2	2	543	1	2	0
7182	16	2	0	2	0	0	1	243	3	2	2	0
7183	15	3	0	3	0	0	2	374	15	2	2	0
7184	15	2	0	2	0	0	3	185	192	2	2	0
7185	19	6	1	3	3	0	2	376	543	2	0	0
7186	3	6	0	1	3	0	2	463	318	2	2	0
7187	17	6	0	3	3	0	2	335	340	2	2	1
7188	16	0	0	1	1	1	0	328	222	2	2	0
7189	23	0	0	3	3	0	1	125	152	1	2	0
7190	7	4	1	2	0	0	0	544	496	1	2	0
7191	18	2	0	1	1	0	2	370	432	2	1	0
7192	1	3	0	2	1	0	3	478	22	2	2	0
7193	18	3	0	2	1	1	0	391	48	2	2	0
7194	19	5	0	3	3	0	2	391	222	1	2	0
7195	18	0	0	3	3	0	0	146	543	1	2	0
7196	6	4	0	2	1	0	1	530	587	3	2	0
7197	1	6	1	4	1	0	2	328	51	1	1	1
7198	20	3	0	4	1	0	0	125	432	2	1	1
7199	16	6	0	3	3	0	2	328	317	3	2	0
7200	1	0	0	2	3	0	2	391	543	2	0	1
7201	15	5	1	4	0	0	2	245	422	2	2	0
7202	13	5	0	1	0	0	2	416	130	1	2	1
7203	5	0	0	2	3	1	0	370	378	2	2	0
7204	22	0	0	1	3	0	2	370	571	2	2	0
7205	0	6	1	2	3	0	2	334	250	2	2	1
7206	20	5	1	4	1	0	2	530	241	3	2	0
7207	20	3	0	2	1	0	3	226	106	2	2	0
7208	2	1	0	4	3	0	0	370	309	2	2	0
7209	21	0	0	3	3	0	2	302	543	1	2	0
7210	2	2	0	1	3	0	1	502	150	2	2	0
7211	0	2	0	3	3	1	0	218	127	2	0	0
7212	15	5	1	3	0	0	2	415	15	1	0	1
7213	18	3	0	1	1	0	0	370	357	2	2	0
7214	14	3	0	4	0	0	3	416	479	2	2	0
7215	0	0	0	3	3	0	2	183	391	3	2	0
7216	16	4	0	2	0	0	2	218	629	2	2	0
7217	12	0	0	2	0	0	0	412	571	2	2	0
7218	0	6	0	1	3	0	2	374	543	1	2	0
7219	22	2	0	1	3	0	2	478	490	2	2	0
7220	4	3	0	2	0	0	0	149	681	2	2	0
7221	4	4	0	2	3	0	3	324	496	2	2	0
7222	2	3	0	4	3	0	3	218	678	2	2	0
7223	20	4	0	2	3	0	2	86	543	2	2	1
7224	0	6	0	3	3	0	2	554	624	2	1	0
7225	15	6	0	3	3	0	2	414	46	2	2	1
7226	19	6	0	2	3	0	0	370	550	2	1	1
7227	18	2	0	1	1	0	0	218	11	2	2	0
7228	0	0	0	2	3	0	2	28	117	2	2	0
7229	2	0	0	2	3	0	1	391	296	2	2	0
7230	22	5	1	2	3	0	2	345	51	2	1	0
7231	0	2	1	1	3	0	2	125	42	2	2	0
7232	18	0	0	1	1	1	0	551	73	2	2	0
7233	2	3	0	3	3	0	0	125	323	3	2	0
7234	3	1	0	2	3	1	0	218	543	1	2	1
7235	17	5	0	1	1	0	0	180	51	2	1	0
7236	18	3	0	4	1	0	3	296	216	2	2	0
7237	0	0	0	2	0	0	0	424	251	1	2	0
7238	4	0	0	1	3	0	2	370	260	2	1	0
7239	5	0	0	3	1	0	1	125	33	1	2	0
7240	0	4	0	1	1	0	2	444	43	2	2	0
7241	16	0	0	2	1	0	0	244	420	2	2	0
7242	15	6	1	2	0	0	3	159	528	2	2	0
7243	2	0	0	1	3	0	2	408	426	2	2	0
7244	17	1	0	4	1	1	0	478	41	2	2	0
7245	18	0	0	1	1	0	2	108	241	2	2	0
7246	15	3	0	3	0	0	0	185	441	4	2	0
7247	18	1	0	2	1	0	1	13	652	1	2	0
7248	22	1	0	2	3	0	2	267	678	1	2	0
7249	1	5	1	1	3	1	0	125	130	1	2	0
7250	19	1	0	1	3	0	3	218	640	2	2	0
7251	21	3	0	1	3	1	1	419	341	1	2	1
7252	14	3	0	3	0	0	1	212	241	2	2	0
7253	16	6	1	1	0	1	1	370	472	2	2	0
7254	22	6	0	1	3	0	2	139	16	2	1	1
7255	22	6	0	3	3	0	2	502	543	2	1	1
7256	19	2	0	1	3	0	2	414	340	2	1	0
7257	18	6	0	1	3	0	2	370	585	2	2	1
7258	2	2	0	3	3	0	3	414	432	2	1	1
7259	1	5	1	2	3	0	2	370	543	1	2	0
7260	0	6	0	1	1	0	3	106	522	2	2	0
7261	0	3	1	3	3	0	2	146	303	2	2	0
7262	20	0	0	3	1	0	2	532	678	2	2	0
7263	16	1	0	1	0	0	3	200	214	2	2	0
7264	0	3	0	3	3	0	0	45	543	1	2	1
7265	18	3	0	4	1	0	3	502	378	1	2	0
7266	21	3	0	3	3	0	2	502	241	1	2	0
7267	18	5	0	2	3	0	2	296	543	2	2	1
7268	0	5	0	3	3	0	3	416	543	1	2	1
7269	4	2	0	2	3	0	3	502	485	3	2	0
7270	12	2	0	1	0	0	1	370	33	2	1	0
7271	21	4	0	3	3	0	2	37	364	1	2	1
7272	12	1	0	2	0	0	3	127	318	3	2	0
7273	4	4	0	1	3	0	3	179	543	2	2	0
7274	22	1	0	3	3	0	0	443	223	1	2	0
7275	18	1	0	1	1	0	1	463	294	2	2	0
7276	13	0	0	1	0	0	0	326	241	1	2	1
7277	19	2	0	1	1	0	3	15	241	2	2	1
7278	15	0	0	3	0	0	3	328	234	2	2	0
7279	21	0	0	1	3	0	0	108	543	3	1	1
7280	16	2	0	1	3	0	1	324	543	1	2	0
7281	3	1	0	1	3	0	3	370	309	2	2	0
7282	12	1	0	2	0	0	3	166	443	2	2	0
7283	1	0	0	3	3	0	0	296	379	2	1	0
7284	2	3	0	1	1	0	2	81	321	2	2	0
7285	0	2	0	4	3	1	1	370	619	1	2	0
7286	2	6	0	1	3	0	2	478	690	2	1	1
7287	15	5	1	2	0	0	0	81	294	2	2	0
7288	3	4	0	1	3	0	3	125	632	2	2	0
7289	2	1	0	4	3	0	2	159	579	3	2	0
7290	17	1	0	2	1	0	0	246	550	1	2	1
7291	0	3	0	1	3	0	1	502	43	2	2	0
7292	18	4	0	4	1	0	2	502	43	2	2	0
7293	0	3	0	1	3	0	1	551	16	2	1	1
7294	1	5	0	2	0	0	2	238	196	2	2	0
7295	21	0	0	4	3	0	3	328	214	2	2	0
7296	21	4	0	4	3	0	2	478	613	1	2	0
7297	20	1	0	1	1	0	3	152	496	2	2	0
7298	2	1	0	1	3	0	1	414	250	2	1	1
7299	18	6	1	3	1	0	2	68	81	2	2	1
7300	14	5	1	2	0	0	3	37	661	2	2	0
7301	0	0	0	1	3	0	2	203	16	2	1	0
7302	0	0	0	3	0	0	2	5	426	2	2	0
7303	17	2	0	2	3	0	2	414	496	2	1	1
7304	16	1	0	2	0	0	2	463	49	1	2	0
7305	15	3	0	4	0	0	2	48	571	4	2	0
7306	1	1	0	2	3	0	2	502	234	2	2	0
7307	4	3	0	1	3	0	2	303	229	2	2	0
7308	21	0	0	4	3	0	1	218	273	2	2	0
7309	0	6	1	3	3	0	2	454	37	2	2	0
7310	19	4	0	1	3	0	2	403	543	2	2	0
7311	23	3	0	2	3	0	3	416	543	1	2	1
7312	21	0	0	1	3	0	2	296	106	2	2	0
7313	2	0	0	1	0	0	2	506	90	1	2	0
7314	13	6	1	1	3	0	3	53	317	2	2	0
7315	22	2	0	2	3	0	0	530	49	2	2	0
7316	0	1	0	1	0	0	2	370	318	2	2	0
7317	12	2	0	2	0	0	0	403	487	2	2	0
7318	14	1	0	1	0	0	0	328	55	2	2	0
7319	1	2	0	2	3	0	0	502	567	2	2	0
7320	0	2	0	3	1	0	2	370	443	2	2	0
7321	1	4	0	1	3	0	0	370	401	1	2	0
7322	18	3	0	1	3	0	2	328	629	2	2	0
7323	1	0	0	1	2	0	0	179	182	1	1	0
7324	22	2	0	2	3	0	3	239	42	2	2	0
7325	16	2	0	2	0	0	2	324	543	1	2	0
7326	4	0	0	1	3	0	3	125	444	2	2	0
7327	19	1	0	2	1	0	3	54	678	2	2	0
7328	17	4	0	4	3	0	1	324	296	2	0	1
7329	0	5	1	2	3	1	1	149	226	2	2	0
7330	1	6	0	2	3	0	2	213	15	2	2	0
7331	3	4	0	1	0	0	0	502	464	2	2	0
7332	1	4	0	2	0	0	0	448	543	2	1	0
7333	23	2	0	2	3	0	2	480	625	2	0	0
7334	20	1	0	1	1	0	3	280	119	1	2	0
7335	0	0	0	2	3	0	2	478	162	2	2	0
7336	1	0	0	4	3	0	1	324	78	2	2	0
7337	15	2	0	1	1	0	2	12	3	2	2	0
7338	15	2	0	2	0	0	2	469	241	1	2	0
7339	2	1	0	3	3	0	2	289	15	2	1	1
7340	0	4	0	3	3	0	3	478	432	2	1	1
7341	3	2	0	3	0	0	3	334	634	2	2	0
7342	17	0	0	3	3	0	2	328	214	2	2	0
7343	22	3	0	1	3	0	3	478	294	2	2	0
7344	15	0	0	2	1	0	2	226	241	2	2	1
7345	21	0	0	1	3	0	2	370	543	1	2	0
7346	1	0	0	1	3	0	2	554	378	2	2	1
7347	17	4	0	2	3	0	2	218	625	1	2	0
7348	21	6	0	1	3	0	2	334	130	2	2	0
7349	14	6	0	1	3	0	0	111	150	2	2	0
7350	20	5	1	1	1	0	2	478	13	2	2	0
7351	1	0	0	2	3	0	2	391	243	1	2	0
7352	20	1	0	2	1	1	1	175	440	2	2	0
7353	0	0	0	1	3	0	2	72	388	2	2	0
7354	0	3	0	1	3	0	2	429	167	2	2	0
7355	16	3	0	4	1	0	3	114	587	2	2	0
7356	18	4	0	2	1	0	3	146	309	2	2	0
7357	15	4	0	2	0	0	2	249	41	2	2	0
7358	20	4	0	4	1	1	0	159	590	3	2	0
7359	4	4	0	1	3	1	0	416	180	1	2	0
7360	12	2	0	2	0	0	2	455	43	1	2	0
7361	19	0	0	1	1	1	1	119	90	1	2	1
7362	16	0	0	3	0	0	1	324	304	2	2	0
7363	19	5	1	3	1	0	2	184	543	1	2	0
7364	3	2	0	3	1	0	2	37	282	2	2	0
7365	0	0	0	2	3	0	3	330	283	2	2	0
7366	1	2	0	2	1	0	3	370	487	2	2	0
7367	21	0	0	3	3	0	2	324	543	2	2	0
7368	18	1	0	1	1	0	3	118	543	1	2	0
7369	15	5	0	4	0	0	2	328	342	1	1	0
7370	0	0	0	3	3	0	2	69	440	2	2	0
7371	0	3	0	1	3	0	0	125	179	2	0	1
7372	1	2	0	3	3	0	2	194	223	1	2	1
7373	22	4	0	3	3	0	3	370	579	2	2	0
7374	15	0	0	1	0	0	2	370	452	2	2	0
7375	23	6	0	4	3	0	2	478	354	2	0	0
7376	14	0	0	1	0	0	2	89	214	2	2	0
7377	0	4	0	2	3	0	2	218	588	2	2	0
7378	17	6	0	1	3	0	2	441	543	2	2	0
7379	5	4	0	2	0	0	0	37	241	2	2	0
7380	17	5	0	3	3	0	3	37	625	2	0	0
7381	1	2	0	3	3	0	3	370	485	2	2	0
7382	4	6	0	2	3	1	0	429	90	2	2	0
7383	14	5	0	2	3	0	2	370	543	2	1	1
7384	0	0	0	3	3	0	1	125	543	2	2	0
7385	17	0	0	4	1	0	2	324	81	1	0	1
7386	2	1	0	3	0	0	2	454	214	2	2	0
7387	2	4	0	1	3	0	2	180	341	2	0	0
7388	13	0	0	1	0	1	1	218	49	1	2	0
7389	2	0	0	2	3	0	2	224	543	2	2	1
7390	18	1	0	1	1	0	2	370	587	1	2	0
7391	3	0	0	1	3	0	2	419	426	2	2	0
7392	4	6	1	3	3	0	2	324	3	2	2	0
7393	15	0	0	1	0	0	0	125	241	2	2	0
7394	1	1	0	3	3	0	2	19	543	2	1	1
7395	5	4	0	1	3	0	2	419	43	2	2	0
7396	0	2	0	1	3	0	3	498	481	2	2	0
7397	16	1	0	1	0	0	3	479	281	2	2	0
7398	2	0	0	2	2	0	1	414	401	1	2	0
7399	16	4	0	3	0	0	3	370	55	2	2	0
7400	20	2	0	2	1	0	2	218	378	2	2	0
7401	2	6	0	4	3	0	2	419	3	2	2	0
7402	3	1	0	3	1	0	2	401	273	2	2	0
7403	22	6	0	3	3	0	1	391	640	2	2	0
7404	0	0	0	1	1	0	2	412	223	1	2	0
7405	16	0	0	1	0	0	0	370	384	2	2	0
7406	0	6	1	4	3	0	2	414	340	2	1	1
7407	11	6	0	3	3	0	0	332	318	2	2	0
7408	22	5	1	2	3	0	2	39	241	2	2	0
7409	0	6	0	4	3	0	2	478	51	2	1	1
7410	11	6	1	3	2	0	2	424	298	2	2	0
7411	1	6	0	1	3	0	2	153	666	1	2	0
7412	15	1	0	1	3	0	2	478	543	2	1	0
7413	20	2	0	3	3	0	3	502	42	2	2	0
7414	17	0	0	1	1	0	2	370	498	2	2	0
7415	2	3	0	4	3	0	2	370	142	2	2	0
7416	16	1	0	2	0	0	2	463	294	2	2	0
7417	13	0	0	3	0	0	3	159	530	2	2	0
7418	2	2	0	2	3	0	3	478	482	2	2	0
7419	21	4	0	4	3	1	1	53	180	1	2	0
7420	14	2	0	4	0	0	0	551	55	4	2	0
7421	0	3	0	2	1	0	0	114	223	1	2	0
7422	14	6	0	2	0	0	3	185	543	1	2	0
7423	0	0	0	4	3	0	3	502	294	4	2	0
7424	22	2	0	3	3	0	2	45	341	2	2	0
7425	19	4	0	1	1	0	0	81	571	2	2	0
7426	3	2	0	1	3	0	1	328	95	2	1	0
7427	2	2	0	4	3	0	2	244	496	1	2	1
7428	17	4	0	3	1	0	2	370	432	2	1	0
7429	0	2	0	3	3	0	3	502	309	2	2	0
7430	18	1	0	1	3	0	0	416	401	2	1	1
7431	22	6	1	3	3	0	2	419	485	2	2	0
7432	20	4	0	2	1	0	2	419	284	2	2	0
7433	16	6	1	3	0	0	3	348	678	2	2	0
7434	20	4	1	3	1	0	1	125	241	2	2	0
7435	1	0	0	2	3	0	2	370	128	2	2	0
7436	0	3	0	4	3	0	2	328	170	2	2	0
7437	1	0	0	3	0	0	0	218	693	2	2	0
7438	18	1	0	1	3	0	0	370	606	2	2	1
7439	0	0	0	1	0	0	3	218	241	2	2	0
7440	15	3	0	1	0	0	2	434	616	2	2	0
7441	19	1	0	1	3	0	2	478	660	2	2	0
7442	1	6	0	4	3	1	1	218	543	1	2	0
7443	0	6	0	1	3	0	2	416	598	2	1	0
7444	0	0	0	2	0	0	0	275	123	1	2	0
7445	15	5	1	2	1	0	2	551	19	2	2	0
7446	0	2	0	2	3	0	2	502	388	2	2	0
7447	0	4	0	1	3	1	1	370	570	2	2	0
7448	0	3	0	3	3	0	3	405	401	2	2	0
7449	2	6	0	3	3	0	2	444	543	2	1	0
7450	0	0	0	3	3	1	1	370	273	2	2	0
7451	3	2	0	4	1	0	0	478	379	2	1	0
7452	1	3	0	1	3	0	2	432	55	2	2	0
7453	3	0	0	1	3	0	0	328	432	1	1	0
7454	3	6	0	3	3	0	0	324	82	2	0	1
7455	20	0	0	3	3	0	2	427	115	2	1	1
7456	9	2	0	3	1	0	2	56	550	1	2	1
7457	21	2	0	2	3	0	2	414	378	4	2	0
7458	2	5	0	3	1	0	0	218	136	2	2	0
7459	16	4	0	3	0	0	2	218	298	2	2	0
7460	17	6	0	3	3	0	0	370	15	2	1	0
7461	19	3	0	3	1	0	0	218	81	2	1	1
7462	19	5	1	4	1	0	2	426	241	3	2	0
7463	13	0	0	2	0	1	1	218	241	2	2	0
7464	19	1	0	2	3	0	2	125	241	1	2	0
7465	21	2	0	1	1	0	0	72	46	1	2	0
7466	13	5	1	1	0	0	3	239	693	2	2	0
7467	18	0	0	2	1	0	2	171	553	3	1	0
7468	22	0	0	1	0	0	3	370	262	2	2	0
7469	19	4	0	2	1	0	2	246	487	2	2	0
7470	17	5	0	2	3	0	0	370	241	1	2	0
7471	0	3	0	3	3	0	2	391	43	2	2	0
7472	17	1	0	3	1	0	0	414	32	3	2	0
7473	3	1	0	1	3	0	2	414	543	2	2	0
7474	2	6	1	3	1	0	3	125	543	2	2	0
7475	17	3	0	2	1	1	1	23	18	2	2	0
7476	16	1	0	2	0	0	2	370	543	2	2	0
7477	23	1	0	1	3	0	0	179	257	2	2	0
7478	4	2	0	2	3	0	3	414	46	2	2	0
7479	0	2	0	3	3	0	3	478	543	2	2	0
7480	3	3	0	4	3	0	2	202	494	2	2	0
7481	16	3	0	1	0	0	1	324	543	1	2	0
7482	1	6	0	3	3	0	2	391	51	2	1	0
7483	15	6	1	3	0	0	2	454	241	2	2	1
7484	15	2	0	1	0	1	0	416	171	2	2	0
7485	2	1	0	2	0	0	2	478	571	3	2	0
7486	16	0	0	1	0	0	2	370	408	2	2	0
7487	2	2	0	1	0	0	2	37	321	2	2	0
7488	0	4	0	2	3	0	3	328	15	2	2	1
7489	23	4	0	1	3	0	3	416	241	1	2	0
7490	1	5	1	1	3	0	3	230	426	2	2	0
7491	1	2	0	3	3	0	3	461	82	1	2	0
7492	0	1	0	3	1	0	2	218	167	3	2	0
7493	21	0	0	1	3	0	2	550	672	3	2	0
7494	18	0	0	2	1	0	3	414	305	2	2	0
7495	1	0	0	2	3	0	3	394	543	1	2	0
7496	15	1	0	3	0	0	2	527	43	2	2	0
7497	14	4	0	1	0	0	3	267	309	2	2	0
7498	5	4	0	2	3	0	3	478	543	1	2	0
7499	16	4	0	1	0	0	3	282	194	4	2	0
7500	18	1	0	1	3	0	2	328	82	1	2	0
7501	4	5	0	1	3	0	2	391	543	2	1	0
7502	1	1	0	3	3	0	2	226	42	2	2	0
7503	0	0	0	1	1	0	3	360	571	4	2	0
7504	0	4	0	3	3	0	2	146	179	2	1	1
7505	0	5	1	4	3	0	0	324	571	4	2	0
7506	20	0	0	1	3	0	0	218	543	1	2	0
7507	2	0	0	1	1	0	0	244	543	2	2	0
7508	13	2	0	1	0	0	1	502	428	2	2	0
7509	23	2	0	2	3	1	1	218	491	2	2	0
7510	19	3	0	2	1	0	0	328	543	1	2	0
7511	22	6	1	3	3	0	0	370	81	1	2	0
7512	22	1	0	2	3	0	2	48	55	1	2	0
7513	19	0	0	1	1	1	0	230	241	2	1	0
7514	0	0	0	1	3	0	2	328	163	2	1	0
7515	14	1	0	2	3	0	2	154	629	2	2	0
7516	17	5	0	2	1	0	2	218	45	1	2	1
7517	2	3	0	4	3	1	1	463	3	2	2	0
7518	21	3	0	2	3	0	3	328	33	2	2	0
7519	20	0	0	1	1	0	1	72	43	2	2	0
7520	19	1	0	4	3	0	3	328	318	2	2	0
7521	3	5	0	3	3	0	2	354	401	2	1	1
7522	21	4	0	4	3	0	0	502	401	1	1	0
7523	21	1	0	1	3	0	3	296	234	2	2	0
7524	14	3	0	3	3	0	2	82	543	1	2	1
7525	0	6	1	1	1	0	0	365	265	2	2	0
7526	19	0	0	2	1	0	3	218	309	2	2	0
7527	22	3	0	3	3	0	3	324	631	2	2	0
7528	0	3	0	1	3	0	2	164	401	2	1	1
7529	4	2	0	1	0	0	0	370	169	1	2	0
7530	0	0	0	3	3	1	1	391	571	2	2	0
7531	1	0	0	2	3	0	1	370	20	2	2	0
7532	19	0	0	4	3	0	2	391	389	2	2	0
7533	3	4	0	3	3	1	1	10	239	2	2	0
7534	0	1	0	4	3	0	2	218	49	2	2	1
7535	0	2	0	4	3	0	2	256	15	1	1	0
7536	23	1	0	1	3	0	3	366	123	2	2	0
7537	12	5	1	3	0	1	0	566	241	1	2	1
7538	2	0	0	2	0	0	0	114	186	2	2	0
7539	20	0	0	4	3	0	2	186	273	2	2	0
7540	2	4	0	3	3	0	0	324	401	2	2	0
7541	1	0	0	3	0	0	0	230	571	3	2	0
7542	18	5	0	1	1	0	2	328	550	2	1	1
7543	14	0	0	3	0	0	2	370	378	2	2	0
7544	0	2	0	3	3	0	3	370	543	1	2	0
7545	0	0	0	3	3	0	0	328	426	3	2	0
7546	0	1	0	1	1	0	2	502	571	2	2	0
7547	0	2	0	1	3	0	0	324	531	2	2	0
7548	1	5	1	3	1	0	2	240	483	2	2	0
7549	18	1	0	3	1	0	3	218	214	2	2	0
7550	4	2	0	1	0	0	0	370	51	2	1	0
7551	0	3	0	1	3	0	0	432	584	2	2	0
7552	2	2	0	4	3	0	2	153	43	2	2	0
7553	2	0	0	1	3	0	2	414	267	3	1	0
7554	4	6	1	3	0	0	3	185	130	1	2	0
7555	16	0	0	4	1	0	2	324	377	2	0	1
7556	1	4	0	3	3	0	3	125	42	2	2	0
7557	17	3	0	4	1	0	0	127	613	3	2	0
7558	16	2	0	3	3	0	2	478	543	2	0	0
7559	0	6	0	4	3	0	3	61	543	3	1	1
7560	21	4	0	2	3	0	2	350	642	2	2	0
7561	11	4	0	1	1	0	2	328	57	2	2	0
7562	20	0	0	4	1	0	3	328	440	2	2	0
7563	1	2	0	1	3	0	0	502	322	1	2	0
7564	13	1	0	2	3	0	3	456	43	2	2	0
7565	19	2	0	3	1	0	3	365	426	2	2	0
7566	13	0	0	1	1	0	2	448	106	2	2	0
7567	11	2	0	3	2	0	2	370	571	1	2	0
7568	23	3	0	3	3	0	3	391	85	2	2	0
7569	12	0	0	1	0	0	0	258	543	1	2	0
7570	22	5	0	1	3	0	2	125	543	2	0	0
7571	18	0	0	2	1	1	1	218	543	1	1	1
7572	23	0	0	2	3	1	0	218	571	3	2	0
7573	1	1	0	3	3	0	2	293	294	2	2	0
7574	15	2	0	3	0	0	2	370	241	1	2	1
7575	0	0	0	3	3	0	2	37	130	2	2	0
7576	19	0	0	1	1	0	2	324	661	2	2	0
7577	22	5	1	3	3	0	2	521	543	1	2	1
7578	2	3	0	4	3	0	2	478	502	2	2	0
7579	8	6	1	1	2	0	3	478	309	2	2	0
7580	0	6	0	1	3	0	2	304	543	2	2	0
7581	4	5	1	3	3	0	2	142	167	2	2	0
7582	1	2	0	1	1	0	3	403	241	1	2	1
7583	23	4	0	2	3	0	2	125	55	2	2	0
7584	16	6	0	1	3	0	3	370	51	2	1	1
7585	0	6	1	1	3	0	2	125	15	3	1	1
7586	20	1	0	3	3	0	2	328	241	1	2	1
7587	6	5	1	1	2	0	2	293	234	2	2	0
7588	4	2	0	4	0	0	1	478	272	2	0	1
7589	3	1	0	1	3	0	1	306	543	1	2	0
7590	2	1	0	3	3	0	3	125	189	2	2	0
7591	21	3	0	1	3	0	3	457	20	2	2	0
7592	16	6	1	1	0	0	2	202	294	2	2	0
7593	16	0	0	3	3	0	2	419	51	2	0	1
7594	21	2	0	1	3	0	2	502	43	2	2	0
7595	1	6	0	4	3	0	3	370	543	2	1	1
7596	1	0	0	2	3	0	0	370	169	1	2	0
7597	3	5	1	1	3	0	2	178	550	1	2	1
7598	1	6	0	3	3	0	0	370	553	2	1	1
7599	1	1	0	4	3	0	2	370	351	2	2	0
7600	10	4	0	1	0	1	0	218	28	2	2	0
7601	6	0	0	1	1	1	1	391	257	2	2	0
7602	19	1	0	1	1	0	1	416	314	2	2	0
7603	0	3	0	1	3	0	2	324	590	2	2	0
7604	14	3	0	3	0	0	3	506	90	1	2	0
7605	15	0	0	3	0	0	3	82	51	2	1	1
7606	22	5	1	2	1	0	3	269	255	2	2	0
7607	15	4	0	1	3	0	1	171	241	3	2	0
7608	17	6	0	3	1	0	2	72	487	2	2	0
7609	18	6	0	3	1	1	1	81	315	1	2	1
7610	1	5	1	2	3	0	2	202	90	2	1	0
7611	0	2	0	4	3	0	3	125	55	2	2	0
7612	1	6	1	2	3	0	3	416	683	2	1	1
7613	23	5	1	4	3	0	2	267	543	2	0	1
7614	20	1	0	1	3	0	3	391	43	2	2	0
7615	1	0	0	4	3	0	0	324	214	2	1	0
7616	12	4	0	3	0	0	2	551	483	2	2	0
7617	2	0	0	3	1	0	1	174	571	2	2	0
7618	3	0	0	3	3	0	2	370	514	1	2	0
7619	1	1	0	3	3	0	1	452	666	2	2	0
7620	1	6	0	3	3	0	2	370	383	2	0	0
7621	17	6	0	3	3	0	2	324	45	1	2	0
7622	0	0	0	3	0	0	2	478	420	2	2	0
7623	18	1	0	3	0	0	2	370	588	1	2	0
7624	21	0	0	2	3	0	2	391	399	2	2	0
7625	14	1	0	2	0	0	2	149	378	2	2	0
7626	0	3	0	1	3	0	0	362	571	1	2	0
7627	15	1	0	1	0	0	2	551	632	2	2	0
7628	1	1	0	3	0	0	2	370	443	2	2	0
7629	0	3	0	2	3	0	3	328	340	2	2	0
7630	2	6	1	1	3	0	2	180	55	2	2	0
7631	15	0	0	2	0	0	3	218	487	2	2	0
7632	2	5	0	1	3	0	3	324	668	2	2	0
7633	14	4	0	1	0	0	2	287	314	2	2	0
7634	17	0	0	1	1	0	2	370	344	2	2	0
7635	22	4	0	1	3	0	1	357	123	1	2	0
7636	2	2	0	3	3	0	0	288	43	2	2	0
7637	2	2	0	3	3	0	2	456	340	2	1	1
7638	4	0	0	2	1	0	2	414	530	2	2	0
7639	1	5	0	2	3	0	3	414	324	2	2	0
7640	3	0	0	4	3	0	2	562	543	2	2	0
7641	21	0	0	1	3	1	0	13	543	2	2	1
7642	21	6	0	1	3	0	1	414	432	2	1	1
7643	1	4	0	2	3	0	0	218	543	1	2	1
7644	14	3	0	1	3	0	2	370	496	1	2	0
7645	1	2	0	1	3	0	0	35	115	1	2	0
7646	14	1	0	3	0	0	3	370	66	1	2	0
7647	0	6	0	4	3	0	2	38	81	1	2	0
7648	0	1	0	2	3	0	2	416	241	2	2	0
7649	0	2	0	1	3	0	2	81	391	2	2	0
7650	21	0	0	2	3	0	3	367	71	2	2	0
7651	14	1	0	1	0	0	0	354	426	2	2	0
7652	23	5	0	3	3	0	2	84	584	2	1	0
7653	0	4	0	3	1	0	3	478	543	2	1	0
7654	21	5	0	1	3	0	2	478	543	2	1	1
7655	17	5	1	3	1	0	3	86	543	2	2	0
7656	3	0	0	2	0	0	1	328	109	2	2	0
7657	19	0	0	3	1	0	2	370	110	2	2	0
7658	19	5	1	3	3	0	2	81	658	2	2	1
7659	2	3	0	1	1	0	0	328	32	2	2	0
7660	4	3	0	2	3	0	0	429	55	3	2	0
7661	3	2	0	1	3	0	0	218	482	2	2	0
7662	23	4	0	2	3	0	2	328	543	2	2	1
7663	17	0	0	3	1	0	2	502	543	1	2	0
7664	15	3	0	3	0	0	3	370	241	2	2	1
7665	12	6	1	2	3	0	0	101	318	2	2	0
7666	21	3	0	3	3	0	2	37	214	2	2	0
7667	16	3	0	3	0	0	2	502	530	2	2	0
7668	2	0	0	4	3	0	2	72	375	3	2	0
7669	18	0	0	3	1	0	2	246	16	1	2	1
7670	15	0	1	4	0	1	0	478	637	2	2	0
7671	15	2	0	3	0	0	1	218	482	2	2	0
7672	15	4	0	4	0	0	2	370	238	2	2	0
7673	3	2	0	1	3	0	2	444	512	2	2	0
7674	0	5	1	1	3	0	2	444	378	2	2	0
7675	20	3	0	3	1	0	0	332	317	1	2	0
7676	18	0	0	2	1	0	2	328	167	2	2	0
7677	0	6	0	3	3	0	2	324	614	2	1	1
7678	3	0	1	2	3	0	1	543	214	2	2	0
7679	17	0	0	1	1	0	0	370	483	2	2	0
7680	0	6	1	1	3	0	3	328	496	1	2	0
7681	4	1	0	1	0	0	1	452	426	2	2	0
7682	21	2	0	1	3	1	0	502	378	1	2	0
7683	0	5	0	3	3	0	3	43	241	2	0	0
7684	23	5	1	2	3	0	3	416	123	2	2	0
7685	13	2	0	3	0	0	0	463	294	2	2	0
7686	5	0	0	1	1	0	1	125	340	2	1	1
7687	22	6	1	1	3	0	2	185	318	2	2	0
7688	3	2	0	2	3	0	1	218	472	2	0	0
7689	23	1	0	2	3	0	2	502	487	2	2	0
7690	13	2	0	2	0	0	2	551	378	2	2	0
7691	2	4	0	3	3	0	3	370	401	1	2	0
7692	4	4	0	1	1	0	2	13	579	2	2	0
7693	18	2	0	4	3	1	1	328	33	2	2	0
7694	15	1	0	1	0	0	0	15	378	1	2	0
7695	5	2	0	3	3	1	2	125	241	3	2	0
7696	23	0	0	3	3	0	0	502	284	1	2	0
7697	0	0	0	1	0	0	2	478	294	2	2	0
7698	18	1	0	2	1	0	2	391	512	2	2	0
7699	18	2	0	3	1	0	2	480	543	2	2	0
7700	2	1	0	4	1	0	3	72	678	2	2	0
7701	21	0	0	1	3	1	0	90	487	2	2	0
7702	0	3	0	4	3	0	0	125	241	2	0	0
7703	1	3	0	3	1	0	3	496	543	1	2	0
7704	2	0	0	3	3	0	2	218	432	2	0	1
7705	17	6	1	3	1	0	3	324	377	2	1	0
7706	23	1	0	2	3	1	0	424	130	1	2	1
7707	1	6	0	2	3	0	2	328	81	1	2	0
7708	2	0	0	1	3	0	2	502	88	2	0	0
7709	0	6	0	3	3	0	3	81	432	2	1	1
7710	0	1	0	1	3	0	2	179	174	2	2	0
7711	16	6	0	3	3	0	2	328	543	2	2	1
7712	16	4	0	1	0	0	3	391	571	2	2	0
7713	1	5	0	1	3	1	1	328	318	2	2	0
7714	21	2	0	1	3	0	3	391	294	2	2	0
7715	5	6	0	1	3	0	2	502	543	2	1	0
7716	1	6	0	1	3	0	2	370	543	2	2	0
7717	1	1	0	2	3	0	2	149	401	2	1	0
7718	1	6	1	4	3	0	2	370	571	2	2	0
7719	3	1	0	3	3	0	3	370	169	2	2	0
7720	3	4	0	2	0	0	0	370	543	2	2	0
7721	21	0	0	4	3	0	2	370	578	2	2	0
7722	17	6	1	1	1	0	0	551	543	2	2	0
7723	17	2	0	2	1	1	0	103	222	3	2	0
7724	4	0	0	4	3	0	3	370	432	2	1	1
7725	0	1	0	2	3	0	0	542	496	2	2	0
7726	19	1	0	1	3	0	2	179	241	2	0	1
7727	3	2	0	3	3	1	1	414	241	2	1	1
7728	2	1	0	3	1	0	2	478	55	1	2	0
7729	0	2	0	3	3	0	2	414	16	1	2	0
7730	17	2	0	2	1	0	0	324	637	2	2	0
7731	14	1	0	2	0	0	0	310	695	2	2	0
7732	4	5	0	2	3	0	1	370	518	2	2	0
7733	16	4	0	1	3	0	2	303	543	1	2	1
7734	18	3	0	3	3	0	2	502	543	2	1	1
7735	15	1	0	1	0	1	1	502	300	2	2	0
7736	19	0	0	4	1	0	3	370	130	1	2	1
7737	10	5	1	2	2	0	2	370	43	2	2	0
7738	15	6	0	3	0	0	2	107	241	2	2	0
7739	3	5	1	1	2	0	0	548	273	2	2	0
7740	0	2	0	3	3	0	2	30	543	2	2	0
7741	18	6	0	3	3	0	2	532	496	2	1	1
7742	1	1	0	4	3	0	2	562	322	2	2	0
7743	2	1	0	2	3	0	1	101	571	2	2	0
7744	13	4	0	1	0	1	0	566	222	3	2	0
7745	3	3	0	2	1	0	3	502	294	2	2	0
7746	14	1	0	1	0	0	2	171	613	2	2	0
7747	17	4	0	1	3	0	1	324	239	2	2	0
7748	3	2	0	3	3	0	2	524	15	2	1	1
7749	3	5	0	2	3	0	2	502	174	1	2	0
7750	20	5	1	4	1	0	2	153	51	1	1	0
7751	15	2	0	1	0	0	3	478	571	4	2	0
7752	16	1	0	2	3	0	3	370	81	1	2	0
7753	16	0	0	1	3	0	2	551	550	1	2	0
7754	23	1	0	2	3	0	1	419	543	1	0	1
7755	13	3	0	2	0	0	3	478	216	2	2	0
7756	0	6	0	1	3	0	3	374	543	1	0	0
7757	0	0	0	2	3	0	2	296	543	2	1	1
7758	16	0	0	3	3	0	3	370	450	2	2	0
7759	18	1	0	1	1	0	1	80	241	1	2	1
7760	19	1	0	2	1	0	2	82	420	2	2	0
7761	15	1	0	1	0	0	1	37	241	1	2	1
7762	14	5	0	2	3	0	2	257	241	1	2	1
7763	20	3	0	1	1	0	0	357	543	1	0	1
7764	2	4	0	2	3	0	1	391	128	2	2	0
7765	1	4	0	2	3	0	2	324	20	2	2	0
7766	0	3	0	1	3	0	2	190	115	2	2	1
7767	1	2	0	1	3	1	0	43	571	2	2	0
7768	20	3	0	1	1	1	0	125	223	1	2	0
7769	1	4	0	3	1	0	2	293	501	2	2	0
7770	11	1	0	2	2	0	3	370	145	2	2	0
7771	6	2	0	1	1	0	1	4	304	2	2	0
7772	18	4	0	4	3	0	3	324	90	1	2	1
7773	0	0	0	1	3	0	2	360	442	2	2	0
7774	0	0	0	1	3	0	2	444	425	2	2	0
7775	15	1	0	2	0	0	0	108	318	3	2	0
7776	0	6	0	4	3	0	2	149	34	1	2	0
7777	23	4	0	1	3	0	3	416	432	2	0	0
7778	18	3	0	1	1	0	1	56	101	2	2	0
7779	22	0	0	3	3	0	0	86	482	2	2	0
7780	21	5	1	1	3	0	1	506	571	2	2	0
7781	22	3	0	3	3	1	1	213	194	1	2	0
7782	1	0	0	1	3	0	1	502	543	2	2	1
7783	3	1	0	2	0	0	1	437	273	1	2	0
7784	21	1	0	1	3	0	2	463	51	2	1	1
7785	16	0	0	3	0	0	2	330	482	2	2	0
7786	21	4	0	1	3	0	3	377	167	2	2	0
7787	21	1	0	2	3	0	3	419	124	2	2	0
7788	17	3	0	4	1	1	1	218	543	1	2	0
7789	21	1	0	2	3	0	2	354	543	1	2	1
7790	6	3	0	1	2	0	3	391	294	2	2	0
7791	20	5	0	2	0	0	3	296	55	2	2	0
7792	1	5	1	1	1	0	1	478	223	1	2	0
7793	16	3	0	4	1	1	0	271	3	2	2	0
7794	12	1	0	4	0	0	3	328	637	2	2	0
7795	21	0	0	1	3	0	0	370	434	2	2	0
7796	1	0	0	3	3	0	3	370	543	2	2	0
7797	22	2	0	1	3	0	3	478	294	2	2	0
7798	1	0	0	4	3	0	3	370	571	2	2	0
7799	2	0	0	2	0	0	1	48	432	1	1	0
7800	17	1	0	3	1	0	1	502	200	2	2	0
7801	3	3	0	3	0	0	2	551	571	1	2	0
7802	14	5	1	3	0	0	2	551	309	2	2	0
7803	2	3	0	3	3	0	2	403	426	2	2	0
7804	1	5	0	1	3	0	0	425	15	2	1	1
7805	2	1	0	2	0	0	0	391	37	2	2	0
7806	17	3	0	2	1	0	0	324	550	1	0	1
7807	15	0	0	2	0	0	3	108	66	2	2	0
7808	23	6	1	3	3	0	3	416	432	2	1	1
7809	16	0	0	3	3	0	0	391	694	2	2	0
7810	23	2	0	2	3	0	2	392	55	2	2	0
7811	21	3	0	4	0	0	2	541	587	2	2	0
7812	4	3	0	1	3	0	2	370	510	3	2	0
7813	21	6	1	2	3	1	1	159	571	3	2	0
7814	12	1	0	3	0	0	2	218	43	2	2	0
7815	22	0	0	4	3	0	3	328	629	2	2	0
7816	4	0	0	3	3	0	0	125	666	2	1	1
7817	21	2	0	1	3	0	2	37	401	1	0	1
7818	20	5	0	4	3	0	3	412	123	2	2	0
7819	16	1	0	3	0	0	3	294	55	3	2	0
7820	1	1	0	2	3	0	0	350	571	1	2	0
7821	1	0	0	1	1	0	3	414	94	2	2	0
7822	0	5	1	1	3	0	3	125	119	2	2	0
7823	5	6	0	3	3	0	2	502	94	1	2	1
7824	18	0	0	2	1	0	2	502	55	2	2	0
7825	21	0	0	4	3	1	1	328	571	2	2	0
7826	3	6	0	1	3	0	2	502	33	2	2	0
7827	14	0	0	1	0	0	3	370	173	2	2	0
7828	0	3	0	2	1	0	2	365	550	2	2	0
7829	3	0	0	3	0	0	0	384	426	2	2	0
7830	20	0	0	4	1	0	1	296	571	2	2	0
7831	15	2	0	2	0	0	0	414	55	2	2	0
7832	23	2	0	1	3	0	3	354	22	2	2	0
7833	18	2	0	3	1	0	2	502	273	2	2	0
7834	5	4	0	4	0	0	0	419	543	2	1	1
7835	3	0	0	4	1	0	1	324	306	3	2	0
7836	19	6	0	2	3	0	3	328	432	1	1	0
7837	23	2	0	3	3	0	2	289	543	2	1	1
7838	13	2	0	1	0	0	2	498	284	2	2	0
7839	4	5	0	1	3	0	2	414	318	2	2	0
7840	21	3	0	2	3	0	2	370	543	1	2	0
7841	1	2	0	4	3	0	2	370	629	2	2	0
7842	20	6	1	1	3	0	2	108	397	2	2	0
7843	5	2	0	1	3	0	0	502	694	2	2	0
7844	13	5	0	2	0	0	2	153	543	2	1	0
7845	3	0	0	2	1	0	2	419	530	2	2	0
7846	21	4	0	4	3	0	0	463	426	2	2	0
7847	1	0	0	1	3	0	2	370	16	1	2	0
7848	12	4	0	2	0	0	0	328	143	2	2	0
7849	0	3	0	3	3	0	3	218	318	2	2	0
7850	17	3	0	3	3	0	2	370	426	2	2	0
7851	21	0	0	2	3	0	2	341	88	2	2	0
7852	4	1	0	2	3	0	2	391	33	2	1	1
7853	0	3	0	4	3	0	0	153	543	2	1	0
7854	2	0	1	2	3	0	0	502	512	1	2	0
7855	3	6	1	3	3	0	0	218	432	1	2	0
7856	17	6	0	2	3	0	2	328	543	2	2	1
7857	0	2	0	2	3	0	0	68	496	1	2	1
7858	12	0	1	1	0	0	3	370	294	2	2	0
7859	19	0	0	2	1	0	2	116	440	2	2	0
7860	5	1	0	1	3	0	2	370	543	1	2	0
7861	15	0	0	2	0	0	0	461	399	2	2	0
7862	18	0	0	2	1	0	3	117	316	2	2	0
7863	23	4	0	3	3	1	0	391	445	2	2	0
7864	23	2	0	2	3	0	3	96	112	2	2	0
7865	13	2	0	3	0	0	2	129	595	2	2	0
7866	0	6	1	3	1	0	0	532	651	2	2	0
7867	20	3	0	4	1	0	2	370	587	1	2	0
7868	19	4	0	2	1	0	2	328	241	2	2	0
7869	20	5	1	1	3	1	1	502	33	2	2	0
7870	5	3	0	1	3	1	1	125	666	1	2	0
7871	19	0	0	3	1	0	3	478	55	2	2	0
7872	14	2	0	3	0	0	2	370	34	1	2	0
7873	0	3	0	1	3	0	0	198	241	1	2	0
7874	16	0	0	1	0	0	2	365	543	1	2	0
7875	18	6	0	2	1	0	2	328	81	2	1	0
7876	13	3	0	2	0	1	0	43	627	1	2	0
7877	15	4	0	1	0	0	1	408	436	2	2	0
7878	19	3	0	2	1	0	0	113	590	2	2	0
7879	6	0	0	1	3	0	2	328	118	2	1	0
7880	1	0	0	1	1	0	3	197	340	2	2	0
7881	1	5	1	2	3	0	0	532	496	2	2	1
7882	1	2	0	3	3	0	2	175	51	2	1	1
7883	3	0	0	4	3	0	2	419	472	2	1	0
7884	16	6	0	3	0	0	2	463	11	2	2	0
7885	18	3	0	3	1	0	0	391	94	3	1	1
7886	4	1	0	1	3	0	3	324	211	1	0	0
7887	18	1	0	2	1	0	2	383	309	2	2	0
7888	6	4	0	2	0	0	3	412	130	1	2	0
7889	21	2	0	1	3	0	0	426	204	2	2	0
7890	20	1	0	1	3	0	3	502	298	2	2	0
7891	3	1	0	1	3	0	3	419	234	2	2	0
7892	2	6	0	3	3	0	2	293	90	2	1	1
7893	15	3	0	3	0	0	3	384	571	3	2	0
7894	22	4	0	4	3	0	2	125	241	2	2	0
7895	0	6	1	4	3	0	3	159	570	2	2	0
7896	1	1	0	1	3	0	0	370	181	2	2	0
7897	0	0	0	2	3	0	2	324	340	2	1	0
7898	4	6	0	2	0	0	3	82	55	2	2	0
7899	23	0	0	3	3	0	0	391	33	2	2	0
7900	19	0	0	4	1	0	2	45	224	2	2	0
7901	16	1	0	1	3	0	2	328	156	2	2	0
7902	14	1	0	3	0	0	2	81	309	2	2	0
7903	22	1	0	2	3	0	2	374	483	2	2	0
7904	13	1	0	3	0	0	2	296	81	2	2	0
7905	3	3	0	3	0	0	3	258	651	2	2	0
7906	0	4	0	3	3	0	2	289	543	2	2	0
7907	6	1	0	1	0	0	3	328	281	2	2	0
7908	22	3	0	1	3	0	0	272	55	2	2	0
7909	13	0	0	3	0	0	2	478	318	2	2	0
7910	18	4	0	1	3	0	2	76	15	1	2	0
7911	2	5	0	1	3	0	0	280	17	2	2	0
7912	1	4	0	3	1	0	2	461	571	2	2	0
7913	2	6	0	2	0	0	2	380	543	2	0	1
7914	22	0	0	3	3	0	2	328	401	2	2	0
7915	0	2	0	3	3	0	3	370	346	1	2	1
7916	3	6	1	1	3	1	1	502	533	2	2	0
7917	2	4	0	3	3	0	2	414	179	1	2	0
7918	14	1	0	3	0	0	3	200	678	2	2	0
7919	0	5	0	1	3	0	2	461	51	2	0	1
7920	12	0	0	2	0	0	1	146	171	2	2	0
7921	22	3	0	1	3	0	2	179	182	1	1	1
7922	18	1	0	4	3	0	2	478	110	2	0	0
7923	0	5	1	4	3	0	2	37	496	1	2	1
7924	18	2	0	1	1	0	0	419	530	2	2	0
7925	4	1	0	3	1	0	2	414	3	2	2	0
7926	0	0	0	2	3	1	1	502	174	1	2	0
7927	1	2	0	2	0	0	2	384	378	2	2	0
7928	18	1	0	2	3	1	1	370	3	2	2	0
7929	0	3	0	2	3	0	0	370	550	1	2	0
7930	0	0	0	2	3	1	0	370	81	2	1	1
7931	15	1	0	1	3	0	0	350	119	1	2	0
7932	1	1	0	1	3	0	2	15	340	3	1	0
7933	20	5	0	2	3	0	2	7	543	2	0	0
7934	12	2	0	1	0	0	0	37	214	2	2	0
7935	0	0	0	3	3	0	1	278	313	2	2	0
7936	1	4	0	2	3	0	2	213	553	2	1	1
7937	13	5	1	3	1	0	2	532	421	2	2	0
7938	6	2	0	2	2	1	1	218	241	2	2	0
7939	2	3	0	2	1	0	3	478	43	2	2	0
7940	15	4	0	4	0	0	2	81	512	2	2	0
7941	19	6	0	3	3	0	2	354	496	2	2	0
7942	19	2	0	1	1	1	0	478	272	1	2	1
7943	2	0	0	1	3	0	1	328	587	2	2	0
7944	20	5	0	2	0	0	0	478	378	1	2	0
7945	3	2	0	1	3	0	2	391	378	2	2	0
7946	22	5	1	3	3	0	3	218	490	2	2	0
7947	15	5	1	3	0	0	0	2	217	2	2	0
7948	1	1	0	2	3	0	2	296	432	1	1	0
7949	4	2	0	2	3	1	1	328	51	1	1	0
7950	18	3	0	1	3	0	2	370	543	2	2	0
7951	17	0	0	3	3	0	2	478	432	2	0	1
7952	13	6	1	2	0	0	0	551	110	2	2	0
7953	16	0	0	1	0	0	2	168	558	2	2	0
7954	13	0	0	1	0	1	1	187	32	3	2	0
7955	3	4	0	3	3	0	0	416	16	1	1	1
7956	16	2	0	1	0	0	3	502	124	2	2	0
7957	20	0	0	1	3	0	2	328	401	2	1	1
7958	20	0	0	2	3	0	1	125	357	2	2	0
7959	0	0	0	1	3	0	0	125	234	2	2	0
7960	0	6	1	1	3	0	3	499	324	2	2	0
7961	21	6	1	2	3	0	3	45	55	2	2	0
7962	0	4	0	4	3	0	0	383	49	2	2	1
7963	19	1	0	2	1	0	3	43	42	2	2	0
7964	2	3	0	4	3	0	2	127	34	2	1	1
7965	4	0	0	1	3	1	0	370	260	2	1	0
7966	2	0	0	1	3	0	2	218	543	2	2	0
7967	0	5	1	2	3	0	2	2	426	1	2	0
7968	16	0	0	3	3	0	3	218	324	1	0	0
7969	3	3	0	2	3	0	3	463	130	1	2	1
7970	21	5	1	1	3	0	1	125	94	2	2	0
7971	0	0	0	2	3	0	2	391	553	2	2	1
7972	1	4	0	1	3	0	2	328	49	2	1	1
7973	2	1	0	1	3	0	2	478	15	2	1	1
7974	1	6	1	3	3	0	2	367	241	1	2	0
7975	18	2	0	1	1	0	2	328	393	2	2	0
7976	5	3	0	3	3	0	2	148	246	1	1	0
7977	22	3	0	4	3	0	2	330	55	2	2	0
7978	13	1	0	2	0	0	3	463	484	2	2	0
7979	2	3	0	2	3	0	3	478	16	1	2	0
7980	0	5	0	3	3	0	2	149	496	2	1	1
7981	1	0	0	2	3	0	2	419	598	2	0	0
7982	17	4	0	3	3	0	2	236	543	2	2	1
7983	2	1	0	1	3	0	2	25	333	1	2	1
7984	0	3	0	4	3	0	3	16	406	2	2	0
7985	13	4	0	1	0	0	1	218	298	2	2	0
7986	17	0	0	2	0	0	0	551	229	1	2	0
7987	5	1	0	4	3	1	0	478	57	2	2	0
7988	6	0	0	1	0	0	3	462	79	2	2	0
7989	1	0	0	3	3	0	2	153	543	1	2	0
7990	3	3	0	2	3	0	1	490	294	2	2	0
7991	19	0	0	4	1	0	2	478	241	1	2	0
7992	16	2	1	2	0	0	2	73	543	2	1	0
7993	0	5	0	1	3	0	1	478	571	2	2	0
7994	1	3	0	3	1	0	1	478	42	2	2	0
7995	1	1	0	3	3	0	2	357	42	2	2	0
7996	18	0	0	1	1	0	1	64	119	1	2	0
7997	21	1	0	3	3	0	2	391	571	2	2	0
7998	17	1	0	2	1	0	3	218	571	2	2	0
7999	16	6	0	1	0	0	2	246	81	1	2	0
8000	16	3	0	1	0	0	2	502	294	2	2	0
8001	7	0	0	1	1	0	2	324	644	2	2	0
8002	15	3	0	1	0	0	2	438	15	2	2	1
8003	23	1	0	3	3	0	2	324	543	1	2	1
8004	3	0	0	1	3	0	2	328	604	2	2	0
8005	23	0	0	4	3	0	1	218	198	2	2	0
8006	0	0	0	1	3	0	2	508	270	2	2	0
8007	14	2	0	1	0	0	0	416	20	2	2	0
8008	1	2	0	1	3	0	0	478	398	3	2	0
8009	2	0	0	4	1	1	0	125	543	1	2	0
8010	16	2	0	3	3	0	2	218	214	3	2	0
8011	1	2	0	3	3	0	3	196	89	2	2	0
8012	0	6	1	2	3	0	2	532	43	2	2	0
8013	1	1	0	2	3	0	2	502	46	1	2	0
8014	18	0	0	2	1	0	3	414	222	2	2	0
8015	9	2	0	1	2	0	2	530	309	2	2	0
8016	15	1	0	1	0	0	2	478	479	2	2	0
8017	1	4	0	1	3	0	2	370	223	1	2	0
8018	16	3	0	1	3	0	2	324	119	2	0	0
8019	7	0	0	1	2	1	1	391	33	2	2	0
8020	19	0	0	2	3	1	1	328	51	1	1	0
8021	2	1	0	3	1	0	3	302	571	2	2	0
8022	4	3	0	2	0	0	2	75	50	2	2	0
8023	22	5	0	4	3	0	0	502	241	2	2	0
8024	20	2	0	3	1	0	2	502	334	2	2	0
8025	14	3	0	2	0	0	0	419	571	2	2	0
8026	0	0	0	2	3	0	0	486	16	2	1	1
8027	16	3	0	3	1	0	2	370	55	1	2	0
8028	22	0	0	2	3	0	2	68	241	2	2	0
8029	0	1	0	4	3	0	2	450	543	1	1	0
8030	6	1	0	2	1	0	0	551	238	2	2	0
8031	3	2	0	1	1	0	0	229	50	2	2	0
8032	1	1	0	1	0	0	2	478	167	4	2	0
8033	17	0	0	1	3	0	2	346	432	2	1	1
8034	0	0	0	2	3	0	2	159	15	1	2	1
8035	18	0	0	1	1	1	1	125	304	2	2	0
8036	21	1	0	2	1	0	1	502	130	1	2	1
8037	20	2	0	1	1	0	3	293	483	2	2	0
8038	2	1	0	4	3	0	2	414	17	2	2	0
8039	23	2	0	4	3	0	2	164	194	1	2	0
8040	4	5	1	1	3	0	3	328	33	2	2	0
8041	15	5	1	3	0	0	3	125	42	2	2	0
8042	0	0	0	3	3	0	2	280	123	1	2	0
8043	5	0	0	2	3	0	0	269	543	2	2	0
8044	14	5	0	4	0	0	2	425	548	1	0	1
8045	19	5	1	2	1	0	2	495	317	2	2	0
8046	17	6	0	3	0	0	2	159	81	2	2	1
8047	3	0	0	4	1	0	0	370	222	3	2	0
8048	15	6	1	1	3	0	2	370	241	2	1	1
8049	1	6	1	2	3	0	2	502	15	2	1	0
8050	0	2	0	4	3	0	2	81	169	1	2	0
8051	0	0	0	3	3	1	1	419	147	2	2	0
8052	21	3	0	2	1	0	2	218	55	2	2	0
8053	13	0	0	2	0	0	1	450	306	2	2	0
8054	16	2	0	3	0	0	3	266	309	3	2	0
8055	2	6	0	1	3	0	2	317	543	2	2	1
8056	5	2	0	3	3	0	3	478	432	2	2	1
8057	17	5	1	1	1	0	3	429	90	1	2	0
8058	0	2	0	2	0	0	1	328	69	2	2	0
8059	19	4	0	2	1	0	0	511	543	1	2	1
8060	1	2	0	2	3	1	0	196	543	2	0	0
8061	0	2	0	1	3	0	2	218	625	2	0	1
8062	21	6	0	3	3	0	1	218	421	2	2	0
8063	18	1	0	1	1	0	1	502	241	1	2	0
8064	0	3	0	2	3	0	2	370	483	2	2	0
8065	3	0	0	2	0	0	2	127	543	3	1	1
8066	16	3	0	2	0	0	2	125	377	2	2	0
8067	21	4	0	1	3	0	2	328	241	2	2	0
8068	18	3	0	2	1	0	0	502	169	2	2	0
8069	14	0	0	3	3	1	1	232	378	2	2	0
8070	0	0	0	2	0	0	2	108	571	3	2	0
8071	2	1	0	3	1	0	1	218	33	2	2	0
8072	17	6	0	3	3	0	2	370	543	2	2	0
8073	1	6	0	1	0	0	2	478	154	2	2	0
8074	14	0	0	4	0	0	2	48	43	2	2	0
8075	2	6	0	4	0	0	2	328	241	1	2	0
8076	14	2	0	2	0	0	0	374	42	2	2	0
8077	1	0	0	3	3	0	2	478	587	2	0	0
8078	23	2	0	1	3	1	1	370	426	2	2	0
8079	19	0	0	4	3	0	2	7	55	2	2	0
8080	19	2	0	2	1	0	2	478	186	2	2	0
8081	14	4	0	2	1	0	0	370	294	2	2	0
8082	12	5	0	2	0	0	2	416	692	2	2	0
8083	1	3	0	3	3	0	2	436	543	2	1	1
8084	18	4	0	1	1	0	3	37	530	2	2	0
8085	23	3	0	2	3	0	2	218	543	2	0	0
8086	0	4	0	3	3	0	1	339	591	2	1	1
8087	16	0	0	1	3	0	3	551	440	2	2	0
8088	17	6	0	2	3	0	2	551	543	2	1	1
8089	23	6	1	1	3	0	3	416	252	2	2	0
8090	16	1	0	2	0	0	3	239	378	2	2	0
8091	19	1	0	2	1	0	0	403	241	1	2	0
8092	0	0	0	1	3	1	0	502	186	2	2	0
8093	5	1	0	1	3	0	2	37	14	2	2	0
8094	0	5	0	1	3	0	3	218	179	2	0	1
8095	13	2	0	2	0	0	0	272	41	2	2	0
8096	15	5	1	2	3	0	2	480	543	2	1	1
8097	0	6	0	2	3	0	2	328	130	1	2	1
8098	23	3	0	1	3	0	2	267	553	2	1	0
8099	13	2	0	4	3	0	2	226	15	2	0	1
8100	22	0	0	2	3	0	1	502	344	2	2	0
8101	22	0	0	2	3	0	0	518	90	1	2	1
8102	2	5	0	2	3	0	1	296	309	2	2	0
8103	2	0	0	2	3	0	3	463	543	1	2	0
8104	0	5	1	2	3	0	0	478	378	2	2	0
8105	17	1	0	4	1	0	2	370	445	2	2	0
8106	5	1	0	1	3	0	3	352	571	2	2	0
8107	1	2	0	1	3	1	0	72	440	2	2	0
8108	15	3	0	2	0	0	2	218	241	2	2	1
8109	19	3	0	4	1	0	2	502	309	2	2	0
8110	15	6	0	3	0	0	2	177	187	2	2	0
8111	12	6	1	2	0	0	2	370	590	1	2	0
8112	23	0	0	2	3	0	2	521	222	2	2	0
8113	19	5	1	3	1	0	2	328	241	2	2	0
8114	10	2	0	3	1	0	0	271	3	2	2	0
8115	7	3	0	3	2	0	0	502	46	2	2	1
8116	5	2	0	3	1	0	3	419	236	2	2	0
8117	21	2	0	4	3	0	2	391	571	2	2	0
8118	1	6	1	4	3	1	1	383	273	2	2	0
8119	1	6	0	3	3	0	2	414	543	2	1	1
8120	3	6	0	3	3	0	2	414	182	1	1	1
8121	17	4	0	1	1	0	3	374	543	2	0	1
8122	2	0	0	2	3	0	2	328	67	2	2	0
8123	14	4	0	3	0	0	2	239	487	2	2	0
8124	17	2	0	2	3	0	3	370	309	2	2	0
8125	1	1	0	2	1	0	0	470	567	2	2	0
8126	2	4	0	3	0	0	1	370	294	2	2	0
8127	2	0	0	1	3	0	2	328	429	2	2	0
8128	16	3	0	2	0	0	3	125	543	2	2	0
8129	3	0	0	1	3	0	0	81	43	2	2	0
8130	20	0	0	4	1	0	3	37	43	2	2	0
8131	16	1	0	1	1	0	2	324	239	4	2	0
8132	18	1	0	2	3	0	2	328	317	2	2	0
8133	16	6	1	2	0	0	3	289	318	2	2	0
8134	1	1	0	3	3	0	2	370	401	2	1	1
8135	4	2	0	2	0	0	1	61	322	1	2	0
8136	15	3	0	3	0	0	2	391	571	2	2	0
8137	14	2	0	2	3	0	2	328	214	2	2	0
8138	15	4	0	2	0	0	2	51	340	1	2	0
8139	20	3	0	2	1	1	1	125	304	2	2	0
8140	21	3	0	3	3	0	2	288	550	1	2	1
8141	1	3	0	2	3	0	3	370	543	2	2	0
8142	1	0	0	1	3	0	0	391	598	2	1	0
8143	5	6	0	3	3	1	1	414	625	1	1	0
8144	4	3	0	4	3	0	2	444	483	2	2	0
8145	16	1	0	2	1	0	3	193	90	2	2	0
8146	19	6	0	2	3	0	2	324	543	2	1	1
8147	23	5	0	2	3	0	2	107	587	2	2	0
8148	7	0	0	2	1	0	2	502	55	2	2	0
8149	14	2	0	4	0	0	3	43	146	2	2	0
8150	13	0	0	3	0	1	1	61	169	1	2	1
8151	17	5	1	1	0	0	2	244	543	2	2	0
8152	0	3	0	1	3	1	0	125	130	1	2	0
8153	15	4	0	3	0	0	3	90	550	2	2	0
8154	0	6	0	1	2	0	0	444	223	1	2	0
8155	0	5	0	1	3	0	3	218	51	2	1	0
8156	2	1	0	2	2	0	2	81	645	2	2	0
8157	17	1	0	3	1	0	0	372	241	1	2	0
8158	5	4	0	1	3	1	1	412	591	1	1	0
8159	3	0	0	2	3	0	2	125	346	1	2	0
8160	22	4	0	4	3	0	3	491	214	1	0	1
8161	16	6	0	1	3	0	2	328	379	2	1	0
8162	15	6	0	1	3	0	2	88	341	2	2	0
8163	0	5	0	4	3	1	1	280	241	1	2	0
8164	0	1	0	3	3	0	3	4	640	2	2	0
8165	15	0	0	3	0	0	2	418	579	3	2	0
8166	1	2	0	1	1	1	1	61	234	2	2	0
8167	21	2	0	3	0	0	1	327	392	2	2	0
8168	2	0	0	2	3	0	3	419	512	2	2	0
8169	1	4	0	1	3	0	2	13	223	1	2	0
8170	0	1	0	1	3	0	0	478	3	2	2	0
8171	1	1	0	2	0	1	1	324	497	2	2	0
8172	21	2	0	1	3	0	0	478	121	3	2	0
8173	22	6	0	3	3	0	2	328	214	3	1	1
8174	0	1	0	1	3	0	2	502	543	2	2	0
8175	20	3	0	2	1	0	3	419	309	2	2	0
8176	19	3	0	1	3	0	3	419	228	2	2	0
8177	2	3	0	1	3	1	0	232	543	3	1	1
8178	0	0	0	3	3	0	3	370	571	2	2	0
8179	18	0	0	1	3	1	1	324	212	1	2	0
8180	21	0	0	1	3	0	0	125	97	2	1	1
8181	1	6	0	1	3	0	2	159	241	2	1	1
8182	2	6	0	2	3	0	2	81	543	2	0	0
8183	1	5	0	1	3	0	2	210	543	1	2	0
8184	1	1	0	3	3	0	2	370	553	2	2	0
8185	23	5	0	2	3	0	2	463	322	1	2	1
8186	15	3	0	1	0	0	0	281	294	2	2	0
8187	4	1	0	1	1	0	2	502	627	3	2	0
8188	16	2	0	2	0	0	2	478	43	2	2	0
8189	11	0	0	1	0	0	3	357	309	2	2	0
8190	0	2	0	2	0	0	3	324	214	2	2	0
8191	11	1	0	1	0	0	0	271	487	2	2	0
8192	16	6	0	1	0	0	2	72	81	2	2	1
8193	18	0	0	1	3	0	2	6	241	2	2	1
8194	15	1	0	3	0	0	2	500	15	1	2	1
8195	13	6	1	1	0	0	2	370	43	2	2	0
8196	16	5	0	1	1	0	2	218	397	2	2	0
8197	0	0	0	1	3	0	2	370	543	1	2	0
8198	0	1	0	1	3	0	2	414	128	2	2	0
8199	19	2	0	1	3	0	2	414	57	2	2	0
8200	4	5	0	2	3	0	2	502	33	2	2	0
8201	14	6	1	3	3	0	2	370	241	1	1	1
8202	1	0	0	4	3	0	0	370	348	2	1	1
8203	14	0	0	2	0	0	1	511	1	2	2	0
8204	2	2	0	1	3	0	3	159	285	2	2	0
8205	3	4	0	4	3	0	0	125	164	2	2	0
8206	0	1	0	2	3	0	3	218	241	2	2	0
8207	2	1	0	2	3	0	2	315	401	2	1	1
8208	0	4	0	2	3	0	2	532	269	2	2	0
8209	19	3	0	3	1	0	2	419	111	2	2	0
8210	4	3	0	3	1	0	0	391	678	2	2	0
8211	2	3	0	4	3	0	0	330	3	2	2	0
8212	19	6	0	3	3	0	3	328	49	2	0	1
8213	0	4	0	4	1	0	3	463	543	2	0	1
8214	0	3	0	2	3	0	0	370	241	1	2	0
8215	17	5	1	1	1	1	1	429	43	2	2	0
8216	0	0	0	3	0	1	1	332	214	1	2	0
8217	18	2	0	4	1	0	2	416	186	2	2	0
8218	2	3	0	3	3	0	0	179	543	1	2	0
8219	14	6	1	3	0	0	0	463	328	2	2	0
8220	13	2	0	3	0	1	0	414	483	2	2	0
8221	0	2	0	2	3	0	3	310	543	2	2	0
8222	22	6	1	3	3	0	0	502	420	2	2	0
8223	16	4	0	2	0	0	0	370	51	1	1	1
8224	13	2	0	2	0	0	3	30	294	2	2	0
8225	0	4	0	1	3	1	1	277	130	2	2	0
8226	18	0	0	1	1	1	1	370	222	2	2	0
8227	17	6	0	3	1	0	3	76	169	2	1	1
8228	4	5	0	2	3	0	0	382	318	1	2	0
8229	6	2	0	1	3	0	1	408	28	1	2	0
8230	15	1	0	2	1	0	2	486	487	2	2	0
8231	14	1	0	4	0	0	3	370	41	2	2	0
8232	13	4	0	2	3	0	2	111	543	2	2	0
8233	10	0	0	3	3	0	2	243	543	2	1	0
8234	0	2	0	1	3	0	2	296	46	2	2	0
8235	23	2	1	3	3	0	3	296	378	2	2	0
8236	1	6	0	1	3	0	3	218	543	3	1	0
8237	23	3	0	1	3	0	3	478	262	2	2	0
8238	23	4	0	1	3	0	2	358	432	1	1	1
8239	16	6	1	1	0	1	0	478	222	3	2	0
8240	1	0	0	1	3	0	0	502	543	1	2	0
8241	3	5	1	3	3	0	0	391	543	1	2	0
8242	18	0	0	2	1	1	0	332	55	3	2	0
8243	18	5	0	1	1	0	2	381	616	3	2	0
8244	1	2	0	4	3	1	1	218	472	2	2	0
8245	0	0	0	4	0	0	2	48	487	2	2	0
8246	0	2	1	3	3	0	2	502	41	2	2	0
8247	21	3	0	3	3	0	3	478	256	2	2	0
8248	0	1	0	1	3	0	3	293	543	1	2	1
8249	19	2	0	4	1	0	3	370	19	3	2	0
8250	18	0	0	3	1	0	3	345	51	2	1	0
8251	21	3	0	2	3	0	0	414	198	2	2	0
8252	1	1	0	4	3	0	3	43	241	2	0	0
8253	4	0	0	3	3	1	1	502	163	3	1	1
8254	3	5	0	1	3	0	2	324	16	2	1	1
8255	2	0	0	1	1	0	2	202	15	2	1	1
8256	16	3	0	2	0	0	2	551	49	1	2	1
8257	1	1	0	3	3	0	0	218	179	1	2	0
8258	18	1	0	4	3	0	1	550	241	1	1	1
8259	18	5	0	1	1	0	2	324	543	1	0	1
8260	18	2	0	1	1	0	2	323	487	2	2	0
8261	17	6	0	3	1	0	2	275	257	2	2	0
8262	23	5	0	3	3	0	2	561	241	2	1	0
8263	0	2	0	1	0	0	1	60	294	2	2	0
8264	22	5	0	3	3	0	2	463	243	2	2	0
8265	13	4	0	3	0	0	3	202	366	2	2	0
8266	1	2	0	4	0	0	1	357	234	2	2	0
8267	0	2	0	3	3	0	1	328	571	2	2	0
8268	17	1	0	3	1	0	2	391	687	2	2	0
8269	19	2	0	1	3	0	0	134	318	2	2	0
8270	20	6	0	4	3	0	3	419	42	2	2	0
8271	0	0	0	1	3	0	3	448	340	2	0	1
8272	19	4	0	2	1	1	0	502	43	2	2	0
8273	0	6	1	3	0	0	2	282	241	2	2	0
8274	0	0	0	3	3	0	0	454	16	2	2	0
8275	17	3	0	1	1	0	2	73	110	1	2	0
8276	3	5	0	2	3	0	2	419	16	3	1	1
8277	2	5	0	2	3	0	3	324	119	2	1	1
8278	22	4	0	2	3	0	0	391	43	2	2	0
8279	13	0	0	1	0	0	1	416	81	1	2	0
8280	21	0	0	4	3	0	0	370	284	1	2	0
8281	1	0	0	1	3	0	2	448	680	2	2	0
8282	7	6	1	1	1	0	3	37	101	2	2	0
8283	21	0	0	3	3	0	2	551	543	1	2	1
8284	18	0	0	1	1	0	1	370	223	1	2	0
8285	14	0	0	1	0	0	2	370	304	3	2	0
8286	23	5	1	3	3	0	1	502	401	2	1	1
8287	17	0	0	2	3	0	2	324	432	1	1	1
8288	18	2	0	4	1	0	0	185	550	1	2	0
8289	12	1	0	1	0	0	3	478	378	2	2	0
8290	2	0	0	3	3	0	2	127	543	2	0	0
8291	3	0	0	1	3	0	1	54	496	2	2	0
8292	0	1	0	2	3	0	3	454	115	1	0	1
8293	14	1	0	2	0	0	3	478	309	2	2	0
8294	3	3	0	3	3	0	2	502	223	1	2	0
8295	0	4	0	1	3	0	0	314	496	1	2	0
8296	17	1	0	1	1	0	2	370	309	2	2	0
8297	2	4	0	1	1	0	2	43	681	2	2	0
8298	22	3	0	2	3	0	0	328	222	2	2	0
8299	22	0	0	2	0	0	2	280	223	1	2	0
8300	1	4	0	1	3	0	3	45	366	3	2	0
8301	20	3	0	3	1	0	1	159	273	2	2	0
8302	0	1	0	2	0	0	2	370	395	2	2	0
8303	3	1	0	1	0	0	2	280	570	2	2	0
8304	19	1	0	3	3	0	1	502	44	2	2	0
8305	21	2	0	3	3	0	2	446	632	2	2	0
8306	2	6	1	2	3	0	1	414	32	2	2	0
8307	19	0	0	3	3	0	2	200	241	1	0	0
8308	0	5	0	1	3	0	2	478	432	1	0	0
8309	0	3	0	2	3	0	0	187	43	2	2	0
8310	0	1	0	3	3	0	2	478	378	2	2	0
8311	14	0	0	4	0	0	2	419	186	2	2	0
8312	20	1	0	2	3	0	2	324	543	1	2	0
8313	23	0	0	1	3	0	2	374	241	1	2	0
8314	2	1	0	2	3	0	1	532	241	1	2	0
8315	1	3	0	1	3	0	0	372	3	2	2	0
8316	4	1	0	2	0	0	2	198	42	2	2	0
8317	22	2	0	1	3	0	3	328	543	2	1	0
8318	19	1	0	4	1	0	3	324	543	2	1	1
8319	1	6	0	4	3	1	1	478	33	2	0	0
8320	15	3	0	2	0	0	3	478	543	2	2	1
8321	16	0	0	3	0	0	2	370	543	3	1	1
8322	16	5	0	4	3	0	2	502	284	2	2	0
8323	22	3	0	3	1	0	2	332	241	1	2	0
8324	15	5	1	1	0	0	2	108	284	2	2	0
8325	1	4	0	3	0	0	0	478	543	2	0	0
8326	15	2	0	2	0	0	2	194	248	2	2	0
8327	0	2	0	4	3	0	0	384	432	2	1	0
8328	15	6	1	1	0	1	1	116	543	2	1	1
8329	17	1	0	3	0	0	3	370	543	2	2	0
8330	19	3	0	2	1	0	2	330	389	2	2	0
8331	15	4	0	1	0	0	2	431	43	2	2	0
8332	1	2	0	2	1	0	2	218	512	2	2	0
8333	16	0	0	4	0	0	0	218	119	1	2	0
8334	3	1	0	3	3	0	3	370	222	2	2	0
8335	3	2	0	3	3	0	2	444	642	2	2	0
8336	0	0	0	1	3	1	0	429	94	2	2	1
8337	0	1	0	1	1	1	0	125	550	1	2	0
8338	16	6	0	3	3	0	2	328	275	2	2	0
8339	18	0	0	4	3	0	3	502	480	2	2	0
8340	13	4	0	1	0	0	0	370	284	3	2	0
8341	14	3	0	4	0	0	0	52	43	2	2	0
8342	0	4	0	2	3	0	3	419	43	2	2	0
8343	18	3	0	3	1	0	3	478	571	2	2	0
8344	19	0	0	1	1	0	3	370	543	2	2	0
8345	6	0	0	1	2	0	2	335	147	2	2	0
8346	1	1	0	3	1	0	2	425	543	2	2	0
8347	2	2	0	2	3	0	2	218	15	3	1	1
8348	20	0	0	4	3	0	2	449	340	2	2	0
8349	4	4	0	3	3	0	0	346	547	2	2	0
8350	1	5	0	3	3	0	2	350	571	2	2	0
8351	3	3	0	1	3	0	3	502	694	2	2	0
8352	14	6	1	2	0	1	1	370	147	2	2	0
8353	3	2	0	4	3	0	2	93	262	2	2	0
8354	0	0	0	3	3	0	1	125	364	2	0	0
8355	5	4	1	1	3	0	0	414	377	2	2	1
8356	0	4	0	4	3	0	0	419	496	2	2	0
8357	1	0	0	3	3	1	1	414	377	2	2	0
8358	3	0	0	1	0	0	3	370	3	2	2	0
8359	14	4	0	3	3	0	2	502	214	2	2	0
8360	23	1	0	4	3	1	1	218	309	2	2	0
8361	18	0	0	2	1	0	3	502	373	2	2	0
8362	1	1	0	1	1	0	0	429	659	2	2	0
8363	4	2	0	4	1	0	0	190	496	2	2	1
8364	10	0	0	2	1	0	3	330	434	2	2	0
8365	19	1	0	3	3	0	2	502	571	1	2	0
8366	1	0	0	4	3	0	2	414	694	2	2	0
8367	1	2	0	3	3	0	0	499	324	2	2	0
8368	13	6	0	1	0	0	0	218	16	1	2	0
8369	16	4	0	1	3	0	2	521	543	3	2	0
8370	23	1	0	2	3	0	2	419	366	2	2	0
8371	2	5	1	3	0	0	2	426	89	2	2	0
8372	1	0	1	4	3	1	0	125	241	2	2	0
8373	19	1	0	3	1	0	0	478	304	1	2	0
8374	20	0	0	3	3	0	3	244	84	2	2	0
8375	13	0	0	2	3	0	2	7	543	2	2	1
8376	0	3	0	1	3	0	0	328	426	1	2	0
8377	19	5	0	1	3	0	3	203	678	2	2	0
8378	15	4	0	2	0	0	3	478	530	2	2	0
8379	14	3	0	3	3	0	2	218	154	2	2	1
8380	0	1	0	2	3	0	2	370	543	1	2	0
8381	6	1	0	2	3	0	3	532	543	1	2	0
8382	15	0	0	4	0	0	2	370	294	2	2	0
8383	20	3	0	3	3	0	0	414	543	2	0	1
8384	23	4	0	1	3	0	0	328	631	2	2	0
8385	1	0	0	4	3	0	2	370	593	2	2	0
8386	1	3	0	3	3	0	2	524	587	3	2	1
8387	19	5	1	1	1	0	3	296	543	2	0	0
8388	15	3	0	2	1	0	2	328	130	2	2	1
8389	22	4	0	3	3	1	1	502	661	2	2	0
8390	23	2	0	1	3	0	3	324	309	2	2	0
8391	3	0	0	2	3	0	0	502	303	2	2	0
8392	17	0	0	2	1	0	3	82	3	2	2	0
8393	0	4	0	1	3	0	2	502	294	2	2	0
8394	3	0	0	4	3	0	1	125	543	2	2	0
8395	0	1	0	2	3	0	2	478	530	2	2	0
8396	11	0	0	1	0	0	2	511	241	3	2	0
8397	19	3	0	4	1	0	0	330	196	1	2	0
8398	20	0	0	1	1	0	3	365	241	2	2	0
8399	20	5	0	2	1	0	3	328	652	2	2	0
8400	6	6	0	1	3	0	2	422	496	1	2	0
8401	23	6	0	2	3	0	0	478	543	2	1	1
8402	1	4	0	3	3	0	2	551	606	2	2	1
8403	20	1	0	1	3	0	3	324	504	2	2	0
8404	3	2	0	4	3	1	1	480	543	1	2	1
8405	14	2	0	3	0	0	3	478	309	2	2	0
8406	6	3	0	1	0	0	2	419	298	2	2	0
8407	1	6	1	1	0	0	3	175	241	1	2	0
8408	5	2	0	2	3	0	0	419	340	1	2	1
8409	1	0	0	3	3	0	2	365	309	2	2	0
8410	13	6	0	1	0	0	2	34	543	2	2	0
8411	1	0	0	3	0	0	0	125	214	3	2	0
8412	3	1	0	3	3	0	2	391	229	2	2	0
8413	21	4	0	1	3	0	2	224	576	2	2	0
8414	19	3	0	3	1	1	1	370	85	2	2	0
8415	0	2	0	1	0	0	0	502	309	2	2	0
8416	0	2	0	1	0	0	2	202	106	2	2	0
8417	22	6	0	2	3	0	2	414	46	1	2	0
8418	2	2	0	1	3	0	0	463	163	2	1	1
8419	11	3	0	1	1	0	2	324	309	2	2	0
8420	18	5	1	1	1	0	1	227	543	1	2	1
8421	19	2	0	1	1	0	1	478	543	1	2	0
8422	19	1	0	3	1	0	2	370	537	2	2	0
8423	17	0	0	3	1	0	2	92	284	3	2	0
8424	23	5	1	2	3	1	1	16	543	1	1	0
8425	13	3	0	2	0	0	2	159	43	2	2	0
8426	23	0	0	2	3	0	2	328	342	2	1	1
8427	20	5	0	2	1	0	2	37	543	1	2	1
8428	1	6	0	3	3	0	2	370	543	2	1	0
8429	0	1	0	2	3	0	3	370	273	1	2	0
8430	2	5	0	3	3	0	2	530	543	2	1	1
8431	21	5	0	1	3	0	0	328	378	2	2	0
8432	0	4	0	3	1	0	3	218	401	1	2	0
8433	18	2	0	3	1	0	2	267	550	1	2	0
8434	3	3	1	1	3	0	3	37	63	2	2	0
8435	18	3	0	2	1	0	2	324	1	3	2	0
8436	0	0	0	4	3	1	1	174	273	1	2	0
8437	23	6	0	2	3	0	1	328	432	1	1	0
8438	0	0	0	3	0	0	1	226	46	1	2	0
8439	3	0	0	2	3	1	0	370	234	2	2	0
8440	1	4	0	2	3	0	0	339	55	2	2	0
8441	15	1	0	2	0	0	1	429	121	2	2	0
8442	2	2	0	4	3	0	3	370	142	2	2	0
8443	2	0	0	3	3	0	2	55	543	2	1	0
8444	1	2	0	2	3	0	2	542	55	2	2	0
8445	17	2	0	2	3	0	2	370	550	1	2	1
8446	20	4	0	1	0	0	2	289	340	2	1	1
8447	1	5	0	3	3	0	2	310	543	2	0	1
8448	3	6	1	3	1	0	1	218	149	2	2	0
8449	2	5	1	3	3	0	2	76	294	2	2	0
8450	1	6	1	2	3	0	2	216	606	2	0	0
8451	15	1	0	3	0	0	2	478	543	1	2	0
8452	1	2	0	2	3	0	2	367	543	2	2	0
8453	0	3	0	2	3	0	0	414	495	2	2	0
8454	0	5	0	1	1	0	2	324	71	2	2	0
8455	2	1	0	2	3	1	0	521	543	2	2	0
8456	20	1	0	1	3	0	0	324	195	2	2	0
8457	18	0	0	4	1	0	2	419	489	2	2	0
8458	1	0	0	4	3	0	2	370	584	2	2	0
8459	0	0	1	1	3	1	0	56	550	1	2	0
8460	21	6	1	1	3	0	3	370	194	1	2	0
8461	23	0	0	3	3	0	2	505	553	2	0	0
8462	16	6	0	1	3	0	2	328	130	2	0	1
8463	16	3	0	4	0	0	0	461	81	2	2	1
8464	3	1	0	1	3	0	2	328	432	2	1	0
8465	1	6	1	3	3	0	2	383	15	2	2	0
8466	17	5	1	1	1	0	3	478	571	2	2	0
8467	19	3	0	1	1	0	2	324	115	1	2	1
8468	17	6	0	2	3	0	2	296	402	2	1	0
8469	4	2	0	4	3	0	2	334	555	2	2	0
8470	16	3	0	1	1	0	0	416	130	1	2	1
8471	21	6	0	3	3	0	2	414	322	2	1	0
8472	6	6	1	2	2	0	0	370	57	1	2	0
8473	19	5	0	3	3	0	2	218	543	2	0	0
8474	0	4	0	3	3	0	0	159	543	2	0	1
8475	17	0	0	3	1	0	3	478	389	2	2	0
8476	18	4	0	2	1	0	1	324	571	2	2	0
8477	0	1	0	2	3	0	2	436	426	2	2	0
8478	3	2	0	4	1	0	0	278	223	1	2	0
8479	6	6	0	3	3	0	0	125	130	1	2	0
8480	2	3	0	1	3	0	2	370	426	1	2	0
8481	1	0	0	3	3	0	3	114	123	1	2	0
8482	23	6	1	2	3	0	2	69	241	1	2	0
8483	2	6	0	3	3	0	2	370	317	2	2	0
8484	0	0	0	2	3	0	0	125	439	2	2	0
8485	5	0	0	1	3	0	2	391	143	2	2	0
8486	20	4	0	3	3	0	3	125	657	2	2	0
8487	20	0	0	2	3	0	2	370	611	2	0	1
8488	1	2	0	2	3	0	2	502	378	2	2	0
8489	5	0	0	1	1	0	0	125	571	3	2	0
8490	14	6	1	4	0	0	2	502	546	2	2	0
8491	14	6	0	3	3	0	2	373	496	2	1	1
8492	1	3	0	2	1	0	2	218	543	1	2	1
8493	3	0	0	3	3	0	2	419	543	2	0	0
8494	22	2	0	3	3	0	2	302	629	2	2	0
8495	17	3	0	3	3	0	3	478	543	2	0	0
8496	0	4	0	4	1	0	3	370	284	2	2	0
8497	19	2	0	3	1	0	2	414	221	3	2	0
8498	16	0	0	1	0	0	2	478	255	3	2	0
8499	4	6	1	1	3	0	2	419	294	3	2	0
8500	13	5	0	4	0	0	0	478	543	1	2	1
8501	2	1	0	3	3	0	1	342	229	2	2	0
8502	23	3	0	1	3	0	3	125	543	2	0	0
8503	1	3	0	1	1	0	0	444	284	2	2	0
8504	18	0	0	1	1	1	1	125	666	2	2	0
8505	1	3	0	1	3	0	0	450	543	1	2	0
8506	15	1	0	2	3	0	2	370	543	2	2	0
8507	1	6	0	1	3	0	0	114	130	1	2	0
8508	3	2	1	1	3	1	0	414	239	2	2	0
8509	15	3	0	3	0	0	1	81	262	2	2	0
8510	1	3	0	1	0	0	1	103	222	4	2	0
8511	19	3	0	4	1	0	0	240	170	2	2	0
8512	0	0	0	2	3	0	3	125	123	2	1	0
8513	16	6	0	3	3	0	2	478	15	2	1	1
8514	1	3	0	1	3	0	2	377	543	1	2	0
8515	0	2	0	1	0	1	1	370	387	2	2	0
8516	20	2	0	2	1	0	2	502	55	2	2	0
8517	21	1	0	2	3	0	2	448	496	2	2	0
8518	18	6	0	1	1	0	3	45	543	1	2	1
8519	2	3	0	1	3	0	2	391	51	2	1	0
8520	23	0	0	2	3	0	2	353	550	2	0	0
8521	0	4	0	1	3	0	3	412	55	2	2	0
8522	4	6	1	2	3	0	3	377	496	1	2	0
8523	6	5	1	1	3	1	0	502	543	2	0	1
8524	1	2	0	2	3	1	2	502	124	2	2	0
8525	16	1	0	1	1	0	1	535	273	2	2	0
8526	4	6	0	3	3	0	2	391	432	1	1	0
8527	3	0	0	2	3	1	1	374	1	2	2	0
8528	14	0	0	1	0	0	0	267	55	2	2	0
8529	22	4	0	1	3	0	2	218	693	4	2	0
8530	19	5	1	2	3	0	0	354	318	3	2	0
8531	13	0	0	3	0	0	0	478	437	2	2	0
8532	0	6	0	4	3	0	3	334	543	2	1	1
8533	1	1	0	1	1	0	2	54	496	1	0	0
8534	4	5	0	2	0	0	1	324	570	2	2	0
8535	13	0	0	1	1	0	2	48	543	1	2	0
8536	1	6	1	4	3	0	0	328	571	1	2	0
8537	14	2	0	3	0	0	3	246	304	3	2	0
8538	18	0	0	1	1	0	0	532	169	1	2	0
8539	1	0	0	1	3	1	0	18	20	2	2	0
8540	3	5	0	4	3	0	2	37	57	2	0	1
8541	22	1	0	2	3	0	2	498	543	2	2	0
8542	2	0	0	3	0	1	0	196	482	2	2	0
8543	2	0	0	2	3	0	2	502	318	2	2	0
8544	20	2	0	3	1	0	0	414	51	1	1	1
8545	21	4	0	3	3	0	3	478	309	2	2	0
8546	18	1	0	2	3	0	2	328	543	3	1	1
8547	21	5	0	1	3	0	2	391	272	2	2	1
8548	17	3	0	1	3	0	3	425	55	1	2	0
8549	1	4	0	1	3	0	2	502	401	1	1	0
8550	20	5	1	2	1	1	0	328	432	1	1	0
8551	2	4	0	1	1	0	0	478	543	2	1	1
8552	12	5	1	2	0	0	0	551	463	2	2	0
8553	17	0	0	1	3	1	3	328	222	3	2	0
8554	1	1	0	2	3	0	2	527	543	1	2	1
8555	22	6	1	1	3	0	3	246	379	2	2	1
8556	17	4	0	3	1	1	1	414	318	2	1	0
8557	8	0	0	1	2	0	1	125	526	2	2	0
8558	17	0	0	1	1	0	2	236	3	2	2	0
8559	19	2	0	1	1	0	3	293	309	2	2	0
8560	22	2	0	4	3	0	3	218	532	2	2	0
8561	16	2	0	1	0	0	0	324	401	1	1	0
8562	4	0	0	1	3	0	3	51	51	2	1	1
8563	2	1	0	1	0	0	2	502	409	2	2	0
8564	19	4	0	1	3	0	3	54	51	2	1	0
8565	0	4	0	3	3	0	2	370	308	2	2	0
8566	16	3	0	1	3	0	2	328	283	2	2	0
8567	17	2	0	3	1	1	0	218	599	1	2	1
8568	23	4	0	2	3	0	2	179	241	1	2	0
8569	18	4	0	3	3	0	3	218	550	2	0	1
8570	1	0	0	2	1	0	3	370	377	2	2	0
8571	0	1	0	1	1	0	2	61	294	2	2	0
8572	23	3	0	2	3	0	3	436	487	2	2	0
8573	1	6	0	3	3	0	2	324	312	2	1	0
8574	3	0	0	2	3	0	2	108	241	2	2	1
8575	17	1	0	3	1	0	2	309	15	2	2	0
8576	19	1	0	1	1	0	3	81	498	2	2	0
8577	18	4	0	4	3	0	3	506	241	2	2	0
8578	16	0	0	3	3	1	1	370	432	3	1	0
8579	17	0	0	3	3	0	2	289	174	2	2	1
8580	12	4	0	1	0	0	2	142	108	2	2	0
8581	0	0	0	4	3	0	2	391	294	2	2	0
8582	18	5	0	2	1	0	2	8	223	1	2	0
8583	18	0	0	3	1	0	3	232	285	2	2	0
8584	5	2	0	2	0	0	3	478	318	2	2	0
8585	1	2	0	1	0	0	2	324	42	2	2	0
8586	1	3	0	1	3	0	3	208	543	1	2	1
8587	15	6	0	2	0	0	2	303	81	2	2	1
8588	0	4	0	3	3	0	3	478	530	2	2	0
8589	12	5	1	2	0	0	3	61	214	2	2	0
8590	15	1	0	4	1	0	2	1	520	1	1	1
8591	1	1	0	2	1	0	2	218	157	2	2	0
8592	20	1	0	3	1	0	2	527	284	3	2	0
8593	1	1	0	4	3	0	2	53	273	3	2	0
8594	16	0	0	3	3	0	3	463	530	2	2	0
8595	19	0	0	1	1	0	0	414	473	2	2	0
8596	2	1	0	1	3	0	3	478	16	2	2	0
8597	20	5	0	1	3	1	2	414	401	1	1	0
8598	18	6	0	2	3	0	2	246	543	2	2	0
8599	16	0	0	2	0	1	0	370	543	1	2	0
8600	5	0	0	4	3	0	3	419	543	2	2	0
8601	0	3	0	3	3	0	0	296	543	1	0	0
8602	17	5	1	2	1	0	3	37	304	2	2	0
8603	16	1	0	2	3	0	2	462	432	2	1	1
8604	0	2	0	1	3	0	0	478	378	2	2	0
8605	18	3	0	1	3	0	2	391	543	2	0	1
8606	3	6	0	4	3	0	3	328	543	2	1	0
8607	0	0	0	1	3	1	1	246	222	1	2	0
8608	13	4	0	4	3	0	1	391	33	2	1	1
8609	23	2	0	1	3	0	0	37	366	2	2	0
8610	20	3	0	1	1	0	2	414	543	2	1	0
8611	14	0	0	2	3	0	2	505	81	1	2	1
8612	23	4	0	3	3	0	0	502	386	2	2	0
8613	2	2	0	3	3	0	2	391	223	1	2	0
8614	7	5	1	1	2	0	0	391	46	1	2	0
8615	0	0	0	3	3	0	3	551	241	2	2	0
8616	14	0	0	3	0	0	3	246	378	2	2	0
8617	17	0	0	3	1	0	0	480	50	1	2	0
8618	17	2	0	2	1	0	2	125	571	2	2	0
8619	13	3	0	4	0	0	2	391	120	2	2	0
8620	14	0	0	3	0	0	3	53	214	2	2	0
8621	0	1	0	2	3	0	0	125	223	2	2	0
8622	19	0	0	1	1	0	3	478	16	1	2	1
8623	13	1	0	1	3	0	2	45	318	2	2	0
8624	5	4	0	1	1	1	1	125	421	2	2	0
8625	20	0	0	1	3	0	3	125	571	2	2	0
8626	17	1	0	1	1	0	0	391	46	1	2	0
8627	22	4	0	4	3	0	3	339	214	2	2	0
8628	0	2	0	3	1	0	3	332	284	1	2	0
8629	16	6	1	4	0	1	1	370	344	2	2	0
8630	22	2	0	1	3	0	2	370	294	2	2	0
8631	16	1	0	3	0	0	2	214	309	2	2	0
8632	16	0	0	2	0	0	2	480	214	2	2	0
8633	3	3	0	1	1	0	1	511	448	2	2	0
8634	13	0	0	2	3	0	2	218	530	1	2	1
8635	1	0	0	4	1	0	2	365	22	2	2	0
8636	1	1	0	4	3	0	2	121	543	2	2	0
8637	1	1	0	2	3	0	0	146	401	1	0	1
8638	0	2	0	1	0	0	2	458	495	2	2	0
8639	19	3	0	2	1	0	2	478	272	2	0	1
8640	7	2	0	2	0	0	0	218	484	2	2	0
8641	6	1	0	1	0	0	0	72	432	2	1	0
8642	0	1	0	1	3	1	0	63	16	2	0	1
8643	20	6	0	2	3	0	2	313	135	2	1	1
8644	5	2	0	2	3	0	2	429	55	2	2	0
8645	19	4	0	3	1	0	2	334	71	2	2	0
8646	19	5	1	2	1	0	2	189	422	1	2	0
8647	0	5	0	2	1	0	3	374	241	1	2	1
8648	2	2	0	2	3	0	0	218	543	1	1	1
8649	4	0	0	2	3	0	1	37	375	3	2	0
8650	14	4	0	1	0	0	2	69	479	2	2	0
8651	23	4	0	1	3	0	2	478	309	2	2	0
8652	3	5	0	2	3	0	2	416	432	2	0	1
8653	0	3	0	1	3	0	1	159	463	2	2	0
8654	17	1	0	1	1	0	2	370	241	1	2	0
8655	20	1	0	2	1	0	2	370	543	1	2	0
8656	6	3	0	2	2	0	0	218	317	2	2	0
8657	0	1	0	1	3	0	3	532	55	2	2	0
8658	18	0	0	1	1	0	3	532	378	2	2	0
8659	19	2	0	1	1	0	0	502	682	2	2	0
8660	18	0	0	2	3	0	0	502	222	2	2	0
8661	18	3	0	1	1	0	3	391	571	2	2	0
8662	18	0	0	1	1	0	2	370	169	1	2	0
8663	15	1	0	2	0	0	2	43	389	2	2	0
8664	1	3	0	2	3	0	0	414	518	2	2	0
8665	15	1	0	1	1	0	3	125	3	2	2	0
8666	1	6	0	3	3	0	3	125	543	2	0	0
8667	1	2	0	3	1	0	1	324	476	2	1	1
8668	12	4	0	1	0	0	3	328	378	2	2	0
8669	16	1	0	2	1	1	1	61	599	1	2	0
8670	14	0	0	1	0	0	2	370	294	2	2	0
8671	20	5	1	3	1	0	3	324	490	2	2	0
8672	22	5	1	3	3	0	3	539	468	1	0	1
8673	21	2	0	4	3	0	0	328	241	2	2	0
8674	16	6	0	1	3	0	2	88	16	2	2	1
8675	20	3	0	2	1	0	0	370	527	2	2	0
8676	14	1	0	2	0	1	0	61	661	2	2	0
8677	0	1	0	3	3	0	0	502	543	2	2	0
8678	17	0	0	1	1	0	0	218	543	2	1	0
8679	16	0	0	1	1	0	0	527	543	1	2	0
8680	20	0	0	2	1	0	2	478	273	2	2	0
8681	16	1	0	3	0	0	2	370	555	2	2	0
8682	20	4	0	2	3	0	3	502	571	2	2	0
8683	13	4	0	2	0	1	1	218	196	2	2	0
8684	0	1	0	1	3	0	2	7	496	1	2	0
8685	4	2	0	3	3	1	0	293	241	2	2	0
8686	3	5	0	2	3	0	0	502	98	2	2	0
8687	20	1	0	2	3	1	1	328	543	1	2	1
8688	0	2	0	3	3	0	2	159	571	3	2	0
8689	4	6	0	1	3	0	2	391	543	2	1	1
8690	0	0	0	3	3	0	2	267	543	1	2	0
8691	4	0	0	4	3	0	2	419	543	2	0	0
8692	17	3	0	3	1	1	0	432	543	2	2	0
8693	20	2	0	4	3	0	3	334	241	1	2	1
8694	17	5	0	4	0	0	3	10	543	1	2	0
8695	21	0	0	2	3	1	1	230	585	1	2	0
8696	20	0	0	4	1	0	0	323	33	2	2	0
8697	6	4	0	3	3	0	2	419	214	2	2	0
8698	1	1	0	2	3	0	2	372	364	2	1	1
8699	14	0	0	2	3	0	2	324	543	2	0	0
8700	14	6	1	1	0	0	0	463	249	3	2	0
8701	5	0	1	2	0	0	3	282	43	2	2	0
8702	16	0	0	1	0	0	2	360	550	2	2	0
8703	19	3	0	2	1	0	2	391	43	2	2	0
8704	17	6	0	2	1	0	2	370	432	2	1	1
8705	1	6	0	1	3	0	2	69	543	2	2	0
8706	1	1	0	3	3	0	2	370	485	2	2	0
8707	15	4	0	2	0	0	0	370	223	1	2	1
8708	2	1	0	4	3	0	1	414	567	2	2	0
8709	1	0	0	1	3	0	2	293	550	1	2	1
8710	1	1	0	1	3	0	2	426	553	2	2	0
8711	4	4	0	2	1	0	0	37	241	1	2	0
8712	17	1	0	4	1	0	0	341	234	2	2	0
8713	3	0	0	2	3	0	3	218	320	2	2	0
8714	14	1	0	2	0	0	2	357	378	2	2	0
8715	19	2	0	2	1	1	0	37	241	2	2	0
8716	18	0	0	1	3	0	2	30	543	3	1	0
8717	3	4	0	1	3	0	0	565	543	1	2	0
8718	16	1	0	2	0	0	2	495	571	2	2	0
8719	2	0	0	3	3	0	3	370	625	2	2	0
8720	18	0	0	4	1	0	2	324	55	2	2	0
8721	16	6	1	4	0	0	0	174	498	2	2	0
8722	20	0	0	3	3	0	2	324	432	2	1	0
8723	0	2	0	4	0	0	3	414	172	2	2	0
8724	10	3	0	1	3	0	1	36	273	2	2	0
8725	14	2	0	4	0	0	3	317	262	2	2	0
8726	19	2	0	3	3	0	0	370	550	1	2	0
8727	1	1	0	3	3	0	3	414	426	2	2	0
8728	3	0	0	4	3	0	2	412	196	1	2	0
8729	18	5	0	2	1	1	1	370	377	2	2	0
8730	13	2	0	2	0	0	2	217	214	2	2	0
8731	8	5	1	1	0	0	0	502	571	2	2	0
8732	15	5	0	1	3	0	2	478	214	1	2	1
8733	16	0	0	1	0	1	1	328	377	2	2	0
8734	15	2	0	1	1	0	3	330	470	2	2	0
8735	21	3	0	1	3	0	3	22	496	1	2	0
8736	15	6	0	1	3	0	2	414	340	2	1	1
8737	10	1	0	2	0	0	3	159	174	3	2	0
8738	19	1	0	2	1	0	2	425	283	1	2	0
8739	16	0	0	1	0	0	0	370	543	1	2	1
8740	23	2	0	1	3	0	3	324	397	2	2	1
8741	1	2	0	3	3	0	2	7	324	2	2	0
8742	1	0	0	4	3	0	2	370	543	1	2	0
8743	1	5	1	3	3	0	2	450	543	1	2	0
8744	16	0	0	4	0	0	3	551	3	2	2	0
8745	2	6	0	4	3	0	0	532	115	2	2	0
8746	2	2	0	3	0	0	0	502	543	1	2	0
8747	14	0	0	3	0	0	1	414	377	2	2	0
8748	3	2	0	2	3	0	3	478	238	3	2	0
8749	23	1	0	2	3	0	3	328	543	1	2	0
8750	15	2	0	2	0	0	0	551	42	2	2	0
8751	18	0	0	2	1	0	2	226	554	2	1	0
8752	0	6	0	1	3	0	2	370	287	2	2	0
8753	15	1	0	1	0	0	3	218	588	2	2	0
8754	0	1	1	1	0	0	2	392	55	2	2	0
8755	18	1	0	3	3	0	2	370	322	1	2	0
8756	0	6	1	3	3	0	2	200	378	2	2	0
8757	21	0	0	4	3	0	3	197	229	2	2	0
8758	0	0	0	3	3	0	1	502	482	2	2	0
8759	4	0	0	4	3	0	2	459	304	2	2	0
8760	2	0	0	3	3	0	2	53	259	2	1	1
8761	20	2	0	1	0	0	3	370	225	2	2	0
8762	18	5	0	4	3	0	3	502	678	2	2	0
8763	10	4	0	2	0	0	3	370	378	2	2	0
8764	5	5	1	2	0	0	1	201	611	1	2	0
8765	17	0	0	1	3	0	3	72	543	2	2	0
8766	3	4	0	2	0	0	3	125	42	2	2	0
8767	15	0	0	2	0	0	3	478	296	2	2	1
8768	17	5	1	3	1	0	2	330	543	1	2	0
8769	10	1	0	2	3	0	2	444	496	2	0	0
8770	13	6	1	4	0	0	2	527	678	3	2	0
8771	17	2	0	4	3	1	0	125	304	2	2	0
8772	1	1	0	2	0	0	0	429	196	2	2	0
8773	13	6	0	1	3	0	1	478	318	2	1	1
8774	17	3	0	2	1	0	2	169	543	2	2	0
8775	14	0	0	1	0	0	3	37	43	2	2	0
8776	19	0	0	1	3	0	2	267	653	2	2	0
8777	3	1	0	2	3	0	2	125	241	2	2	1
8778	21	3	0	2	3	0	0	40	194	2	2	0
8779	9	0	0	1	2	0	2	81	598	2	1	1
8780	17	1	0	1	3	0	2	414	169	1	2	0
8781	21	5	0	2	3	0	2	296	33	2	2	0
8782	2	1	0	4	3	0	1	502	377	2	2	0
8783	21	5	0	2	3	0	2	478	169	1	2	1
8784	19	2	0	1	1	0	2	511	262	2	2	0
8785	8	2	0	3	1	0	1	324	43	2	2	0
8786	17	1	0	1	3	0	2	296	169	2	2	1
8787	16	0	0	3	0	0	3	478	309	2	2	0
8788	15	3	0	4	0	0	3	426	294	2	2	0
8789	2	5	0	2	3	0	2	502	543	1	2	1
8790	18	1	0	3	0	1	1	414	33	2	2	0
8791	14	4	0	2	3	0	1	45	85	2	2	0
8792	2	0	1	4	3	0	0	478	406	1	2	0
8793	1	3	0	3	3	0	2	218	543	1	2	0
8794	20	0	0	3	3	0	2	391	432	2	1	1
8795	16	0	0	2	0	0	0	414	170	2	2	0
8796	17	0	0	3	1	0	2	146	55	1	2	0
8797	0	1	0	4	3	0	2	72	496	1	2	0
8798	0	3	1	2	3	0	3	218	340	2	0	1
8799	23	4	0	2	3	0	3	37	401	1	2	1
8800	1	6	1	3	3	0	2	370	324	2	2	0
8801	2	2	0	1	0	0	3	282	591	1	1	0
8802	19	0	0	1	1	0	0	218	241	2	2	0
8803	14	6	0	1	0	0	2	378	543	2	1	1
8804	2	3	0	1	3	0	3	522	487	2	2	0
8805	12	0	0	2	0	0	1	296	561	2	2	0
8806	1	4	0	3	3	0	1	478	81	1	2	1
8807	0	6	1	2	0	0	0	370	590	2	2	0
8808	1	0	0	1	3	0	0	478	134	2	1	0
8809	3	4	0	1	3	0	1	334	543	2	2	1
8810	23	5	0	3	3	0	1	218	125	2	2	0
8811	1	0	0	2	3	0	2	391	543	1	0	1
8812	0	0	0	3	3	0	2	93	322	1	2	1
8813	19	4	0	3	1	0	3	125	51	2	1	0
8814	5	1	0	1	2	0	2	461	530	2	2	0
8815	19	0	0	2	3	0	2	391	543	2	2	0
8816	17	2	0	3	0	0	2	36	221	1	2	0
8817	21	0	0	4	3	0	2	391	443	2	2	0
8818	21	0	0	1	3	0	3	72	170	2	2	0
8819	18	5	0	1	1	0	0	370	543	2	2	0
8820	2	2	0	2	3	0	2	416	414	2	2	0
8821	4	5	0	2	3	0	2	502	543	1	1	1
8822	1	6	0	4	3	0	2	481	571	1	2	0
8823	20	3	0	2	1	0	2	419	489	2	2	0
8824	20	1	0	4	3	0	2	419	15	2	0	1
8825	15	3	0	1	0	0	0	136	186	3	2	0
8826	0	1	0	1	3	0	2	188	543	2	2	0
8827	22	0	0	3	3	0	2	139	543	2	2	1
8828	17	6	0	3	3	0	2	218	16	2	0	1
8829	21	3	0	1	3	0	3	153	167	2	2	0
8830	12	4	0	2	0	0	0	212	22	2	2	0
8831	17	3	0	1	1	0	2	72	42	2	2	0
8832	2	5	1	3	3	0	2	463	389	2	2	0
8833	23	3	0	1	3	0	0	125	487	2	2	0
8834	0	1	0	1	3	0	2	478	119	2	0	0
8835	2	0	0	2	3	0	3	179	271	2	2	0
8836	13	0	0	2	0	0	2	293	306	2	2	0
8837	2	1	0	1	1	0	0	5	694	2	2	0
8838	0	2	0	1	3	0	2	125	241	2	2	0
8839	11	5	1	3	2	0	2	450	543	2	2	0
8840	22	4	0	1	3	0	0	478	550	2	0	1
8841	23	2	0	3	3	0	2	478	94	1	0	1
8842	19	1	0	4	1	1	1	391	124	2	2	0
8843	23	1	0	3	3	0	3	218	571	2	2	0
8844	17	0	0	4	1	0	3	43	294	3	2	0
8845	0	6	0	1	0	0	3	370	208	2	2	0
8846	15	3	0	3	0	0	3	324	130	2	2	0
8847	23	6	0	1	3	0	1	478	543	1	1	0
8848	1	6	1	3	3	0	2	146	241	3	1	0
8849	12	0	0	2	0	1	1	89	214	2	2	0
8850	15	0	0	3	3	0	2	324	378	2	2	0
8851	19	3	0	1	3	0	3	350	543	1	2	1
8852	20	0	0	1	1	0	0	125	571	3	2	0
8853	2	0	0	1	3	0	0	370	640	2	2	0
8854	17	2	0	2	3	0	3	293	515	2	2	0
8855	15	1	0	1	0	0	3	125	284	3	2	0
8856	0	6	0	3	1	0	3	370	433	2	1	0
8857	11	0	0	1	0	0	2	370	512	2	2	0
8858	2	1	0	2	1	0	0	412	629	2	2	0
8859	1	2	0	1	3	0	2	444	55	2	2	0
8860	1	0	0	3	3	0	3	426	571	3	2	0
8861	14	3	0	3	0	0	3	478	269	2	2	0
8862	0	2	0	2	3	0	2	61	284	2	2	0
8863	1	6	0	2	3	0	3	218	571	1	2	0
8864	17	4	0	1	1	0	3	454	543	1	2	1
8865	4	1	0	2	3	0	0	502	341	2	1	0
8866	17	0	0	1	1	0	2	478	571	2	2	0
8867	16	6	0	1	3	0	2	454	51	2	1	1
8868	2	0	0	4	3	0	3	108	216	1	2	0
8869	17	4	0	3	1	0	2	478	239	1	2	0
8870	18	0	0	4	1	0	3	370	530	2	2	0
8871	23	3	0	2	3	0	0	2	543	2	1	1
8872	17	6	0	3	1	0	2	324	130	2	0	1
8873	17	4	0	2	1	0	1	324	571	2	2	0
8874	3	5	1	2	2	0	0	549	340	2	2	0
8875	21	3	0	1	3	0	2	370	55	1	2	0
8876	15	2	0	1	0	0	0	370	241	1	2	0
8877	23	2	0	3	3	0	1	478	227	2	2	0
8878	15	1	0	3	0	0	2	478	222	2	2	0
8879	14	3	0	3	0	0	1	324	487	2	2	0
8880	12	0	0	1	3	1	1	478	222	2	2	0
8881	19	2	0	2	1	0	1	478	496	1	2	0
8882	22	1	0	1	3	0	2	479	543	2	0	0
8883	2	5	1	2	3	0	2	227	543	2	2	0
8884	13	6	1	1	0	0	0	224	568	2	2	0
8885	16	0	0	3	0	0	0	177	241	1	2	1
8886	6	0	0	1	2	1	1	324	120	2	2	0
8887	4	3	0	1	3	0	2	557	273	2	2	0
8888	17	2	0	2	3	0	3	226	496	1	2	0
8889	0	0	0	3	3	0	2	339	543	1	2	0
8890	0	5	0	1	3	0	2	153	625	2	2	0
8891	3	0	0	1	2	0	0	278	364	2	2	1
8892	3	0	0	2	3	0	3	502	214	2	2	0
8893	4	5	0	3	3	0	0	419	543	2	1	1
8894	20	1	0	3	1	0	3	370	660	2	2	0
8895	15	2	0	3	0	0	2	61	393	2	2	0
8896	19	3	0	2	1	0	3	226	287	2	2	0
8897	14	0	0	4	0	0	2	137	81	1	2	0
8898	6	5	1	1	2	0	2	37	439	2	2	0
8899	1	1	0	3	0	0	2	101	318	2	2	0
8900	2	4	0	1	1	0	1	391	16	2	1	1
8901	20	0	0	3	3	1	1	324	15	2	0	1
8902	5	6	1	4	3	0	2	159	290	2	2	0
8903	23	1	0	1	3	0	0	81	543	1	2	0
8904	2	2	0	4	3	0	2	103	548	1	2	0
8905	0	6	0	2	3	0	2	324	129	2	1	0
8906	6	5	1	1	2	0	2	114	680	3	2	0
8907	16	1	0	1	0	0	1	502	255	3	2	0
8908	0	5	0	1	3	0	2	218	543	2	1	1
8909	18	0	0	1	1	1	1	125	543	1	2	0
8910	2	0	0	1	3	0	2	72	562	2	2	0
8911	0	1	0	3	3	0	2	419	309	2	2	0
8912	1	1	0	3	3	0	0	310	180	1	2	0
8913	12	2	0	2	0	0	1	72	161	2	2	0
8914	3	0	0	1	1	0	3	370	255	4	2	0
8915	10	0	0	3	0	0	3	37	571	1	2	0
8916	2	5	0	2	3	0	2	324	115	2	2	1
8917	3	3	0	1	3	1	0	324	666	2	2	0
8918	4	1	0	3	3	0	3	461	368	2	2	0
8919	16	5	1	4	0	0	3	37	447	2	2	0
8920	18	0	0	2	1	1	0	414	322	1	2	0
8921	17	4	0	1	1	0	2	502	571	2	2	0
8922	15	2	0	4	0	0	2	357	42	2	2	0
8923	0	5	1	1	3	0	2	7	543	1	2	0
8924	18	2	0	1	1	0	3	324	555	2	2	0
8925	23	3	0	1	3	0	3	89	99	2	2	0
8926	3	5	0	3	3	0	2	463	543	2	1	1
8927	16	2	0	4	0	0	3	370	142	2	2	0
8928	2	2	0	4	3	0	2	391	606	2	0	0
8929	2	0	0	2	0	0	3	432	680	2	2	0
8930	17	2	0	1	1	0	1	370	241	1	2	0
8931	2	0	0	3	1	0	3	43	41	2	2	0
8932	20	5	0	2	1	0	2	416	241	2	2	1
8933	21	4	0	1	3	0	3	74	241	2	2	0
8934	14	0	0	4	0	0	1	370	294	2	2	0
8935	0	5	1	4	3	0	3	336	55	2	2	0
8936	15	0	0	2	0	1	2	370	34	3	1	0
8937	2	0	0	1	3	0	1	328	423	2	2	0
8938	17	4	0	2	1	0	3	502	294	2	2	0
8939	0	6	0	1	3	0	0	278	241	1	2	1
8940	13	4	0	3	0	0	3	315	112	2	2	0
8941	4	2	0	4	3	0	0	179	309	2	2	0
8942	15	2	0	1	3	0	2	527	543	2	1	0
8943	1	2	0	3	3	0	2	328	79	2	2	0
8944	21	1	0	2	3	1	0	53	322	1	2	1
8945	13	2	0	2	0	0	2	521	426	2	2	0
8946	0	3	0	3	1	0	1	461	322	1	2	0
8947	17	0	0	3	1	0	2	370	130	2	2	1
8948	17	4	0	2	1	0	3	416	487	2	2	0
8949	23	5	0	3	3	0	2	370	612	2	2	0
8950	0	5	0	2	3	0	2	370	625	2	2	0
8951	14	2	0	3	0	0	3	370	262	2	2	0
8952	1	0	0	2	3	0	0	116	689	2	2	0
8953	0	2	0	1	3	0	2	370	123	4	2	0
8954	23	1	0	2	3	0	0	72	314	2	2	0
8955	0	2	0	1	3	0	2	296	690	2	1	1
8956	0	3	0	2	1	0	0	370	543	2	2	0
8957	16	2	0	2	0	1	1	125	610	2	2	0
8958	1	2	0	4	3	0	3	200	241	3	2	0
8959	22	5	1	3	3	0	3	551	408	3	2	0
8960	6	1	1	4	0	0	3	125	657	2	2	0
8961	3	1	0	3	0	1	2	218	94	2	2	1
8962	15	3	0	3	3	0	1	436	95	2	1	1
8963	4	3	0	2	1	0	3	391	241	2	2	0
8964	13	4	0	1	0	0	3	43	629	2	2	0
8965	0	5	1	2	1	0	3	296	182	2	1	1
8966	21	6	1	2	3	0	0	414	464	2	2	0
8967	21	2	0	3	3	0	2	414	543	1	2	0
8968	0	4	0	1	3	0	3	218	571	2	2	0
8969	23	4	0	3	3	0	2	342	294	2	2	0
8970	13	0	0	2	0	0	2	414	55	1	2	0
8971	16	0	0	4	0	0	0	81	472	2	2	0
8972	14	5	0	3	1	0	2	478	410	2	2	1
8973	22	1	0	2	3	0	3	412	447	2	2	0
8974	1	3	0	1	0	0	2	214	438	2	2	0
8975	1	1	0	3	0	0	2	370	393	2	2	0
8976	20	4	0	2	1	0	0	370	510	2	2	0
8977	1	6	0	2	3	0	2	478	423	3	1	1
8978	22	4	0	3	3	0	2	276	543	2	1	1
8979	12	2	0	4	0	0	2	218	318	2	2	0
8980	19	6	1	4	1	0	3	156	167	2	2	0
8981	1	0	0	1	3	0	0	478	606	2	1	0
8982	18	6	0	4	3	0	0	107	543	1	0	0
8983	20	1	0	1	0	0	2	370	55	2	2	0
8984	1	1	0	1	3	0	2	227	33	2	2	0
8985	0	6	0	2	3	0	2	370	496	2	2	0
8986	3	2	0	1	3	0	0	350	257	1	2	0
8987	14	6	0	4	3	0	2	416	81	2	0	0
8988	15	2	0	2	1	0	2	149	214	2	2	0
8989	14	3	0	3	1	0	0	478	487	2	2	0
8990	0	4	0	3	3	0	3	478	309	2	2	0
8991	0	1	0	3	3	0	2	521	130	1	2	0
8992	2	6	0	2	3	0	2	54	553	2	2	0
8993	4	0	0	1	3	0	1	159	304	2	2	0
8994	16	3	0	3	0	0	3	0	170	2	2	0
8995	3	0	0	1	1	0	3	218	43	2	2	0
8996	23	4	0	3	3	0	2	328	241	2	2	0
8997	20	0	0	4	3	0	0	37	57	2	2	0
8998	16	3	0	4	1	0	3	529	440	2	2	0
8999	22	3	0	1	3	0	2	159	294	2	2	0
9000	0	3	0	2	3	0	2	30	543	1	2	0
9001	3	0	0	1	3	0	2	530	120	2	2	0
9002	19	0	0	1	1	0	0	108	543	2	2	0
9003	18	6	0	1	3	0	0	370	397	2	2	1
9004	19	0	0	1	1	0	3	502	543	2	2	0
9005	1	6	0	1	3	0	3	478	521	2	2	1
9006	0	5	1	1	3	1	1	416	73	2	2	0
9007	0	3	0	1	0	0	0	125	561	2	2	0
9008	19	2	0	3	1	0	0	34	601	2	2	0
9009	1	6	1	4	3	0	0	502	694	2	2	0
9010	15	2	0	2	3	0	2	222	241	1	2	0
9011	16	1	0	1	3	0	2	414	543	2	0	1
9012	23	5	1	2	3	0	0	396	15	1	2	0
9013	2	0	0	3	3	1	0	218	306	2	2	0
9014	14	3	1	1	0	0	2	419	570	3	2	0
9015	23	3	0	3	3	0	0	95	136	2	2	0
9016	18	6	0	1	1	0	2	478	309	2	2	0
9017	21	2	0	2	3	0	2	478	667	2	2	0
9018	22	4	0	3	3	0	2	370	485	2	2	0
9019	1	0	0	2	3	0	0	391	463	2	2	0
9020	3	0	0	2	1	0	3	309	16	1	2	0
9021	3	2	0	1	3	0	2	185	587	2	2	0
9022	2	0	0	1	3	0	3	370	364	1	2	1
9023	21	0	0	2	3	0	2	391	241	2	0	0
9024	17	2	0	1	3	0	2	45	543	1	2	0
9025	16	0	0	3	0	0	2	82	317	2	2	0
9026	13	3	0	4	0	0	2	37	568	2	2	0
9027	17	4	0	4	1	0	2	416	571	2	2	0
9028	17	3	0	2	1	0	3	419	571	2	2	0
9029	1	2	0	4	3	0	3	218	548	2	0	0
9030	6	3	0	1	2	0	3	218	482	2	2	0
9031	4	1	0	1	1	0	3	328	571	2	2	0
9032	2	1	0	4	0	0	1	450	222	3	2	0
9033	23	0	0	1	3	0	3	551	33	2	2	0
9034	1	3	0	1	3	0	1	403	43	1	2	0
9035	4	2	0	2	3	0	0	37	571	2	2	0
9036	1	4	0	2	3	0	2	218	543	1	2	0
9037	4	3	0	2	3	0	3	328	401	2	1	0
9038	14	5	0	3	0	0	0	478	649	2	2	0
9039	1	0	0	2	1	0	0	328	364	2	1	0
9040	20	1	0	3	1	0	2	502	101	2	2	0
9041	2	1	0	1	3	1	1	478	51	2	1	1
9042	14	0	0	3	3	0	3	370	318	2	2	0
9043	22	6	0	1	3	0	3	310	234	2	2	0
9044	19	2	0	1	1	0	2	218	294	2	2	0
9045	2	5	1	1	1	1	1	328	377	2	2	0
9046	20	2	0	2	1	0	1	502	579	2	2	0
9047	15	5	1	4	0	0	3	524	535	2	2	0
9048	15	0	0	2	0	0	0	478	143	1	2	0
9049	1	6	0	1	3	0	2	209	179	2	2	0
9050	20	3	0	1	3	0	0	370	90	1	1	0
9051	3	1	0	2	3	0	3	1	567	2	2	0
9052	3	1	0	2	3	0	0	391	341	2	0	0
9053	21	3	0	4	3	0	0	243	294	2	2	0
9054	19	5	1	3	1	0	2	30	378	2	2	0
9055	14	0	0	2	0	0	3	339	561	2	2	0
9056	0	1	0	3	0	0	0	478	86	2	1	1
9057	0	0	0	2	3	0	1	164	90	2	2	0
9058	13	5	1	2	0	0	2	153	16	1	2	0
9059	19	0	0	1	1	0	1	414	34	1	2	1
9060	2	4	0	3	1	0	0	63	42	2	2	0
9061	0	2	0	1	3	0	1	300	587	1	2	0
9062	13	2	0	4	0	0	2	175	179	1	2	1
9063	2	2	0	2	1	0	1	185	156	2	2	0
9064	9	2	0	4	2	0	0	230	186	2	2	0
9065	22	5	1	4	3	0	3	502	536	2	2	0
9066	16	0	0	1	3	0	1	551	241	1	2	1
9067	0	3	0	1	3	0	2	502	571	2	2	0
9068	1	5	0	3	3	0	2	324	246	1	2	1
9069	19	0	0	1	1	0	0	370	432	2	1	1
9070	13	6	1	1	0	0	2	30	304	2	2	0
9071	19	0	0	1	1	1	0	125	223	1	2	0
9072	1	2	0	4	3	0	2	502	384	2	2	0
9073	0	2	0	1	3	0	1	125	590	2	2	0
9074	1	4	0	2	3	0	3	494	318	1	2	0
9075	2	2	0	2	0	0	1	72	694	2	2	0
9076	1	3	0	2	3	0	1	115	432	1	1	1
9077	18	4	0	1	1	0	3	463	675	2	2	0
9078	22	1	0	2	3	0	2	391	42	2	2	0
9079	15	3	0	1	0	0	3	478	239	2	2	0
9080	22	6	0	1	3	0	3	43	55	2	2	0
9081	0	3	0	4	3	1	1	488	3	2	2	0
9082	2	0	0	1	3	1	1	125	51	1	1	0
9083	22	6	0	1	3	0	2	23	543	2	1	0
9084	3	5	1	1	3	0	2	159	33	2	2	0
9085	1	2	0	1	2	0	2	478	426	1	2	0
9086	3	0	0	1	3	0	3	391	634	2	2	0
9087	5	1	0	1	3	1	0	296	191	2	1	0
9088	0	0	0	4	3	0	3	34	142	2	2	0
9089	1	2	0	4	3	0	2	252	550	1	2	0
9090	2	0	0	1	3	0	1	125	106	2	2	0
9091	1	6	0	1	3	0	2	370	214	2	1	0
9092	1	5	0	2	3	0	0	72	55	2	2	0
9093	16	2	0	3	0	0	2	398	543	1	0	0
9094	0	0	0	4	1	1	0	370	357	2	2	0
9095	3	2	0	2	3	0	2	432	624	1	2	0
9096	2	2	0	1	3	0	3	293	262	2	2	0
9097	0	2	0	2	3	0	2	185	550	2	2	0
9098	18	1	0	3	1	0	2	328	43	2	2	0
9099	20	2	0	1	1	0	0	324	43	2	2	0
9100	0	6	1	1	3	0	3	445	543	1	2	0
9101	1	5	1	1	3	0	3	391	650	2	2	0
9102	3	3	0	1	1	0	2	370	147	2	2	0
9103	17	0	0	2	1	0	2	370	214	2	2	0
9104	6	1	0	4	2	0	2	246	638	2	2	0
9105	0	2	0	3	3	0	3	502	241	1	2	1
9106	13	3	1	2	0	0	0	384	43	2	2	0
9107	17	2	0	2	3	0	2	82	318	2	1	1
9108	17	0	0	4	1	0	0	414	543	2	2	0
9109	15	3	0	1	0	0	2	327	344	3	2	0
9110	3	0	0	1	3	0	2	218	283	2	2	0
9111	1	2	0	1	3	0	0	419	543	1	2	0
9112	16	0	0	1	0	0	2	301	288	2	2	0
9113	3	0	0	2	2	0	2	478	58	2	2	0
9114	4	4	0	2	3	0	2	391	277	4	2	0
9115	3	2	0	4	3	0	3	384	543	1	2	0
9116	18	3	0	2	1	0	1	125	174	1	2	0
9117	20	2	0	3	1	0	2	218	147	1	2	0
9118	1	0	0	2	1	0	2	370	241	1	2	0
9119	0	5	0	1	3	0	2	218	85	2	2	0
9120	6	4	0	4	2	0	0	478	43	2	2	0
9121	13	4	0	3	0	0	2	370	15	2	2	0
9122	18	5	1	2	1	0	0	391	12	2	2	0
9123	2	6	0	4	1	0	2	81	55	2	2	0
9124	14	2	0	4	0	0	2	107	435	2	2	0
9125	2	2	0	2	3	0	1	324	598	3	1	0
9126	16	0	0	3	0	0	2	117	55	2	2	0
9127	22	0	0	2	3	1	1	125	97	2	1	1
9128	1	1	0	3	3	0	3	357	530	2	2	0
9129	17	4	0	4	1	0	2	419	487	2	2	0
9130	3	2	0	2	3	0	2	391	388	2	2	0
9131	1	2	0	1	3	0	3	391	55	2	2	0
9132	1	2	0	1	0	0	3	107	263	2	2	0
9133	14	0	0	2	3	0	3	394	179	1	2	0
9134	1	2	0	3	0	0	0	414	366	2	2	0
9135	22	0	0	2	3	0	2	416	529	2	1	0
9136	1	1	0	3	3	0	0	289	606	1	2	0
9137	2	1	0	3	3	0	2	486	543	1	2	0
9138	15	3	0	2	0	0	2	218	482	2	2	0
9139	19	0	0	1	3	0	0	328	214	2	2	0
9140	22	2	0	1	3	0	2	391	124	2	2	0
9141	21	3	0	4	3	0	0	324	142	2	2	0
9142	23	6	1	1	3	0	0	448	15	2	2	0
9143	20	0	0	3	1	1	0	218	42	2	2	0
9144	2	4	0	2	0	0	2	114	591	2	1	0
9145	10	0	0	2	0	0	0	218	42	2	2	0
9146	22	0	0	3	3	0	2	532	49	2	1	1
9147	20	2	0	1	0	1	0	81	467	2	2	0
9148	16	3	0	2	0	0	0	218	543	1	2	0
9149	19	5	0	1	0	0	2	328	123	1	2	0
9150	15	1	0	2	0	0	0	450	571	2	2	0
9151	19	0	0	3	1	0	3	502	571	3	2	0
9152	2	1	0	4	3	0	2	444	55	2	2	0
9153	2	1	0	4	3	0	2	370	412	1	2	0
9154	12	6	0	4	0	0	3	290	169	2	1	1
9155	22	1	0	3	3	0	3	35	241	1	2	0
9156	18	1	0	1	3	0	0	370	33	1	1	0
9157	0	0	0	1	3	0	2	551	3	2	2	0
9158	3	0	0	3	3	0	2	414	322	1	2	0
9159	0	3	0	1	3	1	1	61	294	2	2	0
9160	13	0	0	2	0	0	1	478	241	1	2	0
9161	4	0	0	2	3	0	1	203	70	2	2	0
9162	6	2	0	4	2	0	2	419	186	2	2	0
9163	3	2	0	3	3	0	2	370	241	1	2	0
9164	0	4	0	1	3	0	0	444	84	2	2	0
9165	17	3	0	4	1	0	3	478	561	2	2	0
9166	16	2	0	2	0	0	0	554	46	3	2	0
9167	19	3	0	1	1	0	0	502	543	1	2	0
9168	0	3	0	1	3	0	2	419	632	2	2	0
9169	16	3	0	2	3	0	2	450	340	2	1	0
9170	0	5	0	2	3	0	3	450	401	1	2	0
9171	1	5	0	2	3	0	2	398	90	2	1	1
9172	15	1	0	4	0	0	3	125	41	2	2	0
9173	2	6	0	3	3	0	2	346	625	2	2	0
9174	0	1	0	3	3	0	2	310	341	2	2	0
9175	19	3	0	2	3	0	2	414	191	1	2	0
9176	19	6	1	3	1	0	0	230	304	2	2	0
9177	14	5	0	2	0	0	2	416	241	1	2	1
9178	5	1	0	1	3	0	3	551	50	2	2	0
9179	13	1	0	3	0	1	1	324	314	2	2	0
9180	22	6	1	2	3	0	2	52	543	2	2	0
9181	19	4	0	2	1	0	0	551	241	2	2	0
9182	15	3	0	3	0	0	0	416	241	2	2	0
9183	0	0	0	2	3	0	2	324	659	2	2	0
9184	0	2	0	1	3	0	0	530	294	2	2	0
9185	20	5	1	1	1	0	2	81	46	1	2	0
9186	15	0	0	4	3	0	2	296	50	3	2	0
9187	21	6	1	4	3	1	1	45	590	2	2	0
9188	3	1	0	1	3	0	2	159	584	2	1	1
9189	3	1	0	3	1	0	1	179	543	2	1	0
9190	0	1	0	2	0	0	0	302	55	2	2	0
9191	23	5	1	4	3	0	3	180	317	2	2	0
9192	18	0	0	3	1	0	3	478	43	2	2	0
9193	15	0	0	4	1	1	1	370	571	2	2	0
9194	8	2	0	4	2	0	2	81	318	2	2	0
9195	0	2	0	1	0	0	3	196	43	2	2	0
9196	14	1	0	1	3	0	1	218	487	2	2	0
9197	2	2	0	1	3	0	2	335	571	3	2	0
9198	3	1	0	3	3	0	2	548	252	2	2	0
9199	15	3	0	2	0	0	0	334	221	2	2	0
9200	2	4	0	1	2	0	2	125	543	2	2	0
9201	0	6	0	4	3	0	2	47	543	2	1	0
9202	1	1	0	1	3	0	2	37	43	2	2	0
9203	3	6	0	2	3	0	2	45	119	2	1	1
9204	1	2	0	2	3	0	1	328	543	1	2	0
9205	19	2	0	3	1	0	2	370	188	2	2	0
9206	18	1	0	1	3	0	0	391	240	3	1	0
9207	1	5	1	2	1	0	3	328	82	2	0	1
9208	18	1	0	3	3	0	0	328	553	3	1	1
9209	3	0	0	2	0	0	1	35	543	1	2	0
9210	2	1	0	1	3	0	0	218	214	2	2	0
9211	19	3	0	3	3	0	3	335	241	1	2	1
9212	2	0	0	2	3	0	3	406	43	2	2	0
9213	0	6	0	1	3	0	2	370	324	1	2	0
9214	5	4	0	4	3	1	0	271	571	1	2	0
9215	13	1	0	2	0	0	2	272	661	2	2	0
9216	21	0	0	1	3	0	3	253	284	3	2	0
9217	19	3	0	2	1	0	2	197	241	1	2	1
9218	23	4	0	2	3	0	2	196	232	2	1	1
9219	3	6	1	3	3	0	2	218	119	1	2	0
9220	0	5	1	3	3	0	0	174	57	2	2	0
9221	23	4	0	3	3	0	2	370	432	1	0	0
9222	1	2	0	1	3	0	0	370	543	1	2	0
9223	19	5	0	2	1	0	2	277	55	1	2	0
9224	12	3	0	2	0	0	2	186	294	2	2	0
9225	0	3	0	2	1	0	2	496	543	2	1	1
9226	1	6	0	4	3	0	2	37	666	1	2	0
9227	3	0	0	2	3	0	2	327	56	2	2	0
9228	0	3	0	1	3	0	2	502	661	2	2	0
9229	22	1	0	3	3	0	3	419	693	1	2	0
9230	2	5	1	2	3	0	2	37	322	1	2	1
9231	11	0	0	1	0	0	1	328	33	3	2	0
9232	5	2	0	4	3	1	0	414	136	2	2	0
9233	22	2	0	4	3	0	3	128	294	2	2	0
9234	1	0	0	4	3	0	0	502	246	2	2	0
9235	0	4	0	1	3	0	3	448	587	2	2	0
9236	1	3	0	1	3	0	2	370	543	1	2	0
9237	20	5	1	3	1	0	2	457	435	2	2	0
9238	13	1	0	2	0	0	0	114	637	2	2	0
9239	20	0	0	1	1	0	2	370	55	2	2	0
9240	3	1	0	3	3	0	1	125	619	2	2	0
9241	23	1	0	2	3	0	3	383	543	1	2	0
9242	16	3	0	3	0	0	2	478	496	2	2	0
9243	0	6	0	2	3	0	2	159	49	2	1	1
9244	14	0	0	1	0	0	2	370	621	2	2	0
9245	4	5	1	2	3	0	3	11	543	1	2	0
9246	23	1	0	2	3	0	2	495	543	2	1	1
9247	18	5	1	2	1	0	1	419	443	2	2	0
9248	20	5	1	2	1	1	0	478	351	2	2	0
9249	13	0	0	2	0	0	3	328	608	2	2	0
9250	2	0	0	1	3	0	0	478	214	2	2	0
9251	20	0	0	2	1	0	0	125	571	2	2	0
9252	16	0	1	2	0	0	3	218	42	2	2	0
9253	17	1	0	1	1	0	3	485	482	2	2	0
9254	16	3	0	2	3	0	2	502	689	2	2	0
9255	14	6	1	3	3	0	2	324	33	2	2	0
9256	2	0	0	2	1	0	2	414	273	1	2	0
9257	5	4	0	1	3	0	3	502	214	2	0	1
9258	20	0	0	1	3	0	2	543	51	1	1	1
9259	16	2	0	3	0	0	3	537	42	2	2	0
9260	23	1	0	3	3	0	3	414	382	2	2	0
9261	7	0	0	2	0	0	3	324	422	2	2	0
9262	14	6	0	2	0	0	2	482	543	1	2	0
9263	2	6	0	2	3	0	2	37	16	2	1	1
9264	18	0	0	2	1	0	2	324	130	2	1	1
9265	21	0	0	1	3	0	3	419	631	2	2	0
9266	1	0	0	2	3	0	3	454	432	2	1	0
9267	18	1	0	4	1	0	3	502	43	2	2	0
9268	2	2	0	4	1	0	2	414	255	2	2	0
9269	2	2	0	1	3	0	2	328	551	2	2	0
9270	0	5	0	3	3	0	2	81	15	3	1	1
9271	4	2	0	2	3	0	1	125	123	2	2	0
9272	1	3	0	1	3	0	2	341	543	2	2	0
9273	2	1	0	4	1	0	0	196	222	2	2	0
9274	6	0	0	4	2	0	0	370	543	2	2	0
9275	0	0	0	2	0	0	2	414	657	2	2	0
9276	2	6	1	1	3	1	0	502	571	2	1	1
9277	0	6	0	3	3	0	3	478	241	2	0	0
9278	16	1	0	1	0	0	1	370	377	2	2	0
9279	18	3	0	3	1	0	1	88	283	2	2	0
9280	11	1	0	3	1	0	2	125	106	2	2	0
9281	20	2	0	2	3	0	2	391	543	1	2	0
9282	1	3	0	4	3	0	2	179	485	2	2	0
9283	22	5	0	4	3	0	0	551	543	1	2	1
9284	20	1	0	3	3	0	3	532	1	2	2	0
9285	13	2	0	3	0	0	2	370	318	2	2	0
9286	22	2	0	1	3	0	2	257	3	2	2	0
9287	12	2	0	1	0	0	2	408	440	2	2	0
9288	20	1	0	1	1	0	0	48	397	3	2	0
9289	0	1	0	1	3	0	0	15	115	2	2	0
9290	1	0	0	2	1	0	0	218	309	2	2	0
9291	16	6	0	1	3	0	2	370	15	2	1	1
9292	22	0	0	2	3	0	0	502	55	2	2	0
9293	20	6	1	2	1	1	0	502	543	1	2	0
9294	2	6	1	1	3	0	1	50	241	2	2	0
9295	22	6	0	3	3	0	2	328	90	2	1	0
9296	18	6	0	4	3	0	2	328	246	1	2	0
9297	4	1	0	1	0	0	0	159	543	1	2	0
9298	13	4	0	1	3	0	2	114	33	2	2	0
9299	15	6	0	2	1	0	0	414	317	2	1	1
9300	1	2	0	1	3	0	3	370	496	1	2	0
9301	19	6	1	1	3	0	2	218	241	2	2	0
9302	22	0	0	3	3	0	3	72	279	2	2	0
9303	16	6	0	3	3	0	2	218	94	2	2	1
9304	17	4	0	1	1	0	3	153	571	2	2	0
9305	23	5	0	4	3	0	2	278	340	2	0	0
9306	16	3	0	1	0	0	0	218	332	1	2	0
9307	17	1	0	4	1	0	0	293	571	3	2	0
9308	18	1	0	2	1	1	1	530	294	2	2	0
9309	18	6	0	2	3	0	2	218	432	2	1	1
9310	16	0	0	2	1	0	3	419	378	2	2	0
9311	16	6	0	1	3	0	3	478	241	1	0	0
9312	23	6	1	2	3	1	0	478	294	2	2	0
9313	0	1	0	3	0	0	3	478	55	2	2	0
9314	18	6	0	1	3	0	2	328	16	2	1	1
9315	16	5	1	4	0	0	2	370	81	1	2	0
9316	19	4	0	2	1	0	0	395	571	2	2	0
9317	21	0	0	3	3	0	3	551	309	2	2	0
9318	18	0	0	1	1	0	3	502	283	2	2	0
9319	15	1	0	2	0	0	1	391	629	2	2	0
9320	1	4	0	2	3	0	3	127	55	3	2	0
9321	1	0	0	1	3	0	0	324	318	2	2	0
9322	1	0	0	2	3	0	2	324	49	2	1	1
9323	15	2	0	2	0	0	2	125	543	2	1	1
9324	16	4	0	2	0	0	3	125	401	2	2	0
9325	4	1	0	1	0	0	2	230	73	3	2	0
9326	0	6	0	1	3	0	2	478	364	2	0	0
9327	16	1	0	2	0	0	3	218	20	2	2	0
9328	3	0	0	1	3	0	2	125	223	2	2	0
9329	15	3	0	3	1	0	2	324	284	2	2	0
9330	15	3	0	1	0	0	2	436	485	2	2	0
9331	11	4	0	1	0	0	2	218	94	2	2	1
9332	23	2	0	1	3	0	2	391	573	2	2	0
9333	1	5	0	3	3	0	2	149	543	2	1	1
9334	22	0	0	1	3	0	2	350	318	2	2	0
9335	14	0	0	3	1	0	2	34	543	1	2	1
9336	17	2	0	2	3	0	2	12	49	2	2	1
9337	2	1	0	3	3	0	0	414	622	2	2	0
9338	20	2	0	3	1	0	1	419	241	1	2	0
9339	0	0	0	1	3	0	0	502	365	1	2	0
9340	23	0	0	1	3	0	2	71	389	2	2	0
9341	0	2	0	3	3	0	2	69	341	2	2	0
9342	15	2	0	3	0	0	2	384	55	2	2	0
9343	4	6	1	2	3	0	3	267	205	2	2	0
9344	0	0	0	1	3	1	1	324	226	2	2	0
9345	0	2	0	1	3	0	3	502	571	2	2	0
9346	19	4	0	1	1	0	2	21	50	1	2	0
9347	14	2	0	2	0	1	1	478	3	2	2	0
9348	17	5	1	1	1	1	1	232	294	2	2	0
9349	0	0	0	1	0	0	2	81	568	2	2	0
9350	18	6	0	2	3	0	2	324	322	2	2	0
9351	16	1	0	1	0	0	0	328	214	2	2	0
9352	11	2	0	2	0	0	3	328	202	2	2	0
9353	21	1	0	1	3	0	0	218	15	2	0	1
9354	1	0	0	2	0	0	2	288	238	2	2	0
9355	0	1	0	1	0	0	3	314	241	2	2	1
9356	2	6	1	2	3	0	2	323	15	2	2	1
9357	13	2	0	2	0	0	0	171	273	2	2	0
9358	17	5	0	2	1	0	2	486	543	2	0	0
9359	21	5	1	1	3	0	3	263	470	2	2	0
9360	1	1	0	1	3	0	2	324	378	2	2	0
9361	4	2	0	2	3	0	3	179	556	2	2	0
9362	1	0	0	4	3	0	2	213	550	2	0	1
9363	14	1	0	3	0	0	3	61	394	2	2	0
9364	2	2	0	4	3	0	2	496	674	2	2	0
9365	6	1	0	1	0	0	1	370	50	2	2	0
9366	13	1	0	1	0	0	2	370	222	3	2	0
9367	3	1	0	3	3	1	0	480	631	2	2	0
9368	21	3	0	4	3	0	2	125	678	2	2	0
9369	1	3	0	1	3	0	0	370	378	2	2	0
9370	20	5	1	1	1	0	2	328	167	2	2	0
9371	3	5	1	4	3	0	3	339	629	2	2	0
9372	21	3	0	3	3	0	2	502	378	2	2	0
9373	18	3	0	3	1	0	2	554	642	2	2	0
9374	0	1	0	3	3	0	2	419	494	2	2	0
9375	1	2	0	4	3	0	0	269	536	2	2	0
9376	7	0	0	2	0	0	2	218	543	2	2	0
9377	13	3	0	2	1	0	3	328	482	2	2	0
9378	16	2	0	2	0	0	3	218	22	2	2	0
9379	18	2	0	2	1	0	2	391	46	1	2	0
9380	0	0	0	2	2	0	2	37	426	1	2	0
9381	13	1	0	1	1	0	3	414	629	2	2	0
9382	2	6	0	1	3	0	2	328	553	2	1	0
9383	17	0	0	1	1	0	0	502	43	2	2	0
9384	3	2	0	1	0	0	0	72	496	2	2	0
9385	2	6	1	1	3	0	2	72	571	2	2	0
9386	19	0	0	2	1	0	2	125	38	2	2	0
9387	18	6	0	4	1	0	2	328	241	2	0	1
9388	0	3	0	3	1	0	2	71	105	2	2	0
9389	3	0	0	2	3	0	0	391	571	2	2	0
9390	2	5	1	4	3	0	3	416	294	2	2	0
9391	3	6	1	4	3	0	2	391	3	2	2	0
9392	1	1	0	2	3	0	1	226	262	2	2	0
9393	14	5	1	3	0	0	2	375	599	1	2	0
9394	0	5	1	1	3	0	2	448	90	2	2	0
9395	15	1	0	2	0	0	0	100	101	2	2	0
9396	10	0	0	2	2	0	3	218	32	2	2	0
9397	21	3	0	3	3	1	1	450	543	1	2	0
9398	9	3	0	4	2	0	0	331	649	1	2	0
9399	20	5	0	4	3	0	2	478	16	2	1	1
9400	2	0	0	1	3	0	1	61	652	2	2	0
9401	21	2	0	1	3	0	0	370	325	2	2	0
9402	2	0	0	3	3	0	2	56	179	2	2	0
9403	2	2	0	3	1	0	3	275	43	2	2	0
9404	21	3	0	2	3	0	2	328	241	2	2	0
9405	15	3	0	2	0	0	2	218	81	1	2	1
9406	6	3	0	2	3	0	2	502	543	2	1	1
9407	6	1	0	4	1	0	0	419	378	2	2	0
9408	6	5	0	3	2	1	1	478	543	1	2	1
9409	1	0	0	4	3	0	0	478	548	1	2	0
9410	0	0	0	4	3	0	0	461	651	2	2	0
9411	11	0	0	2	0	0	2	52	678	1	2	0
9412	1	0	0	4	3	0	0	370	27	2	2	0
9413	14	4	0	2	3	0	2	416	606	2	0	0
9414	20	0	0	1	1	0	3	502	530	2	2	0
9415	0	2	0	4	0	0	3	370	89	2	2	0
9416	2	3	0	4	3	0	0	502	571	2	2	0
9417	4	0	0	3	3	0	0	502	241	2	2	0
9418	0	3	0	4	3	0	2	502	590	4	2	0
9419	3	1	0	1	0	0	3	328	389	3	2	0
9420	21	5	0	4	3	0	2	30	123	2	2	0
9421	16	1	0	3	0	0	2	328	318	2	2	0
9422	0	2	0	3	3	0	0	478	543	1	0	0
9423	0	5	1	2	3	0	2	414	241	2	2	1
9424	11	0	0	1	0	0	2	246	571	2	2	0
9425	16	1	0	1	0	0	1	370	130	1	2	1
9426	3	1	0	1	3	0	3	478	273	1	2	0
9427	2	1	0	1	3	0	2	530	142	2	2	0
9428	17	1	0	3	1	0	0	218	15	2	1	1
9429	20	0	0	4	3	0	3	502	543	2	2	0
9430	3	0	0	3	1	0	3	370	55	2	2	0
9431	1	5	0	3	3	0	2	39	625	2	2	0
9432	20	0	0	4	1	0	3	208	196	2	2	0
9433	2	6	1	4	3	0	2	497	11	2	2	0
9434	16	3	0	2	0	0	3	328	198	2	2	0
9435	16	0	0	2	0	0	0	357	496	1	2	0
9436	4	1	0	1	3	0	0	438	523	2	2	0
9437	0	1	0	4	3	1	1	414	241	1	2	1
9438	2	5	0	2	3	0	2	414	543	2	1	1
9439	18	3	1	2	1	0	3	180	611	1	2	0
9440	14	1	0	2	0	0	3	463	309	2	2	0
9441	0	0	0	1	3	0	2	478	174	1	2	0
9442	21	3	0	2	3	0	3	414	284	2	2	0
9443	1	6	1	2	3	0	2	324	543	2	2	0
9444	19	2	0	4	1	0	2	370	29	2	2	0
9445	2	3	0	2	3	0	2	324	222	2	2	0
9446	18	0	0	2	3	0	3	448	169	1	2	1
9447	17	2	0	1	1	0	1	370	219	1	2	1
9448	3	1	0	3	3	1	1	370	33	2	2	0
9449	16	1	0	1	3	0	2	370	55	2	2	0
9450	19	1	0	1	1	1	1	370	241	1	2	0
9451	18	6	0	2	3	0	2	218	90	2	1	1
9452	2	5	1	2	3	0	3	328	95	2	1	1
9453	16	0	0	1	0	0	3	277	348	2	2	0
9454	1	3	0	2	3	0	2	208	340	2	0	0
9455	0	4	0	1	3	1	1	125	180	1	2	0
9456	19	5	0	2	1	0	2	328	130	1	2	1
9457	16	4	0	1	3	0	2	370	340	1	0	0
9458	1	2	0	1	3	0	0	502	42	2	2	0
9459	0	6	0	4	1	0	2	532	598	2	2	1
9460	18	1	0	1	3	0	2	190	241	2	2	0
9461	23	3	0	2	3	0	1	271	487	2	2	0
9462	4	2	0	3	3	0	2	336	543	2	2	0
9463	4	1	0	1	3	1	1	218	223	1	2	0
9464	19	6	0	4	3	0	2	391	543	2	0	0
9465	0	4	0	2	3	0	2	530	90	2	1	0
9466	23	6	1	4	3	1	1	444	65	2	2	0
9467	1	0	0	2	0	1	0	414	257	2	2	0
9468	18	2	0	1	1	0	1	551	642	2	2	0
9469	12	4	0	3	1	0	1	526	543	2	2	0
9470	2	0	0	2	2	0	0	72	191	1	2	0
9471	3	1	0	1	0	0	1	436	223	1	2	1
9472	5	0	0	3	3	0	2	37	43	2	2	0
9473	19	2	0	4	3	1	0	414	147	2	2	0
9474	20	0	0	1	1	0	3	218	318	2	2	0
9475	0	5	0	4	1	0	3	478	318	2	2	0
9476	3	5	1	1	3	0	2	324	571	2	2	0
9477	23	5	1	1	3	1	0	5	543	1	2	0
9478	2	1	0	4	3	0	2	454	397	2	1	1
9479	20	6	0	2	1	0	0	391	304	2	2	0
9480	19	0	0	3	1	0	2	37	272	1	2	1
9481	0	3	0	1	3	0	0	370	304	2	2	0
9482	1	6	1	4	3	0	2	384	543	1	2	0
9483	19	2	0	2	3	0	2	425	340	1	0	0
9484	0	0	0	1	1	0	0	502	571	1	2	0
9485	19	2	0	3	3	0	2	391	241	2	2	0
9486	3	3	0	2	3	0	2	370	598	4	1	0
9487	1	4	0	1	3	0	2	125	543	2	1	0
9488	13	2	0	3	0	0	0	0	625	2	2	0
9489	0	6	1	2	3	0	2	502	49	2	2	0
9490	19	3	0	2	1	0	2	478	37	2	2	0
9491	1	0	0	3	3	0	2	391	51	2	1	1
9492	1	6	1	3	3	0	2	419	3	2	2	0
9493	0	1	0	2	3	0	3	463	426	2	2	0
9494	16	0	0	2	3	0	2	324	543	2	2	0
9495	3	0	0	3	3	0	3	142	55	2	2	0
9496	3	0	0	2	3	0	3	436	487	2	2	0
9497	0	0	0	3	0	0	2	328	241	1	2	1
9498	15	4	0	2	0	0	0	383	294	2	2	0
9499	22	0	0	1	3	0	2	419	241	2	2	1
9500	20	6	0	1	3	0	2	370	16	3	1	1
9501	14	4	0	4	0	0	3	86	294	4	2	0
9502	4	1	0	4	1	1	0	185	55	1	2	0
9503	13	1	0	2	0	0	3	118	555	2	2	0
9504	0	3	0	4	3	1	1	314	570	2	2	0
9505	15	3	0	1	0	1	0	452	328	2	2	0
9506	13	5	1	1	0	0	2	370	322	1	2	0
9507	0	1	0	3	0	0	0	378	169	1	2	0
9508	3	4	0	3	3	0	0	444	322	2	2	0
9509	3	5	1	4	3	1	1	478	50	1	2	0
9510	16	1	0	2	0	0	2	502	42	2	2	0
9511	14	2	0	3	1	0	2	323	284	2	2	0
9512	6	3	0	4	3	0	2	502	294	2	2	0
9513	4	0	0	1	3	0	0	391	1	2	2	0
9514	0	5	1	3	1	0	0	391	616	2	2	0
9515	18	2	0	4	1	1	1	370	130	2	2	1
9516	17	4	0	4	3	0	2	218	95	1	2	1
9517	21	2	0	1	3	0	3	511	106	2	2	0
9518	2	3	0	1	0	0	2	229	512	2	2	0
9519	13	6	0	2	1	0	0	328	214	2	2	0
9520	0	6	0	1	3	0	0	391	18	2	2	0
9521	17	0	0	1	3	0	2	72	389	2	2	0
9522	3	6	1	3	3	0	1	444	525	2	2	0
9523	0	1	0	2	0	0	0	370	241	2	2	0
9524	2	2	0	1	3	0	2	357	543	1	2	0
9525	14	5	1	4	0	0	3	374	229	2	2	0
9526	5	2	0	1	1	0	2	0	177	2	2	0
9527	2	0	0	1	0	0	2	370	571	2	2	0
9528	2	3	0	2	3	0	1	218	439	2	2	0
9529	0	2	0	3	3	0	2	230	222	3	2	0
9530	19	3	0	2	3	0	3	416	678	2	2	0
9531	1	4	0	1	3	0	3	502	294	2	2	0
9532	1	0	0	1	3	0	2	370	123	2	1	0
9533	23	2	0	4	3	0	2	454	142	3	2	0
9534	14	1	0	3	0	0	2	218	130	1	2	0
9535	18	1	0	3	3	0	0	370	110	2	2	1
9536	0	1	0	3	3	0	2	246	543	2	1	0
9537	0	2	0	3	1	0	2	250	241	1	2	1
9538	14	4	0	3	0	0	3	324	590	3	2	0
9539	8	0	0	1	1	0	2	502	174	2	2	0
9540	17	0	0	3	1	0	0	419	526	2	2	0
9541	1	6	0	3	3	0	3	391	606	2	0	0
9542	15	1	0	3	0	0	3	198	51	2	2	0
9543	4	1	0	3	3	0	2	218	119	1	2	0
9544	15	2	0	3	0	1	1	218	398	1	2	0
9545	16	0	0	3	0	0	3	478	222	3	2	0
9546	14	6	0	2	0	0	2	230	543	1	2	0
9547	0	2	0	2	3	1	0	458	82	2	2	0
9548	23	4	0	3	3	0	0	223	81	1	2	1
9549	14	2	0	3	0	0	2	357	401	1	2	0
9550	4	5	0	1	3	0	2	194	426	2	2	0
9551	1	0	0	4	3	0	2	391	498	2	2	0
9552	19	0	0	1	1	1	1	370	543	1	2	0
9553	2	1	1	1	0	0	0	502	530	2	2	0
9554	23	1	0	1	3	0	2	561	15	1	2	1
9555	16	6	1	4	0	0	2	446	472	2	2	0
9556	3	3	0	2	1	0	1	89	676	2	2	0
9557	4	1	0	1	1	0	3	502	322	1	2	0
9558	8	6	1	4	2	0	0	479	454	2	2	0
9559	18	0	0	1	1	0	0	414	365	1	2	0
9560	12	6	1	3	0	0	3	532	318	2	2	0
9561	18	3	0	2	3	0	0	79	543	2	2	0
9562	2	0	0	2	3	0	2	7	543	2	1	1
9563	14	1	0	2	0	0	1	45	169	1	2	0
9564	1	3	0	1	1	0	2	190	241	2	2	1
9565	3	5	1	4	3	0	2	342	467	3	2	0
9566	15	0	0	4	0	0	2	478	167	2	2	0
9567	16	6	1	1	0	0	1	532	543	1	2	0
9568	0	6	0	4	0	0	3	135	543	1	2	0
9569	0	3	0	2	3	0	2	324	294	2	2	0
9570	1	1	0	1	3	0	1	502	241	1	2	1
9571	17	2	0	2	1	0	2	416	512	2	2	0
9572	3	6	0	2	3	0	2	289	426	2	2	0
9573	3	6	1	1	3	0	0	502	115	2	1	1
9574	14	1	0	2	0	0	1	414	212	1	2	0
9575	18	3	0	2	1	1	1	419	315	1	0	1
9576	17	4	0	1	1	0	2	304	32	1	2	0
9577	1	0	0	1	3	0	2	444	553	2	2	0
9578	20	1	0	3	1	0	2	159	42	2	2	0
9579	19	5	0	2	1	0	1	7	571	3	2	0
9580	0	6	0	3	1	0	2	391	130	2	2	0
9581	20	3	0	3	1	0	2	391	543	1	2	0
9582	0	0	0	2	0	0	2	478	543	1	2	0
9583	14	0	0	1	1	0	2	478	407	2	2	0
9584	20	6	0	3	3	0	2	328	543	2	1	1
9585	2	1	0	1	3	0	2	125	693	2	2	0
9586	13	4	0	2	1	0	0	370	246	1	2	0
9587	3	0	0	3	3	0	3	218	317	2	2	0
9588	22	0	0	2	3	1	1	106	257	2	2	0
9589	0	0	0	2	3	0	3	502	186	2	2	0
9590	15	2	0	3	3	0	2	370	661	2	2	0
9591	23	5	0	2	3	1	0	502	241	1	2	1
9592	16	0	0	2	0	0	1	58	543	1	2	0
9593	2	1	0	1	3	0	0	328	43	2	2	0
9594	12	0	0	3	0	1	1	328	518	2	2	0
9595	23	5	1	2	3	0	3	53	496	2	2	0
9596	2	5	0	1	3	1	1	61	123	1	2	1
9597	3	1	0	1	1	0	1	414	543	2	2	0
9598	0	1	0	2	3	0	2	328	341	2	1	1
9599	16	6	1	2	0	0	3	26	543	1	2	0
9600	3	3	0	2	0	0	3	218	22	1	2	0
9601	1	0	0	2	3	0	0	95	590	2	2	0
9602	0	6	1	1	3	0	0	346	234	2	2	0
9603	17	2	0	3	1	0	1	502	621	2	2	0
9604	0	0	0	3	3	0	2	478	34	2	2	0
9605	1	6	0	2	3	0	2	328	129	3	1	0
9606	1	1	0	1	2	0	1	81	543	1	2	0
9607	16	2	0	1	3	0	2	419	42	2	2	0
9608	21	1	0	1	3	1	1	324	571	1	2	0
9609	3	6	1	1	3	0	2	502	366	2	2	0
9610	3	2	0	1	0	0	3	566	281	2	2	0
9611	20	0	0	1	1	1	1	103	147	2	2	0
9612	15	3	0	4	0	0	2	246	223	1	2	0
9613	4	0	0	4	3	0	2	419	304	2	0	1
9614	23	2	0	3	3	0	3	448	309	2	2	0
9615	16	0	0	4	1	0	2	61	94	2	2	1
9616	6	4	0	2	2	1	1	15	526	2	2	0
9617	2	0	0	2	3	0	3	391	543	2	2	1
9618	3	0	0	4	3	0	1	125	362	3	2	0
9619	19	1	0	1	1	0	2	328	197	2	2	0
9620	1	1	0	3	3	0	2	419	590	2	2	0
9621	17	3	0	2	1	0	1	81	543	1	2	0
9622	16	3	0	1	0	0	3	200	304	2	2	0
9623	1	3	0	1	3	0	3	414	33	2	2	0
9624	5	2	0	1	3	0	0	296	369	4	2	0
9625	14	2	0	2	0	0	0	246	241	2	2	0
9626	0	2	0	3	3	0	2	288	496	1	2	0
9627	0	4	0	1	3	0	0	391	173	2	2	0
9628	19	6	0	1	3	0	3	502	393	2	2	0
9629	3	0	0	4	3	0	2	502	432	2	1	1
9630	20	4	0	2	3	0	2	267	283	2	2	0
9631	22	0	0	2	3	0	0	502	42	2	2	0
9632	5	0	0	4	3	0	2	125	496	3	2	0
9633	16	5	1	1	0	1	0	80	550	1	2	1
9634	18	0	0	1	1	0	2	511	340	1	0	1
9635	20	2	0	3	1	0	3	145	571	2	2	0
9636	15	3	0	2	3	0	2	370	543	3	1	0
9637	18	0	0	3	1	1	0	414	273	1	2	0
9638	20	4	0	3	1	0	3	80	241	2	2	1
9639	19	5	1	3	1	0	2	61	489	2	2	0
9640	17	0	0	1	1	0	2	518	216	2	2	0
9641	0	0	0	2	3	0	3	328	496	1	2	0
9642	1	5	1	2	3	0	2	125	543	2	1	0
9643	23	5	0	1	3	0	2	271	340	2	2	1
9644	18	6	0	2	3	0	0	162	587	3	1	1
9645	2	5	1	1	3	0	2	194	241	2	2	0
9646	2	5	0	3	3	0	2	414	123	1	2	0
9647	1	2	0	1	3	0	3	370	496	1	2	0
9648	17	5	0	1	3	0	1	332	571	2	2	0
9649	1	0	0	1	3	0	2	296	587	3	2	0
9650	17	4	0	4	1	1	1	324	229	2	2	0
9651	7	2	0	4	1	0	0	56	169	1	2	0
9652	21	4	0	2	3	0	2	330	142	2	2	0
9653	1	6	1	2	3	0	2	370	388	2	2	0
9654	21	0	0	1	3	1	0	414	198	3	2	0
9655	0	3	0	1	0	0	1	230	408	2	2	0
9656	22	5	1	1	3	0	2	257	625	1	2	0
9657	16	4	0	4	0	0	2	370	50	2	2	0
9658	0	0	0	3	0	0	0	239	241	2	2	0
9659	4	1	0	1	3	1	1	502	543	2	1	0
9660	0	0	0	1	3	0	3	218	49	2	2	0
9661	6	3	0	1	0	0	3	502	294	3	2	0
9662	20	1	0	3	1	0	2	63	144	2	0	1
9663	22	0	0	4	3	1	1	502	304	2	2	0
9664	19	0	0	4	1	0	3	370	55	2	2	0
9665	18	4	0	2	3	0	3	186	234	2	2	0
9666	14	2	0	4	0	1	1	72	353	2	2	0
9667	20	5	1	2	1	0	3	419	304	2	2	0
9668	18	5	0	3	3	0	2	164	543	1	2	1
9669	2	4	0	1	3	0	2	357	309	2	2	0
9670	17	0	0	3	3	0	3	81	16	2	1	0
9671	2	2	0	4	3	0	2	310	284	1	2	0
9672	21	0	0	1	3	0	2	370	43	2	2	0
9673	3	6	1	1	1	0	2	414	426	1	2	0
9674	20	2	0	1	1	0	2	142	505	2	2	0
9675	21	3	0	1	3	0	3	93	145	2	2	0
9676	17	6	0	1	3	0	2	419	214	2	2	0
9677	2	5	1	3	3	0	3	125	88	2	0	0
9678	20	2	0	3	3	0	0	279	273	2	2	0
9679	0	5	1	2	3	0	3	370	198	2	2	0
9680	1	1	0	2	0	0	2	492	487	2	2	0
9681	17	0	0	1	1	0	3	370	378	2	2	0
9682	20	1	0	2	1	0	0	81	518	2	2	0
9683	19	0	0	2	1	1	1	506	55	1	2	0
9684	18	2	0	3	1	0	2	328	234	2	2	0
9685	1	6	1	2	3	0	3	215	3	2	2	0
9686	20	0	0	3	1	0	2	502	316	2	2	0
9687	2	3	0	3	3	0	2	354	543	1	0	1
9688	14	6	0	1	3	0	0	324	241	1	2	0
9689	8	1	0	2	0	0	0	324	257	2	2	0
9690	21	6	0	1	3	0	0	370	55	1	2	0
9691	12	0	0	1	0	0	0	370	195	2	2	0
9692	21	1	0	4	3	0	2	218	81	1	2	0
9693	3	1	0	3	3	0	0	328	432	2	1	1
9694	1	5	1	1	3	0	2	548	496	1	2	0
9695	15	0	0	1	3	0	2	103	543	1	2	1
9696	4	6	1	2	0	0	1	438	214	2	2	0
9697	18	0	0	3	3	0	2	142	214	1	2	1
9698	2	2	0	2	3	0	2	52	543	1	2	0
9699	2	5	0	2	3	0	0	324	223	1	2	0
9700	16	1	0	3	0	0	2	391	262	2	2	0
9701	1	1	0	2	3	0	2	391	241	2	2	1
9702	23	0	0	3	3	0	2	63	76	2	2	0
9703	2	2	0	1	1	0	0	530	55	1	2	0
9704	20	5	0	1	1	0	0	478	550	2	2	1
9705	22	1	0	2	3	0	0	229	318	2	2	0
9706	19	1	0	1	1	0	3	399	43	2	2	0
9707	15	3	0	2	0	0	1	61	306	1	2	0
9708	2	6	1	2	3	0	2	391	448	2	2	0
9709	7	2	0	2	0	0	0	444	246	1	2	0
9710	1	0	0	1	3	0	0	37	385	2	2	0
9711	3	2	0	4	3	0	2	530	482	2	2	0
9712	17	0	0	1	1	0	2	370	55	2	2	0
9713	1	3	0	2	3	1	1	370	50	1	2	0
9714	15	3	0	2	3	0	2	36	432	2	1	0
9715	15	4	0	2	0	0	0	271	241	1	2	0
9716	23	3	0	4	3	0	2	419	550	1	2	1
9717	12	2	0	2	0	0	2	185	571	3	2	0
9718	15	3	0	1	0	0	2	139	55	2	2	0
9719	15	0	0	3	0	1	0	328	543	1	2	1
9720	1	4	0	2	3	0	3	478	90	2	1	0
9721	20	5	0	2	1	0	2	370	123	1	2	1
9722	2	0	0	1	3	0	2	532	553	2	1	1
9723	0	3	0	2	3	0	2	37	397	2	2	0
9724	1	0	0	3	3	1	1	218	571	2	2	0
9725	0	0	0	3	1	0	3	36	561	2	2	0
9726	15	5	1	2	1	0	3	502	334	2	2	0
9727	17	0	0	3	3	0	2	528	432	2	1	1
9728	2	0	0	2	3	0	2	169	340	2	1	1
9729	19	4	0	2	1	0	2	502	432	1	1	0
9730	2	4	0	2	3	0	2	502	402	1	2	1
9731	9	0	0	3	1	0	2	4	232	2	2	0
9732	19	5	0	2	3	0	2	370	241	2	2	0
9733	1	2	0	3	3	0	0	391	571	2	2	0
9734	21	5	0	4	3	0	2	81	119	1	1	0
9735	0	1	0	1	3	0	2	303	294	2	2	0
9736	1	3	0	3	3	0	3	197	101	2	2	0
9737	12	0	0	2	1	0	2	478	673	4	2	0
9738	20	0	0	4	1	0	2	502	687	2	2	0
9739	2	0	0	2	3	0	3	81	214	3	2	0
9740	20	5	0	3	1	0	2	293	241	1	2	0
9741	5	0	0	3	1	0	0	478	378	2	2	0
9742	3	3	0	2	3	0	3	324	16	1	2	0
9743	18	5	0	2	3	0	2	14	179	1	2	0
9744	1	1	0	1	0	0	2	370	317	1	2	0
9745	2	5	0	1	0	0	3	551	496	1	2	0
9746	1	5	0	1	3	0	2	492	468	2	1	1
9747	4	3	0	3	0	0	1	125	543	2	0	0
9748	18	6	0	1	1	0	2	328	3	2	2	0
9749	5	4	0	1	3	0	3	91	3	2	2	0
9750	20	0	0	1	0	0	3	502	432	1	1	1
9751	12	3	0	1	3	0	2	370	543	1	2	0
9752	20	1	0	3	1	0	0	185	543	1	2	0
9753	1	3	0	4	3	0	2	478	543	2	0	1
9754	0	0	0	3	3	0	2	478	543	2	0	1
9755	0	6	0	3	3	0	0	391	543	1	0	0
9756	13	6	1	1	0	1	0	218	661	2	2	0
9757	1	6	0	3	3	0	2	328	323	2	1	1
9758	23	6	1	3	3	0	3	125	543	2	1	1
9759	0	5	0	3	1	0	2	61	378	2	2	0
9760	15	1	0	1	1	0	2	391	262	2	2	0
9761	1	2	0	2	3	0	2	328	600	2	1	0
9762	22	0	0	3	3	0	0	370	241	2	2	0
9763	1	6	0	3	3	0	0	45	222	2	2	0
9764	1	0	0	1	3	0	2	139	43	2	2	0
9765	20	5	1	3	1	0	1	478	241	2	2	0
9766	13	5	0	1	0	0	2	61	389	2	2	0
9767	17	2	0	4	1	1	1	127	76	2	2	0
9768	14	1	0	1	1	0	3	81	16	2	1	1
9769	0	6	1	1	3	0	2	108	241	1	2	1
9770	13	0	0	3	0	0	0	360	543	1	2	0
9771	0	6	0	1	3	0	2	61	543	2	1	1
9772	15	1	0	4	0	0	3	566	262	2	2	0
9773	18	6	0	1	1	1	1	478	377	2	2	0
9774	15	1	0	3	0	0	2	81	309	2	2	0
9775	7	0	0	3	1	0	2	461	51	1	1	0
9776	19	0	0	1	1	0	0	13	124	2	2	0
9777	16	3	0	1	1	0	3	274	55	2	2	0
9778	4	3	0	1	3	0	3	248	571	1	2	0
9779	1	0	0	1	3	0	3	125	16	2	1	1
9780	17	2	0	3	1	0	0	125	294	2	2	0
9781	17	0	0	1	1	0	1	502	262	2	2	0
9782	23	5	0	2	3	0	0	40	315	1	2	0
9783	20	0	0	2	1	0	3	419	241	2	2	0
9784	1	4	1	1	3	0	3	343	55	2	2	0
9785	0	6	0	3	3	0	2	378	241	2	1	1
9786	2	2	0	2	3	0	2	374	432	2	1	0
9787	1	4	0	4	3	0	0	37	1	2	2	0
9788	18	0	0	3	1	1	1	81	378	2	2	0
9789	16	4	0	3	3	0	2	370	241	2	2	0
9790	20	1	0	3	1	0	0	370	241	2	2	0
9791	15	3	0	1	0	0	2	230	214	2	2	0
9792	6	1	0	1	2	0	3	190	196	1	2	0
9793	22	6	0	4	3	0	2	527	115	2	2	1
9794	20	5	1	1	0	0	2	54	174	2	2	0
9795	19	2	0	3	1	0	2	391	170	2	2	0
9796	2	1	0	3	3	0	2	461	495	2	2	0
9797	15	2	0	3	1	0	3	370	543	1	2	0
9798	22	1	0	2	3	1	1	52	223	1	2	1
9799	16	6	0	3	0	0	3	324	571	1	2	0
9800	14	5	0	1	0	0	0	186	317	2	2	0
9801	12	2	0	1	0	0	0	234	670	2	2	0
9802	18	0	0	1	3	0	2	37	619	1	2	0
9803	13	5	0	3	0	0	3	72	585	2	1	1
9804	0	0	0	1	2	0	2	328	104	2	2	0
9805	14	0	0	1	0	0	2	370	124	2	2	0
9806	17	5	0	2	3	0	0	528	423	2	1	1
9807	14	5	1	1	0	0	3	328	587	2	2	0
9808	3	2	0	2	3	0	2	296	629	2	2	0
9809	13	0	0	4	0	0	2	503	361	2	2	0
9810	1	5	0	3	3	0	0	328	485	2	2	0
9811	23	0	0	2	3	0	3	226	89	2	2	0
9812	16	0	0	1	3	0	3	61	223	1	2	1
9813	21	3	0	1	3	0	0	10	243	2	2	1
9814	14	5	1	2	0	0	1	478	119	1	2	0
9815	2	1	0	2	0	0	2	414	304	2	2	0
9816	15	1	0	4	3	0	2	140	229	2	2	0
9817	19	2	0	2	1	0	2	478	201	2	2	0
9818	19	3	0	1	1	0	0	370	42	2	2	0
9819	23	5	1	3	3	0	2	414	364	1	2	0
9820	4	1	0	1	1	0	2	293	391	2	2	0
9821	1	1	0	3	3	0	2	502	55	1	2	0
9822	2	4	0	3	3	0	2	370	426	2	2	0
9823	0	1	0	2	3	0	2	370	3	2	2	0
9824	12	0	0	1	0	0	3	370	567	2	2	0
9825	0	6	0	3	3	0	2	414	690	2	1	1
9826	21	5	1	1	3	0	2	502	43	2	2	0
9827	1	0	0	2	3	0	3	159	548	1	2	0
9828	4	5	1	4	3	1	1	518	194	2	2	0
9829	1	6	1	3	3	0	2	153	550	2	1	0
9830	22	4	0	3	3	0	0	328	98	2	2	0
9831	0	1	0	1	3	0	0	370	378	2	2	0
9832	7	1	0	1	1	0	2	502	294	3	2	0
9833	1	0	0	3	3	0	3	197	584	2	2	0
9834	1	6	0	1	3	0	2	13	16	2	1	0
9835	15	5	1	1	0	0	2	218	553	2	2	1
9836	16	3	0	3	0	0	0	45	145	2	2	0
9837	14	0	0	2	3	0	2	502	487	2	2	0
9838	2	0	0	2	3	0	2	93	340	2	2	1
9839	15	1	0	3	3	0	3	296	43	2	2	0
9840	0	2	0	2	3	0	2	324	241	1	2	1
9841	3	3	0	2	3	0	1	46	304	2	2	0
9842	15	0	0	3	1	0	3	461	90	1	2	1
9843	23	2	0	3	3	0	2	37	629	2	2	0
9844	0	6	0	1	3	0	2	419	147	2	2	0
9845	4	3	0	3	1	0	3	432	426	2	2	0
9846	16	5	1	2	0	0	3	475	3	2	2	0
9847	22	2	0	3	3	0	2	419	309	2	2	0
9848	18	5	1	2	1	0	2	233	273	2	2	0
9849	0	3	1	1	1	0	0	239	213	2	2	0
9850	2	5	1	1	3	0	2	324	543	1	2	0
9851	15	5	1	3	0	0	2	81	255	2	2	0
9852	14	3	0	1	0	0	1	305	223	1	2	1
9853	3	4	0	1	3	0	1	12	543	2	1	1
9854	15	2	0	3	0	0	3	163	179	2	2	0
9855	17	1	0	2	1	1	1	218	543	1	2	0
9856	1	6	0	4	3	0	2	127	543	2	1	1
9857	16	0	0	1	1	0	2	10	543	1	2	1
9858	17	2	0	2	1	0	3	370	530	2	2	0
9859	21	2	0	1	3	0	3	414	560	2	2	0
9860	4	0	0	1	0	0	3	502	294	2	2	0
9861	2	6	1	1	0	0	2	324	41	2	2	0
9862	1	3	0	3	1	0	2	527	309	2	2	0
9863	1	0	0	1	1	0	1	423	543	1	1	1
9864	19	0	0	1	3	0	2	328	90	2	1	1
9865	0	2	0	1	1	0	2	502	543	1	2	0
9866	3	0	0	1	3	0	2	26	272	1	1	1
9867	17	4	0	3	1	0	3	370	294	2	2	0
9868	23	4	0	1	3	0	2	478	322	1	2	1
9869	3	2	0	1	1	0	2	419	613	2	2	0
9870	16	3	0	3	1	0	2	370	246	1	2	0
9871	1	2	0	1	3	0	2	505	238	2	2	0
9872	0	5	1	4	2	0	2	502	55	1	2	0
9873	21	4	0	1	3	0	0	478	224	2	2	0
9874	14	1	0	3	0	0	1	551	43	2	2	0
9875	20	6	0	3	1	0	3	391	611	1	2	0
9876	17	3	0	3	1	0	2	391	378	1	2	0
9877	0	1	0	3	3	0	2	202	571	2	2	0
9878	0	0	0	1	3	1	0	125	590	3	2	0
9879	3	1	0	1	3	0	2	203	123	2	2	0
9880	2	1	0	1	0	0	1	324	214	2	2	0
9881	2	0	0	3	3	1	1	416	571	2	2	0
9882	12	2	0	4	0	0	0	30	214	2	2	0
9883	23	3	0	3	3	0	2	159	198	2	2	0
9884	0	1	0	2	1	0	2	81	661	2	2	0
9885	19	6	0	3	3	0	2	370	51	2	1	0
9886	23	1	0	2	3	0	2	218	543	1	0	0
9887	22	6	0	3	3	0	0	502	33	2	1	1
9888	18	0	0	1	1	0	2	391	186	2	2	0
9889	23	2	0	2	3	0	0	425	16	1	2	0
9890	1	2	0	1	3	0	2	478	169	2	0	1
9891	1	3	0	2	3	1	1	218	241	2	2	0
9892	19	0	0	1	1	0	3	502	294	2	2	0
9893	17	0	0	1	1	0	2	189	55	4	2	0
9894	0	0	0	1	3	0	2	324	571	3	2	0
9895	14	3	0	3	0	1	0	122	43	2	2	0
9896	23	2	0	1	3	0	3	37	570	2	2	0
9897	1	1	0	1	3	0	3	452	241	1	2	0
9898	1	3	0	2	0	0	1	218	241	1	2	0
9899	22	2	0	3	3	0	0	350	119	1	2	0
9900	19	0	0	4	1	0	3	200	517	2	2	0
9901	2	3	0	4	3	0	3	450	406	3	2	0
9902	16	4	0	4	3	0	2	218	382	2	2	0
9903	17	2	0	1	3	1	1	463	543	2	0	0
9904	8	1	0	1	1	0	0	370	398	2	2	0
9905	23	0	0	3	3	0	2	419	20	2	2	0
9906	0	6	0	3	3	0	2	81	223	2	1	1
9907	20	4	0	1	1	1	1	125	182	1	1	0
9908	0	1	0	1	3	1	0	194	587	1	2	0
9909	1	0	0	1	3	0	2	456	273	2	2	0
9910	14	0	0	3	0	0	2	86	167	2	2	0
9911	12	1	0	4	0	0	3	482	201	3	2	0
9912	18	5	0	2	3	0	2	43	354	2	0	0
9913	17	2	0	4	1	0	0	502	587	1	2	0
9914	17	3	0	1	1	0	2	478	55	2	2	0
9915	6	1	0	1	0	0	2	157	15	3	1	0
9916	2	3	0	3	0	0	0	350	246	1	2	0
9917	11	0	0	1	1	0	3	324	200	2	2	0
9918	7	2	0	1	2	0	2	149	378	2	2	0
9919	14	2	0	2	1	1	1	370	652	2	2	0
9920	0	0	0	2	3	0	1	370	318	2	2	0
9921	4	3	0	1	1	0	1	461	284	3	2	0
9922	23	2	0	2	3	0	0	125	640	2	2	0
9923	0	1	0	2	0	0	0	334	543	2	2	0
9924	0	0	0	2	3	0	0	444	182	1	1	0
9925	22	6	1	4	3	0	2	324	340	3	1	1
9926	14	5	0	1	0	0	1	518	171	2	2	0
9927	12	1	0	3	0	0	2	370	571	2	2	0
9928	13	5	1	1	0	0	2	370	472	1	2	0
9929	17	2	0	3	1	0	2	332	590	2	2	0
9930	19	4	0	1	3	0	2	478	598	2	1	0
9931	14	2	0	3	0	0	3	339	101	2	2	0
9932	1	3	0	4	1	0	3	218	43	2	2	0
9933	16	6	0	1	3	0	2	519	45	1	2	0
9934	20	0	0	2	1	0	3	290	543	3	2	0
9935	1	0	0	4	1	1	0	398	3	2	2	0
9936	13	0	0	1	1	0	2	328	3	2	2	0
9937	5	4	0	2	1	0	2	391	616	2	2	0
9938	18	0	0	2	1	1	0	185	341	1	2	0
9939	1	2	0	1	3	0	3	370	217	4	2	0
9940	15	2	0	1	0	0	0	30	214	2	2	0
9941	4	3	0	2	0	0	2	275	16	2	1	0
9942	5	2	1	2	0	0	1	328	543	2	2	0
9943	2	4	1	3	0	0	3	461	304	2	2	0
9944	20	2	0	2	3	0	1	391	241	2	1	0
9945	13	6	1	2	0	0	3	551	55	2	2	0
9946	15	5	1	2	3	0	2	218	322	2	2	0
9947	0	0	0	2	3	0	3	432	433	2	2	0
9948	0	0	0	3	1	0	2	125	543	2	1	1
9949	19	0	0	4	1	1	1	444	51	2	1	0
9950	0	2	0	1	3	0	2	201	90	1	2	0
9951	2	6	0	3	3	0	2	159	543	1	2	1
9952	18	0	0	1	1	0	1	139	341	2	2	0
9953	18	1	0	1	3	0	1	370	543	1	2	0
9954	23	0	0	4	3	0	0	550	178	2	1	1
9955	19	1	0	3	1	0	2	189	33	2	2	0
9956	5	0	0	2	0	0	0	429	435	2	2	0
9957	1	6	0	1	3	0	2	15	55	2	2	0
9958	2	6	1	2	3	0	2	37	241	3	2	1
9959	16	3	0	3	0	0	0	310	571	2	2	0
9960	18	6	0	3	1	0	2	502	43	2	2	0
9961	5	0	0	1	3	1	0	203	3	2	2	0
9962	21	1	0	3	3	0	0	414	377	1	2	0
9963	21	3	0	2	3	0	2	8	55	2	2	0
9964	2	3	0	1	0	0	3	61	284	2	2	0
9965	1	0	0	1	0	0	0	111	561	2	2	0
9966	17	5	1	3	1	0	3	374	538	2	2	0
9967	3	3	0	1	0	0	0	444	223	1	2	0
9968	0	2	0	3	1	0	1	391	423	2	1	0
9969	14	0	0	1	0	0	3	374	426	2	2	0
9970	1	1	0	4	1	0	2	419	414	2	2	0
9971	3	0	0	3	1	0	2	125	309	2	2	0
9972	6	1	0	1	2	0	2	419	512	2	2	0
9973	1	6	1	2	3	0	3	328	484	2	2	0
9974	22	0	0	1	3	0	2	419	680	2	2	0
9975	20	2	0	1	3	0	0	370	241	1	2	0
9976	13	0	0	1	0	0	0	370	406	3	2	0
9977	2	0	0	1	3	0	2	125	16	2	1	1
9978	12	0	0	3	0	0	3	370	281	2	2	0
9979	20	0	0	1	1	0	2	370	15	2	2	0
9980	2	3	0	1	3	1	1	159	571	2	2	0
9981	2	4	0	3	3	0	0	370	123	2	2	0
9982	16	0	0	3	3	0	3	326	598	2	1	0
9983	4	1	0	3	3	0	2	159	43	2	2	0
9984	16	6	1	3	0	0	0	391	640	2	2	0
9985	16	1	0	1	0	0	2	370	294	2	2	0
9986	14	2	0	3	0	0	2	87	229	2	2	0
9987	3	1	0	4	3	0	2	370	317	2	2	0
9988	0	6	0	3	3	0	2	416	543	3	2	0
9989	1	4	0	1	3	0	2	128	123	2	2	0
9990	3	2	0	1	3	0	2	324	606	2	1	1
9991	18	6	0	3	1	0	2	391	690	2	1	1
9992	19	2	0	3	1	1	0	218	81	2	1	1
9993	13	6	1	3	0	0	3	370	81	2	2	1
9994	16	6	0	3	0	0	0	478	543	1	2	0
9995	1	4	0	1	3	0	3	296	51	3	1	1
9996	0	0	0	1	3	0	1	419	304	2	2	0
9997	13	2	0	3	0	1	1	370	543	2	2	0
9998	16	1	0	2	3	0	2	502	48	2	2	0
9999	3	0	0	2	3	0	2	328	587	2	1	1
10000	22	5	1	3	3	0	0	229	512	2	2	0
10001	2	1	0	1	1	0	0	49	33	2	2	0
10002	23	5	0	3	3	0	2	474	241	2	2	1
10003	3	1	0	1	0	1	1	149	115	2	2	0
10004	0	2	0	3	1	0	3	328	346	2	2	0
10005	15	6	0	1	3	0	1	125	340	2	0	1
10006	17	5	0	1	3	0	2	408	241	1	0	0
10007	17	2	0	3	1	0	3	478	543	1	2	0
10008	6	6	0	1	2	0	0	502	543	1	2	0
10009	5	2	0	2	3	1	0	398	194	2	2	0
10010	16	2	0	1	0	0	3	370	194	2	2	0
10011	2	6	1	1	3	0	2	391	106	2	2	0
10012	20	1	0	4	1	0	2	532	629	2	2	0
10013	1	0	0	2	3	0	0	419	403	2	2	0
10014	18	3	0	3	3	0	1	414	51	1	2	0
10015	1	0	0	1	1	0	3	125	571	2	2	0
10016	2	0	0	3	3	0	2	268	343	2	2	0
10017	16	0	0	3	0	0	3	196	571	3	2	0
10018	0	0	0	3	3	0	0	391	423	1	1	0
10019	3	2	0	1	3	0	2	419	434	2	2	0
10020	3	1	0	1	3	0	2	370	309	2	2	0
10021	1	0	0	2	0	0	1	328	3	2	2	0
10022	18	1	0	3	0	0	2	370	284	3	2	0
10023	14	5	0	1	3	0	2	370	678	2	2	0
10024	19	5	1	3	1	0	0	218	43	2	2	0
10025	4	0	0	1	3	0	2	179	3	2	2	0
10026	19	2	0	2	1	0	2	391	103	2	2	0
10027	16	5	0	1	0	0	1	240	119	1	2	0
10028	5	1	0	1	3	0	3	502	16	1	2	1
10029	17	4	0	1	1	1	1	500	482	2	2	0
10030	19	6	1	4	1	0	2	419	680	2	2	0
10031	18	4	0	4	1	0	0	200	543	2	2	0
10032	4	1	0	2	1	0	2	502	388	2	2	0
10033	4	6	0	2	3	0	2	444	90	2	0	0
10034	22	3	0	3	3	0	2	326	110	1	2	0
10035	18	3	0	3	3	0	2	328	666	2	1	0
10036	19	5	0	2	3	0	3	502	315	1	2	1
10037	13	4	0	2	0	0	3	461	298	2	2	0
10038	20	5	1	1	1	1	1	370	496	2	2	0
10039	1	5	0	1	3	0	2	37	341	2	0	0
10040	22	2	0	4	3	0	3	328	318	2	2	0
10041	18	0	0	1	1	0	3	48	38	2	2	0
10042	18	5	1	1	1	0	2	328	318	2	2	0
10043	3	3	0	2	0	0	2	43	55	2	2	0
10044	14	2	0	4	3	0	2	328	342	2	1	0
10045	20	5	1	3	1	0	3	186	487	2	2	0
10046	20	2	0	4	1	0	0	551	543	2	1	1
10047	1	0	0	4	0	0	2	391	530	2	2	0
10048	16	1	0	1	1	1	1	324	306	2	2	0
10049	15	0	0	1	0	0	3	175	142	2	2	0
10050	18	0	0	3	3	0	2	194	543	1	2	0
10051	23	1	0	3	3	0	2	68	33	2	2	0
10052	17	2	0	2	3	0	0	303	241	1	2	0
10053	20	5	0	1	1	0	2	293	214	1	0	0
10054	23	2	0	1	3	0	0	502	675	2	2	0
10055	1	3	0	1	3	0	2	414	378	2	2	0
10056	16	0	0	2	3	0	2	91	625	2	0	1
10057	22	4	0	1	3	0	3	330	611	1	1	1
10058	0	3	0	2	3	0	0	218	543	1	2	0
10059	1	3	0	1	1	0	2	220	397	1	2	1
10060	3	6	0	3	3	0	1	125	51	1	1	0
10061	12	1	0	4	0	0	2	203	680	2	2	0
10062	19	0	0	1	1	0	2	512	622	2	2	0
10063	3	0	0	3	3	0	2	159	16	1	2	0
10064	22	4	0	2	3	0	2	391	241	2	1	1
10065	19	0	0	2	1	0	1	484	174	1	2	0
10066	13	0	0	4	0	0	0	370	424	2	2	0
10067	0	3	0	3	3	0	3	93	75	2	2	0
10068	16	4	0	1	0	0	2	416	636	2	2	0
10069	14	4	0	2	3	0	2	370	616	2	2	0
10070	3	0	0	4	0	0	2	79	543	2	2	0
10071	21	3	0	2	3	0	2	391	550	2	0	1
10072	2	1	0	1	3	0	3	125	487	2	2	0
10073	2	2	0	1	3	0	0	478	543	2	0	1
10074	1	5	0	4	0	0	0	218	497	2	2	0
10075	22	6	0	3	1	0	2	218	55	2	2	0
10076	17	0	0	4	3	0	1	391	571	3	2	0
10077	17	0	0	1	1	1	0	416	344	4	2	0
10078	1	0	0	3	0	0	1	218	483	2	2	0
10079	21	6	0	4	3	0	2	383	543	1	2	0
10080	0	4	0	2	3	0	2	125	693	3	2	0
10081	1	3	0	3	3	0	2	457	543	2	0	1
10082	16	2	0	1	0	0	2	391	304	2	2	0
10083	20	2	0	2	1	0	2	370	222	2	2	0
10084	22	1	0	3	3	0	2	454	43	2	2	0
10085	16	4	0	2	0	0	3	448	294	2	2	0
10086	18	0	0	2	1	0	2	328	214	2	2	0
10087	0	2	0	3	1	0	2	378	55	2	2	0
10088	0	4	0	3	0	0	2	37	55	2	2	0
10089	1	5	1	3	3	0	0	478	241	1	0	1
10090	9	0	0	4	0	0	0	398	191	1	2	0
10091	0	3	0	3	3	0	2	332	571	4	2	0
10092	21	2	0	2	3	0	2	414	388	2	2	0
10093	15	3	0	4	3	0	2	76	591	2	1	1
10094	1	4	0	1	3	1	1	218	513	2	2	0
10095	18	2	0	3	1	0	2	370	627	1	2	0
10096	0	0	0	2	3	0	3	502	494	2	2	0
10097	16	6	0	1	0	0	0	398	241	2	2	1
10098	14	3	0	1	1	0	2	551	42	2	2	0
10099	20	3	0	1	1	1	1	530	344	3	2	0
10100	18	3	0	2	1	0	2	37	243	2	0	1
10101	23	5	1	4	3	0	0	502	388	1	2	0
10102	17	6	0	4	1	0	1	324	571	2	2	0
10103	3	0	0	3	3	0	2	328	57	2	1	1
10104	19	6	1	3	1	0	3	324	543	1	2	1
10105	0	6	0	1	3	0	2	370	51	2	1	0
10106	0	0	0	4	3	0	2	474	550	2	2	0
10107	2	6	0	1	3	0	2	218	591	2	1	1
10108	3	2	0	1	1	1	0	43	194	2	0	0
10109	19	0	0	1	3	0	2	414	410	1	2	1
10110	1	3	0	2	3	0	3	185	496	1	2	1
10111	3	3	0	1	3	0	0	370	543	1	2	0
10112	3	3	0	1	0	0	3	463	294	2	2	0
10113	16	0	0	3	1	1	1	478	241	2	2	1
10114	1	2	0	2	3	1	1	530	186	2	2	0
10115	1	0	0	4	3	0	3	56	33	2	2	0
10116	13	3	0	3	3	0	3	324	217	1	2	0
10117	16	3	0	2	0	0	2	360	43	2	2	0
10118	19	0	0	2	1	0	2	43	42	2	2	0
10119	2	4	0	3	3	0	2	179	625	2	0	1
10120	17	3	0	2	1	0	2	419	432	1	1	0
10121	20	5	1	1	1	0	1	429	51	2	1	0
10122	2	6	0	1	3	0	3	478	377	2	1	1
10123	14	1	0	3	0	0	0	416	3	2	2	0
10124	16	0	0	1	0	0	1	370	119	1	2	0
10125	5	6	0	2	3	0	2	328	3	2	1	1
10126	23	0	0	1	3	0	2	159	90	2	1	1
10127	2	0	0	2	0	0	1	370	16	2	1	0
10128	16	1	0	2	0	0	2	127	241	2	2	0
10129	7	6	1	1	2	0	3	502	243	1	2	0
10130	22	2	0	1	3	0	0	324	234	2	2	0
10131	17	2	0	1	1	0	0	108	571	2	2	0
10132	2	6	1	1	1	0	0	30	241	2	2	0
10133	3	2	0	4	0	0	2	324	426	2	2	0
10134	18	1	0	2	3	0	2	324	223	2	2	0
10135	19	0	0	3	1	0	3	324	550	2	2	0
10136	18	6	1	3	3	0	0	530	81	1	2	1
10137	15	0	0	2	0	0	2	521	473	2	2	0
10138	0	0	0	1	0	0	2	246	629	2	2	0
10139	16	2	0	1	0	0	1	370	43	2	2	0
10140	2	6	1	3	0	0	2	544	496	1	2	0
10141	1	1	0	4	3	0	2	205	241	2	1	0
10142	1	6	0	2	3	0	2	218	543	2	0	1
10143	19	1	0	3	1	0	2	370	678	2	2	0
10144	1	6	0	2	0	0	2	324	223	1	2	0
10145	19	0	0	1	1	0	3	433	55	2	2	0
10146	3	5	1	2	3	1	1	370	540	3	2	0
10147	21	1	0	3	3	0	2	515	3	2	2	0
10148	17	1	0	3	3	0	3	454	103	2	2	0
10149	0	0	0	3	3	1	1	357	571	2	2	0
10150	22	4	0	4	3	0	3	370	222	3	2	0
10151	3	2	0	4	3	0	2	142	229	2	2	0
10152	1	1	0	3	3	0	3	391	378	2	2	0
10153	18	4	0	3	3	0	2	328	55	2	2	0
10154	21	3	0	1	3	0	0	7	543	1	2	0
10155	20	4	0	3	3	0	2	125	543	2	1	1
10156	4	0	0	3	3	0	3	324	317	3	1	1
10157	14	1	0	1	0	0	3	218	434	2	2	0
10158	22	0	0	4	3	0	3	370	55	2	2	0
10159	20	4	0	1	0	0	0	218	41	2	2	0
10160	19	5	0	2	3	0	2	419	51	2	1	1
10161	23	2	0	4	3	0	2	45	543	2	2	0
10162	0	1	0	1	0	0	2	370	351	2	2	0
10163	16	6	1	2	0	0	2	391	43	2	2	0
10164	11	5	1	4	2	1	1	324	43	2	2	0
10165	1	6	0	3	3	0	2	419	543	4	0	0
10166	17	0	0	3	1	0	2	153	401	1	2	0
10167	13	5	1	4	0	0	2	185	190	1	2	0
10168	15	3	0	1	0	0	3	478	637	2	2	0
10169	22	6	0	3	3	0	3	443	496	2	2	0
10170	0	0	0	1	3	0	2	478	402	2	2	1
10171	5	6	0	4	3	1	1	502	571	3	2	0
10172	20	2	0	2	3	0	2	444	543	2	0	0
10173	4	1	0	4	3	0	2	7	618	2	2	0
10174	3	0	0	1	3	0	2	462	318	2	2	0
10175	0	0	0	2	3	0	2	190	340	2	2	0
10176	17	1	0	2	3	0	0	328	81	1	1	1
10177	13	1	0	4	0	0	2	190	92	2	2	0
10178	0	4	0	3	3	0	3	429	189	1	2	0
10179	0	2	0	2	3	0	3	149	440	2	2	0
10180	1	5	1	3	0	0	0	159	223	1	2	0
10181	18	5	1	3	1	0	0	502	50	2	2	0
10182	22	4	0	2	3	0	2	50	543	2	2	0
10183	2	0	0	2	3	0	2	125	496	2	2	0
10184	3	3	0	1	3	0	0	348	393	2	2	0
10185	1	1	0	3	0	0	0	218	109	2	2	0
10186	19	2	0	3	1	0	2	370	3	2	2	0
10187	21	2	0	2	3	0	2	328	0	1	2	0
10188	1	5	0	1	3	0	2	370	340	3	1	1
10189	0	0	0	1	3	0	2	37	388	2	2	0
10190	0	6	0	4	3	0	2	391	119	2	1	0
10191	14	2	0	1	0	0	2	246	304	3	2	0
10192	1	4	0	2	3	0	2	186	426	2	2	0
10193	3	3	0	2	0	0	3	370	366	2	2	0
10194	3	2	0	2	3	0	0	278	15	2	1	1
10195	5	1	0	3	3	0	0	502	234	2	2	0
10196	2	1	0	2	3	0	1	303	442	2	2	0
10197	20	0	0	1	1	0	0	296	43	2	2	0
10198	4	2	0	1	0	0	0	37	222	1	2	0
10199	5	0	0	4	3	0	2	502	654	2	2	0
10200	6	3	0	2	1	0	3	171	305	2	2	0
10201	1	4	0	2	3	0	2	214	543	2	2	0
10202	17	0	0	3	1	0	0	478	377	2	2	0
10203	0	2	0	1	3	0	2	419	294	2	2	0
10204	2	0	0	4	0	0	3	45	441	2	2	0
10205	2	1	0	1	3	0	2	502	20	2	2	0
10206	22	1	0	1	3	0	0	370	512	2	2	0
10207	18	6	1	2	3	0	2	89	223	1	2	1
10208	2	2	0	3	3	0	0	370	543	1	2	0
10209	14	0	0	1	0	0	1	289	498	2	2	0
10210	17	4	0	3	3	0	2	95	550	2	2	1
10211	21	4	0	1	3	0	2	218	55	1	2	0
10212	1	6	1	2	0	0	3	370	75	2	2	0
10213	20	6	0	3	3	0	2	61	16	2	1	1
10214	14	0	0	3	1	0	2	566	55	2	2	0
10215	18	1	0	2	1	0	2	125	185	2	2	0
10216	15	1	0	4	1	0	2	478	318	2	2	0
10217	15	0	0	1	0	0	0	398	55	1	2	0
10218	21	0	0	4	1	0	1	414	222	2	2	0
10219	17	4	0	2	1	1	0	414	221	1	2	0
10220	18	2	0	1	1	0	2	357	57	2	2	0
10221	14	3	0	1	0	0	0	478	294	2	2	0
10222	0	4	0	1	0	0	2	370	330	2	2	0
10223	17	6	0	1	3	0	1	370	496	1	2	0
10224	12	3	0	1	0	0	1	370	241	1	2	0
10225	17	0	0	1	1	0	0	502	241	1	2	0
10226	0	5	0	2	3	1	1	324	3	2	2	0
10227	2	5	1	2	3	0	2	239	543	1	2	0
10228	4	0	0	4	1	0	0	478	340	1	2	0
10229	14	2	0	1	3	0	3	357	637	2	2	0
10230	4	1	0	1	3	0	1	391	33	2	1	0
10231	19	6	0	4	1	0	3	139	543	1	2	1
10232	16	0	0	1	3	0	2	72	354	2	2	0
10233	16	2	0	2	0	0	0	419	241	2	2	0
10234	17	4	0	2	1	0	2	456	432	2	1	1
10235	21	6	0	4	3	0	3	502	550	1	2	1
10236	21	0	0	2	3	0	2	37	543	2	2	0
10237	2	0	0	1	0	0	0	496	43	2	2	0
10238	2	6	0	3	3	0	2	444	543	2	1	1
10239	16	0	0	3	0	0	3	502	640	2	2	0
10240	9	0	0	1	0	0	2	296	194	2	2	0
10241	15	1	0	4	0	0	2	218	103	2	2	0
10242	22	6	0	2	3	0	3	370	401	2	2	0
10243	3	0	0	2	3	0	3	502	432	1	1	1
10244	12	3	0	4	3	0	2	168	543	2	2	0
10245	19	1	0	3	1	0	2	43	309	2	2	0
10246	2	3	1	2	1	0	0	165	14	2	2	0
10247	10	5	1	3	2	0	2	324	629	2	2	0
10248	2	1	0	3	1	0	2	324	51	2	1	1
10249	15	6	0	4	3	1	0	502	171	2	2	0
10250	17	5	0	3	3	0	2	216	340	2	0	1
10251	18	2	0	1	1	0	1	190	571	2	2	0
10252	4	2	0	4	3	0	3	502	55	1	2	0
10253	0	0	0	2	3	0	2	391	346	1	2	0
10254	4	3	0	2	3	0	2	328	284	2	2	0
10255	1	1	0	1	3	0	0	370	16	2	2	0
10256	3	1	0	3	0	0	3	324	123	1	2	0
10257	1	0	0	3	3	0	1	218	179	2	1	0
10258	19	3	0	4	1	0	3	139	213	2	2	0
10259	2	1	0	1	3	1	1	2	518	2	2	0
10260	1	3	0	1	3	0	2	330	543	1	2	0
10261	0	5	1	1	3	0	2	81	520	2	0	1
10262	17	6	0	1	0	0	2	240	179	2	2	0
10263	17	1	0	1	1	0	0	218	73	2	2	0
10264	22	0	0	3	3	0	2	72	174	2	1	1
10265	15	2	0	2	3	0	2	149	678	2	2	0
10266	20	3	0	1	3	0	2	30	46	1	2	0
10267	10	2	0	1	2	0	3	324	33	4	2	0
10268	5	0	0	1	1	0	0	324	43	2	2	0
10269	16	2	0	1	0	0	3	224	471	2	2	0
10270	23	6	1	2	3	1	1	4	55	2	2	0
10271	4	1	0	3	1	0	0	414	42	2	2	0
10272	16	4	0	2	0	0	0	36	543	3	1	0
10273	4	2	0	2	1	0	2	391	20	2	2	0
10274	15	0	0	2	0	0	3	370	678	2	2	0
10275	1	2	0	1	3	0	2	419	483	2	2	0
10276	20	3	0	4	1	0	3	237	216	2	2	0
10277	0	3	0	2	3	0	0	125	55	2	2	0
10278	20	0	0	1	1	1	0	72	284	3	2	0
10279	0	3	0	3	0	0	2	324	119	2	2	0
10280	15	0	0	3	0	0	2	551	288	2	2	0
10281	11	2	0	1	1	0	3	159	595	2	2	0
10282	0	6	0	1	3	0	3	480	15	2	1	1
10283	2	0	0	1	3	0	3	81	661	2	2	0
10284	4	2	0	1	3	0	2	239	198	2	2	0
10285	0	2	0	3	3	0	3	370	159	2	2	0
10286	0	0	0	3	3	0	3	125	43	2	2	0
10287	2	5	1	1	3	0	3	293	42	2	2	0
10288	14	4	0	1	0	1	0	502	570	2	2	0
10289	1	1	0	4	3	0	3	436	543	2	0	0
10290	23	4	0	2	3	0	2	328	49	1	2	0
10291	2	3	0	2	3	0	3	143	571	2	2	0
10292	0	5	1	2	3	0	2	314	16	2	1	0
10293	0	0	0	1	3	0	2	267	388	2	2	0
10294	0	0	0	1	1	0	2	502	426	2	2	0
10295	16	3	0	2	0	1	1	502	543	2	2	0
10296	23	6	0	3	3	0	2	218	214	3	2	0
10297	17	0	0	2	3	0	2	457	426	2	2	0
10298	0	2	0	2	0	0	0	478	241	1	2	0
10299	13	5	1	3	0	0	2	562	241	1	2	0
10300	2	3	0	2	3	1	0	218	223	1	2	1
10301	2	3	0	2	1	0	1	551	241	2	2	0
10302	14	6	1	1	0	0	2	478	241	1	2	0
10303	17	2	0	3	1	0	2	37	43	2	2	0
10304	14	1	0	2	3	0	2	230	22	2	2	0
10305	21	2	0	4	3	0	3	370	629	2	2	0
10306	5	5	1	1	3	0	3	218	201	2	2	0
10307	0	1	0	3	3	0	2	54	41	2	2	0
10308	2	3	0	2	3	0	2	357	294	2	2	0
10309	2	1	0	1	3	0	3	37	359	2	2	0
10310	2	0	0	1	3	0	2	391	432	1	1	0
10311	21	2	0	1	0	0	2	478	543	1	2	0
10312	3	5	0	2	3	0	1	370	422	2	2	0
10313	21	2	0	2	3	0	2	153	256	2	2	0
10314	13	2	0	1	0	0	3	532	170	2	2	0
10315	22	0	0	2	3	0	2	218	426	2	2	0
10316	17	6	1	1	1	0	2	125	496	2	2	0
10317	21	5	1	2	3	0	2	414	675	2	2	0
10318	19	5	0	2	1	1	0	478	599	1	2	0
10319	12	3	0	3	0	0	2	218	401	1	2	0
10320	18	2	0	4	1	0	1	502	140	3	2	0
10321	21	4	0	3	3	0	2	370	241	2	2	0
10322	0	3	0	2	0	0	0	103	222	2	2	0
10323	13	4	0	1	0	0	3	52	130	2	2	1
10324	14	2	0	3	0	0	2	218	81	1	2	1
10325	17	5	0	1	1	0	3	61	543	1	2	0
10326	7	2	0	2	2	0	2	391	129	1	1	1
10327	15	0	0	3	0	0	2	293	298	2	2	0
10328	16	5	1	2	0	0	3	370	94	2	2	0
10329	1	0	0	3	3	0	2	2	317	2	0	1
10330	6	0	0	1	0	0	0	243	15	2	1	1
10331	15	5	1	2	0	0	1	273	377	2	2	1
10332	0	3	0	2	0	0	3	478	43	2	2	0
10333	1	5	0	3	3	0	2	391	401	1	2	0
10334	0	5	1	3	3	0	2	108	543	2	1	0
10335	9	0	0	2	1	0	2	414	543	1	2	0
10336	0	1	0	2	3	0	2	324	604	2	2	0
10337	9	3	0	1	0	0	3	370	546	2	2	0
10338	14	0	0	1	1	0	2	328	115	3	2	0
10339	1	3	0	2	1	0	2	502	55	1	2	0
10340	1	5	0	1	3	0	2	478	543	1	2	0
10341	20	1	0	2	1	0	0	226	296	1	2	0
10342	23	6	1	3	3	1	0	478	482	2	2	0
10343	21	1	0	2	3	0	2	328	318	2	2	0
10344	13	3	0	2	0	0	3	128	511	2	2	0
10345	20	4	0	2	1	0	2	37	571	2	2	0
10346	18	5	0	1	3	0	3	496	625	2	2	0
10347	18	3	0	1	1	0	2	566	487	2	2	0
10348	17	6	0	2	1	0	2	335	55	2	2	0
10349	15	2	0	3	3	0	0	324	354	2	0	0
10350	0	0	0	3	3	0	3	53	543	1	2	0
10351	18	0	0	2	1	0	0	218	587	2	1	1
10352	19	2	0	4	1	0	2	370	304	3	2	0
10353	12	6	1	3	0	0	2	432	479	2	2	0
10354	18	2	0	2	1	1	0	502	229	2	2	0
10355	2	0	0	2	3	0	3	502	3	2	2	0
10356	1	4	0	2	1	0	1	328	241	1	1	1
10357	17	6	1	1	1	1	1	125	201	2	2	0
10358	20	1	0	2	1	1	1	502	668	2	2	0
10359	3	1	0	1	1	0	2	30	543	2	1	0
10360	2	6	0	4	3	0	0	370	51	2	1	0
10361	17	2	0	2	1	0	2	414	512	2	2	0
10362	15	0	0	1	3	0	2	370	496	1	2	1
10363	14	2	0	2	0	0	2	478	11	2	2	0
10364	22	1	0	3	3	0	3	89	304	2	2	0
10365	13	6	1	3	0	0	2	370	651	2	2	0
10366	3	6	0	2	0	0	2	348	543	1	2	0
10367	0	3	0	4	3	0	2	391	629	2	2	0
10368	1	0	0	4	3	1	0	246	223	1	2	0
10369	19	0	0	3	1	0	3	324	616	2	2	0
10370	21	4	0	3	3	0	3	502	322	2	2	0
10371	0	6	0	3	3	0	3	324	543	1	2	0
10372	3	3	0	1	0	0	0	414	284	1	2	0
10373	16	4	0	3	0	1	1	218	304	2	2	0
10374	1	0	0	2	0	0	2	81	50	2	2	0
10375	3	0	0	3	3	0	0	37	317	2	2	0
10376	0	0	0	2	3	0	0	370	142	2	2	0
10377	6	1	0	1	2	0	3	125	579	2	2	0
10378	2	4	0	1	3	0	3	370	223	1	2	0
10379	11	0	0	4	1	0	2	419	257	2	2	0
10380	1	1	0	1	3	0	2	339	324	2	2	0
10381	0	0	0	1	3	0	2	419	544	2	2	0
10382	22	6	1	3	3	0	3	370	399	2	2	0
10383	19	1	0	2	1	0	2	496	214	2	2	0
10384	18	0	0	2	1	0	3	478	543	2	2	0
10385	14	4	0	2	1	0	2	328	571	2	2	0
10386	17	0	0	1	1	0	0	267	262	2	2	0
10387	14	0	0	3	0	0	3	195	630	1	2	0
10388	2	1	0	1	1	0	2	310	241	2	2	1
10389	1	0	0	3	3	0	2	370	55	2	2	0
10390	19	2	0	1	1	0	2	478	255	2	2	0
10391	0	6	0	3	3	0	2	370	340	2	0	1
10392	14	2	0	4	0	0	2	89	223	1	2	0
10393	22	5	0	1	3	0	2	357	543	1	0	0
10394	22	6	1	4	3	0	3	478	16	2	1	1
10395	19	0	0	1	1	0	0	370	294	2	2	0
10396	1	4	0	1	1	0	3	463	335	2	2	0
10397	15	5	1	3	0	0	1	179	255	2	2	0
10398	18	0	0	1	3	0	0	370	432	2	0	0
10399	13	2	0	1	0	0	3	108	298	2	2	0
10400	0	4	0	1	3	0	2	370	543	2	2	0
10401	19	0	0	1	1	0	0	370	579	2	2	0
10402	23	2	0	2	3	0	2	478	309	2	2	0
10403	1	0	0	2	0	0	1	218	43	2	2	0
10404	7	5	0	2	1	1	1	218	273	2	2	0
10405	1	0	0	1	3	0	0	391	241	1	2	0
10406	18	3	0	2	1	0	3	478	284	2	2	0
10407	1	3	0	1	1	0	2	478	147	2	2	0
10408	4	0	0	3	3	0	0	125	90	2	2	0
10409	18	5	0	1	3	0	2	159	543	2	1	0
10410	23	0	0	1	3	0	2	370	585	2	1	0
10411	17	6	1	1	1	0	0	125	220	2	2	0
10412	15	2	0	2	3	0	1	502	627	1	2	0
10413	2	1	0	3	3	0	2	63	543	2	0	1
10414	4	1	0	2	3	0	3	419	55	2	2	0
10415	0	5	1	4	3	0	0	125	123	2	2	0
10416	0	2	0	1	3	0	2	244	304	4	2	0
10417	5	3	0	1	0	0	0	414	3	1	1	0
10418	20	0	0	2	0	0	3	328	494	2	2	0
10419	0	0	0	1	3	0	3	419	386	2	2	0
10420	3	4	0	2	3	0	3	63	543	2	0	1
10421	1	1	0	4	3	0	0	478	543	2	1	1
10422	17	6	0	4	3	0	2	370	543	3	1	0
10423	23	3	0	1	3	0	3	370	378	2	2	0
10424	2	5	1	2	0	0	2	234	227	1	2	1
10425	18	5	0	2	3	0	2	268	241	1	2	0
10426	0	6	0	1	3	0	2	370	553	2	2	1
10427	17	5	0	2	3	0	2	416	401	1	0	1
10428	19	2	0	1	0	0	2	463	257	2	2	0
10429	13	0	0	2	0	0	3	478	483	2	2	0
10430	0	3	0	2	3	0	0	521	123	2	2	0
10431	21	0	0	2	1	0	3	244	234	2	2	0
10432	17	1	0	2	1	0	2	391	38	2	2	0
10433	19	0	0	1	3	1	1	370	273	1	2	0
10434	17	1	0	2	3	0	2	502	487	2	2	0
10435	1	2	0	2	3	0	2	478	571	2	2	0
10436	2	1	0	1	3	0	0	168	624	1	2	1
10437	8	2	0	1	1	0	3	15	229	2	2	0
10438	12	2	0	2	0	0	0	218	443	2	2	0
10439	1	5	0	1	3	0	0	530	571	1	2	0
10440	19	6	0	3	3	0	2	419	401	2	2	1
10441	2	5	0	2	3	0	3	218	496	2	1	0
10442	19	1	0	3	1	0	2	391	427	2	2	0
10443	3	0	0	3	3	0	2	26	241	1	2	0
10444	18	5	0	2	3	0	2	324	157	2	0	1
10445	21	2	0	4	3	0	3	208	571	2	2	0
10446	23	3	0	2	3	0	2	463	55	2	2	0
10447	15	0	0	2	0	1	1	61	33	2	2	0
10448	3	0	0	2	0	0	0	370	3	2	2	0
10449	20	0	0	2	3	0	2	328	241	1	2	0
10450	3	0	0	1	3	0	2	391	543	1	2	1
10451	2	5	0	2	3	0	2	370	625	2	2	1
10452	3	2	0	3	3	0	3	324	317	3	2	0
10453	21	5	0	1	3	0	3	328	50	2	2	0
10454	22	3	0	2	3	0	2	502	73	1	2	0
10455	1	1	0	4	3	0	2	502	15	1	2	0
10456	21	4	0	2	3	0	2	324	309	2	2	0
10457	22	0	0	3	3	0	2	81	3	2	2	0
10458	13	0	0	4	0	0	0	550	550	2	2	0
10459	17	1	0	3	1	0	2	179	536	2	2	0
10460	19	4	0	1	1	0	3	328	571	2	2	0
10461	2	0	0	4	3	0	2	444	241	1	2	1
10462	5	0	0	1	3	0	2	502	46	2	2	0
10463	14	4	0	4	3	1	0	218	214	2	2	0
10464	17	4	0	2	1	0	2	478	81	2	0	1
10465	21	2	0	4	3	0	2	391	341	2	0	0
10466	1	6	1	2	3	0	1	367	51	2	1	0
10467	23	0	0	4	3	0	1	478	55	2	2	0
10468	18	3	0	4	3	0	2	478	241	2	1	1
10469	3	6	0	1	3	0	1	125	251	1	2	0
10470	1	0	0	3	3	0	2	186	479	2	2	0
10471	8	3	0	3	0	0	0	328	41	2	2	0
10472	4	0	0	1	3	0	2	127	496	2	2	0
10473	21	1	0	4	3	0	2	196	16	2	1	1
10474	21	4	0	3	3	0	0	328	318	2	2	0
10475	17	3	0	3	1	0	2	502	149	2	2	0
10476	0	5	0	2	0	0	2	370	543	2	2	1
10477	20	3	0	1	1	0	3	551	494	2	2	0
10478	11	3	0	1	0	0	0	202	50	1	2	0
10479	20	4	0	2	0	0	3	230	487	2	2	0
10480	19	5	0	3	1	0	0	108	494	2	2	0
10481	1	0	0	1	3	1	1	125	571	2	2	0
10482	0	5	0	3	3	0	2	391	487	2	2	0
10483	14	2	0	1	0	0	0	478	3	2	2	0
10484	2	1	0	4	3	0	0	243	41	2	2	0
10485	2	4	0	2	3	0	2	391	81	1	2	0
10486	2	0	0	2	3	0	2	370	401	1	2	0
10487	1	5	0	4	3	0	2	478	550	2	0	1
10488	17	1	0	2	1	0	3	218	693	3	2	0
10489	20	5	1	2	3	0	3	7	309	2	2	0
10490	18	2	0	1	3	0	3	179	43	2	2	0
10491	16	1	0	1	0	0	1	218	241	1	2	0
10492	3	0	0	2	1	0	2	502	241	1	2	0
10493	20	3	0	2	1	0	3	179	42	2	2	0
10494	2	0	0	2	3	0	3	146	485	2	2	0
10495	22	1	0	2	3	0	2	246	233	2	2	0
10496	12	4	0	3	0	0	2	218	571	2	2	0
10497	2	2	0	3	1	0	1	326	241	1	2	0
10498	13	1	0	4	0	0	2	240	113	2	2	0
10499	0	2	0	3	3	0	2	226	496	1	2	0
10500	0	3	0	1	3	0	2	218	51	2	1	0
10501	20	3	0	2	1	0	0	478	543	1	2	0
10502	22	4	0	1	3	0	2	551	496	2	0	0
10503	2	2	0	3	3	0	2	228	548	3	1	1
10504	16	4	0	3	0	0	2	180	543	2	2	0
10505	0	0	0	1	3	0	0	502	294	2	2	0
10506	3	0	0	2	3	0	2	414	174	2	1	1
10507	19	5	1	1	1	0	3	230	283	2	2	0
10508	0	2	0	3	3	0	3	125	543	3	1	1
10509	5	0	0	1	3	0	0	72	587	2	2	0
10510	0	2	1	4	3	1	0	142	15	2	2	0
10511	1	3	0	1	3	0	3	416	188	2	2	0
10512	2	4	0	3	0	0	2	562	294	2	2	0
10513	14	0	0	2	0	0	2	324	241	3	2	1
10514	1	6	0	3	3	0	3	370	631	2	2	0
10515	0	0	0	3	3	0	2	61	432	2	0	1
10516	0	5	0	1	3	0	3	334	45	1	2	0
10517	13	2	0	2	0	0	0	370	51	2	1	1
10518	13	5	1	1	0	0	2	370	239	2	2	0
10519	22	3	0	1	3	0	2	370	560	2	2	0
10520	16	1	0	4	3	0	2	474	543	2	1	1
10521	19	4	0	1	1	0	0	202	658	2	2	0
10522	1	0	0	4	3	0	2	328	432	2	1	1
10523	3	4	0	2	3	0	2	414	188	2	2	0
10524	14	1	0	1	0	1	0	370	300	2	2	0
10525	13	5	1	4	0	0	2	10	196	2	2	0
10526	18	0	0	3	1	0	3	478	41	2	2	0
10527	1	0	0	1	3	0	2	391	388	2	2	0
10528	14	4	0	3	0	0	0	324	543	2	0	1
10529	1	3	0	2	3	0	1	414	496	1	2	0
10530	2	0	0	3	1	0	2	478	118	1	2	0
10531	2	6	1	1	0	0	3	244	426	1	2	0
10532	15	1	0	2	1	0	1	108	487	2	2	0
10533	10	3	0	3	0	0	1	324	543	2	2	0
10534	0	0	0	1	3	0	0	370	426	1	2	0
10535	16	3	0	1	0	0	2	502	284	1	2	0
10536	2	4	0	4	3	1	1	125	123	2	0	0
10537	0	6	0	4	3	0	2	275	377	2	2	0
10538	13	0	0	1	0	0	1	478	198	2	2	0
10539	9	3	0	3	2	0	2	296	571	2	2	0
10540	14	0	0	1	3	0	3	370	388	2	2	0
10541	14	2	0	1	0	0	2	398	145	2	2	0
10542	12	1	0	2	0	0	2	81	3	2	2	0
10543	20	4	0	1	1	0	2	360	42	2	2	0
10544	17	2	0	2	1	0	2	416	234	2	2	0
10545	14	0	0	1	0	0	2	116	167	2	2	0
10546	17	0	0	1	1	0	1	108	145	2	2	0
10547	16	2	0	2	0	0	3	370	142	2	2	0
10548	14	3	0	4	3	0	2	502	553	1	2	0
10549	14	5	0	3	3	0	2	267	543	2	1	1
10550	18	1	0	1	3	0	0	218	543	2	1	1
10551	3	0	0	1	3	0	3	218	641	2	2	0
10552	0	1	0	2	3	0	0	218	571	2	2	0
10553	0	1	0	2	3	0	0	268	317	3	2	0
10554	1	6	0	3	3	0	2	463	598	3	1	1
10555	0	1	0	2	3	0	0	370	55	2	2	0
10556	1	3	1	1	3	0	2	370	340	2	1	0
10557	13	3	0	2	0	0	2	370	200	2	2	0
10558	21	1	0	1	3	0	0	478	606	2	0	0
10559	2	1	0	1	2	0	3	81	33	2	2	0
10560	2	0	0	3	3	1	1	218	214	2	2	0
10561	16	0	0	1	0	0	2	43	660	2	2	0
10562	22	5	1	1	3	0	2	323	625	2	2	1
10563	18	1	0	2	1	0	3	71	3	1	2	0
10564	17	1	0	3	3	0	2	370	543	2	1	1
10565	0	6	1	1	0	0	0	218	214	1	2	0
10566	3	0	0	1	1	0	3	370	530	2	2	0
10567	15	6	0	2	3	0	2	324	129	2	1	0
10568	17	2	0	2	1	0	1	370	309	2	2	0
10569	1	3	0	4	3	1	0	414	505	2	2	0
10570	2	1	0	3	3	0	2	63	543	2	0	0
10571	22	3	0	2	3	1	1	478	309	2	2	0
10572	23	6	0	3	3	0	2	370	46	2	0	0
10573	18	0	0	1	3	0	2	414	690	3	1	1
10574	5	3	0	3	3	0	3	444	195	3	2	0
10575	1	5	0	2	3	0	0	502	130	1	2	1
10576	18	5	0	4	1	0	1	370	472	2	2	0
10577	17	1	0	4	1	0	2	370	168	2	2	0
10578	4	0	0	2	1	0	0	328	495	2	2	0
10579	20	4	0	2	1	0	3	267	33	2	2	0
10580	14	3	0	2	0	0	1	370	357	2	2	0
10581	2	3	0	2	0	0	3	416	483	2	2	0
10582	20	3	0	1	3	0	2	324	543	1	0	1
10583	1	1	0	3	3	1	1	391	241	2	0	0
10584	3	6	0	3	3	1	1	328	432	2	1	0
10585	4	3	0	4	3	0	3	370	374	2	2	0
10586	1	5	0	3	3	0	2	450	591	2	1	0
10587	20	6	0	1	3	0	0	159	543	2	1	1
10588	1	6	0	2	3	0	2	502	250	3	1	1
10589	3	4	0	4	3	0	2	328	571	3	2	0
10590	2	5	1	4	3	0	2	406	401	1	2	1
10591	14	2	0	1	1	0	2	403	45	1	2	1
10592	3	0	0	2	0	0	1	324	241	1	2	0
10593	18	3	0	4	1	0	2	518	470	2	2	0
10594	13	2	0	3	0	0	0	357	587	4	0	0
10595	18	6	0	2	3	0	0	37	223	1	2	1
10596	20	0	0	3	1	0	0	324	423	1	1	0
10597	3	5	0	3	3	0	2	179	543	1	0	1
10598	5	0	0	1	1	0	3	116	550	1	2	1
10599	12	2	0	2	0	0	2	370	55	3	2	0
10600	19	5	1	1	3	0	2	357	241	1	2	0
10601	22	1	0	4	3	0	3	370	591	2	1	0
10602	0	4	0	4	3	0	2	281	241	2	2	1
10603	1	2	0	1	3	0	2	419	234	2	2	0
10604	16	1	0	3	0	0	2	116	607	2	2	0
10605	12	4	0	1	0	0	2	43	241	1	2	0
10606	21	2	0	1	3	0	0	232	440	2	2	0
10607	22	0	0	3	3	0	2	353	417	2	2	0
10608	16	6	0	1	3	0	2	328	659	2	2	0
10609	3	0	0	3	3	0	3	506	55	2	2	0
10610	1	4	0	3	3	0	2	37	408	3	2	0
10611	19	6	0	2	1	1	1	218	432	2	0	1
10612	16	1	0	2	0	0	0	370	241	1	2	0
10613	3	2	0	3	3	1	1	218	401	2	2	0
10614	1	1	0	1	3	0	2	324	379	3	1	1
10615	22	5	1	2	3	0	2	45	41	2	2	0
10616	12	2	0	1	0	0	0	398	162	2	2	0
10617	1	6	1	3	3	0	2	511	119	1	2	0
10618	1	0	0	4	1	0	2	243	341	2	2	0
10619	23	3	0	3	3	0	3	324	281	2	2	0
10620	2	3	0	1	3	0	0	218	520	1	1	0
10621	0	3	0	3	3	0	3	16	55	2	2	0
10622	13	1	0	1	0	0	1	3	642	2	2	0
10623	20	5	1	1	1	0	0	370	214	1	2	1
10624	3	5	0	1	3	0	2	49	377	2	1	1
10625	17	0	0	1	1	0	2	370	34	2	2	0
10626	1	4	0	2	3	0	3	218	222	3	2	0
10627	18	3	0	2	1	0	2	414	228	2	2	0
10628	14	0	0	3	0	0	2	45	483	2	2	0
10629	13	1	0	1	0	0	3	108	294	3	2	0
10630	2	4	0	2	3	0	2	506	103	2	2	0
10631	21	6	0	2	3	0	2	7	543	2	2	0
10632	1	1	0	2	3	0	3	502	236	2	2	0
10633	1	4	0	1	3	0	0	218	123	1	2	0
10634	17	1	0	2	1	0	2	554	43	2	2	0
10635	18	1	0	3	3	0	2	186	119	1	2	0
10636	20	1	0	4	1	0	2	478	241	1	2	1
10637	3	6	0	3	3	1	1	478	322	2	2	0
10638	14	2	0	2	0	0	2	478	43	2	2	0
10639	3	6	0	4	3	0	2	37	399	2	2	0
10640	1	4	0	3	3	0	2	462	317	3	1	0
10641	13	6	0	3	3	0	2	370	3	3	1	0
10642	1	2	0	4	3	0	3	414	470	2	2	0
10643	3	6	0	1	3	0	0	35	77	2	2	0
10644	16	0	0	1	0	0	2	383	88	2	2	0
10645	13	2	0	3	0	0	2	312	432	1	1	1
10646	18	5	1	2	1	0	1	8	239	2	2	0
10647	23	0	0	3	3	0	2	370	351	2	2	0
10648	20	2	0	2	1	1	1	277	306	2	2	0
10649	16	5	1	3	3	0	2	511	234	2	2	0
10650	16	1	0	4	0	0	2	89	487	2	2	0
10651	4	5	1	2	0	0	2	36	170	2	2	0
10652	3	4	0	3	3	0	2	391	82	1	0	1
10653	2	1	0	4	3	1	2	61	294	3	2	0
10654	23	5	1	3	3	0	3	478	304	2	2	0
10655	1	1	0	1	3	0	2	218	16	2	1	1
10656	3	0	0	1	3	0	3	391	543	2	0	0
10657	5	1	0	2	3	0	1	502	309	2	2	0
10658	14	0	0	2	0	0	3	559	55	2	2	0
10659	0	0	0	4	1	0	2	421	16	2	1	1
10660	2	6	0	3	1	0	3	218	241	1	2	0
10661	14	2	0	3	0	0	2	414	55	2	2	0
10662	20	0	0	3	3	0	1	324	1	2	2	0
10663	17	4	0	3	3	0	2	370	496	1	2	0
10664	0	4	0	2	3	0	3	391	198	1	2	0
10665	16	3	0	4	3	0	2	502	241	1	2	0
10666	14	0	0	1	0	1	0	328	222	3	2	0
10667	21	2	0	3	3	0	2	324	530	2	2	0
10668	14	1	0	4	0	0	2	370	241	1	2	1
10669	15	5	1	2	0	0	2	93	570	2	2	0
10670	1	2	0	3	3	0	2	502	142	2	2	0
10671	0	1	0	1	1	1	0	246	3	2	2	0
10672	1	5	0	2	3	0	2	391	590	2	2	0
10673	15	2	0	3	0	0	2	218	496	1	2	0
10674	4	1	0	2	3	0	2	328	51	3	1	0
10675	14	6	1	3	0	0	2	238	543	1	2	0
10676	15	5	1	3	3	0	2	337	46	1	2	1
10677	20	1	1	2	0	0	0	506	273	2	2	0
10678	14	3	0	1	1	0	2	550	632	2	2	0
10679	20	5	1	3	3	0	3	414	34	2	1	1
10680	18	3	0	1	1	0	2	218	123	2	2	0
10681	21	3	0	1	3	0	2	179	309	2	2	0
10682	17	0	0	3	3	1	0	218	666	1	2	0
10683	0	0	0	1	3	0	2	370	294	2	2	0
10684	1	0	0	1	3	0	0	391	214	3	2	0
10685	0	6	0	1	3	0	3	495	543	3	1	1
10686	3	6	1	1	3	0	2	429	690	2	1	0
10687	2	1	0	4	3	0	1	146	594	2	2	0
10688	7	5	1	4	2	0	2	381	295	2	2	0
10689	15	0	0	1	1	1	1	328	252	2	2	0
10690	13	1	0	3	0	0	2	457	103	2	2	0
10691	23	3	0	3	3	0	3	414	556	2	2	0
10692	16	2	0	1	0	0	0	370	43	2	2	0
10693	19	6	1	1	1	0	3	391	543	2	2	0
10694	3	5	0	4	3	0	2	37	543	2	0	0
10695	2	0	0	1	1	0	0	408	16	1	2	0
10696	15	5	1	3	0	0	2	40	483	2	2	0
10697	13	1	0	3	0	0	3	377	442	2	2	0
10698	4	0	0	2	0	0	2	502	309	2	2	0
10699	2	3	0	3	3	0	2	370	3	2	2	0
10700	17	1	0	4	1	0	3	478	426	2	2	0
10701	4	3	0	1	3	0	1	478	424	2	2	0
10702	12	5	1	3	0	0	3	107	543	3	2	1
10703	0	0	0	3	3	0	2	328	123	2	2	1
10704	13	1	0	3	3	0	3	86	306	3	2	0
10705	1	4	0	1	3	0	2	309	496	2	2	1
10706	18	6	0	4	0	0	2	328	81	2	1	1
10707	2	2	0	1	0	0	1	370	42	2	2	0
10708	18	3	0	1	1	0	3	328	50	2	2	0
10709	18	0	0	3	1	0	2	414	43	2	2	0
10710	1	0	1	3	3	0	0	99	241	1	0	0
10711	22	3	0	1	3	0	2	314	537	2	2	0
10712	20	2	0	1	1	0	2	296	223	1	2	1
10713	18	3	0	1	0	0	0	478	629	2	2	0
10714	1	6	0	4	3	0	2	419	615	2	0	1
10715	1	1	0	2	3	0	2	308	55	2	2	0
10716	23	3	0	1	3	0	2	281	18	2	2	0
10717	11	0	0	2	0	0	3	81	378	2	2	0
10718	1	6	0	3	3	0	2	414	543	2	1	1
10719	1	1	0	1	1	0	3	518	1	2	2	0
10720	14	1	0	1	0	0	0	527	550	2	2	0
10721	15	1	0	1	0	0	1	391	681	2	2	0
10722	16	2	1	3	0	0	2	53	627	2	2	0
10723	0	0	0	1	3	0	0	478	426	2	2	0
10724	17	1	0	1	1	0	0	218	571	3	2	0
10725	2	4	0	4	3	1	0	186	16	2	2	0
10726	5	2	0	3	1	0	0	462	167	3	2	0
10727	20	3	0	2	1	0	0	502	571	3	2	0
10728	21	0	0	4	3	0	3	463	43	2	2	0
10729	18	6	1	4	1	1	0	81	407	2	2	0
10730	2	0	0	1	3	0	0	107	180	1	2	0
10731	14	5	0	3	0	0	2	478	55	2	2	0
10732	3	0	0	2	3	0	1	414	16	2	2	0
10733	22	3	0	3	3	0	3	328	283	2	2	0
10734	14	5	1	3	0	1	1	444	33	2	2	0
10735	1	0	0	3	3	0	3	414	94	2	1	1
10736	20	1	0	3	1	0	2	343	388	2	2	0
10737	1	3	1	3	3	0	3	383	294	4	2	0
10738	5	2	0	4	3	0	2	502	659	1	0	0
10739	18	4	0	3	1	1	0	125	222	2	2	0
10740	0	0	0	3	3	0	3	125	614	2	1	0
10741	23	1	0	2	3	0	2	414	571	3	2	0
10742	2	0	0	2	3	0	1	478	364	2	2	0
10743	1	6	0	4	3	0	2	478	543	2	0	0
10744	0	4	0	1	0	0	0	478	283	2	2	0
10745	1	0	0	3	3	0	2	370	241	2	1	0
10746	5	0	0	3	3	0	3	444	543	1	2	0
10747	16	2	0	1	1	0	3	195	222	3	2	0
10748	16	1	0	3	3	0	0	328	214	2	2	0
10749	1	2	0	3	2	0	0	370	515	2	2	0
10750	0	2	0	3	3	0	0	103	241	2	2	0
10751	12	6	1	1	0	0	3	448	404	2	2	0
10752	4	1	0	3	3	0	0	504	543	2	1	1
10753	21	2	0	3	3	0	3	462	520	2	1	1
10754	19	6	1	1	1	0	0	444	543	2	2	1
10755	2	6	0	3	3	0	2	324	625	2	2	1
10756	15	2	0	3	0	0	2	218	405	2	2	0
10757	14	2	0	2	1	0	3	502	543	1	2	0
10758	15	5	0	1	3	0	2	226	318	2	2	0
10759	2	4	0	3	3	0	2	461	543	1	2	1
10760	1	3	0	4	2	0	1	308	220	2	2	0
10761	2	0	0	3	3	0	2	478	543	2	1	0
10762	19	2	0	1	1	0	0	478	21	2	2	0
10763	17	3	0	1	1	0	3	37	7	2	2	0
10764	1	2	0	3	3	0	2	414	693	2	2	0
10765	20	1	0	3	1	0	2	258	363	2	2	0
10766	17	4	0	4	1	0	0	478	543	1	2	0
10767	0	4	0	3	3	0	0	0	625	2	2	0
10768	16	0	0	3	3	0	2	370	658	2	1	0
10769	1	1	0	1	3	1	0	478	543	1	2	0
10770	16	5	0	3	3	0	2	370	678	2	2	0
10771	12	4	0	3	0	0	2	370	261	2	2	0
10772	0	2	0	4	3	1	0	502	548	1	2	1
10773	1	3	0	3	3	0	2	502	43	2	2	0
10774	1	0	0	1	3	0	0	125	543	2	2	0
10775	0	0	0	2	3	0	3	391	637	2	2	0
10776	4	1	0	2	3	0	3	324	543	1	2	0
10777	14	0	0	1	0	0	0	218	241	1	2	0
10778	1	3	0	1	3	0	2	370	241	2	1	1
10779	0	1	0	1	3	0	1	391	3	2	2	0
10780	14	0	0	1	0	0	0	370	41	2	2	0
10781	5	2	0	3	3	0	3	414	317	2	2	0
10782	1	6	0	3	3	0	2	4	543	1	0	0
10783	1	1	0	1	3	0	0	478	124	2	2	0
10784	18	5	1	2	1	0	2	502	289	2	2	0
10785	3	0	0	3	3	0	2	419	606	3	0	1
10786	2	6	0	4	0	1	1	478	226	2	2	0
10787	0	0	0	3	3	0	2	357	43	2	2	0
10788	0	0	0	2	0	0	0	30	241	2	2	0
10789	21	6	1	1	3	0	2	474	587	1	2	0
10790	20	1	0	2	3	0	2	81	543	1	2	0
10791	2	5	0	3	3	0	2	43	51	2	1	1
10792	16	3	1	1	0	0	2	478	660	2	2	0
10793	12	1	0	2	0	0	0	478	591	2	1	0
10794	15	6	1	4	0	0	2	187	81	1	0	1
10795	0	2	0	3	3	0	2	277	55	2	2	0
10796	14	6	1	1	0	0	2	457	56	1	2	0
10797	1	4	0	2	3	0	0	230	543	2	2	0
10798	19	5	0	1	3	0	2	502	51	2	1	0
10799	14	2	0	1	0	0	3	281	622	2	2	0
10800	18	3	0	3	3	0	0	324	212	3	1	1
10801	2	1	0	4	3	1	1	218	631	2	2	0
10802	12	4	0	3	0	0	2	370	51	2	1	0
10803	11	0	0	3	1	0	0	324	667	2	2	0
10804	6	5	0	2	2	0	3	478	440	2	2	0
10805	17	2	0	1	1	0	3	257	281	2	2	0
10806	1	3	0	3	1	0	0	72	191	1	2	0
10807	21	5	1	1	1	0	2	296	378	2	2	0
10808	0	5	0	4	3	0	2	292	241	1	2	0
10809	3	1	0	3	0	0	3	324	241	2	1	1
10810	6	1	0	2	0	0	3	314	214	1	2	0
10811	18	1	0	2	1	0	0	521	147	2	2	0
10812	15	0	0	3	0	0	2	60	81	2	2	1
10813	0	0	0	1	0	0	2	502	309	2	2	0
10814	16	3	0	3	3	0	2	414	520	2	1	1
10815	20	3	0	1	1	0	2	14	550	1	2	0
10816	23	0	0	2	3	0	2	357	3	2	2	0
10817	0	3	0	1	3	0	0	551	317	2	2	0
10818	17	4	0	2	1	0	3	370	388	1	2	0
10819	22	0	0	2	3	0	2	302	543	2	2	0
10820	19	3	0	1	1	0	3	457	543	1	2	0
10821	23	1	0	1	3	0	0	391	487	2	2	0
10822	16	0	0	3	1	0	3	478	672	2	2	0
10823	16	5	1	1	0	0	2	179	294	2	2	0
10824	16	1	0	2	0	0	2	199	186	2	2	0
10825	15	3	0	3	3	0	0	157	496	2	2	0
10826	0	1	0	3	3	0	2	463	317	2	2	0
10827	17	3	0	1	1	1	0	341	34	1	2	0
10828	2	0	0	4	3	0	2	370	340	4	1	1
10829	17	4	0	3	1	0	2	532	322	2	2	0
10830	23	5	0	3	3	0	3	227	543	2	1	1
10831	16	2	0	1	1	0	1	357	281	2	2	0
10832	18	0	0	1	1	0	2	107	355	2	2	0
10833	0	2	0	2	3	0	3	218	284	2	2	0
10834	15	2	0	3	0	1	0	218	543	1	2	1
10835	1	5	1	4	3	0	3	324	543	2	2	0
10836	3	3	0	1	0	0	1	125	196	4	2	0
10837	19	6	1	2	1	0	2	419	637	2	2	0
10838	0	3	0	4	1	0	2	130	238	2	2	0
10839	16	4	0	3	1	0	2	293	543	1	2	0
10840	21	4	0	1	3	0	0	328	214	2	2	0
10841	0	4	0	2	3	0	3	374	543	2	0	0
10842	18	0	0	2	1	0	2	125	123	2	2	0
10843	14	0	0	4	0	0	2	26	371	2	2	0
10844	21	2	0	2	3	0	2	502	659	2	1	1
10845	0	6	0	4	3	1	0	125	353	2	2	0
10846	11	4	0	3	0	0	2	93	43	2	2	0
10847	1	2	0	1	3	0	0	149	543	1	2	0
10848	0	6	1	3	3	0	2	502	201	3	2	0
10849	17	2	0	2	1	0	2	416	629	2	2	0
10850	2	1	0	4	3	0	2	370	579	3	2	0
10851	0	5	1	2	3	0	3	125	51	1	1	1
10852	0	2	0	3	0	0	2	328	194	2	2	0
10853	2	0	0	1	0	0	2	496	234	2	2	0
10854	16	6	1	1	0	0	1	257	509	2	2	0
10855	1	2	0	3	3	0	0	125	543	2	2	0
10856	17	1	0	4	1	1	1	414	631	2	2	0
10857	17	0	0	2	1	0	3	502	90	1	2	0
10858	2	1	0	2	3	0	2	502	543	2	0	0
10859	6	2	0	2	0	0	0	125	637	2	2	0
10860	16	3	0	1	0	0	3	370	307	2	2	0
10861	0	3	0	3	3	0	2	478	81	2	2	1
10862	14	5	1	1	3	0	2	267	322	2	2	0
10863	21	1	0	3	3	0	0	82	485	2	2	0
10864	21	6	1	2	3	0	2	416	543	2	2	1
10865	17	2	0	1	3	0	2	478	110	1	2	0
10866	0	2	1	3	3	0	2	4	553	2	1	0
10867	2	0	0	2	3	0	3	328	571	2	1	1
10868	18	0	0	3	1	0	0	125	693	2	2	0
10869	20	1	0	3	1	0	3	414	561	2	2	0
10870	3	0	0	1	3	0	2	338	543	2	2	0
10871	2	1	0	4	3	0	3	370	22	2	2	0
10872	15	4	0	2	0	0	3	302	42	2	2	0
10873	13	6	0	2	0	0	0	460	571	2	2	0
10874	5	1	0	1	3	1	0	296	591	1	1	1
10875	0	3	0	1	3	0	2	383	548	1	0	0
10876	19	5	1	2	0	0	3	463	614	3	1	1
10877	1	0	0	1	3	0	0	432	223	2	1	0
10878	1	3	0	4	3	0	2	216	174	1	2	0
10879	1	1	0	3	0	0	0	414	432	2	2	0
10880	0	5	1	1	3	0	3	532	34	3	2	1
10881	22	5	0	1	3	0	2	324	130	2	1	1
10882	20	5	1	3	1	0	0	370	635	2	2	0
10883	14	0	0	4	1	0	2	271	346	2	2	0
10884	10	3	0	2	2	0	2	260	298	2	2	0
10885	3	0	0	1	3	1	1	370	553	2	1	0
10886	17	3	0	3	1	0	2	314	483	2	2	0
10887	0	1	0	3	3	0	2	414	318	2	2	0
10888	18	2	0	4	3	0	2	125	543	2	2	0
10889	19	6	1	4	1	0	3	502	543	2	1	1
10890	2	5	1	3	0	0	0	406	130	1	2	1
10891	21	2	0	4	3	1	0	324	226	2	2	0
10892	16	5	0	2	0	1	1	370	51	2	1	0
10893	16	5	0	1	0	1	0	510	543	2	1	1
10894	17	3	0	4	1	0	0	61	222	2	2	0
10895	14	3	0	3	0	0	3	95	441	3	2	0
10896	6	3	0	1	1	0	0	125	223	1	2	0
10897	18	5	1	3	3	0	0	328	51	1	1	1
10898	16	6	1	2	0	1	2	293	147	1	2	0
10899	7	0	0	1	0	1	1	370	51	2	0	0
10900	1	0	0	1	3	0	2	324	543	1	2	0
10901	0	6	0	2	3	0	2	419	130	1	2	1
10902	13	1	0	1	0	1	0	414	222	2	2	0
10903	3	4	0	3	3	0	2	425	309	2	2	0
10904	0	6	0	1	3	0	2	303	340	3	1	1
10905	3	0	0	1	1	0	3	48	324	2	2	0
10906	20	0	0	3	1	0	0	37	55	2	2	0
10907	17	1	0	1	3	1	0	449	241	2	2	0
10908	11	0	0	2	0	0	3	521	42	2	2	0
10909	18	6	0	3	1	0	2	324	585	2	1	1
10910	18	1	0	2	3	0	3	328	543	2	2	0
10911	15	1	0	1	0	1	0	502	644	2	2	0
10912	13	3	0	3	0	0	2	324	3	2	2	0
10913	0	0	0	1	3	0	2	531	676	2	2	0
10914	22	3	0	3	3	0	2	419	238	2	2	0
10915	17	4	0	1	3	0	2	370	548	1	2	1
10916	1	2	0	1	1	0	0	149	294	2	2	0
10917	17	0	0	4	1	0	1	416	304	2	2	0
10918	15	5	0	2	0	0	2	280	130	2	2	0
10919	0	3	0	3	3	0	2	370	543	2	2	0
10920	1	3	0	2	3	0	2	88	543	2	2	1
10921	2	2	0	2	3	0	0	226	660	2	2	0
10922	19	5	0	2	1	0	3	293	378	2	2	0
10923	15	0	0	4	0	0	3	159	280	2	2	0
10924	16	6	0	3	3	0	0	72	543	2	2	1
10925	14	1	0	2	1	1	0	370	543	3	1	1
10926	13	1	0	1	0	0	2	478	567	2	2	0
10927	12	2	0	4	0	1	1	149	336	2	2	0
10928	2	2	0	1	3	0	2	224	543	2	2	0
10929	3	3	0	1	3	0	2	230	94	1	2	0
10930	12	4	1	2	0	0	0	463	583	1	2	0
10931	16	6	0	3	3	0	1	328	241	2	2	0
10932	17	0	0	2	3	0	2	372	625	2	2	0
10933	13	1	0	1	0	0	2	478	294	2	2	0
10934	14	0	0	2	0	1	0	328	543	2	2	0
10935	14	0	0	1	3	1	0	327	299	2	2	0
10936	0	0	0	2	0	0	3	125	494	2	2	0
10937	0	5	0	1	3	0	2	419	55	2	2	0
10938	2	3	0	1	3	0	0	203	49	1	2	0
10939	23	6	0	2	3	0	2	530	487	2	2	0
10940	21	3	0	3	3	0	2	370	188	2	2	0
10941	19	1	0	3	1	0	3	419	186	2	2	0
10942	2	3	0	3	3	0	2	328	214	2	1	0
10943	0	1	0	1	0	0	1	328	606	2	2	0
10944	15	0	0	2	0	0	0	450	186	2	2	0
10945	14	6	1	2	0	0	2	438	50	2	2	0
10946	23	6	0	4	3	0	2	502	543	2	0	1
10947	0	6	0	4	3	0	2	384	543	3	2	0
10948	20	2	0	3	1	0	3	497	661	2	2	0
10949	19	2	0	1	1	0	3	452	283	3	2	0
10950	3	3	0	1	3	0	0	43	73	2	2	0
10951	18	6	1	3	1	1	0	26	51	2	2	0
10952	23	6	1	1	3	0	1	502	340	2	1	1
10953	4	3	0	2	1	0	0	37	543	1	2	0
10954	22	2	0	2	3	1	1	73	241	2	2	0
10955	0	0	0	3	3	0	0	159	241	1	2	0
10956	0	5	0	2	3	0	3	398	340	2	0	1
10957	17	2	0	2	1	0	0	370	543	1	2	1
10958	2	3	0	1	3	1	0	81	16	1	1	1
10959	15	1	0	2	0	0	0	71	571	2	2	0
10960	1	3	0	4	3	0	2	246	214	2	2	0
10961	0	1	0	2	3	0	3	370	571	2	2	0
10962	16	0	0	1	0	0	2	502	482	2	2	0
10963	15	2	0	1	3	0	0	324	81	1	2	0
10964	18	3	0	4	1	0	2	61	346	2	2	0
10965	1	5	0	1	3	0	1	186	543	1	2	0
10966	0	1	0	1	3	0	2	419	512	2	2	0
10967	0	0	0	1	3	0	3	419	378	2	2	0
10968	1	5	0	1	3	0	2	81	1	2	2	0
10969	23	6	0	1	3	0	3	478	401	1	2	1
10970	23	2	0	3	3	0	1	414	257	2	2	0
10971	9	1	0	1	0	0	2	398	89	2	2	0
10972	0	0	0	3	3	0	2	502	57	2	1	1
10973	22	4	0	3	3	0	3	478	309	2	2	0
10974	12	1	0	2	0	0	2	370	507	2	2	0
10975	0	3	0	1	3	0	2	218	591	2	0	1
10976	0	6	1	3	3	0	1	414	130	1	2	1
10977	0	1	0	4	3	0	2	419	241	1	2	0
10978	21	2	0	3	3	0	3	72	55	2	2	0
10979	20	6	0	1	3	0	2	328	553	2	1	0
10980	18	6	0	3	3	0	2	398	432	1	0	1
10981	0	3	0	3	0	0	2	370	693	3	2	0
10982	12	3	0	2	3	0	2	139	432	2	1	1
10983	0	0	0	4	3	0	0	159	393	2	2	0
10984	17	0	0	3	1	0	2	414	239	2	2	0
10985	15	2	0	3	0	0	3	218	661	2	2	0
10986	13	0	0	1	0	0	3	227	317	2	2	0
10987	21	0	0	2	3	0	2	196	487	2	2	0
10988	0	0	0	1	3	0	2	551	543	1	2	0
10989	6	1	0	3	0	0	2	125	241	1	2	0
10990	19	2	0	2	1	0	3	218	393	2	2	0
10991	2	3	0	2	3	0	2	176	520	2	1	0
10992	1	6	1	2	3	1	1	414	309	2	2	0
10993	15	1	0	2	0	0	0	416	381	2	2	0
10994	14	4	0	4	0	0	3	502	126	2	2	0
10995	12	2	0	1	0	0	3	180	471	2	2	0
10996	15	2	0	2	0	0	1	550	639	2	2	0
10997	2	3	0	1	0	0	2	398	661	2	2	0
10998	0	6	0	3	3	0	0	444	273	2	2	0
10999	16	5	0	2	3	0	3	181	16	2	1	0
11000	3	1	0	3	0	0	2	478	186	2	2	0
11001	17	0	0	2	1	0	2	414	94	1	2	1
11002	4	6	1	2	0	0	3	502	3	2	2	0
11003	18	2	0	1	3	0	3	478	267	2	2	1
11004	18	2	0	1	1	0	0	478	214	2	2	0
11005	0	3	0	1	3	0	0	114	43	2	2	0
11006	20	0	0	1	1	1	1	391	43	2	2	0
11007	21	2	0	1	3	0	1	414	485	2	2	0
11008	2	0	0	3	0	0	0	45	317	2	2	0
11009	17	3	0	2	1	0	2	163	3	2	2	0
11010	19	1	0	2	1	0	3	357	629	2	2	0
11011	0	0	0	4	3	0	0	510	533	2	2	0
11012	20	1	0	2	3	0	0	518	241	2	2	0
11013	18	1	0	2	0	0	2	370	479	2	2	0
11014	19	1	0	4	1	1	0	143	530	2	2	0
11015	4	3	0	1	3	1	1	125	3	2	2	0
11016	23	0	0	4	3	0	3	532	359	2	2	0
11017	21	0	0	3	3	0	2	13	223	1	2	0
11018	0	3	0	1	3	0	0	414	145	2	2	0
11019	14	4	0	3	0	0	3	48	318	2	2	0
11020	1	4	0	4	3	0	3	296	506	2	2	0
11021	15	3	0	4	0	1	1	53	505	2	2	0
11022	20	1	0	2	1	0	3	293	642	2	2	0
11023	14	0	0	1	0	0	1	149	43	2	2	0
11024	16	1	0	2	0	0	2	502	196	1	2	0
11025	23	3	0	1	3	0	2	342	571	2	2	0
11026	14	0	0	1	0	0	3	203	364	1	2	0
11027	0	2	0	3	3	0	3	478	55	2	2	0
11028	14	4	0	3	0	0	0	370	550	2	2	1
11029	0	6	1	3	3	0	3	391	391	2	2	0
11030	0	2	0	1	3	0	0	478	548	2	1	1
11031	13	2	0	2	1	1	0	485	543	1	0	0
11032	0	3	0	1	0	0	2	478	675	2	2	0
11033	22	1	0	2	3	0	0	502	377	2	2	0
11034	16	1	0	1	0	1	1	227	123	2	1	0
11035	20	3	0	2	1	0	3	324	451	2	2	0
11036	3	0	0	2	3	0	0	218	571	2	2	0
11037	13	2	0	2	0	1	0	185	550	2	2	0
11038	21	1	0	2	3	1	1	388	298	2	2	0
11039	20	2	0	3	1	1	0	370	217	2	2	0
11040	2	0	0	2	3	0	2	414	43	2	2	0
11041	22	2	0	1	3	0	2	324	64	2	2	0
11042	0	4	0	2	3	0	1	125	591	2	1	1
11043	20	0	0	3	3	0	3	328	55	2	2	0
11044	21	1	0	2	3	0	2	328	426	2	2	0
11045	18	6	1	1	1	1	1	31	43	2	2	0
11046	2	1	0	1	3	0	2	37	243	1	0	0
11047	16	5	0	1	3	0	3	478	599	1	2	1
11048	17	5	0	2	3	0	3	226	543	1	0	0
11049	1	3	0	3	3	0	0	334	543	1	2	0
11050	0	0	0	2	3	0	1	296	130	1	2	1
11051	16	5	1	1	0	1	1	218	3	2	2	0
11052	16	0	0	2	0	0	2	414	55	2	2	0
11053	22	0	0	2	3	1	1	483	317	1	2	0
11054	0	0	0	1	0	0	2	324	399	2	2	0
11055	0	6	1	1	3	0	0	414	51	1	1	1
11056	21	3	0	2	3	0	2	370	214	1	2	0
11057	3	2	0	1	0	1	0	328	379	2	1	0
11058	0	0	0	1	3	0	2	341	234	2	2	0
11059	19	4	0	2	1	0	3	324	512	2	2	0
11060	3	3	0	1	0	0	0	556	180	2	2	0
11061	15	2	0	1	0	0	2	391	426	2	2	0
11062	16	0	0	2	3	0	2	154	401	2	2	1
11063	19	1	0	2	1	0	2	425	543	1	2	1
11064	0	4	0	2	3	1	0	478	273	2	2	0
11065	18	1	0	1	1	0	2	478	46	1	2	0
11066	1	0	0	3	3	0	2	391	3	2	2	0
11067	1	6	1	1	3	0	1	175	130	1	2	0
11068	17	0	0	2	1	0	1	328	32	3	2	0
11069	16	6	1	2	0	0	0	547	543	2	2	0
11070	17	4	0	1	3	0	0	370	241	2	2	0
11071	3	4	0	1	2	0	3	457	15	4	1	0
11072	19	4	0	3	1	0	2	159	496	1	0	1
11073	1	1	0	3	3	0	3	391	309	2	2	0
11074	1	5	0	4	3	0	0	391	346	2	2	0
11075	1	6	0	3	3	0	2	32	543	1	2	0
11076	6	0	0	1	1	0	2	419	4	2	2	0
11077	0	4	0	3	3	0	3	478	652	2	2	0
11078	1	2	0	2	3	0	2	224	543	2	2	0
11079	0	3	0	4	3	1	1	218	543	2	2	0
11080	2	1	0	1	2	0	2	551	543	2	2	0
11081	3	5	1	3	3	0	3	391	478	2	1	0
11082	23	0	0	3	3	0	3	448	550	1	2	1
11083	3	3	0	2	3	0	0	125	496	2	1	0
11084	4	0	0	1	0	0	3	478	294	2	2	0
11085	2	5	0	2	1	0	3	502	105	2	2	0
11086	12	0	0	2	0	0	3	521	487	2	2	0
11087	1	0	0	1	0	0	2	324	214	2	2	0
11088	21	4	0	3	3	0	3	391	571	1	2	0
11089	1	2	0	3	1	0	2	368	534	1	2	0
11090	3	2	0	1	3	0	2	502	543	3	1	0
11091	0	0	0	3	3	0	2	179	119	2	0	0
11092	2	3	0	2	0	0	2	296	90	1	2	0
11093	0	2	0	1	3	0	1	478	51	1	1	1
11094	3	1	0	3	1	0	2	391	550	1	2	0
11095	1	5	0	2	0	0	2	218	63	1	2	0
11096	20	3	0	2	1	0	3	370	58	2	0	1
11097	20	0	0	2	1	0	1	78	470	2	2	0
11098	1	1	0	1	3	1	1	296	432	1	1	0
11099	20	2	0	3	3	0	2	370	629	2	2	0
11100	23	0	0	2	3	0	2	478	90	1	2	1
11101	3	1	0	2	0	1	0	484	110	2	2	0
11102	5	0	0	1	3	0	1	324	506	2	2	0
11103	15	4	0	1	0	0	2	327	170	2	2	0
11104	0	4	0	3	3	0	3	305	543	1	2	1
11105	16	5	1	1	0	0	0	370	42	2	2	0
11106	23	6	0	3	3	0	3	370	643	2	2	0
11107	0	6	0	4	3	1	1	125	3	2	2	0
11108	16	6	1	1	0	1	0	568	456	2	2	0
11109	13	2	0	1	0	0	2	114	113	2	2	0
11110	0	0	0	1	3	0	2	226	543	1	2	0
11111	0	4	0	3	1	0	2	37	309	2	2	0
11112	2	0	0	1	3	0	0	478	119	2	1	0
11113	20	4	0	2	3	0	3	324	214	2	2	0
11114	17	3	0	3	3	0	2	370	117	2	2	0
11115	2	4	0	1	0	0	2	423	318	2	2	0
11116	21	4	0	3	3	0	1	37	241	1	2	0
11117	2	1	0	3	3	0	3	414	543	2	1	0
11118	0	2	0	1	3	0	2	405	543	1	2	0
11119	2	5	1	2	3	0	2	218	297	2	2	0
11120	3	1	0	3	3	0	2	125	55	3	2	0
11121	2	1	0	3	0	0	0	37	543	2	2	0
11122	18	3	0	3	3	0	3	370	62	2	2	0
11123	21	1	0	2	3	0	2	185	196	2	2	0
11124	13	5	1	1	0	0	1	226	341	2	1	0
11125	13	0	0	3	0	0	2	324	56	2	2	0
11126	1	3	0	2	0	0	2	368	16	2	1	0
11127	3	0	0	3	3	1	1	527	239	2	2	0
11128	20	6	1	4	1	0	1	370	571	2	2	0
11129	1	1	0	2	3	0	0	165	9	2	2	0
11130	0	5	0	3	3	0	2	72	543	2	2	0
11131	18	1	0	3	1	1	1	478	143	1	2	0
11132	23	2	0	1	3	0	2	370	217	2	2	0
11133	17	5	0	2	1	0	3	370	561	2	2	0
11134	1	0	0	1	3	0	2	533	548	2	1	1
11135	22	6	1	1	3	0	2	370	378	2	2	0
11136	22	0	0	1	3	0	3	326	659	1	2	0
11137	0	0	0	1	0	0	2	282	106	2	2	0
11138	13	1	0	4	0	0	1	289	186	2	2	0
11139	0	3	0	1	3	1	0	125	543	1	2	0
11140	2	6	0	3	3	0	2	324	402	2	1	0
11141	16	2	0	1	1	0	1	478	51	2	1	0
11142	11	3	0	1	1	0	2	461	223	1	2	1
11143	17	2	0	2	1	0	2	416	43	2	2	0
11144	16	2	0	4	0	0	2	230	173	3	2	0
11145	3	6	1	4	3	0	2	370	543	1	2	0
11146	23	6	0	3	3	0	2	324	15	2	1	1
11147	2	3	0	1	3	0	2	81	304	2	2	0
11148	0	2	0	3	3	0	1	103	98	1	2	0
11149	1	3	0	2	0	0	2	293	43	2	2	0
11150	19	2	0	1	1	0	1	199	284	2	2	0
11151	1	6	0	3	3	0	2	296	543	2	1	0
11152	15	0	0	3	3	0	3	370	284	2	2	0
11153	13	5	1	3	0	0	3	355	43	2	2	0
11154	2	1	0	3	3	0	0	478	304	2	2	0
11155	14	4	0	1	0	0	2	502	368	2	2	0
11156	17	4	0	4	3	0	2	125	340	2	0	1
11157	2	0	0	1	0	0	1	208	340	1	0	0
11158	21	2	0	4	3	0	0	461	223	1	2	1
11159	18	3	0	1	3	0	3	419	1	2	2	0
11160	2	1	0	3	1	0	0	302	408	3	2	0
11161	0	2	0	2	3	0	2	149	543	2	0	1
11162	17	5	1	2	1	0	3	194	283	2	2	0
11163	17	1	0	4	1	1	1	70	273	2	2	0
11164	0	5	1	2	3	0	2	566	432	2	1	1
11165	7	0	0	3	0	0	1	414	241	2	2	0
11166	1	0	0	3	0	0	2	56	543	2	2	0
11167	2	0	0	2	3	0	3	398	530	2	2	0
11168	0	2	0	1	3	0	3	185	223	1	2	0
11169	2	0	0	1	0	1	1	24	214	4	2	0
11170	16	5	0	1	1	0	2	334	584	2	2	0
11171	22	5	0	2	3	0	2	105	241	2	2	0
11172	5	2	0	3	3	1	1	416	73	2	2	0
11173	0	0	0	1	3	0	3	478	377	1	1	1
11174	17	4	0	1	1	0	1	328	404	2	2	0
11175	0	0	0	2	3	0	2	218	401	1	2	1
11176	3	5	0	1	3	0	3	450	241	2	2	0
11177	5	4	0	1	3	0	2	391	90	2	2	0
11178	0	6	0	3	3	0	3	478	550	2	1	0
11179	1	2	0	1	0	0	3	136	3	2	2	0
11180	14	0	0	3	0	0	2	376	103	2	2	0
11181	15	6	1	1	0	0	2	478	195	3	2	0
11182	21	2	0	1	3	0	2	179	388	2	2	0
11183	5	4	0	1	1	0	3	275	378	2	2	0
11184	17	0	0	2	1	0	2	370	50	2	2	0
11185	1	5	1	1	3	0	2	502	487	2	2	0
11186	0	6	1	4	3	0	2	305	15	1	2	1
11187	14	0	0	3	0	0	0	478	153	2	2	0
11188	15	6	1	1	0	0	2	391	309	2	2	0
11189	14	0	0	3	0	0	2	463	70	3	1	1
11190	4	0	0	3	0	0	2	502	565	1	2	0
11191	0	6	1	1	3	0	2	225	318	2	2	0
11192	20	4	0	2	1	0	3	502	294	2	2	0
11193	0	0	0	4	0	0	2	370	543	2	2	0
11194	18	0	0	2	1	0	3	280	611	2	2	1
11195	19	0	0	2	1	0	1	513	16	2	2	0
11196	1	6	0	2	3	0	0	370	398	3	2	0
11197	22	3	0	4	3	1	1	414	543	2	1	0
11198	23	2	0	4	3	0	3	37	579	3	2	0
11199	0	6	0	3	3	0	2	370	174	1	2	1
11200	22	0	0	1	3	1	0	114	496	1	0	1
11201	22	3	0	2	3	0	2	328	571	2	2	0
11202	1	3	0	1	3	1	0	185	571	2	2	0
11203	18	3	0	3	1	0	0	450	629	2	2	0
11204	0	1	0	3	3	0	2	551	3	2	2	0
11205	10	0	0	1	0	0	2	246	543	1	2	1
11206	23	3	0	1	3	0	3	324	543	2	2	0
11207	13	3	0	3	0	0	2	391	677	2	2	0
11208	1	4	0	1	1	0	2	454	51	2	0	0
11209	11	5	1	2	3	0	1	267	483	2	2	0
11210	16	2	1	1	0	0	2	116	543	1	1	1
11211	12	0	1	2	0	0	3	480	214	2	2	0
11212	17	3	0	3	1	1	0	370	543	1	2	0
11213	2	0	0	1	0	0	2	370	241	2	0	0
11214	18	0	0	2	1	0	3	478	309	2	2	0
11215	2	6	0	1	3	0	2	218	241	2	1	1
11216	5	5	1	3	3	0	2	419	70	2	2	0
11217	14	1	0	2	1	0	2	450	222	2	2	0
11218	18	1	0	2	1	0	0	26	94	2	2	0
11219	20	2	0	4	3	0	3	102	571	2	2	0
11220	13	5	1	2	0	0	0	230	241	2	2	0
11221	0	3	0	3	3	0	2	159	606	2	0	0
11222	3	0	0	1	0	0	2	502	81	1	2	1
11223	17	0	0	1	3	0	2	419	401	1	0	0
11224	4	3	0	4	3	1	1	125	397	1	2	0
11225	4	0	0	3	3	0	3	93	273	1	2	0
11226	0	3	0	4	3	0	2	500	223	1	2	0
11227	2	3	1	1	3	0	3	274	241	2	2	0
11228	4	0	0	1	3	0	2	502	463	2	2	0
11229	17	3	0	2	1	0	0	289	304	2	2	0
11230	15	5	1	1	0	0	3	108	42	2	2	0
11231	2	4	0	4	3	0	0	146	548	1	2	1
11232	17	4	0	3	1	0	2	370	587	1	2	0
11233	0	4	0	3	3	0	0	478	487	2	2	0
11234	3	1	0	1	0	0	2	359	241	1	2	0
11235	3	0	0	3	3	0	3	330	680	2	2	0
11236	18	1	0	1	1	0	3	218	309	2	2	0
11237	1	1	0	3	0	0	0	324	241	1	2	0
11238	2	2	0	1	1	0	0	502	55	2	2	0
11239	1	5	0	3	3	0	2	218	606	2	0	1
11240	17	6	1	2	1	0	2	207	426	3	2	0
11241	15	3	0	2	0	0	3	432	467	2	2	0
11242	21	0	0	1	3	0	2	37	241	1	2	0
11243	2	0	0	2	3	0	0	183	543	1	0	0
11244	18	0	0	4	1	1	1	159	483	2	2	0
11245	2	3	0	3	0	0	2	370	378	2	2	0
11246	22	4	0	2	3	0	3	502	512	2	2	0
11247	2	6	0	2	3	0	3	34	15	2	1	1
11248	2	6	0	2	3	0	2	324	119	2	1	1
11249	19	2	0	1	1	1	0	125	130	2	2	1
11250	0	4	0	1	3	0	2	125	543	2	1	0
11251	19	1	0	1	0	0	3	28	543	2	2	0
11252	23	0	0	1	0	1	1	149	496	1	2	0
11253	2	0	0	2	3	0	3	293	322	1	2	1
11254	4	4	0	1	3	0	2	391	543	2	0	0
11255	1	1	0	2	0	0	2	478	543	1	2	0
11256	4	1	0	4	3	0	2	391	3	2	2	0
11257	18	6	1	3	1	0	2	502	678	2	2	0
11258	15	6	0	1	3	0	3	93	115	2	2	0
11259	8	1	0	1	0	0	1	478	570	3	2	0
11260	2	0	0	1	3	0	2	37	571	1	2	0
11261	2	3	0	1	3	0	3	502	659	1	2	1
11262	17	0	0	2	1	0	2	550	309	2	2	0
11263	1	0	0	2	3	0	3	179	432	1	0	1
11264	14	4	0	2	0	0	2	324	388	2	2	0
11265	7	6	1	3	2	0	0	37	432	1	1	1
11266	4	0	0	1	3	0	0	502	610	1	2	0
11267	14	2	0	4	0	0	2	502	309	2	2	0
11268	0	0	0	4	3	0	0	7	550	2	1	1
11269	3	2	0	2	1	0	0	448	3	2	2	0
11270	23	6	0	1	3	1	1	292	543	1	2	0
11271	19	2	0	2	1	0	3	463	283	2	2	0
11272	0	1	0	4	0	0	0	370	202	2	2	0
11273	19	2	0	4	1	0	2	227	167	3	2	0
11274	15	1	0	1	0	0	2	324	378	2	2	0
11275	21	3	0	3	3	1	0	419	528	2	2	0
11276	9	1	0	4	1	1	0	186	561	2	2	0
11277	0	0	0	2	3	0	2	403	543	2	1	0
11278	4	2	0	2	3	0	1	125	571	3	2	0
11279	20	1	0	3	1	1	1	37	32	2	2	0
11280	14	0	0	3	0	0	1	81	487	2	2	0
11281	19	3	0	2	1	0	2	391	543	1	2	1
11282	17	5	1	3	1	0	2	267	378	4	2	0
11283	19	1	0	1	1	0	2	142	689	2	2	0
11284	3	2	0	1	3	0	1	328	241	2	1	1
11285	18	4	0	1	3	0	0	391	3	2	2	0
11286	15	0	0	1	3	0	2	180	214	2	2	0
11287	12	3	0	3	0	0	0	324	3	2	2	0
11288	13	2	0	1	1	1	0	478	550	1	2	0
11289	0	1	0	2	3	0	3	370	532	2	2	0
11290	0	2	0	1	3	0	3	324	55	2	2	0
11291	3	3	0	1	2	0	0	502	629	2	2	0
11292	21	4	0	1	3	0	0	218	51	2	1	1
11293	1	5	0	4	3	1	1	125	571	2	2	0
11294	0	5	1	2	3	0	3	277	548	2	1	1
11295	5	2	0	2	3	0	2	391	200	2	2	0
11296	22	2	0	2	1	0	3	370	571	2	2	0
11297	14	2	0	2	0	0	1	326	571	2	2	0
11298	18	1	0	2	1	0	1	30	142	2	2	0
11299	15	0	0	3	0	0	2	56	408	2	2	0
11300	15	1	0	2	0	0	0	478	130	2	2	1
11301	2	4	0	3	3	0	2	414	318	2	2	0
11302	15	6	0	3	3	0	2	307	543	2	2	0
11303	0	2	0	2	0	0	3	478	407	2	2	0
11304	0	2	0	1	3	0	0	370	123	1	2	0
11305	1	3	0	3	3	0	2	125	543	2	1	1
11306	0	6	0	2	3	0	2	111	543	2	2	0
11307	17	6	0	3	1	0	2	140	232	2	1	0
11308	20	3	0	3	1	0	3	30	441	2	2	0
11309	15	1	0	3	0	0	1	365	142	2	2	0
11310	3	6	0	1	3	0	0	419	606	2	0	0
11311	0	0	0	1	0	0	2	341	543	1	2	0
11312	16	4	0	3	0	0	2	69	496	1	2	1
11313	17	6	1	4	1	0	0	245	543	1	2	0
11314	16	3	0	4	0	0	2	45	571	1	2	0
11315	10	0	0	3	1	0	0	419	28	1	2	0
11316	18	2	0	2	3	0	2	218	324	2	1	0
11317	1	6	0	2	3	0	2	350	543	2	1	1
11318	1	6	0	2	3	0	2	370	214	3	2	0
11319	1	5	0	1	3	0	3	419	3	2	2	0
11320	2	1	0	2	3	0	2	146	550	1	2	0
11321	22	2	0	3	3	0	3	330	143	2	2	0
11322	1	0	0	2	3	0	2	502	3	2	2	0
11323	20	1	0	4	1	1	0	370	169	1	0	0
11324	16	0	0	1	3	1	1	370	513	2	2	0
11325	19	3	0	2	1	0	2	391	543	1	2	1
11326	13	5	1	3	0	1	0	14	426	1	2	0
11327	22	4	0	4	3	0	2	370	543	1	2	0
11328	4	0	0	3	0	0	0	374	234	2	2	0
11329	17	5	1	3	1	0	3	391	15	2	2	1
11330	0	2	0	4	3	0	3	269	598	2	1	1
11331	23	2	0	2	3	0	3	414	236	2	2	0
11332	17	5	1	4	1	0	2	521	288	2	2	0
11333	7	4	0	1	1	0	0	478	543	1	0	0
11334	2	4	0	1	3	1	0	61	322	1	2	0
11335	21	2	0	1	3	0	2	502	43	2	2	0
11336	16	0	0	4	0	0	1	370	616	2	2	0
11337	17	2	0	3	1	0	3	145	401	1	2	1
11338	0	1	0	1	3	0	1	125	571	3	2	0
11339	17	6	1	2	1	0	3	89	142	2	2	0
11340	1	1	0	4	0	0	2	530	283	2	2	0
11341	1	5	0	2	3	0	2	324	81	1	2	0
11342	18	2	0	1	3	0	2	398	34	2	1	0
11343	2	2	0	1	1	0	3	140	543	1	2	0
11344	0	6	1	2	3	0	2	502	426	2	2	0
11345	2	6	0	2	3	0	2	328	553	2	1	1
11346	4	3	0	3	3	0	0	502	174	1	2	0
11347	22	0	0	2	1	0	2	414	571	2	2	0
11348	17	3	0	1	1	0	0	478	543	1	2	0
11349	4	4	0	3	1	0	2	316	309	2	2	0
11350	19	5	0	1	3	0	2	125	606	2	0	0
11351	9	0	0	3	0	1	1	218	432	2	1	1
11352	13	5	1	2	0	0	3	310	309	2	2	0
11353	0	1	0	2	3	0	2	502	186	2	2	0
11354	19	1	0	2	1	0	2	530	543	1	2	1
11355	4	2	0	3	1	0	3	370	459	2	2	0
11356	22	0	0	3	3	0	3	45	512	3	2	0
11357	5	4	0	1	3	0	0	370	140	2	2	0
11358	3	1	0	1	1	0	3	437	162	2	2	0
11359	21	1	0	3	3	0	2	80	340	2	2	0
11360	21	3	0	3	3	0	2	416	543	1	2	0
11361	19	1	0	3	1	0	0	370	543	1	2	0
11362	18	0	0	3	3	0	0	414	543	2	1	0
11363	6	6	0	4	3	0	2	391	33	2	1	0
11364	4	0	0	4	3	0	0	414	3	2	2	0
11365	15	1	0	1	0	0	2	0	61	2	2	0
11366	17	4	0	1	1	0	3	502	378	2	2	0
11367	0	0	0	1	3	0	0	370	15	2	2	0
11368	0	6	0	2	3	0	2	216	550	2	1	1
11369	23	1	0	3	3	0	3	461	51	1	1	1
11370	16	3	0	4	0	0	2	502	309	2	2	0
11371	1	0	0	1	3	0	3	328	214	2	2	0
11372	19	3	0	2	1	0	2	139	55	2	2	0
11373	0	5	1	1	3	1	1	370	114	2	2	0
11374	17	3	0	2	3	0	0	125	130	2	2	1
11375	14	1	0	2	0	0	3	303	382	2	2	0
11376	1	2	0	2	1	0	2	530	238	4	2	0
11377	0	1	0	1	3	0	2	257	294	2	2	0
11378	16	3	0	1	0	0	0	527	55	2	2	0
11379	22	6	0	3	3	0	3	419	553	2	1	1
11380	1	3	0	3	3	0	2	202	585	2	1	1
11381	16	1	0	2	0	1	0	414	241	1	2	0
11382	15	0	0	1	0	0	0	218	147	2	2	0
11383	1	4	0	4	3	0	2	101	543	1	2	0
11384	19	0	0	1	1	0	3	125	15	2	0	0
11385	1	0	0	1	3	0	0	328	214	2	2	0
11386	20	0	0	1	0	0	2	107	281	2	2	0
11387	3	0	0	4	3	0	2	391	51	2	1	1
11388	19	4	0	2	1	0	3	125	167	2	2	0
11389	1	0	0	4	3	0	3	332	140	3	2	0
11390	1	4	0	3	3	1	1	276	55	2	2	0
11391	10	2	0	1	0	0	1	139	550	1	2	1
11392	0	2	0	1	3	0	3	0	49	2	2	0
11393	17	1	0	3	1	0	0	156	90	1	2	1
11394	14	1	0	1	0	1	0	198	194	1	2	0
11395	14	1	0	3	0	0	2	547	15	1	2	0
11396	16	0	0	2	0	0	2	45	665	2	2	0
11397	1	1	0	2	0	0	2	414	241	2	2	0
11398	0	3	0	1	3	0	3	230	130	3	2	0
11399	1	1	0	3	0	0	1	252	16	2	1	1
11400	1	4	0	2	3	0	3	124	81	2	2	0
11401	19	5	0	2	1	0	2	324	561	2	2	0
11402	0	5	1	4	3	1	1	478	148	2	2	0
11403	0	0	0	1	3	0	2	330	587	2	2	0
11404	16	4	0	1	0	0	3	419	160	2	2	0
11405	17	2	0	1	1	0	2	463	378	2	2	0
11406	14	4	0	4	0	1	0	478	48	2	2	0
11407	6	3	0	4	3	0	2	502	666	1	2	0
11408	0	6	0	3	3	0	2	229	543	4	1	0
11409	10	6	1	2	2	0	2	463	484	2	2	0
11410	0	0	0	3	3	0	0	268	309	2	2	0
11411	16	1	0	2	1	0	2	310	318	2	2	0
11412	19	0	0	4	1	0	0	370	378	2	2	0
11413	2	0	0	1	3	0	2	478	660	2	1	0
11414	14	3	0	2	0	0	2	116	55	2	2	0
11415	0	0	0	2	3	0	0	502	214	1	2	0
11416	2	1	0	1	0	0	3	384	90	1	2	0
11417	16	4	0	1	0	0	3	391	46	1	2	0
11418	0	0	0	2	3	0	3	218	81	1	0	0
11419	17	6	1	1	1	0	2	81	294	1	2	0
11420	2	2	0	3	3	1	1	61	199	2	2	0
11421	23	0	0	4	3	0	3	478	107	2	2	0
11422	2	5	1	1	3	0	1	257	341	1	2	0
11423	2	2	0	3	1	0	1	324	234	2	2	0
11424	2	6	0	3	3	0	2	432	16	2	1	0
11425	22	0	0	4	3	0	2	324	214	2	2	0
11426	14	0	0	2	0	0	3	218	81	1	2	0
11427	19	2	0	1	1	0	2	125	50	2	2	0
11428	23	1	0	1	3	0	2	370	543	1	2	0
11429	20	5	0	1	1	0	1	370	520	1	1	0
11430	18	5	1	2	1	0	2	502	37	2	2	0
11431	20	1	0	1	1	0	3	457	359	1	2	0
11432	17	0	0	2	3	0	2	419	81	2	0	1
11433	23	0	0	4	3	0	2	461	606	2	2	0
11434	14	0	0	1	0	1	1	478	435	2	2	0
11435	1	0	0	1	3	1	1	125	57	2	2	0
11436	19	2	0	2	1	0	3	419	304	3	2	0
11437	16	6	0	1	0	0	0	370	432	1	1	1
11438	16	0	0	4	3	0	3	227	401	2	1	0
11439	20	1	0	2	3	0	0	218	81	2	1	0
11440	16	3	0	1	0	0	2	463	680	2	2	0
11441	22	6	1	1	3	1	0	370	241	2	2	0
11442	1	1	0	1	3	0	0	324	123	1	2	0
11443	1	6	0	3	3	0	2	391	81	2	1	0
11444	16	5	1	1	0	1	1	370	241	2	2	1
11445	20	1	0	1	1	0	2	246	629	2	2	0
11446	15	2	0	4	0	1	1	175	575	2	2	0
11447	0	2	0	1	3	0	2	480	340	1	2	0
11448	20	5	1	4	1	0	0	326	214	2	2	0
11449	19	3	0	2	0	0	2	339	110	1	2	1
11450	15	2	0	2	1	0	2	370	496	1	2	0
